point_id,frame,x,y
0,0,266.289617864882,282.9607983064801
0,1,266.3316581560535,283.01165385568413
0,2,266.3845056450936,283.0770785824511
0,3,266.4436322656419,283.1510258225585
0,4,266.50095294122156,283.2233048481188
0,5,266.55100555606725,283.2876243434142
0,6,266.59219387043805,283.33930952031045
0,7,266.6276182033539,283.37479384915827
0,8,266.65861564468617,283.38945423344086
0,9,266.6847214940774,283.3795184111209
0,10,266.70498775455485,283.33920624420495
0,11,266.71957013446377,283.2695057404841
0,12,266.72884110225584,283.1814014811616
0,13,266.73286787003764,283.0882349832135
0,14,266.730838636243,282.9965704155943
0,15,266.7245429963496,282.91595913822795
0,16,266.716557811624,282.8546931302523
0,17,266.7084807347233,282.8132541126006
0,18,266.70236154120647,282.79002213617525
0,19,266.70251783063327,282.78759497112185
0,20,266.71270431027966,282.80719220423157
0,21,266.7331064443757,282.8461890518465
0,22,266.7622459796418,282.9008350939834
0,23,266.7971261118864,282.96814279680154
0,24,266.83091776387687,283.04571337609565
0,25,266.853556648917,283.12885475133567
0,26,266.8594432362971,283.21529913522596
0,27,266.84816192997494,283.30536862186443
0,28,266.82247131347685,283.3971328920096
0,29,266.78778074643196,283.4842956043472
0,30,266.7520861602618,283.5615859341956
0,31,266.72316801793295,283.6233233629559
0,32,266.70560078258245,283.66382652914086
0,33,266.6996245026042,283.680958867908
0,34,266.70440972815913,283.67862884228697
0,35,266.71961688987767,283.66449945372744
0,36,266.74277303744464,283.64939828600205
0,37,266.76980000291417,283.6459152737002
0,38,266.7993189507815,283.662373601801
0,39,266.8290737443916,283.7026985671423
0,40,266.85353249632124,283.76550717374545
0,41,266.8672185647884,283.84100645133003
0,42,266.869026056359,283.9156280568992
0,43,266.8616839544406,283.979952484982
0,44,266.85213016295063,284.0269857831876
0,45,266.8484797264152,284.0546121663979
0,46,266.8574321446591,284.0681547841174
0,47,266.880774129347,284.073621844278
0,48,266.91321078338365,284.0747808247102
0,49,266.9452500916652,284.07410852320504
0,50,266.97048869806025,284.06994915705485
0,51,266.98522618715714,284.0587755105731
0,52,266.98645916908293,284.0392910048664
0,53,266.97332585850313,284.0108667817494
0,54,266.9483981328314,283.9744256104668
0,55,266.9165199386723,283.93493903790477
0,56,266.88495026317867,283.899039405054
0,57,266.8610468614026,283.8725084127851
0,58,266.8510565515493,283.8620240274197
0,59,266.85632800531687,283.87143666674064
0,60,266.8700489600627,283.8993586062661
0,61,266.88069822303373,283.93987532841874
0,62,266.88247439392575,283.9870059617995
0,63,266.8742702081696,284.0313645118203
0,64,266.85785657463964,284.0646065502427
0,65,266.83854551668117,284.08287240276263
0,66,266.8231171944524,284.08768941345596
0,67,266.8149276772651,284.0824670227566
0,68,266.81552410406874,284.0755056716263
0,69,266.8248176540222,284.0745547192466
0,70,266.84276065792096,284.08477245899485
0,71,266.86899097200916,284.1069960152294
0,72,266.899280373352,284.138798878472
0,73,266.925993981598,284.173309775402
0,74,266.9440205363741,284.2070147834373
0,75,266.9499270464598,284.23762105942035
0,76,266.94141285711396,284.2630212173517
0,77,266.92029657026745,284.2802452738394
0,78,266.89256401172105,284.28797744182174
0,79,266.8676736949305,284.28316036731826
0,80,266.85708831879094,284.263865850129
0,81,266.86854423569156,284.23216514671805
0,82,266.90562972133296,284.1940759498082
0,83,266.96657992545124,284.15646476924223
0,84,267.0393734273265,284.1243210275414
0,85,267.1045765151475,284.09976112381116
0,86,267.14858723819697,284.08138549598954
0,87,267.1639058402437,284.0647958162004
0,88,267.1489491904093,284.0440591775358
0,89,267.11075632485455,284.01546643688687
0,90,267.0615888003691,283.9785603051835
0,91,267.0110332531477,283.93470083111987
0,92,266.9652627504088,283.88906567150576
0,93,266.9265635445157,283.8514489739969
0,94,266.8920449106435,283.8301641081897
0,95,266.8579199037806,283.8298533843597
0,96,266.82208619234535,283.852141193853
0,97,266.78387858566174,283.891166304262
0,98,266.7469730638124,283.9326684260196
0,99,266.7195062057545,283.96500775662753
0,100,266.7073724250976,283.98126340564073
0,101,266.709853527288,283.97748111476545
0,102,266.7240340181784,283.9561013635936
0,103,266.7443563120567,283.92448916448205
0,104,266.76412194070036,283.88539842557765
0,105,266.77937813078813,283.8391461443373
0,106,266.79246523336184,283.78768151717395
0,107,266.8071901529629,283.7329831287766
0,108,266.82469336546285,283.6757236422318
0,109,266.8431754879198,283.6192041839032
0,110,266.8608568715003,283.5653869124664
0,111,266.87492113155645,283.5135815298967
0,112,266.88102255803994,283.461133978865
0,113,266.87773019331496,283.4102351535165
0,114,266.8670050550312,283.3682325214484
0,115,266.85136948800476,283.346011352771
0,116,266.8343750183942,283.3532664174085
0,117,266.82010993728954,283.3956015993453
0,118,266.8113299655845,283.46930998242505
0,119,266.80780323248837,283.560306320256
0,120,266.8069360977843,283.64971518324666
0,121,266.8043393117934,283.7205758897532
0,122,266.79738480707164,283.76205303395255
0,123,266.7851299372414,283.77035672199696
0,124,266.76828320886847,283.74941116812926
0,125,266.74874441767076,283.7096913628655
0,126,266.72785658622035,283.6629296137891
0,127,266.70747670435344,283.6205605866494
0,128,266.69002892386936,283.59474880956776
0,129,266.6768082142886,283.5937360475914
0,130,266.6682559273466,283.6164988231965
0,131,266.66476997842415,283.6564656219137
0,132,266.6638678853319,283.70468149860227
0,133,266.6621057416082,283.7503412257935
0,134,266.6597914515598,283.7859405626131
0,135,266.65855174702006,283.8105619515621
0,136,266.6600111415226,283.82708330600826
0,137,266.66464277888394,283.8369188829241
0,138,266.6705383850181,283.83716891348786
0,139,266.67354572648344,283.82157553360315
0,140,266.67123232369045,283.7826253982046
0,141,266.66308669536204,283.7170127179831
0,142,266.6512703163618,283.6278929744832
0,143,266.63977577066413,283.5253992806347
0,144,266.6305571919485,283.4231587427222
0,145,266.62102431425683,283.33592725033566
0,146,266.608067554013,283.2708792425212
0,147,266.58996096073525,283.2288043566918
0,148,266.5667775510772,283.2069914892883
0,149,266.5405380907865,283.1995600632978
0,150,266.5164065069258,283.19866493650045
0,151,266.5010899554245,283.20144227909327
0,152,266.50042740109046,283.2086660733462
0,153,266.5148245627624,283.22127922351797
0,154,266.5415829515934,283.2414453195484
0,155,266.5766014774164,283.2706592248521
0,156,266.61285127892234,283.30886436376846
0,157,266.6420927436193,283.35620844617296
0,158,266.66242807419064,283.41069548928834
0,159,266.6765817231777,283.4660931822749
0,160,266.6859583938084,283.5133779895753
0,161,266.69033562818504,283.5405413032896
0,162,266.6892674757229,283.5354802575945
0,163,266.68132688104623,283.4956385874186
0,164,266.6659140047407,283.4294391998302
0,165,266.6458405776954,283.3530295792199
0,166,266.62643533421203,283.2864174839319
0,167,266.6125156236755,283.2442444255109
0,168,266.60599755809415,283.2299088984764
0,169,266.6043251787797,283.236752165417
0,170,266.6038226232977,283.2524496587285
0,171,266.6014290171382,283.26282065207397
0,172,266.59556720983005,283.25929880543544
0,173,266.5857511489324,283.23984468547104
0,174,266.5738632416689,283.20837901438534
0,175,266.56319309263284,283.174978648294
0,176,266.55959433703583,283.15264749244056
0,177,266.5674389814612,283.1484327482017
0,178,266.5911762074741,283.1667057516686
0,179,266.6324195106466,283.2083236190974
0,180,266.6869465276958,283.26638291188465
0,181,266.7425437711389,283.32761007878827
0,182,266.78992315155557,283.3893223158169
0,183,266.82103509543936,283.4493493098563
0,184,266.83227943604936,283.5051704180993
0,185,266.82501499270415,283.5551316717337
0,186,266.80653402556464,283.60123655453214
0,187,266.7813717111148,283.6322498558826
0,188,266.75314798433493,283.6339306220929
0,189,266.7227630368208,283.5966095987659
0,190,266.69072316269006,283.5206176589082
0,191,266.65726070532645,283.41526791547244
0,192,266.62422235856593,283.3018728591572
0,193,266.59299932304555,283.20317761212107
0,194,266.5656801288653,283.13599111713523
0,195,266.5446541216512,283.10752605325604
0,196,266.53152553518504,283.11109794152014
0,197,266.5271015053261,283.13333194854005
0,198,266.53168016593867,283.1642552979337
0,199,266.5458732786381,283.1957608639745
0,200,266.57004496522376,283.2210072994158
0,201,266.602699395531,283.23953521305947
0,202,266.6409696414739,283.25318499538133
0,203,266.68183452226646,283.2630551115175
0,204,266.72005177680734,283.27424188672046
0,205,266.748989962695,283.2929968693523
0,206,266.76573432806407,283.3225778592509
0,207,266.7697867457462,283.3612068904648
0,208,266.76164588684634,283.40140315679406
0,209,266.74370680669085,283.431057807907
0,210,266.7205978593379,283.4426779409098
0,211,266.6983816529195,283.43734249327684
0,212,266.6852143887954,283.42356984224756
0,213,266.6872343337022,283.413576074229
0,214,266.7079674688901,283.4199380594005
0,215,266.74732400719677,283.44793844545535
0,216,266.79897536759955,283.49245824523194
0,217,266.85199323407375,283.54583671275657
0,218,266.8996173789612,283.60257806301803
0,219,266.9365396447096,283.6540163234534
0,220,266.9572556344123,283.68859526947693
0,221,266.9578843580372,283.69859461736695
0,222,266.9377811441175,283.6791171673934
0,223,266.89848077169154,283.6288918307401
0,224,266.8490342542796,283.55813339013304
0,225,266.80203770881934,283.48737072481595
0,226,266.7703274952028,283.4370360670233
0,227,266.76178292403097,283.417171976291
0,228,266.77632232973747,283.42628484135287
0,229,266.80394769145454,283.4522653315607
0,230,266.8343064122831,283.4782795266139
0,231,266.85935970191275,283.4894959560527
0,232,266.8745893095744,283.48183419970195
0,233,266.87848884053426,283.4604996707912
0,234,266.873074155559,283.4346259884284
0,235,266.85949765594336,283.41168755854534
0,236,266.8378196349888,283.3938982486839
0,237,266.8092704412292,283.37808929221484
0,238,266.7760392453486,283.359851719722
0,239,266.740853536782,283.3348991697528
0,240,266.7074856940255,283.30181020553323
0,241,266.67999287044125,283.26603906759715
0,242,266.6607591077813,283.2361217511849
0,243,266.6513698708992,283.2172033104866
0,244,266.65169521736505,283.2122785160646
0,245,266.6597895377423,283.2213767886002
0,246,266.67370899006784,283.24047134017263
0,247,266.692615664616,283.2653940245106
0,248,266.7155110295298,283.2946591208433
0,249,266.7403324940169,283.32812390780856
0,250,266.7653440197407,283.3677341200016
0,251,266.7885800429294,283.4147676406248
0,252,266.8070774643316,283.46593342251856
0,253,266.8190437465192,283.5134401126483
0,254,266.82615426130786,283.5500010187424
0,255,266.83019390584343,283.570286219784
0,256,266.8309685012298,283.57396498311635
0,257,266.82615058631245,283.5648551148716
0,258,266.8121008370298,283.5444494136946
0,259,266.7898541662199,283.49365093923325
0,260,266.786038850529,283.3615642951169
0,261,266.85177477704855,283.08777222385373
0,262,267.0463746404128,282.6495192756906
0,263,267.4098853312324,282.08945245761356
0,264,267.9321812106074,281.52799777056237
0,265,268.52026069449454,281.15893664741316
0,266,269.0126085964825,281.1594049242887
0,267,269.2091952402498,281.5676730654359
0,268,268.93509314701237,282.24052677714997
0,269,268.1311069418437,282.9133658533908
0,270,266.9112158455377,283.33143799884476
0,271,265.5371267782251,283.3657318461192
0,272,264.4448911119946,283.18999539923874
0,274,263.38738442734086,282.5560377015211
0,275,263.31935081764885,282.28196221513076
0,276,263.81199870753005,282.4702999994985
0,280,264.7495486165585,282.8052882190998
0,281,264.70106551163417,282.7502411822972
0,284,265.17408161406826,283.32670954837187
0,285,265.41266424243946,283.6193194106247
0,286,265.75688870272194,283.914838531125
0,287,266.03153453202304,283.99842384956884
0,288,266.1852242209569,283.84672434452585
0,289,266.1843875967659,283.52352250468334
0,290,266.0688518283154,283.20153049915604
0,291,265.90882090336595,283.00714308054756
0,292,265.77444025490803,282.99849316287595
0,293,265.7020018018902,283.165993164506
0,294,265.700126531015,283.4124642643936
0,295,265.75289630143993,283.60789120687923
0,296,265.84282393461103,283.7252156588781
0,297,265.9417935223905,283.7975095066433
0,298,266.0206317394712,283.85619393770844
0,299,266.0688542051824,283.93408228024634
0,300,266.0982354598447,284.06157760120493
0,301,266.1044332042082,284.1796219066031
0,302,266.09545248944914,284.22342287256134
0,303,266.1035280163179,284.1884234545362
0,304,266.15037499755374,284.10366102606724
0,305,266.22234491334643,283.98385876614935
0,306,266.30741395338333,283.87130737629775
0,307,266.3829930499639,283.8034778388689
0,308,266.4122813091958,283.78743747305134
0,309,266.3711937144494,283.8075139637086
0,310,266.2686250817496,283.8550826993571
0,311,266.1378413350799,283.9129760406286
0,312,266.0419270658014,283.97423296334006
0,313,266.04011254550926,284.02834784481274
0,314,266.14853324874747,284.0580193620021
0,315,266.3388402772376,284.04697015853844
0,316,266.55959497891575,284.00945796869433
0,317,266.7354896749251,283.9509230624973
0,318,266.80120771913,283.8664845843501
0,319,266.7433913599353,283.76197347463767
0,320,266.5908546397743,283.6512127014082
0,321,266.3853737957681,283.54263273995616
0,322,266.17531410698564,283.438898773257
0,323,266.00442848717313,283.33934364824034
0,324,265.899911417524,283.25434388063553
0,325,265.8778689559958,283.213841897723
0,326,265.94478438913046,283.2283203921744
0,327,266.0913819706419,283.3008434664325
0,328,266.2977960340047,283.44607339693357
0,329,266.52920138351845,283.6667102206468
0,330,266.7370961835419,283.91659414737353
0,331,266.8727907202506,284.1346315073269
0,332,266.90523042427117,284.264021299368
0,333,266.8186855197966,284.2531737177177
0,334,266.62537927498494,284.0750988450345
0,335,266.37020160733744,283.76737008020723
0,336,266.1243699351749,283.4297446582169
0,337,265.9587863573532,283.1806145428126
0,338,265.9268394643041,283.1145731040588
0,339,266.04044336424727,283.2752646832813
0,340,266.26865811945885,283.6421275011718
0,341,266.5484658788073,284.12997707819244
0,342,266.8095367853021,284.62363392638156
0,343,266.993982932542,285.01067416414526
0,344,267.0768975643025,285.19934774252766
0,345,267.06148629527047,285.1427331152088
0,346,266.96914042813563,284.855551789589
0,347,266.8341232229849,284.41052821410585
0,348,266.69935857556277,283.92384002415065
0,349,266.6045139716274,283.5309198074481
0,350,266.58388283793573,283.3338770779854
0,351,266.6608706406577,283.3786875172328
0,352,266.838715742513,283.6453857080906
0,353,267.0946816498652,284.0586202719804
0,354,267.3848220526066,284.5147498097786
0,355,267.65176627335023,284.9190502767524
0,356,267.8382948341273,285.18467359736877
0,357,267.9052010158086,285.25473019020666
0,358,267.8434271344492,285.12052198401744
0,359,267.67714546442784,284.82794258567253
0,360,267.45578762547444,284.4587776254221
0,361,267.241650658383,284.1240478087311
0,362,267.08909981904077,283.92648925751536
0,363,267.0333662255115,283.9326389616194
0,364,267.07952646231945,284.14008511058927
0,365,267.20327450919575,284.48537323632235
0,366,267.3600733945186,284.8737861890462
0,367,267.50051527959477,285.20934803535397
0,368,267.58273030513,285.4053935836007
0,369,267.58783538058765,285.41495669540757
0,370,267.52364349869083,285.2452337105128
0,371,267.41820838882245,284.94037009784364
0,372,267.3144855146614,284.5695292397549
0,373,267.26022465968305,284.2290238689675
0,374,267.2937311073951,284.0049195007174
0,375,267.4358419070951,283.9397913747728
0,376,267.6897725787585,284.03334353381575
0,377,268.04130412605775,284.2586973924665
0,378,268.4510035254097,284.5423645620994
0,379,268.86661320781474,284.79411205571915
0,380,269.23499457164235,284.93316585941574
0,381,269.50910200392207,284.92029912068114
0,382,269.6507369211855,284.717932471215
0,383,269.600783202255,284.2285236008759
0,384,269.39844833389765,283.5258562651214
0,385,269.1778601149904,282.85071290286925
0,386,268.9898714438641,282.34717833860924
0,387,268.9374271076968,282.1818074195845
0,388,269.0379340988086,282.38322143853304
0,389,269.24723861904783,282.8401554537925
0,390,269.46691132252664,283.3181886637289
0,391,269.5521725272806,283.5504740464346
0,392,269.48112865284855,283.48571759649843
0,393,269.33435833697604,283.26103479087163
0,394,269.14434842601156,282.93124169790303
0,395,268.93893641816396,282.52386753235555
0,396,268.73020043215115,282.03171445268225
0,397,268.52043843432244,281.42811078398313
0,398,268.32327450542203,280.7180235532878
0,399,268.17080421639656,279.97851244183204
0,400,268.1037382367619,279.36529370431447
0,401,268.1589580708491,279.06214081464645
0,402,268.33876090323344,279.1837037890555
0,403,268.5986321735748,279.7006050260954
0,404,268.86287667300616,280.4607535233336
0,405,269.06003633373166,281.2429737111414
0,406,269.1440749467771,281.81113007906606
0,407,269.1101423460124,282.0002814660764
0,408,268.9981691859893,281.77577229073586
0,409,268.8716376493171,281.2205433061537
0,410,268.78606450890146,280.4691316977489
0,411,268.7729120384279,279.6815191094679
0,412,268.82838281514057,278.97443495331225
0,413,268.91236087534014,278.41044262166076
0,414,268.9643386679773,277.9830195977234
0,415,268.9191618503431,277.63871866105825
0,416,268.72879284295027,277.3037817467816
0,417,268.3801274318592,276.9365223437495
0,418,267.90183661424,276.5254347141807
0,419,267.3572593524009,276.0844540548751
0,420,266.82369808681005,275.6332385788228
0,421,266.37957320838484,275.19016379654164
0,422,266.08929265485585,274.77098156157444
0,423,265.9905325948773,274.40759222335777
0,424,266.0782267558908,274.15486605085994
0,425,266.31806456727804,274.0822456933377
0,426,266.6526901046064,274.24075264539215
0,427,267.02151015689816,274.64758877858054
0,428,267.37289275568384,275.259352481909
0,429,267.6839804321996,275.99050162200206
0,430,267.9597921848861,276.7430111959265
0,431,268.21647841158955,277.43556524249436
0,432,268.46731108545646,278.0083307517679
0,433,268.722151685859,278.44442916673063
0,434,268.9741044049823,278.74956888440283
0,435,269.1950989596159,278.9357724963257
0,436,269.35241806821114,279.0398542166424
0,437,269.4211341107855,279.1084488846983
0,438,269.38893520292413,279.17192922141413
0,439,269.2744213816374,279.25696664558393
0,440,269.1309156910268,279.42020290634656
0,441,269.02857987987255,279.68651474953174
0,442,269.029849005385,280.052883865779
0,443,269.167414297346,280.50737361792307
0,444,269.4257358363966,281.01536564883577
0,445,269.7411895409155,281.48535246147935
0,446,270.0289310601033,281.83652025414204
0,447,270.2145597864593,282.0441395207401
0,448,270.2543713425593,282.1206943511776
0,449,270.1514873143343,282.1237236021689
0,450,269.9561383591511,282.15208840104816
0,451,269.73834512690627,282.2895752418509
0,452,269.54509116234243,282.5132009138456
0,453,269.39635596228294,282.7370853475723
0,454,269.28406648022883,282.84021916306057
0,455,269.17588822114413,282.70326845237963
0,456,269.0299452694079,282.2583496684754
0,457,268.8225863463084,281.54620263784324
0,458,268.5342304463713,280.6446899082121
0,459,268.1528547985849,279.643711221692
0,460,267.6783848797832,278.62358922467257
0,461,267.11925949899404,277.6120487950062
0,462,266.50719991029536,276.6148982912478
0,463,265.912990813263,275.6783666998327
0,464,265.41291878094,274.85098847139375
0,465,265.0616075853366,274.17527195842825
0,466,264.89379841460084,273.7265268045249
0,467,264.9045465924657,273.5522133855664
0,468,265.04814629989073,273.6346165073322
0,469,265.2692385499144,273.9327873633233
0,470,265.5272250183047,274.3880322032192
0,471,265.7996555695113,274.9132141505488
0,472,266.08299249909305,275.4335720798739
0,473,266.3881717975891,275.9060104750766
0,474,266.72355135770243,276.30430284374705
0,475,267.0976703758372,276.63072283984417
0,476,267.51559528438185,276.9068468426209
0,477,267.9614349280405,277.1314393774423
0,478,268.3986458983304,277.2910218588667
0,479,268.80299183121554,277.41688933330965
0,480,269.1583551177007,277.57172110354765
0,481,269.45258467470575,277.81873806748314
0,482,269.6926219355633,278.21036707194116
0,483,269.8960874575382,278.7361885031474
0,484,270.0673666486966,279.2925418567789
0,485,270.1991528989842,279.72427922813984
0,486,270.278999337113,279.8938261691745
0,487,270.2979125842875,279.74366849307097
0,488,270.2585348558937,279.3406425259619
0,489,270.18030603660003,278.8253348717644
0,490,270.09709615738495,278.3725377486152
0,491,270.04028696549864,278.13977825029923
0,492,270.02539491293345,278.21879902346575
0,493,270.05773632856483,278.6087039314497
0,494,270.11908662590696,279.2340215338176
0,495,270.15703065867905,279.9185861029437
0,496,270.12503736169805,280.4371044535871
0,497,270.0071111463612,280.6075045996752
0,498,269.81746314424686,280.3598264423723
0,499,269.6050515977015,279.7696917704772
0,500,269.4463380193913,279.0618129344105
0,501,269.39776040140225,278.5164386931848
0,502,269.4747422998328,278.3457490211608
0,503,269.64582810232855,278.6081859600235
0,504,269.84755587293904,279.20265945028143
0,505,270.00547888546487,279.90216887403415
0,506,270.06774936480275,280.46362266860865
0,507,270.02515195977213,280.75226075291374
0,508,269.9099702076042,280.7886867623987
0,509,269.7673691928803,280.70390510249524
0,510,269.6303117723024,280.69483063045084
0,511,269.49835264726016,280.9091209794145
0,512,269.3281443356896,281.3548785327774
0,513,269.05864640422345,281.93486884002937
0,514,268.6485221264668,282.51374664156833
0,515,268.1171453878844,283.0002448638023
0,516,267.5605625541247,283.41004830504744
0,517,267.1076307519837,283.8410463011902
0,518,266.8469539311571,284.36723364532776
0,519,266.8067591180595,284.94256276287695
0,521,266.94834727431396,285.81642972385436
0,522,266.97127134902684,286.10253732539536
0,523,266.94839749133996,286.1111286867383
0,524,266.83785199633854,285.7716490308333
0,525,266.6825355055588,285.1766020506083
0,526,266.48343951995486,284.4131315172084
0,527,266.25370454476877,283.5973945257364
0,528,266.01245638932915,282.8511488054702
0,529,265.77576974161383,282.2856117271235
0,530,265.5667967011546,281.97406910313344
0,531,265.4286310787491,281.94179339060395
0,532,265.4075041441995,282.18847289817234
0,533,265.53522020767497,282.70346018762075
0,534,265.8068804168828,283.41534321623357
0,535,266.18263433294044,284.2289529531616
0,536,266.6150115362036,285.0671523460623
0,537,267.0353162576947,285.8015006637494
0,538,267.3518511632866,286.27321003453
0,539,267.51213579886803,286.40876874953807
0,540,267.5283756076075,286.2377051431595
0,541,267.4483389100037,285.86074255115375
0,542,267.34942230848276,285.47053976613745
0,543,267.32610218796134,285.26242872481475
0,544,267.4256558072925,285.3127330675402
0,545,267.6316985973847,285.588786936169
0,546,267.8954435337915,285.99000190659245
0,547,268.1577833172464,286.37586655589456
0,548,268.3679752709425,286.6327313125086
0,549,268.50594602511376,286.718475993692
0,550,268.5686869040909,286.5899955574649
0,552,268.5493188643097,286.39373493049084
0,553,268.5007377698686,286.33174005634083
0,554,268.4406980170411,286.17411899941743
0,555,268.38321774225244,286.0448715227017
0,556,268.32817721685666,285.8355762301522
0,560,268.5030122779747,286.3557741255466
0,561,268.66659856311185,286.7687340366125
0,564,269.0508874104061,287.79699075155344
0,565,269.15867591529303,288.37446108259843
0,566,269.20243595040324,288.69219398056805
0,567,269.1462456101292,288.75135305062946
0,568,269.0322980804159,288.6108626191697
0,569,268.90385632766066,288.3237451068111
0,570,268.8022900424147,287.96452831022265
0,571,268.75975450699616,287.61042506966174
0,572,268.79358189205016,287.32547426962697
0,573,268.90948749011176,287.1472603180407
0,574,269.0875060459112,287.09857489695406
0,575,269.2709533019072,287.1039533721547
0,577,269.51397423560866,287.4552213245819
0,578,269.55180830549403,287.73780077354456
0,579,269.4690763546449,287.8174450053773
0,580,269.2671733415671,287.66850110194105
0,581,268.99979015228814,287.30601976944587
0,582,268.7125983388193,286.7791244318204
0,583,268.44054788865384,286.19045676809964
0,584,268.2269763625613,285.66590915447694
0,585,268.08677736114157,285.2727664946678
0,586,268.0046892519915,285.0041528124614
0,587,267.96464354365577,284.8256277095624
0,588,267.9624182573583,284.69970033731323
0,589,267.98146121858116,284.5863220289835
0,590,268.0099382449246,284.47496401867073
0,591,268.04674822668863,284.389057856829
0,592,268.0878578718408,284.3536421544266
0,593,268.121275277259,284.3793437359421
0,594,268.138639580166,284.4586117214344
0,595,268.13043608503403,284.558109709968
0,596,268.09245164053124,284.64194532683484
0,597,268.028348400197,284.682186960304
0,598,267.94745438817904,284.6560380784874
0,599,267.85464578754085,284.55469376894104
0,600,267.74861167164005,284.3985669498435
0,601,267.6151299276696,284.210606248182
0,602,267.44196309691654,284.0173150339445
0,603,267.2265116472197,283.8377832354225
0,604,266.98708469102786,283.6861348380082
0,605,266.76066408075997,283.5700158889858
0,606,266.5941410742473,283.4985353308107
0,607,266.51915811194857,283.4727770105775
0,608,266.54533937090224,283.49852935101524
0,609,266.6570768179713,283.5791020098499
0,610,266.82053903131083,283.70554976742073
0,611,266.9947481028098,283.8507051429131
0,612,267.14652828930963,283.9853508084075
0,613,267.25431753482343,284.08174851505
0,614,267.3048188420143,284.1176649345529
0,615,267.29500310524907,284.0794163113063
0,616,267.22757837977395,283.9693181363279
0,617,267.10449724711225,283.7940753005085
0,618,266.9319189688888,283.5500877553939
0,619,266.72265921020056,283.2166229606979
0,620,266.48803310841095,282.7827791642823
0,621,266.24440464684255,282.2679425085495
0,622,266.0157416342993,281.71297351205857
0,623,265.8151591216143,281.17044362316756
0,624,265.6436908794222,280.7124822543252
0,625,265.5027852542097,280.3954549843424
0,626,265.3966701643594,280.232148555156
0,627,265.33652296552896,280.21927451998243
0,628,265.34504366891423,280.35589210105684
0,629,265.44324777958457,280.61301022904195
0,630,265.6358275649962,280.94132946822685
0,631,265.8989868653594,281.2936985751386
0,632,266.1781382442039,281.6058847951211
0,633,266.4151432049865,281.8159885944304
0,634,266.5689729310637,281.9108341243277
0,635,266.61021228878394,281.9088340989922
0,636,266.53010710285577,281.82832118866565
0,637,266.34749637016654,281.70168676976675
0,638,266.0864166929365,281.54863029282984
0,639,265.77106526743603,281.3583663606964
0,640,265.45057475492035,281.13859232308766
0,641,265.18809971951015,280.92040484161
0,642,265.0410817559693,280.73893307609876
0,643,265.04217652068576,280.62946214792396
0,644,265.1951151784669,280.6353633139904
0,645,265.46196551567255,280.77135372610906
0,646,265.7791556823861,281.0294588797609
0,647,266.07194046133804,281.37501456282826
0,648,266.2835578310699,281.7627834285405
0,649,266.39292471416996,282.1290122314063
0,650,266.414928207603,282.4166114536525
0,651,266.38615972806826,282.596947335514
0,652,266.3546640609848,282.6777301758738
0,653,266.3617067361087,282.68169596168093
0,654,266.41452254898843,282.6463636981233
0,655,266.49560624923697,282.61032682157895
0,656,266.56254113093803,282.58193361446365
0,657,266.5643626940204,282.5474103777585
0,658,266.46677055776706,282.4913432424773
0,659,266.2669971434156,282.3994117311409
0,660,265.9951470409966,282.2694449039186
0,661,265.7206509852152,282.12523516917014
0,662,265.5216270104297,281.99505086189686
0,663,265.45421512759185,281.9077373086347
0,664,265.55061556166794,281.8996766280732
0,665,265.79511925451976,281.9843726418953
0,666,266.1233500437523,282.152016052286
0,667,266.461883473714,282.4012060042583
0,668,266.75236151190154,282.7255043435402
0,669,266.9480114390497,283.08271593157986
0,670,267.02335138460893,283.41497310850923
0,671,266.98327448922805,283.6674895232193
0,672,266.84775096097064,283.79136046729957
0,673,266.64005358258004,283.79077761876255
0,674,266.3978875689594,283.7488643965308
0,675,266.18895127189626,283.78503540680805
0,676,266.0908382603545,284.00424286521405
0,677,266.15596467757763,284.4508481662077
0,678,266.39723256986366,285.0414780273798
0,679,266.7774946145787,285.5718809262475
0,680,267.2031456470772,285.850208054255
0,681,267.55971317929607,285.77276527411067
0,682,267.775690368317,285.360908957553
0,683,267.8518925737387,284.7752685487243
0,684,267.8344536520657,284.25799704901686
0,685,267.7950135802339,283.9910840590703
0,686,267.7992470369806,284.0338740015409
0,687,267.86987341933525,284.32999541886494
0,688,267.99634329456813,284.75674616386243
0,689,268.1662654721309,285.18486982957415
0,690,268.3588817068883,285.54935798347077
0,691,268.55272857331306,285.8055318305792
0,692,268.7337192641728,285.9280977212565
0,693,268.87789649962406,285.92053099081045
0,694,268.95560627146415,285.8161711635446
0,695,268.9407884427897,285.6579611605369
0,696,268.81512274761604,285.4806585349107
0,697,268.5675315681082,285.296520325594
0,698,268.20870837281046,285.0592647566648
0,699,267.74612643870756,284.60654662668077
0,700,267.24331586203596,283.94509671013816
0,701,266.78886210717104,283.17499772403926
0,702,266.45937468517263,282.4218749818574
0,703,266.29472882737883,281.81367766135173
0,704,266.28557298588754,281.4347289398804
0,705,266.37436150825226,281.27678252429587
0,706,266.49523924723616,281.2665701553465
0,707,266.61164315702126,281.3215343295742
0,708,266.7204929532232,281.36671770974806
0,709,266.8458983817853,281.3630093857053
0,710,267.0272304714888,281.31194768026165
0,711,267.28547086481547,281.19953851901806
0,712,267.6052183306428,280.98811459345245
0,713,267.9357608010153,280.6487554993936
0,714,268.21551620194515,280.1972536231401
0,715,268.3826163049587,279.7037725720551
0,716,268.39624512624437,279.3267994719249
0,717,268.2318664608628,279.24688033767336
0,718,267.9038975663947,279.57324629547634
0,719,267.46160353381987,280.2745308211565
0,720,267.0164409378515,281.22578878728615
0,721,266.68722471260287,282.2425981108282
0,722,266.573135739808,283.19233071508796
0,723,266.72180991044377,284.0036818972523
0,724,267.11639158024485,284.6635705428597
0,725,267.6307438831787,285.14293954299757
0,726,268.10634990287105,285.45013370715196
0,727,268.42031662334387,285.64707242790155
0,728,268.5095993423137,285.77698429951545
0,729,268.3828385579933,285.8707898131381
0,730,268.13674391467674,286.0013645435286
0,731,267.88748313235055,286.24336155186757
0,732,267.7291464745292,286.6083738891366
0,733,267.70720561518607,287.03884497377936
0,734,267.79973277473925,287.4062761759745
0,735,267.9407300605613,287.571857297615
0,736,268.0651760227245,287.4159246764958
0,737,268.12474279687916,286.8979070494627
0,738,268.1108075289526,286.09120618905223
0,739,268.06011681895706,285.17217332310344
0,740,268.0318307243313,284.3310901838581
0,741,268.0720384925036,283.7276821841813
0,742,268.2004452416569,283.43597992672863
0,743,268.4105166209552,283.4053562515074
0,744,268.66550663211274,283.5046031118065
0,745,268.9006028664803,283.5914091500183
0,746,269.0505526198236,283.54259619891667
0,747,269.08390942755494,283.30678654406984
0,748,268.99154558301217,282.94981858539063
0,749,268.8007202586649,282.57333308382607
0,750,268.5723050909617,282.26748605904555
0,751,268.38992515227085,282.1489552396921
0,752,268.3006335412448,282.3027267673516
0,753,268.3121094641727,282.7161896217461
0,754,268.4033855337661,283.3578637588439
0,755,268.53356367536765,284.17804791100673
0,756,268.65067642299795,285.0582272657047
0,757,268.7437810579012,285.8899093389947
0,758,268.8429690468275,286.64541952539133
0,759,268.9779111991804,287.3081560687805
0,760,269.16947950724153,287.90985118164565
0,761,269.4221093068305,288.534404487012
0,762,269.70358484931614,289.2402283843741
0,763,269.95617550570097,289.9931467345698
0,764,270.1192534848701,290.6934097073055
0,765,270.1373695265064,291.206081187486
0,766,269.9728521563239,291.39352777483896
0,767,269.60441119849867,291.1199615210877
0,768,269.0418511051003,290.3583040220055
0,769,268.3556471516529,289.1989473335264
0,771,267.403527718749,287.79518828991417
0,772,267.10994846632974,287.5114176635226
0,773,266.9831709809361,287.4137187153775
0,774,267.14357585658655,287.8138761016025
0,775,267.50591244188956,288.59007869944645
0,776,267.95304674531053,289.5312043459224
0,777,268.3804178263609,290.4094281871447
0,778,268.6923195970707,291.0409556808848
0,779,268.80011855719135,291.28110983610685
0,780,268.67994185615856,291.1038461195522
0,781,268.37739170083654,290.61929137215094
0,782,267.96801669937486,289.9560996617724
0,783,267.5600304533521,289.241280784675
0,784,267.2668583844859,288.5832071586519
0,785,267.17097602459256,288.03927524896125
0,786,267.2787522040499,287.5757637661589
0,787,267.517084729588,287.1421656308234
0,788,267.74823023415064,286.69117313612236
0,789,267.8703978539276,286.26487340488256
0,790,267.83990959666056,285.9479398533613
0,791,267.6630548914797,285.82855626669794
0,792,267.41197255088264,285.9495185712117
0,793,267.19617754512717,286.29401736277435
0,794,267.01651649428516,286.6864489213946
0,795,266.8410554563099,286.9076685014219
0,796,266.65168297952687,286.8168313420102
0,797,266.43896844902036,286.35376359903864
0,798,266.1962398638001,285.5457390499886
0,799,265.96500453054824,284.53933136843614
0,800,265.83801578458906,283.56057173895204
0,801,265.8714972308115,282.79739728209046
0,802,266.06588014983953,282.4184885081449
0,803,266.3757390367205,282.5342786890536
0,804,266.7049050950856,283.13116326795443
0,805,266.9308015190668,284.0437928839543
0,806,266.97436615662104,285.0465414054952
0,807,266.82818486645704,285.89467300738795
0,808,266.5644095727673,286.42320097255225
0,809,266.2840567610401,286.54925235068
0,810,266.1434806025825,286.4030090639937
0,813,265.9639530018041,285.3644855518074
0,815,265.74996678964885,284.3331183409843
0,816,265.65089954062967,283.8326601873963
0,817,265.6085588875586,283.55634759160085
0,818,265.52115429278524,283.4873190911148
0,819,265.32789185697015,283.4809834995007
0,820,265.0285720438473,283.4252597483946
0,821,264.6840288707828,283.26896320769345
0,822,264.39717679977866,283.057782289011
0,823,264.25476684269904,282.85810685805933
0,824,264.26904022677616,282.6716250728416
0,825,264.4336038919084,282.5505538041888
0,826,264.7365285571352,282.6065717542824
0,827,265.1286980195846,282.89600384169864
0,828,265.5570632159316,283.4188019399853
0,829,265.9720720811173,284.06463192597886
0,830,266.28765513774573,284.61863751505774
0,831,266.4446477013201,284.8956907704687
0,832,266.4511066563081,284.8176031147823
0,833,266.3613452359394,284.41078127805145
0,834,266.2568446606274,283.8382944518948
0,835,266.2429598003763,283.3496002903994
0,836,266.3821963010638,283.1074531976124
0,837,266.64604152006063,283.12518908608354
0,838,266.93766480476904,283.31228374940633
0,839,267.14454638495675,283.50563982659446
0,840,267.23523875303067,283.5514464835537
0,842,267.06745359770497,283.08742986641636
0,843,266.9132679833825,282.4232198969962
0,844,266.91219173623506,281.4977637162124
0,845,267.1717136141879,280.5477645258297
0,846,267.71959105383445,279.8594086270198
0,847,268.48385610235846,279.726816456521
0,848,269.2892999988249,280.28100091517473
0,849,269.9062950314157,281.42356051566003
0,850,270.20379312290737,282.7177184179277
0,852,270.0753144873205,284.4767978370056
0,857,268.36703499674496,285.24168418497777
0,858,267.84858306666877,285.53644365663405
0,859,267.1749223858422,285.5407198657031
0,860,266.6489632058443,285.3047277812065
0,861,266.26790011065543,284.8898584032002
0,862,266.02211654118935,284.3908539806291
0,863,265.92306777068535,283.9296560455401
0,865,265.8984099377507,283.43569012963906
0,866,265.82914336008264,283.13410004123597
0,867,265.81266666595747,282.89682202513023
0,868,265.88594767273065,282.8529895989459
0,869,266.02629315293717,282.96984944960775
0,870,266.20012436276653,283.21608935615996
0,871,266.3730081809897,283.5308639550792
0,872,266.48440767194563,283.7820618809645
0,873,266.50188106747544,283.88993386184745
0,874,266.3790701501457,283.7821057526572
0,875,266.1277125993831,283.45946100036934
0,876,265.7991132404287,282.9871980073582
0,877,265.4973254656879,282.5240078429922
0,878,265.28932264710386,282.18421383672325
0,879,265.19455032099734,282.00922351838
0,880,265.1915403637867,281.9773815278118
0,881,265.2338602521059,282.0312269969608
0,882,265.24929080789553,282.07535252550366
0,883,265.17363308750896,282.0033617314647
0,884,265.0010741440867,281.74436059544723
0,885,264.79688611441657,281.23763373225665
0,886,264.69093007326194,280.45646800350346
0,887,264.84771765177953,279.4523798967172
0,888,265.3964332039432,278.3445317462235
0,889,266.35117258307326,277.3054697691814
0,890,267.5811611501223,276.59583376991486
0,891,268.8302945240449,276.46844250674013
0,892,269.8173166835656,277.05445194195136
0,893,270.38781040413596,278.29501951375687
0,894,270.42798564562065,279.990762431773
0,895,269.96662706863106,281.7345643847672
0,904,267.8137597552809,285.5280836505648
0,905,267.42313806454865,285.42050219470934
0,908,266.21587897700385,285.86786515539154
0,909,265.90804891196274,286.39645365593316
0,911,266.0647623143143,287.9146058920674
0,912,266.60645210058135,289.10185731702614
0,913,267.3893819060063,290.27280106174044
0,914,268.12700665581553,290.96952474246865
0,916,268.78864457192276,291.550545574845
0,917,268.74698108112926,291.5339967798537
0,918,268.369223946185,290.82146397446695
0,919,267.69602397804675,289.54317446551806
0,920,266.96573545352044,287.9833693248652
0,922,265.923532696644,285.802382625476
0,923,265.4704178237123,284.7946648266303
0,924,265.1877723025541,283.8819413105412
0,925,265.12556627050975,283.281506932125
0,926,265.2364072525891,282.8432545370242
0,927,265.5069167124534,282.42860294485484
0,928,265.9576996418474,281.93349059521216
0,929,266.6014519509745,281.31136692200886
0,930,267.42440526388197,280.6462756279963
0,931,268.35503935408866,280.1379348660407
0,932,269.25018895116074,279.97743026859223
0,933,269.89895831413213,280.19504001974104
0,934,270.10168319519204,280.6860690052598
0,935,269.7515450334812,281.262374380569
0,936,268.8812874493192,281.72252030360414
0,937,267.6253714165306,281.9172907683521
0,938,266.2190494261094,281.8728791986829
0,939,264.9302496919434,281.7048132191067
0,940,263.9734091529222,281.55697506920984
0,941,263.42544495976335,281.48299498080587
0,942,263.283136183142,281.4884919780192
0,943,263.4680084850516,281.53919897117373
0,944,263.8617127833463,281.65436413336505
0,945,264.31290585823945,281.83046963666544
0,946,264.7136582124066,282.0920042820609
0,947,265.0062649593148,282.4575514313766
0,948,265.1750303990389,282.9157516606627
0,949,265.2337898437909,283.3935280023155
0,950,265.24208416188344,283.84677257738747
0,951,265.2537818467863,284.27634470350085
0,952,265.3324898493911,284.70493939213327
0,953,265.4989739669328,285.1106250842131
0,954,265.7474951582607,285.44807457244434
0,955,266.0331284454342,285.6671822553229
0,956,266.2749396714849,285.7296869403477
0,957,266.4301556445353,285.6221946539145
0,958,266.48885550132417,285.38509872009195
0,959,266.4844710471054,285.12844432716025
0,960,266.4612679949541,284.9360532811058
0,961,266.4694388052153,284.8344570989538
0,962,266.5511262827048,284.83351857041004
0,963,266.7235499000794,284.8965999718718
0,964,266.94917379232345,284.92690329507553
0,965,267.177368293239,284.83076128549277
0,967,267.44049147097905,284.6601132119201
0,968,267.57654281477875,284.450070263242
0,969,267.8256153839054,283.9597031695827
0,970,268.27885365122415,283.2941797859643
0,971,269.008593502424,282.5406539102972
0,972,269.98171938802597,281.8584653770248
0,973,271.03501858157927,281.50248035969406
0,974,271.9238346549301,281.6694908262989
0,975,272.44209673599886,282.4760594434264
0,976,272.5204811548329,283.7854974503483
0,977,272.1516284266643,285.26190597984305
0,978,271.47475661968946,286.21221039129733
0,981,269.61138737973954,287.4218259828811
0,982,268.77552436454545,287.1880217521443
0,984,267.50162107922364,285.6330852226131
0,988,266.2522388137052,284.3620961499535
0,995,265.7354360072135,283.8226223993323
0,1003,266.72439986716563,285.3164475986881
0,1004,266.4655382507986,285.5434696924399
0,1005,266.20772729943553,285.37004630544726
0,1006,265.83509941354833,284.796727770719
0,1007,265.4112356443088,284.0078491796062
0,1008,264.96979058466394,283.13168912048036
0,1009,264.60112653070377,282.358321197783
0,1010,264.3749133234945,281.7734879763468
0,1011,264.32286020615845,281.37198727666464
0,1012,264.4744037038171,281.1302764284935
0,1013,264.84070090183343,281.05913214848704
0,1014,265.3881353364622,281.1753535138256
0,1015,266.0390728463309,281.50238858813736
0,1016,266.6785681796359,282.04686427051485
0,1017,267.160285304966,282.7486029030509
0,1018,267.3532018478066,283.484624047336
0,1019,267.20706505193925,284.11865866988325
0,1020,266.76592308840077,284.5219973487986
0,1021,266.14861382816014,284.6057530795473
0,1022,265.51493329910744,284.3971760881674
0,1023,265.0260686963987,283.9975326181774
0,1024,264.773732581527,283.5184248335826
0,1025,264.770176572895,283.0932339660557
0,1026,264.9734858490305,282.86238447507037
0,1027,265.30569079003726,282.8949769873248
0,1028,265.66950944495005,283.19604905701954
0,1029,265.9903065448281,283.74657912835863
0,1030,266.22748816202346,284.4794536420514
0,1031,266.360489354668,285.24986378706967
0,1032,266.3879364690899,285.88041842352635
0,1033,266.34000002970424,286.2646246962244
0,1034,266.2586526291955,286.37046270212903
0,1035,266.1709314274895,286.19853680240095
0,1036,266.0937889932901,285.831225615398
0,1037,266.05154902535395,285.411326939745
0,1038,266.0382689754781,285.0187235135028
0,1039,266.0347843089599,284.6762442017871
0,1040,266.0510028916269,284.4201794974502
0,1041,266.11104561897474,284.26751904413976
0,1042,266.21409354175023,284.2001672634268
0,1043,266.36863869264795,284.2204302535827
0,1044,266.58348797754866,284.33373917347615
0,1045,266.82924169516866,284.495972451177
0,1046,267.0552419609692,284.60673480015
0,1047,267.2235801452993,284.598601923955
0,1048,267.31039492471405,284.4423756551161
0,1049,267.31199820142245,284.14458205604905
0,1050,267.25866256557924,283.76438911528385
0,1051,267.2000674810803,283.43166962914563
0,1052,267.1872106825548,283.242588373947
0,1053,267.2445100793932,283.2318836723311
0,1054,267.366909739744,283.3842865228603
0,1055,267.5355795834632,283.6749257700303
0,1056,267.7308930700752,284.0595548407943
0,1057,267.93119271705865,284.5043226141503
0,1058,268.1244118544194,284.9813632012042
0,1059,268.29687188573746,285.4505223200238
0,1060,268.42175779947036,285.835238759239
0,1061,268.4694897978036,286.05104685387766
0,1062,268.4241071556024,286.0473413149257
0,1063,268.2903887444954,285.84395356439114
0,1064,268.1066522193836,285.5353211706724
0,1065,267.9300648781694,285.24051215125866
0,1066,267.8109595014401,285.07234685144726
0,1067,267.773324520143,285.09250824638855
0,1068,267.8162513806374,285.28762482371445
0,1069,267.91416946143767,285.59189612810707
0,1070,268.03123536418207,285.941130599613
0,1071,268.1372837785778,286.2708824294247
0,1072,268.22061945486274,286.5377792295488
0,1073,268.2815049742769,286.7349066052074
0,1074,268.32762684307954,286.87614087575236
0,1075,268.3654737638239,286.9745606597489
0,1076,268.39420885212604,287.0539001776654
0,1077,268.4069604143866,287.1326032435357
0,1078,268.39753226308324,287.2173073688055
0,1079,268.3672860784084,287.3079182469266
0,1080,268.3278062999208,287.4106690996279
0,1081,268.2934969392883,287.52030244618544
0,1082,268.2728842208404,287.62796901011876
0,1083,268.267241512155,287.7170852098525
0,1084,268.2663950878941,287.7671601219753
0,1085,268.2561181967339,287.7458251041935
0,1086,268.23264706728844,287.64817829425795
0,1087,268.20468652249826,287.50861260765606
0,1088,268.1860200816166,287.39311405064757
0,1089,268.192457122637,287.351919078766
0,1090,268.2352631218704,287.4203005082274
0,1091,268.31460295144643,287.59866965932207
0,1092,268.4240783293202,287.8508730835995
0,1093,268.55587986253107,288.1146428166759
0,1094,268.7012017348463,288.3553045066529
0,1095,268.8496859421338,288.56772131581613
0,1096,268.99048871172744,288.76862452782547
0,1097,269.11457253352995,288.97313510023275
0,1098,269.21677432817427,289.185631495112
0,1099,269.2945780671476,289.39896992084743
0,1100,269.3492047101986,289.59599085363874
0,1101,269.3864278586816,289.7513610358599
0,1102,269.41099873274254,289.85316857747955
0,1103,269.42660489691076,289.914894324383
1,0,270.4585893049661,299.30575588898733
1,1,270.507147086788,299.3566678455009
1,2,270.56557383549386,299.41375692320725
1,3,270.6278565586785,299.47034759975963
1,4,270.6828925506234,299.5177629672221
1,5,270.7255520112777,299.55423770997464
1,6,270.7570352171635,299.58232404813214
1,7,270.78482058954484,299.60610802349385
1,8,270.8117129448583,299.61942829781646
1,9,270.83755257936383,299.61357833124634
1,10,270.8600820312343,299.58104532206943
1,11,270.87706320207354,299.52177682964214
1,12,270.8861578163596,299.44531492395527
1,13,270.8864066660092,299.36542574733147
1,14,270.8778393258638,299.28874780665535
1,15,270.86316713003794,299.2212208968274
1,16,270.845570646967,299.16666551419775
1,17,270.8276895995468,299.1241622905728
1,18,270.8119371457964,299.09279165121717
1,19,270.80152610648435,299.07548913178766
1,20,270.79931647368824,299.0736458818153
1,21,270.8060906182695,299.08704581251897
1,22,270.8211408100686,299.11345254316285
1,23,270.8427745253304,299.14951460113446
1,24,270.8669575426044,299.19463218545224
1,25,270.8869986480562,299.24906124238146
1,26,270.89791121649193,299.3119651899068
1,27,270.8975617553724,299.3825266080919
1,28,270.885966226172,299.45709365843345
1,29,270.86573654909154,299.5261317316352
1,30,270.8424123106613,299.5811435865412
1,31,270.8231347213274,299.6167229980178
1,32,270.8140855364831,299.6303626357345
1,33,270.8179948594576,299.62409451460127
1,34,270.83485172762056,299.6056813233355
1,35,270.86312078428944,299.58428436610956
1,36,270.89886512863535,299.5692313510154
1,37,270.9364829115015,299.5694132918455
1,38,270.9728647405886,299.5888925543664
1,39,271.00575178295435,299.62771011065354
1,40,271.031656637206,299.68199098122534
1,41,271.0469580429385,299.74296379453017
1,42,271.05090189574224,299.80025162942076
1,43,271.04531950943016,299.84775738870445
1,44,271.0347719590515,299.8814600451382
1,45,271.02515644683956,299.90142568409146
1,46,271.0220956942286,299.9126904772846
1,47,271.02815396947705,299.9199941062873
1,48,271.0408962744482,299.92600923647433
1,49,271.05510935762015,299.9328615402554
1,50,271.0667346867151,299.9391366501325
1,51,271.073150756398,299.9414342733626
1,52,271.07140713492896,299.93764434733447
1,53,271.0595137497111,299.92599730396
1,54,271.03815433280477,299.9055951131709
1,55,271.0115262389401,299.87814007720795
1,56,270.9876088428673,299.84633974267825
1,57,270.97490467861746,299.8142894597818
1,58,270.9808695975439,299.78803458025
1,59,271.00755213411367,299.7718023579827
1,60,271.0473664741931,299.76708021985905
1,61,271.0857456710803,299.77375215644486
1,62,271.11296124141995,299.78917800165897
1,63,271.12468874376435,299.8069122680231
1,64,271.12058601530043,299.8208143401652
1,65,271.1053906206535,299.826951427742
1,66,271.08618621024823,299.82379607148704
1,67,271.06729327364854,299.81278492537433
1,68,271.050830664696,299.79947680573326
1,69,271.03784060979496,299.78943095692176
1,70,271.02931067575184,299.78772328280445
1,71,271.0262300695512,299.7973904643584
1,72,271.0263661965347,299.8185259052753
1,73,271.02489962897283,299.8468108799055
1,74,271.0182742845875,299.8797690234048
1,75,271.00435794575577,299.91425599494323
1,76,270.98284380925793,299.9459959160419
1,77,270.9564399482459,299.9697251382022
1,78,270.9297178170176,299.9835595899449
1,79,270.90922410663296,299.98614451578715
1,80,270.9024073694889,299.97898133293916
1,81,270.9137074537686,299.9671842261535
1,82,270.9452747490132,299.9573659335952
1,83,270.99523213540044,299.95355038937174
1,84,271.0541898477492,299.95552965947377
1,85,271.1079338285531,299.9590115006466
1,86,271.14560049280914,299.95821524976026
1,87,271.1594775208125,299.9488888751567
1,88,271.1482205005561,299.92894775296696
1,89,271.11861155386566,299.8998704741622
1,90,271.08105467632294,299.8660668189079
1,91,271.04464019273405,299.8319085003711
1,92,271.0173904679715,299.8025107842084
1,93,271.00213293581527,299.783786455293
1,94,270.9945262495934,299.77912802271413
1,95,270.9885916169335,299.78797133755336
1,96,270.9787233868233,299.8071287009883
1,97,270.95915223166554,299.8278048597156
1,98,270.92960139761954,299.8373975971063
1,99,270.8965777681359,299.8280105047489
1,100,270.8671326620651,299.79916074032906
1,101,270.84438328836535,299.75478917295345
1,102,270.8301797837388,299.70342728734914
1,103,270.8244247671683,299.6552803953419
1,104,270.8260655074377,299.6150713383842
1,105,270.8336726415494,299.5822867334357
1,106,270.84798016385986,299.5547663813138
1,107,270.86919041366406,299.5301180612181
1,108,270.8944635305835,299.5063080034915
1,109,270.9173594561175,299.4825190998787
1,110,270.93297889075234,299.4578237709063
1,111,270.9394235584173,299.4310121846433
1,112,270.93675674490385,299.4012846448894
1,113,270.92624737478974,299.37158875158264
1,114,270.91136169262734,299.3491791624776
1,115,270.89628693196164,299.34133195544797
1,116,270.88478890996316,299.35173599822366
1,117,270.8792682449671,299.38015214359245
1,118,270.88208522811567,299.41965652193056
1,119,270.89297010847974,299.45826407093534
1,120,270.90732560504017,299.4858492461432
1,121,270.9179645177028,299.4981589224811
1,122,270.9203637225135,299.49363225232355
1,123,270.91264960722884,299.4734138489164
1,124,270.8964999115624,299.44157877404245
1,125,270.8765975043425,299.40453246425636
1,126,270.8584528634887,299.36834281907403
1,127,270.8457094216362,299.34059044514
1,128,270.83839344480833,299.3305530244553
1,129,270.8325652090469,299.3440758721576
1,130,270.82438297457014,299.37839479266444
1,131,270.81055805757586,299.426072325371
1,132,270.7875702647905,299.47814849684113
1,133,270.755796274507,299.5238808186695
1,134,270.7213657267409,299.5557838308288
1,135,270.69015399424393,299.57376927742973
1,136,270.66634532299236,299.58009808386896
1,137,270.65217719469257,299.57541640465854
1,138,270.64630328517126,299.5598143053634
1,139,270.645417290188,299.53352517392005
1,140,270.6483282912741,299.49597908963045
1,141,270.65418396071857,299.44914351512847
1,142,270.6643640046168,299.39818500341653
1,143,270.68092121488115,299.3506249884007
1,144,270.7021922192047,299.31352072621075
1,145,270.7215852493747,299.2922649133788
1,146,270.73524504832505,299.28752542759617
1,147,270.74144307825424,299.2965623412007
1,148,270.7412039248789,299.3148288761192
1,149,270.73774167200173,299.3356356784046
1,150,270.73686760109985,299.3525570893594
1,151,270.74334119800017,299.36331734667596
1,152,270.7593172228045,299.36980421498345
1,153,270.7821119793327,299.374902473163
1,154,270.8083410841466,299.38378738548636
1,155,270.8350731470339,299.3998679805244
1,156,270.8590709136062,299.4242751266316
1,157,270.8777103041387,299.4566538768267
1,158,270.89226458350095,299.4948812790411
1,159,270.90527281461607,299.5321747018945
1,160,270.9172687376601,299.5604163461547
1,161,270.9260533070107,299.5693402660899
1,162,270.928650643741,299.5499291840712
1,163,270.9220711671618,299.5003058824029
1,164,270.9054222870246,299.42753776949786
1,165,270.88042916868847,299.34473749961086
1,166,270.85141444428325,299.26947014915874
1,167,270.8236435701723,299.2150217726525
1,168,270.8011644157055,299.1852690194641
1,169,270.78455479799493,299.176256681846
1,170,270.77322953374704,299.179674690964
1,171,270.76688493588756,299.18379917598185
1,172,270.76435229030375,299.1795016181952
1,173,270.76381419373564,299.1627027945842
1,174,270.76460868420793,299.1348099308288
1,175,270.76781685591754,299.10313722827914
1,176,270.7759894156617,299.0799766199215
1,177,270.7911260204436,299.07467465552224
1,178,270.8145937533353,299.0932701737808
1,179,270.8458581980033,299.1374531339472
1,180,270.8805777705023,299.2009420829003
1,181,270.91045471667917,299.27033058692183
1,182,270.93014403676517,299.33907414553477
1,183,270.93721114636577,299.40438802597987
1,184,270.9324657144733,299.4643244435744
1,185,270.9197604360147,299.51895589929893
1,186,270.90487436536074,299.5713957836855
1,187,270.89069901295545,299.6140368990095
1,188,270.87812475691885,299.6325809776751
1,189,270.86616399029805,299.61719099136815
1,190,270.85258047202035,299.56604160127563
1,191,270.8360231299977,299.4844070077972
1,192,270.81713965319307,299.38914459424393
1,193,270.79771401856266,299.30411181519645
1,194,270.779520760513,299.2467376428634
1,195,270.7648626956809,299.22378381341537
1,196,270.75486732033534,299.230227947201
1,197,270.75013573296167,299.2550117967921
1,198,270.75088506244776,299.28627439861435
1,199,270.7597885551918,299.314381893181
1,200,270.78123993791024,299.3344763606492
1,201,270.8170547378637,299.3491834703506
1,202,270.86535859130225,299.3627116761219
1,203,270.92219491768816,299.3770362062026
1,204,270.9784680597395,299.3958599007349
1,205,271.0213185628724,299.4220275187775
1,206,271.04372464217556,299.45414747248725
1,207,271.04469862244554,299.48695728059835
1,208,271.0259834328723,299.51325972035613
1,209,270.9930974434646,299.52467387393176
1,210,270.95392326835207,299.5153706948698
1,211,270.9150240611661,299.4848709625977
1,212,270.88170681417256,299.4380839444862
1,213,270.8579985656683,299.3847730328894
1,214,270.8461046998631,299.33568432662224
1,215,270.8465110057643,299.29943493784947
1,216,270.8563435447694,299.2799019240722
1,217,270.8702192129741,299.2791417365782
1,218,270.8835438124392,299.29669734971566
1,219,270.8919214261798,299.3271468664123
1,220,270.8911115040563,299.3598864595133
1,221,270.87810167590396,299.3848589199099
1,222,270.85254627403094,299.39403818642944
1,223,270.8183020772642,299.38317348677896
1,224,270.78568364168393,299.35632732599663
1,225,270.7647140086921,299.32720515637254
1,226,270.7636699365318,299.311276827609
1,227,270.7862612022444,299.3164189818682
1,228,270.82782791369067,299.3419872850853
1,229,270.87448743922,299.38037934718426
1,230,270.9155977361967,299.41825577363227
1,231,270.9453098565996,299.44241588463296
1,232,270.96110299861596,299.4480923202155
1,233,270.96354593098687,299.4384648101819
1,234,270.95700552112356,299.4210424361409
1,235,270.94414561057636,299.40404816931203
1,236,270.92534421969293,299.3923593403102
1,237,270.90233495019993,299.3855250383055
1,238,270.8780037239347,299.3813724959686
1,239,270.85502028230934,299.37536488887065
1,240,270.83658835383955,299.3632675359003
1,241,270.82580778875933,299.3460314170763
1,242,270.82227705588883,299.32889485357344
1,243,270.82395531219026,299.3152698963338
1,244,270.8284102430404,299.30868622983996
1,245,270.83303898271294,299.3117167281106
1,246,270.83609397585354,299.32315193598316
1,247,270.8393192471945,299.3396131734319
1,248,270.84697467366937,299.3584691990011
1,249,270.8618343989092,299.37855649423983
1,250,270.88432231907217,299.4008240778194
1,251,270.91232884248035,299.42669684000396
1,252,270.94052826604593,299.4549397004018
1,253,270.96212621671924,299.4825726400199
1,254,270.97461537966547,299.5056691590409
1,255,270.978255494256,299.52054749093804
1,256,270.975009155892,299.52707794529454
1,257,270.9684389681703,299.5301819551622
1,258,270.96384825382574,299.53289588568094
1,259,270.9695701688105,299.5232875890374
1,260,271.007918752604,299.46484282908733
1,261,271.11972233277527,299.3183561796129
1,262,271.3495472509311,299.07084017655455
1,263,271.711600360275,298.74365381345456
1,264,272.17306473555806,298.4199771764886
1,265,272.65523893032434,298.24935313401903
1,266,273.03406123601565,298.36144348358414
1,267,273.1645979322527,298.788429264251
1,268,272.9546492965803,299.4583791243192
1,269,272.39798387055265,300.179591562776
1,270,271.5780850293178,300.7260101823095
1,271,270.6766233694509,300.9771727750862
1,272,269.9258680713074,300.94074758264526
1,274,269.3648722457579,300.7692256163368
1,275,269.4799321434704,300.795673358959
1,276,269.8424503606589,300.91681550695165
1,277,270.3113412668889,301.1437465416342
1,278,270.5844451150913,301.25748276003935
1,279,270.5663098711888,301.2269361037581
1,280,270.2737337353079,300.9747690557671
1,285,270.26795927318113,301.42599757053296
1,286,270.4127459756988,301.58156608794553
1,287,270.5142798262538,301.58469970052994
1,288,270.56606120409003,301.4268993254648
1,289,270.5153288819239,301.1679281695546
1,290,270.3699756506957,300.92458423847137
1,291,270.16111371446215,300.7538200951388
1,292,269.94007451619973,300.65877351499864
1,293,269.7679920569742,300.6318122580224
1,294,269.68530476350685,300.6321086646843
1,295,269.7020029502542,300.5992077435798
1,296,269.81464915830014,300.5669500507349
1,297,270.000674249212,300.622304345694
1,298,270.21512032113776,300.8084542369575
1,299,270.4170277514049,301.125624256127
1,300,270.57988504404074,301.5379443538022
1,301,270.6800190821098,301.9273045588438
1,302,270.71089411710165,302.17742532803146
1,303,270.69731357436325,302.2462897380729
1,304,270.6712491757014,302.1438386632403
1,305,270.64822461622924,301.89751749159416
1,306,270.6345885223928,301.5661132135213
1,307,270.6279916849034,301.21781143262297
1,308,270.61302403382473,300.9204253843762
1,309,270.5793659686937,300.71496634530575
1,310,270.5277447762892,300.6107494666058
1,311,270.47736270404704,300.60382196461876
1,312,270.45909534909754,300.6864364833408
1,313,270.4966639893843,300.7962518619273
1,314,270.5849465454224,300.86715702370026
1,315,270.7016206054759,300.87989628320867
1,316,270.81144039630163,300.85014472604814
1,317,270.87526222114474,300.77521871015824
1,318,270.8633641190301,300.6659730370785
1,319,270.77436672179294,300.54149090010566
1,320,270.62415548848656,300.40217925010217
1,321,270.4386946005046,300.24908159902935
1,322,270.2492192695435,300.09411428095734
1,323,270.08287289119835,299.94603695755944
1,324,269.96184178256925,299.82640886638035
1,325,269.90932193046854,299.7895106574482
1,326,269.9367888623084,299.84997091009325
1,327,270.03461969149197,299.9978572964696
1,328,270.19083953486285,300.23551647760934
1,329,270.38531260192894,300.556213266526
1,330,270.5822889845447,300.89289614224214
1,331,270.7364183470512,301.1618492681606
1,332,270.8144737743849,301.29485667933585
1,333,270.7874901386525,301.2350706360385
1,334,270.6439614077175,300.9531121100636
1,335,270.40754488752424,300.49574372813726
1,336,270.1475265187994,299.99754914090295
1,337,269.94277158237986,299.6114561328891
1,338,269.85831181090555,299.4558009288892
1,339,269.9226831499728,299.5932078258597
1,340,270.1185861998575,300.00703160883427
1,341,270.38746152394276,300.5941964433404
1,342,270.65781995204696,301.2141890896739
1,343,270.8675425656876,301.72843898879097
1,344,270.9807733457169,302.00784470851823
1,345,270.9857093053051,301.97804039100043
1,346,270.8928817114849,301.648822135259
1,347,270.72994660939264,301.0972613084697
1,348,270.53882279356804,300.45310608191954
1,349,270.36828508554885,299.88651183731787
1,350,270.2677419724262,299.53556424442684
1,351,270.26977682277516,299.4657119635025
1,352,270.38360139187796,299.67241546641606
1,353,270.59283586400204,300.08500447035266
1,354,270.8571477871417,300.58720833523796
1,355,271.12253472664173,301.06609855133416
1,356,271.3337954919445,301.41206373540814
1,357,271.4518337546536,301.55148801016884
1,358,271.4650686347955,301.46962293489025
1,359,271.38843672194804,301.20893404458496
1,360,271.2563098156818,300.84622789141076
1,361,271.1196173422002,300.4994059182415
1,362,271.02655213750825,300.274000579256
1,363,271.0054197388326,300.2382166980616
1,364,271.06154615572547,300.3980490668546
1,365,271.1764562276129,300.7041292493845
1,366,271.31234730619354,301.0693141045055
1,367,271.4261220564042,301.39860716620524
1,368,271.4845451348434,301.60013104270695
1,369,271.4746714560567,301.62143758102985
1,370,271.40816866595577,301.4640049611525
1,371,271.31388999234156,301.1699789324836
1,372,271.2313300770985,300.8140767305034
1,373,271.20269870361227,300.4979248906874
1,374,271.2626607869283,300.3147528522441
1,375,271.43226730041505,300.3191981318479
1,376,271.7214987655484,300.5261653289837
1,377,272.1231747444768,300.9147345460385
1,378,272.60165091635145,301.4116252216223
1,379,273.0938740600073,301.9060813249623
1,380,273.52492952316265,302.2823193934109
1,381,273.81902033482805,302.4435193022863
1,382,273.9168850159801,302.30901032631874
1,383,273.80602950893774,301.86871100454255
1,384,273.538080648152,301.2185132335095
1,385,273.2055324694927,300.52312382857156
1,386,272.89931140954224,299.93140332014417
1,387,272.6914082529875,299.55984416409774
1,388,272.60036738299925,299.4296161139249
1,389,272.60196002809835,299.4815567375955
1,390,272.6442325411715,299.6034055128692
1,391,272.66951378152334,299.69383023735304
1,392,272.6495811151608,299.7102079187656
1,393,272.58196525704403,299.65536869391167
1,394,272.4589312283533,299.50687564456933
1,395,272.27694754330037,299.2362829069344
1,396,272.03876803068675,298.81108748165195
1,397,271.75809043502215,298.2164917899569
1,398,271.4663556317099,297.4868886080683
1,399,271.21033499086286,296.72678231223904
1,400,271.03319158270165,296.0790861288409
1,401,270.96440533558575,295.69111808094465
1,402,271.00745887900837,295.6565390900407
1,403,271.126904640154,295.96603180092984
1,404,271.2704191202389,296.51302052504315
1,405,271.3960851391969,297.1453125354763
1,406,271.47598172522595,297.6907997646108
1,407,271.4977735224787,298.00471930881565
1,408,271.48760495487994,298.0222761119323
1,409,271.4814132414558,297.7563607964183
1,410,271.4982786809468,297.2662931208627
1,411,271.5437717908334,296.6515818163571
1,412,271.61824914008326,296.0227937704755
1,413,271.69486287444096,295.46749254506545
1,414,271.73657102174974,295.0382230573713
1,415,271.7066060103789,294.73720388563476
1,416,271.57652748649855,294.5211941338629
1,417,271.32568134303557,294.3204146386173
1,418,270.9616759190402,294.07087305424255
1,419,270.51383302130296,293.7179892249391
1,420,270.0306948526407,293.2344520160106
1,421,269.5743559144085,292.62919239477094
1,422,269.2055082877841,291.96036939641454
1,423,268.9730414236199,291.3291991178395
1,424,268.9064143172152,290.8611502240707
1,425,269.00447009554216,290.6519686895461
1,426,269.2356058173205,290.75646104880224
1,427,269.5648625532769,291.17213998129205
1,428,269.9468320273269,291.82020893150855
1,429,270.33703950290857,292.5851846268738
1,430,270.71543280765957,293.3817756670409
1,431,271.0785460329344,294.14247583872043
1,432,271.4191491055011,294.811006142825
1,433,271.7367286457881,295.3682597377352
1,434,272.03033513186585,295.8174902612101
1,435,272.2837773655881,296.15393651946385
1,436,272.4717677674686,296.38996150214115
1,437,272.57282160924296,296.5645597186707
1,438,272.5793563462646,296.71649777166573
1,439,272.50890417913354,296.8786767585621
1,440,272.40167379518573,297.0983394138373
1,441,272.3142429096017,297.400890499546
1,442,272.3036942533285,297.78392977658183
1,443,272.40093159494387,298.23070262885005
1,444,272.59438813938164,298.7029120536284
1,445,272.83508849014,299.12298329795914
1,446,273.051593902351,299.4279010608039
1,447,273.1784131533891,299.60366583214125
1,448,273.17743240641994,299.66805078766464
1,449,273.0558459811074,299.67118073672543
1,450,272.86224618613807,299.694095920015
1,451,272.6680829991159,299.79910751444834
1,452,272.52353096788784,299.96377062095877
1,453,272.45332946869513,300.1243855856352
1,454,272.45211112339103,300.2051925777072
1,455,272.48073555231457,300.1172753398428
1,456,272.47563695690263,299.7925589659058
1,457,272.38899483171974,299.2342509050273
1,458,272.18337742295427,298.4743288992233
1,459,271.83757032821023,297.56478299739604
1,460,271.3693820528146,296.6074743038774
1,461,270.8360554184462,295.71355771157
1,462,270.30322450356107,294.95630518829495
1,463,269.83781601896595,294.38251249053707
1,464,269.4937908839352,294.0070495115307
1,465,269.2954549287947,293.7888894055093
1,466,269.23084209861895,293.68356334970855
1,467,269.27026725942653,293.68452693130394
1,468,269.3871152829785,293.81273702060315
1,469,269.554411379306,294.06580933103476
1,470,269.7438136193041,294.4285494858002
1,471,269.93991504772555,294.8488609566798
1,472,270.14715596228257,295.2588085195742
1,473,270.3771290047812,295.60428478462325
1,474,270.6431402463186,295.878514244841
1,475,270.96416384443603,296.09888627227747
1,476,271.3537781340832,296.3059364965246
1,477,271.79896284014666,296.51789010155716
1,478,272.2530031194083,296.7122186976577
1,479,272.67242498993306,296.8758284809841
1,480,273.02229227848835,297.0349867000572
1,481,273.2841749116123,297.23421136942034
1,482,273.4576313977947,297.5117063214253
1,483,273.5643126533977,297.8709713249275
1,484,273.62100900976924,298.2445341511934
1,485,273.6299492598556,298.5076806942068
1,486,273.58253348107075,298.55328829433995
1,487,273.4794506354544,298.3366478042369
1,488,273.32846548908265,297.90059056549893
1,489,273.1470153358072,297.3647874844505
1,490,272.97889455944176,296.9010371757335
1,491,272.86780096127285,296.64690610350493
1,492,272.82745339537126,296.66852962442454
1,493,272.858393109049,296.9745769810756
1,494,272.9437343619046,297.5005396072026
1,495,273.02360259515854,298.07079278129777
1,496,273.03777382841025,298.46460720589374
1,497,272.9641832812044,298.5412264166592
1,498,272.8099429342309,298.24277593754584
1,499,272.61308499340896,297.62319671196775
1,500,272.4422005113763,296.87518207866583
1,501,272.35538516232117,296.25239023371745
1,502,272.3800608734605,295.9343394251075
1,503,272.49659836694013,295.990307862062
1,504,272.65586667390374,296.3779195632046
1,505,272.80284808741203,296.9488576098907
1,506,272.892100590444,297.5279159311566
1,507,272.8983733403895,297.9892703899394
1,508,272.84341971045325,298.30349982713955
1,509,272.76462604149714,298.52152251876527
1,510,272.6838582558087,298.7485802152799
1,511,272.59840966088365,299.05970020157326
1,512,272.48300794505576,299.46669119716194
1,513,272.29436763781604,299.92055556542505
1,514,272.0032946808591,300.3396821933181
1,515,271.6252030673441,300.6639577344497
1,516,271.23416596990967,300.9213429985062
1,517,270.937731252976,301.19135742318315
1,518,270.8203817634621,301.5435701437882
1,519,270.89899963721786,301.99213330538237
1,520,271.1295111648627,302.49309210715296
1,521,271.4001350436027,302.9512722730736
1,522,271.64272502800486,303.2855904146288
1,523,271.7787113418113,303.38793978578946
1,524,271.78678984652464,303.2074440947748
1,525,271.6781830525077,302.75533788333723
1,526,271.47406250063517,302.098502742441
1,527,271.2096965496387,301.3192891670676
1,528,270.92718353654436,300.5329166096012
1,529,270.65804302257544,299.8657515851158
1,530,270.44125739692413,299.4437997492144
1,531,270.3120758181813,299.32588917784375
1,532,270.30498876121277,299.5230246269225
1,533,270.43934336754506,300.0117648820445
1,534,270.7090825818178,300.71166955901634
1,535,271.07768782784325,301.5088759264846
1,536,271.49406140072915,302.30533928799
1,537,271.88137528023964,302.97922282010154
1,538,272.1597955744567,303.39961719230257
1,539,272.28618521268777,303.516546805586
1,540,272.26944217342185,303.35767628290006
1,541,272.14956310372753,303.00549853638626
1,542,271.9926953455348,302.6172160593223
1,543,271.86909489259756,302.3620606523533
1,544,271.8131819989394,302.316339576661
1,545,271.8186909915943,302.4644799933819
1,546,271.8648561458259,302.74509760569924
1,547,271.9340041969323,303.0742225904917
1,548,272.0054141788929,303.3692394251962
1,549,272.0729917899058,303.586981388337
1,550,272.12960623243987,303.7097848899236
1,551,272.1642757361152,303.74498211055237
1,552,272.16333714920466,303.7474321257261
1,553,272.1322161219818,303.64352859195856
1,554,272.08452134840854,303.44158417231614
1,555,272.0382904942782,303.17962757354445
1,556,272.0041354704252,302.8805527586481
1,557,271.99949061130434,302.59617881174273
1,558,272.03935803821884,302.4893198109431
1,559,272.12208287287086,302.6154477745721
1,560,272.25094316818655,302.94959220499817
1,561,272.43327647076285,303.3753100009721
1,562,272.66095316475264,303.85366080342123
1,563,272.910152758125,304.4474256613463
1,564,273.13891656117966,305.08839154145926
1,565,273.29784213923995,305.57722874175676
1,566,273.33077835106127,305.8042294021478
1,567,273.21652188060955,305.7324654468615
1,568,272.9921844765873,305.41110661389723
1,569,272.72178594775863,304.9206244337429
1,570,272.4731135596778,304.3759065370469
1,571,272.30860503075354,303.8886774833766
1,572,272.27062551561454,303.54320107056833
1,573,272.3721446266185,303.3890224020452
1,574,272.5983118360224,303.4488785482989
1,575,272.90505387846616,303.69389768992465
1,576,273.2289382593773,304.06070165165744
1,577,273.50722231056545,304.51808257123304
1,578,273.68010215617454,304.89187528295315
1,579,273.6979246050672,305.0533131139233
1,580,273.55818223416173,304.944253796883
1,581,273.30840187788334,304.5898955423919
1,582,273.0121157347471,304.07210007652685
1,583,272.7174832249037,303.51430048053703
1,584,272.4752088882782,303.0501606905929
1,585,272.31785479298094,302.753736124729
1,586,272.24270257539837,302.6251063605229
1,587,272.2318316371939,302.61808260385544
1,588,272.2745664662519,302.6697076360713
1,589,272.3468338878345,302.70990412389557
1,590,272.41762038411173,302.7010839087449
1,591,272.4645329572205,302.639176267599
1,592,272.47694093801715,302.546274313246
1,593,272.45443353350515,302.45871187975916
1,594,272.4063392314362,302.40364717129626
1,595,272.33888569122,302.37810915754045
1,596,272.25788825262566,302.37024361473027
1,597,272.1676843150418,302.3591204689912
1,598,272.06636004058845,302.3124364498306
1,599,271.94922380988737,302.2108384251239
1,600,271.81711278987257,302.0640597467643
1,601,271.6689908562434,301.8913730829679
1,602,271.5067907230655,301.71358081011863
1,603,271.3397395306521,301.5467735081975
1,604,271.1878441627836,301.40400682407494
1,605,271.0740387906351,301.2942018278567
1,606,271.0208741311752,301.21952159962404
1,607,271.03307386607236,301.16798526331854
1,608,271.09831504069246,301.1284960627642
1,609,271.19018603146986,301.0986115933909
1,610,271.28549905341157,301.0802182550876
1,611,271.36372640167247,301.065079596882
1,612,271.4166064193404,301.0545729237357
1,613,271.4447939204006,301.0554799308484
1,614,271.4494463915768,301.0537809424262
1,615,271.42485960459584,301.0183639415034
1,616,271.3690802595477,300.9327481268426
1,617,271.2827223058854,300.7888002577415
1,618,271.16978586908584,300.5711233420561
1,619,271.0347017759508,300.26203416028693
1,620,270.87856610990247,299.8475162756474
1,621,270.7040343762532,299.3405010913401
1,622,270.5168971986343,298.77178625289423
1,623,270.31876974071645,298.18484584862426
1,624,270.11570547877596,297.6452173680268
1,625,269.9249734410344,297.2274320927406
1,626,269.7636831516571,296.95594403560244
1,627,269.6495947601582,296.83063355051
1,628,269.60682604033235,296.8534181520488
1,629,269.652438259551,297.00425733541124
1,630,269.7826157204115,297.2392564010999
1,631,269.9709511285892,297.52679950510674
1,632,270.1724467151911,297.8262999668276
1,633,270.34058876768717,298.0878037863451
1,634,270.44490807225145,298.2902130311907
1,635,270.46583000055114,298.43036947658214
1,636,270.4002015594286,298.4993902654605
1,637,270.26426943012774,298.5014684387082
1,638,270.0751471460479,298.44251854246494
1,639,269.84522498599625,298.31863688118676
1,640,269.60696351148425,298.14291409665606
1,641,269.4116296587621,297.9540061656684
1,642,269.3072767939612,297.79052773402475
1,643,269.3184622622563,297.6816904531556
1,644,269.4453084529497,297.65739543593514
1,645,269.6588457749879,297.7475505443344
1,646,269.9037234511978,297.96278626810084
1,647,270.1174910533876,298.29087893933763
1,648,270.26502898792336,298.7100705591408
1,649,270.3421555988868,299.16281493297
1,650,270.36620318770474,299.56373623999104
1,651,270.3691659487214,299.84537060979045
1,652,270.38944183307495,299.97839426660147
1,653,270.44761121019764,299.96520386232305
1,654,270.53562896189806,299.8432426959907
1,655,270.63257923111667,299.66578486741633
1,656,270.697285726424,299.4694627462352
1,657,270.6737726300868,299.2580473575797
1,658,270.52669809559995,299.0118239059927
1,659,270.26243969054406,298.72390700871966
1,660,269.9214082452003,298.41879583355393
1,661,269.5841683748517,298.13921926293347
1,662,269.3488727192563,297.94202509922974
1,663,269.2870128323825,297.88986102051064
1,664,269.4223205771261,298.01003247353293
1,665,269.7209420423444,298.2641583820272
1,666,270.1048055770505,298.58977387997845
1,667,270.48878490929087,298.9434976409846
1,668,270.8070423709549,299.2901126135649
1,669,271.0165143323523,299.59187889809795
1,670,271.1024815296183,299.82747618882536
1,671,271.0779756839733,299.9909207450683
1,672,270.9687225537267,300.06876230025347
1,673,270.80576968190496,300.07228921046755
1,674,270.6350877667087,300.06840534779997
1,675,270.5201191073861,300.15248248679325
1,676,270.5218176748727,300.4076388022391
1,677,270.6733639101642,300.86863094000734
1,678,270.9698857826037,301.46515324443834
1,679,271.3581409973391,302.03257048569435
1,680,271.74376919341995,302.4114039769858
1,681,272.02661199157615,302.4934587046265
1,682,272.1499330772288,302.25532121565675
1,683,272.1221212696515,301.8081292778677
1,684,271.9975577324895,301.34872143509847
1,685,271.8481757290421,301.0422016583166
1,686,271.740340036062,300.9779739994896
1,687,271.70758609759287,301.18115222419937
1,688,271.7448901139298,301.5971990325531
1,689,271.84136068026123,302.1373501997205
1,690,271.99572234741703,302.7153680190687
1,691,272.2042903838505,303.2633763770115
1,692,272.4527456284321,303.70456897596074
1,693,272.70600517307736,303.98230774960626
1,694,272.91696494358064,304.07208523577714
1,695,273.0383930732865,303.97433721171524
1,696,273.0296023186644,303.6973883063698
1,697,272.86450290942537,303.264772249021
1,698,272.55546572860015,302.6941077762764
1,699,272.13529026476533,301.9707139036808
1,700,271.65844262777165,301.1226854461165
1,701,271.1931652179691,300.22491612386466
1,702,270.8117756082496,299.37959817458733
1,703,270.56217548127336,298.6926063631368
1,704,270.45685830307895,298.24980202495595
1,705,270.46443862593753,298.0529281768869
1,706,270.53676095709704,298.0458294823605
1,707,270.6313886512063,298.1458480590472
1,708,270.72542558338995,298.26024032868645
1,709,270.8206282151015,298.31683682516433
1,710,270.9393664951714,298.2995906920805
1,711,271.1020184320875,298.19781853796144
1,712,271.3137297418571,298.00099044454066
1,713,271.5579320963733,297.72166126051565
1,714,271.7994152787012,297.40784525676884
1,715,271.9929681825778,297.13738279654007
1,716,272.0996964403639,297.034179231686
1,717,272.0818138109535,297.20542478013004
1,718,271.9301714853584,297.6935318651703
1,719,271.6779878667366,298.4553797656062
1,720,271.3975389308768,299.37722268491063
1,721,271.1690461744186,300.2973539803414
1,722,271.0731728760784,301.09211733088483
1,723,271.1469907062748,301.7082904108681
1,724,271.3635919219262,302.1390361926248
1,725,271.6287210673681,302.38941835974447
1,726,271.8472678679965,302.5013132982775
1,727,271.95166322238094,302.5409210309274
1,728,271.9164913626172,302.56350960906633
1,729,271.7689837215071,302.6263614696512
1,730,271.59699844029564,302.79463374976336
1,731,271.47470397241307,303.11247715123045
1,732,271.44111808611126,303.5513861730339
1,733,271.50247222309247,304.0089480677839
1,734,271.62910865747165,304.34784778986955
1,735,271.7652060184112,304.45603642577333
1,736,271.8705320590664,304.24972333647264
1,737,271.9243996309694,303.7242521216788
1,738,271.9333142528643,302.98724913195156
1,739,271.9264097414674,302.2069463584258
1,740,271.93919986162405,301.52556058366184
1,741,271.986972135664,301.03764295439237
1,742,272.0697898810253,300.77084883775706
1,743,272.1754918540172,300.6555688578848
1,744,272.28117415840535,300.56143731828195
1,745,272.3513630379825,300.3730570314428
1,746,272.35871897827093,300.0359421184721
1,747,272.2976681401261,299.5703575595862
1,748,272.17433547834673,299.06929372483313
1,749,272.00884298655376,298.6386804017033
1,750,271.840912381021,298.36522952358825
1,751,271.72685326341235,298.322565411668
1,752,271.6959119563031,298.52834408027906
1,753,271.74239730639033,298.9305614617417
1,754,271.8432579439738,299.48295205660395
1,755,271.9693799911903,300.1382365115216
1,756,272.0881611415986,300.8135564917646
1,757,272.19582037608245,301.4420660760685
1,758,272.3199952866731,302.0225874104143
1,759,272.4914273453127,302.5628529308002
1,760,272.720873735411,303.0884843393398
1,761,272.9957742307582,303.6450317700159
1,762,273.28413837196905,304.269729241557
1,763,273.55142990983177,304.94792498455485
1,764,273.76030593261004,305.6231266023261
1,765,273.87429418508856,306.201367834582
1,766,273.8625349617109,306.58376776099874
1,767,273.68419717770445,306.6343101042272
1,768,273.3132796521254,306.2766607569617
1,769,272.77386569558564,305.55580448131934
1,770,272.15941644028254,304.6639185892238
1,771,271.61031566725217,303.92636991454174
1,772,271.1830960063255,303.376858667194
1,773,270.9673288631454,303.1847347191803
1,774,271.009666999988,303.45450631605706
1,775,271.2554077008166,304.11100151034884
1,776,271.59134995733075,304.9682694348561
1,777,271.9026343750291,305.79608281612093
1,778,272.10562345050613,306.41571368794365
1,779,272.12606018307304,306.6939090014182
1,780,271.95295787997094,306.60235487677124
1,781,271.66289982209014,306.2542178778066
1,782,271.35198819575794,305.78698428449826
1,783,271.1020991994615,305.3073145987837
1,784,270.9947575812715,304.9004130184444
1,785,271.0712035903017,304.605739061516
1,786,271.290924297095,304.35209234297025
1,787,271.56085054872455,304.0607501072837
1,788,271.77876312103336,303.7003352239281
1,789,271.87425014159123,303.3161144077643
1,790,271.8243139315918,302.98898754281106
1,791,271.64612562405017,302.8207426527563
1,792,271.3959323116172,302.86992870450393
1,793,271.14683068906396,303.1084763173695
1,794,270.9303554771718,303.4022298030631
1,795,270.74232616965116,303.58087566257035
1,796,270.58287961514765,303.5250963710633
1,797,270.448947024298,303.1705547786469
1,798,270.3337620245112,302.5280851535912
1,799,270.2613490409032,301.70830246694123
1,800,270.26954533241513,300.8882981355208
1,801,270.3676405301361,300.2191547554999
1,802,270.5428751979251,299.84136179485114
1,803,270.76314318211627,299.8598985333786
1,804,270.9695322622737,300.29631898938135
1,805,271.10460790327403,301.06696635390205
1,806,271.1415457449229,302.0380010633847
1,807,271.0831765992405,303.03237456916776
1,808,270.9742366182088,303.8883875644133
1,809,270.874054096982,304.4830878543355
1,810,270.8204131848238,304.7587865655896
1,811,270.8124144491793,304.7148632831282
1,812,270.7742813917046,304.3560254813701
1,813,270.6849493348657,303.75754044193866
1,814,270.5978631273132,303.07105679326827
1,815,270.4919435578636,302.4493463112338
1,816,270.4271228397737,302.01573875471183
1,817,270.3920184073428,301.84043626231727
1,818,270.3585798884794,301.91024600285226
1,819,270.2979415487331,302.1112744671423
1,820,270.1862559733202,302.2932834958519
1,821,270.0306034080261,302.3513355842695
1,822,269.86795728858317,302.224407254297
1,823,269.74085521290715,301.894325229281
1,824,269.6775632248872,301.4127099583389
1,825,269.70191167479265,300.89796187927004
1,826,269.8298845074706,300.5132232335576
1,827,270.0550082181252,300.41060352144575
1,828,270.3492679945196,300.6593134644701
1,829,270.6622384507152,301.17490080869686
1,830,270.91497528266353,301.7374404296461
1,831,271.05049542078444,302.1170862729916
1,832,271.06536718266176,302.17823767046315
1,833,270.9947176657888,301.91139512853783
1,834,270.8994371165434,301.45965400396597
1,835,270.8566415244227,301.0545598383905
1,836,270.9115162942081,300.85191636609176
1,837,271.0399707569336,300.860805585701
1,838,271.1785817249602,300.9959495198673
1,839,271.2700123644761,301.1218026928224
1,840,271.2930768426849,301.12320830111145
1,841,271.25117990684777,300.94811388010737
1,842,271.17350987328615,300.607346620592
1,843,271.1556542883864,300.11123063815603
1,844,271.2799701829935,299.52933477571634
1,845,271.5877561590274,298.9738461826244
1,846,272.08098667115047,298.6099993556271
1,847,272.7027484416488,298.60475033475916
1,848,273.33369951489425,299.0254454436775
1,849,273.8249801991151,299.79824850124334
1,850,274.0713899488784,300.72550648851575
1,851,274.0468041114947,301.5771231485087
1,852,273.75272905311215,302.2163188248861
1,853,273.2732497402804,302.53447272987427
1,854,272.7278925727156,302.624309147864
1,855,272.24841808152615,302.62345245969567
1,856,271.8895925194518,302.6088663967287
1,857,271.6184349760588,302.60493261276827
1,858,271.343324864679,302.59617975019523
1,859,271.067801464032,302.524434880915
1,860,270.8325889177857,302.35641437426847
1,861,270.6683990386292,302.12702821570684
1,862,270.58232522019944,301.8998774641551
1,863,270.5544108200302,301.6938549302586
1,864,270.55737380401706,301.5215846781169
1,865,270.5243181972588,301.3560847925941
1,866,270.4605292565633,301.1706817572999
1,867,270.4175726947325,301.0220229449197
1,868,270.4368385144002,300.9598649745956
1,869,270.51658445130175,300.9767477012851
1,870,270.6417718364329,301.0670466578165
1,871,270.77190138716117,301.190233003471
1,872,270.8338141058728,301.2438846544962
1,873,270.77877105184064,301.1535139970674
1,874,270.604544055225,300.91279744704565
1,875,270.3454175463916,300.5536936422541
1,876,270.05941966343084,300.12384502765667
1,877,269.8090591075879,299.6966355066413
1,878,269.62556792615845,299.33016251624576
1,879,269.5082180592594,299.04346224378156
1,880,269.4354447060357,298.82640947867696
1,881,269.3760869846537,298.66087709962176
1,882,269.2871880613753,298.5051651047429
1,883,269.1456211982437,298.3105972768504
1,884,268.96114312486395,298.04253685132477
1,885,268.7791960132526,297.64465032393883
1,886,268.674531013642,297.0665517820975
1,887,268.76620000737637,296.327028537396
1,888,269.14803734947003,295.4907632966011
1,889,269.82359236017294,294.637298065192
1,890,270.71279138869807,293.9500638198194
1,891,271.6635112377,293.6545462625109
1,892,272.463527634399,293.90517916462755
1,893,272.9387298734098,294.7672438625868
1,894,273.01755163044095,296.2134456613206
1,895,272.7215994230045,298.0436431145377
1,896,272.1695409396865,300.0073261527757
1,897,271.54810704986477,301.893932908836
1,898,271.0687610753841,303.5136119100344
1,899,270.8611351704288,304.70700475685055
1,900,270.9336441093677,305.40986194160155
1,901,271.198901265482,305.60814781039693
1,902,271.54470564761635,305.29721126312285
1,903,271.8257466974358,304.53002215318025
1,904,271.9066336072761,303.520029925451
1,905,271.69641866777,302.64941159688266
1,906,271.2827573913807,301.98328814098033
1,907,270.7430546501402,301.5657791581829
1,908,270.22078703443486,301.48355150351784
1,909,269.88227150077785,301.7551380949103
1,910,269.8244868043925,302.348458665651
1,911,270.0555571817704,303.2341060656728
1,912,270.5682258813626,304.31578742963916
1,913,271.23758059991195,305.39452552436285
1,914,271.8905508670343,306.2843400249161
1,915,272.37861825673565,306.8763609584634
1,916,272.6304972715749,307.2653786040752
1,917,272.60567391331557,307.2710969651244
1,918,272.30849118224467,306.8403793080449
1,919,271.7984239105629,305.9958839617836
1,920,271.18993984506875,304.8768508637935
1,921,270.6011599261507,303.68171033431383
1,922,270.10773751913285,302.6256225526696
1,923,269.76632306641744,301.727215532227
1,924,269.614695266524,301.12315250127745
1,925,269.6526959469716,300.8470529726044
1,926,269.8381105128317,300.767014465563
1,927,270.127364774214,300.69954735082274
1,928,270.4947090896348,300.4741293338197
1,929,270.9300457058125,299.9779421611633
1,930,271.421477119681,299.26788269583756
1,931,271.95586070127183,298.58233333083416
1,932,272.48079165980863,298.17977202205196
1,933,272.88783912225716,298.19278444450606
1,934,273.05848885858916,298.6158877703611
1,935,272.93247131606853,299.32268860994014
1,936,272.50999737232866,300.0935183607582
1,937,271.855252756327,300.7383287996201
1,938,271.1069199521885,301.1993261819338
1,939,270.43551789239865,301.5152634185353
1,940,269.9627841707041,301.74292810017613
1,941,269.73371433762975,301.91366813054236
1,942,269.7235909185962,302.0009176208237
1,943,269.8574920490642,301.9554728144656
1,944,270.03968432070644,301.7876919247928
1,945,270.1815058448137,301.55874647358235
1,946,270.22819677107,301.3507633632932
1,947,270.1888617050135,301.2625804091202
1,948,270.10257710861396,301.37028124376303
1,949,269.9974242417907,301.6335743937736
1,950,269.9126229556424,301.9580302766796
1,951,269.8995257946512,302.2747249717317
1,952,269.97329489277337,302.5352567147754
1,953,270.1261852784177,302.6829529619248
1,954,270.34542574628966,302.6963261373243
1,955,270.5912083521552,302.59577400686356
1,956,270.7972305730004,302.4121965773965
1,957,270.91863282369536,302.1688303139117
1,958,270.9319483312582,301.9037101405487
1,959,270.86057767737776,301.70381413650773
1,960,270.7556885182292,301.62504846313226
1,961,270.6781024393803,301.6740114213964
1,962,270.6785923242498,301.8374919325101
1,963,270.7866196618885,302.06845044775486
1,964,270.98471968014235,302.25943998421593
1,965,271.2288966337393,302.3225542838288
1,966,271.4773687696464,302.2350912346568
1,967,271.69142259601466,302.0310161800808
1,968,271.89920413441376,301.62451959275273
1,969,272.1593845158448,301.03774188080223
1,970,272.54729882889546,300.32337264208326
1,971,273.09639507988175,299.52510090623485
1,972,273.79351770009396,298.73691070229336
1,973,274.54528133259674,298.1467958999726
1,974,275.1930812247525,297.93231730167435
1,975,275.5908688459283,298.2410958797485
1,976,275.66553146241523,299.1048956175822
1,977,275.4063810730817,300.39752122176094
1,978,274.8749099229487,301.80227137701223
1,979,274.1802160202377,302.9878801977372
1,980,273.40976057528746,303.89549278045
1,981,272.6097651249773,304.2944868511556
1,982,271.87653995396926,303.9701432471326
1,984,270.9398258188526,302.64898967330527
1,985,270.5640606952925,301.7264115292913
1,987,270.2424004786978,300.76041220831934
1,988,270.28410031803213,300.72235894992303
1,989,270.4230741209699,300.8423791919264
1,990,270.4615673989073,300.99602146218706
1,1001,271.2311422974099,302.2037095728369
1,1002,271.12313619452806,302.7409956194602
1,1003,270.9578766946944,302.9690730590402
1,1004,270.72281956517566,302.74523350589493
1,1005,270.4753907189141,302.1648609814042
1,1006,270.22461647570714,301.3546798309111
1,1007,269.9558216723146,300.4750639223567
1,1008,269.67674424187504,299.6555787307184
1,1009,269.42796598657196,298.99106660816255
1,1010,269.2558378961755,298.5090589111235
1,1011,269.1997505130969,298.20008545482244
1,1012,269.30307252179404,298.04489793004797
1,1013,269.5802094832049,298.03096606386634
1,1014,270.00304083523474,298.16246038155185
1,1015,270.5012381079967,298.46787414433965
1,1016,270.97397054416695,298.96021564131803
1,1017,271.3046755731011,299.6027998989664
1,1018,271.4033381661356,300.3170610654279
1,1019,271.2446436539006,300.9964973928608
1,1020,270.87111233067276,301.5089427611126
1,1021,270.37819476733836,301.7521475065436
1,1022,269.8903214230717,301.7080881771456
1,1023,269.5233660489546,301.4089263648795
1,1024,269.32782525168017,300.9103606889337
1,1025,269.29474888292754,300.3212998041855
1,1026,269.3901725970739,299.7928258785936
1,1027,269.55694121831255,299.4571896786443
1,1028,269.728288937993,299.412084495773
1,1029,269.872519140724,299.7252745820139
1,1030,269.9895797842619,300.38523722538247
1,1031,270.06863627431505,301.23436346517786
1,1032,270.1065772020588,302.0442444801547
1,1033,270.11981796759756,302.6463804378478
1,1034,270.12843266074833,302.94045544908437
1,1035,270.13611947278724,302.88939056382395
1,1036,270.1485255498893,302.57904288770084
1,1037,270.17949601740537,302.16928559010455
1,1038,270.22993511515153,301.76115556569204
1,1039,270.2851376867951,301.4002058301173
1,1040,270.3466058625614,301.1239414132803
1,1041,270.4283501862898,300.9536562417141
1,1042,270.5257947261862,300.87876014600624
1,1043,270.63835568652996,300.9070268258152
1,1044,270.77979573261484,301.0524626630787
1,1045,270.9448110273448,301.27044018248944
1,1046,271.10583401601593,301.4414814835727
1,1047,271.247903272555,301.47385398923376
1,1048,271.35672218283776,301.3213662763992
1,1049,271.4085019939842,300.9826653415092
1,1050,271.4022443058486,300.5373649046569
1,1051,271.3652278337656,300.14461672111156
1,1052,271.3257901124125,299.91443635472507
1,1053,271.304963482114,299.8861345852299
1,1054,271.318087963383,300.0320577106252
1,1055,271.3675046961575,300.3009824060595
1,1056,271.44779675526047,300.6334980283532
1,1057,271.55171601927776,301.00221958182493
1,1058,271.67731554557844,301.38592567565007
1,1059,271.81787197610265,301.76208401594846
1,1060,271.95180466128585,302.07227262037236
1,1061,272.050349431386,302.24265229347407
1,1062,272.0851096731596,302.2197922753485
1,1063,272.03125794523623,302.0114301518883
1,1064,271.8944111934638,301.69753918758187
1,1065,271.7119923862702,301.38663170219115
1,1066,271.52889271857293,301.1797704432599
1,1067,271.38212498508597,301.14127323954494
1,1068,271.30228729727304,301.271424243692
1,1069,271.2955256293605,301.5148622725456
1,1070,271.3451360712086,301.8091679696641
1,1071,271.4261697501934,302.0894970722606
1,1072,271.52112208160014,302.2981125519156
1,1073,271.6118292334278,302.4123550704791
1,1074,271.6871705001811,302.4398053133739
1,1075,271.74072076348074,302.4071003592717
1,1076,271.7676219209457,302.3601840871408
1,1077,271.7620119344167,302.3438212788804
1,1078,271.72611146272914,302.38839283629636
1,1079,271.6684666632334,302.5061989278061
1,1080,271.6090562598856,302.6870216084372
1,1081,271.5669777378394,302.89950005749785
1,1082,271.55059388545715,303.1141256871106
1,1083,271.5590959153471,303.2961354367026
1,1084,271.58265910043895,303.4147920824246
1,1085,271.601250551487,303.44994564362725
1,1086,271.60430565450656,303.4129250196401
1,1087,271.59856304334943,303.34184946968486
1,1088,271.5963884434695,303.29845586517274
1,1089,271.61136104356035,303.3225785514803
1,1090,271.65718757449065,303.43010271265166
1,1091,271.7389588755983,303.60695422597513
1,1092,271.8532480359077,303.821500505073
1,1093,271.99348265275535,304.03372841043705
1,1094,272.15326284299965,304.23162569949955
1,1095,272.32073075669246,304.4262332253557
1,1096,272.47807696515594,304.6379456719314
1,1097,272.6078321586963,304.86768066300533
1,1098,272.70226147271603,305.0974544253216
1,1099,272.75893083094587,305.3084831708793
1,1100,272.78171569913144,305.4839887270762
1,1101,272.7841087534624,305.6056149484991
1,1102,272.7806449828447,305.6753189393472
1,1103,272.77744005207916,305.71460819384095
2,0,279.3599618252955,316.25301423574496
2,1,279.40786872740347,316.2982097675639
2,2,279.46477983419345,316.3458644983851
2,3,279.5228029983931,316.38852229318167
2,4,279.5687493789312,316.4177914789229
2,5,279.5960153962098,316.43352444916815
2,6,279.6053598429738,316.43996345894544
2,7,279.6049047788814,316.44203901475026
2,8,279.60105042704765,316.4338758643277
2,9,279.5981131232298,316.4075992374467
2,10,279.5977178946829,316.3583078410883
2,11,279.5997796318716,316.2881920804901
2,12,279.60209859050536,316.2079546552093
2,13,279.60058445629437,316.1321100206117
2,14,279.5914594380666,316.06492567023605
2,15,279.5737083385154,316.0072423986899
2,16,279.54890177217266,315.9581185179168
2,17,279.5198761705799,315.9153298257015
2,18,279.49055135997696,315.87808738881347
2,19,279.46574252990786,315.85138545901907
2,20,279.44964031845035,315.8397066669422
2,21,279.4430959678418,315.84614093518206
2,22,279.44501378270076,315.86873971268636
2,23,279.4540617347141,315.9022536542535
2,24,279.4676221811942,315.94430218524354
2,25,279.48157559713474,315.99345603225476
2,26,279.49297774334144,316.0463480772025
2,27,279.49963064017606,316.10079819575924
2,28,279.5001366421155,316.1533832706091
2,29,279.4948796184888,316.1956407409052
2,30,279.48616834483215,316.22080777725495
2,31,279.4782436980289,316.2265201350199
2,32,279.4762107617321,316.21338267944475
2,33,279.4828666556843,316.186059416828
2,34,279.4982475160155,316.15282501278017
2,35,279.52063218916476,316.12157764861837
2,36,279.5459438375448,316.09843532978846
2,37,279.56920475360704,316.0878065706154
2,38,279.5883611268632,316.08963670662575
2,39,279.60249591683373,316.10161459523914
2,40,279.61020943576807,316.1193117641315
2,41,279.6106684112241,316.1371224270964
2,42,279.6045637881722,316.150279336645
2,43,279.59350795112294,316.15830876888987
2,44,279.58163841896106,316.1622954803382
2,45,279.57383507048826,316.16541378663175
2,46,279.57418583745414,316.1716514396498
2,47,279.58506324629286,316.1834002419375
2,48,279.60465909895225,316.20100877038647
2,49,279.62772615856886,316.22414816562195
2,50,279.6502403534246,316.2504690175375
2,51,279.66928529500615,316.2772845778239
2,52,279.68026557293246,316.30174400861
2,53,279.6799958471547,316.32001653018574
2,54,279.6686412331329,316.32872168999927
2,55,279.6491497779129,316.32580727215804
2,56,279.6277332116048,316.309494446498
2,57,279.61296087600357,316.28259135079105
2,58,279.6131878857515,316.25081850170824
2,59,279.6319992643083,316.2193053504165
2,60,279.66495821376765,316.19278625424374
2,61,279.701399413271,316.1759118082402
2,62,279.73219133291843,316.16796694578153
2,63,279.75127540122924,316.16549597208854
2,64,279.75613667936824,316.16430107735425
2,65,279.748642659626,316.15997056325256
2,66,279.733673525733,316.14962268243295
2,67,279.71580553836395,316.1340883660665
2,68,279.6983649554871,316.11685169972725
2,69,279.6831427541612,316.1019683752395
2,70,279.67218473848425,316.09436324726147
2,71,279.667277839323,316.0974681160967
2,72,279.6666785020358,316.1119352445343
2,73,279.66687186283565,316.13400144447274
2,74,279.66600751677,316.16057632720447
2,75,279.6632021674434,316.18850411231205
2,76,279.65844748444744,316.2137553452424
2,77,279.65398717381055,316.23156841492585
2,78,279.651962903619,316.24173331466665
2,79,279.6547005155409,316.246379228569
2,80,279.66413528213815,316.24937234552414
2,81,279.68096768556495,316.25562744702177
2,82,279.70516358450914,316.27020677490515
2,83,279.7358190004801,316.2946123665826
2,84,279.7688248444309,316.32484264535265
2,85,279.7977205030654,316.3521447227511
2,86,279.8167152640898,316.3684187726762
2,87,279.8210991262922,316.3692990574939
2,88,279.80992617586395,316.3534368149271
2,89,279.7867529679932,316.32397744951015
2,90,279.7583033515951,316.2887356712449
2,91,279.7322519318628,316.25585102371286
2,92,279.71641769422837,316.2325145304937
2,93,279.71265101994317,316.22410839671886
2,94,279.71698860779014,316.2325865817873
2,95,279.72347162222013,316.2547447506676
2,96,279.7247112493111,316.2841978225058
2,97,279.7126605295629,316.3100363706744
2,98,279.6872445926643,316.32054820345445
2,99,279.6540581706512,316.3085111722351
2,100,279.61879446844523,316.2745928570107
2,101,279.5864110032595,316.22478330636477
2,102,279.56169725854016,316.1695662755695
2,103,279.5460393746317,316.120480366498
2,104,279.53908535126703,316.0845990491434
2,105,279.5401143216192,316.0624196966983
2,106,279.5479955499445,316.05016282141173
2,107,279.560529217958,316.04284048794335
2,108,279.57412826009335,316.0358405947802
2,109,279.5844275146338,316.0255468637086
2,110,279.5882954168003,316.0106349670096
2,111,279.58567998393914,315.99229612886114
2,112,279.5779111103148,315.97283124841323
2,113,279.56600182822353,315.95619161905995
2,114,279.5525376691049,315.94824552208127
2,115,279.5419911644899,315.9526664824802
2,116,279.53733996324445,315.96820828265743
2,117,279.54040720607827,315.99113293483356
2,118,279.55401039720283,316.0150075087127
2,119,279.5771091952132,316.03228872696894
2,120,279.6027230674894,316.038206977469
2,121,279.6234235358948,316.03383578164346
2,122,279.6349310561126,316.0212452639771
2,123,279.6346518297087,316.0022206403527
2,124,279.62456690002625,315.97957254045343
2,125,279.61140753406613,315.9579317729571
2,126,279.60201976453567,315.9411770359254
2,127,279.5997618146886,315.9335973610174
2,128,279.603743468916,315.94078326077033
2,129,279.60887603709324,315.964933126362
2,130,279.608900367841,316.0011042091223
2,131,279.59816934785493,316.0414560151712
2,132,279.57323656781904,316.07878826749084
2,133,279.5362608542879,316.1055121823787
2,134,279.4948425759177,316.11688894307457
2,135,279.45707106304576,316.1152106163867
2,136,279.4296423194673,316.1043971055044
2,137,279.4160029591095,316.08631892910125
2,138,279.4146522114046,316.06313781750526
2,139,279.4209856315135,316.0378911443294
2,140,279.4305021670475,316.0113199481855
2,141,279.43865114259887,315.9846566741726
2,142,279.44440956766306,315.9609728403956
2,143,279.4496843048754,315.94401097733487
2,144,279.4545045916543,315.9364282925961
2,145,279.4570743609833,315.94018901110485
2,146,279.45819083506575,315.9547450838388
2,147,279.45850843375297,315.97672720360003
2,148,279.45864736676316,316.0010432480004
2,149,279.4607783620649,316.0214964984875
2,150,279.4677917806693,316.03273622391964
2,151,279.4810634669938,316.0329586522021
2,152,279.50105888321553,316.0255437598995
2,153,279.52492254712905,316.01555223496007
2,154,279.54901423090365,316.0088082217643
2,155,279.57038018212694,316.0086582625871
2,156,279.58642113328,316.0161549033799
2,157,279.59502154947484,316.0296513590108
2,158,279.5977320375229,316.04569302179436
2,159,279.59731118265603,316.05897924336847
2,160,279.5952638721123,316.0642648469066
2,161,279.5906787466587,316.0550480584145
2,162,279.5809684969642,316.02571628372095
2,163,279.5635522515617,315.97621187761735
2,164,279.5385755338929,315.9120616134701
2,165,279.5086447018063,315.8431329631296
2,166,279.4792984837679,315.7826994895662
2,167,279.45781490314005,315.7426260511957
2,168,279.4494546449368,315.7273755107032
2,169,279.45389189743815,315.73479488852786
2,170,279.46811203693517,315.75815487308597
2,171,279.4881001307934,315.78715064649964
2,172,279.50840869272463,315.81033991617875
2,173,279.52418701279964,315.8203572691012
2,174,279.53519092049953,315.8161494784212
2,175,279.5446489471322,315.8034166381989
2,176,279.55624555188496,315.79199499516477
2,177,279.57290001535955,315.7917549714473
2,178,279.59639799779507,315.80939053714957
2,179,279.6245610036746,315.8459906176211
2,180,279.65120467929006,315.89456300468294
2,181,279.66959051968524,315.9443384186884
2,182,279.676801832802,315.98870640127296
2,183,279.67230283292685,316.02543285734595
2,184,279.6587891630777,316.0546443750156
2,185,279.6418994207535,316.0796640990297
2,186,279.6268216303431,316.1052800531513
2,187,279.61479264062325,316.12948647422246
2,188,279.60593560888617,316.144922679136
2,189,279.5991928866298,316.1447634818131
2,190,279.5914852721347,316.1248040787975
2,191,279.58075281668283,316.0841146284066
2,192,279.56763413780885,316.02956369879064
2,193,279.55301836888145,315.9733733797842
2,194,279.53710175488084,315.92709787987167
2,195,279.5214242347113,315.89865899458965
2,196,279.5072788130956,315.8892628225572
2,197,279.495362543578,315.89498429479494
2,198,279.4871302502351,315.909166348299
2,199,279.4865558445266,315.92451705537303
2,200,279.4981517893715,315.93590448965176
2,201,279.52343996868626,315.9436238921013
2,202,279.5608970472316,315.95010354298194
2,203,279.6065431628854,315.95768455592275
2,204,279.6529955502177,315.970125676528
2,205,279.6905728831269,315.9897645566867
2,206,279.7147647830255,316.0158077119929
2,207,279.7256903440465,316.0447485192995
2,208,279.72505633838887,316.0715923158851
2,209,279.7154188618899,316.089884788957
2,210,279.7001106150443,316.09384339445234
2,211,279.67969607108563,316.0799884652056
2,212,279.6518515674383,316.0476639976085
2,213,279.61637764853367,316.00205087917925
2,214,279.5754381439344,315.95145798719847
2,215,279.53288685784867,315.9053764115805
2,216,279.4934187999303,315.87156258309653
2,217,279.4634565402883,315.85679197070954
2,218,279.4451345121976,315.8615980635301
2,219,279.43655499967383,315.88139479126835
2,220,279.43305722150563,315.9070667185101
2,221,279.4297633027282,315.9300814454652
2,222,279.42254311920266,315.9438294266708
2,223,279.4120994688914,315.9458287358334
2,224,279.40452427367046,315.9374705803362
2,225,279.40653163313004,315.9276172705222
2,226,279.4226475750349,315.9262553472597
2,227,279.4539232585883,315.9386452854021
2,228,279.49573262195855,315.9646076756949
2,229,279.53714042135505,316.00100808578424
2,230,279.56946139658965,316.0382996733286
2,231,279.588575543633,316.06568194931964
2,232,279.59332136214226,316.07727269135387
2,233,279.58539082894373,316.07375271277726
2,234,279.5707215936472,316.0598626815209
2,235,279.5539397261978,316.04314861487296
2,236,279.53721857787224,316.03117797829316
2,237,279.52244064936946,316.027504894788
2,238,279.51213549981765,316.03215225808776
2,239,279.50770825253886,316.0409288064639
2,240,279.51046670578864,316.04765202777986
2,241,279.52041910519614,316.04715853776486
2,242,279.5348581099979,316.0385550826624
2,243,279.54922690994863,316.0226444935541
2,244,279.5590493096422,316.00333002672437
2,245,279.5610002783464,315.9858961625596
2,246,279.55471769403005,315.97432796780436
2,247,279.5442822540719,315.969971801911
2,248,279.53727681528045,315.97207229018244
2,249,279.53980305456656,315.9793921005279
2,250,279.55527168848545,315.9918134773306
2,251,279.5839601668976,316.0095731287037
2,252,279.62121929925974,316.0313929368514
2,253,279.65836777033365,316.05642087757957
2,254,279.6898417169078,316.08243742699665
2,255,279.7130459723208,316.10643430699776
2,256,279.7271191030349,316.1265456177846
2,257,279.7347461883373,316.14444291805
2,258,279.7429828154216,316.16110809986236
2,259,279.7614957503696,316.17103223713224
2,260,279.807491870746,316.14712406130934
2,261,279.905843191015,316.0488342818137
2,262,280.0808199606415,315.8502255298519
2,263,280.334520107467,315.55501661089954
2,264,280.64066745232225,315.2151843302015
2,265,280.9479402312439,314.94568869431396
2,266,281.18060783803855,314.8792155894575
2,267,281.25092214283364,315.0886669042491
2,268,281.113289608033,315.5689480238228
2,269,280.77924968275903,316.2193324617271
2,270,280.2932643466153,316.86820931703426
2,271,279.75328892322955,317.3742671552638
2,272,279.30426185386983,317.699827616594
2,273,279.0476097144926,317.8654340252336
2,274,279.0186685217307,317.9709647228461
2,275,279.1825221668676,318.03941613954095
2,276,279.4693221357261,318.1061009611969
2,277,279.73410988783183,318.14252001057775
2,278,279.8379183314606,318.1249127292007
2,279,279.7391524603563,318.07964743725506
2,280,279.4881529957966,318.0426587226658
2,281,279.2048478800778,318.08046976516135
2,282,279.036967378516,318.2951948357342
2,283,279.0318059805246,318.63827937481534
2,284,279.1702588926476,319.0085336603037
2,285,279.3857802775209,319.3029086844139
2,286,279.5828041978093,319.43035943436684
2,287,279.7272225512669,319.39807975252074
2,288,279.78656025993246,319.23988834323086
2,289,279.74662974276924,319.01768264197864
2,290,279.6227617073498,318.80609512541855
2,291,279.43215682935715,318.62961437263976
2,292,279.2105523346604,318.4797750372966
2,293,279.00963218439466,318.3472177292098
2,294,278.8675731264591,318.21958953728836
2,295,278.8078358210439,318.08540350959686
2,296,278.84437830541117,317.9753635990908
2,297,278.9605941681726,317.9380546691895
2,298,279.1234825871173,318.0076194276894
2,299,279.2967835777658,318.18181428379955
2,300,279.4476203177885,318.4293329483453
2,301,279.5509686938508,318.6834418587713
2,302,279.5965149112003,318.8751938775581
2,303,279.5854425716728,318.954819906243
2,304,279.5332155142001,318.90579546534184
2,305,279.45371599174285,318.7346026256296
2,306,279.3549667087324,318.46754810081546
2,307,279.24850501658403,318.148153517465
2,308,279.1543893728645,317.84038235372464
2,309,279.08841880112425,317.5929987841476
2,310,279.0561929594875,317.42175331906594
2,311,279.0651206408872,317.3329322757798
2,312,279.1167447638019,317.3236463907581
2,313,279.19726021236903,317.3472254818733
2,314,279.2796621338711,317.34875996492724
2,315,279.34417669582035,317.313255326959
2,316,279.37378953533573,317.24698474307024
2,317,279.36251294419594,317.1500976571377
2,318,279.3121475985887,317.041557899338
2,319,279.23441466146056,316.95252095075335
2,320,279.14039109394815,316.8907585985057
2,321,279.0393519456744,316.8470069758308
2,322,278.93958277149966,316.81833879618046
2,323,278.84884608899944,316.7933459503658
2,324,278.7735356862535,316.7645832234417
2,325,278.7211530238638,316.74623300018055
2,326,278.7022124464674,316.75685154520005
2,327,278.7144256405106,316.8001354887997
2,328,278.7528920686864,316.88553467219083
2,329,278.8166280687452,317.0168720035489
2,330,278.90253465540434,317.17187195280746
2,331,278.98896801720167,317.30433243552363
2,332,279.0505381946329,317.3678880000098
2,333,279.06134504995225,317.32344890063894
2,334,279.00120691756206,317.15286533783444
2,335,278.8736458189616,316.88371614970833
2,336,278.72009275624816,316.5940315030938
2,337,278.5980649765796,316.38075664354517
2,338,278.55716018136735,316.32113708529454
2,339,278.62080576461676,316.4526336936103
2,340,278.776292283015,316.7545878850982
2,341,278.98267630908384,317.1610252764227
2,342,279.19098781176336,317.58425599218117
2,343,279.3592603518356,317.9374556523737
2,344,279.46330401174,318.1429022654282
2,345,279.4938017811623,318.156737425458
2,346,279.45194751960287,317.97793764747485
2,347,279.34830873662474,317.6453042142041
2,348,279.20552221609853,317.23466250193695
2,349,279.05681744261403,316.84817096225396
2,350,278.94293722242634,316.5758000514395
2,351,278.8992218727164,316.47179365051807
2,352,278.94350180138247,316.54776890435596
2,353,279.0741020111198,316.76870410145904
2,354,279.2680742093163,317.07038866742863
2,355,279.4831551547543,317.3846467390788
2,356,279.66815425838996,317.6348035767278
2,357,279.78575804372264,317.7645430949668
2,358,279.81861755041615,317.7581030740372
2,359,279.76846443959136,317.63105540010304
2,360,279.6588878387486,317.4235937666568
2,361,279.5357788167325,317.20918955357206
2,362,279.4456844789146,317.05741438508096
2,363,279.41629735221613,317.0118609515191
2,364,279.4561493870507,317.0835344140415
2,365,279.55376247371817,317.25050560966105
2,366,279.6766197769895,317.46767773384045
2,367,279.78193952580716,317.6756411141337
2,368,279.8427034571435,317.81709967413303
2,369,279.85197976862173,317.85578675629483
2,370,279.8171413249097,317.7823165572295
2,371,279.75887317659755,317.6079875591961
2,372,279.7106346158801,317.3756420906673
2,373,279.7050196790554,317.1462501464454
2,374,279.7693773245148,316.98136358270347
2,375,279.9263619249786,316.9301505291741
2,376,280.18700578576266,317.01777447273946
2,377,280.54187656528524,317.23583214233105
2,378,280.9570290659279,317.5411439593728
2,379,281.36835251252467,317.85795883713575
2,380,281.7002739736515,318.09420757530194
2,381,281.8915113973714,318.1723212771995
2,382,281.90949696945097,318.0432730329914
2,383,281.7613181087969,317.711232331903
2,384,281.50885843176155,317.24636888362784
2,385,281.2413611806913,316.7565632167254
2,386,281.031539625358,316.34405792601643
2,387,280.9204586073925,316.0875310920333
2,388,280.91585512704376,316.0130845346065
2,389,280.9883537247598,316.0874503455834
2,390,281.0872405979758,316.2442304053959
2,391,281.1739449148377,316.4229659605386
2,392,281.22824211637317,316.5743908679779
2,393,281.23872726776347,316.6597701439269
2,394,281.20077946485117,316.64752447244103
2,395,281.11642590761835,316.5261396478884
2,396,280.986015154686,316.2809099445779
2,397,280.818117993429,315.9093264944705
2,398,280.6294969559572,315.4417207705788
2,399,280.4367649970925,314.946894043217
2,400,280.2614222753406,314.50470214484164
2,401,280.126220621534,314.20447720944566
2,402,280.0410956976279,314.10850577652207
2,403,279.9950109186098,314.2196174069317
2,404,279.97363039058916,314.4781155335089
2,405,279.96328605565657,314.7955721061361
2,406,279.95038815342303,315.06559941407204
2,407,279.92185884961447,315.1976363247482
2,408,279.8893173026209,315.1517949980218
2,409,279.87097523508515,314.94072948084346
2,410,279.86846381396265,314.5967013392973
2,411,279.8754359158122,314.1741671763328
2,412,279.89391588813095,313.74288545540026
2,413,279.91228282262904,313.36053371703554
2,414,279.9112119940945,313.06525991538996
2,415,279.8746625242683,312.8757189173971
2,416,279.78742584746345,312.78021597312545
2,417,279.6318792740877,312.7364933376735
2,418,279.40613839808526,312.69682350627113
2,419,279.12873766820195,312.6134046290969
2,420,278.8344041305095,312.44630552177694
2,421,278.56422190412525,312.177523969291
2,422,278.35531175275503,311.83093142506107
2,423,278.22784053195255,311.4561512452992
2,424,278.18039173780124,311.11888353626955
2,425,278.2027112687624,310.8918730839371
2,426,278.28734380634063,310.8436090018117
2,427,278.4278484956109,310.9952494379903
2,428,278.61917762336077,311.322063780082
2,429,278.85365250297946,311.76703393570193
2,430,279.1187599070431,312.26353864595035
2,431,279.39460282173735,312.7350997423694
2,432,279.65869615386737,313.1237545513779
2,433,279.8935122297147,313.40650354973826
2,434,280.0907053108709,313.5948625615261
2,435,280.24578997304053,313.71244154298165
2,436,280.3486286899433,313.7903509270745
2,437,280.3916525473645,313.8657235339772
2,438,280.3778639698919,313.96272090457046
2,439,280.32325515241047,314.0915026915232
2,440,280.24949579668873,314.26265788348815
2,441,280.1916190726069,314.48539013436886
2,442,280.18629473918816,314.7590473913013
2,443,280.2497013606607,315.0767020761337
2,444,280.36817995273867,315.40868535472987
2,445,280.50521128253894,315.69807957073425
2,446,280.6120000765839,315.8989455195362
2,447,280.64880691959735,316.0016589131345
2,448,280.60032235675084,316.01911917565747
2,449,280.4857625583094,315.99504623871053
2,450,280.35572136938026,315.99793451347983
2,451,280.267248794806,316.0772684196165
2,452,280.25185478126804,316.222017831242
2,453,280.31367104341314,316.3904818916133
2,454,280.4315725564827,316.52727529774603
2,455,280.56121299047896,316.56861855084657
2,456,280.65156508760566,316.46302755417753
2,457,280.66956433618867,316.2005642010916
2,458,280.59620723802465,315.80440602410243
2,459,280.42211343069255,315.31584562768575
2,460,280.1609607094289,314.7953103242605
2,461,279.84992584115815,314.3090637202299
2,462,279.5282170917633,313.90271673160083
2,463,279.2328473445969,313.5897431223756
2,464,278.99779617057015,313.35997512598567
2,465,278.8437246067939,313.1841720352827
2,466,278.77025156515737,313.03747312905995
2,467,278.7657344100496,312.92606178498033
2,468,278.8166793917762,312.87787866107726
2,469,278.90622612818106,312.9146396270189
2,470,279.0062105124965,313.04089328107005
2,471,279.09570120602774,313.2330560573272
2,472,279.1768939376923,313.44793141489373
2,473,279.26460008809227,313.64583185968144
2,474,279.37891543795456,313.8082813500296
2,475,279.5475584081448,313.9401566593109
2,476,279.7842225588136,314.061773100552
2,477,280.0727707963116,314.1812473425891
2,478,280.3765391851382,314.2862958984665
2,479,280.65703067598605,314.3723196706296
2,480,280.88530907133935,314.4533207171277
2,481,281.0485648082361,314.5500626941185
2,482,281.1506398928693,314.68248014462216
2,483,281.2070718734753,314.85122960316386
2,484,281.2307501281748,315.01430356977573
2,485,281.22313823319985,315.09949804125677
2,486,281.1819112858835,315.04332667853174
2,487,281.1039189482939,314.81687393841617
2,488,280.99096238775076,314.45711454035376
2,489,280.8550023156923,314.05751314524764
2,490,280.72201556099867,313.7326493880818
2,491,280.6184814749652,313.5816905999899
2,492,280.56224923691195,313.66062269977255
2,493,280.55502650130546,313.9614092720949
2,494,280.58350896717263,314.41052474032654
2,495,280.6167637358075,314.88193680359956
2,496,280.62441472915964,315.23177034356706
2,497,280.59126303346466,315.3617715470059
2,498,280.5265687585368,315.2398113424727
2,499,280.45267002484786,314.9100601036173
2,500,280.3976291211013,314.48278696303174
2,501,280.3804687045659,314.0967562278391
2,502,280.4064481875864,313.85454265401773
2,503,280.4542431250418,313.7961257151785
2,504,280.49310192315676,313.8991902045875
2,505,280.5043482185421,314.10252385473274
2,506,280.4816627677967,314.33047307045047
2,507,280.4268864728007,314.5306024764849
2,508,280.3614703133581,314.6986723584723
2,509,280.31529677676303,314.8723566987576
2,510,280.29540619615835,315.1009961549564
2,511,280.28098827906257,315.4138458413359
2,512,280.24099549613453,315.8105198228048
2,513,280.1433966709224,316.25636322463964
2,514,279.9650221105174,316.6945462013676
2,515,279.70845675140004,317.0636061161111
2,516,279.4232412074217,317.3447452961963
2,517,279.1935601045719,317.5594431124521
2,518,279.0921401326805,317.7461487324427
2,519,279.1431110694134,317.92995928469776
2,520,279.33564766821,318.1373644761839
2,521,279.62214073348844,318.3739018596267
2,522,279.9113125473556,318.5986795559589
2,523,280.11178491246443,318.73402045330954
2,524,280.18855458649705,318.73143980050577
2,525,280.14256931125635,318.5651114038605
2,526,279.9912685231589,318.2338914246931
2,527,279.7857340153115,317.7838976849814
2,528,279.58067336524095,317.3062962320785
2,529,279.4056929696739,316.88835743937346
2,530,279.2769791565703,316.6064920134342
2,531,279.20446379216065,316.50386258114133
2,532,279.1923892163925,316.589717056793
2,533,279.2530834687678,316.8494951697693
2,534,279.39707578655623,317.2376237717151
2,535,279.619934517835,317.6906302012959
2,536,279.9020301508042,318.14741403253885
2,537,280.19527430002876,318.53385569821853
2,538,280.4326538789862,318.76943956539424
2,539,280.565504417647,318.82425961831086
2,540,280.58211509900457,318.7138148266795
2,541,280.4989805607812,318.4856803247687
2,542,280.36761647427477,318.2266697982278
2,543,280.24776678064075,318.0344346841203
2,544,280.1698961959429,317.9563579943146
2,545,280.1351935859806,317.99284324812885
2,546,280.13592545224054,318.1240511132003
2,547,280.15864095787356,318.31876859082354
2,548,280.19058691395287,318.53610849209457
2,549,280.2278767297734,318.74464859914485
2,550,280.2595415494159,318.9196844263279
2,551,280.26907999676376,319.0361206082666
2,552,280.23899171376365,319.0632684314433
2,553,280.1661836083086,318.97513944212875
2,554,280.069548807711,318.7826898294843
2,555,279.98933895876803,318.5259246653397
2,556,279.9602980597706,318.2577768223133
2,557,280.011389024528,318.05849875606503
2,558,280.15425636779116,318.01471133446955
2,559,280.36771898851913,318.1641119901165
2,560,280.61413441798123,318.49173368415006
2,561,280.8744179900848,318.95612382993556
2,562,281.1289216469986,319.49565024397873
2,563,281.341126107818,320.0335368470179
2,564,281.48453876486525,320.48675959929574
2,565,281.5446124096647,320.7755976503393
2,566,281.49192458715066,320.8468296218524
2,567,281.3115124062583,320.6947751591976
2,568,281.03924012304066,320.36473704142173
2,569,280.73334386096786,319.92172191712547
2,570,280.4484153961307,319.45127478410427
2,571,280.24370355291444,319.0414293617784
2,572,280.1697463888771,318.76060339112234
2,573,280.2467560439672,318.66429739625715
2,574,280.4616265369119,318.78268365599445
2,575,280.7767433629467,319.0926903140611
2,576,281.13006373101297,319.5219245598728
2,577,281.44683551574593,319.9790944977588
2,578,281.6577197637033,320.3397319813547
2,579,281.7183809558732,320.49948712264023
2,580,281.6266545207743,320.4160115767443
2,581,281.4256859168655,320.1236332035718
2,582,281.17807208607604,319.705226820804
2,583,280.93661257402704,319.2686691958857
2,584,280.7461316611773,318.9190950315724
2,585,280.63370737121215,318.7149125878514
2,586,280.59598196521347,318.6555631214961
2,587,280.6149175076041,318.7050962610366
2,588,280.6776039849125,318.811866015696
2,589,280.7614939239651,318.9145552017463
2,590,280.83648044911376,318.97537132216394
2,591,280.88012862258705,318.9826642828544
2,592,280.8842787743795,318.9433010106555
2,593,280.85120818791864,318.88126359801043
2,594,280.7941700154995,318.82484079083594
2,595,280.7243600143697,318.7843033680581
2,596,280.65042162631966,318.7650041780865
2,597,280.575571240872,318.7618013247389
2,598,280.496729443713,318.75743310880057
2,599,280.4091895168844,318.73800020989535
2,600,280.31517401386327,318.70486930345083
2,601,280.2192679825879,318.6592823848235
2,602,280.12875299212465,318.60709904998816
2,603,280.05045637225186,318.5525395064163
2,604,279.99018682891216,318.4968336925287
2,605,279.95430013845765,318.43955281265767
2,606,279.9463812566747,318.38136198004685
2,607,279.95766703089197,318.31221278227514
2,608,279.9743161348645,318.2215642142159
2,609,279.9861470662791,318.11220812540205
2,610,279.989020753048,317.9952319875125
2,611,279.9776942060987,317.8718081709377
2,612,279.9562389251559,317.7526829994295
2,613,279.93501570074795,317.65776186830067
2,614,279.9127924044081,317.58257728468226
2,615,279.8783367502696,317.5047992967223
2,616,279.8281294449168,317.41432198938134
2,617,279.7592880629686,317.3013820769553
2,618,279.66704205597756,317.1454322586566
2,619,279.55354854170133,316.9340874144131
2,620,279.42452204003996,316.6645097159709
2,621,279.2875254170853,316.34763119607254
2,622,279.1494685128815,316.00742119189545
2,623,279.01437542552134,315.6781242239302
2,624,278.8878288118021,315.399967674163
2,625,278.77666747788135,315.20265542624617
2,626,278.68342223554333,315.08486492817326
2,627,278.6146931231608,315.0334979368121
2,628,278.5839423000323,315.0395650662029
2,629,278.59581315087104,315.08433197071383
2,630,278.6429024293424,315.15481655968335
2,631,278.70639874524386,315.2546020521699
2,632,278.7588568280912,315.37752273637335
2,633,278.77373603676017,315.5017131853721
2,634,278.7446157656049,315.6205583530291
2,635,278.6761336262848,315.7280740885304
2,636,278.5803266482469,315.806387256741
2,637,278.47922576342484,315.85037779756266
2,638,278.3913447715497,315.86802586924176
2,639,278.31843276330846,315.8594490639504
2,640,278.2687710745245,315.8299563875959
2,641,278.2635835996963,315.8006666224249
2,642,278.31502728009923,315.7850212618803
2,643,278.42000338165724,315.78417202519915
2,644,278.5692573217221,315.8050646534293
2,645,278.73906851097,315.8614346543882
2,646,278.89073118336376,315.9569643743618
2,647,278.989795449139,316.09025980519345
2,648,279.0238539878793,316.25708055490594
2,649,279.0042949108226,316.4362676135966
2,650,278.9592777313701,316.5907260742393
2,651,278.9209723557703,316.6859126010774
2,652,278.917776200332,316.7027286415855
2,653,278.9631761097107,316.64145445463794
2,654,279.046521665345,316.52170396153093
2,655,279.1407762708059,316.37069706907226
2,656,279.2134335037511,316.2163896976223
2,657,279.2305512352307,316.06856834639194
2,658,279.169604703159,315.92170224422773
2,659,279.0313641835298,315.77172956416734
2,660,278.84127014862787,315.6290578318796
2,661,278.6479462575241,315.51078829160997
2,662,278.508727991362,315.4431103046403
2,663,278.46798102536724,315.4500252680061
2,664,278.5437900931805,315.53630223239514
2,665,278.723077150505,315.6767532991852
2,666,278.9633930005688,315.83528088237824
2,667,279.2121343080006,315.99026207611047
2,668,279.42428802788635,316.1362502032008
2,669,279.5690515407921,316.2689074278032
2,670,279.6264360535019,316.3852546866703
2,671,279.5963052869174,316.4908104236472
2,672,279.4990923939848,316.58458685630507
2,673,279.3696573601928,316.6664279037551
2,674,279.25156715111973,316.7633320299134
2,675,279.2007004275353,316.92480744231506
2,676,279.2617025135043,317.1909652108105
2,677,279.44763493926695,317.5734857654198
2,678,279.73347460952,318.03396356000155
2,679,280.0598016088982,318.4767005284435
2,680,280.34554822353965,318.80119683564595
2,681,280.51972379706376,318.9330109678562
2,682,280.5501945834539,318.85098344628796
2,683,280.454849146412,318.61094854826024
2,684,280.2919157925157,318.3331834166579
2,685,280.1248546926427,318.1305219475753
2,686,280.00556141060633,318.0800816194443
2,687,279.9562742225877,318.2076861003207
2,688,279.9689517448353,318.4861328133929
2,689,280.02523106348514,318.8587147213195
2,690,280.1202070305023,319.262942335542
2,691,280.2515332757209,319.640103635663
2,692,280.41443353661714,319.93622243801536
2,693,280.5938833390808,320.1112137693702
2,694,280.76078755482825,320.13910713411826
2,695,280.88061334279536,320.01275882241225
2,696,280.91848072323637,319.73758405972546
2,697,280.8490251358407,319.3396805238441
2,698,280.6733152898696,318.8517367940493
2,699,280.4178454673002,318.30135984026816
2,700,280.1221743212052,317.72354095635905
2,701,279.83506423755614,317.1696510139852
2,702,279.60478403406034,316.69460185533
2,703,279.45956249452837,316.3465992224236
2,704,279.3977121805502,316.1485545748722
2,705,279.39496914717404,316.08234101150913
2,706,279.4210613704452,316.10466605889974
2,707,279.451300422394,316.1587445043754
2,708,279.4761476582213,316.18166251784976
2,709,279.50149395047595,316.130503372118
2,710,279.5380794839274,315.9968736139258
2,711,279.59039973387814,315.77610526704666
2,712,279.6584968484563,315.4744270016712
2,713,279.735125978313,315.1252993055849
2,714,279.8053922285458,314.784823260882
2,715,279.85250300195025,314.521317477744
2,716,279.86405582763587,314.41915008977367
2,717,279.8242555540469,314.5345686455498
2,718,279.72011961088793,314.87188147360536
2,719,279.5608989526809,315.3827644751655
2,720,279.385085098691,315.9762304397599
2,721,279.23994053261646,316.54181881127465
2,722,279.169197771242,317.0000213127423
2,723,279.20093680433735,317.3210452104777
2,724,279.32720346996865,317.51874057569876
2,725,279.48739985567255,317.6297714506059
2,726,279.61989434718384,317.7117883961264
2,727,279.6856226022806,317.8172231184205
2,728,279.6719491322462,317.9815282923965
2,729,279.6012888264327,318.225919626762
2,730,279.5364446825614,318.5574063975743
2,731,279.51794991783885,318.9492025552593
2,732,279.5576870340017,319.34951903369154
2,733,279.64437769287156,319.6835766416317
2,734,279.7348878210161,319.85864935524614
2,735,279.7788254386085,319.8092536788322
2,736,279.7632251676265,319.51635818699583
2,737,279.7037075005749,319.0191483413173
2,738,279.63053756550636,318.41479520398207
2,739,279.59335878371047,317.8361969272159
2,740,279.6285783629949,317.38635217069015
2,741,279.7325950223829,317.1122900814094
2,742,279.86785398694394,316.9918157875879
2,743,279.99096954813024,316.93647152394567
2,744,280.0679122028517,316.83796580612255
2,745,280.08213623332034,316.62459112851883
2,746,280.03646558383394,316.2849764341226
2,747,279.95563013935725,315.86516351971915
2,748,279.87003895391643,315.4552795155417
2,749,279.7959460955565,315.1357968609661
2,750,279.7410279912708,314.9552433949312
2,751,279.71659796124334,314.94039896012623
2,752,279.7313877909187,315.09139704956647
2,753,279.781574910085,315.3776150407618
2,754,279.8535700398026,315.7646924335182
2,755,279.9378153184895,316.21923460550533
2,756,280.0326207491764,316.69026236169486
2,757,280.146051216117,317.13295259743126
2,758,280.28890967806177,317.53183537236976
2,759,280.47721406232023,317.8939653354539
2,760,280.7104015201426,318.23817729023307
2,761,280.9629209248633,318.5963012907036
2,762,281.19219401311983,318.99263755282396
2,763,281.371451553381,319.4281528872411
2,764,281.4766058262033,319.87344868957865
2,765,281.48787472431155,320.2796860293251
2,766,281.4009286919935,320.58558126698824
2,767,281.22122602133084,320.7272621374288
2,768,280.95461705046307,320.6683339915002
2,769,280.6298392081169,320.43446571194016
2,770,280.30202402570467,320.10435759472045
2,771,280.0172166940722,319.7768270084114
2,772,279.80304197529057,319.52219071885753
2,773,279.68030094132416,319.4079519689752
2,774,279.6565716996958,319.4685619188357
2,775,279.70644098153406,319.687721437869
2,776,279.7928856154404,320.0167547124384
2,777,279.88230148861936,320.3909711104102
2,778,279.941042394066,320.738167366484
2,779,279.92382742915726,320.97592919353366
2,780,279.8183411751015,321.05691359237954
2,781,279.6666900263938,320.99563388802943
2,782,279.5191383232877,320.83023606523994
2,783,279.4172642681399,320.60260303618116
2,784,279.40755944241636,320.37072631191165
2,785,279.504273454,320.16545634280084
2,786,279.6575541521193,319.9521866518467
2,787,279.7964012088743,319.6857887170047
2,788,279.8667180288885,319.3582585257864
2,789,279.8395515579886,319.00423969954437
2,790,279.71391341031915,318.6870044629287
2,791,279.5222571186534,318.4880250041625
2,792,279.3175406105184,318.46365112105707
2,793,279.1451434024677,318.6028867910404
2,794,279.01380276433474,318.81906443385435
2,795,278.91594815083636,318.99861692199175
2,796,278.843826499388,319.04479359515483
2,797,278.78772999697986,318.89311157597035
2,798,278.74320495656485,318.53111388170015
2,799,278.7283056434633,318.0100099744606
2,800,278.7601804073783,317.4213035679927
2,801,278.8381209460733,316.8627300305712
2,802,278.9428718976175,316.435152750124
2,803,279.041138469709,316.22761585135544
2,804,279.098406125214,316.29819466429575
2,805,279.0984877830259,316.6502626921668
2,806,279.0408207467609,317.2289428440211
2,807,278.94250980556967,317.9259218754919
2,808,278.84963218736425,318.61352407548986
2,809,278.80252820422606,319.15646819335603
2,810,278.80855886830284,319.44923217682947
2,811,278.85542109084605,319.45500881928484
2,812,278.9211021330828,319.2063417008005
2,813,278.96962037960157,318.7844343834856
2,814,278.9808163217142,318.32004156696934
2,815,278.9584051345328,317.9505365481015
2,816,278.9250811278025,317.76427257821894
2,817,278.8924757516154,317.7869091560921
2,818,278.87325196640796,317.99081844955214
2,819,278.87339630685324,318.28653774544875
2,820,278.87935495631996,318.56316448906836
2,821,278.8747535001771,318.72971952398234
2,822,278.8575968426897,318.7313710330995
2,823,278.8323085551696,318.5530985755241
2,824,278.80795492349625,318.23911338027295
2,825,278.81049895973604,317.8773681917078
2,826,278.8677244221527,317.5793642226957
2,827,278.9888748656879,317.44327275874906
2,828,279.1659147452286,317.515854776848
2,829,279.3745022483557,317.75866607611874
2,830,279.56611411513757,318.0587496338749
2,831,279.69770540104525,318.292530576643
2,832,279.75895173578,318.37869940300124
2,833,279.7679401412,318.3051631908627
2,834,279.7481268904905,318.13180725464946
2,835,279.73299769106075,317.96141756412305
2,836,279.74996543230213,317.86765258220805
2,837,279.7881272666167,317.8557148971921
2,838,279.8106827989094,317.87359377797935
2,839,279.7973955307916,317.85398696267316
2,840,279.7488905919077,317.75121338883616
2,841,279.67178712817,317.5414161109619
2,842,279.59592808024615,317.22607047126945
2,843,279.5792522207701,316.83066139654113
2,844,279.66867406101466,316.38705719296786
2,845,279.88387936811955,315.9374399631787
2,846,280.22396710790787,315.572194325348
2,847,280.6559984628787,315.4082088114161
2,848,281.10117043032653,315.514761549221
2,849,281.4614162803433,315.8921317604487
2,850,281.65034763107167,316.4656814979417
2,851,281.62470901825156,317.11165269782384
2,852,281.3921997229181,317.70310638752375
2,853,281.0058960984659,318.14812897264153
2,854,280.56495405603135,318.4468872710728
2,855,280.1797648516532,318.6550607457725
2,856,279.90689196474693,318.8098247042956
2,857,279.7379843522754,318.91666140155013
2,858,279.65105264669705,318.9923560705198
2,859,279.6149675357494,319.0324717881156
2,860,279.5996724773993,319.0233529979125
2,861,279.59796626001474,318.9783226055071
2,862,279.61469928254354,318.93454629057044
2,863,279.63930727500133,318.90142013364596
2,864,279.65347600547494,318.86456458524594
2,865,279.6400678151195,318.8067532021488
2,866,279.596999934308,318.7252765695624
2,867,279.547208580618,318.63588175856046
2,868,279.520841726312,318.5575595389913
2,869,279.5342418380445,318.50295539407097
2,870,279.57938460655396,318.4716459788727
2,871,279.6239285621257,318.4413458386276
2,872,279.6215386500921,318.37064913440196
2,873,279.5367422230588,318.220301757432
2,874,279.3649495021806,317.98067639013084
2,875,279.14130313744477,317.6768321845089
2,876,278.923117698569,317.34238057599697
2,877,278.75578343856415,317.00595512445705
2,878,278.65934066819244,316.70446473711513
2,879,278.6333050926234,316.4637232280957
2,880,278.6531765680843,316.2855121535719
2,881,278.6810679058845,316.16115130338477
2,882,278.67951931885693,316.0730659552539
2,883,278.6244802368432,315.978647526521
2,884,278.5099087026804,315.8241871802495
2,885,278.35528842014736,315.5378785914345
2,886,278.2113340543171,315.05091068279256
2,887,278.16358375706426,314.33990199505666
2,888,278.29277211378405,313.440845799474
2,889,278.6360117737545,312.4457855416187
2,890,279.17094155194644,311.532957510043
2,891,279.80580708012496,310.9254267806469
2,892,280.387305879596,310.8021571963065
2,893,280.7750342130317,311.26382157382346
2,894,280.8859363189066,312.3038408094343
2,895,280.7157453571686,313.78607439553076
2,896,280.34230549680035,315.4985979915188
2,897,279.91408848260977,317.2251905920066
2,898,279.57953053175794,318.755394668264
2,899,279.4346265797509,319.9230934388182
2,900,279.4912250314021,320.6342249789613
2,901,279.70061424657774,320.8632370052115
2,902,279.9718385502165,320.65220397614905
2,903,280.18406077914227,320.11872884668423
2,904,280.2399622034361,319.4394005542349
2,905,280.1098786585203,318.8126543527642
2,906,279.81621810947155,318.3569324643419
2,907,279.41549404919624,318.1193353054978
2,908,279.02640670792664,318.1144322262975
2,909,278.7795530635231,318.3235071628957
2,910,278.75493962660886,318.70061697276515
2,911,278.98151966867636,319.20973541014797
2,912,279.4334781051924,319.80968523410564
2,913,280.01348676994985,320.4339057699814
2,914,280.5841099751789,321.0121843811705
2,915,281.01654985332965,321.47934493594596
2,916,281.2234086228266,321.7828823901856
2,917,281.1732820857934,321.8569123405902
2,918,280.8901930575886,321.66136433385356
2,919,280.44143197989604,321.19609597241356
2,920,279.91975981374804,320.5230310046919
2,921,279.4203312058495,319.75302350290326
2,922,279.0149636580305,319.00707240234624
2,923,278.74712857848584,318.3864434947059
2,924,278.63400600179915,317.98049802892035
2,925,278.67163954440764,317.803536145128
2,926,278.82583058055,317.7620458527004
2,927,279.0555269199842,317.71111757823456
2,928,279.32756862315233,317.50529363966194
2,929,279.6232656903343,317.0467032329451
2,930,279.93067860873464,316.3684521329797
2,931,280.2492174648252,315.65661386788423
2,932,280.5558345815394,315.1327496919422
2,933,280.79509237631976,314.9520799813043
2,934,280.8954651061643,315.16669905614214
2,935,280.8081957242138,315.7110768855817
2,936,280.5249106226689,316.4158456300197
2,937,280.0920453878821,317.10854542347676
2,938,279.5985736914489,317.68418895581425
2,939,279.161827044467,318.11566986732566
2,940,278.874299096618,318.4137816483384
2,941,278.76421745949636,318.5896949009024
2,942,278.7950720844274,318.62951672273374
2,943,278.9053459693077,318.53245774327746
2,944,279.0210137653953,318.3312858366315
2,945,279.07813721462725,318.08593439808385
2,946,279.0480547080717,317.87148888041486
2,947,278.9592242184431,317.7770607638517
2,948,278.8567830965684,317.8500529507541
2,949,278.7681148505682,318.0513029284642
2,950,278.71669407365357,318.2928089382217
2,951,278.730700443258,318.502304494872
2,952,278.80501841111624,318.6249606071177
2,953,278.91887462804306,318.62850674786176
2,954,279.061008023985,318.52897668391086
2,955,279.2093250716566,318.3723795777218
2,956,279.3306665936378,318.20403283103406
2,957,279.4108961613092,318.05422883128017
2,958,279.44612288409667,317.94123803399685
2,959,279.4390776028362,317.87751519556156
2,960,279.41104070516934,317.8793590047184
2,961,279.39157668663483,317.94567803041207
2,962,279.40672308119275,318.0712527772129
2,963,279.47478343159395,318.23300651947267
2,964,279.6084284588677,318.39151359674236
2,965,279.80306247814207,318.4935069819787
2,966,280.034290138161,318.49993887824616
2,967,280.25853725044817,318.3569572122616
2,968,280.4545654941405,318.00905814022536
2,969,280.63029770041874,317.42917682126273
2,970,280.80910127348113,316.6193626797083
2,971,281.0075150722112,315.61037811003115
2,972,281.2474664957169,314.5200660568552
2,973,281.51253729498666,313.54161791360906
2,974,281.73428460166883,312.8841871392299
2,975,281.84622966559857,312.739724876581
2,976,281.8237685311176,313.222126424428
2,977,281.6579531687658,314.29244777551287
2,978,281.3680614106782,315.74758311639187
2,979,281.0019100717821,317.3105286982967
2,980,280.60049892310747,318.7058129474012
2,981,280.193279575517,319.688247383096
2,982,279.8178012078794,320.1218965396125
2,983,279.50894441941523,320.0600072610393
2,984,279.2643788806543,319.6869006030522
2,985,279.1022628874084,319.1135282760319
2,986,279.03063926996924,318.5643621914517
2,987,279.0190123107635,318.19500780871795
2,988,279.05657977715134,318.0522720468404
2,989,279.0988247942557,318.102757564712
2,990,279.0842303059738,318.2459644305378
2,991,278.98327782471233,318.34668366333955
2,992,278.87370559749803,318.435716776336
2,993,278.82003119046374,318.5175530177775
2,994,278.8645768133212,318.58985713825354
2,995,279.0295188830437,318.6576690317503
2,996,279.3042772167683,318.72629386562807
2,997,279.64083899478265,318.8395834067442
2,998,279.9622089184414,319.02174387651047
2,999,280.19122084680197,319.2630660064015
2,1000,280.2681243472335,319.5218740743304
2,1001,280.19034495805556,319.73334042689055
2,1002,280.01991628360514,319.7796396045177
2,1003,279.7988221288949,319.60086679887837
2,1004,279.5573058842932,319.18846315898617
2,1005,279.3252145327763,318.60299661008105
2,1006,279.118488042686,317.9484431921951
2,1007,278.9324725762048,317.3372726876229
2,1008,278.7722311029728,316.852363651913
2,1009,278.64921841009493,316.51538511857933
2,1010,278.5875509640338,316.3140140531238
2,1011,278.60323204123904,316.205017898716
2,1012,278.7089482199495,316.1382627913623
2,1013,278.9022026576149,316.07149158578113
2,1014,279.17223207417175,316.0212294966597
2,1015,279.4768877592383,316.033340333177
2,1016,279.7556636387363,316.16244003859765
2,1017,279.94549372602273,316.43845359093535
2,1018,280.00084705998154,316.85873686859765
2,1019,279.9072097686708,317.3603534425249
2,1020,279.6907418846224,317.83701092475314
2,1021,279.4024723287408,318.17195014539226
2,1022,279.1067686708488,318.2854092788043
2,1023,278.8635218061978,318.15339778950414
2,1024,278.6968681894805,317.80386650714445
2,1025,278.6042964838983,317.32209411735005
2,1026,278.57830237672346,316.83644157503994
2,1027,278.59923940581245,316.48323304276835
2,1028,278.6398193531577,316.3593274033783
2,1029,278.68543877179354,316.51291472996536
2,1030,278.728590815019,316.91760984349133
2,1031,278.7557008939391,317.45726451931375
2,1032,278.7555349589905,317.9616693367436
2,1033,278.73090559106197,318.30297180422616
2,1034,278.70126082557545,318.421270285995
2,1035,278.67806218780777,318.31310105666154
2,1036,278.6708347214608,318.04753588624254
2,1037,278.69662925767267,317.7431449879595
2,1038,278.7575158643316,317.46763210021635
2,1039,278.8307314317805,317.23346178654737
2,1040,278.9097891391445,317.050713273903
2,1041,279.00322174159754,316.9315052016571
2,1042,279.1060165119548,316.87201251648986
2,1043,279.2161619978618,316.8896587095017
2,1044,279.34891551860335,317.0047015096383
2,1045,279.5094847932909,317.1981033654743
2,1046,279.6740093582515,317.3914628934054
2,1047,279.8251281551468,317.50863084292666
2,1048,279.95233875807367,317.4975760510623
2,1049,280.03608069260025,317.3463086340202
2,1050,280.0657585486794,317.09523435577364
2,1051,280.05781153222654,316.8373239247663
2,1052,280.0343003413929,316.65370971977853
2,1053,280.01236916879657,316.59476015235776
2,1054,280.00520527453506,316.66144297481486
2,1055,280.01734306104424,316.82811477322923
2,1056,280.0530403768736,317.06579691486024
2,1057,280.1147157438006,317.35207247193034
2,1058,280.2051156099783,317.65870395268144
2,1059,280.3238996420232,317.96140478463946
2,1060,280.4593102417182,318.2205827835284
2,1061,280.5829815223432,318.3802710680722
2,1062,280.6642001589298,318.40155164027425
2,1063,280.67602311783077,318.286779409103
2,1064,280.61286418353467,318.0814435195939
2,1065,280.4933494345311,317.8532441435674
2,1066,280.3552299249951,317.676918999257
2,1067,280.23500600991395,317.60669318426795
2,1068,280.1633939678556,317.65808959479034
2,1069,280.15257592421904,317.81246115757625
2,1070,280.1969588640525,318.03705992462176
2,1071,280.27118494201386,318.2809036793159
2,1072,280.3477311894636,318.4851438845504
2,1073,280.4019093856489,318.60614017897205
2,1074,280.4207741607293,318.62241452475655
2,1075,280.40244977079067,318.5467346303204
2,1076,280.3581780894158,318.42602505688717
2,1077,280.3027956424873,318.31961140386153
2,1078,280.25107109288484,318.2791003549655
2,1079,280.2112807281445,318.3376350456681
2,1080,280.19048105941874,318.4852833310479
2,1081,280.1882371271394,318.6803476451128
2,1082,280.20230952458434,318.8854581951682
2,1083,280.22837397362173,319.0648551216149
2,1084,280.2613572491481,319.1868061991237
2,1085,280.2903004469134,319.23927800356904
2,1086,280.3135740017807,319.2365064633467
2,1087,280.33302889656557,319.20046188818117
2,1088,280.35183735811626,319.1659178090502
2,1089,280.3708251570819,319.1566569824372
2,1090,280.3964704884116,319.1837107533086
2,1091,280.4294912747812,319.24384505044833
2,1092,280.46955449613546,319.3254275672535
2,1093,280.52308494359886,319.4127497397084
2,1094,280.60238209006377,319.5104814212985
2,1095,280.7088047577361,319.6328687279008
2,1096,280.83774248383855,319.7901567293028
2,1097,280.9790465403225,319.9773525480704
2,1098,281.11404774973585,320.17480901773644
2,1099,281.22627238427873,320.35660864496003
2,1100,281.30998852375245,320.5007089748942
2,1101,281.3651379401747,320.5947134371718
2,1102,281.3964137062081,320.64398199516455
2,1103,281.414306916023,320.66712568260857
3,0,297.78302608154416,341.33360362319206
3,1,297.8543067784862,341.33649773154144
3,2,297.9424832081939,341.3337428067407
3,3,298.0350476425519,341.3226283340301
3,4,298.1098061364015,341.3051011246679
3,5,298.15688643104085,341.2856964649275
3,6,298.1757416230471,341.269164814024
3,7,298.1738399550241,341.25624671821873
3,8,298.1615128215737,341.2405441984327
3,9,298.1492396351548,341.21294907459696
3,10,298.14172327565404,341.1673756633239
3,11,298.14079143255077,341.1039841350948
3,12,298.14609706383084,341.03071058042747
3,13,298.15293943729586,340.95982041254354
3,14,298.15296146358656,340.89893945054655
3,15,298.141984003504,340.8498724175481
3,16,298.1207788254263,340.8117158912867
3,17,298.0926024627349,340.7822327714093
3,18,298.06199037504797,340.7592299507153
3,19,298.03513141020665,340.74442992442823
3,20,298.0144570708937,340.74299397503535
3,21,297.9982885765604,340.75812262923574
3,22,297.9841325742116,340.7884629961744
3,23,297.9714324881641,340.83012226135713
3,24,297.9610986225201,340.87854753664175
3,25,297.95663356138425,340.9280770653208
3,26,297.9600603502158,340.97484217111366
3,27,297.96964808981977,341.0168876138096
3,28,297.98210089139974,341.05144803418193
3,29,297.993936506294,341.07470487562927
3,30,298.0017265369192,341.0842064944227
3,31,298.0056329710646,341.07890327966544
3,32,298.0093504524149,341.05993754280917
3,33,298.01626439669104,341.0315604842235
3,34,298.02889251837973,341.0005487136446
3,35,298.0477079409657,340.9722456042991
3,36,298.0706142570324,340.94964561129865
3,37,298.09469497937243,340.9342923698917
3,38,298.11831852676676,340.9256137338952
3,39,298.13812862279565,340.9196155573186
3,40,298.15136512948123,340.9120520812659
3,41,298.15719554074985,340.8998419451749
3,42,298.1556032437936,340.8817550929424
3,43,298.1479029314358,340.8595830097635
3,44,298.1399570107701,340.8385208022172
3,45,298.13721186521246,340.82564099618014
3,46,298.1431771670032,340.82796551106367
3,47,298.16120797266933,340.84844438844493
3,48,298.18995099643314,340.8854159979639
3,49,298.2225551362297,340.9336933120947
3,50,298.25374392273375,340.98574685909347
3,51,298.2797635545841,341.03254606123534
3,52,298.2937892122363,341.06714047135864
3,53,298.2915634073322,341.08580969399617
3,54,298.2742509197622,341.0878438270302
3,55,298.2459280254813,341.075413599958
3,56,298.21239140006116,341.0545030925789
3,57,298.1830177565911,341.032362945465
3,58,298.1679336622461,341.014320438989
3,59,298.17280949645806,341.00363785115644
3,60,298.19521948085554,341.00045287608833
3,61,298.2268889277308,341.00023504044344
3,62,298.259286131353,340.9975832913401
3,63,298.2847190479566,340.989917123861
3,64,298.29752048408614,340.9764301584183
3,65,298.29714962529766,340.9573633471669
3,66,298.2878901632451,340.9357366125916
3,67,298.27393884585456,340.91486788131266
3,68,298.25814277629473,340.8957768257028
3,69,298.2430828229457,340.8789339043909
3,70,298.23187592743585,340.86655271588114
3,71,298.22700109445015,340.8604578975375
3,72,298.22869968446315,340.8614794704777
3,73,298.23667694565984,340.87074411659563
3,74,298.2504410843587,340.8883583638308
3,75,298.2681687541012,340.9121157512654
3,76,298.2870126858082,340.93816519911974
3,77,298.30538200912815,340.9627304424593
3,78,298.3216170419588,340.9829158212904
3,79,298.3361090491748,340.99821389445486
3,80,298.3502540580733,341.01017737236157
3,81,298.3649275240047,341.02232605395176
3,82,298.38028417235864,341.03763187213355
3,83,298.39698959816843,341.05725682499974
3,84,298.4136860980609,341.07924546592847
3,85,298.4271417714416,341.09968591378714
3,86,298.4353557769194,341.11381979000106
3,87,298.4372408851296,341.11798053263607
3,88,298.43204227355614,341.11075714984617
3,89,298.41898864053127,341.093567447019
3,90,298.39913140718716,341.0700639903781
3,91,298.3729207698767,341.044427302369
3,92,298.34065742968676,341.02178305850475
3,93,298.30253719171856,341.00664132383196
3,94,298.2585838951605,341.00075931563043
3,95,298.20843206971074,341.0021812204032
3,96,298.154001341469,341.00792218201536
3,97,298.09903385255586,341.0130866133656
3,98,298.0473987781965,341.0110156272482
3,99,298.00361634765835,340.99733596410806
3,100,297.97135273456047,340.972788836783
3,101,297.951627325496,340.9413155588224
3,102,297.9434847626865,340.9090510586813
3,103,297.9458757604323,340.8841560436661
3,104,297.95790825339316,340.87393967008046
3,105,297.9788321266283,340.88065042694683
3,106,298.0079915016286,340.9012776594554
3,107,298.04474037366185,340.9290309139615
3,108,298.08676453055523,340.9553997118777
3,109,298.1293697042282,340.97121975479087
3,110,298.16829420084747,340.97219938210947
3,111,298.20005107610973,340.9594979652697
3,112,298.2214686526024,340.93892684971263
3,113,298.2306000199236,340.91795106583487
3,114,298.2293962605728,340.9051371965323
3,115,298.221620510125,340.9044586707749
3,116,298.2123388494307,340.915238003838
3,117,298.2059421829688,340.9337978881777
3,118,298.2067681632034,340.95586921203113
3,119,298.2153760417101,340.97615370690954
3,120,298.2279498518984,340.9912686568052
3,121,298.2381147742938,340.9998216987089
3,122,298.2413221494054,341.00038954952333
3,123,298.234890086772,340.99100070543614
3,124,298.2198918198749,340.9719336814031
3,125,298.2007207679453,340.94666959541894
3,126,298.18276327646385,340.9206507945041
3,127,298.16966084487524,340.90180121167504
3,128,298.161313319052,340.89857287437053
3,129,298.15439743650893,340.9140323946499
3,130,298.14425189605333,340.94419675603297
3,131,298.1266660470144,340.9819684232883
3,132,298.099169984793,341.017242376379
3,133,298.0643477852562,341.03871971421444
3,134,298.02874890604846,341.04053681769653
3,135,298.00055430901983,341.0241553658267
3,136,297.98635890054123,340.99466925756684
3,137,297.9885350413144,340.95929140733364
3,138,298.0031285251667,340.92699590347945
3,139,298.02364959030194,340.9069524603469
3,140,298.04341412571455,340.9044819159244
3,141,298.0573921837618,340.91898232100164
3,142,298.0652803661977,340.9472896970536
3,143,298.07186377549226,340.98547908987143
3,144,298.07955055488515,341.0271715881789
3,145,298.0875896018646,341.0661496015578
3,146,298.0956968754051,341.10019970584
3,147,298.10257455705977,341.12821602398884
3,148,298.10590902225306,341.14902007876657
3,149,298.10602417596726,341.16154648764945
3,150,298.1064922292346,341.1653360489503
3,151,298.1104344107531,341.15931450228976
3,152,298.12117933119464,341.14395519436033
3,153,298.1391390152501,341.1211024202801
3,154,298.1621047326993,341.0932863517556
3,155,298.18530158039454,341.0628054938832
3,156,298.20338526496437,341.033287403482
3,157,298.2102080321394,341.0078214212939
3,158,298.205423389853,340.98727868585837
3,159,298.193068728991,340.9709532624122
3,160,298.17760345759217,340.9568200123192
3,161,298.1616032819832,340.94029257153875
3,162,298.14617833401485,340.91696245663314
3,163,298.12829949691525,340.88531829597156
3,164,298.1050804803381,340.8478542410095
3,165,298.0770894674605,340.8088572730784
3,166,298.0487401326926,340.7745172288025
3,167,298.027491228072,340.7514312969379
3,168,298.0210366465372,340.7432015868494
3,169,298.0314926427061,340.74774168019144
3,170,298.0564948447602,340.7612687925948
3,171,298.0900705984779,340.77838361172184
3,172,298.1230510033812,340.79168888896044
3,173,298.14671395221734,340.79554659227483
3,174,298.1590234817029,340.7905141696445
3,175,298.16332823527756,340.782625841206
3,176,298.166647136647,340.78091193069775
3,177,298.17592622293967,340.79273333298005
3,178,298.1956409196475,340.82136254141074
3,179,298.22474470555983,340.86469141432053
3,180,298.2576466894421,340.9127187586951
3,181,298.28539633094664,340.9519760809892
3,182,298.3026012036603,340.97503992199046
3,183,298.30847336586004,340.9820136176635
3,184,298.30524496743675,340.97679737977614
3,185,298.2965073846625,340.9678228130735
3,186,298.28674608873297,340.96442909692047
3,187,298.2760469324154,340.9707771374992
3,188,298.26104508707726,340.98538823338356
3,189,298.23989954776215,341.00323811828343
3,190,298.2115464711181,341.0174258586992
3,191,298.1755381384107,341.0218503274945
3,192,298.1346822406168,341.012741166643
3,193,298.0941203408746,340.989324107103
3,194,298.05527275948106,340.95538613423156
3,195,298.01880416910456,340.9181333109685
3,196,297.98560652025714,340.8845728742631
3,197,297.95666930096013,340.86041094675215
3,198,297.9345171483919,340.84782574403994
3,199,297.92457631532204,340.8448742694806
3,200,297.93246088381824,340.8473701149048
3,201,297.96104560138434,340.85142257453884
3,202,298.0102368250288,340.8555986268709
3,203,298.0749435983749,340.86141353323285
3,204,298.14637918800867,340.8719792511944
3,205,298.21448440958096,340.8893482627114
3,206,298.2736912051952,340.9150527351557
3,207,298.32116637713136,340.9470478441905
3,208,298.3555908960316,340.9809168319598
3,209,298.3762466858024,341.0112732353034
3,210,298.38180220078027,341.0325293934867
3,211,298.36798474011687,341.0392041608369
3,212,298.3297510814434,341.02853298231236
3,213,298.26800595403716,341.0026314999177
3,214,298.1889650306095,340.9671150175645
3,215,298.10272724230333,340.9295524951658
3,216,298.02162400293423,340.8973624265022
3,217,297.9589370191784,340.876659712255
3,218,297.9182309524404,340.86758880599973
3,219,297.89667377398615,340.86535545561566
3,220,297.88833072797706,340.86422160692496
3,221,297.88671273809007,340.85994956241575
3,222,297.8856514564514,340.850367183611
3,223,297.884769178737,340.8376875118549
3,224,297.8877314173838,340.82762219403514
3,225,297.89826784778256,340.8251788452375
3,226,297.91803558852183,340.8337699132576
3,227,297.9463742368095,340.8533512928463
3,228,297.9794586081952,340.8786727847906
3,229,298.0100957018817,340.90245117384865
3,230,298.0329807325279,340.91932958532516
3,231,298.04522324854787,340.9239131223133
3,232,298.04568152515003,340.9138063766022
3,233,298.0360651865979,340.8926670581411
3,234,298.0209456621905,340.86622934101854
3,235,298.0030508321376,340.8409277821766
3,236,297.9838462963697,340.82516994741275
3,237,297.9667436250564,340.82475512110256
3,238,297.9557109413464,340.840629461996
3,239,297.9529859494413,340.8696608300053
3,240,297.9612101330319,340.90459804957186
3,241,297.98220247299,340.9359352263649
3,242,298.0113771548859,340.95691490428726
3,243,298.04039566442856,340.9637287050516
3,244,298.0620628632752,340.95658293730776
3,245,298.0703485928988,340.93948307549374
3,246,298.0624360883667,340.9176033856829
3,247,298.04313322370103,340.89567520342956
3,248,298.02360470758464,340.8788724767385
3,249,298.0151483725359,340.8716374340318
3,250,298.0272375253894,340.87567384078653
3,251,298.06471825815964,340.8906656965383
3,252,298.1248998317641,340.91401384638925
3,253,298.19646328155045,340.94135767758706
3,254,298.26655400717067,340.9677916574429
3,255,298.3237446238857,340.98981727015087
3,256,298.36131250224753,341.00557836496296
3,257,298.37815099619627,341.015261679671
3,258,298.3786490968354,341.01838934664573
3,259,298.3709376693735,341.01129714409484
3,260,298.3647491088556,340.9759206988499
3,261,298.3637431106896,340.86539293340616
3,262,298.3716006783549,340.64043996310716
3,263,298.39165817876454,340.2960078639168
3,264,298.420028150487,339.86953658211945
3,265,298.44837594758246,339.44827291922815
3,266,298.4600877755009,339.17546243290803
3,267,298.4200324300637,339.1604773170839
3,268,298.3004854585774,339.43040549392117
3,269,298.09720832547663,339.9249285738743
3,270,297.8121462533076,340.51665555630143
3,271,297.4836371213391,341.05700973631
3,272,297.1936292541409,341.4517055433977
3,273,297.003904507581,341.66785913465185
3,274,296.9353974705599,341.730704700018
3,275,296.9773805714808,341.6949381547633
3,276,297.08412294208694,341.62201405924463
3,277,297.17520238231276,341.55020803961264
3,278,297.1870417349372,341.51787125628465
3,279,297.09703412479286,341.5589237543483
3,280,296.95142045712413,341.69963630822605
3,281,296.82119164129955,341.9437899114527
3,282,296.7652579799232,342.2710081640586
3,283,296.81399561962144,342.6204692898372
3,284,296.9611786784054,342.9154759733879
3,285,297.14965837677914,343.0875474707202
3,286,297.3181098376073,343.10569780752627
3,287,297.43278939367315,342.99273508432026
3,288,297.47134531311895,342.80186157192475
3,289,297.4333496710829,342.59963992119845
3,290,297.3370337938119,342.4366221145311
3,291,297.1963967668164,342.3292467192879
3,292,297.0336586030001,342.26265874250805
3,293,296.87563203716036,342.2053578191391
3,294,296.7453113690294,342.1292840480839
3,295,296.6610498631186,342.0288368471728
3,296,296.64415315828444,341.9278581325891
3,297,296.69580874406876,341.86281378545385
3,298,296.8054467622217,341.87083120623566
3,299,296.95051794958255,341.9642626992185
3,300,297.1069204150457,342.1295295074788
3,301,297.2505752611037,342.32924993361905
3,302,297.3613904936755,342.5140287903205
3,303,297.4216344393112,342.6350434136581
3,304,297.42832447083686,342.66838754821737
3,305,297.3830053217718,342.6065392024801
3,306,297.2920833997015,342.4579881118583
3,307,297.1759881008751,342.25536289323327
3,308,297.07183119733486,342.0507219253478
3,309,297.0079989748619,341.8801767064676
3,310,296.9968935520281,341.761442435257
3,311,297.03827894543304,341.70308506974357
3,312,297.11871045112156,341.7001327659664
3,313,297.2088306763711,341.72093367251745
3,314,297.2808906558078,341.7343592166251
3,315,297.3220049744828,341.7278114701541
3,316,297.32686026661753,341.6967347929516
3,317,297.29695197465855,341.6364610226179
3,318,297.24272680596636,341.5590113591538
3,319,297.1785185008654,341.4865439278272
3,320,297.11172175224857,341.43114446367383
3,321,297.04906028714527,341.3963404107381
3,322,297.00001345848335,341.38696109727954
3,323,296.96285958748894,341.3932488122184
3,324,296.92621544460746,341.3971098703744
3,325,296.8845645999348,341.3935165645584
3,326,296.8377968454736,341.38745825343415
3,327,296.785222766534,341.3806858431295
3,328,296.73938063346264,341.3834584949154
3,329,296.7222152064151,341.4085948962679
3,330,296.7491862770535,341.4546298556258
3,331,296.8211875456643,341.5069537478825
3,332,296.92026387988443,341.54629944544996
3,333,297.0133624180845,341.5555941943477
3,334,297.0702207172183,341.5296678081231
3,335,297.07832253483645,341.4805927657907
3,336,297.04646646120494,341.433809176367
3,337,297.0028733282331,341.42163751581404
3,338,296.9818745403157,341.46749700297244
3,339,297.0058449882501,341.5755510371439
3,340,297.07673444350235,341.73060716215
3,341,297.1772786206172,341.9061846452593
3,342,297.286084285088,342.0736864240643
3,343,297.38620913407516,342.2093129829024
3,344,297.465694078101,342.2931626639241
3,345,297.5165420711281,342.31122918379737
3,346,297.53642281401517,342.26093263570203
3,347,297.5227989964881,342.15188964188343
3,348,297.47704098799284,342.00724307265165
3,349,297.40731508571645,341.85930054161923
3,350,297.3313260804608,341.7425321531354
3,351,297.2733377237062,341.6848822962433
3,352,297.2559865226832,341.69850256764965
3,353,297.28987842955127,341.7744586656413
3,354,297.37359839040516,341.8929799843993
3,355,297.48967575843704,342.0272332206309
3,356,297.60934640501733,342.14250125925133
3,357,297.7036986643744,342.2112058848521
3,358,297.7517883195546,342.22153565110773
3,359,297.74521952679305,342.17556405654483
3,360,297.6927698517614,342.09126322708056
3,361,297.61544722548877,341.9969657184742
3,362,297.5375917641785,341.91535439244285
3,363,297.4791486502544,341.86136042856833
3,364,297.4481581176996,341.8388582576497
3,365,297.4431189527274,341.84148704515815
3,366,297.4553556896657,341.86176300478036
3,367,297.47164509537413,341.8913430737031
3,368,297.4835248401945,341.91922103971456
3,369,297.49315913916234,341.936874371044
3,370,297.50192874363813,341.9359764460585
3,371,297.512467298326,341.9087871324374
3,372,297.5352175871045,341.85883412168914
3,373,297.58469809520005,341.797408212244
3,374,297.6713332012626,341.73977726029034
3,375,297.8039669328529,341.70013159180917
3,376,297.9835936344942,341.68667049866224
3,377,298.1987769925365,341.6977992078108
3,378,298.4237987822522,341.72243368814605
3,379,298.6173252143829,341.73624481246094
3,380,298.7389994542139,341.7117629936731
3,381,298.76776336702534,341.62433373549146
3,382,298.7011317978091,341.45558168229496
3,383,298.55381888649146,341.20743282119753
3,384,298.3772259471152,340.9151032375162
3,385,298.23565152012696,340.63149000931276
3,386,298.16937117292883,340.41046220087827
3,387,298.18914051250835,340.2952897368686
3,388,298.289101894231,340.30069708253893
3,389,298.4338912451968,340.40221587141735
3,390,298.57789754542296,340.55448937848996
3,391,298.6919703231681,340.71873672651554
3,392,298.76488702529605,340.86740972681383
3,393,298.7936762295182,340.98089088346006
3,394,298.7843548193438,341.0463983086102
3,395,298.7378344134052,341.0570156648599
3,396,298.6527937170041,340.9976449829987
3,397,298.53562393497504,340.8524989758746
3,398,298.39159958573566,340.626233185585
3,399,298.22216618127925,340.35041785283926
3,400,298.03936211786976,340.07162126576213
3,401,297.86432729864356,339.84642197847677
3,402,297.7109434401416,339.7193546621004
3,403,297.57868136858485,339.69943903657986
3,404,297.4639606717613,339.7575846879328
3,405,297.36776060476336,339.84640664263804
3,406,297.28012852393437,339.90690673349786
3,407,297.1894710897933,339.89335313654885
3,408,297.1080529871849,339.7927528985595
3,409,297.0546954624486,339.61979847002476
3,410,297.02674588825323,339.3925957216219
3,411,297.0153400972716,339.1362181941736
3,412,297.01909376987106,338.87877229532137
3,413,297.03085215798,338.6425307881337
3,414,297.04054637542663,338.4476013649584
3,415,297.04063053163475,338.31466628179857
3,416,297.02400942982314,338.2506689501881
3,417,296.98039022584993,338.2420277054305
3,418,296.90165146898374,338.2602399878219
3,419,296.7913831439745,338.26636022553436
3,420,296.6736470420187,338.22182917561753
3,421,296.5837904842889,338.10381539976794
3,422,296.54914569188105,337.9201558483502
3,423,296.5775430508778,337.70150682293377
3,424,296.654893976985,337.4910778924353
3,425,296.75894626559074,337.3424752710688
3,426,296.8690085787173,337.30593948842824
3,427,296.9697792546834,337.39915499417276
3,428,297.05968708156166,337.6072934402822
3,429,297.1520862450079,337.89596363386215
3,430,297.25305798862246,338.2093435069251
3,431,297.3602481120063,338.48082055918445
3,432,297.4685280694046,338.6576862497142
3,433,297.57185460612124,338.7237223197409
3,434,297.65976509979987,338.69383457029295
3,435,297.73150246380254,338.6081017251101
3,436,297.78033746098083,338.5128071121218
3,437,297.7991327461201,338.45596163134115
3,438,297.7894473186979,338.4623165687411
3,439,297.7631686330132,338.5327148044711
3,440,297.7263751058542,338.6538865465297
3,441,297.69658132011216,338.81631354176454
3,442,297.69550220203075,339.0067040983289
3,443,297.72897076756095,339.20921767880264
3,444,297.7772949623466,339.4000118499757
3,445,297.80900592139193,339.5483819741772
3,446,297.79063156452895,339.6322882963255
3,447,297.7035962834255,339.6525192333909
3,448,297.5547701255657,339.6268437186467
3,449,297.3800981663507,339.58968497854795
3,450,297.2348792538563,339.58437364798243
3,451,297.16725071697545,339.63660381554587
3,452,297.1941049257509,339.7359169033136
3,453,297.2999775406807,339.85008635780247
3,454,297.4547510526757,339.9398451065753
3,455,297.6155606771123,339.96802452289506
3,456,297.74438494924067,339.9095075948551
3,457,297.8188090869652,339.7592328899646
3,458,297.8330256698709,339.5372242861451
3,459,297.7820130650664,339.27624328868734
3,460,297.6752123304722,339.0113700659867
3,461,297.5330212324792,338.77286978985694
3,462,297.3803755074646,338.5820016775636
3,463,297.2387279717842,338.44025613704713
3,464,297.1306493561896,338.33350315690166
3,465,297.07052209404657,338.23937740592413
3,466,297.0575182221216,338.1457165011267
3,467,297.07887512724426,338.06124347504067
3,468,297.1227759694432,338.0060526712481
3,469,297.17519101833466,338.00083484563635
3,470,297.21654655472776,338.05960231674163
3,471,297.2372161135352,338.17491542949983
3,472,297.24610676786136,338.3179278644917
3,473,297.2569288236572,338.45639982362286
3,474,297.2883714984484,338.566411337721
3,475,297.3593454468345,338.6368534934739
3,476,297.4716100885219,338.67065829528724
3,477,297.6077338556574,338.67545222807564
3,478,297.74427081610224,338.6604421025068
3,479,297.85598225654365,338.64409191377536
3,480,297.9312296720897,338.6532832800591
3,481,297.9800268149564,338.7130578498157
3,482,298.02265757994076,338.8358363649463
3,483,298.0789357613135,339.0089343440341
3,484,298.1597413793156,339.1865334864735
3,485,298.2539491958726,339.30419004120824
3,486,298.3378762931814,339.30623831010456
3,487,298.38057067937933,339.16817331933794
3,488,298.3609667498394,338.9181897745213
3,489,298.2816726266229,338.6286815466999
3,490,298.1707861547446,338.3871805525398
3,491,298.05746899959644,338.26809929455317
3,492,297.9738804452038,338.3152874213171
3,493,297.9345626386965,338.5193561887121
3,494,297.9291828037242,338.8190690861711
3,495,297.93312649289953,339.1267534050089
3,496,297.92750397054704,339.35292814283054
3,497,297.9025390753132,339.4365390352668
3,498,297.8696926903906,339.3629024192015
3,499,297.8501580438423,339.1693262280965
3,500,297.857948129773,338.92087122495076
3,501,297.89592201068746,338.6896949663067
3,502,297.9556697496375,338.52861181338716
3,503,298.01109030281555,338.457579420582
3,504,298.0313591274512,338.45751404985333
3,505,298.00702409607885,338.49770878098633
3,506,297.9485453275534,338.55226427924373
3,507,297.87549109767343,338.6106066063639
3,508,297.8125555805676,338.6837002195438
3,509,297.790154405813,338.8107730170299
3,510,297.81047008027144,339.02963221296557
3,511,297.8424739634525,339.35513293908537
3,512,297.841477133635,339.7694752400698
3,513,297.770303023893,340.2270979448248
3,514,297.5998223300313,340.65909834893074
3,515,297.3308965932516,340.9992958844338
3,516,297.01522685261347,341.21479181813044
3,517,296.7349118542818,341.318054645909
3,518,296.56127544973043,341.34878133505623
3,519,296.53380481001295,341.3569819934252
3,520,296.65673010396137,341.3898432383091
3,521,296.8845023803789,341.4696966596877
3,522,297.13284461717114,341.5769139601589
3,523,297.3235713946277,341.67022272406433
3,524,297.4176921788434,341.71750057825653
3,525,297.4089094409323,341.69508444093395
3,526,297.3135754083984,341.59213791305075
3,527,297.1717952874378,341.4259558966026
3,528,297.02590811730664,341.23617257854505
3,529,296.89885978487473,341.0581569175764
3,530,296.8071675352547,340.9307114614816
3,531,296.7611659866287,340.88552623969275
3,532,296.75748798279324,340.9324566037352
3,533,296.7923733874637,341.0618656994536
3,534,296.8711403509953,341.250345507501
3,535,296.9875351226217,341.4606705377494
3,536,297.1317954248623,341.6546206494794
3,537,297.2927497599457,341.8014494263045
3,538,297.44784538701344,341.87434746795026
3,539,297.56845199775495,341.8649922057641
3,540,297.6388763544654,341.7830834576234
3,541,297.66037314599805,341.6541873214961
3,542,297.65329491611163,341.51899939857896
3,543,297.6436037831836,341.422308634544
3,544,297.64674919262796,341.3877730739159
3,545,297.6674162635842,341.418031083958
3,546,297.7011288595069,341.50171164935205
3,547,297.73293339033603,341.6142096866209
3,548,297.7483736090586,341.72586932823725
3,549,297.7413224884963,341.8166939864543
3,550,297.7061888289876,341.8742073780131
3,551,297.63584114096454,341.88773954743823
3,552,297.5282264972996,341.8488567392974
3,553,297.39922296237705,341.7580157319453
3,554,297.2781759352886,341.6269638217222
3,555,297.19932652940145,341.4773612589809
3,556,297.19235613843824,341.33885929353477
3,557,297.27609494106144,341.25063661812976
3,558,297.4418097591717,341.24843099087377
3,559,297.6506326634071,341.34658598955406
3,560,297.86014081844604,341.53921733069984
3,561,298.04403777154124,341.80655350467754
3,562,298.1876387183847,342.1127526562169
3,563,298.2806575873472,342.4082003848249
3,564,298.33049953412626,342.65047748307455
3,565,298.34375803603507,342.8064428403421
3,566,298.3078777187467,342.85415130749476
3,567,298.2088246738377,342.7907090255896
3,568,298.05453899864256,342.6386376370716
3,569,297.8686991758925,342.42977933379444
3,570,297.6830337310406,342.20279994376494
3,571,297.5402119158563,341.99747935911404
3,572,297.4781793279506,341.8470133001688
3,573,297.5173841375716,341.7811155044502
3,574,297.6485197770846,341.81881372009
3,575,297.84421947555717,341.9536097905022
3,576,298.0613622334654,342.156206143483
3,577,298.25324724995716,342.3879456925217
3,578,298.37619139973,342.5896541768035
3,579,298.4083865387939,342.70145118163254
3,580,298.35417486982595,342.69603327847244
3,581,298.2429680919626,342.58303594807296
3,582,298.1082975068824,342.3927063748816
3,583,297.9794192902616,342.17483738265605
3,584,297.87509274515446,341.9840520967345
3,585,297.8035411977775,341.8513323053725
3,586,297.7611808249716,341.781123042679
3,587,297.74798670780757,341.7656273973983
3,588,297.7644788126991,341.78471791935533
3,589,297.8095297577232,341.8149737466157
3,590,297.86826594730763,341.8420677830612
3,591,297.92058677487654,341.85890405611565
3,592,297.94683860649565,341.85964320611583
3,593,297.94346996587865,341.852182497059
3,594,297.9164612688908,341.8473102557785
3,595,297.876998024731,341.84798720631466
3,596,297.83682582286315,341.85560582537204
3,597,297.8048045659033,341.8691556306083
3,598,297.77505931617424,341.87733469524335
3,599,297.73874094602127,341.87184297394253
3,600,297.7001877265935,341.8564736002242
3,601,297.6685960402291,341.8360263436951
3,602,297.6489591498073,341.81665558987066
3,603,297.6423940967681,341.80049051652134
3,604,297.64248705218967,341.7804351371918
3,605,297.63624862170064,341.74791008512597
3,606,297.61253652869874,341.7001938083234
3,607,297.5636857000082,341.63593936553974
3,608,297.49472637728803,341.56317197327814
3,609,297.42265599651284,341.4961676879336
3,610,297.36347066773175,341.44272328734024
3,611,297.32619679281447,341.40023688733726
3,612,297.3196121736335,341.3664772968908
3,613,297.34278439305024,341.3403833839249
3,614,297.3801789538762,341.3173498607091
3,615,297.4100520543301,341.289550888819
3,616,297.4168701566685,341.2551512997238
3,617,297.3854094633317,341.20965993097656
3,618,297.30760792809593,341.1389325659498
3,619,297.1908618772639,341.0359217545858
3,620,297.05521873901097,340.9097676983197
3,621,296.92255400154454,340.7757018236132
3,622,296.812914148963,340.65264574537315
3,623,296.7377866461698,340.5648118713245
3,624,296.69682616499557,340.52641095289783
3,625,296.68090706952097,340.52880401962295
3,626,296.6772494314031,340.54843436505104
3,627,296.6809656783578,340.56491203592003
3,628,296.6962786453878,340.5667415093177
3,629,296.7250224773634,340.54735717783444
3,630,296.7585154306849,340.51273055763176
3,631,296.7820888578996,340.48279204441235
3,632,296.7744873162259,340.4708693235988
3,633,296.71770705472375,340.4755358884168
3,634,296.612557347869,340.49610187480226
3,635,296.47619141693303,340.53045566337437
3,636,296.33529557266013,340.5703216765673
3,637,296.2187077074658,340.61009108023285
3,638,296.14621677405734,340.64967480686926
3,639,296.12234352887367,340.68495546691037
3,640,296.1482997261418,340.7116994252518
3,641,296.2226789199959,340.7265785860437
3,642,296.3371951697053,340.7232476092897
3,643,296.47236633181615,340.6980693350295
3,644,296.60758384158163,340.6602017967128
3,645,296.72358804720034,340.6287299349901
3,646,296.79859526662887,340.61838175166855
3,647,296.8183054629764,340.6398328452534
3,648,296.79042628630293,340.69551244014787
3,649,296.73520003556206,340.7702527326789
3,650,296.6764407526333,340.83491635572807
3,651,296.6383143823776,340.86621641250207
3,652,296.64215374769196,340.85536813379235
3,653,296.69416914343935,340.8060602158631
3,654,296.7804837332035,340.73021072023545
3,655,296.8736758443059,340.64558639747753
3,656,296.94728588775337,340.568646747425
3,657,296.97699472904867,340.5030378168774
3,658,296.9478324570008,340.4428467854537
3,659,296.86349278962916,340.38714789891884
3,660,296.744759375699,340.3383121856944
3,661,296.6228806212393,340.29961472791825
3,662,296.53053214629017,340.2762935723512
3,663,296.4954202173936,340.2729177367929
3,664,296.533278615289,340.2895272989069
3,665,296.6460017806277,340.3236761253837
3,666,296.8136725112714,340.3704161055639
3,667,297.00432162494775,340.4296023415747
3,668,297.18090767345103,340.5064628930283
3,669,297.31152475839656,340.6003193125088
3,670,297.3668417321295,340.7000947077453
3,671,297.34071701468935,340.7978818809931
3,672,297.24650059092494,340.88671486800604
3,673,297.11713969279907,340.9647219577112
3,674,296.9952257078939,341.0455529341625
3,675,296.93091531628755,341.15573140138025
3,676,296.9541121478476,341.3160074857564
3,677,297.0738738901004,341.5341633265405
3,678,297.2654843361491,341.78958287423075
3,679,297.4743706075443,342.03244575272436
3,680,297.63811016112714,342.2133878934697
3,681,297.7116349678095,342.29687653795935
3,682,297.679844260202,342.2741193271632
3,683,297.5701691746635,342.1786278216443
3,684,297.43499787868353,342.0742175466222
3,685,297.3174871752957,342.0155394804002
3,686,297.246309720084,342.03801778497586
3,687,297.22537237873274,342.14805386398046
3,688,297.23522755604176,342.321434665317
3,689,297.2589964327793,342.5216310051594
3,690,297.2962617371249,342.71344333844127
3,691,297.35263804004944,342.86810257997604
3,692,297.4335277867613,342.9673383174764
3,693,297.5371334032902,343.0050137047552
3,694,297.6507699574686,342.97933797880694
3,695,297.7567343284856,342.89329636324646
3,696,297.83071539232026,342.7496987136679
3,697,297.8535904951092,342.55534397866586
3,698,297.82156923849936,342.31767172547313
3,699,297.74196599435265,342.04280975462785
3,700,297.63223624052387,341.7450042637767
3,701,297.5213611212025,341.4536688138818
3,702,297.4360453387382,341.20033081147994
3,703,297.38644953957873,341.0113602615106
3,704,297.36665013708125,340.9030194873243
3,705,297.3586304897296,340.8706316458888
3,706,297.342159142137,340.8894020904911
3,707,297.30721185190197,340.9237403170737
3,708,297.2647936225789,340.9332153141929
3,709,297.23799329177865,340.8860755297199
3,710,297.24522449422494,340.7678220071158
3,711,297.29447261075893,340.5750324919536
3,712,297.3810727622617,340.31954161985044
3,713,297.4839111125138,340.0342783066999
3,714,297.5708618250894,339.7610148458849
3,715,297.6128395337987,339.54771067420796
3,716,297.5930873380469,339.44568885024603
3,717,297.5104354414821,339.48711362887144
3,718,297.36922495560566,339.66820179748504
3,719,297.18704594005493,339.9576665147351
3,720,297.0057422259995,340.2972853036677
3,721,296.86923657660617,340.61503429321624
3,722,296.79814304242973,340.8549945766527
3,723,296.8037789355958,340.99874075937913
3,724,296.8817791337875,341.0602897131593
3,725,296.98856783959724,341.07663728901207
3,726,297.0761202521943,341.10033959067505
3,727,297.11499095819926,341.1721200107901
3,728,297.09861420973635,341.3128836552446
3,729,297.04393971372815,341.52602355594917
3,730,296.99201224682855,341.79998384204714
3,731,296.96697371408726,342.0975517363371
3,732,296.97794219681873,342.3752324357065
3,733,297.00666057575273,342.57812202249295
3,734,297.0115007589341,342.649911653298
3,735,296.9494358169178,342.54787256068784
3,736,296.816448245737,342.2719571627172
3,737,296.6402536342267,341.8664240321464
3,738,296.4753194042042,341.41848395011243
3,739,296.3850543296794,341.02419489465035
3,740,296.4157008444838,340.76111608266126
3,741,296.56613337937824,340.65637949094923
3,742,296.79027664670497,340.67392898457604
3,743,297.023845058569,340.7295751063087
3,744,297.21350237358155,340.7393858833078
3,745,297.32839548461453,340.6477082927225
3,746,297.3638602986753,340.440089419343
3,747,297.34266041338145,340.14963289823464
3,748,297.29721952402065,339.8417326275359
3,749,297.2512228055599,339.57896594121996
3,750,297.21805909378986,339.40373859124026
3,751,297.20324245325355,339.3424235163438
3,752,297.2072477316557,339.4057963227219
3,753,297.2246125150715,339.58413853611677
3,754,297.24071512591314,339.847686588645
3,755,297.24333222718946,340.1591210037001
3,756,297.24253713390107,340.4801470059583
3,757,297.2684094601971,340.7791236434148
3,758,297.3439073313575,341.0393802728089
3,759,297.48330882652425,341.2674935951773
3,760,297.6873427394304,341.48483036688424
3,761,297.9208971683518,341.70827605750753
3,762,298.1169337948053,341.94159808701926
3,763,298.23158293567036,342.1809727163459
3,764,298.2467168087771,342.41388654477726
3,765,298.1550400472732,342.6140282021595
3,766,297.9755608640156,342.75494763357386
3,767,297.74985370454567,342.81751890000083
3,768,297.50920638073376,342.7938299309718
3,769,297.27680812564375,342.6909883231127
3,770,297.08273980445114,342.5366986252954
3,771,296.94207483524025,342.36726607950385
3,772,296.85084069602345,342.2166420932263
3,773,296.79978690065514,342.1112907799836
3,774,296.7889822717383,342.0705440203217
3,775,296.80649462749795,342.10080887438977
3,776,296.8365145335933,342.19671784929284
3,777,296.8687277101875,342.3408715103783
3,778,296.8929289247842,342.50714439657827
3,779,296.88530635783735,342.6574054632384
3,780,296.84341288869683,342.76165761966183
3,781,296.7964487133265,342.81366845728917
3,782,296.7779083551344,342.8222079411605
3,783,296.8099268208023,342.79963071129873
3,784,296.9057581825113,342.76360905550644
3,785,297.05309713461287,342.72019725225897
3,786,297.209195597427,342.65235735739174
3,787,297.3248590989691,342.53951636642154
3,788,297.3683447894012,342.3814881937991
3,789,297.3387675399725,342.2046979919535
3,790,297.2542976445308,342.05059512408536
3,791,297.1394286545577,341.96023803614287
3,792,297.02762933682044,341.9601726289507
3,793,296.9496800876142,342.0444045529009
3,794,296.89991138765333,342.16434455121436
3,795,296.85901957428786,342.2562822464779
3,796,296.81702647035604,342.26530812112384
3,797,296.7687874850823,342.1544719125337
3,798,296.7127623061999,341.9144913977547
3,799,296.67036736909034,341.57479122149823
3,800,296.6666556968947,341.19159300399133
3,801,296.71353991335275,340.8322210168444
3,802,296.7993095889559,340.56560642673213
3,803,296.897932708521,340.4545742484066
3,804,296.98196921531115,340.5402826863567
3,805,297.03556070913874,340.82121156513057
3,806,297.05529367809345,341.25593007860846
3,807,297.05355721350804,341.76631292804274
3,808,297.0551147780886,342.253168989321
3,809,297.07632109445944,342.6135659108604
3,810,297.1157309697521,342.77783659621565
3,811,297.1546735974936,342.72417006945346
3,812,297.17135700394454,342.487139004197
3,813,297.1464971468469,342.1397030144954
3,814,297.0795912826995,341.78097879618093
3,815,296.98384332772025,341.50283433783085
3,816,296.8880105334251,341.36347878699735
3,817,296.81748932005934,341.3743620515267
3,818,296.78498821053415,341.5114867834737
3,819,296.7846926810042,341.71771652421495
3,820,296.7969712727728,341.9216907174004
3,821,296.79571795657023,342.0608114382235
3,822,296.77051380768495,342.098841458285
3,823,296.72752449539854,342.02646191562457
3,824,296.68437513881065,341.86845024203194
3,825,296.6685816385577,341.67444493112595
3,826,296.708770251449,341.5079822856709
3,827,296.8166816918472,341.42325558427575
3,828,296.98432547133456,341.4464184774759
3,829,297.1843234994864,341.561816533253
3,830,297.3832312619548,341.7260713692252
3,831,297.550633521904,341.88566262857654
3,832,297.6648651348669,341.99377629666975
3,833,297.723498358517,342.0316319564656
3,834,297.74239109949735,342.0181647901888
3,835,297.73961109520917,341.9879469161513
3,836,297.7308899731898,341.9690808400004
3,837,297.725622575965,341.97511668208716
3,838,297.7191831047575,341.9975090435679
3,839,297.70130736107996,342.00732044271547
3,840,297.6701032415993,341.97650947051426
3,841,297.6287857325899,341.8776642950527
3,842,297.585501173289,341.68248936514095
3,843,297.56586153677716,341.3734574401129
3,844,297.596705101281,340.95200631379277
3,845,297.6957534933095,340.4462870015023
3,846,297.86983904510896,339.9310470924957
3,847,298.11041360709834,339.5207709945353
3,848,298.37453051260263,339.32188196379616
3,849,298.6069207049335,339.39405327541544
3,850,298.74509210101587,339.7265552382578
3,851,298.74452389123144,340.2458537331881
3,852,298.5984572010795,340.8393589526582
3,853,298.3413669235174,341.3990304938888
3,854,298.0349643173805,341.8625158452908
3,855,297.7591200146773,342.2175936861266
3,856,297.5658910218403,342.47227302950773
3,857,297.46061544988095,342.63643119515586
3,858,297.42682022246754,342.72521823487625
3,859,297.43850122570353,342.75199475668626
3,860,297.4614480698094,342.72612697881567
3,861,297.47851804824717,342.65918149686433
3,862,297.48949685171607,342.5742516303864
3,863,297.4923979929939,342.48889761437454
3,864,297.47643683119907,342.40397800899194
3,865,297.4389883535734,342.3160043142074
3,866,297.3839294099957,342.2285278684959
3,867,297.32564499145053,342.14644416315696
3,868,297.2784800794521,342.07234400804566
3,869,297.25442106214393,342.01165433617854
3,870,297.25130659721833,341.9721645123148
3,871,297.25372683336303,341.95494908792614
3,872,297.23843081123624,341.950225315186
3,873,297.1935702608176,341.9436633015805
3,874,297.12344122462093,341.92488889404234
3,875,297.0453108269398,341.88132902015747
3,876,296.9809542413437,341.79841298098137
3,877,296.9461315409888,341.67092973156883
3,878,296.94190231585907,341.510199084088
3,879,296.95887615232704,341.33261178877683
3,880,296.9788768304485,341.1564580970397
3,881,296.98226826094833,341.00274693690415
3,882,296.9534736914754,340.88325271117964
3,883,296.8875133261188,340.79011549875867
3,884,296.78912849570963,340.6964868238694
3,885,296.6809919661781,340.55321642953953
3,886,296.5989548316817,340.29455640362005
3,887,296.58881144855064,339.86414541335756
3,888,296.68936883730805,339.24047632958263
3,889,296.9175401104078,338.4597709932214
3,890,297.25186833195653,337.63835732180473
3,891,297.6390073178691,336.9575459750679
3,892,297.9951946749247,336.60001479134263
3,893,298.2388712151813,336.6973527111122
3,894,298.31815631163954,337.2879058259767
3,895,298.2272989272444,338.2958750994031
3,896,298.00162563112826,339.5503549367589
3,897,297.71792189575024,340.8458356751087
3,898,297.4616041915669,341.9832164818304
3,899,297.29067677500905,342.80994395314633
3,900,297.2214320013602,343.24554329139715
3,901,297.2419265894862,343.29410610122346
3,902,297.31655680031275,343.0344859628262
3,903,297.3897539431352,342.6036431815527
3,904,297.41033083297657,342.1587857990557
3,905,297.35247625432476,341.8303090577267
3,906,297.20942056536563,341.67989157057224
3,907,297.00363104355785,341.7048526270706
3,908,296.7993222638464,341.8586085650208
3,909,296.6782998824938,342.0732131186669
3,910,296.7014096581139,342.2950807010194
3,911,296.89867824855526,342.51009336471014
3,912,297.2502611201172,342.72361271316834
3,913,297.6771126955063,342.93701975378434
3,914,298.0715358490443,343.1520121251816
3,915,298.34196470516395,343.35971964263337
3,916,298.43091547563984,343.52728502486656
3,917,298.3278456888336,343.61182482412676
3,918,298.07324515720495,343.5832162786861
3,919,297.73324716970905,343.4263362327604
3,920,297.37667614782197,343.15393002321
3,921,297.0631224025688,342.80973716854
3,922,296.8270546411711,342.45076475175995
3,923,296.68292764776226,342.13924104418163
3,924,296.6357848766417,341.92848211106207
3,925,296.6787924014115,341.82344424067406
3,926,296.78892538813056,341.77071341860704
3,927,296.9407706477866,341.68096591013966
3,928,297.1040990414756,341.45133371352733
3,929,297.25750090167674,341.00950708968827
3,930,297.3944336416662,340.37810683948993
3,931,297.5218230015665,339.6920021938882
3,932,297.6350721805748,339.12841620335917
3,933,297.71825603922775,338.83888326700753
3,934,297.7380011568095,338.90663796539116
3,935,297.6615703627151,339.3122679410569
3,936,297.469591199293,339.9238728218091
3,937,297.1814107657162,340.57852405753545
3,938,296.84248305658366,341.1478365857262
3,939,296.5223609700312,341.558266711039
3,940,296.279877134834,341.7842520208841
3,941,296.1491249820535,341.84575391004205
3,942,296.1257875759918,341.7805253658382
3,943,296.18241144940544,341.6369833468961
3,944,296.26968613404114,341.4695551090625
3,945,296.3441252518604,341.3337621484349
3,946,296.3718721866591,341.2718409281539
3,947,296.350963414397,341.31423340186006
3,948,296.30868818116767,341.46559022579424
3,949,296.2828167247166,341.69176700061934
3,950,296.3023394536917,341.93466670638827
3,951,296.39259586136836,342.1444355826737
3,952,296.548421362197,342.2836596632838
3,953,296.7350629061655,342.32793195414405
3,954,296.91113233343395,342.2786748456761
3,955,297.04366061834827,342.16378695160694
3,956,297.11294842812794,342.01936066019846
3,957,297.1254473282587,341.8754795871986
3,958,297.10580914185545,341.75796211335387
3,959,297.08040148544393,341.6855878400448
3,960,297.07163787922696,341.6659146809017
3,961,297.0977722761586,341.6964230191836
3,962,297.1721771882975,341.7737844142381
3,963,297.2969936743404,341.88504523944
3,964,297.47482985434533,342.0100280447888
3,965,297.6978107298409,342.11930133277247
3,966,297.9342723870542,342.17698022818536
3,967,298.13435014690725,342.1265274394627
3,968,298.2621557684734,341.9045497787005
3,969,298.30795548449686,341.45976740090623
3,970,298.28496056171315,340.77160548475604
3,971,298.2243299606249,339.8688935323984
3,972,298.17035291038445,338.85643616706744
3,973,298.14712227832,337.9039585003648
3,974,298.1382757962355,337.207283639893
3,975,298.1153532080794,336.943739570899
3,976,298.0569436838232,337.21333855496107
3,977,297.9512469768338,338.00345981381133
3,978,297.80148098991293,339.180592037071
3,979,297.6161102210412,340.5241701441715
3,980,297.40216585215865,341.7902230105462
3,981,297.17722238803714,342.77518994354915
3,982,296.9509797411632,343.3472148131032
3,983,296.73032334024333,343.4886352736121
3,984,296.5396681258417,343.29120331650694
3,985,296.4130289829228,342.896301631032
3,986,296.3583245816811,342.4657779943097
3,987,296.3660010314612,342.14499341330344
3,988,296.4257559886942,342.0180948245257
3,989,296.51546336770053,342.09025501242223
3,990,296.6043140221219,342.3029703367087
3,991,296.67413703546794,342.56660378437414
3,992,296.7403967805637,342.8093794068893
3,993,296.8220044769822,342.98348979858383
3,994,296.92861214472424,343.0731775127617
3,995,297.0659057474961,343.09208604750984
3,996,297.2322513288165,343.0759696900254
3,997,297.4062144280769,343.0683304234664
3,998,297.55527500711764,343.09649204203527
3,999,297.6498719939959,343.1538841983837
3,1000,297.6687996553065,343.20929757304185
3,1001,297.6151310109394,343.216834565956
3,1002,297.5159227391659,343.12866656144257
3,1003,297.39627448155056,342.9211364393652
3,1004,297.27044317215154,342.6097196787192
3,1005,297.14736717966093,342.24010978074176
3,1006,297.0324755809884,341.87652831613343
3,1007,296.926243440401,341.5782294067802
3,1008,296.83864446112534,341.3794341837406
3,1009,296.78444803226466,341.27385868374284
3,1010,296.77629087425356,341.2303880568136
3,1011,296.818181939114,341.20396991133316
3,1012,296.9094393250709,341.1492456199429
3,1013,297.0433642780835,341.03826511324627
3,1014,297.2155249400344,340.8918954717738
3,1015,297.4081233848574,340.7610602128258
3,1016,297.5881612551767,340.70545850049473
3,1017,297.72298633232396,340.77583361922035
3,1018,297.78614659446913,340.9917615606993
3,1019,297.75858569266745,341.3176893638585
3,1020,297.6457475230163,341.6754961264966
3,1021,297.4821215826825,341.9746250050921
3,1022,297.30616409251826,342.1383583802133
3,1023,297.1490215409267,342.13090358163623
3,1024,297.02870322978873,341.962439000137
3,1025,296.95566056258417,341.6907098908433
3,1026,296.9207068990712,341.3967220611084
3,1027,296.9068734330241,341.1648416524985
3,1028,296.900243816808,341.0530212935176
3,1029,296.89408530923055,341.08426496273
3,1030,296.8816963979123,341.2370771783821
3,1031,296.8616314754196,341.4527899407066
3,1032,296.83108237096883,341.6517328242693
3,1033,296.79157647245904,341.7735679523753
3,1034,296.7547642198134,341.79312852728486
3,1035,296.7246431751176,341.7156601180298
3,1036,296.7056004067222,341.5765616598048
3,1037,296.71093619436107,341.4296650306098
3,1038,296.7435656142377,341.30925654594836
3,1039,296.7847860097996,341.2217946473204
3,1040,296.82980047941305,341.167905576606
3,1041,296.88787134614785,341.1471891619793
3,1042,296.9591775747537,341.1518651307399
3,1043,297.0409726566776,341.17942741887924
3,1044,297.1452616032101,341.23492765155777
3,1045,297.2836035923904,341.3138122397464
3,1046,297.4372647599354,341.3887045563827
3,1047,297.5882076415261,341.4337944819023
3,1048,297.7322569855476,341.43444400491956
3,1049,297.86215123614465,341.38870801067446
3,1050,297.958543277614,341.3091721646989
3,1051,298.02010066641424,341.22675074935734
3,1052,298.0548598139421,341.17041723182996
3,1053,298.06826238764063,341.16010337265755
3,1054,298.0638567777327,341.1974535128556
3,1055,298.0513272052425,341.27275457516765
3,1056,298.0453672889898,341.37649664876966
3,1057,298.0583670933717,341.50096120770166
3,1058,298.1018738922771,341.6363958841134
3,1059,298.18301699728033,341.7742697263937
3,1060,298.2979090371506,341.9000167693444
3,1061,298.429262873078,341.99216531367813
3,1062,298.5536605819406,342.03519525559904
3,1063,298.64091978913694,342.02396741967647
3,1064,298.67415143487773,341.96686517785764
3,1065,298.65485862678014,341.88517726255947
3,1066,298.6004428437038,341.8093704831551
3,1067,298.53493800316585,341.76679241423824
3,1068,298.4840332510362,341.77254592526623
3,1069,298.4596977592051,341.8300872969255
3,1070,298.46325121465725,341.93724183109333
3,1071,298.4807464199464,342.07367616329844
3,1072,298.4927489719699,342.2043086776012
3,1073,298.48558574918883,342.29892809845893
3,1074,298.45411056079274,342.3382430811841
3,1075,298.397406683209,342.31678541111125
3,1076,298.3272093539016,342.2534302461394
3,1077,298.2598350850012,342.18437580816146
3,1078,298.2078882163451,342.1446409027935
3,1079,298.1774694285563,342.15466203958175
3,1080,298.17242085498174,342.21238324232996
3,1081,298.18781522746116,342.2996279106927
3,1082,298.2158732598778,342.39370143191786
3,1083,298.2529023075682,342.47386132081607
3,1084,298.30064607758015,342.53145900743226
3,1085,298.35531683686673,342.56883508636025
3,1086,298.413660838918,342.59153372929944
3,1087,298.4720355968701,342.6074253362379
3,1088,298.5192656291718,342.6271195236755
3,1089,298.53849468316633,342.6490639855328
3,1090,298.5280675685183,342.67008096632003
3,1091,298.4955047003262,342.69086576092826
3,1092,298.4512938105716,342.7101826774807
3,1093,298.41341959122695,342.72563083560755
3,1094,298.4061007701728,342.7494342788112
3,1095,298.4387571934253,342.79577056571617
3,1096,298.50660240123636,342.86959294579276
3,1097,298.5956351516584,342.9661660543722
3,1098,298.686992867823,343.07393612405804
3,1099,298.7611392980655,343.1736103017983
3,1100,298.8062908992841,343.24616586144
3,1101,298.82109849429673,343.2842843226763
3,1102,298.8177384122442,343.29639991805954
3,1103,298.8079779074936,343.29514992063287
4,0,316.66944319135405,350.9727165862407
4,1,316.73445117837605,350.99777515646343
4,2,316.81916543420056,351.0214585108682
4,3,316.91296839547647,351.03783565225865
4,4,316.9948412351942,351.0420498986392
4,5,317.05475707269534,351.0362794858821
4,6,317.090557255476,351.0274018058945
4,7,317.10428879996624,351.0208702081718
4,8,317.10189950420886,351.01318930134335
4,9,317.093669514954,350.9958638970596
4,10,317.0837912950136,350.9619828783891
4,11,317.0745642802281,350.9096655410607
4,12,317.06906324622605,350.84476248315326
4,13,317.06940922160067,350.7795830703581
4,14,317.0699583444935,350.72538434440355
4,15,317.0666210115806,350.6881267949067
4,16,317.05703030282757,350.6681718099274
4,17,317.04097789026775,350.6623079055525
4,18,317.01867207661996,350.66485221474375
4,19,316.9945802448886,350.6719592217684
4,20,316.97117362277135,350.68426617329135
4,21,316.95013559406834,350.70381453740026
4,22,316.93189442545963,350.7308543781874
4,23,316.91746248087094,350.76423691093044
4,24,316.9091588867002,350.80131853288424
4,25,316.9123046583366,350.8375725593782
4,26,316.92785993871445,350.8713402823468
4,27,316.95171643408645,350.90217850643324
4,28,316.9791320196787,350.92854186810365
4,29,317.0051125880864,350.94869233419274
4,30,317.02380437915303,350.96083239647527
4,31,317.03343076414285,350.9612763276902
4,32,317.0371015397571,350.9481664679298
4,33,317.0383085307418,350.92336924345267
4,34,317.04034626766725,350.89201790190515
4,35,317.04593019977915,350.8604352178773
4,36,317.0563164834067,350.83438446087564
4,37,317.0713062131452,350.81814169912684
4,38,317.09044307838843,350.8127937221046
4,39,317.1109185409232,350.8144369053729
4,40,317.1294271922738,350.8162872965449
4,41,317.1447170792662,350.8117123880533
4,42,317.15602906471497,350.79677411346233
4,43,317.1633826954384,350.7715600576558
4,44,317.1690334753761,350.73986010641914
4,45,317.17504369115295,350.7101112752903
4,46,317.182085266148,350.6924291787342
4,47,317.19309388034014,350.6915533079332
4,48,317.2080620548856,350.7071608548058
4,49,317.2252789934019,350.7369120983415
4,50,317.2445718472264,350.77405687933623
4,51,317.2650742019058,350.80832256508165
4,52,317.2795453508281,350.83236039213443
4,53,317.28320583913495,350.8425166170386
4,54,317.27496430729434,350.83756303668196
4,55,317.25607750385217,350.82059235965505
4,56,317.22953540958224,350.80051293962873
4,57,317.2022782840786,350.7863283500005
4,58,317.1816517158601,350.78295198171026
4,59,317.1720563908516,350.79088514517906
4,60,317.1716765290875,350.8060015004517
4,61,317.17497494462395,350.81866267979956
4,62,317.17766097781066,350.82033131103555
4,63,317.1760551816537,350.80869191351246
4,64,317.16695611210935,350.7871440590619
4,65,317.1509196145355,350.7609394716128
4,66,317.13232165597395,350.73641120822117
4,67,317.1138128636599,350.71842637408264
4,68,317.09642901216796,350.70759579692776
4,69,317.081557154977,350.70146788207376
4,70,317.0718868896466,350.6986574431657
4,71,317.06946509098935,350.6989176571057
4,72,317.0758449799816,350.7026710907117
4,73,317.092235258432,350.7115669445197
4,74,317.11797646718577,350.7269193639041
4,75,317.1486228097661,350.7478797597663
4,76,317.178316633646,350.7720543206477
4,77,317.20239486244975,350.79597064504406
4,78,317.2176160308852,350.8161382207887
4,79,317.22486022689856,350.83076218161426
4,80,317.2283204912592,350.8404802338654
4,81,317.23191490167073,350.84843002267775
4,82,317.2380541350006,350.858690666148
4,83,317.2489216241371,350.8740538815644
4,84,317.2647889878559,350.89462889359214
4,85,317.2829504918315,350.9186549044306
4,86,317.30160511033944,350.94226188001676
4,87,317.319292638618,350.9605297056651
4,88,317.33322062045914,350.9701296077881
4,89,317.3381602534622,350.970275415256
4,90,317.33056378494166,350.9624408424445
4,91,317.3073664624992,350.94983054973045
4,92,317.2672494336807,350.9379797908037
4,93,317.2123281806907,350.93201555298157
4,94,317.1473362510229,350.93443920377234
4,95,317.0784883507819,350.94401698400344
4,96,317.01421083399,350.95759106493324
4,97,316.96318988748027,350.9697151000949
4,98,316.92840363616216,350.9745705814367
4,99,316.91127691889596,350.9695292753441
4,100,316.9113234746302,350.9564831724342
4,101,316.92324851083083,350.9394025886215
4,102,316.9392391106136,350.9240043862123
4,103,316.95645258467465,350.91635525454063
4,104,316.9727249455387,350.9199945525557
4,105,316.98608499629614,350.93365164627556
4,106,316.9989401042505,350.9522934070146
4,107,317.0152880016671,350.96750513139443
4,108,317.03523691980104,350.9711487737761
4,109,317.05893774137945,350.9578737481715
4,110,317.0863885586401,350.92827864107073
4,111,317.11388902165504,350.88903342444814
4,112,317.1366793626393,350.8503136142728
4,113,317.1517478347301,350.82065664502187
4,114,317.156868247885,350.80603118769363
4,115,317.15099297375565,350.8067191870941
4,116,317.1357705329569,350.8176156045517
4,117,317.1157695654946,350.8324486952334
4,118,317.0961513076336,350.8470311923243
4,119,317.08039756735496,350.8582556702631
4,120,317.0706234134233,350.86560498748895
4,121,317.06833421912916,350.87033917303273
4,122,317.07088062635927,350.87265604593654
4,123,317.0747813547513,350.870973365708
4,124,317.07866477893896,350.86469760854754
4,125,317.0822324663271,350.8550008356468
4,126,317.08363854160416,350.8441389900837
4,127,317.0831157949358,350.83628405563445
4,128,317.0822464789935,350.83667589600907
4,129,317.0801741704695,350.8466596648543
4,130,317.07433414768997,350.86311531606657
4,131,317.06395309357146,350.8818412593977
4,132,317.0497319100485,350.8972580377927
4,133,317.0332709450679,350.90253388209317
4,134,317.0187142758706,350.8937940522217
4,135,317.01212059503484,350.8718463864803
4,136,317.01810391228605,350.84092453297706
4,137,317.0367880187054,350.8074465165457
4,138,317.06228065427257,350.7802889571112
4,139,317.08597937689774,350.77028965351377
4,140,317.09905766523656,350.7851098632027
4,141,317.096443198521,350.823788541269
4,142,317.0789807774957,350.88079444438654
4,143,317.05348151797193,350.94843337954495
4,144,317.0273708218926,351.01557236458257
4,145,317.0060125627462,351.071318941975
4,146,316.990103902499,351.11190564101406
4,147,316.97626033348,351.1375183710474
4,148,316.9603270747573,351.1498838331276
4,149,316.9411121910792,351.15201306893977
4,150,316.92071088997295,351.1476618722035
4,151,316.9046054987113,351.13791117254374
4,152,316.9022478950953,351.1217981246338
4,153,316.9198413563855,351.09744937567314
4,154,316.9563503044689,351.0634548118764
4,155,317.0057582863034,351.020006342883
4,156,317.05887930120485,350.9704712487947
4,157,317.10271231194963,350.92076092826113
4,158,317.12985174110497,350.8768840970594
4,159,317.14165378914197,350.84375536948204
4,160,317.14282921738993,350.8233724750881
4,161,317.13751191415156,350.81375933413636
4,162,317.12907241932146,350.8113944614657
4,163,317.1172033169687,350.81301859950196
4,164,317.0992364960736,350.81555901609175
4,165,317.07527782715965,350.81646766918874
4,166,317.04958334740047,350.8153060989448
4,167,317.02819491844576,350.81283242714517
4,168,317.0174296367623,350.80938106452106
4,169,317.0205664131495,350.80505353784235
4,170,317.03457580617703,350.8006192338813
4,171,317.05250783266183,350.79652923837807
4,172,317.06676943363516,350.7909155995543
4,173,317.0694416326275,350.7823575887478
4,174,317.05718724178706,350.77161578808807
4,175,317.03372608413486,350.7616878928289
4,176,317.0065136398882,350.756152035619
4,177,316.98519211373736,350.7584419062551
4,178,316.97896173916536,350.7694331004567
4,179,316.99202772197094,350.78654504137404
4,180,317.0237449928952,350.8026078130905
4,181,317.0695103065627,350.8092913861155
4,182,317.120437644831,350.8016022513332
4,183,317.16863377972976,350.7805552215554
4,184,317.20847676259973,350.7512224690184
4,185,317.2357989442146,350.7221764415503
4,186,317.2484876496166,350.7018337853348
4,187,317.24615980809847,350.69578795591366
4,188,317.2277802795006,350.70566787438247
4,189,317.19504718505095,350.72840869514414
4,190,317.1499251624882,350.7575088578097
4,191,317.09478891579096,350.7861811015492
4,192,317.03411534766127,350.80795888577194
4,193,316.9741268742007,350.81628666246195
4,194,316.9161601326914,350.8093734723011
4,195,316.8614812236408,350.7915324401737
4,196,316.8121466953824,350.7700756801564
4,197,316.77032033961433,350.7523305476545
4,198,316.73933494021543,350.74334798182315
4,199,316.72658983771584,350.74385359842137
4,200,316.7391465668895,350.7508329068772
4,201,316.7798486043822,350.7592355297503
4,202,316.8467436836977,350.7663230593938
4,203,316.93244613224147,350.77343595106936
4,204,317.0252102567171,350.78417707085435
4,205,317.11203613113037,350.8005156904582
4,206,317.1840840246303,350.8238164246816
4,207,317.237120454699,350.8513900219308
4,208,317.26992474332644,350.877898753663
4,209,317.2830048160948,350.89798008301796
4,210,317.2771597730345,350.9081918740466
4,211,317.25158691581106,350.9066326868603
4,212,317.20549553815704,350.89595487937623
4,213,317.1420825111694,350.881441055926
4,214,317.0676074700004,350.86862188697893
4,215,316.9907748707602,350.8620138773891
4,216,316.9221243392816,350.8633448730488
4,217,316.87034796092075,350.86956261626466
4,218,316.8373626967691,350.8759397081079
4,219,316.82158419951105,350.87744075242614
4,220,316.8195563972708,350.8708391325891
4,221,316.8266878216916,350.85665283762404
4,222,316.839531294324,350.8395677161796
4,223,316.8569694105062,350.82517614010396
4,224,316.8793999133663,350.81828750928975
4,225,316.9088917372382,350.8211615681085
4,226,316.94568398052695,350.8335250918585
4,227,316.9883208545484,350.85118232052844
4,228,317.0340572244354,350.8660574573013
4,229,317.0772231620795,350.8714264001435
4,230,317.11019051424165,350.864093771487
4,231,317.1297487340197,350.841538543945
4,232,317.1353215109365,350.80491670016136
4,233,317.12932790432524,350.7616562328855
4,234,317.1176357687822,350.71941472887005
4,235,317.1042123695523,350.6858110279548
4,236,317.08823276329133,350.67113773944374
4,237,317.0702505902926,350.68144212271056
4,238,317.0518849177955,350.7152833159045
4,239,317.0342938405667,350.76642208661895
4,240,317.02230803136814,350.8244355822019
4,241,317.0216849746048,350.87462896542456
4,242,317.0314020656868,350.9075343353166
4,243,317.0461022981636,350.9203262943958
4,244,317.05910406830765,350.9151964839239
4,245,317.06220556048225,350.89739303009327
4,246,317.0506441709703,350.8739945782452
4,247,317.0274722717003,350.8501528672493
4,248,317.0017808169551,350.8307415643131
4,249,316.98530632401986,350.8201707799639
4,250,316.99005592058086,350.81980632494054
4,251,317.02297678971587,350.8291403865885
4,252,317.0831685061976,350.8464235244667
4,253,317.16033285632045,350.86763988068736
4,254,317.2394676515933,350.88807469638914
4,255,317.30494357368565,350.90590327306376
4,256,317.3472121810999,350.9205403562573
4,257,317.3638993062229,350.930941710275
4,258,317.3561024346195,350.9340109043773
4,259,317.3214758523859,350.91971739910196
4,260,317.25169919052877,350.8595784120407
4,261,317.1361620703132,350.6988892496228
4,262,316.97680466903324,350.40101254817756
4,263,316.78868756566317,349.9693182298715
4,264,316.6009540632599,349.4509426940317
4,265,316.4581790491459,348.9458251980221
4,266,316.3860066737996,348.6093434342097
4,267,316.36346246915696,348.55052393562255
4,268,316.3571598608747,348.78938746033856
4,269,316.34195650263615,349.2689026925427
4,270,316.28827195934707,349.87157100780297
4,271,316.18918738920286,350.4431938058921
4,272,316.0792817065392,350.87052227397925
4,273,315.9910764549698,351.1054599999439
4,274,315.92888852792225,351.15969099449416
4,275,315.87480719987684,351.08454731404845
4,276,315.81788606760887,350.955497286643
4,277,315.74385106966105,350.84383666455966
4,278,315.6401080120715,350.8105908984629
4,279,315.5087482974777,350.8837311029778
4,280,315.39166034246153,351.0627811112926
4,281,315.3222663001328,351.317531783879
4,282,315.31516907770686,351.59902925549085
4,283,315.37883063607336,351.8479198434158
4,284,315.5097406848507,352.0179254340332
4,285,315.678049987837,352.0860326194366
4,286,315.85143668817716,352.0587273004319
4,287,316.00764535600905,351.9685231416785
4,288,316.12991213640805,351.8570309512514
4,289,316.21223808952755,351.7655620044087
4,290,316.25413361371943,351.7190027946955
4,291,316.25384803747113,351.7144156160958
4,292,316.22441678581623,351.7294733569838
4,293,316.1869032143923,351.7408950525295
4,294,316.1608235330807,351.7323174298615
4,295,316.16225259760216,351.7010181125613
4,296,316.20553096609603,351.66372775940613
4,297,316.285180439539,351.64370667833157
4,298,316.3832457516891,351.659766383462
4,299,316.479032242215,351.71534223629715
4,300,316.55806249894505,351.80144023073336
4,301,316.61089089031594,351.8985424070553
4,302,316.63242908333945,351.98339367811843
4,303,316.62066122438875,352.0334372627404
4,304,316.5837976151319,352.0390889680413
4,305,316.5296236520611,351.9973350888677
4,306,316.46700684749385,351.9127596807392
4,307,316.4141382054315,351.80367476821704
4,308,316.39663265090536,351.69770884029606
4,309,316.4238490599102,351.61344166058467
4,310,316.4912388887523,351.5615376023211
4,311,316.5854253124722,351.5485161645779
4,312,316.6820630609846,351.57073228741194
4,313,316.7511561568198,351.6104828883146
4,314,316.7761674190339,351.652290350964
4,315,316.75885258412205,351.6886589631154
4,316,316.71138864575454,351.71262890760045
4,317,316.6533155159746,351.7156616862816
4,318,316.6035223355523,351.69900010619375
4,319,316.5715897704347,351.6703570134431
4,320,316.5562350701381,351.63741247490145
4,321,316.55232592415024,351.60786306738913
4,322,316.55248561136654,351.5914679352889
4,323,316.54555592913954,351.58865456393073
4,324,316.52355504222703,351.5908451348215
4,325,316.48379228582905,351.59142237788103
4,326,316.426787563519,351.587846155251
4,327,316.358197676028,351.57803747021904
4,328,316.2942540896334,351.56621349327514
4,329,316.2540146015978,351.5605855066178
4,330,316.25171823508134,351.56365375964765
4,331,316.2933383988791,351.5740808584014
4,332,316.37027070269414,351.58943168825454
4,333,316.4605420611557,351.60822984719505
4,334,316.5408083267551,351.63295025025036
4,335,316.59724586305293,351.6703311026807
4,336,316.624184205698,351.72282753989845
4,337,316.6269944957616,351.7898438231532
4,338,316.6200573307894,351.867706388909
4,339,316.61597442675276,351.9483868949539
4,340,316.6163520823585,352.01997922774456
4,341,316.6180319729008,352.07677364288696
4,342,316.6200188975665,352.1197232402644
4,343,316.6246378074301,352.151050028241
4,344,316.63568978929493,352.170109187099
4,345,316.6586373866893,352.1755159875023
4,346,316.69194571881036,352.16552984501357
4,347,316.72411054238626,352.13904111412677
4,348,316.7401081126922,352.0990554527686
4,349,316.72798043348473,352.0537338725918
4,350,316.68620278049275,352.01523082024937
4,351,316.6305761474493,351.9944837087491
4,352,316.58209879679686,351.9962430853108
4,353,316.5539859994867,352.0170713309345
4,354,316.55257772220784,352.05070794067115
4,355,316.57385538139636,352.08681405737804
4,356,316.6040046192905,352.1128541015669
4,357,316.6300372425025,352.1204973861263
4,358,316.6450183972188,352.1101944186182
4,359,316.6429437062849,352.0847628589306
4,360,316.61985515935623,352.04961841886444
4,361,316.5758942963292,352.00830038374465
4,362,316.51801718911696,351.95980789425846
4,363,316.45543979894495,351.90198008150224
4,364,316.39720801263053,351.83532013242456
4,365,316.3533789429755,351.7643903733468
4,366,316.33231241616494,351.7001041928526
4,367,316.33178563447916,351.65396936323214
4,368,316.3480686019,351.63159722621623
4,369,316.3832388686907,351.6346362786352
4,370,316.43528991275895,351.6585781671266
4,371,316.49716242070775,351.69394929240053
4,372,316.5664027152246,351.7319885509698
4,373,316.6435485104217,351.76458678664847
4,374,316.7228048301828,351.78300274935026
4,375,316.7990930259463,351.77777700679906
4,376,316.8677067208476,351.7401966495051
4,377,316.92470355825344,351.6662917947928
4,378,316.96214020716855,351.5570925043594
4,379,316.9649808823716,351.41627651243977
4,380,316.91860554743334,351.24944171000516
4,381,316.8246602244183,351.06158736228303
4,382,316.6930839814069,350.85174025886363
4,383,316.5378872984242,350.6209079454452
4,384,316.3973197872694,350.38225797617775
4,385,316.31637847583323,350.16066319777843
4,386,316.3182380281846,349.9852377364018
4,387,316.4027940974708,349.8820002873455
4,388,316.5593452391534,349.8629604026818
4,389,316.7528585740563,349.916897572612
4,390,316.94313660337605,350.0197117759951
4,391,317.10152157718403,350.14891457045206
4,392,317.21312554614235,350.29102960555593
4,393,317.2739544980842,350.4375727843478
4,394,317.29311866309206,350.58074215387245
4,395,317.27798701675,350.7073646066768
4,396,317.23331343049546,350.79375098525713
4,397,317.1694402162295,350.8099613185584
4,398,317.09310903331715,350.74024181285245
4,399,317.00075387994724,350.59383846115645
4,400,316.8915732745721,350.3997412479454
4,401,316.77622790889905,350.2042192023604
4,402,316.66510924050664,350.05633327766833
4,403,316.5645340942167,349.98346293621165
4,404,316.48288524251547,349.98217102042776
4,405,316.4322247147431,350.0282726520468
4,406,316.4094116474911,350.0791103151845
4,407,316.40164739115704,350.0933057543543
4,408,316.3991091356117,350.04916128528293
4,409,316.3989677041149,349.9468428505374
4,410,316.39081190890755,349.79739933856337
4,411,316.36749858271173,349.6235845337292
4,412,316.33137348448525,349.44892419576445
4,413,316.2948360068347,349.29235059687664
4,414,316.2684980455273,349.1737805093935
4,415,316.256720981728,349.1098307567388
4,416,316.26150357847706,349.1026723641922
4,417,316.2837051223076,349.1410525484379
4,418,316.3110405282155,349.1981529914979
4,419,316.3273876414162,349.2312864401448
4,420,316.3346079084416,349.19986952165067
4,421,316.3469367508842,349.08714230531064
4,422,316.3702390933627,348.9031171572467
4,423,316.40594665445843,348.6827175776044
4,424,316.45549794561384,348.47461844785124
4,425,316.51255032213663,348.3329164171427
4,426,316.559570434232,348.2933100353591
4,427,316.5857001706667,348.36129223255625
4,428,316.59453659571716,348.51639123666087
4,429,316.5941250650105,348.72659138668723
4,430,316.58849980835487,348.9437312586922
4,431,316.58831867762365,349.1134741477681
4,432,316.6034129697824,349.1943055418173
4,433,316.63384651062717,349.173589184018
4,434,316.67331991910686,349.06202521838605
4,435,316.72052803543795,348.8939679347883
4,436,316.76220871911596,348.7198963859474
4,437,316.77928012993016,348.5926098164843
4,438,316.76469111502087,348.5403917742403
4,439,316.7241300626993,348.5645430080027
4,440,316.66240508092784,348.6474318980951
4,441,316.594520394158,348.76536643933895
4,442,316.5405164404169,348.8936112749617
4,443,316.4996897281657,349.0103872053765
4,444,316.4566245790156,349.0996593821339
4,445,316.3942175249972,349.1486987353093
4,446,316.2925798436418,349.15260864617875
4,447,316.14370599248315,349.11854074111716
4,448,315.9726888385658,349.0685524823368
4,449,315.81314675435146,349.0290783502973
4,450,315.69789072680805,349.02573496219867
4,451,315.6551276201645,349.0684491325341
4,452,315.69444397912673,349.145654041106
4,453,315.79349512074606,349.2261922604275
4,454,315.9234411767262,349.27756610896927
4,455,316.05268875666553,349.2733748258453
4,456,316.1601673440147,349.2015699980812
4,457,316.2303369622464,349.0609958089619
4,458,316.2554609612788,348.86845185868987
4,459,316.23478651719114,348.6508193662966
4,460,316.18084004245577,348.4368333012391
4,461,316.1053930498111,348.24930902443424
4,462,316.02285705131226,348.1082207989766
4,463,315.9482912463119,348.0194956143757
4,464,315.8927102356113,347.97347340955594
4,465,315.86385603975583,347.95057898535725
4,466,315.86302995385734,347.93675656276207
4,467,315.88895834228583,347.9291579646944
4,468,315.9478441199989,347.93735784626205
4,469,316.03710867712135,347.97488067633543
4,470,316.13527203939276,348.05504013507635
4,471,316.2257799609476,348.1759796313065
4,472,316.30128994953725,348.31702624917887
4,473,316.3492055898045,348.44855684961357
4,474,316.37631460680734,348.54742479998544
4,475,316.40266607370967,348.5992133509398
4,476,316.4352405883928,348.6028079006778
4,477,316.4664034177031,348.5676879276742
4,478,316.49314412221264,348.51226271050575
4,479,316.5028203695752,348.46175222650004
4,480,316.4914291943535,348.4482105038585
4,481,316.4766178262361,348.49897196807456
4,482,316.4853752679744,348.6241435421252
4,483,316.53429458425023,348.8065028142687
4,484,316.6303972247729,349.0018520620221
4,485,316.757004089519,349.14588815577514
4,486,316.87973729904405,349.1810356510734
4,487,316.9541836840419,349.0806886461298
4,488,316.9487020219768,348.86372530385603
4,489,316.86454757739,348.59168893643596
4,490,316.7350240706958,348.34799900864544
4,491,316.59449420116624,348.20594466336047
4,492,316.48623116048367,348.2101257403559
4,493,316.4378622801427,348.3594674426649
4,494,316.4366531887454,348.5978611130594
4,495,316.44671886835977,348.84229920642406
4,496,316.4467874753668,349.0166261823997
4,497,316.42615696937895,349.0763112001905
4,498,316.39437882785006,349.01776487285736
4,499,316.37383453009966,348.8787203618999
4,500,316.3834322025295,348.7122030384864
4,501,316.4280376376891,348.56848238397055
4,502,316.49557978019425,348.4746046958841
4,503,316.55817961140804,348.43153134713305
4,504,316.59273112389815,348.42216934357936
4,505,316.59472252118456,348.4289719509388
4,506,316.5731940341694,348.44013630370796
4,507,316.5479972261021,348.45887554213084
4,508,316.54093665440706,348.5032963290043
4,509,316.5719604687934,348.6046165815479
4,510,316.6421247162925,348.79481630864075
4,511,316.72880964951366,349.0879463404392
4,512,316.7882932808516,349.4654310019854
4,513,316.785072275385,349.88740541088646
4,514,316.69551586932215,350.29662984851603
4,515,316.51713663139964,350.6301448955465
4,516,316.2803701144522,350.8476028140738
4,517,316.0501674575844,350.9528385382138
4,518,315.8853512542301,350.97288071134875
4,519,315.8190426872751,350.9480457474055
4,520,315.85781569254794,350.92489124794866
4,521,315.9779669762095,350.9372244466351
4,522,316.12425579600267,350.9824633328916
4,523,316.2399873505099,351.0392408779851
4,524,316.29016264119684,351.08532310746864
4,525,316.26627495677633,351.09687550096095
4,526,316.17578983746677,351.05407045890144
4,527,316.0460541370152,350.95994344907797
4,528,315.91133281550646,350.8352734689999
4,529,315.79612016179357,350.7020565500295
4,530,315.71294800173894,350.5868507631543
4,531,315.67058812925836,350.51795987327927
4,532,315.66467606343474,350.5114452518918
4,533,315.6844085194384,350.56486679365014
4,534,315.7305690143608,350.66460772825934
4,535,315.8033959721864,350.789466986565
4,536,315.89636911512144,350.90984752401044
4,537,316.0014291698544,350.9967489123318
4,538,316.10882576308285,351.0300365406403
4,539,316.1981769333374,351.00600049992795
4,540,316.25107449561403,350.93315640222227
4,541,316.26438446737757,350.833226322377
4,542,316.25175515335945,350.7364259793652
4,543,316.232632529181,350.6755458838635
4,544,316.2250411672431,350.6659522424978
4,545,316.2422314926944,350.7043332328423
4,546,316.2847853521554,350.7755685136807
4,547,316.33872348560266,350.8580271129356
4,548,316.3828643732054,350.9294305320602
4,549,316.39873503943096,350.9755929211754
4,550,316.37218172071016,350.99267663050097
4,551,316.2937249593688,350.9815546690042
4,552,316.1672922098346,350.9466328600318
4,553,316.0219291340388,350.89127926214184
4,554,315.8964223732707,350.8227510880766
4,555,315.8268945999945,350.75282689605825
4,556,315.84179324066713,350.6968888763038
4,557,315.9548534350506,350.6701498857795
4,558,316.14446904743266,350.68718434556234
4,559,316.36246429874353,350.75640017589654
4,560,316.5615134003018,350.8759330682545
4,561,316.71344364472304,351.03594871294797
4,562,316.80211429862885,351.21843772243125
4,563,316.8245130087617,351.39885980155407
4,564,316.8017167518123,351.553322456299
4,565,316.75647005852426,351.6640803996192
4,566,316.6914774579742,351.7205008751797
4,567,316.60427637978086,351.72137118664995
4,568,316.5020145968445,351.67586381411155
4,569,316.3913011336467,351.5960443996196
4,570,316.2859730232988,351.4957809259037
4,571,316.2107246461049,351.38842682492805
4,572,316.183498193304,351.286345570761
4,573,316.2085418488521,351.20504319980097
4,574,316.27568337568425,351.160765605073
4,575,316.3618175192036,351.15867295619125
4,576,316.4394900610032,351.1963940855009
4,577,316.4914275676967,351.2698195026309
4,578,316.51003714283485,351.3589840961481
4,579,316.5008868516115,351.4326361664582
4,580,316.4757432885089,351.4708399822038
4,581,316.4445295875719,351.4637856320741
4,582,316.40829771384625,351.40609212752884
4,583,316.3614524081327,351.30686976499334
4,584,316.2922977230925,351.18864826796374
4,585,316.1970903897364,351.0696152179617
4,586,316.08480049809276,350.962252329735
4,587,315.9776430406521,350.87538741958156
4,588,315.8999384664194,350.81122156948925
4,589,315.8744027868875,350.7702190144176
4,590,315.9014507393397,350.7518543566803
4,591,315.9632501071419,350.75236516004315
4,592,316.03061583716686,350.7643738643082
4,593,316.08469938823737,350.78604220282415
4,594,316.11668686858525,350.81444559530706
4,595,316.12979292836275,350.84423249628423
4,596,316.1345939530864,350.871358085147
4,597,316.14918144222617,350.8958412727675
4,598,316.1788715397589,350.9125186336304
4,599,316.2208092526091,350.91924319443814
4,600,316.275018904215,350.9198683638023
4,601,316.342816102977,350.9185571296051
4,602,316.4150866408283,350.91352405452545
4,603,316.4768421561597,350.89876219350504
4,604,316.50799496349805,350.8609890733638
4,605,316.4962138062622,350.7979644797757
4,606,316.4337374939462,350.71794186440167
4,607,316.3219581000281,350.6400131335469
4,608,316.18163294909976,350.5883808893781
4,609,316.0525450693839,350.58451477903134
4,610,315.96509548971335,350.6214985850132
4,611,315.9388155760788,350.67922010469
4,612,315.98475796705463,350.73297916973377
4,613,316.09573414208796,350.77263705099017
4,614,316.2357294048502,350.7930265851008
4,615,316.3608708267213,350.8013624964414
4,616,316.43700213931334,350.80859362106224
4,617,316.4366746325132,350.82318698268085
4,618,316.35095162438495,350.827334676517
4,619,316.2019705966308,350.8106440043239
4,620,316.0302873501505,350.77969061660855
4,621,315.8757159681665,350.7487940520034
4,622,315.7743778913481,350.73001870972683
4,623,315.74232261862704,350.74429243019955
4,624,315.77188084392856,350.7992615847008
4,625,315.84187422144356,350.8778586809913
4,626,315.9243271378199,350.9481152930286
4,627,315.9961264844301,350.987473759965
4,628,316.04864716528704,350.9886982747149
4,629,316.08054212710704,350.9521885630221
4,630,316.0807475240203,350.8886216102044
4,631,316.0426929486951,350.8211796783575
4,632,315.96573456019394,350.76709468385127
4,633,315.8551621827966,350.7246807679842
4,634,315.7213236555394,350.68985961706295
4,635,315.5879217037875,350.6633509398559
4,636,315.4806984969738,350.6459486905808
4,637,315.4119215635445,350.6385244066165
4,638,315.3816728147457,350.64471089855573
4,639,315.3893444842529,350.6643152683553
4,640,315.4389007823065,350.68727353466033
4,641,315.5274138526475,350.69823551794485
4,642,315.64922290771415,350.680861970663
4,643,315.78125451961864,350.6270463550633
4,644,315.8939483026117,350.54661116113624
4,645,315.9599283719565,350.4638639909409
4,646,315.96054794816433,350.399231052663
4,647,315.89193601028643,350.37017803556176
4,648,315.78373445115557,350.38693661190604
4,649,315.6731477654729,350.4358399662243
4,650,315.5905522922714,350.4869574185261
4,651,315.56246732613243,350.5215203533524
4,652,315.60242810833205,350.53219299384483
4,653,315.7011294209631,350.5170558831109
4,654,315.8339277278715,350.4853868295155
4,655,315.966483955448,350.45554754212856
4,656,316.0604159679776,350.43946049463494
4,657,316.09042545978804,350.4389959364324
4,658,316.0476754778607,350.45065728137376
4,659,315.94438990013424,350.4727377649262
4,660,315.8093351268594,350.50096945378783
4,661,315.68469894418604,350.52982631013
4,662,315.6046278070055,350.5517179594502
4,663,315.5933143777895,350.56127891057906
4,664,315.66012559868426,350.5557559864717
4,665,315.80482541552726,350.5403338807926
4,666,316.00500353126773,350.52631641587794
4,667,316.2261608184775,350.5309615736779
4,668,316.42653479876964,350.56727360989214
4,669,316.57037555337274,350.63536204841046
4,670,316.6232196463984,350.7197285010221
4,671,316.57646067672925,350.8019895587766
4,672,316.4484779817086,350.8652830909797
4,673,316.2850960048144,350.9084419291328
4,674,316.13373241113686,350.94622793034904
4,675,316.04143239066184,351.0021741259578
4,676,316.0315933240195,351.09145599232414
4,677,316.1089612981943,351.2228198200267
4,678,316.240403750915,351.3804749893061
4,679,316.3785376558435,351.5322916635071
4,680,316.4804734215536,351.65011621801125
4,681,316.5235506171105,351.71923152037465
4,682,316.49796143886755,351.7345991756716
4,683,316.4293450943492,351.7166852703621
4,684,316.35643144903077,351.69937141389255
4,685,316.3039395030098,351.7081633045158
4,686,316.280731949288,351.7545154555665
4,687,316.2871359806154,351.83787143563717
4,688,316.30484813241856,351.9386756045824
4,689,316.32007375502315,352.03245096857614
4,690,316.33479842536457,352.1002015547634
4,691,316.354337100295,352.1340392151147
4,692,316.38006744793114,352.13618018562664
4,693,316.41609223016604,352.1198946131714
4,694,316.46039201037877,352.0971960675784
4,695,316.5040900681294,352.0727008307523
4,696,316.5391222962881,352.04059701497175
4,697,316.5644329663143,351.99190613558136
4,698,316.5787058821984,351.915686281629
4,699,316.58412267485573,351.8014873284024
4,700,316.5934427357023,351.6538880131003
4,701,316.6206526658318,351.49492803619967
4,702,316.6679032528841,351.34684421177184
4,703,316.7278066634956,351.22723964880004
4,704,316.7799526413631,351.15294250916213
4,705,316.7945135229117,351.1223367457424
4,706,316.75216828617783,351.1179618511379
4,707,316.65921976167067,351.1162000485157
4,708,316.5456102104318,351.09162460711616
4,709,316.45688405943577,351.0233274325605
4,710,316.4340402800438,350.90749677878597
4,711,316.4944052272737,350.7450721024078
4,712,316.61947807268257,350.548362845252
4,713,316.7653624908847,350.34175941034346
4,714,316.88234049054046,350.1516908083361
4,715,316.9288449299453,350.00304569231406
4,716,316.8879588909889,349.93026308020677
4,717,316.7736696680083,349.9578549643497
4,718,316.6154254880048,350.09210970433196
4,719,316.4380563130997,350.31519725076305
4,720,316.27470616198264,350.5840397558681
4,721,316.1494217533438,350.8338424045245
4,722,316.07095490899025,351.0093382416561
4,723,316.03684323777486,351.0803922161771
4,724,316.0490069154594,351.0526528607113
4,725,316.0882311313806,350.96818483093045
4,726,316.13186364395216,350.89415906759604
4,727,316.1590419273638,350.879835242258
4,728,316.16606248440036,350.9491967230013
4,729,316.1549517776792,351.10386238814664
4,730,316.13513777567374,351.3180564672563
4,731,316.1126371571055,351.54059250602575
4,732,316.0952113634248,351.7302410282017
4,733,316.0757852514757,351.8511577330646
4,734,316.0389876188075,351.87230671534655
4,735,315.9731426826088,351.77577614839646
4,736,315.88049108069595,351.5711211342414
4,737,315.7715342896277,351.2880777186377
4,738,315.67282425547916,350.9810052094235
4,739,315.6194366503855,350.7108933975056
4,740,315.63905242079665,350.52521128547585
4,741,315.7332541331669,350.436106596529
4,742,315.87791407896367,350.41688915495234
4,743,316.0301305636159,350.4095372004953
4,744,316.15042203645436,350.35796787812234
4,745,316.21584454045365,350.2302656091158
4,746,316.22402150381845,350.02419574644523
4,747,316.19887909718693,349.7701358117088
4,748,316.17480152400145,349.51617436089776
4,749,316.1689679955937,349.3028188311019
4,750,316.1805745676443,349.15398048471695
4,751,316.2062775818876,349.0888355523387
4,752,316.2367110516906,349.12317737892363
4,753,316.2603441766314,349.2638037943553
4,754,316.26396898576843,349.49427061772906
4,755,316.2425441591264,349.7833733881305
4,756,316.2044188511517,350.0889131381072
4,757,316.1752116990629,350.37210535442733
4,758,316.17603967014406,350.60416834680785
4,759,316.22502526331255,350.78711470878744
4,760,316.32825824400214,350.94263977955944
4,761,316.46450617822995,351.09140007866023
4,762,316.5842127848619,351.2385283993256
4,763,316.6487261440813,351.3825825160722
4,764,316.6448440900614,351.5176593802995
4,765,316.5699167204877,351.62807519690006
4,766,316.4391926403,351.6999726284471
4,767,316.2856474510982,351.72683637108423
4,768,316.1330949189384,351.7131085296002
4,769,315.98489348935624,351.65773386538365
4,770,315.84992117383416,351.5653719123372
4,771,315.73282728703487,351.4460006196592
4,772,315.6290900254214,351.31467841138743
4,773,315.5375431848809,351.18955285061304
4,774,315.47234271464555,351.0932048137612
4,775,315.43915740216596,351.0459924260688
4,776,315.4318608131233,351.0584812387902
4,777,315.44324320615493,351.1282582735406
4,778,315.4661055967598,351.24013788836567
4,779,315.48578428905154,351.3670506164232
4,780,315.5021523382032,351.48163712987326
4,781,315.5412949337263,351.57231696602486
4,782,315.62592468431785,351.6386823998315
4,783,315.76461148720307,351.68551870688793
4,784,315.9534333326642,351.7215246715406
4,785,316.16611934055175,351.7509308000127
4,786,316.3566785260151,351.76489624142187
4,787,316.48914618239087,351.7539028438733
4,788,316.5444911642374,351.71779485979715
4,789,316.5232636888851,351.668384471419
4,790,316.4453676052289,351.6263313459947
4,791,316.3388990042202,351.61286651035556
4,792,316.2339819517345,351.63809039401235
4,793,316.1560370376797,351.6953833880928
4,794,316.1124755021336,351.7593615971295
4,795,316.09351878396166,351.7959176104114
4,796,316.08423384580067,351.77257325497897
4,797,316.0646328668572,351.6647744813457
4,798,316.0232029652352,351.46560135439745
4,799,315.9683846116648,351.19671780660497
4,800,315.92006394910493,350.89805345937737
4,801,315.90049644155533,350.6205286889312
4,802,315.9267783296719,350.425344704899
4,803,315.9992310018546,350.3674750856067
4,804,316.101603722037,350.47062858343645
4,805,316.21707206453146,350.72154485468366
4,806,316.3292542589942,351.07699931369456
4,807,316.42627375792296,351.46509130256135
4,808,316.5023369429629,351.80060837863385
4,809,316.55460093836473,352.00798868164884
4,810,316.5781783035933,352.04780547112415
4,811,316.56876108937945,351.9245362000843
4,812,316.52205887445734,351.6826990109871
4,813,316.447506382369,351.3920884248091
4,814,316.36495418774854,351.13192241164523
4,815,316.29202287511856,350.9640751560707
4,816,316.24601734150076,350.91157109450285
4,817,316.2392274896327,350.96066351243775
4,818,316.2614289847347,351.07692139032616
4,819,316.29042693982467,351.21536019800396
4,820,316.3044958031013,351.330122136328
4,821,316.28408403294173,351.39019243873673
4,822,316.2309581978617,351.38752126273914
4,823,316.16352850072167,351.32615337210996
4,824,316.1072349743019,351.22269090981945
4,825,316.08726271967765,351.1055055649005
4,826,316.1205482124221,351.0102837738325
4,827,316.2037032058776,350.96391694312337
4,828,316.32229307796314,350.97873458141396
4,829,316.4520654806754,351.0482045585871
4,830,316.572260385675,351.1546335628259
4,831,316.67036233708035,351.27258961646237
4,832,316.73342237995496,351.37484480603854
4,833,316.7567280446817,351.44660067942414
4,834,316.7511629209337,351.4922166290694
4,835,316.72554309105595,351.52325763547
4,836,316.6839273218054,351.54944086603007
4,837,316.6410323885817,351.5832199071685
4,838,316.60693141041355,351.6296477607158
4,839,316.57559295961454,351.6743987237896
4,840,316.5404729034572,351.6901168922498
4,841,316.5005730464135,351.6421962312952
4,842,316.4516198278803,351.4903696439975
4,843,316.4014533692552,351.20278357370125
4,844,316.36697837917967,350.7675988527844
4,845,316.3669922964584,350.2123354537055
4,846,316.4157934657822,349.61612471707883
4,847,316.52157110829194,349.0986471130407
4,848,316.6683051638115,348.7772187628792
4,849,316.829895791145,348.73595268179
4,850,316.9675837149393,348.9889798378157
4,851,317.05012904840953,349.48052297676634
4,852,317.0573086800127,350.09266683734876
4,853,316.99266765669284,350.7009393725711
4,854,316.88004257765533,351.2193622129396
4,855,316.76548000698347,351.61730063947306
4,856,316.67857597628955,351.8929761800414
4,857,316.62697190424007,352.07176769142563
4,858,316.6097589355529,352.18314808631527
4,859,316.62290260980586,352.2467650800074
4,860,316.65121680659126,352.27065450133273
4,861,316.68076796879257,352.2585592322008
4,862,316.70817575097044,352.21567348612524
4,863,316.7241392912142,352.14743318972967
4,864,316.709140196097,352.05552324930125
4,865,316.64888372401356,351.9392019223619
4,866,316.5507404386715,351.81013753152126
4,867,316.4360617017989,351.6844913648181
4,868,316.32760753161324,351.57624498578673
4,869,316.24520452145725,351.49590452586614
4,870,316.20017274946713,351.4569494844132
4,871,316.1821744617991,351.4602251067194
4,872,316.16983101956635,351.4938194303458
4,873,316.1556619620827,351.54560387061
4,874,316.14139111278644,351.60398999083475
4,875,316.1276879600191,351.64576326868786
4,876,316.12142901498834,351.64938673285627
4,877,316.1277831628003,351.60603246623674
4,878,316.1395290886441,351.5158735234205
4,879,316.149016349245,351.38927801486403
4,880,316.15383799612164,351.25121511560855
4,881,316.15050021749437,351.1308733361502
4,882,316.1333938367576,351.0461652235621
4,883,316.101736664712,350.998312179934
4,884,316.0520767817929,350.9647616446309
4,885,315.9862920728965,350.89911368105317
4,886,315.9164046064182,350.74116228369945
4,887,315.8660964300051,350.43287368332847
4,888,315.85417726173705,349.94017725786875
4,889,315.89968044901445,349.28234887563883
4,890,316.00755627394943,348.54594207359537
4,891,316.1655473168945,347.87212789755637
4,892,316.3384671478325,347.4246741035457
4,893,316.4887380754943,347.3386421698575
4,894,316.5811548131855,347.6654835767367
4,895,316.59668719894233,348.3574993098417
4,896,316.5326938210245,349.2806289345182
4,897,316.4119964189803,350.2506657515581
4,898,316.2681280836646,351.08247959292135
4,899,316.1312242881838,351.6435059056783
4,900,316.01469848717954,351.86985237136815
4,901,315.9253813201949,351.7789375207249
4,902,315.86692206123405,351.46037285290447
4,903,315.8342127478351,351.05051153943504
4,904,315.8129389205825,350.6906199388178
4,905,315.7972703732483,350.49050592421247
4,906,315.7800801100789,350.4895696326346
4,907,315.7548536532051,350.66126291026325
4,908,315.73778598692996,350.93532006276047
4,909,315.76464286245454,351.22410356213
4,910,315.861353220169,351.46038108158155
4,911,316.0388167497522,351.62583633228246
4,912,316.2883450590154,351.73606262322795
4,913,316.56487876979156,351.8149228871938
4,914,316.8064318824649,351.8927424390458
4,915,316.9633121539819,351.98840466258474
4,916,317.01417786007676,352.09416690723594
4,917,316.9588626410883,352.18309131277715
4,918,316.82151510772763,352.23017449646494
4,919,316.634509465211,352.2114610667032
4,920,316.4353376835932,352.11739999884617
4,921,316.25262653057155,351.96134211740775
4,922,316.103598343171,351.7756201087313
4,923,316.0032067092343,351.60392503655675
4,924,315.9669926256285,351.4860647700907
4,925,315.9908255611259,351.4273360922681
4,926,316.0530528261281,351.38886099628974
4,927,316.1307521695643,351.30466139078203
4,928,316.19625582406184,351.0966380704589
4,929,316.2309060839726,350.7112523681209
4,930,316.23891978604047,350.16809174182544
4,931,316.2443476619769,349.5789007937008
4,932,316.26746749324747,349.0939516631457
4,933,316.3141831618396,348.84685803531903
4,934,316.37239958203054,348.91846180705954
4,935,316.4193783189877,349.29976608667744
4,936,316.4263393412562,349.87740573492556
4,937,316.3735749877408,350.4979999742031
4,938,316.2607651904866,351.0337724714485
4,939,316.1032017931525,351.39894822406916
4,940,315.92713130669404,351.5623858352341
4,941,315.76196987577913,351.5516781235002
4,942,315.63340157111816,351.4243528340362
4,943,315.5508406745141,351.2406950911578
4,944,315.50492397069604,351.0620505565589
4,945,315.47030920970286,350.93659545083585
4,946,315.41879448883844,350.8876444755028
4,947,315.3334866639998,350.91858402406893
4,948,315.2315541777884,351.0205752206708
4,949,315.1528233190704,351.16618945108985
4,950,315.138899326124,351.32079368658935
4,951,315.219821472099,351.4595732619689
4,952,315.40175971175603,351.5705988367108
4,953,315.6501601247629,351.6425890586104
4,954,315.90922596189193,351.6678059898483
4,955,316.124030418833,351.64777262435865
4,956,316.26368504261217,351.59247262948696
4,957,316.32241342366507,351.5106469949883
4,958,316.32095277106947,351.4167136293596
4,959,316.2903551697621,351.3289898017441
4,960,316.26706908172594,351.26655446797685
4,961,316.27779151715,351.2371995519789
4,962,316.3392136163692,351.24475477039346
4,963,316.45215437184095,351.28645085840185
4,964,316.6123530193486,351.35629701677993
4,965,316.8003340668056,351.43681631310864
4,966,316.97722007177293,351.49963787603934
4,967,317.0966759725002,351.4940455174598
4,968,317.1279584891422,351.35724786011104
4,969,317.0627685351694,351.02759216773126
4,970,316.9159136057975,350.4679571733469
4,971,316.7248379997361,349.6986458438842
4,972,316.53585930701627,348.8123174409911
4,973,316.37764725016103,347.9558424900997
4,974,316.25698308148054,347.30498906879296
4,975,316.17466739807185,347.02504416309796
4,976,316.1207550969794,347.2012552216129
4,977,316.0889577984944,347.8183542606295
4,978,316.0813940119668,348.76941469800556
4,979,316.0793884799717,349.87690305097476
4,980,316.039272617615,350.9309895781949
4,981,315.93850782403865,351.7614437804951
4,982,315.75891729847723,352.26619421297295
4,983,315.49588721981047,352.4243141802924
4,984,315.1871651772578,352.2917406002181
4,985,314.90509705488273,351.98281256683487
4,986,314.6955634814926,351.62686996012894
4,987,314.5785346221182,351.3408780208096
4,988,314.5578281312257,351.2036251496821
4,989,314.6233192850913,351.2397344207237
4,990,314.7496423877518,351.41814707926983
4,991,314.9139039013324,351.6733972184436
4,992,315.1043274824564,351.92989804948087
4,993,315.3073599832186,352.12750059092497
4,994,315.50139061167647,352.23638406117135
4,995,315.66521658668745,352.2567247932186
4,996,315.7950013850511,352.2173421770387
4,997,315.8998615186651,352.1624173512575
4,998,315.9901575240966,352.1239927049649
4,999,316.0733284483215,352.10888171114806
4,1000,316.15545329754985,352.10648093664366
4,1001,316.2315224484403,352.0889279810036
4,1002,316.29062127996224,352.0257351430217
4,1003,316.32662700424333,351.90446679015486
4,1004,316.33864504653866,351.73672040660165
4,1005,316.32871556754964,351.55138938546764
4,1006,316.30685720250443,351.3881577155153
4,1007,316.2860129838731,351.2772359105471
4,1008,316.27707222741265,351.2273560284085
4,1009,316.2853789902616,351.2248280777453
4,1010,316.3115927607111,351.24181774719347
4,1011,316.346791370232,351.2439938624848
4,1012,316.378206418259,351.2047867766719
4,1013,316.40368739562064,351.1168031878355
4,1014,316.4350212340809,351.0022894837437
4,1015,316.47612525391577,350.9002508385825
4,1016,316.5243468822097,350.8559429475698
4,1017,316.58141250612374,350.9055510656973
4,1018,316.6341995084968,351.05710768395335
4,1019,316.65584426777065,351.28284134725675
4,1020,316.6358031547932,351.5302270303859
4,1021,316.58859548837523,351.737469149006
4,1022,316.52738158444,351.8510538500565
4,1023,316.46614201777777,351.84790620604326
4,1024,316.42188030998176,351.73517947742664
4,1025,316.40653906972005,351.55014793518825
4,1026,316.41002174497095,351.3446154193587
4,1027,316.4136607426215,351.17181422726975
4,1028,316.40575484843987,351.06527479490234
4,1029,316.38003556909104,351.03744219722154
4,1030,316.3294105715147,351.073339216215
4,1031,316.2585019508282,351.1416549988884
4,1032,316.18235071906463,351.20475808476
4,1033,316.1162836833851,351.2391792630287
4,1034,316.0751010347856,351.2363393654974
4,1035,316.06811073950865,351.20369107592694
4,1036,316.0955013135966,351.1569903276134
4,1037,316.1498496120393,351.1152337206648
4,1038,316.2169012680751,351.08810064354736
4,1039,316.27448696318635,351.07561205007505
4,1040,316.31571486506306,351.0750926797254
4,1041,316.3480199187549,351.0858995827998
4,1042,316.3791005523865,351.10291405152446
4,1043,316.4150049412109,351.12077813378414
4,1044,316.46924800411756,351.13958585307057
4,1045,316.55000301890726,351.1586354998128
4,1046,316.644009310714,351.1683337852428
4,1047,316.7389803534146,351.1648253797271
4,1048,316.83256641417296,351.15077239478217
4,1049,316.9194692688896,351.13079359581945
4,1050,316.9832702865177,351.1090650765482
4,1051,317.020447383044,351.0949402726743
4,1052,317.02958992960845,351.0910014624952
4,1053,317.00633857692975,351.09590697889803
4,1054,316.9511471489422,351.10482197358306
4,1055,316.878016174157,351.1128671891008
4,1056,316.80495233534083,351.1179716540344
4,1057,316.7542445238658,351.12575262805166
4,1058,316.7470846104976,351.14296167141663
4,1059,316.7945204167752,351.17322427633735
4,1060,316.8901871300519,351.21496227299355
4,1061,317.0178608907771,351.2617891852939
4,1062,317.15474826657095,351.3072740973137
4,1063,317.2729111853547,351.34381435238373
4,1064,317.3556465345968,351.3662346784991
4,1065,317.40559500185196,351.3767765470351
4,1066,317.4361143501903,351.3851883120389
4,1067,317.4623845843413,351.4003606171523
4,1068,317.49870325029144,351.43032925716403
4,1069,317.54573123785116,351.4821883632544
4,1070,317.59096833203563,351.556462687262
4,1071,317.6158146862998,351.64199971862985
4,1072,317.60683382421934,351.72135389709285
4,1073,317.56075819836565,351.7806246367672
4,1074,317.48503215837707,351.8116597108991
4,1075,317.393255469585,351.8153512342114
4,1076,317.3020549583099,351.8028002124218
4,1077,317.22355338933227,351.7920960657951
4,1078,317.1653326750946,351.7960476656304
4,1079,317.1296304922027,351.8172507858585
4,1080,317.1156618147117,351.85114411779966
4,1081,317.118174701528,351.891066758793
4,1082,317.1330657568991,351.9290925578609
4,1083,317.16053335032535,351.9611528104862
4,1084,317.2040306943652,351.9923873803001
4,1085,317.2608452790554,352.02914395473493
4,1086,317.32254691360686,352.0713799616073
4,1087,317.3752535943387,352.1148726490153
4,1088,317.39724112991263,352.1547891345945
4,1089,317.3695771450275,352.17977002835363
4,1090,317.2923337818419,352.17990020487616
4,1091,317.18298174270546,352.15528613301694
4,1092,317.06697506593935,352.11311098850535
4,1093,316.9739383509801,352.0636759008122
4,1094,316.9273695699447,352.02272573270955
4,1095,316.9340557108008,352.0061344916329
4,1096,316.98532421849626,352.0209089722032
4,1097,317.06206679306564,352.0637931888906
4,1098,317.14297216858756,352.12379565780236
4,1099,317.21144214890643,352.18720888100415
4,1100,317.2569656600055,352.2394608472653
4,1101,317.27681928442763,352.27244945041326
4,1102,317.28027148030526,352.28816478703993
4,1103,317.2771814627693,352.2939137306914
5,0,328.9551316760822,357.4823195430776
5,1,329.03491444391955,357.5091978398291
5,2,329.1333406412131,357.53617019101193
5,3,329.2380704191847,357.55709346057256
5,4,329.3258561455872,357.56664566587824
5,5,329.3870989240169,357.5670703511974
5,6,329.42183612452783,357.5643155240317
5,7,329.43663582449614,357.56299020827305
5,8,329.43641975024053,357.5600575125282
5,9,329.4264590686824,357.5464847780424
5,10,329.40891119070614,357.51402188900664
5,11,329.38649222059666,357.45964902298806
5,12,329.36328094858834,357.38740837457107
5,13,329.3434301342078,357.3082298871272
5,14,329.32690682968007,357.2353809181493
5,15,329.31179706176795,357.1785159647217
5,16,329.2950836628819,357.1415565844347
5,17,329.27499351170786,357.12410715846715
5,18,329.25074607482094,357.1212943345787
5,19,329.2250674428425,357.1272712639317
5,20,329.20307005620384,357.1403975526194
5,21,329.189131133762,357.16129355113117
5,22,329.1845881913878,357.18922522366756
5,23,329.1899168524653,357.22324979772714
5,24,329.2045895446963,357.2615780325662
5,25,329.22695653355777,357.2996948583626
5,26,329.2548327323006,357.3356071640311
5,27,329.28507984234864,357.3707285001179
5,28,329.31408697991947,357.4063872964105
5,29,329.33875703619134,357.44253937966937
5,30,329.35646361691676,357.4776089762191
5,31,329.36617571100993,357.50717340612204
5,32,329.3692147469269,357.5257001965094
5,33,329.36865623327117,357.5302267385613
5,34,329.36748800930076,357.5225423276417
5,35,329.3680164182318,357.5086173059441
5,36,329.37130248298973,357.49508332904566
5,37,329.3780900590548,357.48855003790044
5,38,329.38703651727013,357.4923169409405
5,39,329.39566370890475,357.5041357118316
5,40,329.4018932943029,357.51714632899825
5,41,329.40545183981084,357.5236407229804
5,42,329.40645169639924,357.51830751534214
5,43,329.4075961043785,357.50006910931796
5,44,329.4133591869005,357.4716861573328
5,45,329.42655318625,357.4401868627059
5,46,329.44768231206615,357.41434801474145
5,47,329.4772406458795,357.3977543435143
5,48,329.5117813252046,357.39000563783975
5,49,329.54545146152293,357.3896342068935
5,50,329.57565001666705,357.39267475895696
5,51,329.60114472080704,357.3928797480981
5,52,329.6174961611278,357.3861510937533
5,53,329.62230324714386,357.3704732122358
5,54,329.61638808167214,357.3449025815984
5,55,329.6007317262242,357.3120175454835
5,56,329.5766260539699,357.28067467156546
5,57,329.5483380953523,357.26067453793127
5,58,329.52065050871806,357.2576690913163
5,59,329.496869762893,357.27179754700273
5,60,329.4774221250147,357.29684829054736
5,61,329.46073492534975,357.3192813417346
5,62,329.44565602329294,357.3275110622444
5,63,329.4314835297373,357.3174136583506
5,64,329.41675302310995,357.29333496502613
5,65,329.4012872863456,357.2638763978641
5,66,329.3871156289331,357.238933139471
5,67,329.37428303153536,357.2251606362617
5,68,329.36154706864284,357.2245502144817
5,69,329.3489469083548,357.23470933822557
5,70,329.33793425287547,357.2517823295454
5,71,329.3298136272663,357.27240889804267
5,72,329.32734341586274,357.2952821125295
5,73,329.33340987699563,357.3206404631722
5,74,329.347609036163,357.34815193060575
5,75,329.3659517865801,357.37709326016864
5,76,329.3833166830582,357.4066438750602
5,77,329.39461964501874,357.4335754681945
5,78,329.39611558915135,357.4536647863055
5,79,329.38928247350447,357.4646747553414
5,80,329.3793152779334,357.4670378757037
5,81,329.37098376909245,357.46395094253984
5,82,329.3673331651706,357.4610056189474
5,83,329.3713508672494,357.46336943556975
5,84,329.3840013518597,357.47311989082954
5,85,329.4026998697746,357.4894550613717
5,86,329.4250222465324,357.5087844881039
5,87,329.44917213418296,357.52601277718844
5,88,329.47119014965773,357.5370869484222
5,89,329.48471462347095,357.5410151949856
5,90,329.48561491149644,357.53991877012487
5,91,329.4716313962356,357.53771709835905
5,92,329.4423323493985,357.5399224356119
5,93,329.4005191943771,357.5508869700971
5,94,329.3522180500002,357.5716640902925
5,95,329.3044767971838,357.59914132714835
5,96,329.26474259196914,357.6279660591721
5,97,329.23996406225757,357.6513466865399
5,98,329.2321731520489,357.6642978162942
5,99,329.2402807428563,357.66614578723977
5,100,329.2610289240857,357.65979399687177
5,101,329.28766895396376,357.6497022386405
5,102,329.3123540027654,357.641816494665
5,103,329.3323484779409,357.6404047451947
5,104,329.3467677501109,357.6456908901456
5,105,329.3561925191833,357.6551327110348
5,106,329.3646433995301,357.66373650962976
5,107,329.37621503723705,357.6627838632684
5,108,329.3914048730729,357.64615043614
5,109,329.41034813329134,357.6128317445999
5,110,329.4314333804015,357.56609570204483
5,111,329.45034152760644,357.514633446935
5,112,329.46259157866666,357.47069732845483
5,113,329.46480898336597,357.44160373685435
5,114,329.454410345286,357.4300907726065
5,115,329.43077799064713,357.434454733112
5,116,329.39531021489313,357.44801418182624
5,117,329.3525326972716,357.4617786617423
5,118,329.30823636664167,357.4711236612882
5,119,329.2681652913914,357.4736634116312
5,120,329.2374668444793,357.46918465922187
5,121,329.22040720827636,357.4588198491626
5,122,329.2153998908499,357.44515140347494
5,123,329.218382280664,357.42964943728094
5,124,329.2245365700196,357.4136799116629
5,125,329.2294519579487,357.39891667480407
5,126,329.22881426636286,357.3871435707399
5,127,329.22315802686614,357.37956433873165
5,128,329.216859316055,357.3762592486131
5,129,329.21381874598245,357.3756779589313
5,130,329.2157310698686,357.37462572528176
5,131,329.22374688036746,357.370552223877
5,132,329.23713253726726,357.36162900334966
5,133,329.25207379475546,357.346162214752
5,134,329.2661886168384,357.3226931813652
5,135,329.279972799931,357.2920488842741
5,136,329.2954227544024,357.2577355206245
5,137,329.31350125300924,357.22517883542173
5,138,329.3332309525652,357.2025607001917
5,139,329.35046885794924,357.2011749130085
5,140,329.35911851692833,357.2297856495521
5,141,329.35445005908593,357.2881921120931
5,142,329.3350952598366,357.3697185111735
5,143,329.30403210150746,357.4642785924518
5,144,329.2674902374083,357.55703161045125
5,145,329.2323340366261,357.63336048813005
5,146,329.2009952843418,357.6869665277073
5,147,329.17243568191776,357.7183830925704
5,148,329.14449046034446,357.73104955523826
5,149,329.1163603946659,357.73108553187774
5,150,329.0888857052817,357.72517146871166
5,151,329.06833094419443,357.7164041456408
5,152,329.0664488745867,357.70367141318945
5,153,329.0913925008312,357.6819828085183
5,154,329.1425234277227,357.64768231845585
5,155,329.2134936719312,357.600744775111
5,156,329.2919032417241,357.5445162051658
5,157,329.3594406593936,357.48540133297973
5,158,329.4046699501839,357.4337005556997
5,159,329.4272794895112,357.3972350498714
5,160,329.4320483988267,357.37866364372536
5,161,329.42541632986604,357.37608470109745
5,162,329.4148199625759,357.3861774926605
5,163,329.4036637888589,357.4047282685339
5,164,329.39201657505527,357.42735372675236
5,165,329.38104343022655,357.45001142772963
5,166,329.373514382376,357.47113541932686
5,167,329.3715268127432,357.49044526710054
5,168,329.3773973651135,357.5068740088434
5,169,329.39134014909996,357.5197612127125
5,170,329.4089040133414,357.530149774245
5,171,329.4244020704928,357.5396989960733
5,172,329.43359092105703,357.5478159471457
5,173,329.43089165466534,357.5535965525532
5,174,329.41307364846887,357.55671286464946
5,175,329.3829930529034,357.5567447686715
5,176,329.34635776944225,357.5523253684445
5,177,329.31131349827194,357.5433652162715
5,178,329.28788575551033,357.5298055617938
5,179,329.28391815737916,357.5109433403792
5,180,329.3018470476753,357.48497154251885
5,181,329.33982881601344,357.4509960546516
5,182,329.39042541912585,357.40865203250905
5,183,329.44444220366097,357.3610115344586
5,184,329.49227121977844,357.3141984321749
5,185,329.52668083516875,357.2759231078844
5,186,329.5430710052612,357.25140484965345
5,187,329.5404432196017,357.24400582033496
5,188,329.5204472635896,357.2543195723254
5,189,329.4887155405154,357.27781858347714
5,190,329.449383507552,357.3076447383984
5,191,329.40602350387195,357.33798588724784
5,192,329.3626453587408,357.3638767475208
5,193,329.3218529603699,357.3784736337107
5,194,329.2819552901632,357.37947205414923
5,195,329.2435418512686,357.36996140305297
5,196,329.2079476248523,357.35624818256866
5,197,329.17680823944494,357.3437327484865
5,198,329.153257689699,357.3372954289034
5,199,329.14305191345755,357.3385064285122
5,200,329.1513536864618,357.3453604710764
5,201,329.1815070251185,357.352617071231
5,202,329.232502734461,357.35792124931567
5,203,329.29882490156666,357.3625249035701
5,204,329.3714651084836,357.3692405003108
5,205,329.4396598535927,357.3789273388141
5,206,329.49396776192276,357.3928213615895
5,207,329.5295264188149,357.40891395852026
5,208,329.5456764335326,357.4226113087545
5,209,329.54477511209603,357.43004513409977
5,210,329.5296937621644,357.43040810875345
5,211,329.50220931507374,357.4254248964935
5,212,329.46309234063114,357.42162199118854
5,213,329.4148051510884,357.4262129073888
5,214,329.36050746546164,357.44306198727685
5,215,329.3049202589753,357.47261227506914
5,216,329.25520362901693,357.5096723140417
5,217,329.2178710461027,357.54260794169915
5,218,329.1939797248243,357.5621973421312
5,219,329.1824449973846,357.5648207105192
5,220,329.18074522070583,357.55072230226773
5,221,329.18488025115386,357.52520645569916
5,222,329.1917151401107,357.4977961060034
5,223,329.2004564289606,357.47596004257593
5,224,329.2118566808004,357.4627398945737
5,225,329.2295683500696,357.4583835706098
5,226,329.2568091437761,357.46147715213334
5,227,329.2945974178759,357.4673641207107
5,228,329.3418100600542,357.4682487793534
5,229,329.39407908943986,357.45937156906996
5,230,329.44251510796425,357.438925426023
5,231,329.4802077078789,357.4045401010646
5,232,329.5035597720835,357.35762882346245
5,233,329.5132593039956,357.3061472516936
5,234,329.51354701499747,357.2568152546673
5,235,329.5095376093379,357.2170865836382
5,236,329.50340986020603,357.19893169163754
5,237,329.4953713363901,357.2090775543587
5,238,329.4844521044068,357.24525595350076
5,239,329.46948991336984,357.30002565620697
5,240,329.4522133818438,357.36140995696115
5,241,329.4354891697622,357.4118281882223
5,242,329.4215405025027,357.4412610540228
5,243,329.4112876795253,357.4487057387621
5,244,329.40370899744045,357.4394258409547
5,245,329.3943251866054,357.4204897936002
5,246,329.3799032822939,357.3999269095927
5,247,329.3606837716401,357.3823064601396
5,248,329.3396361719378,357.3710737152078
5,249,329.32285276562396,357.3685631995671
5,250,329.3187238470401,357.37505491198334
5,251,329.33309964523005,357.3902858904077
5,252,329.3663995718244,357.41271919452754
5,253,329.4134110604818,357.4382343189557
5,254,329.4638728154309,357.46268896550646
5,255,329.50648464163055,357.48555752313746
5,256,329.53408232116874,357.50640553457777
5,257,329.54454503201623,357.5233870841766
5,258,329.5372865852604,357.5329892788681
5,259,329.50865211532994,357.5253180592524
5,260,329.4500975481385,357.4747499468219
5,261,329.3596043292301,357.3387409716192
5,262,329.2451322270505,357.08439612786293
5,263,329.12291037835513,356.7070854130938
5,264,329.0220339157577,356.2452269986272
5,265,328.9838238719217,355.7838234249999
5,266,329.0208721668646,355.44482664877034
5,267,329.11193060464706,355.3281357851566
5,268,329.22818171360143,355.4727973564045
5,269,329.34270832852565,355.83946181187616
5,270,329.42219909497464,356.3317876400121
5,271,329.4532421540127,356.8297981949484
5,272,329.44782875067034,357.2340165754505
5,273,329.42355587200234,357.4897968282925
5,274,329.38707677784333,357.60086310918916
5,275,329.33522730225565,357.60812649661267
5,276,329.269556329229,357.56674052227214
5,277,329.19477312095586,357.53167824964186
5,278,329.1068148033581,357.54975421423586
5,279,329.00271714800704,357.6399965400384
5,280,328.90227553658764,357.79474215323216
5,281,328.82589256089136,357.9860314898529
5,282,328.78223789709716,358.17503291460804
5,283,328.7814084654379,358.32114975126154
5,284,328.8300939419843,358.3988801387097
5,285,328.916855849088,358.4060777917141
5,286,329.0212181232791,358.362578717313
5,287,329.1270236159669,358.299337696981
5,288,329.21947445545027,358.2430783479793
5,289,329.28564037979606,358.21144894013935
5,290,329.31576683694,358.2108492788867
5,291,329.3091579581591,358.2327940007486
5,292,329.2741836421791,358.2605625273687
5,293,329.22482428339305,358.2833083687859
5,294,329.1794528858038,358.30029298160866
5,295,329.15721007841256,358.3164974319903
5,296,329.1665892015028,358.3382924862136
5,297,329.2000843387149,358.37020442201447
5,298,329.24341954496606,358.41129874444295
5,299,329.2786142698148,358.45379722660584
5,300,329.29084176872294,358.4877180290344
5,301,329.2733720000839,358.50792606177754
5,302,329.2317200561961,358.51326260012706
5,303,329.1756032334481,358.5061533513686
5,304,329.12162079051177,358.49029656328906
5,305,329.0853953310035,358.4647673991359
5,306,329.0800244583935,358.42641810085263
5,307,329.1111647371415,358.3789683318104
5,308,329.1800260757879,358.3301776254483
5,309,329.27794801888234,358.28673158058206
5,310,329.38933942816476,358.25740450247827
5,311,329.4942560963307,358.2518716955178
5,312,329.5746272776672,358.27560219486094
5,313,329.6180120671473,358.3265342440412
5,314,329.6218564910561,358.4003650066202
5,315,329.59616643569825,358.4922586464484
5,316,329.5585135578852,358.5927221484313
5,317,329.5280029437718,358.68430786183694
5,318,329.5180687583004,358.75476043055295
5,319,329.5316755611482,358.7999033877644
5,320,329.5595003046205,358.8198639919983
5,321,329.590025721853,358.81950939928595
5,322,329.61276343395326,358.811302606794
5,323,329.61929472620596,358.8017722392144
5,324,329.607748227498,358.7907167709952
5,325,329.58333087059145,358.77822785099755
5,326,329.5480829719829,358.76710811660155
5,327,329.50575107681306,358.7577729057372
5,328,329.46572008941797,358.7559498428593
5,329,329.43800303500433,358.7680981273836
5,330,329.4304656828008,358.7943035464381
5,331,329.4539508486014,358.8298426081908
5,332,329.5123469854054,358.8730348901185
5,333,329.5970124566,358.9208680092976
5,334,329.6927476768341,358.97046247474594
5,335,329.78704858031216,359.02144545740214
5,336,329.86496796866254,359.0706735006819
5,337,329.91493717464255,359.1101704301703
5,338,329.93544356728796,359.13615318209895
5,339,329.93289076033045,359.15116707256857
5,340,329.90845454077663,359.15853908835896
5,341,329.86558184930095,359.16510431444806
5,342,329.8142584560185,359.1789650516078
5,343,329.7699454977963,359.20000147397116
5,344,329.7454826204065,359.217483656715
5,345,329.7542171824167,359.2194981770666
5,346,329.7989189704192,359.1975000253361
5,347,329.86511588762403,359.14953866199784
5,348,329.92467130730074,359.0825448293682
5,349,329.9504516221625,359.0120280999627
5,350,329.9253832467605,358.9557218681206
5,351,329.85502896122614,358.92575766750133
5,352,329.76137345950343,358.92275423103
5,353,329.66632531011385,358.9387887035748
5,354,329.5869563843027,358.9634412600652
5,355,329.5323020127162,358.98577795655285
5,356,329.50247030838415,358.99583295900516
5,357,329.49601053063355,358.99206294621644
5,358,329.51396416499335,358.98151576791264
5,359,329.54651330611847,358.9715372853527
5,360,329.5764670758482,358.9658030609148
5,361,329.5874209476971,358.9610148458784
5,362,329.5697732403093,358.9445114373147
5,363,329.52030091456476,358.9045031167583
5,364,329.4461727765541,358.8388251409879
5,365,329.3655835361856,358.75381111956455
5,366,329.3018581590174,358.6645675792401
5,367,329.2705974619286,358.58996764155063
5,368,329.27949668159806,358.54260640222947
5,369,329.3312143009062,358.5276999649185
5,370,329.4179890925127,358.5452169434364
5,371,329.5232112656333,358.5875308062986
5,372,329.6300126812894,358.6428193465165
5,373,329.72218774265104,358.6962611538769
5,374,329.782200583607,358.73183007829203
5,375,329.802532989639,358.7322883131408
5,376,329.7889959290921,358.6825589166838
5,377,329.7566542192316,358.57522824268887
5,378,329.71929865461436,358.41278003870696
5,379,329.6772935341524,358.2079462482432
5,380,329.6160464614938,357.9803091992027
5,381,329.5206600967845,357.74744144340093
5,382,329.3836716856972,357.514337661127
5,383,329.2124468515148,357.28315113499997
5,384,329.038790385201,357.05890820623574
5,385,328.90382930140856,356.8509813020043
5,386,328.83584539646444,356.6772480466053
5,387,328.8477542782878,356.56090580060214
5,388,328.9373486643421,356.5108740693866
5,389,329.0780750071645,356.5223899641781
5,390,329.2358856551576,356.58135007764434
5,391,329.3847216367404,356.66631103855485
5,392,329.50992882137217,356.758339920142
5,393,329.6054769680757,356.8484320431836
5,394,329.67412032838547,356.9305837845465
5,395,329.723638323847,357.00263446812505
5,396,329.75891905580534,357.05737762766364
5,397,329.7785296520109,357.075320979951
5,398,329.7847316179504,357.0395338851602
5,399,329.7824162677743,356.9467107532068
5,400,329.7732671576196,356.8002938900991
5,401,329.7635897461874,356.62252077804413
5,402,329.76063936070943,356.4538598053907
5,403,329.76206948036383,356.32582450515355
5,404,329.76424904030057,356.2442117950167
5,405,329.76894253449507,356.19675461005687
5,406,329.77100443700476,356.15441507153844
5,407,329.76380692555534,356.0816515264162
5,408,329.7435877193531,355.957244576806
5,409,329.7101265299322,355.78943371491164
5,410,329.660591566065,355.6083301806412
5,411,329.5973616612719,355.4478880960481
5,412,329.52818891266963,355.3359955863826
5,413,329.46771809339435,355.29101682806186
5,414,329.42508303155364,355.3184755930333
5,415,329.4036359666605,355.40824814321627
5,416,329.40534206258565,355.54171502775995
5,417,329.43274614418334,355.69379052035714
5,418,329.47638369035803,355.8278613037369
5,419,329.52144489579763,355.90057961255957
5,420,329.5576427604329,355.8763168521994
5,421,329.5796349830284,355.7435512034323
5,422,329.57708044771266,355.51897603015965
5,423,329.55051148660766,355.2523706913871
5,424,329.51087738508886,355.0032835900671
5,425,329.4722502586916,354.8290521854986
5,426,329.4418109442942,354.76300294864893
5,427,329.42800876899383,354.80799838719656
5,428,329.4306556341912,354.93557327931404
5,429,329.4414463177775,355.11257900599776
5,430,329.4476473376923,355.29676397771226
5,431,329.4453091092721,355.44339997706186
5,432,329.43571692387565,355.5135923349872
5,433,329.43086025359224,355.48821672516647
5,434,329.44296714945506,355.3646000755164
5,435,329.47750876517546,355.16775039962135
5,436,329.52348302461166,354.94812914895164
5,437,329.56175945899605,354.7670088448712
5,438,329.5691321872057,354.66502266058944
5,439,329.53659894844463,354.6573626968247
5,440,329.47215935833407,354.7357053890057
5,441,329.3947935251302,354.8742086390432
5,442,329.32072923286097,355.0402098319209
5,443,329.2526450598801,355.2092114037105
5,444,329.1791206116558,355.360788062336
5,445,329.08630114339826,355.4732836453703
5,446,328.9619721322762,355.53132199676014
5,447,328.8074477076328,355.53725028710915
5,448,328.65084137754695,355.5110063954724
5,449,328.52812206855003,355.47863901488665
5,450,328.4583728441177,355.469682800132
5,451,328.4490283958654,355.50305118954816
5,452,328.4996995678292,355.57325838815717
5,453,328.5920298314531,355.6497999333025
5,454,328.6985787295591,355.70045022758967
5,455,328.79836051190614,355.6964540468703
5,456,328.88207434313915,355.62408510672725
5,457,328.93989990037863,355.4812035653143
5,458,328.95916571401574,355.2816009843544
5,459,328.940728295226,355.0507579963964
5,460,328.9039685540355,354.82444687361925
5,461,328.86478508148736,354.63332321417465
5,462,328.83498751562934,354.5061183469324
5,463,328.8281879348263,354.4607526055541
5,464,328.8435617017296,354.4908319589052
5,465,328.86520830324054,354.5658184951204
5,466,328.88335854805086,354.65490644403815
5,467,328.8995388593146,354.7330314976859
5,468,328.9285991204168,354.7904742669009
5,469,328.98569024118825,354.83891751989717
5,470,329.07182956315296,354.9001727047895
5,471,329.1815598344044,354.98300299983686
5,472,329.30657984378865,355.08165547398437
5,473,329.42174856509905,355.1768788212844
5,474,329.51092919239403,355.24148698047003
5,475,329.57540208255307,355.2554046435255
5,476,329.61047072620903,355.21605161860145
5,477,329.6069414580394,355.13505977566047
5,478,329.56774928020315,355.03262820625207
5,479,329.4959075133129,354.93729649790583
5,480,329.4031124702154,354.88375676082325
5,481,329.3205098373084,354.89988803927673
5,482,329.2769527498061,354.99269232422586
5,483,329.2889873814893,355.1476411966768
5,484,329.3635825251477,355.3274341139303
5,485,329.4810892029468,355.4727792425818
5,486,329.59757766550376,355.52539944388604
5,487,329.66862706555514,355.4563697347374
5,488,329.6661023259677,355.27961893844275
5,489,329.586420400388,355.04733013034047
5,490,329.45433235777955,354.8350311933685
5,491,329.3070449332294,354.7166435358695
5,492,329.1873217353842,354.73965942276476
5,493,329.12087976922834,354.90311846627964
5,494,329.10079391898427,355.1573179716316
5,495,329.0983902036195,355.4245448302229
5,496,329.08840539415917,355.6270008692754
5,497,329.05393064114884,355.71159449648025
5,498,328.99382223180555,355.66366581949165
5,499,328.9184516091195,355.5112707905285
5,500,328.8462901756186,355.3078576480333
5,501,328.7964001335936,355.11114913200913
5,502,328.77874539134456,354.9618574726506
5,503,328.79493400956994,354.8768105052626
5,504,328.8442536598345,354.8491077078437
5,505,328.9255437787035,354.8569432311332
5,506,329.0344296691051,354.8746224986811
5,507,329.16527790349886,354.88960122120193
5,508,329.3035612531402,354.9074922487351
5,509,329.44066560957054,354.9483806472401
5,510,329.56824289484234,355.0467600780871
5,511,329.6669674014161,355.22938949121794
5,512,329.7083417530507,355.49154513791404
5,513,329.6828203677191,355.8052227324786
5,514,329.5876530267938,356.12452616797583
5,515,329.42730916276696,356.3894671896935
5,516,329.22846562389543,356.5558545053153
5,517,329.0385655630164,356.6269646540815
5,518,328.8891057789255,356.63148236816437
5,519,328.79733378944553,356.6093442412337
5,520,328.7673446798169,356.6004943432737
5,521,328.78284132842185,356.63680177150206
5,522,328.8069175914467,356.7127774293264
5,523,328.8140466749842,356.80247970919464
5,524,328.78969264846234,356.88118126339623
5,525,328.73239813743396,356.9296937611797
5,526,328.65640253579494,356.9285282195518
5,527,328.5952439862646,356.8802801119805
5,528,328.57044383118745,356.80288206477456
5,529,328.585927423975,356.71025896835613
5,530,328.6326613189563,356.61917017251113
5,531,328.6933552347105,356.5522593770208
5,532,328.74142888111146,356.5231433764626
5,533,328.7639120761603,356.5329406043452
5,534,328.7748281037723,356.5800788089581
5,535,328.79645010586756,356.65797105457773
5,536,328.84171246463086,356.7516357721076
5,537,328.9106343690383,356.8378142645788
5,538,328.99350363315125,356.8959159588981
5,539,329.0622974512885,356.91972902144613
5,540,329.0853125802544,356.91436323881607
5,541,329.05107662535715,356.89097286087343
5,542,328.97469213230113,356.86898536040644
5,543,328.88192066716766,356.8719739687971
5,544,328.8061425217551,356.9083249095096
5,545,328.78175618909336,356.97020851550553
5,546,328.82406377419534,357.0424472765164
5,547,328.9207455110415,357.108126694809
5,548,329.0402226607499,357.15199144921985
5,549,329.14515992256423,357.1651047052504
5,550,329.19941030113074,357.14892388120836
5,551,329.1745392001665,357.11432937013547
5,552,329.0665361647106,357.07674473267
5,553,328.9071521788693,357.04553423238906
5,554,328.74204887066975,357.0275974417511
5,555,328.61739993064344,357.024643912889
5,556,328.5776129024736,357.03548523929203
5,557,328.6495804968011,357.0589893543706
5,558,328.81920799127977,357.09904840394904
5,559,329.04426123424014,357.1586108848489
5,560,329.2756966944801,357.23979426762
5,561,329.47090424630153,357.3434292755556
5,562,329.59488927211476,357.46455314064275
5,563,329.62933119615565,357.5929276042816
5,564,329.5830676479488,357.71843267615344
5,565,329.4794482242377,357.83478100220555
5,566,329.3402562961318,357.934636613466
5,567,329.1893539650143,358.0097783701362
5,568,329.0535382636817,358.05528295516285
5,569,328.94705983921506,358.06940760033586
5,570,328.8763984520088,358.048199203054
5,571,328.844336065738,357.9901862756525
5,572,328.8453047152512,357.9027490751429
5,573,328.8680969191657,357.80214832556095
5,574,328.8979879525558,357.70745652395186
5,575,328.91827248496287,357.6369085710526
5,576,328.9167194379236,357.6047029148599
5,577,328.89256935122023,357.6204579141208
5,578,328.8557333007782,357.6765404898253
5,579,328.8280503972363,357.7515461837293
5,580,328.8272215543438,357.8232039926557
5,581,328.8581151868377,357.87232319758715
5,582,328.9103272994449,357.88010967930524
5,583,328.9582483608965,357.84136317837897
5,584,328.9671240915224,357.76825492657736
5,585,328.91695320617083,357.67789555831337
5,586,328.80922864869103,357.5868748580035
5,587,328.6676393477812,357.50996729087495
5,588,328.5277717179028,357.4543698574734
5,589,328.4301024981136,357.42134725670815
5,590,328.3951405511814,357.40964210184717
5,591,328.42122335381987,357.41320515344614
5,592,328.4856733069887,357.42294872815097
5,593,328.56548840419066,357.4369544308833
5,594,328.6393396314942,357.4536448167391
5,595,328.6997603334833,357.46987987238936
5,596,328.7563053013587,357.4858839807121
5,597,328.8306712125141,357.5039760038696
5,598,328.9342608637346,357.517835070609
5,599,329.06780481085616,357.5232959295116
5,600,329.22652698830433,357.5197485018653
5,601,329.39218219349357,357.5046730078337
5,602,329.5360659819793,357.47373514059666
5,603,329.632165149555,357.4248875681248
5,604,329.6613976177549,357.349976332476
5,605,329.6155241654467,357.2537518650643
5,606,329.50192272677697,357.1527337876919
5,607,329.338266703529,357.0711263629692
5,608,329.15503651152414,357.03157296250095
5,609,328.9940552842825,357.0509631999548
5,610,328.8916175227355,357.1138665524551
5,611,328.86855254487136,357.1921832926273
5,612,328.93434114562854,357.2586619150162
5,613,329.0748306416567,357.3028782566643
5,614,329.2490038051099,357.3216153606439
5,615,329.40290516799973,357.32493818318505
5,616,329.49242295646053,357.32526423384087
5,617,329.4868803444736,357.32905901287324
5,618,329.38465211389956,357.32041096968715
5,619,329.21262369801104,357.2906960304721
5,620,329.0143322406853,357.24924539645997
5,621,328.83538168278204,357.2123974599668
5,622,328.71162071698524,357.1926826787777
5,623,328.65969265805495,357.2101390785528
5,624,328.67673658011773,357.2735734426937
5,625,328.74615495242585,357.3639003808466
5,626,328.83906075759535,357.4480383691441
5,627,328.9351845254289,357.50261372182234
5,628,329.0206707114633,357.5159864591163
5,629,329.08610850975464,357.48281930474747
5,630,329.122938530789,357.41661039617316
5,631,329.12996309746916,357.3447696323655
5,632,329.1048298118985,357.2883238904765
5,633,329.05326577393896,357.24816748424314
5,634,328.98675154627233,357.22205384571777
5,635,328.9198275295819,357.2100343629951
5,636,328.86506211823456,357.2108606576228
5,637,328.827491708577,357.2230051812406
5,638,328.80312803662446,357.24802828256156
5,639,328.79289989871586,357.2843797793772
5,640,328.8106889450217,357.3188282385548
5,641,328.86947645257374,357.33356841710804
5,642,328.9793415727598,357.3129997327976
5,643,329.13309701801217,357.25625590565744
5,644,329.3025139656515,357.17725481483956
5,645,329.4462154375418,357.0987745927411
5,646,329.5279814792462,357.0406860366596
5,647,329.5270678411872,357.02050629311907
5,648,329.4501040636195,357.0459719985808
5,649,329.32655878716196,357.10466471706536
5,650,329.1969122291753,357.1731400786375
5,651,329.10335231290316,357.23647305243816
5,652,329.0714184423629,357.2871703635469
5,653,329.10835397727783,357.3179572977671
5,654,329.2024006628057,357.3291595690681
5,655,329.32119389419347,357.330588916169
5,656,329.4196353492424,357.3313827467166
5,657,329.4645419957426,357.3352977712456
5,658,329.43920240355385,357.3464762959975
5,659,329.343864033285,357.37377224095
5,660,329.19891842800513,357.42183203158777
5,661,329.0481471784242,357.48228739021727
5,662,328.93661414977373,357.5382287074638
5,663,328.8947368247514,357.57408844389687
5,664,328.93773658953336,357.5778937765175
5,665,329.0696816015501,357.54928728360096
5,666,329.264891980519,357.50477561779167
5,667,329.47740364980564,357.4708280564846
5,668,329.66188523107843,357.46638130338
5,669,329.7796488194784,357.4953796898346
5,670,329.79907131775064,357.5457269130554
5,671,329.71821431907387,357.6003097799913
5,672,329.5638121262131,357.6452722402594
5,673,329.37748297504373,357.68207987869636
5,674,329.2067159669847,357.7255514485841
5,675,329.0948981064382,357.79301948104023
5,676,329.0588461388331,357.8887944188206
5,677,329.0943133996694,358.00669636598496
5,678,329.18004479399264,358.128042447611
5,679,329.282634575745,358.23107072238497
5,680,329.3694444025931,358.3046778939967
5,681,329.4228298228985,358.3517807933778
5,682,329.43721962306125,358.3846724804872
5,683,329.42079010694783,358.42313931881165
5,684,329.38794424469467,358.4837742155496
5,685,329.3476620887411,358.5684265299717
5,686,329.3078658597956,358.6683907860651
5,687,329.27452703755677,358.7673733138751
5,688,329.24629343180567,358.8449010694628
5,689,329.22406183640754,358.8844071430997
5,690,329.2149246615513,358.88298167903406
5,691,329.2194595157194,358.85123202602824
5,692,329.2318289915087,358.80807024758747
5,693,329.2454085225526,358.77402852913775
5,694,329.25111857833105,358.7642971002091
5,695,329.24194378454246,358.7806173221146
5,696,329.22177045155956,358.8099680317304
5,697,329.20029866830447,358.8324930746076
5,698,329.18921010064537,358.82810199797024
5,699,329.2052465547843,358.77870701696344
5,700,329.26672654989807,358.681528501791
5,701,329.3772217461003,358.55233852404825
5,702,329.5271107459491,358.4147875927526
5,703,329.6961075228071,358.2911798988048
5,704,329.84932541203995,358.20378590872
5,705,329.94298394701093,358.15536640075686
5,706,329.9527909384955,358.1311162918474
5,707,329.88143120615496,358.10206020798347
5,708,329.7558045176597,358.035313168589
5,709,329.6196899563178,357.9023222026454
5,710,329.51755041518555,357.69987688730055
5,711,329.47358439934374,357.4366837975027
5,712,329.4831666503076,357.1419879094312
5,713,329.51976214710294,356.8572923899162
5,714,329.55245467636007,356.62480878285146
5,715,329.558069907564,356.4753768441679
5,716,329.52188888301987,356.43737380680005
5,717,329.4445097221352,356.5170857772903
5,718,329.337693087858,356.7086279044632
5,719,329.20508450478667,356.9867338670901
5,720,329.05817914576,357.30021994085604
5,721,328.92163721769856,357.5820406971191
5,722,328.8160078186936,357.78408403925374
5,723,328.74939384257283,357.87437679705954
5,724,328.73397988239475,357.8483325955189
5,725,328.76111424225803,357.7456676852037
5,726,328.80300949541135,357.6315566921357
5,727,328.83994440335084,357.5529608045356
5,728,328.8717070050068,357.53531163894326
5,729,328.9015151996634,357.58949722362894
5,730,328.93445993376383,357.6985611305533
5,731,328.97659039870473,357.82491136936085
5,732,329.0227167964571,357.9392314113089
5,733,329.0549080450079,358.0173006913932
5,734,329.0542437733538,358.0380399655251
5,735,329.0098807772544,357.9860144590164
5,736,328.9253458938168,357.8625960411811
5,737,328.8178178018381,357.68267024666596
5,738,328.7142315050441,357.47710669734744
5,739,328.64416395656576,357.2754301684265
5,740,328.6303759804962,357.101058964257
5,741,328.67676804044174,356.95900050649703
5,742,328.7657585166712,356.83274737304515
5,743,328.86901177327024,356.69339814423535
5,744,328.9600372704465,356.52632734898845
5,745,329.03058539584083,356.33451968533666
5,746,329.0848316468744,356.10741024172194
5,747,329.14806208830043,355.87688970524624
5,748,329.24114961015647,355.6732777233743
5,749,329.3713447029859,355.51508780344324
5,750,329.51455990620633,355.40242652093883
5,751,329.6424445771919,355.33776562606846
5,752,329.7308723860806,355.33463723291055
5,753,329.7653934353965,355.4139954048092
5,754,329.7342436984771,355.5824700669768
5,755,329.64456860219804,355.82470247724854
5,756,329.5201121928745,356.1039088228954
5,757,329.3879883223192,356.3758493490574
5,758,329.263384487039,356.6039678834122
5,759,329.16155595754225,356.7810920440975
5,760,329.09057162714737,356.9252054616221
5,761,329.04015284352266,357.0611762283787
5,762,328.99569628634873,357.20890256684527
5,763,328.95537288017306,357.3759977641245
5,764,328.92466567725774,357.54992631537755
5,765,328.906945560038,357.7044437731054
5,766,328.9098115858026,357.8172298342824
5,767,328.94321209860306,357.8571384071712
5,768,328.98823724100913,357.8624275780824
5,769,329.01370276720974,357.8368698867018
5,770,328.99548298247305,357.78376464073574
5,771,328.91930221258957,357.71527439095394
5,772,328.78348301399905,357.64036161409
5,773,328.6128543904024,357.5657393784868
5,774,328.4428749163508,357.5074606499661
5,775,328.29874831469346,357.48270530627263
5,776,328.1914949298389,357.4981668863953
5,777,328.12637425653645,357.5563522531032
5,778,328.09833311959005,357.65318096879724
5,779,328.0975010770112,357.7716680102115
5,780,328.1264763820745,357.89532938005226
5,781,328.20403619740785,358.01910363261146
5,782,328.34098522278657,358.13802137393105
5,783,328.53391652655114,358.24562225845455
5,784,328.7715230275029,358.3404568205804
5,785,329.0254316481522,358.41701858816975
5,786,329.2528666138165,358.46210542221627
5,787,329.4187892017213,358.47159132932967
5,788,329.506775432589,358.4552987487409
5,789,329.51320723822255,358.43246115325775
5,790,329.447424000579,358.42692980061
5,791,329.32845596813405,358.4591880209868
5,792,329.1862510645863,358.533264857881
5,793,329.0516126506863,358.6365002770066
5,794,328.94546559007193,358.7393668405456
5,795,328.8763143221851,358.80553086817565
5,796,328.8433161864583,358.80162278561244
5,797,328.8315163658366,358.70868346074013
5,798,328.8223564078193,358.5251582504686
5,799,328.8085887858373,358.2730755878801
5,800,328.793809335753,357.99328300438634
5,801,328.790857017018,357.73596291950963
5,802,328.8139543603918,357.5505035838322
5,803,328.87079930862177,357.4773792697803
5,804,328.95896510592166,357.5329144484573
5,805,329.06921662424014,357.6984920793972
5,806,329.1837468491223,357.9334998024127
5,807,329.2885870002513,358.18073864662074
5,808,329.3738113051162,358.3740296841296
5,809,329.4260910976883,358.4565902359554
5,810,329.4363983361486,358.40491382726776
5,811,329.4051871712483,358.23165298153856
5,812,329.3384279280616,357.9834332402803
5,813,329.25474465033125,357.7261435341382
5,814,329.18541903296676,357.5261343166319
5,815,329.15881355087873,357.4309859518308
5,816,329.1953244998679,357.446961295168
5,817,329.2965240188107,357.5420461916858
5,818,329.43752394563637,357.6699677911027
5,819,329.58256612206685,357.7884012811869
5,820,329.6981189140235,357.86311463232676
5,821,329.7578798759068,357.8839131012199
5,822,329.75903439376043,357.86190407911954
5,823,329.71809963401245,357.81217364445536
5,824,329.65581774101184,357.7437246385567
5,825,329.59518641225407,357.6661775899142
5,826,329.553998483688,357.59361572360626
5,827,329.53522197765005,357.5410404518676
5,828,329.5343809445965,357.52135082751624
5,829,329.5447711691918,357.54792646618
5,830,329.55517135769963,357.62892866641107
5,831,329.5573642769526,357.75771569801236
5,832,329.5427219834459,357.91522964446546
5,833,329.5057313393441,358.0816828139307
5,834,329.4503878636065,358.23930711362163
5,835,329.3840500339567,358.3774770719286
5,836,329.30990735629837,358.49211569699537
5,837,329.24186403677163,358.587462620279
5,838,329.1921961460959,358.669168730062
5,839,329.15812354415857,358.73514482905176
5,840,329.1328921101039,358.7650135792562
5,841,329.1148697239281,358.7231637172478
5,842,329.094971791773,358.56338753853504
5,843,329.06994695302365,358.2435297175202
5,844,329.04718225293595,357.74171171279505
5,845,329.03533633258144,357.0886378609668
5,846,329.0386297386884,356.37801668923305
5,847,329.06591964479856,355.746914993162
5,848,329.11918219079706,355.3288205712835
5,849,329.19256028059226,355.2214258358096
5,850,329.27557268858317,355.44068072921146
5,851,329.3491128928857,355.9210126861542
5,852,329.3979936413961,356.5325791636298
5,853,329.41698710787915,357.1441056970112
5,854,329.41608629336935,357.66249232587074
5,855,329.4125840259385,358.05411058840747
5,856,329.42282256364956,358.32317541663895
5,857,329.4405731875779,358.5095011839024
5,858,329.46004449061553,358.64682753346165
5,859,329.4796812463879,358.75317704417847
5,860,329.4932544014794,358.834785575905
5,861,329.4921373702634,358.889464543876
5,862,329.4782145901023,358.9080159534893
5,863,329.44959613558086,358.88859541238776
5,864,329.3965511390093,358.8323004692945
5,865,329.31127144670364,358.7377418740793
5,866,329.2029598496409,358.6200214481315
5,867,329.0896445617087,358.5047696699007
5,868,328.9875583182721,358.411830944409
5,869,328.9114206169461,358.353482909592
5,870,328.87189981009516,358.3471602797525
5,871,328.86127027489243,358.3973587255306
5,872,328.86359025016327,358.4925496517423
5,873,328.8750848430767,358.6163932646786
5,874,328.8963624147868,358.75351133730555
5,875,328.9248003618539,358.87210138008516
5,876,328.95970914889034,358.93770157110936
5,877,328.9985090563524,358.9322621837411
5,878,329.02968711045963,358.85693415951823
5,879,329.0425984228041,358.72532031433417
5,880,329.03380123036993,358.5696015434387
5,881,329.01069374992295,358.4308560354837
5,882,328.98248141448244,358.33559442123885
5,883,328.9572215246116,358.28390907296483
5,884,328.9367622352555,358.25018721432707
5,885,328.9196092366355,358.18958982083007
5,886,328.8962686403175,358.0446230065976
5,887,328.86564465600514,357.75649035429615
5,888,328.836342213086,357.28897849037645
5,889,328.8276246865436,356.6559520119468
5,890,328.8546723033465,355.9275325654975
5,891,328.93063234731676,355.2208624430907
5,892,329.05288891557706,354.68617455019415
5,893,329.20103644020367,354.45809734030394
5,894,329.34364982864395,354.6007141230203
5,895,329.45878144458743,355.08635746120393
5,896,329.53103185817537,355.8069527423354
5,897,329.55402771930954,356.5998387925513
5,898,329.5337005551971,357.2967196650719
5,899,329.48366482989945,357.76879991439455
5,900,329.41139803525647,357.9534737447523
5,901,329.32232211802494,357.863778685529
5,902,329.2277542316409,357.57486117962924
5,903,329.1405091195652,357.2015255928099
5,904,329.06793740783115,356.8695827729653
5,905,329.01556384477317,356.677723126335
5,906,328.98446978782295,356.6621129487762
5,907,328.972414842029,356.8010713490243
5,908,328.97748668832105,357.03067281970357
5,909,329.0030690902758,357.2709100602896
5,910,329.05401776188063,357.46236087302134
5,911,329.13339909679604,357.59250839297374
5,912,329.23541275785783,357.68023765949613
5,913,329.34577580678024,357.75404527233724
5,914,329.4443245192281,357.8408615026177
5,915,329.5104616482486,357.9490982492788
5,916,329.531281970556,358.06388765665037
5,917,329.5018727784628,358.1623865220417
5,918,329.429254325353,358.2280607680087
5,919,329.32481091493554,358.2489739753117
5,920,329.2050211310059,358.22721753550013
5,921,329.0890496978221,358.1764969114489
5,922,328.99449505862174,358.1175216243182
5,923,328.927685207848,358.0752428002995
5,924,328.89153946505746,358.07249003860414
5,925,328.88241743816945,358.10384638698025
5,926,328.8879993157477,358.1305159347082
5,927,328.89392779680134,358.0918372949485
5,928,328.8943245606466,357.9224643679999
5,929,328.8923616466991,357.5771814884344
5,930,328.8974347929833,357.07563780604903
5,931,328.915073487722,356.5193975860337
5,932,328.9498799048126,356.0503079079458
5,933,328.9986726569513,355.792636230831
5,934,329.0540954857183,355.82307517357646
5,935,329.1089142289562,356.1334676932758
5,936,329.1639766746897,356.6214097241171
5,937,329.21504804709497,357.14853131654934
5,938,329.25523756169997,357.60585485393466
5,939,329.2723065895621,357.9227772739492
5,940,329.2556774189519,358.0795659098453
5,941,329.19708821001126,358.10535799652075
5,942,329.10138409296246,358.04313420323575
5,943,328.9822784351469,357.9251513973223
5,944,328.85326864007135,357.7857998480538
5,945,328.72090996438243,357.65568250967436
5,946,328.58932472411,357.5568445423641
5,947,328.4568437340378,357.50802330476705
5,948,328.33164959286677,357.52260292475745
5,949,328.23670568113755,357.59437791197956
5,950,328.197286513428,357.7062028665072
5,951,328.23115634011975,357.8390939757188
5,952,328.34874156149687,357.9766661733154
5,953,328.5321634775665,358.1017675637669
5,954,328.74018409419483,358.20204174941296
5,955,328.9306859719313,358.2697450676034
5,956,329.07547150569286,358.30179621439777
5,957,329.15661687289884,358.2935248242242
5,958,329.1780864644696,358.2483079085246
5,959,329.16076876915287,358.1770526642575
5,960,329.1298266100463,358.09605962819353
5,961,329.10615047412665,358.0185000840692
5,962,329.107358208794,357.9611189376504
5,963,329.1398216990159,357.937986626187
5,964,329.198109621174,357.9595678856476
5,965,329.26435469852055,358.023703472329
5,966,329.31154527775345,358.1122586040449
5,967,329.3177842985415,358.181278973738
5,968,329.2812962160301,358.1719983279517
5,969,329.2139132505177,358.01464402534606
5,970,329.1385450682486,357.6558314338455
5,971,329.0806771190559,357.0984115531285
5,972,329.05553389110423,356.4131754517004
5,973,329.0530356407586,355.71843871954394
5,974,329.06175832090724,355.16973903609295
5,975,329.0746422803992,354.91815553939097
5,976,329.09010310972604,355.0402674719237
5,977,329.1160757578395,355.5204309263063
5,978,329.16909714048654,356.26416245257224
5,979,329.23494438667774,357.12034427640447
5,980,329.2735554014767,357.9191949225684
5,981,329.2478377930509,358.52799619880415
5,982,329.12688364424866,358.8747639379133
5,983,328.89547742416823,358.95588621129
5,984,328.5872252505737,358.82447888954897
5,985,328.2729630826441,358.570026501897
5,986,328.0120335031322,358.2910162011962
5,987,327.83691182728194,358.0762738545149
5,988,327.76602328895814,357.98069779558176
5,989,327.79590913256243,358.01168215082185
5,990,327.9026362825559,358.1397856590299
5,991,328.0624714781194,358.3178138579964
5,992,328.2583574776299,358.49104734554913
5,993,328.46241283661436,358.6165942935626
5,994,328.64320350932513,358.6795357890751
5,995,328.77614554290403,358.68353172871196
5,996,328.85492326838886,358.64093099606504
5,997,328.89539572768484,358.57246775567955
5,998,328.92594580607584,358.49826487548455
5,999,328.9672752217383,358.4233366567863
5,1000,329.0282354791587,358.3426600415505
5,1001,329.1009357045032,358.24939090890985
5,1002,329.163031592737,358.13799861222907
5,1003,329.1900664350795,358.0094221984734
5,1004,329.1717825354554,357.8791896096729
5,1005,329.1100787614461,357.7701468267072
5,1006,329.0202479434422,357.701068381638
5,1007,328.925400651981,357.67718414467674
5,1008,328.8474039538367,357.6905012530764
5,1009,328.79450493389373,357.722905959107
5,1010,328.76964457426675,357.75716780854225
5,1011,328.7645173842942,357.7786394431348
5,1012,328.76398076791594,357.7803399571178
5,1013,328.7613678693561,357.7632871487006
5,1014,328.7692113833069,357.7393215011103
5,1015,328.7955254549308,357.7261939274001
5,1016,328.8420402642115,357.74884434950184
5,1017,328.91445040201853,357.82662054960736
5,1018,329.0059974975317,357.96198887135455
5,1019,329.08852392814765,358.1384908228409
5,1020,329.14311416425056,358.31963528731325
5,1021,329.174144667394,358.4553903243224
5,1022,329.1858532733663,358.50457627752417
5,1023,329.18832601905683,358.45293641387167
5,1024,329.2028828136884,358.3066075412033
5,1025,329.24408430893897,358.0947781665385
5,1026,329.3053656727176,357.86234960275624
5,1027,329.37102344320107,357.6553725027429
5,1028,329.42646106734,357.5016307490934
5,1029,329.45809021726893,357.4106779294197
5,1030,329.45419244438204,357.3754209649486
5,1031,329.4128768083969,357.37786954772315
5,1032,329.34676502880694,357.3921298587303
5,1033,329.2742490955783,357.4040135909632
5,1034,329.21727459949227,357.41549285342427
5,1035,329.1949197770585,357.4335020871956
5,1036,329.2165178389402,357.4628827858156
5,1037,329.2758908723078,357.5091875016895
5,1038,329.35403768291496,357.568343872891
5,1039,329.421342717788,357.6264871192671
5,1040,329.45766194620705,357.6730426566022
5,1041,329.4574374111512,357.7076083257698
5,1042,329.42297261442536,357.73401315476264
5,1043,329.36439402339306,357.75949046938285
5,1044,329.3049295474472,357.79098483775425
5,1045,329.2683019383435,357.8304545799503
5,1046,329.2616690153254,357.86811255999066
5,1047,329.28738403350076,357.8925234096722
5,1048,329.34377661038053,357.8960505563597
5,1049,329.4175690659972,357.8787739779513
5,1050,329.48355747088897,357.8456797383685
5,1051,329.52641340131726,357.809000101885
5,1052,329.5368628558775,357.77901026781905
5,1053,329.50821641733444,357.7608675170047
5,1054,329.4435436936318,357.7534553185094
5,1055,329.35992259184513,357.7503495639614
5,1056,329.2790471921891,357.74566413593124
5,1057,329.2236634883499,357.7374256944896
5,1058,329.21548377767186,357.7273876613324
5,1059,329.2633144918124,357.72013553806033
5,1060,329.35753612861134,357.7243055260816
5,1061,329.4761030286369,357.7438429463961
5,1062,329.59359687337985,357.7786686405638
5,1063,329.688519853299,357.82374711704176
5,1064,329.75415195411,357.87105271438617
5,1065,329.79804822889355,357.9116254032623
5,1066,329.8373007920249,357.94439664610394
5,1067,329.8880862223626,357.9733448745921
5,1068,329.95537961149387,358.00581098192885
5,1069,330.02773883545075,358.0488410272272
5,1070,330.0887773967915,358.1053659428119
5,1071,330.12225878866326,358.16939019894556
5,1072,330.1178135877762,358.2312584556372
5,1073,330.07638087994394,358.2840100016677
5,1074,330.0083765691725,358.32563222151737
5,1075,329.9252409310217,358.36187751565643
5,1076,329.83735762244885,358.402624751215
5,1077,329.75348794539343,358.45573954583114
5,1078,329.6825180025148,358.52019102125695
5,1079,329.63259423177027,358.58718143745347
5,1080,329.60982523188244,358.643361117803
5,1081,329.6144355238135,358.6800988866746
5,1082,329.6424770813911,358.6965700528311
5,1083,329.687803537178,358.70066518395976
5,1084,329.74384730525696,358.70901803690964
5,1085,329.7992723440398,358.7388006461611
5,1086,329.8424000788406,358.7958053530132
5,1087,329.86061309626535,358.8714318003761
5,1088,329.8395604232764,358.9496787600814
5,1089,329.7712300471149,359.0066949665574
5,1090,329.66420137874377,359.0218214150053
5,1091,329.5387786720231,358.9881120094805
5,1092,329.4212861032487,358.916984080744
5,1093,329.3383433996224,358.83087335694535
5,1094,329.30589975463414,358.75646581124715
5,1095,329.3268731616796,358.71406789102565
5,1096,329.3929572529927,358.71163586691347
5,1097,329.48679558618,358.7426763066211
5,1098,329.5875022810738,358.7907855806531
5,1099,329.6801375426437,358.8398516506895
5,1100,329.7532811712149,358.87745174666253
5,1101,329.8011581956606,358.89850957184984
5,1102,329.8269296777274,358.90621473174946
5,1103,329.83971802411793,358.9074073459834
6,0,340.7720770669821,334.6296815870003
6,1,340.8597373307436,334.6538337194697
6,2,340.966406744475,334.68465890385005
6,3,341.0779618844341,334.7187414923217
6,4,341.16955017560247,334.7522410001058
6,5,341.2299859330572,334.7844410626321
6,6,341.25855763900336,334.8153585456621
6,7,341.2631474417685,334.8428839188248
6,8,341.2495498762334,334.86207095343985
6,9,341.2227637604125,334.8636419641158
6,10,341.1875566686294,334.8380511593718
6,11,341.1504310489843,334.7799346234718
6,12,341.117480258735,334.6900615628138
6,13,341.09361066566225,334.57623663893725
6,14,341.0788205331795,334.45345721487126
6,15,341.06881298463975,334.33921165734847
6,16,341.05725625236437,334.24763406629427
6,17,341.0395784716527,334.18776685286036
6,18,341.0137826751919,334.16183817689006
6,19,340.98284118992785,334.16589333844445
6,20,340.95433252108967,334.1945735460418
6,21,340.9359666504717,334.2421617658036
6,22,340.93231510396174,334.3012239499165
6,23,340.94497263349393,334.36511708114017
6,24,340.97181681525177,334.428230683481
6,25,341.00646880633093,334.48387812257414
6,26,341.0425603329313,334.5301176595097
6,27,341.07425445889044,334.5717849616267
6,28,341.0968917146008,334.6156964867798
6,29,341.10825784612985,334.6659746202358
6,30,341.10893079763173,334.72361903892175
6,31,341.10102447727,334.7848073490807
6,32,341.08936538489525,334.84028446842325
6,33,341.079985398851,334.8802004542584
6,34,341.0776383466326,334.9008876882919
6,35,341.0844320822524,334.90541524109966
6,36,341.0990413420432,334.9002899820594
6,37,341.1172958855224,334.89420855645284
6,38,341.1334019684185,334.89480901362094
6,39,341.1415867598107,334.90418902467604
6,40,341.13847773061406,334.9186035369351
6,41,341.12448607832056,334.9314402875455
6,42,341.10288616411026,334.93690274047947
6,43,341.0806503877248,334.9311548462434
6,44,341.06691799029386,334.9126941065408
6,45,341.06895041617275,334.8839753354679
6,46,341.08957573776337,334.8490802013418
6,47,341.1276068766426,334.81048869550114
6,48,341.1757175008483,334.7699276592047
6,49,341.22413476001503,334.7304633532451
6,50,341.26572613078014,334.693407129469
6,51,341.2970435466608,334.6588888820929
6,52,341.3148882183472,334.62685357532916
6,53,341.31902922312025,334.596694492306
6,54,341.31135914256646,334.56658048714803
6,55,341.2933949571864,334.5362304748701
6,56,341.26590370782066,334.5092126589155
6,57,341.2320832023494,334.49076434013546
6,58,341.1945065238249,334.4840099302376
6,59,341.1544581929522,334.4886201347912
6,60,341.11240528846264,334.5003136958335
6,61,341.06968810633606,334.51040499272034
6,62,341.0290551621289,334.50989877586096
6,63,340.99465911792515,334.4957270176391
6,64,340.9692713659604,334.4728976066255
6,65,340.9544709139689,334.45080247050737
6,66,340.9499774781943,334.4386139823487
6,67,340.9517968650558,334.4432817906225
6,68,340.9549801449996,334.46632343510765
6,69,340.95629617703565,334.50258108908685
6,70,340.9549119803051,334.54251090948253
6,71,340.95170546334697,334.577708572066
6,72,340.9496966907482,334.6041953019546
6,73,340.951603283875,334.62301728447864
6,74,340.95853427005534,334.6377584302636
6,75,340.96905643113047,334.65407555211806
6,76,340.980214310974,334.6762687059279
6,77,340.9886047735611,334.70223015387336
6,78,340.9918063288816,334.72512088341017
6,79,340.99020330201836,334.73984965434727
6,80,340.9861568739812,334.74531151197016
6,81,340.981927157014,334.74329619681964
6,82,340.97932371106606,334.74080284554674
6,83,340.9804767558035,334.74569174811154
6,84,340.9861735601159,334.76088411450064
6,85,340.99542625833567,334.78308805533675
6,86,341.0072461101535,334.808987031098
6,87,341.0204348230883,334.83392359404377
6,88,341.03205968029516,334.85447786401807
6,89,341.0378653846074,334.8699864292842
6,90,341.0351333162735,334.88398384239144
6,91,341.02432149284925,334.89868191392384
6,92,341.00813574117376,334.91584033387164
6,93,340.9899698914565,334.93632420142507
6,94,340.9749291701087,334.9591088992993
6,95,340.96788340144485,334.9792208763708
6,96,340.970108265526,334.99183684384064
6,97,340.9802505385875,334.9933867092203
6,98,340.997235123435,334.9820259030492
6,99,341.0185506069072,334.9603453801248
6,100,341.0409881526305,334.9350866007828
6,101,341.06108074851284,334.913352571142
6,102,341.0759195720726,334.90049803172155
6,103,341.0851365916268,334.89985592129614
6,104,341.0917638505305,334.9104229208792
6,105,341.0986819897342,334.92823882550516
6,106,341.10977977891514,334.9459357932489
6,107,341.12974425544695,334.9566384954164
6,108,341.15851419793364,334.9561235932644
6,109,341.19012600190194,334.94393056083754
6,110,341.218708798516,334.92280326008483
6,111,341.2398637644265,334.9010258256125
6,112,341.2480719021591,334.8870047662915
6,113,341.2398230876479,334.8843510600906
6,114,341.2167418975965,334.8919778761536
6,115,341.18164442349166,334.9045899973878
6,116,341.1355702795045,334.91312941916556
6,117,341.0831997181716,334.90859153609233
6,118,341.0319463920014,334.8870190962039
6,119,340.98806819615373,334.84862297335025
6,120,340.9563075252528,334.79768025368134
6,121,340.9417358047806,334.74111141908264
6,122,340.9431836431475,334.6852784997935
6,123,340.954505414058,334.63417429653236
6,124,340.96759482729215,334.5916005420841
6,125,340.9766169058111,334.559839590131
6,126,340.9780026265428,334.5383506994824
6,127,340.97469729917424,334.5253058765681
6,128,340.97529895512224,334.51804016941685
6,129,340.9884813054825,334.51207048080903
6,130,341.0175619119363,334.5021807410249
6,131,341.0614424753403,334.4852267184918
6,132,341.113694098691,334.4611745214175
6,133,341.1619630052313,334.4312412474682
6,134,341.1973944965325,334.3969717783897
6,135,341.21918622425704,334.3611885231842
6,136,341.23119342856256,334.32714859867343
6,137,341.2384666663546,334.29853027075416
6,138,341.24621013374036,334.2813145511893
6,139,341.25421739749055,334.2840829906318
6,140,341.2557732703834,334.3150164714678
6,141,341.2434274038803,334.3766084130754
6,142,341.21300891164276,334.4646740495935
6,143,341.1649963022616,334.5696475920708
6,144,341.105202743505,334.67634109256187
6,145,341.0436913463219,334.76727945459385
6,146,340.987474846529,334.8330675330715
6,147,340.9390644801487,334.8732722628066
6,148,340.8983357107584,334.89185828184515
6,149,340.8640096790359,334.89615489029467
6,150,340.83435573081624,334.89509419915106
6,151,340.8129924285812,334.8921295967027
6,152,340.8104267143911,334.8842703079297
6,153,340.8356184141648,334.86671392364195
6,154,340.8902873212515,334.83684746524955
6,155,340.96988373400285,334.79435933619135
6,156,341.062298427539,334.74282983270075
6,157,341.1477601190583,334.6904601960506
6,158,341.21209908759846,334.64518775807664
6,159,341.250269146481,334.6116756565988
6,160,341.2626265323479,334.5925875934748
6,161,341.2540597955152,334.5886318428562
6,162,341.2340164005142,334.5977162121276
6,163,341.2086677944219,334.61881074302045
6,164,341.18488553540845,334.649945718772
6,165,341.1704201093188,334.68644716189755
6,166,341.1700481844718,334.72357821915375
6,167,341.1833168827484,334.75929062607213
6,168,341.20846341258596,334.79083469753175
6,169,341.23880511146973,334.81581636354866
6,170,341.26585134576544,334.83495377424583
6,171,341.28434419660744,334.84934767743295
6,172,341.29257312918133,334.8568896832859
6,173,341.28875035894345,334.8554123085421
6,174,341.2731059888856,334.84557067891717
6,175,341.24934018964166,334.8270554126295
6,176,341.2224887289942,334.7990229971945
6,177,341.1990651660864,334.764014744694
6,178,341.1877858011326,334.72607729142686
6,179,341.19553089670217,334.68791454064296
6,180,341.2230738921417,334.653091278571
6,181,341.26586010599476,334.6256159879674
6,182,341.31576111209597,334.6052828058693
6,183,341.3615756303528,334.591535617908
6,184,341.39313012501333,334.5853035930736
6,185,341.4050785616298,334.5872365712656
6,186,341.3966506513276,334.59708115606185
6,187,341.3704406740686,334.61432760573354
6,188,341.33314903404425,334.6356579942
6,189,341.29316276192685,334.65473168799286
6,190,341.2540686798854,334.66610941982407
6,191,341.2169046078561,334.66620324762
6,192,341.18244825840173,334.6548700242098
6,193,341.14949178285656,334.6329915199291
6,194,341.1148623272517,334.604209770136
6,195,341.0802087726708,334.5726968938258
6,196,341.04852731871335,334.541821250863
6,197,341.02238466452826,334.5141448812337
6,198,341.0047974575738,334.49437570144545
6,199,340.999681035189,334.4862190233904
6,200,341.0098257370046,334.4931036810547
6,201,341.03709185197727,334.51521561100003
6,202,341.0808622584253,334.5503398298902
6,203,341.13680412479624,334.5941575892157
6,204,341.19682569105186,334.64061825780124
6,205,341.25070460962536,334.67976135581665
6,206,341.28993238396095,334.70702196885145
6,207,341.30971836620057,334.72119404829675
6,208,341.31085407071464,334.7222640091394
6,209,341.2993355699703,334.7129199397261
6,210,341.2825980874996,334.69921398945615
6,211,341.26506428538096,334.6862699008239
6,212,341.24733038422715,334.68130433068336
6,213,341.22935504118874,334.69010644420257
6,214,341.20997092033474,334.7133238531718
6,215,341.1883812879515,334.7490429279601
6,216,341.16766142362735,334.79166382060225
6,217,341.1537839075779,334.8293380052988
6,218,341.1477779566051,334.853030766931
6,219,341.1488817632385,334.8615979583035
6,220,341.1557594193824,334.8566198115777
6,221,341.1645567798247,334.8418797524822
6,222,341.1711670168502,334.82463895152495
6,223,341.1745815252815,334.8112203326859
6,224,341.17402411967083,334.8036576701746
6,225,341.17131732278403,334.80231824825574
6,226,341.1691299552733,334.8072771446598
6,227,341.1694574657725,334.81505982092955
6,228,341.17481380290064,334.8188055610851
6,229,341.18819512806243,334.81383617883745
6,230,341.20732360427917,334.79897331648266
6,231,341.2293738226727,334.77320557850004
6,232,341.25066127767553,334.73950889845185
6,233,341.2668739170882,334.70434344928964
6,234,341.2758798383722,334.67098581722144
6,235,341.27927878252945,334.64079995831247
6,236,341.2787935046817,334.61849677791355
6,237,341.27660152288166,334.6069426882209
6,238,341.2753387370982,334.6054373099855
6,239,341.27559418906435,334.6110503633014
6,240,341.27689393223244,334.61905160566164
6,241,341.27860117190295,334.62125495608154
6,242,341.2809616810526,334.61310370103735
6,243,341.2838277848593,334.5955096462345
6,244,341.2857290086861,334.5744897418782
6,245,341.28419646439653,334.55559558935465
6,246,341.27721162363275,334.54259122374253
6,247,341.2641172766961,334.5361253465049
6,248,341.2460823875384,334.5353338665068
6,249,341.2276239801321,334.5382842802409
6,250,341.2142165499976,334.5445947026133
6,251,341.2106431199885,334.55494331484743
6,252,341.21874280300705,334.5691906297622
6,253,341.2359938912639,334.58529371070466
6,254,341.2550186425335,334.60116489843216
6,255,341.2681368806508,334.6155213662677
6,256,341.27115510669967,334.62855338417114
6,257,341.2635681769285,334.6398484984543
6,258,341.24820280473847,334.6470249522031
6,259,341.23258847982584,334.63708600507005
6,260,341.23250786455014,334.57394762234316
6,261,341.26889062344014,334.40707337924454
6,262,341.3571508377187,334.0950389999546
6,263,341.5122251272603,333.632354998113
6,264,341.7325106384858,333.07285122368046
6,265,341.99614975271487,332.5313098250658
6,266,342.26407114157035,332.1385628932095
6,267,342.502515744024,331.9985875894659
6,268,342.6755126977845,332.14937021561275
6,269,342.7822232835746,332.535311294921
6,270,342.8294450618409,333.0453796687079
6,271,342.8266257125022,333.571999629363
6,272,342.7812911013069,334.03339855881615
6,273,342.7146566232091,334.3831538428318
6,274,342.6286986052158,334.6283957472343
6,275,342.53607300138987,334.79543792221426
6,276,342.4475389479012,334.91293885181597
6,277,342.3687199707669,335.01475647101006
6,278,342.290932928566,335.1325578439255
6,279,342.2059848642228,335.27961952050504
6,280,342.1109540435003,335.45363798239475
6,281,342.02563197493447,335.6325069406629
6,282,341.971063685045,335.7788831902809
6,283,341.9628391553242,335.86332455554185
6,284,342.01077974020643,335.8752465528147
6,285,342.10639130648497,335.82854872971376
6,286,342.2177719090789,335.7624097577531
6,287,342.32110438109225,335.7188692037229
6,288,342.40014064694327,335.7173777579652
6,289,342.43337680383974,335.7568778990369
6,290,342.40315781996736,335.8243849778214
6,291,342.3128349780334,335.9024917083137
6,292,342.1728477552682,335.970900819618
6,293,341.9965451107867,336.02358755379475
6,294,341.8134102588358,336.0714156413916
6,295,341.6583072041708,336.1312805469963
6,296,341.54794531097707,336.198001886458
6,297,341.4756656885638,336.2642799970695
6,298,341.4348071949889,336.3222418940092
6,299,341.40159455724256,336.36328468972135
6,300,341.3482491243703,336.37346368575226
6,301,341.25968157315975,336.3589537784967
6,302,341.14256842335703,336.3317593132902
6,303,341.0057284038936,336.29977666645516
6,304,340.88112379710407,336.2622760222143
6,305,340.80507398820185,336.216312173032
6,306,340.799797960484,336.1501719065971
6,307,340.8670537684933,336.06443302105356
6,308,340.99790297955326,335.97296512040805
6,309,341.1655626267239,335.8895199716195
6,310,341.33612361349105,335.82743941332757
6,311,341.48388338846837,335.8033331853706
6,312,341.5948401135632,335.8252062919222
6,313,341.66048323424087,335.8879562609426
6,314,341.6813626314661,335.98807159280557
6,315,341.6734544846658,336.1222482687108
6,316,341.6566644704776,336.27930700411673
6,317,341.6500850425265,336.4331057563418
6,318,341.6676336736269,336.56589682226326
6,319,341.71167213140166,336.66910697762535
6,320,341.76969747525794,336.7417178477887
6,321,341.8243698093878,336.7889114531034
6,322,341.8598147739481,336.8297574942176
6,323,341.8701324937288,336.87380464289646
6,324,341.8610291809944,336.92382618032843
6,325,341.8425838381703,336.9801254689783
6,326,341.82001212023715,337.043193284697
6,327,341.80012487871795,337.10756092698193
6,328,341.7896867138587,337.1754587059684
6,329,341.79205185824884,337.24518647389107
6,330,341.8102303965533,337.30583618458127
6,331,341.8582493976161,337.35060405108106
6,332,341.94359070527963,337.38532235561024
6,333,342.06277974841913,337.4144349103967
6,334,342.20452215032725,337.43819266182413
6,335,342.3547323033024,337.46132148671506
6,336,342.4897645943733,337.47951130824237
6,337,342.59150034586406,337.4777443231425
6,338,342.65009273890894,337.4513139261484
6,339,342.66703903651126,337.4127766155875
6,340,342.6491883605483,337.37439406117664
6,341,342.6060830935639,337.3520920445482
6,342,342.54820489583847,337.3554499513875
6,343,342.4966362320963,337.37111240187653
6,344,342.4705441479639,337.3746623839701
6,345,342.481182436969,337.34685536418465
6,346,342.5364537559931,337.272643668139
6,347,342.6264348577657,337.15638690292434
6,348,342.71230718056006,337.0239279784498
6,349,342.7463230484259,336.9070345684026
6,350,342.6887605198258,336.83696172537924
6,351,342.53712942889814,336.82571980676204
6,352,342.3312594755438,336.8556889839645
6,353,342.11585928586214,336.90180929817785
6,354,341.92939626982906,336.9440342122257
6,355,341.79548808935454,336.96709040333536
6,356,341.72806386999684,336.9634843116281
6,357,341.727056367013,336.9390112544703
6,358,341.7929614177098,336.9059982085924
6,359,341.8935784267767,336.8826343557332
6,360,341.99326177386445,336.87979822842294
6,361,342.0588211622918,336.8900047236204
6,362,342.0771881603775,336.8886058608373
6,363,342.04007248012266,336.85448953799767
6,364,341.9466802573129,336.78784511871
6,365,341.8186616553439,336.69909561494757
6,366,341.69983695443887,336.608154002539
6,367,341.63224808097664,336.5342311950198
6,368,341.6407471064191,336.4911782283893
6,369,341.73028366359597,336.48134529405536
6,370,341.8689722008435,336.5081820290685
6,371,342.0203890348982,336.5610360698417
6,372,342.1564980885301,336.6243486661947
6,373,342.25920992160906,336.67517920235076
6,374,342.3027102484829,336.69846898032637
6,375,342.2858536956316,336.6731725058496
6,376,342.2295087754072,336.5725187071271
6,377,342.1696364571326,336.36912769316893
6,378,342.144777670237,336.05459321148726
6,379,342.1512361243846,335.6582121570518
6,380,342.14837200407663,335.2334666603437
6,381,342.08901245843975,334.8347655755965
6,382,341.9486996654131,334.5045424923443
6,383,341.74052891369087,334.2538615167092
6,384,341.5042043661565,334.0713226191484
6,385,341.2889246572243,333.9411507880407
6,386,341.13075834693,333.8684427683347
6,387,341.04420458253315,333.85556565145635
6,388,341.0371898483427,333.89149670612665
6,389,341.09450063101593,333.9681377005662
6,390,341.1848628788661,334.0707790050299
6,391,341.2879561564796,334.16563544537223
6,392,341.3961158766978,334.2275211439908
6,393,341.49633178778976,334.2471419214412
6,394,341.58457185728173,334.226430137224
6,395,341.6713951826375,334.1896622129518
6,396,341.7540293024452,334.1611748489427
6,397,341.813643460387,334.1414197815697
6,398,341.85189144393104,334.11888958142254
6,399,341.8811747260855,334.08011381557696
6,400,341.9148443936047,333.9942785544286
6,401,341.9687665222113,333.8429742444925
6,402,342.05479671531697,333.64478566512867
6,403,342.16201710931017,333.42992936782076
6,404,342.2755565629698,333.19942705866436
6,405,342.38070484848,332.94606481759917
6,406,342.4634703609331,332.66506200089316
6,407,342.52253273624683,332.3422074124294
6,408,342.56278961476147,331.9681117243992
6,409,342.58531483807883,331.5811586799081
6,410,342.58398863033113,331.2539702228748
6,411,342.5638803330977,331.03261216465273
6,412,342.53473532188,330.9411859621179
6,413,342.50044960043374,330.99172829489214
6,414,342.4575754716617,331.17453737292516
6,415,342.4119643275672,331.4405058779049
6,416,342.3693171930113,331.7449285990846
6,417,342.3384555116453,332.04273821350273
6,418,342.3385348232734,332.27819251124873
6,419,342.37938999833364,332.3916194267852
6,420,342.4472331588952,332.35843233146124
6,421,342.5211019822072,332.1870941641935
6,422,342.5688129148444,331.91456087889094
6,423,342.5603786444047,331.61496742200876
6,424,342.4954810517568,331.3702478654842
6,425,342.4060970295341,331.2268451955111
6,426,342.3241119708053,331.1973702461758
6,427,342.27267332896906,331.2719420615016
6,428,342.2562781981169,331.418257847667
6,429,342.25806372542553,331.59989174369184
6,430,342.2463648004666,331.7929746843963
6,431,342.20050075086897,331.97547701933297
6,432,342.1310561456519,332.1171527512443
6,433,342.0875921757562,332.17448701678285
6,434,342.1075025542009,332.11501075791335
6,435,342.19171087225055,331.9440907199661
6,436,342.31904520701727,331.701222039204
6,437,342.45271595056477,331.4480027986654
6,438,342.52258962821264,331.2581135504991
6,439,342.49578662422675,331.18870036216924
6,440,342.4064838300689,331.24671525098995
6,441,342.2962886021771,331.4091410323803
6,442,342.1828022416511,331.64459000954713
6,443,342.0829326440935,331.91568461603975
6,444,341.99582685301596,332.1743423518587
6,445,341.90169523812403,332.37851497824647
6,446,341.7910948254847,332.49050254824044
6,447,341.67583163455157,332.49843346885433
6,448,341.58395789409883,332.419927195281
6,449,341.5445510646513,332.2910714935856
6,450,341.5606082433681,332.16375134146847
6,451,341.61745068241436,332.08707245110287
6,452,341.7026267643769,332.07012883921703
6,453,341.8078404083235,332.0874967641271
6,454,341.92241248004876,332.10528824455264
6,455,342.0349447536056,332.08425964442995
6,456,342.139899871435,332.0034152513061
6,457,342.2296681099536,331.8588159286287
6,458,342.2740979915457,331.6558191664327
6,459,342.2558716722336,331.4166496867963
6,460,342.2019794647041,331.17341999506823
6,461,342.1423525729728,330.96073884385646
6,462,342.0919133507366,330.82489253876133
6,463,342.07468689438116,330.8068577141406
6,464,342.0978254718967,330.91137855202
6,465,342.128071096978,331.1177047233367
6,466,342.1424505077916,331.3747579098279
6,467,342.15100069417286,331.6162731346541
6,468,342.17513543055037,331.8033477866743
6,469,342.23022268109554,331.93872293935607
6,470,342.32779721199205,332.0401353651312
6,471,342.46855021521776,332.13171828602674
6,472,342.63332989410065,332.2374286047342
6,473,342.7866950688607,332.3532425047946
6,474,342.901140701953,332.4519304595899
6,475,342.9717779945887,332.5109996413287
6,476,342.9943877255187,332.5226425380817
6,477,342.9592738787608,332.4838342565734
6,478,342.86869194066196,332.40450522217316
6,479,342.7362383566701,332.31270444509113
6,480,342.577932246389,332.2387219567743
6,481,342.42729083491287,332.20789366384224
6,482,342.318005669478,332.23950813616136
6,483,342.26821073310333,332.33790089568043
6,484,342.2887018425447,332.476931818083
6,485,342.3655268063007,332.6101380699351
6,486,342.45429071915646,332.686428957878
6,487,342.51406396354326,332.6632743853517
6,488,342.5163662776337,332.53980382106994
6,489,342.4421398705195,332.3526629192447
6,490,342.29899188306376,332.165704158047
6,491,342.11564322409765,332.04944888581474
6,492,341.926859002798,332.0648878822217
6,493,341.77328421199246,332.211464577244
6,494,341.66943417138793,332.44634689110325
6,495,341.6010738271146,332.6968987698587
6,496,341.5446361293455,332.88677446947065
6,497,341.47973711490386,332.9570900234239
6,498,341.3775414296752,332.89400145272685
6,499,341.2238464219318,332.72527852836646
6,500,341.03072780790626,332.50682623773673
6,501,340.82941995060463,332.293868213783
6,502,340.65888091358966,332.1208099878274
6,503,340.5653615277109,332.00598760117333
6,504,340.58125490231663,331.9506753544609
6,505,340.71654136766824,331.9426381707088
6,506,340.96304470314726,331.9581743831872
6,507,341.2849137905371,331.9825573413068
6,508,341.6161223753617,332.0080964851272
6,509,341.9118466757766,332.03222590425935
6,510,342.1438816673638,332.06593333149414
6,511,342.2777346414221,332.1361539522553
6,512,342.29463484760896,332.2472181808744
6,513,342.21899431071154,332.3829588937094
6,514,342.07331532937195,332.5079849985623
6,515,341.88029370664003,332.5731128924588
6,516,341.68841629491874,332.54060766051066
6,517,341.5380679703164,332.4316928512937
6,518,341.4267324888743,332.2977760087981
6,519,341.34909633762817,332.2070822954026
6,520,341.3043397724039,332.20470812035245
6,521,341.26360489996074,332.3051629657314
6,522,341.19891856533644,332.475946967101
6,523,341.126125037403,332.66081643346206
6,524,341.0601677046996,332.8023788293532
6,525,341.00281442942986,332.881666789272
6,526,340.9818851464509,332.8946499033181
6,527,341.04017492796265,332.8585293439013
6,528,341.17416174326064,332.81006444972996
6,529,341.35580683913236,332.77033219078766
6,530,341.55105275820364,332.74902481026163
6,531,341.7123877804277,332.76059776806477
6,532,341.7902691621395,332.8020142119413
6,533,341.77785327317577,332.8600641661841
6,534,341.7152884266995,332.9345418841506
6,535,341.65943608740366,333.02166360164995
6,536,341.6424634613957,333.12260717404945
6,537,341.66487398000135,333.23202753290764
6,538,341.7082474866671,333.32942981956785
6,539,341.7236900833243,333.41015631094916
6,540,341.6521787853347,333.4849509348995
6,541,341.4767800064803,333.55098286285147
6,542,341.22999440718723,333.6151734757641
6,543,340.9612638094043,333.6989742227284
6,544,340.7351086897801,333.8031580730991
6,545,340.62196432670083,333.9117385522219
6,546,340.6607350235183,334.00537369833904
6,547,340.84069174488553,334.06859316939506
6,548,341.1157219594655,334.0960186493229
6,549,341.41902187084116,334.0861469265504
6,550,341.67298687923216,334.0372678015197
6,551,341.8054658016923,333.96889890674385
6,552,341.7823829010588,333.91069659758995
6,553,341.6222865944938,333.8738728590735
6,554,341.3826405779189,333.8615621922952
6,555,341.1440489382629,333.8762613662661
6,556,340.9966096735053,333.90718774708984
6,557,341.00201194493656,333.9366924346708
6,558,341.1658545939399,333.9588238684829
6,559,341.44989964522034,333.97835401517
6,560,341.78692143830835,334.0088837465521
6,561,342.1051042770528,334.0644619739308
6,562,342.3401698565427,334.15322740260507
6,563,342.4456912345347,334.28016357092525
6,564,342.40223008367497,334.4437006775423
6,565,342.22734563208564,334.6316461630247
6,566,341.9560885163276,334.8253518167254
6,567,341.64393812574326,335.0005439978138
6,568,341.35702240273895,335.1333512258933
6,569,341.1448204081071,335.20887223536425
6,570,341.024943239561,335.21897004012936
6,571,340.99350752996526,335.16372540436964
6,572,341.026808529206,335.061869030019
6,573,341.0904507856946,334.94181330592164
6,574,341.14830767794103,334.8312333759286
6,575,341.1739151108716,334.75616022429307
6,576,341.1502784386837,334.7406345023452
6,577,341.075954280876,334.79358221887355
6,578,340.97522355939407,334.90397008299175
6,579,340.89318114821236,335.04496879690817
6,580,340.870484031293,335.18456047155763
6,581,340.93061121114874,335.2896044375942
6,582,341.0687312290489,335.3330591090514
6,583,341.2407258399666,335.3051152903648
6,584,341.3843816559378,335.2186966560695
6,585,341.44868153197683,335.0989277867634
6,586,341.4117619805625,334.9710283067528
6,587,341.2889517459631,334.85403465085096
6,588,341.12591431363575,334.75358643576
6,589,340.97951837110617,334.66903258248226
6,590,340.8953619541821,334.59665326011765
6,591,340.89374732653323,334.5284030161764
6,592,340.96473149324794,334.45912978188977
6,593,341.081778777834,334.39627436129757
6,594,341.2136454761307,334.3488419878783
6,595,341.3391749836714,334.32697099743393
6,596,341.4594775183692,334.34266995227256
6,597,341.59116015881955,334.3984196579884
6,598,341.7541525861805,334.48125962228977
6,599,341.9577135793993,334.5726772044817
6,600,342.1999597975308,334.64480178865455
6,601,342.45313649573865,334.67081427884534
6,602,342.67862494509376,334.63609324694244
6,603,342.8329121627188,334.54013139379003
6,604,342.8877200714095,334.3830880563179
6,605,342.8335622673266,334.1835894144111
6,606,342.69040084008,333.976695509378
6,607,342.48647555598683,333.80701116856613
6,608,342.2663356644329,333.70901739663026
6,609,342.0807864559842,333.7019388586185
6,610,341.9669944759132,333.7768606949604
6,611,341.93885349253554,333.9021946569745
6,612,342.00432791060274,334.0354396578938
6,613,342.14829301797715,334.14999823068854
6,614,342.32470321139124,334.2371621215594
6,615,342.47283531718955,334.2940927652355
6,616,342.53981482585664,334.32235852614997
6,617,342.4892114403848,334.3167909194095
6,618,342.3151122640455,334.2635236347137
6,619,342.0457256103628,334.15411768854955
6,620,341.7356553993579,334.00030821923514
6,621,341.45317142651453,333.83161697738706
6,622,341.24546959318957,333.7021133607377
6,623,341.13974350131787,333.6569192163765
6,624,341.1453339731217,333.71343878358556
6,625,341.24671192369,333.85738396557963
6,626,341.39814424744213,334.04267752310017
6,627,341.56997900879094,334.1959533085396
6,628,341.7391441492515,334.26986468128416
6,629,341.8794625280525,334.25539973438623
6,630,341.98006033045084,334.17477986394437
6,631,342.0402547289858,334.08151029738167
6,632,342.0612439948747,334.03648142715997
6,633,342.0590313878808,334.05405395102287
6,634,342.05566874503154,334.1180221249603
6,635,342.05396257217365,334.21091569687655
6,636,342.05983163376186,334.3032439507979
6,637,342.0657001103259,334.3653402746215
6,638,342.0426276031391,334.3918875987552
6,639,341.9828527273058,334.3952855169845
6,640,341.9233926805911,334.3789003337328
6,641,341.9056972242535,334.34793109857554
6,642,341.96973607256075,334.3067246732741
6,643,342.1485292505911,334.2669961370695
6,644,342.42936900756786,334.2362743403632
6,645,342.74931568280067,334.2178665295591
6,646,343.03711503927275,334.2036114806212
6,647,343.23163572518484,334.19914339219275
6,648,343.29075424054054,334.2137190378068
6,649,343.21568728633156,334.24141349956267
6,650,343.04943707909376,334.274626831499
6,651,342.8637377148051,334.3235622505472
6,652,342.72251778453017,334.38531446331126
6,653,342.66613067092146,334.43433191692833
6,654,342.7087399206413,334.45125913823216
6,655,342.82642841205904,334.4336203504764
6,656,342.94585303155264,334.3810629823342
6,657,343.00303317495144,334.3030982447335
6,658,342.9662499361883,334.23121727432186
6,659,342.81868633017694,334.208509805745
6,660,342.5702100544764,334.2556334110803
6,661,342.2881616743254,334.36897558398573
6,662,342.0545039798778,334.52116482462776
6,663,341.9168437359122,334.67332230123714
6,664,341.89771356152824,334.78305492266213
6,665,342.0068034354747,334.8311011996352
6,666,342.20913784828565,334.8164311764789
6,667,342.42961285979,334.7617604989925
6,668,342.61096652067556,334.69265450816306
6,669,342.7094239020317,334.6322214670423
6,670,342.6960188006857,334.5877354268633
6,671,342.5749942814618,334.56871942730476
6,672,342.3751762700598,334.58090109034123
6,673,342.1272816120896,334.6409288047294
6,674,341.88544109221004,334.7603128677084
6,675,341.6988897026866,334.94228642811726
6,676,341.5844710945479,335.1683034841492
6,677,341.54668888815877,335.4080251385694
6,678,341.5884702692166,335.61244982333153
6,679,341.6834804632374,335.7535416857526
6,680,341.7899492509626,335.833295750001
6,681,341.8794250361717,335.87293652899746
6,682,341.93194618770343,335.9093752577442
6,683,341.9274714447424,335.9935610604947
6,684,341.8600214863193,336.15209889085725
6,685,341.73859789049715,336.3754928473802
6,686,341.58328316409927,336.63338022188617
6,687,341.4224509238978,336.8806510412531
6,688,341.2826837493675,337.0668518330361
6,689,341.1804546205002,337.1559027017012
6,690,341.12604603202465,337.14495079855175
6,691,341.1155359648122,337.0629810208179
6,692,341.13367139304285,336.950276122573
6,693,341.1608044614288,336.8476929517037
6,694,341.18022888540713,336.78934201236547
6,695,341.1844296537366,336.783789590089
6,696,341.1823390270573,336.81331068289586
6,697,341.18688191460495,336.85338270455406
6,698,341.2193029949039,336.8757161249224
6,699,341.313204604332,336.84693345922756
6,700,341.4986838793267,336.7512616458106
6,701,341.77463782572624,336.5930414885927
6,702,342.11696647475196,336.3908476777984
6,703,342.48712552799634,336.16915726773465
6,704,342.8268574294997,335.96252205080873
6,705,343.06720790465056,335.7906857261879
6,706,343.1731755829736,335.66113411576964
6,707,343.1508199540783,335.5573416702176
6,708,343.031147691039,335.4513776178317
6,709,342.86415503159907,335.3089634452445
6,710,342.6966197688171,335.1191136091101
6,711,342.5552111378985,334.87651581231387
6,712,342.4452695046049,334.6009589126956
6,713,342.3572376460512,334.3283659841154
6,714,342.2706264432479,334.1054150557953
6,715,342.17982670409106,333.9604395099451
6,716,342.0817851363903,333.9186859140982
6,717,341.97161658810427,333.9811376254763
6,718,341.84634352323684,334.1353067683154
6,719,341.6978956479117,334.3570257059529
6,720,341.53399101843223,334.6061260713209
6,721,341.38275670766194,334.8346274726586
6,722,341.2762520553467,335.01049770477675
6,723,341.2246195815143,335.11949447437854
6,724,341.2450947817939,335.15228084242904
6,725,341.3239300752077,335.1301818986158
6,726,341.4216795648458,335.086533610828
6,727,341.5030431052754,335.0472374194782
6,728,341.56840223781813,335.02448335059603
6,729,341.6203310311575,335.02875666430305
6,730,341.6611689382748,335.05673941338296
6,731,341.69477238409,335.1000697486905
6,732,341.71995191708135,335.15344971928226
6,733,341.72132045869716,335.2109495419788
6,734,341.6810258431563,335.26547558360835
6,735,341.594459182799,335.2986415994219
6,736,341.4732449692155,335.2931436569964
6,737,341.34417302576605,335.23360340609986
6,738,341.24280431745035,335.1117754161388
6,739,341.2007932489339,334.9228187558985
6,740,341.23317027428385,334.6838070329958
6,741,341.32941867978815,334.41217010758925
6,742,341.45495362518574,334.1264452026352
6,743,341.5633263019375,333.83147840727855
6,744,341.63670764806767,333.5857157707959
6,746,341.68336375407563,333.22595064334394
6,747,341.76039015596893,332.97960987350126
6,748,341.9282492761739,332.7416873039786
6,749,342.2003950632028,332.5224816875331
6,750,342.5228923835928,332.3088868074572
6,751,342.82701535886025,332.09976173175073
6,752,343.0646886281459,331.92570076947027
6,753,343.1998961080665,331.8336641304101
6,754,343.19381776342345,331.859412841473
6,755,343.05821540027154,332.00490611529517
6,756,342.8394147898088,332.2331437963472
6,757,342.5775636483608,332.481157160373
6,758,342.28438032456796,332.7025658385244
6,759,341.989184134052,332.8884004002378
6,760,341.71569077778446,333.0584538786422
6,761,341.4585657517715,333.2475077071017
6,762,341.22442815529166,333.4894909683916
6,763,341.0527165129751,333.79577040694414
6,764,340.978577751507,334.1276969000627
6,765,340.9899905008576,334.43370408205993
6,767,341.19905929007894,334.6739619182071
6,768,341.38178322309415,334.692798528252
6,769,341.52120043700563,334.68958428694464
6,770,341.55325188491395,334.64185929049273
6,771,341.4512672026243,334.5935201699491
6,772,341.2138997139908,334.5592056249284
6,773,340.8967066488093,334.53466677912456
6,774,340.56198025115765,334.5364588025291
6,775,340.25654438181914,334.58517763271857
6,776,340.01311595302894,334.6773359257331
6,777,339.8526554519925,334.80244181443265
6,778,339.7686700470838,334.9571739036184
6,779,339.75039104371837,335.1284848519837
6,780,339.79578515762296,335.30202789506285
6,781,339.9134441850162,335.49141978638426
6,782,340.1119031117065,335.70043088328976
6,783,340.38010795714695,335.90848810389116
6,784,340.7022070701798,336.0923303388045
6,785,341.0513400948412,336.2240313651633
6,786,341.3818549095327,336.2666716737312
6,787,341.64234009863105,336.2164282437975
6,788,341.80886631152543,336.1082566626274
6,789,341.86409586660693,335.99556501929186
6,790,341.8007803708768,335.93877736385525
6,791,341.63011649156414,335.97635005003406
6,792,341.38996173194704,336.1055938368949
6,793,341.12343349880837,336.29585336362635
6,794,340.8809881006632,336.4936992129358
6,795,340.70866790496365,336.6278330276384
6,796,340.63883842581333,336.6448669454243
6,797,340.67133257354243,336.52324084028515
6,798,340.7834105842769,336.2726853124226
6,799,340.9405862749307,335.9361895977829
6,800,341.1114040475204,335.58319832410706
6,801,341.272481958765,335.28288670057015
6,802,341.40980230500276,335.0902928730643
6,803,341.51634845922763,335.02867973514486
6,804,341.5986017633113,335.0865744539291
6,805,341.6561706111534,335.22824197425365
6,806,341.6795097430735,335.40767710173327
6,807,341.671238161932,335.57626789488637
6,808,341.65071489693855,335.68826604474623
6,809,341.6145020943414,335.70585071918117
6,810,341.55655470005973,335.6113375765701
6,811,341.4837208516143,335.4225125240613
6,812,341.40671573169953,335.18020736125806
6,813,341.3320837931526,334.9354852210059
6,814,341.2867980620078,334.7481810239144
6,815,341.3046875318535,334.66561990625576
6,816,341.4108539066241,334.6800873522743
6,817,341.6041605490785,334.7489897517756
6,818,341.85808976127095,334.8350552115565
6,819,342.13129832746057,334.89988899833014
6,820,342.383590022405,334.91239020820257
6,821,342.57685254271,334.88556350771916
6,822,342.6925400367124,334.85834787178675
6,823,342.72779695717605,334.85149056722275
6,824,342.6969094780828,334.86009907367503
6,825,342.6239994660703,334.87423796237124
6,826,342.535525226115,334.88333661178393
6,827,342.4368459034854,334.8781505509669
6,828,342.33732883865844,334.86859918673986
6,829,342.2347395377563,334.90513625155677
6,830,342.11449621047706,335.0334452759296
6,831,341.9644539135876,335.25950811611744
6,832,341.79509968802125,335.56160386865884
6,833,341.6147386646755,335.90250117884773
6,834,341.4386244999419,336.21997674027
6,835,341.2856913294756,336.46730826349875
6,836,341.16764252463247,336.6344701604259
6,837,341.08831573531256,336.73560917891956
6,838,341.0446653295314,336.7922312445654
6,839,341.0227561818112,336.82988717271166
6,840,341.0060225561024,336.8457349388239
6,841,340.9919154688671,336.7995665098606
6,842,340.98887853819156,336.62738384405486
6,843,341.0112239537942,336.2637460694144
6,844,341.06854480279856,335.6606249843052
6,845,341.1598897747427,334.84263874606523
6,846,341.259130491379,333.92422105785596
6,847,341.33264940309414,333.0813250811676
6,848,341.36123623921003,332.4888561956681
6,849,341.35101688117675,332.2744776294987
6,850,341.36211030576806,332.44254186001416
6,851,341.364557692325,332.94030990631546
6,852,341.3689775706994,333.6122116931492
6,853,341.3815691607788,334.2946101421614
6,854,341.4414553836013,334.87917519729695
6,855,341.51073293101916,335.35299917308237
6,856,341.6040029203224,335.6990912333974
6,857,341.66761646397424,335.9821920462546
6,858,341.68585921694125,336.2246777377331
6,859,341.66038553604733,336.4235307034347
6,860,341.5962760559713,336.57723263786045
6,861,341.49870105971434,336.6869432725747
6,862,341.3796042512146,336.74168641329044
6,863,341.24704302701167,336.7436164497183
6,864,341.10631858352167,336.7072794266812
6,865,340.9698993769249,336.6311076570763
6,866,340.8584436981882,336.53184323243573
6,867,340.79040803377285,336.44621036171463
6,868,340.7702583981882,336.4026427403793
6,869,340.7907028763705,336.4084292158509
6,870,340.8358517026517,336.47984558126353
6,871,340.88037279386674,336.61918932912664
6,872,340.90459805914963,336.8072069369214
6,873,340.9082453401681,337.01787967862236
6,874,340.90484585785083,337.23712762997576
6,875,340.90979915847015,337.4304995355589
6,876,340.9340252440058,337.5528639146505
6,877,340.97861821214343,337.57038377341684
6,878,341.03303761807655,337.48616778711596
6,879,341.07586964264385,337.31612155098554
6,880,341.0906734902117,337.10224023842505
6,881,341.0825621557562,336.8996228160453
6,882,341.068637406761,336.74949739737406
6,883,341.06786369807537,336.6448308042053
6,884,341.09353842968454,336.5569300043758
6,885,341.15141652332306,336.43805126217933
6,886,341.2234417004206,336.2320769700352
6,887,341.289689437561,335.8904461056949
6,888,341.3491576970174,335.38545568033715
6,889,341.4195506968731,334.71845149120844
6,890,341.5062636118216,333.9456460493996
6,891,341.6267948560831,333.1723736420442
6,892,341.7893979371126,332.52931944058986
6,893,341.9670283515714,332.1443305201106
6,894,342.1191621381849,332.1007427706891
6,895,342.2362296467631,332.38984970165825
6,896,342.303099386086,332.92188475726107
6,897,342.31084301999465,333.56261846777846
6,898,342.2782102616238,334.16709980420904
6,899,342.2307899845068,334.6075873820574
6,900,342.1717535827584,334.81450753499394
6,901,342.10436309751316,334.7854354515822
6,902,342.0351506338649,334.5655756443049
6,903,341.962990447776,334.23812171681965
6,904,341.8846073258198,333.9155128862134
6,905,341.80603198353964,333.69560098673435
6,906,341.7362204573913,333.6208154692327
6,907,341.6812433805184,333.68608966834466
6,908,341.64199423336674,333.85632439379344
6,909,341.6134159368078,334.0757313900306
6,910,341.58778163160025,334.2998157573989
6,911,341.5656756268318,334.51964849415543
6,912,341.5498840773557,334.747174638839
6,913,341.5456483159431,334.9862574915792
6,914,341.56347070020723,335.2269629712604
6,915,341.6028013476008,335.44249647788536
6,916,341.6430840933138,335.6071507758808
6,917,341.6548547881721,335.7073840042814
6,918,341.6207772393242,335.7440561652889
6,919,341.53420176049445,335.7333744329705
6,920,341.4084083866201,335.70360536397163
6,921,341.2776755350119,335.6768044893564
6,922,341.18170328514043,335.66827582931256
6,923,341.1313589515195,335.7000812488144
6,924,341.11392249888655,335.7918943647985
6,925,341.1127174497947,335.93042210718966
6,926,341.1140388557556,336.0570745012229
6,927,341.1122065282788,336.0912816950836
6,928,341.1311710526492,335.9452667667566
6,929,341.20905644177765,335.5587724435965
6,930,341.35574552074723,334.9536225829581
6,931,341.5316986920137,334.2546387448023
6,932,341.686496019929,333.63021192887453
6,933,341.77474915421095,333.225926653136
6,934,341.7754304453285,333.1183293990918
6,935,341.70256209868984,333.2948795506044
6,936,341.6200314153467,333.65146695972936
6,937,341.58837106235495,334.0589895140745
6,938,341.62436267711274,334.4263112710659
6,939,341.70109497750985,334.71417504084485
6,940,341.78414750280666,334.9237543021841
6,941,341.82259464995025,335.08817515065664
6,942,341.772375754614,335.2150482490235
6,943,341.6376051619717,335.2828314602715
6,944,341.4457566671357,335.28043074409567
6,945,341.2207734673235,335.20809028719896
6,946,340.99447706279165,335.07624643110574
6,947,340.7947339920095,334.93917481763
6,948,340.6286786380595,334.86960148504255
6,949,340.51272102868677,334.8995079835427
6,950,340.4610917011754,335.03483788167716
6,951,340.4784071320237,335.25999941629897
6,952,340.5663984510326,335.5320124680743
6,953,340.7152104955918,335.8015311955729
6,954,340.894274270243,336.0415481525745
6,955,341.07350095972276,336.227768673085
6,956,341.2281965826379,336.3445698712322
6,957,341.3394914656331,336.3851715992046
6,958,341.4020099201092,336.34760308548647
6,959,341.41800681382125,336.2395794998662
6,960,341.3979595863951,336.0938723252561
6,961,341.35893924722393,335.9488552406313
6,962,341.31550889417804,335.84239354708785
6,963,341.2741794620171,335.80245366223545
6,964,341.2340557940066,335.8438501887075
6,965,341.18081730781904,335.9568485834207
6,966,341.09665881076353,336.1137354585915
6,967,340.9886112509973,336.2682002953864
6,968,340.88616912589913,336.3682068177972
6,969,340.8301240329588,336.34669949224366
6,970,340.85796333674443,336.14519096895697
6,971,340.9879567395202,335.7566434942916
6,972,341.19873058269553,335.2301445474582
6,973,341.4395697553242,334.65859976103195
6,974,341.65908451400867,334.180956588658
6,975,341.82480564470626,333.9408206664695
6,976,341.9272557159033,334.0057508017526
6,977,341.98091349706414,334.3588342070028
6,978,342.0148458581933,334.9103872748015
6,979,342.03978099617933,335.52079988820464
6,980,342.0372903651163,336.0479074557647
6,981,341.9794182389687,336.401873573147
6,982,341.8430809914711,336.54680482474737
6,983,341.6182191905036,336.5099056336986
6,984,341.32650717982057,336.3572149508356
6,985,341.0234925201048,336.15518625353417
6,986,340.76031191686184,335.95372992743944
6,987,340.5567602363842,335.8114251563151
6,988,340.42584389440907,335.74619758131547
6,989,340.3750081990379,335.74349453174375
6,990,340.39674503780395,335.784932428315
6,991,340.4783476371471,335.8633309419584
6,992,340.6204217954903,335.9507110271757
6,993,340.7986603056974,336.03756358522674
6,994,340.97187218895465,336.1199470404525
6,995,341.10528899450964,336.18575486410003
6,996,341.1926364619193,336.2138752303438
6,997,341.2421125620203,336.1898104681504
6,998,341.2851848277755,336.1025727564533
6,999,341.350849234865,335.9568331800967
6,1000,341.44783370663674,335.77149766738324
6,1001,341.55234421863133,335.5652610444004
6,1002,341.630564773593,335.36162886424484
6,1003,341.6381397486531,335.1870986723461
6,1004,341.54721253816,335.0632600848996
6,1005,341.3574941964599,334.99289602787354
6,1006,341.1037304778013,334.96894009674673
6,1007,340.82878273049084,334.97054183710077
6,1008,340.5746301719411,334.9674612053757
6,1009,340.3652253666713,334.93434826609285
6,1010,340.2116274694139,334.87802798393386
6,1011,340.10992102429896,334.82638599712953
6,1012,340.0542910621946,334.8014109439931
6,1013,340.04563334476325,334.81366726519883
6,1014,340.09963679746255,334.8648626969408
6,1015,340.221793292465,334.9448932326712
6,1016,340.39304929479937,335.04210110894746
6,1017,340.5912503419892,335.1531716821352
6,1018,340.7918308779896,335.2792474718487
6,1019,340.95273352246,335.42436555172156
6,1020,341.05101733293,335.5667459095524
6,1021,341.10375099161064,335.6589007825162
6,1022,341.12989644149036,335.66476662130606
6,1023,341.15134694862684,335.57072697150306
6,1024,341.20036305198283,335.36616136004346
6,1025,341.2925044375454,335.0721329548949
6,1026,341.4182484051804,334.73982677236154
6,1027,341.5591447730248,334.42582905116166
6,1028,341.69542249555604,334.16713700817445
6,1029,341.8101410631148,333.980365566855
6,1030,341.8846175469552,333.87261653967295
6,1031,341.9033263735858,333.8404566475227
6,1032,341.8683950740152,333.8543055955087
6,1033,341.79117875693476,333.89083178967127
6,1034,341.6938856524556,333.9587707403862
6,1035,341.60921592853236,334.0594014778265
6,1036,341.56825366591795,334.17310201522287
6,1037,341.5796970474096,334.29134965678736
6,1038,341.6314816110367,334.4120657271267
6,1039,341.69118842914446,334.51442450856933
6,1040,341.7260520869871,334.5820784656862
6,1041,341.71119969521993,334.630017021215
6,1042,341.63042650469714,334.684981006843
6,1043,341.4857531192473,334.7638987607791
6,1044,341.3047634321465,334.876216946719
6,1045,341.12961630379203,335.0203547205859
6,1046,340.9911443716523,335.17455956098854
6,1047,340.9161346250774,335.30639327351946
6,1048,340.91895279086754,335.3904017309332
6,1049,340.9880116075059,335.42327366143974
6,1050,341.086113865521,335.41592624910743
6,1051,341.18034572967497,335.3859729419192
6,1052,341.2458497425426,335.3519922881305
6,1053,341.2596662333779,335.3283540095229
6,1054,341.2188060214853,335.3143423919075
6,1055,341.1435236353453,335.30485629907423
6,1056,341.0626362315061,335.2958971508122
6,1057,341.0020509223595,335.2822665621054
6,1058,340.9927226634378,335.26120522927323
6,1059,341.0462154069035,335.23887839298607
6,1060,341.1455510419172,335.2278680663116
6,1061,341.26025686816297,335.23568670652446
6,1062,341.36734585697786,335.2638244834052
6,1063,341.4485457935095,335.3056966866497
6,1064,341.49890353196673,335.3505205741941
6,1065,341.5327738464362,335.3810709258593
6,1066,341.57442036075446,335.3923284227855
6,1067,341.6380712631635,335.3942379528925
6,1068,341.72304598509623,335.40405315058507
6,1069,341.8134015753477,335.430708951332
6,1070,341.88882832634573,335.4815732802426
6,1071,341.9321284676837,335.5542575418026
6,1072,341.93072322965287,335.6412278569491
6,1073,341.8806628685591,335.7336888728588
6,1074,341.79085050789854,335.83437831322954
6,1075,341.67327027141164,335.9517205767957
6,1076,341.537885811346,336.09155560782017
6,1077,341.40292444047566,336.2514536694761
6,1078,341.2973390500444,336.42022447272444
6,1079,341.24606610102694,336.5756961366981
6,1080,341.2601816981069,336.69432558202
6,1081,341.33675623133973,336.76462723132005
6,1082,341.45713808132655,336.7886643802076
6,1083,341.5877723920681,336.7854623245176
6,1084,341.6975510241808,336.7895058571004
6,1085,341.76476489053323,336.8322726618706
6,1086,341.77980729575205,336.92845446179996
6,1087,341.74065923576666,337.066662110704
6,1088,341.65553561387225,337.21480498443293
6,1089,341.5397625045143,337.3282841065829
6,1090,341.41602949614537,337.36856948679497
6,1091,341.3066345910922,337.3180605084047
6,1092,341.2333712753221,337.1960784589206
6,1093,341.2086660186345,337.04720362637363
6,1094,341.23325381171765,336.914291771743
6,1095,341.30314468461194,336.8283332019356
6,1096,341.4112092592877,336.79792630097256
6,1097,341.5415134123676,336.80713999423494
6,1098,341.6740982550204,336.82636038197114
6,1099,341.79384214112304,336.83608137140766
6,1100,341.88642401628056,336.8250069119906
6,1101,341.94261265830346,336.7962750956478
6,1102,341.96770265649326,336.7636434230312
6,1103,341.9760469906666,336.73666599915987
7,0,343.2663980598369,319.0236852833636
7,1,343.3345995511817,319.11806725661125
7,2,343.41687718603345,319.22970712112976
7,3,343.50237255560296,319.3435505124696
7,4,343.57147128803496,319.4363035257559
7,5,343.613739969821,319.50119582730974
7,6,343.62540264388844,319.5436193131278
7,7,343.61139454242374,319.57580774687693
7,8,343.57436024271254,319.6022184930756
7,9,343.5191101989806,319.6177294452584
7,10,343.45281191061366,319.6129208942552
7,11,343.38587706817333,319.5797319173754
7,12,343.3285267290047,319.51409012499795
7,13,343.28932295085104,319.418679251671
7,14,343.2685256729952,319.30571553244357
7,15,343.25956971700305,319.1945370249001
7,16,343.2533263195526,319.10391581882783
7,17,343.24170812136487,319.04753663879853
7,18,343.21959602712406,319.0303114039714
7,19,343.18797054883055,319.047768156668
7,20,343.1528117041185,319.0886855045597
7,21,343.1207500652183,319.14100551732446
7,22,343.0974685309723,319.19333899894843
7,23,343.0863350079197,319.23791876369086
7,24,343.0865611336504,319.2720460532049
7,25,343.0943996054232,319.29625492471325
7,26,343.1059175428289,319.3130730628982
7,27,343.11438366971544,319.32886140521003
7,28,343.1130983583506,319.3511825023123
7,29,343.1000851082337,319.38188756024226
7,30,343.07606133996876,319.4186464959155
7,31,343.0433188936329,319.45722772382715
7,32,343.00838422454484,319.4898339952031
7,33,342.97996041940416,319.50780817383065
7,34,342.96463598462327,319.5099152889689
7,35,342.966049790812,319.5004714800758
7,36,342.9836757200913,319.4865806245321
7,37,343.0123336815117,319.47768949914166
7,38,343.0429339952946,319.48116417575204
7,39,343.06455098002124,319.4973900455544
7,40,343.06910399396844,319.5225964361465
7,41,343.0540536174064,319.5499498322799
7,42,343.0231477278442,319.5709758644711
7,43,342.9882374199848,319.5803095451243
7,44,342.96688399435067,319.57630150585936
7,45,342.9715224277176,319.5588933032914
7,46,343.0066943242519,319.52987189555296
7,47,343.07020749112445,319.49327811940685
7,48,343.1500653687798,319.4519904310636
7,49,343.2281311767989,319.4093660792477
7,50,343.292910284146,319.37159350299817
7,51,343.3398209032796,319.343496827526
7,52,343.3660853857219,319.3256847101492
7,53,343.3726781041286,319.31819605474107
7,54,343.3637940877212,319.3199334440849
7,55,343.34304451570677,319.32534262279415
7,56,343.31424314320805,319.33168094778483
7,57,343.282854949471,319.34010199636043
7,58,343.2523296512238,319.35154288713244
7,59,343.22395337678125,319.3652681762314
7,60,343.19731531650626,319.38011638462467
7,61,343.1711214418809,319.3910554422955
7,62,343.1452673000877,319.3924429718954
7,63,343.1225598175309,319.3819585641842
7,64,343.10670270214274,319.3631644178198
7,65,343.100313408119,319.3437994221862
7,66,343.10313963699247,319.33306431796865
7,67,343.1109295384189,319.33906311090226
7,68,343.11810243498417,319.3662969569215
7,69,343.12002050411826,319.4100076645799
7,70,343.11401315955953,319.4590355854899
7,71,343.10061993499824,319.50312339410783
7,72,343.08370713227373,319.5353306878377
7,73,343.0683438273103,319.55219828431365
7,74,343.0576574273084,319.5586821903906
7,75,343.05262745156716,319.5645854790026
7,76,343.0527036451942,319.5757456455869
7,77,343.05600825430616,319.5907904806744
7,78,343.05936577736503,319.60464505093745
7,79,343.06262184825056,319.6116044888355
7,80,343.0682996764674,319.60859242835375
7,81,343.07784115732665,319.59663660280273
7,82,343.09136871185035,319.5828958055946
7,83,343.1090019504976,319.57572468129086
7,84,343.1280675938733,319.57827088872824
7,85,343.1431204682518,319.587873277323
7,86,343.1506747895127,319.60309110164195
7,87,343.150754210698,319.62088468371525
7,88,343.1451752541472,319.6376504430468
7,89,343.13552330383885,319.65306537576146
7,90,343.1244513140091,319.67063954854325
7,91,343.1145794681284,319.6916806949676
7,92,343.1066350998101,319.71747625844586
7,93,343.09925962676067,319.7486493242082
7,94,343.09427418111085,319.78221927116715
7,95,343.0932460374821,319.81168842638766
7,96,343.0958895242016,319.8311460971231
7,97,343.1014573266472,319.8357096251686
7,98,343.11149477624446,319.8242152663747
7,99,343.12439673718643,319.8018716133437
7,100,343.13810305624264,319.777298670621
7,101,343.1508206178973,319.7577616276344
7,102,343.1613284646891,319.74754255387376
7,103,343.1688287565664,319.74704097184156
7,104,343.17592951370165,319.7510070659972
7,105,343.186744427676,319.7530875419068
7,106,343.2046893920166,319.7480830346658
7,107,343.2314798851277,319.7339352804772
7,108,343.2656463054857,319.71179124318
7,109,343.3019551563759,319.68657123113104
7,110,343.3336801216994,319.66283835299646
7,111,343.35679170254696,319.64477098803235
7,112,343.36832403165397,319.63531805618373
7,113,343.36518101585864,319.63432618403243
7,114,343.34645709366345,319.63856972011536
7,115,343.3122097769804,319.6436348616807
7,116,343.2610842328634,319.6445338726262
7,117,343.1964770605796,319.63596500035356
7,118,343.1277602322997,319.61556036653906
7,119,343.0652519710113,319.583257448361
7,120,343.01856184419466,319.54130190133316
7,121,342.99767652963635,319.4937045286766
7,122,343.0040680240806,319.44396031612797
7,123,343.0304931412992,319.3945633643306
7,124,343.06517679995017,319.3494098336825
7,125,343.098030334242,319.31197635450576
7,126,343.1215754502557,319.2831860142074
7,127,343.1365122289422,319.2623860399494
7,128,343.1515502050808,319.24589669771507
7,129,343.17650734052415,319.22839732793403
7,130,343.21494969587434,319.2058726231491
7,131,343.2645892566609,319.177042111411
7,132,343.31716408200725,319.1440108142333
7,133,343.3584864443976,319.11294766806435
7,134,343.38050208020917,319.0882593571489
7,135,343.385655908702,319.07080967399264
7,136,343.3821494069476,319.0600927634299
7,137,343.3792874752207,319.05602454057794
7,138,343.38670682480165,319.05860060720147
7,139,343.4058726598685,319.0711036864212
7,140,343.4278855585439,319.1003327020048
7,141,343.4411485584738,319.14998191757235
7,142,343.437383443064,319.2188193704099
7,143,343.41307711718474,319.30064021915285
7,144,343.3721381815008,319.3834841159167
7,145,343.3268423045118,319.45136921719353
7,146,343.287386060765,319.4949047047968
7,147,343.25737780450083,319.5123771689552
7,148,343.23473851033145,319.50805871354356
7,149,343.2139560452918,319.49149329185605
7,150,343.1895440004347,319.47335154523313
7,151,343.16345304356446,319.45828838193125
7,152,343.1474983920697,319.44379220196595
7,153,343.1549856353582,319.4248708386704
7,154,343.19318333960064,319.3973751109337
7,155,343.260206790896,319.3600255976721
7,156,343.34522696087015,319.3163067902427
7,157,343.42826791677487,319.2749057546943
7,158,343.4932045754978,319.2436966399958
7,159,343.53382525122424,319.2252759391111
7,160,343.550203713853,319.22049141865176
7,161,343.5464224653834,319.22833368483265
7,162,343.53166099502886,319.2442904504992
7,163,343.51284071464426,319.26452931984306
7,164,343.49420212325987,319.28904583116883
7,165,343.48136824256477,319.3154959285735
7,166,343.47812680014596,319.34058158848654
7,167,343.4833532318037,319.365193969842
7,168,343.4960580761742,319.3894584935282
7,169,343.51444433252414,319.40955615698846
7,170,343.5339703429567,319.42363624320154
7,171,343.5511586115155,319.43192805848275
7,172,343.56487915381973,319.4309076231913
7,173,343.5714235613562,319.41871714363083
7,174,343.5665384221494,319.39859443531867
7,175,343.5494593560859,319.37432309966283
7,176,343.5222715179315,319.3473863531126
7,177,343.4914700283671,319.32011103497746
7,178,343.46769570739514,319.2943815260037
7,179,343.4614310239765,319.27012492670906
7,180,343.4777518930724,319.248345062775
7,181,343.5147511869569,319.23172297170856
7,182,343.56326279622436,319.2215383977181
7,183,343.60992019691315,319.21827703657567
7,184,343.6416933899839,319.2227642318296
7,185,343.6507483579257,319.2348602238627
7,186,343.63646508541933,319.2530443552746
7,187,343.6034417584927,319.27494290482514
7,188,343.5599101954015,319.29578193531574
7,189,343.5163502098169,319.3091244101113
7,190,343.4777098946626,319.3095919072802
7,191,343.44521008307294,319.29462393465735
7,192,343.419168025497,319.26663460743345
7,193,343.3981868816834,319.2319766720432
7,194,343.37729960836896,319.1994789205087
7,195,343.3562305858501,319.17605952014065
7,196,343.33657799043425,319.1645222439193
7,197,343.3207295977258,319.16397688151187
7,198,343.3115483194783,319.1737706676003
7,199,343.3108515729509,319.1933480050475
7,200,343.31722973729876,319.2236381305801
7,201,343.3300029475321,319.2638588105916
7,202,343.34618513335954,319.3131411594249
7,203,343.3609003784377,319.36783355913093
7,204,343.36982961083027,319.42058963544247
7,205,343.3709241847529,319.46063246804715
7,206,343.36070696103,319.4842451292631
7,207,343.33896179649264,319.48979945491675
7,208,343.30977571009083,319.4779025997001
7,209,343.2820169744677,319.4523390282023
7,210,343.2632165493761,319.42036639020813
7,211,343.2581393266255,319.3876143261887
7,212,343.26754596132196,319.36180866765875
7,213,343.2901259955957,319.3479078201195
7,214,343.3200423214638,319.34660284635163
7,215,343.3523371052996,319.35624595828574
7,216,343.38548294203275,319.3730375449478
7,217,343.41865193540826,319.38777108152186
7,218,343.4482649835343,319.3950439452829
7,219,343.47274326328727,319.3961150123141
7,220,343.4904032628291,319.3938993513421
7,221,343.49915105392034,319.3900733233853
7,222,343.499162479523,319.38850809169094
7,223,343.49274599531236,319.3920614230722
7,224,343.4814940794989,319.4001400968463
7,225,343.46824161358523,319.41000957397495
7,226,343.4547685125782,319.4208066963046
7,227,343.44062944291204,319.4303406458505
7,228,343.42586825983636,319.43403765907436
7,229,343.4113188202619,319.4284620373643
7,230,343.39549784655577,319.4157913949416
7,231,343.37865744674804,319.3979100366925
7,232,343.3614935229285,319.3776798967931
7,233,343.34369390093906,319.3597516611107
7,234,343.32533332540663,319.34702112468466
7,235,343.30879530598116,319.3370017972139
7,236,343.2957580060836,319.32797369975543
7,237,343.28959511430605,319.31973599934656
7,238,343.29470611740203,319.3108602422801
7,239,343.3136730247332,319.299411000219
7,240,343.34598653488877,319.28493301599167
7,241,343.3890710587403,319.2672178666835
7,242,343.43828607062426,319.2465315218814
7,243,343.48874387516054,319.22558275007174
7,244,343.5356788281511,319.208669148452
7,245,343.57423316187396,319.1996804621984
7,246,343.60113867515844,319.1992667960364
7,247,343.6137169194008,319.20591787366965
7,248,343.60881188321997,319.2179705861875
7,249,343.5851584277867,319.2341349926878
7,250,343.545771712402,319.2533971257208
7,251,343.4954396259959,319.27708055016535
7,252,343.44030533029934,319.30628452026593
7,253,343.3870311329679,319.33849383088545
7,254,343.3403915971784,319.36980079884387
7,255,343.30029373356126,319.3979766813006
7,256,343.265888718209,319.42206980933673
7,257,343.2388030423981,319.44104890835166
7,258,343.2233575563097,319.45482245185747
7,259,343.22986486877716,319.455141247823
7,260,343.27985447048667,319.41202690492275
7,261,343.3984777726707,319.28294314278884
7,262,343.6087248412613,319.03273188686273
7,263,343.9239384576713,318.6515471057392
7,264,344.31960260789634,318.18670630309936
7,265,344.7413721549997,317.74882495007625
7,266,345.1248991424373,317.46098464724474
7,267,345.41342483345284,317.4031568504396
7,268,345.5656477170796,317.60227302595257
7,269,345.5972505691046,318.00644217930716
7,270,345.54731987425623,318.5063203880314
7,271,345.4628049361751,318.99054810837
7,272,345.3758448049699,319.4017518642339
7,273,345.3095289470924,319.71583749752597
7,274,345.2672435115071,319.9336114519726
7,275,345.2515150360162,320.067767095544
7,276,345.24611932300195,320.14818421776255
7,277,345.23285847982737,320.21025422480614
7,278,345.19550202057746,320.28237976423316
7,279,345.12173155947454,320.38843829352317
7,280,345.0123971798271,320.5402411468065
7,281,344.897354432156,320.7181320523759
7,282,344.810145650842,320.8704211424478
7,283,344.7799564144222,320.95837410575035
7,284,344.82110049424716,320.96516653571655
7,285,344.91910987009567,320.9044816410364
7,286,345.03879146495154,320.81899428172494
7,287,345.1588270272858,320.7542071063329
7,288,345.25715741082524,320.7358606198254
7,289,345.30025564616994,320.77033861657196
7,290,345.270875959466,320.8395499857319
7,291,345.17179158547134,320.9170632174172
7,292,344.9986585538602,320.98708411873554
7,293,344.7576142814056,321.04314105302427
7,294,344.4893799589789,321.08713126702906
7,295,344.2384749699191,321.1378183245047
7,296,344.03433253336004,321.19892078279963
7,297,343.8933624582162,321.2655769678519
7,298,343.8151923127443,321.3323297752193
7,299,343.77139612180713,321.39673676176284
7,300,343.7241175497135,321.44273619245126
7,301,343.6417154706616,321.4653537010864
7,302,343.51040400375524,321.4665601588779
7,303,343.338739993549,321.44811817498476
7,304,343.1579509477217,321.40580602810246
7,305,343.0007943027512,321.3417887404012
7,306,342.8910108797503,321.25586671486786
7,307,342.84366437331374,321.1518290336912
7,308,342.8611413981434,321.04146047545623
7,309,342.93047642025715,320.9401729580303
7,310,343.0356346327003,320.8599708994882
7,311,343.1633483376364,320.8149813092141
7,312,343.2955827046643,320.81744094903456
7,313,343.4062362804758,320.86800235553824
7,314,343.47838668202695,320.95808780827446
7,315,343.5130480446457,321.0797663956618
7,316,343.521187042734,321.21995436588776
7,317,343.52078973415007,321.3508237899811
7,318,343.5343620171772,321.45037624492517
7,319,343.57213719064015,321.5112089680525
7,320,343.6247477089301,321.53380516616477
7,321,343.67336222286343,321.5265886722376
7,322,343.7028580011974,321.5101308540147
7,323,343.709416727038,321.503498479359
7,324,343.69874510849263,321.52240091231204
7,325,343.68319276297325,321.5738933391158
7,326,343.67487198840547,321.6536341178027
7,327,343.6796331089448,321.7496808557977
7,328,343.6947686509033,321.8508495951047
7,329,343.71693918031616,321.9391106013363
7,330,343.7450628862672,321.99814459023344
7,331,343.7860018755847,322.0275900036273
7,332,343.85083997561134,322.0416571427457
7,333,343.94365770285657,322.054521300527
7,334,344.05051939925283,322.0778299237586
7,335,344.1513024420572,322.11582915544653
7,336,344.2198560079064,322.15846446728614
7,337,344.2324492718346,322.1873679780476
7,338,344.18087839088594,322.19175082154663
7,339,344.08595073450516,322.1748595163183
7,340,343.9732855163346,322.15060284912215
7,341,343.8682258647784,322.1357617989859
7,342,343.7909976613661,322.13853283518483
7,343,343.75898904646596,322.14878158798916
7,344,343.77582420367366,322.1485324640742
7,345,343.8435721496247,322.11949717218823
7,346,343.9643414345835,322.0463141634473
7,347,344.1263047804841,321.92828070043765
7,348,344.302473954889,321.78537766985124
7,349,344.4427062314964,321.6512953796252
7,350,344.39285812138667,321.61915988590886
7,351,344.156817845442,321.693673319321
7,352,343.89856392956176,321.7851122707404
7,353,343.68592186807825,321.85650850609863
7,354,343.55903962201376,321.8853551102152
7,355,343.5302196495292,321.86177250993086
7,356,343.58903194863024,321.79203516888543
7,357,343.6684901372047,321.7158608713355
7,358,343.82212887652906,321.60480426897414
7,359,343.9312118359052,321.5241105569769
7,360,343.9605963947527,321.4912710006535
7,361,343.9323357763801,321.47999429072934
7,362,343.94972029673414,321.4189860903774
7,363,344.0065226997567,321.29924713400834
7,364,344.02343284846194,321.17750502149204
7,365,343.98562444213167,321.085904312622
7,366,343.92234266509143,321.04368846030695
7,367,343.881955220279,321.04708143136713
7,368,343.91186246992635,321.07539948753913
7,369,344.0803827320654,321.07108142634104
7,370,344.25620349495904,321.0908924436177
7,371,344.37311948919444,321.1404575635003
7,372,344.435204269576,321.19335195604447
7,373,344.5427794605482,321.1793020378001
7,374,344.574549770583,321.1447223321499
7,375,344.49628408846803,321.09562961634964
7,376,344.3261111571737,321.0129384440322
7,377,344.1329397617157,320.8550557969867
7,378,344.056044580067,320.54757986282016
7,379,344.0920021589753,320.1269435030023
7,380,344.1836204543256,319.676801645263
7,381,344.2547742419497,319.29067466422447
7,382,344.191269170732,319.06443876669186
7,383,344.0686544722839,318.96636207195
7,384,343.92543010867973,318.96626279670903
7,385,343.78448212779057,319.0321127183454
7,386,343.6510296047278,319.14550928943714
7,387,343.53775290924784,319.2751852788431
7,388,343.46716567012135,319.3828418022933
7,389,343.43706986187794,319.4573854474136
7,390,343.4301545035229,319.4974454463611
7,391,343.44580131650326,319.48392727350495
7,392,343.47746581294973,319.4130553972831
7,393,343.5034123116533,319.30397860987466
7,394,343.5208881055104,319.17991797190814
7,395,343.54789576437895,319.0717891163478
7,396,343.5847722360442,319.01100734627124
7,397,343.61686127862555,319.01153918406055
7,398,343.63899420024296,319.05959920828366
7,399,343.64897272898577,319.1243694908666
7,400,343.65113473157885,319.15802554870135
7,401,343.6570588055377,319.12385546096425
7,402,343.6839914508397,319.01394427775296
7,403,343.7392782798333,318.8488883369182
7,404,343.82684134683774,318.6461548212544
7,405,343.94138423350427,318.4216324339745
7,406,344.07106055655476,318.1933442894632
7,407,344.2028761015214,317.96762217687825
7,408,344.3285885868691,317.744005122731
7,409,344.4281291498089,317.54944027856845
7,410,344.4796016304362,317.4291292769028
7,411,344.4861916841817,317.39439726966026
7,412,344.46391004837244,317.43626487541246
7,413,344.4165089482813,317.5433714696429
7,414,344.34707791770273,317.6975014533856
7,415,344.2717631645345,317.8585186147312
7,416,344.19760647122,318.01068076277465
7,417,344.1322645833576,318.1473582847454
7,418,344.1005232780795,318.2407842727412
7,419,344.1252431229745,318.2442405813916
7,420,344.19662417104917,318.142164121977
7,421,344.2860420579979,317.94452817430187
7,422,344.3518365343333,317.68559352363263
7,423,344.35162428617554,317.43538727757954
7,424,344.2689778282862,317.27384171758945
7,425,344.13195984313836,317.23693146904174
7,426,343.9891156429005,317.3168425841327
7,427,343.88464087303055,317.47390433114316
7,428,343.8429441038044,317.6461875127181
7,429,343.8671865398561,317.77942933581807
7,430,343.92830067962075,317.8547915564967
7,431,343.99117918922286,317.86850237724605
7,432,344.0479534599132,317.82105827933566
7,433,344.1309142497571,317.7113221663007
7,434,344.25340085958476,317.53647962095187
7,435,344.4037945983979,317.3014860868693
7,436,344.56106532666763,317.03149957322546
7,437,344.69030936116,316.7764336144779
7,438,344.7230009299521,316.5994303326797
7,439,344.6453491670599,316.5439009106426
7,440,344.5110353418946,316.6173062762709
7,441,344.3667707760104,316.8097480111158
7,442,344.2316169324649,317.0870054609784
7,443,344.1349901521149,317.39456580178216
7,444,344.0772757047631,317.67933117876134
7,445,344.032589232637,317.8995993065546
7,446,343.9991591054761,318.0099343843918
7,447,343.9952000313311,317.99690783274497
7,448,344.03774929538065,317.8783066596889
7,449,344.1413935003537,317.68966619304933
7,450,344.2993621919509,317.47891224138397
7,451,344.48208619182304,317.3022531327372
7,452,344.67104182835794,317.18386163979767
7,453,344.8558244175762,317.1209782634743
7,454,345.02486646408664,317.0912045039729
7,455,345.16849712007536,317.06132236743474
7,456,345.2849190844339,317.00570274368266
7,457,345.3718213524157,316.9095118414617
7,458,345.4185233336002,316.76459581541775
7,459,345.4183429333669,316.59251990545897
7,460,345.39652395721146,316.4233569437108
7,461,345.37756507739533,316.28727193938136
7,462,345.3606025732017,316.2215384544949
7,463,345.3394977955233,316.2607222708919
7,464,345.31703804352134,316.39781958710887
7,465,345.28385507738443,316.60807749422383
7,466,345.24454162381215,316.8432338930649
7,467,345.2284003037288,317.04708980391183
7,468,345.26784422666157,317.18260015261245
7,469,345.35875991512114,317.2581213133046
7,470,345.46528126052937,317.298532650858
7,471,345.54933661713125,317.3336939697866
7,472,345.5830087134869,317.3870561783685
7,473,345.54391934925746,317.46498146696257
7,474,345.4374293219791,317.5518938942105
7,475,345.30317433317384,317.62751950215994
7,476,345.1686663233777,317.6815774025407
7,477,345.03146998470396,317.71442733094375
7,478,344.882757989775,317.7335240229931
7,479,344.7166171599065,317.7572880795537
7,480,344.5269377425958,317.807531478052
7,481,344.3250244882197,317.90102077660686
7,482,344.1396665672709,318.0417191799773
7,483,343.9994036601941,318.2181784733794
7,484,343.9332516194288,318.38782344906434
7,485,343.9538083686774,318.49686750985603
7,486,344.04094445755237,318.50475195438065
7,487,344.1545604207658,318.3972229879138
7,488,344.2533500818723,318.1946373747881
7,489,344.29226264066205,317.95522036137373
7,490,344.2368224323624,317.75624934557027
7,491,344.0855871421628,317.66095138454324
7,492,343.8762905660949,317.6980614432887
7,493,343.6726057816309,317.8446499087009
7,494,343.5224655451896,318.0550778738625
7,495,343.44418075206556,318.26679285964843
7,496,343.43487291060563,318.4185289731548
7,497,343.45598721063334,318.48584402896273
7,498,343.43925009738626,318.48701489646606
7,499,343.33661562913466,318.44157373998615
7,500,343.1436266938819,318.37805334391226
7,501,342.8779489609518,318.33639976797497
7,502,342.59831002189054,318.3236933562
7,503,342.38115409016586,318.3276806079752
7,504,342.2784656187325,318.35667174903716
7,505,342.31312831759783,318.410561115724
7,506,342.49599105970253,318.45301892534013
7,507,342.78907948993526,318.45873296944427
7,508,343.11847694649697,318.4266843583626
7,509,343.42850215610656,318.3470136711262
7,510,343.6812115758391,318.2245445305761
7,511,343.8360330586401,318.1018476192713
7,512,343.88598460471223,318.01694866788455
7,513,343.86905033907107,317.9698820109502
7,514,343.83363121835083,317.93566944344593
7,515,343.8147865905665,317.88581582414906
7,516,343.84535203687034,317.7959627353086
7,517,343.9206338900703,317.6710944943758
7,518,343.99985222244374,317.55185881769137
7,519,344.0370591506742,317.50402829088375
7,520,344.0152593657343,317.5615887544027
7,521,343.92604385456855,317.7233356193001
7,522,343.79461010943805,317.94478120006664
7,523,343.67576255076864,318.1556613133489
7,524,343.61468067502926,318.2884020281029
7,525,343.6224817894054,318.31857920571855
7,526,343.70896800759783,318.2430079307994
7,527,343.87071789619625,318.0944759964518
7,528,344.0708025285138,317.9275830785936
7,529,344.261556451388,317.78066981004736
7,530,344.4028138028056,317.6759969184748
7,531,344.4594243095774,317.6407314920976
7,532,344.4109644422822,317.6823227531551
7,533,344.2755896044469,317.78594079381844
7,534,344.10218815297367,317.9313499447
7,535,343.9482954660325,318.0918380001664
7,536,343.8358234823461,318.24667312654924
7,537,343.76348953199005,318.37167339750175
7,538,343.711865743522,318.4506292637408
7,539,343.63840097802324,318.49992323639987
7,540,343.4895137837466,318.55566604333643
7,541,343.2617024789457,318.62872791044094
7,542,342.9870131530395,318.7297358020809
7,543,342.7099718871968,318.86811378574214
7,544,342.48554971051635,319.0248549284534
7,545,342.37976381587526,319.15824653952365
7,546,342.4245747809813,319.2414573412512
7,547,342.61038924857115,319.2632380662865
7,548,342.89664015025903,319.22426021170645
7,549,343.22824862216123,319.13525880297743
7,550,343.5315954174104,319.0227634239947
7,551,343.72787381790397,318.9261640259078
7,552,343.7643497304367,318.87798357316444
7,553,343.6403916639646,318.888557183249
7,554,343.3996151657851,318.9552617935898
7,555,343.12549519674076,319.0579330619395
7,556,342.9261745277606,319.15607678953563
7,557,342.8823814212452,319.2170535828978
7,558,343.0203994091834,319.227738197967
7,559,343.3156992700205,319.1856192848451
7,560,343.6909731144511,319.1099048494503
7,561,344.0518345058872,319.03459923919695
7,562,344.31907487015985,318.98832775935165
7,563,344.43300304346394,318.9925585639387
7,564,344.35848414067226,319.06877452046217
7,565,344.11735744985594,319.213659673929
7,566,343.762108917709,319.40458238922514
7,567,343.36379853151,319.60784912939783
7,568,342.9946472522761,319.79550862088
7,569,342.7159738474054,319.94064448643974
7,570,342.5513186939257,320.0339667862801
7,571,342.49127420508665,320.08189165122883
7,572,342.504947520881,320.1043730975986
7,573,342.55824260597393,320.1159837354827
7,574,342.6121333266791,320.1337875373822
7,575,342.6316497382723,320.17109173101824
7,576,342.5974796637125,320.23317888929506
7,577,342.51637087751755,320.3159488787957
7,578,342.42205907173036,320.41056463434603
7,579,342.3648004961339,320.4983502933449
7,580,342.39555352043016,320.55392263712577
7,581,342.54439138328917,320.55512960113333
7,582,342.79375635535547,320.4897889675057
7,583,343.078429484546,320.36426777717526
7,584,343.31971924300075,320.2016708217513
7,585,343.44859495616106,320.03448660468473
7,586,343.43339721841545,319.8892731239939
7,587,343.2978444774158,319.77722440680805
7,588,343.10656822148474,319.68313100851555
7,589,342.9342579652844,319.58242860144946
7,590,342.8406271948709,319.45952885196334
7,591,342.8539905416836,319.31165237626334
7,592,342.96260298311614,319.14589207409
7,593,343.12699322637684,318.9885483782445
7,594,343.30460030870114,318.8691879930546
7,595,343.4684746204932,318.8012554419051
7,596,343.6088674895283,318.7818939731873
7,597,343.73213257676383,318.80358625581755
7,598,343.8589599853476,318.84876699433516
7,599,344.0077542133862,318.8954223176012
7,600,344.18911304461415,318.91951290577157
7,601,344.39249898401715,318.9042770609942
7,602,344.59959022074975,318.8371804992362
7,603,344.78222584170334,318.7180468757606
7,604,344.9056434928397,318.55141666223943
7,605,344.94638567846505,318.3549565998247
7,606,344.90996522680234,318.16261205905755
7,607,344.808415297593,318.0169122667059
7,608,344.6685779655579,317.94771456273736
7,609,344.53499055098024,317.9677057277023
7,610,344.44083437790107,318.0714446760166
7,611,344.4012308190316,318.2260135135659
7,612,344.4305571390394,318.38655415370147
7,613,344.52636792977614,318.5227128302859
7,614,344.65844014475744,318.6225260154561
7,615,344.78613295024354,318.67497769591967
7,616,344.8750053250975,318.6784723893045
7,617,344.9057223376183,318.63132126321125
7,618,344.8751547444915,318.5260794761215
7,619,344.80419481664126,318.354015329557
7,620,344.7244518189012,318.12994570867625
7,621,344.66835218964025,317.88898124369325
7,622,344.6463889202498,317.68470593003934
7,623,344.66531880677564,317.5552997203809
7,624,344.72482020996716,317.5195055476679
7,625,344.8134556341337,317.5751858966128
7,626,344.9081990864755,317.689192286351
7,627,345.00250562086484,317.8050463889262
7,628,345.0919138433456,317.8906716970071
7,629,345.16937285144445,317.9421791903979
7,630,345.243196993304,317.9614281701502
7,631,345.3185778960438,317.9760327251756
7,632,345.3935738699044,318.023646423648
7,633,345.47636645677665,318.106240106498
7,634,345.55802826505135,318.2144627245717
7,635,345.5979492094085,318.35542897010833
7,636,345.5733990074538,318.5207342934847
7,637,345.4753784689118,318.6827586456012
7,638,345.2812269504694,318.83912370681315
7,639,345.01291215753076,318.9894471050855
7,640,344.7556892587006,319.10481325474734
7,641,344.5907596643363,319.16203214680456
7,642,344.5679917324603,319.1629771297671
7,643,344.7137398215571,319.1121089074239
7,644,345.00830569974374,319.0084533566437
7,645,345.3708434666348,318.8745570372264
7,646,345.7129997927566,318.72964025055666
7,647,345.96646837196715,318.5920777806161
7,648,346.09501335607,318.480486460937
7,649,346.09076163431166,318.4123692358714
7,650,345.9805296557067,318.39114647544164
7,651,345.8121705509479,318.422635114019
7,652,345.6371945397808,318.4993771330922
7,653,345.49628116120743,318.5954978212239
7,654,345.42377366117006,318.6790775425314
7,655,345.4309471838252,318.7323780422796
7,656,345.4860328132265,318.7517157787766
7,657,345.53944915369857,318.74959371734485
7,658,345.54974183160704,318.75583542949664
7,659,345.4692873853807,318.8089436050994
7,660,345.27496987219723,318.9255887404139
7,661,345.00984892858634,319.0938177416477
7,662,344.7564289045134,319.2782769586471
7,663,344.56983077611915,319.437834791083
7,664,344.48852048479336,319.5392182979714
7,665,344.53470307445053,319.5753780172367
7,666,344.6827209398805,319.5610491554461
7,667,344.85791170730585,319.5284007604472
7,668,345.01076069968644,319.5039016927732
7,669,345.10675457058466,319.5006791088951
7,670,345.1201786880834,319.5121356717138
7,671,345.0490562196876,319.53137070512304
7,672,344.9117795518921,319.5624135764689
7,673,344.70779058458436,319.6271600143393
7,674,344.4682137219385,319.74201887123576
7,675,344.24147638134764,319.9137400774898
7,676,344.05558613017786,320.1297246488274
7,677,343.9295237789587,320.35303023368965
7,678,343.8993351915695,320.53285323839197
7,679,343.9514685030634,320.6489935537538
7,680,344.03490490970063,320.71201282303474
7,681,344.1136625577449,320.74390376122983
7,682,344.15589635798796,320.78505750433015
7,683,344.1194239692725,320.8867825889398
7,684,343.99164438883747,321.070741652108
7,685,343.791564110829,321.32523274770034
7,686,343.5453024474996,321.6194161848009
7,687,343.2934998268467,321.90286296418896
7,688,343.07913887098044,322.1189594511036
7,689,342.9283961987183,322.22996278461557
7,690,342.84729059082326,322.22630530288245
7,691,342.82517525351926,322.1324701405787
7,692,342.83877898272965,321.99423327947596
7,693,342.8624295888927,321.85630906702517
7,694,342.8751771207187,321.75601440057875
7,695,342.8729037198377,321.7162537942937
7,696,342.87465129486384,321.7337313070551
7,697,342.90359366665314,321.7802924809801
7,698,342.98941249544055,321.8150083996569
7,699,343.16434390116694,321.78701101931756
7,700,343.4499075877117,321.65487110890814
7,701,343.82651617115783,321.4050877153469
7,702,344.2612692074839,321.05580597223985
7,703,344.7143933347468,320.6524659086557
7,704,345.13968731419436,320.26103576430114
7,705,345.481220041185,319.9331226935481
7,706,345.71663589739524,319.68933289107696
7,707,345.8470142766848,319.52179409781803
7,708,345.8865493742624,319.39786997979996
7,709,345.86520878360386,319.2605755786162
7,710,345.814932791371,319.0731951914385
7,711,345.7599255269921,318.8244135422087
7,712,345.71165863028125,318.5323100952114
7,713,345.66420471315257,318.23678930097026
7,714,345.588836231381,318.003553687645
7,715,345.4729182430625,317.87930622234876
7,716,345.311556677166,317.88978778634055
7,717,345.1080400040956,318.026927831512
7,718,344.88284003641115,318.2561408619
7,719,344.66015494549606,318.52491056895246
7,720,344.47232986574767,318.7817967738808
7,721,344.3468732832478,318.9818929934002
7,722,344.2995432045322,319.1011599060761
7,723,344.31626430932465,319.1475870939044
7,724,344.3906573641988,319.13212862783394
7,725,344.49250327748496,319.07732959079186
7,726,344.58664284439857,319.0186812931758
7,727,344.6489952927194,318.98768018778156
7,728,344.68755124620014,318.98997794116326
7,729,344.70766022318173,319.0309945396422
7,730,344.70744276816987,319.11257960226493
7,731,344.681673586068,319.22687309029936
7,732,344.63174774086656,319.3586705386295
7,733,344.55261408169116,319.50139647122217
7,734,344.4323985271659,319.6484295408689
7,735,344.270431728329,319.77991802285476
7,736,344.0907548154197,319.86678571347227
7,737,343.94166603683897,319.8721694133646
7,738,343.8849203377778,319.7646617717268
7,739,343.9655834673705,319.53628040063825
7,740,344.19780954635206,319.2118959667563
7,741,344.5402343821548,318.8373141635604
7,742,344.8887010746006,318.4914420466757
7,743,345.1222314072026,318.2352780543285
7,744,345.1698918717662,318.09800584417997
7,745,345.04219731216693,318.07211589990874
7,746,344.8272411856769,318.09514405591716
7,747,344.6430143688791,318.1153841198658
7,748,344.59068878479553,318.1000412053265
7,749,344.7301894001729,318.03323539915726
7,750,345.0230477988158,317.9125324155785
7,751,345.36018914875007,317.764818394128
7,752,345.6457521046751,317.6310386316666
7,753,345.80610726650235,317.5523605000159
7,754,345.78298675907314,317.5627480382092
7,755,345.58771075830634,317.669308589257
7,756,345.288416046918,317.837554051865
7,757,344.94599009775914,318.02265595715227
7,758,344.60142060984646,318.1873237280292
7,759,344.28768276349325,318.3169770904576
7,760,344.0222674158589,318.42274502123126
7,761,343.7975249648698,318.53678546227076
7,762,343.62459801828584,318.6783065069149
7,763,343.51839374340244,318.8601138766255
7,764,343.50290683131385,319.06502670320344
7,765,343.5806808694791,319.2510253534996
7,766,343.74223120828617,319.3840261798442
7,767,343.95129276042275,319.4451925192189
7,768,344.16557358408176,319.4733716809039
7,769,344.33086458354484,319.4698501610134
7,770,344.40557178676164,319.44384126420897
7,771,344.36861185466444,319.40443164664003
7,772,344.23041674839743,319.3527356048662
7,773,344.03001026287194,319.29632797233234
7,774,343.8011815158312,319.25831078561237
7,775,343.56469289503116,319.26554520811845
7,776,343.32999527484014,319.3383447982405
7,777,343.10255656665436,319.48265741830255
7,778,342.87954638353034,319.6856638223907
7,779,342.68274384754994,319.9205893649763
7,780,342.5455530125089,320.16621879721765
7,781,342.5043828370802,320.42231285837715
7,782,342.5815267710261,320.67777384216225
7,783,342.7635831815627,320.913633424674
7,784,343.0097154948483,321.11578685510494
7,785,343.27494116472394,321.25967192769735
7,786,343.5114198771156,321.31139425046257
7,787,343.68035694489305,321.2680844541734
7,788,343.7728794021055,321.15936820809986
7,789,343.7823962731631,321.0352319872743
7,790,343.6987615662067,320.9522350663384
7,791,343.5223324314583,320.9472436460531
7,792,343.27097510543854,321.0291477484169
7,793,342.9719967622452,321.1854146964272
7,794,342.67665037308603,321.3737218045721
7,795,342.44505375757063,321.52952542638616
7,796,342.32091168851076,321.5938820588698
7,797,342.31458231269545,321.52970061589497
7,798,342.4102208738839,321.32688693704944
7,799,342.5672948270919,321.01567213439375
7,800,342.74422508605954,320.65351837376545
7,801,342.9121867909316,320.31118584380795
7,802,343.0578569798724,320.05185850268555
7,803,343.17185121659486,319.91975308181827
7,804,343.26348307532635,319.91128446054245
7,805,343.33077197925724,320.00456868738564
7,806,343.36649094351685,320.1634479629202
7,807,343.37277022021993,320.3387056590542
7,808,343.3746294014241,320.462518623884
7,809,343.3840933637775,320.4891832879043
7,810,343.4095127001864,320.399676332706
7,811,343.4538780015745,320.20547896904816
7,812,343.5149281960636,319.94444369193167
7,813,343.58229534596404,319.67605250094186
7,814,343.6532534501558,319.4587754733168
7,815,343.740560577815,319.3291369372186
7,816,343.87023418034124,319.2790746513808
7,817,344.06721185853104,319.2641103015185
7,818,344.3360582468315,319.24490867668715
7,819,344.65821149298637,319.19691419031244
7,820,345.00447085684675,319.0999344062033
7,821,345.33079306120266,318.9745606367517
7,822,345.5781526389013,318.88203944653065
7,823,345.69368123119574,318.8660420203494
7,824,345.6693591790507,318.9185858835471
7,825,345.5303663687091,319.02534944777005
7,826,345.3122813021722,319.16078752959174
7,827,345.04412849053506,319.2918182629119
7,828,344.7609481696343,319.4046243487563
7,829,344.47713677248737,319.5373934396647
7,830,344.18383261738336,319.7289120937166
7,831,343.87310325886256,319.9904800265687
7,832,343.556478287204,320.30611766757045
7,833,343.25650021781587,320.6401803652504
7,834,342.9984069037613,320.9408309073071
7,835,342.80057480399734,321.1717611696209
7,836,342.6674147374481,321.3294984127316
7,837,342.6023906770414,321.42984811463396
7,838,342.5875051423214,321.4989433384749
7,839,342.5886404956048,321.5605262411217
7,840,342.5821658320957,321.6112073423348
7,841,342.577087178347,321.60516333994315
7,842,342.5960272142394,321.47070128370103
7,843,342.66013251773944,321.14146665800325
7,844,342.7850617361261,320.5836196172589
7,845,342.96705467661485,319.82638823918836
7,846,343.166222536128,318.9857301148932
7,847,343.32984288586687,318.2335600927304
7,848,343.3813085541575,317.74320935946196
7,850,343.49693223101866,317.60234767382406
7,851,343.60840197238167,317.91508789697855
7,852,343.6204852560555,318.4141764589601
7,854,343.7202734677067,319.26213843102664
7,856,343.9975514106544,319.8368693366728
7,857,344.1591847708974,320.06680752456816
7,858,344.25636342958455,320.2325837116576
7,859,344.2896681924173,320.34784850823803
7,860,344.26543142207436,320.44580346936834
7,861,344.18734812400066,320.5312005561612
7,862,344.05747950618695,320.59798384085514
7,863,343.8857922842797,320.64079572838256
7,864,343.6936436375226,320.6534385445387
7,865,343.53020963198105,320.6139003024281
7,866,343.4528639196886,320.52257818497037
7,867,343.48306044796277,320.4141475851296
7,868,343.6012626179032,320.3318656097924
7,869,343.7657620478113,320.3019050090295
7,870,343.9133891735355,320.3527790019554
7,871,343.9793241148936,320.5038257917178
7,872,343.9418241598871,320.7428053464776
7,873,343.8174965040751,321.037761544098
7,874,343.6437829013701,321.3592905487326
7,875,343.4645574015581,321.67002494798646
7,876,343.3195711009553,321.92136043723474
7,877,343.22718994033323,322.0701354219192
7,878,343.1855231788169,322.11226544426063
7,879,343.17123553132916,322.06771312509653
7,880,343.15612734067116,321.97134650666203
7,881,343.12431095746325,321.86478110668594
7,882,343.08056841681014,321.7840960939162
7,883,343.0436190907724,321.72295809712324
7,884,343.0353184943266,321.6536874891887
7,885,343.07288076823767,321.53645976266233
7,886,343.15352748485407,321.33191408086446
7,887,343.25684675969944,321.0073602592086
7,888,343.3688321868605,320.5368037049701
7,889,343.4948752965126,319.9161645355228
7,890,343.64058894377473,319.19424728182713
7,891,343.8203685428152,318.45889591865375
7,892,344.03972299086104,317.8206082455156
7,893,344.26927086471363,317.4040809035914
7,894,344.4651427844179,317.289460617796
7,895,344.60198274945856,317.46820937816454
7,896,344.65747170399135,317.8624023124121
7,897,344.63623595737414,318.35386037418283
7,898,344.58430798127046,318.8006985112817
7,899,344.54162226767005,319.0922179629489
7,900,344.52894556032146,319.18274388208255
7,901,344.55947518519184,319.0878422495144
7,902,344.6255417990529,318.86176775455795
7,903,344.69753153231176,318.5950526198405
7,904,344.7609125161592,318.37769252754026
7,905,344.80720014013184,318.27135535052815
7,906,344.8279513322748,318.29397714646825
7,907,344.8234133917804,318.42577747531647
7,908,344.7914503032735,318.6321290086
7,909,344.71772031023477,318.881943703907
7,910,344.59000507242996,319.1550930414189
7,911,344.4273210453717,319.4387616434728
7,912,344.26205179250474,319.7302439460103
7,913,344.1328641211479,320.0116610684488
7,914,344.0715739748499,320.2530617002443
7,915,344.09272552259694,320.4249527591735
7,916,344.1638165110612,320.52246364488053
7,917,344.2232722547725,320.55958842524245
7,918,344.2233043500683,320.5556720731122
7,919,344.1470690846735,320.5340803790095
7,920,344.006110598013,320.51295500163235
7,921,343.84662230325546,320.49793493426847
7,922,343.72663907832873,320.4907895622112
7,923,343.66243455126335,320.51648668039627
7,924,343.62998936171044,320.6031954991336
7,925,343.6048724237841,320.74797711848004
7,926,343.57264068869415,320.89352491634355
7,927,343.5423534182825,320.9517196955727
7,928,343.56723837070126,320.81907764629824
7,929,343.71315295679915,320.41773626893684
7,930,343.98155646372635,319.7683231423777
7,931,344.29746703649533,319.01245834969654
7,932,344.5606777717945,318.33331456380836
7,933,344.6825557212539,317.8825312920567
7,934,344.6357918279048,317.7483429216167
7,935,344.4656785089297,317.9160673352984
7,936,344.28241575455223,318.26457259016075
7,937,344.1789827801045,318.65799229679743
7,938,344.180839204486,319.00509833670833
7,939,344.2484464369225,319.2661162194125
7,940,344.32673761436945,319.4455760513611
7,941,344.3469542590303,319.59237594899406
7,942,344.26086024070315,319.72666164337005
7,943,344.0867768066235,319.82915683002443
7,944,343.8830125672619,319.88085632016447
7,945,343.6847779452869,319.87199495106864
7,946,343.5150010769627,319.79954833713276
7,947,343.388936666665,319.70408970408596
7,948,343.28484546997,319.6589090365621
7,949,343.1748847385995,319.6997877335886
7,950,343.0621884740192,319.83951151373185
7,951,342.9654623573705,320.06661819073787
7,952,342.90525138696694,320.3390734474874
7,953,342.8973647562811,320.60634681743477
7,954,342.9423100637985,320.8505331060226
7,955,343.02209003578463,321.0461683762827
7,956,343.1155487870825,321.17001847135936
7,957,343.2060817487459,321.2137082265605
7,958,343.2875296879127,321.1748673093603
7,959,343.34912575572355,321.05730748925333
7,960,343.38254478596616,320.90375200731864
7,961,343.38586637732647,320.76704819047563
7,962,343.3566760333192,320.6860256253692
7,963,343.29064511450196,320.6771763070057
7,964,343.18644049472056,320.7434698437169
7,965,343.04351585451536,320.8639603676239
7,966,342.86476663728564,321.00845610915945
7,967,342.6754080425325,321.1428107556373
7,968,342.52588497510766,321.22954618810246
7,969,342.48014779422067,321.20852562451705
7,970,342.5811254309107,321.0228374957001
7,971,342.83382776974383,320.6599104711586
7,972,343.19669742727433,320.1585704630273
7,973,343.58278167120625,319.6115579028032
7,974,343.8969458355543,319.1657945240163
7,975,344.07717090267647,318.9676943668216
7,976,344.1059662965056,319.07886126018695
7,977,344.0107624014579,319.46508866699764
7,978,343.8616807297861,320.00849832196775
7,979,343.7201152572267,320.5510218581787
7,980,343.61452979654973,320.95244942622577
7,981,343.54393403211134,321.1414877914791
7,982,343.48241496039253,321.1221993252908
7,983,343.38200439288033,320.9734991961565
7,984,343.21984721603866,320.78856281607176
7,985,343.00480450468103,320.6255134629429
7,986,342.768937483889,320.51185668926877
7,987,342.53664600206974,320.4682470494915
7,988,342.3463751224186,320.4737857874193
7,989,342.23429199562935,320.48698031090976
7,990,342.2215553005066,320.49651784833975
7,991,342.2896606451007,320.5185205642518
7,992,342.4270202613501,320.55121972422177
7,993,342.6009687042403,320.5984383328436
7,994,342.7670976808522,320.66853405389077
7,995,342.8957941600699,320.73900155647067
7,996,342.9993450506844,320.7721675579543
7,997,343.09229092235006,320.7476131248465
7,998,343.2027158276089,320.6546082147821
7,999,343.3460628193968,320.4994636138302
7,1000,343.50934920089963,320.3188249184193
7,1001,343.6577130394508,320.1427088941206
7,1002,343.7583183327021,319.99174107320084
7,1003,343.7690579889568,319.89329941400865
7,1004,343.67037790084026,319.8679824206101
7,1005,343.46911902992815,319.9097081951753
7,1006,343.19712397850606,319.9992312942293
7,1007,342.89231358839174,320.10187840475174
7,1008,342.5914558365927,320.17762939676584
7,1009,342.31472638191644,320.1969979566785
7,1010,342.0785623765252,320.1645715172535
7,1011,341.8903698339688,320.10670873326745
7,1012,341.7629099495053,320.0488193816178
7,1013,341.7179135563123,319.9964278039601
7,1014,341.7807963400173,319.9457738149809
7,1015,341.9558961191964,319.8857620834885
7,1016,342.2092178512937,319.8233693562519
7,1017,342.49200411465233,319.7835186626409
7,1018,342.7644301292276,319.7975024601054
7,1019,342.9825716437422,319.8948031211321
7,1020,343.1248098519363,320.06413600849436
7,1021,343.2209244520622,320.2370101990796
7,1022,343.3004453994275,320.34681068511003
7,1023,343.3775286173346,320.35285214118306
7,1024,343.46980293875106,320.22435651320296
7,1025,343.57737027593174,319.974828455415
7,1026,343.6784497297176,319.6726138114953
7,1027,343.7624831591653,319.3863803265381
7,1028,343.83617391749476,319.15925561382204
7,1029,343.9117928170426,319.0058767640606
7,1030,343.9999477901545,318.9223330834373
7,1031,344.10058365509593,318.88684078480395
7,1032,344.20253157659397,318.87307579666276
7,1033,344.28008799898043,318.8636007981583
7,1034,344.3077842380545,318.87371035456505
7,1035,344.28067079673093,318.9208975493035
7,1036,344.2125113884905,319.00821644583846
7,1037,344.1198816661136,319.12754967063086
7,1038,344.0217579919401,319.27391848814864
7,1039,343.92867918942477,319.4273416282828
7,1040,343.8398596989958,319.564058474198
7,1041,343.7425003409037,319.6790243546269
7,1042,343.6220136084327,319.7884423062425
7,1043,343.4687004115703,319.9082529203112
7,1044,343.2894554631635,320.051364089683
7,1045,343.10448884561987,320.22212107342745
7,1046,342.93630040207523,320.4079199008949
7,1047,342.80888159360074,320.58136054053335
7,1048,342.7429408338501,320.713636223064
7,1049,342.7412382436307,320.78723006543356
7,1050,342.78093471700123,320.80148930332
7,1051,342.8370689165907,320.76562756337364
7,1052,342.88909103783874,320.6966795025193
7,1053,342.91053133508575,320.6165545374275
7,1054,342.8907627563876,320.5404429822367
7,1055,342.8456695619917,320.47799777051796
7,1056,342.79753610693786,320.4357795262294
7,1057,342.76390385682254,320.40952518702227
7,1058,342.768830520207,320.3869478131749
7,1059,342.82117840793984,320.3647036642643
7,1060,342.8981778696798,320.3458657877164
7,1061,342.971936009812,320.33086587682743
7,1062,343.0300120533247,320.32117513260044
7,1063,343.06279393087567,320.3192616201417
7,1064,343.06657822254476,320.3186074660828
7,1065,343.07130972962386,320.3063372786258
7,1066,343.11226992148954,320.2846869052331
7,1067,343.1984304088048,320.26417213341426
7,1068,343.3248598170881,320.2500869150313
7,1069,343.47464765863236,320.2462746872001
7,1070,343.61251087307204,320.2590459274594
7,1071,343.7057414713363,320.2812027885009
7,1072,343.7365650360968,320.3122989110741
7,1073,343.6973364819997,320.3663936120405
7,1074,343.5958989720972,320.459845144939
7,1075,343.44756959381385,320.60408634705044
7,1076,343.26864869780746,320.8051580465823
7,1077,343.08850421848194,321.044102698569
7,1078,342.9524338454741,321.2780222797985
7,1079,342.90078769916545,321.45663881424554
7,1080,342.95100945278597,321.54226543916036
7,1081,343.09645798954915,321.52342649396127
7,1082,343.3057126951657,321.41871843184964
7,1083,343.5219037263125,321.27523320019753
7,1084,343.68499174836955,321.1605128786912
7,1085,343.7576917382785,321.12948415438115
7,1086,343.7316642254803,321.2035627855748
7,1087,343.61697719071924,321.36706050046405
7,1088,343.44375073913733,321.57581636751905
7,1089,343.2568963410638,321.7648754241973
7,1090,343.10256581025595,321.87224471691553
7,1091,343.0085081862829,321.8677851407974
7,1092,342.98764951469366,321.7645009779383
7,1093,343.0385516280142,321.6063604481091
7,1094,343.1488004601816,321.4411460959839
7,1095,343.3003446195131,321.3069054434988
7,1096,343.4768932927213,321.21835705078
7,1097,343.65947942112854,321.1681052725986
7,1098,343.82514560180533,321.1339627315309
7,1099,343.9529732742508,321.0982629104997
7,1100,344.0256230198055,321.06014638997425
7,1101,344.0419395459092,321.0253702646447
7,1102,344.02297580905827,320.99789811924666
7,1103,343.99295428069524,320.978423512269
8,0,354.42958432228363,311.37673649697683
8,1,354.4529253532943,311.49989173660487
8,2,354.4800302606096,311.64577136390375
8,3,354.5075532244013,311.79398450932536
8,4,354.528955892898,311.91359900781606
8,5,354.5387162752389,311.9954799450465
8,6,354.5320893429025,312.0477709941122
8,7,354.5072390597049,312.0873236166692
8,8,354.45967204113145,312.12158062111524
8,9,354.39061603674696,312.1472181562181
8,10,354.30803829919114,312.15683386997426
8,11,354.2249555714229,312.1426965181877
8,12,354.1549940249303,312.1004812384771
8,13,354.11079105886,312.0335264777493
8,14,354.09460064630076,311.9525439927194
8,15,354.0990240424911,311.87339969512135
8,16,354.1113775525113,311.8124246806781
8,17,354.120015896103,311.78213005509997
8,18,354.11639262508794,311.7856963136923
8,19,354.097524250489,311.81765342473324
8,20,354.0648547850712,311.8661450710127
8,21,354.0251989170197,311.91802640982837
8,22,353.9857652890654,311.9614601030803
8,23,353.95089679224037,311.99002767829217
8,24,353.9232674599584,312.0036213050729
8,25,353.9048279423115,312.00605943765527
8,26,353.89258707560384,312.0031676532808
8,27,353.8797848004779,312.0021194342657
8,28,353.8608285907868,312.0089210631478
8,29,353.83306183432626,312.0239536948559
8,30,353.79575517174436,312.0444880291978
8,31,353.7517215951798,312.0656680144575
8,32,353.70709820198925,312.07987527020356
8,33,353.66895562364977,312.0816070933734
8,34,353.64406743023443,312.071695852924
8,35,353.63735179464555,312.05350952264075
8,36,353.64993983502535,312.0331894918392
8,37,353.6795102560689,312.02069947800464
8,38,353.71927665031694,312.01998286207214
8,39,353.7577813745707,312.0274285080625
8,40,353.78447274790665,312.0389792801179
8,41,353.7936597996811,312.04952169957056
8,42,353.78498324971395,312.0520840901838
8,43,353.7685384390531,312.0445483179772
8,44,353.76209873514426,312.02946306601376
8,45,353.77809377475126,312.0085857929235
8,46,353.82162255367825,311.9831806321744
8,47,353.89222783542687,311.9556108900404
8,48,353.97789805329666,311.92763433920715
8,49,354.0598583953178,311.90057745942005
8,50,354.1277328616625,311.87806675107356
8,51,354.1768997123239,311.86423915642166
8,52,354.20369048569376,311.860531839408
8,53,354.20880758750855,311.8670684724544
8,54,354.19680610535113,311.88323742751936
8,55,354.17244225224135,311.9043717787258
8,56,354.14376429963596,311.92533625335676
8,57,354.1189130356434,311.94417869046407
8,58,354.1024808382123,311.96071017904706
8,59,354.09599793380426,311.97481143558997
8,60,354.09648926830994,311.9875344820955
8,61,354.09657601257936,311.99869678354656
8,62,354.0925298688124,312.00631706496074
8,63,354.0852979903038,312.0092027729627
8,64,354.07724942241725,312.0094580241115
8,65,354.07249190164805,312.01137244506316
8,66,354.0741873817297,312.0202552362799
8,67,354.0806181514259,312.04140307205074
8,68,354.0867367522653,312.07713728214117
8,69,354.08816723816335,312.1218693349772
8,70,354.07921557130067,312.166146712864
8,71,354.056640137527,312.20176080169114
8,72,354.022922285537,312.2230378494139
8,73,353.98559413799,312.2282779816604
8,74,353.95000130267,312.2238510458832
8,75,353.9209863439453,312.21888807453246
8,76,353.9023523268478,312.2185767712512
8,77,353.8943661859088,312.22187548524244
8,78,353.89268915036837,312.2239093390655
8,79,353.8958751599986,312.2186360440937
8,80,353.90555203172306,312.202492362477
8,81,353.921913393755,312.1761994683788
8,82,353.94319579222287,312.14694130500317
8,83,353.9685872102463,312.1235682944736
8,84,353.99561407977126,312.11086802109395
8,85,354.018040515428,312.10936106689553
8,86,354.03135915910593,312.1193020489937
8,87,354.0360128644601,312.1376514264113
8,88,354.03472402324667,312.1595497222594
8,89,354.0297607049625,312.18298853813246
8,90,354.02580204225575,312.20897913295437
8,91,354.02651819855504,312.23696451295166
8,92,354.0312202837501,312.2671442029597
8,93,354.03530347844804,312.30084074654616
8,94,354.0372937262048,312.33573614043235
8,95,354.0342741786812,312.366208043865
8,96,354.02444240483175,312.3871390918438
8,97,354.0086992429696,312.3946647637709
8,98,353.9922084765496,312.3868017810909
8,99,353.97671577201663,312.3673247742322
8,100,353.9643620581837,312.34278944523146
8,101,353.95566973166484,312.31954608958364
8,102,353.95047235914086,312.30163392542914
8,103,353.94751038115993,312.28989666751283
8,104,353.9466865672852,312.2803885457412
8,105,353.94950607097184,312.26872147999006
8,106,353.9583437369461,312.25155528096775
8,107,353.9718818260692,312.2286923911464
8,108,353.9870697958273,312.20367285923686
8,109,354.00083318891956,312.18307390624784
8,110,354.008855036278,312.17140336940395
8,111,354.0069659445932,312.17068947685215
8,112,353.99519895661257,312.18007487394596
8,113,353.9735488760591,312.1952012207707
8,114,353.94301804554163,312.21041531720584
8,115,353.90460822954594,312.2211164914378
8,116,353.8608088795075,312.2231517393556
8,117,353.8168579252359,312.2131962835807
8,118,353.7812482380634,312.1910710292491
8,119,353.7614704266321,312.1571959785318
8,120,353.7639140530199,312.11331794061255
8,121,353.79140349228936,312.06408781220114
8,122,353.8386962332025,312.01408718994986
8,123,353.8948332729546,311.9664847420465
8,124,353.9471697176476,311.9257360781076
8,125,353.985640284968,311.8956279605277
8,126,354.005171710441,311.87650846489885
8,127,354.009913573037,311.8661064427387
8,128,354.0112446746995,311.8588390624136
8,129,354.0201495026493,311.84828306750734
8,130,354.0422670486127,311.8307236936722
8,131,354.07788149222955,311.80547529229136
8,132,354.1200566955574,311.77534554353014
8,133,354.155361362031,311.7482959693592
8,134,354.17659582205266,311.7303265049928
8,135,354.185214030198,311.72236447918
8,136,354.1871123110231,311.72383603383776
8,137,354.19023754130023,311.7341901575112
8,138,354.2046479832883,311.75083266808963
8,139,354.23183306502114,311.7738696258825
8,140,354.26217140702806,311.8074652169325
8,141,354.283677896036,311.852816498187
8,142,354.28757808096856,311.90830269296464
8,143,354.26883403842106,311.96981843795936
8,144,354.231172482097,312.0281436555848
8,145,354.1880542004771,312.0704497699057
8,146,354.1509781427431,312.08984028589595
8,147,354.1246443728193,312.08494571776356
8,148,354.1070235695222,312.060036394866
8,149,354.09066760524234,312.0255069903301
8,150,354.0684047223436,311.99239867765345
8,151,354.0411142823148,311.96588751090934
8,152,354.0198403706941,311.9444852454646
8,153,354.01955289670485,311.9229614946592
8,154,354.05214866069684,311.8949726885118
8,155,354.1201465800521,311.85672628194897
8,156,354.2153229271296,311.8105939364892
8,157,354.3184304172952,311.76533200074374
8,158,354.41032698169596,311.7298266583012
8,159,354.4799752088861,311.7080394975204
8,160,354.52418445709964,311.70182498505284
8,161,354.5449642204013,311.70943503244024
8,162,354.5500262776421,311.72414965738875
8,163,354.5457995022122,311.7393604954091
8,164,354.53491111448636,311.75355158133107
8,165,354.51868933603953,311.7654904323005
8,166,354.49905390950545,311.7741159356683
8,167,354.4759070322999,311.78353334947275
8,168,354.45259688071883,311.7971682846431
8,169,354.4334969230423,311.81369398825734
8,170,354.42229387243395,311.83059349605423
8,171,354.4215248181518,311.84589544082
8,172,354.43247804533945,311.8531518284082
8,173,354.4500778623903,311.84843585261956
8,174,354.4667662709518,311.833589455613
8,175,354.47558959779656,311.8130582807289
8,176,354.4711068680438,311.7901753310979
8,177,354.4539941310244,311.76821262360994
8,178,354.43239749077225,311.74926956479294
8,179,354.4174854582415,311.73315488677895
8,180,354.4180675017202,311.71964183710094
8,181,354.4366892437924,311.7100837012113
8,182,354.46877748376045,311.70652682164996
8,183,354.50254221674186,311.7098198487532
8,184,354.5245947249235,311.72028826239773
8,185,354.5258420396298,311.73799168750395
8,186,354.50529578591653,311.7622540424337
8,187,354.46601328128713,311.79077443409636
8,188,354.41518595909514,311.819165938296
8,189,354.36099757867004,311.8420295882518
8,190,354.3079015697082,311.8535560206309
8,191,354.2580894021269,311.8491513512726
8,192,354.2143180355636,311.82917176701943
8,193,354.1791209164993,311.7993252037156
8,194,354.1522841109668,311.7686159260679
8,195,354.13430789277294,311.74550850227433
8,196,354.12383357538334,311.7359496280852
8,197,354.1191363209154,311.7417357105114
8,198,354.11801006507864,311.76200147432957
8,199,354.11812296146263,311.79414079379586
8,200,354.1167508855313,311.8361462613129
8,201,354.11469344870204,311.8844477925109
8,202,354.11175476780915,311.93639088929217
8,203,354.1061610971585,311.98873628124295
8,204,354.09651169608276,312.0361952519909
8,205,354.08248051623525,312.07151702517865
8,206,354.061523404971,312.09277068268125
8,207,354.03366550923,312.09935479996227
8,208,354.0036169775774,312.09254178154805
8,209,353.97941577305374,312.0758009366701
8,210,353.96703308811374,312.05415457937835
8,211,353.9700315112826,312.03044959959516
8,212,353.98874414862104,312.0076266733074
8,213,354.01876308913194,311.9877056460844
8,214,354.05294154503025,311.9706148180911
8,215,354.0874160092461,311.9563469662563
8,216,354.1208205997397,311.9456481894209
8,217,354.15059890747705,311.9373758998831
8,218,354.17601575610735,311.9300411801332
8,219,354.19831133404693,311.9258065835776
8,220,354.2164033890872,311.9272154494826
8,221,354.22872414251447,311.9340473246408
8,222,354.23595149550493,311.9463973425204
8,223,354.2386150777418,311.9642095291362
8,224,354.2362151658288,311.9840930348892
8,225,354.2300691945382,312.00052063682506
8,226,354.22211943991687,312.0106033622335
8,227,354.2145922723497,312.0119133426682
8,228,354.2081289939952,312.00247874037905
8,229,354.20179088347123,311.9835617565721
8,230,354.1926429398612,311.9617188103914
8,231,354.1779653865641,311.94199548389963
8,232,354.15449150982585,311.9282622712515
8,233,354.12144291469235,311.9241654268446
8,234,354.0825284922514,311.9299378457837
8,235,354.04649000246366,311.9390694303103
8,236,354.0232809512166,311.9450508197003
8,237,354.0207113808984,311.9457483545829
8,238,354.0448795792286,311.93967441770985
8,239,354.09710338129906,311.9263887839371
8,240,354.17139693493255,311.9090250002064
8,241,354.25631893020227,311.89270793442296
8,242,354.3436464830249,311.87914724387826
8,243,354.42704439352116,311.8697649449486
8,244,354.50161190368095,311.86648415464384
8,245,354.5636215612594,311.8707508245663
8,246,354.6119564821584,311.8806988199683
8,247,354.64181011443003,311.89388606241846
8,248,354.6432198862981,311.90896335138297
8,249,354.60831911156697,311.9263609229702
8,250,354.5362018203431,311.9466854103566
8,251,354.4319418778387,311.97236355967925
8,252,354.3073345175664,312.0061037999574
8,253,354.18204646719204,312.0465971947047
8,254,354.0729995964409,312.08817654698925
8,255,353.9881992739618,312.12574710343637
8,256,353.92863529241964,312.1561633350671
8,257,353.8931566070818,312.177194623156
8,258,353.8816621503722,312.1886598087749
8,259,353.9056631459728,312.18353774992966
8,260,353.9952487235152,312.13416385150026
8,261,354.18399512952954,312.0008091872343
8,262,354.49513367117487,311.755319287467
8,263,354.92794213868933,311.390987615017
8,264,355.4357515531921,310.9475325288789
8,265,355.93391482960106,310.5257586393274
8,266,356.3312419688084,310.2429683295481
8,267,356.56774803421615,310.16835384314726
8,268,356.6256845408783,310.3249940827185
8,269,356.543687383443,310.678393285905
8,270,356.38709064180773,311.13826732303426
8,271,356.2388490084116,311.5993709217888
8,272,356.1518943445605,312.00255070592254
8,273,356.1454800906016,312.31849751150526
8,274,356.21575656205425,312.5330245495753
8,275,356.3527705229247,312.64560125650405
8,276,356.51163301759874,312.6850756137905
8,277,356.64588143117254,312.6883139138311
8,278,356.7346772476808,312.68074157494186
8,279,356.76929479254875,312.69064076875696
8,280,356.7559548861309,312.7375498696507
8,281,356.7371669308195,312.80791873843236
8,282,356.7614180400969,312.8648008360843
8,283,356.849992795411,312.89048201463703
8,284,357.0050448657482,312.87603431901306
8,285,357.20282564685516,312.83297842474195
8,286,357.40101853342446,312.7870991892953
8,287,357.57046059579466,312.76407325985764
8,288,357.69783041999654,312.7722818145432
8,289,357.76651866679117,312.8108399692284
8,290,357.7657006304116,312.86223385857016
8,291,357.6873215191668,312.91430626731545
8,292,357.5233034949365,312.9636945359682
8,293,357.27606051633245,313.0105937710767
8,294,356.9755355755104,313.0547005148892
8,295,356.66959787719037,313.1055212673371
8,296,356.4138385343567,313.161542750243
8,297,356.2432273911285,313.2199978252477
8,298,356.15901257770776,313.2813685568314
8,299,356.13320595662793,313.3468660515397
8,300,356.1264868360118,313.4049859089943
8,301,356.0859207649022,313.44967054825327
8,302,355.9667792766156,313.47821225995557
8,303,355.76439280739754,313.4869144587503
8,304,355.50595537938466,313.4751364855622
8,305,355.2156114835872,313.4527604175272
8,306,354.9274988020589,313.4229684216047
8,307,354.68294460451335,313.38478129176707
8,308,354.50482759219426,313.34020574106484
8,309,354.40280107128126,313.28853910390416
8,310,354.3841712003125,313.23010048150144
8,311,354.4476885994818,313.17521662560057
8,312,354.574597112196,313.13914826789596
8,313,354.7280493200633,313.13398552836026
8,314,354.8617017854255,313.1691979359556
8,315,354.95383869382397,313.2430274822698
8,316,355.0013088177322,313.3428694863638
8,317,355.01769687093815,313.44354785332865
8,318,355.02576805616917,313.51966978682725
8,319,355.0440363923617,313.5567114037347
8,320,355.0655146680019,313.55660881658895
8,321,355.0637906869009,313.5339487849208
8,322,355.0158135468321,313.5107740782865
8,323,354.9237895342258,313.50602492008346
8,324,354.806764483844,313.5344668402077
8,325,354.69613468293124,313.596053382104
8,326,354.62592313733677,313.67662564442395
8,327,354.61250231855945,313.76083967524625
8,328,354.647623691195,313.83957659162434
8,329,354.7128271309926,313.8980327586497
8,330,354.780544222361,313.9299141873324
8,331,354.83628399692526,313.94238543208627
8,332,354.8820827812284,313.9454991965338
8,333,354.91874457452167,313.9497852406617
8,334,354.93272194335793,313.96871431171655
8,335,354.91153408241104,314.00796398306994
8,336,354.83610452167585,314.06274919909845
8,337,354.69317122147976,314.1259460314531
8,338,354.4934631674316,314.18739329392207
8,339,354.2810283784779,314.23981489367304
8,340,354.099537115558,314.2843221765326
8,341,353.9813594738545,314.32371859840316
8,342,353.940432681091,314.3551134451668
8,343,353.9740360172141,314.36811906810044
8,344,354.05698198586754,314.3542560028634
8,345,354.17255984806036,314.30343673893844
8,346,354.3203825340156,314.2065678431551
8,347,354.47822491977826,314.0755439029183
8,348,354.7400278682384,313.8726212644122
8,351,354.59213942238097,313.8454304430166
8,352,354.26516979239415,314.01636178268126
8,353,354.1472281981213,314.0746179868967
8,354,354.1952288214631,314.0499967621031
8,355,354.44665447306994,313.91698494102314
8,357,354.9579646605939,313.6637621403553
8,361,355.22123807116884,313.5129379195883
8,362,355.30866729882985,313.4265881815989
8,368,355.590557685383,313.1927579535995
8,372,355.75639376161337,313.25967097113977
8,377,355.1988094790528,313.20395098668337
8,378,354.91284846411247,313.15584159231366
8,379,354.91151533476756,312.8822249786855
8,380,355.1388724291748,312.4923742249376
8,382,355.3381426339318,312.0235219870533
8,383,355.2660423192072,311.9109323558743
8,384,355.19008451736454,311.8440486084145
8,385,355.0370701773541,311.86298201405293
8,386,354.8421833507367,311.93745162221524
8,387,354.6285538290671,312.0427903183791
8,388,354.433055225514,312.14693837287587
8,389,354.2701557614349,312.23506390155757
8,390,354.12682771461044,312.3063643164447
8,391,354.0010265688385,312.3435109315329
8,392,353.8971781722387,312.3300860018731
8,393,353.80907194088576,312.2648335356049
8,394,353.73826617403387,312.1649148901327
8,395,353.6984246262759,312.06491376283134
8,396,353.68406530532803,312.0015479766853
8,397,353.6731009244483,312.00243288832337
8,398,353.64658504789867,312.07577717144994
8,399,353.5951359393732,312.2028134959261
8,400,353.5210614460179,312.33835375326225
8,401,353.43847451069524,312.44297650225263
8,402,353.37441866773247,312.4936465711349
8,403,353.3557105734758,312.4833190790897
8,404,353.40259107064503,312.4135318475946
8,405,353.51099439350656,312.29931140332707
8,406,353.65628654293755,312.1615625159355
8,407,353.80302586197786,312.0192201599358
8,408,353.91710387203665,311.89305153970525
8,409,353.96945211150916,311.80743574724903
8,410,353.96122600963696,311.77674319423767
8,411,353.9180034076698,311.7903473206219
8,412,353.8732858691995,311.8260848826233
8,413,353.8514913087618,311.8575317961794
8,414,353.85903271613853,311.8676352344079
8,415,353.8863564549546,311.853583163306
8,416,353.92224545506093,311.8329573703153
8,417,353.96436420024787,311.81715492602933
8,418,354.02147249568856,311.80099886902707
8,419,354.0999564767015,311.7643234368015
8,420,354.18761621400483,311.68783784176753
8,421,354.2557881337932,311.56352581512886
8,422,354.2632495989212,311.4080984165899
8,423,354.17237156365513,311.26375440431013
8,424,353.9811937396532,311.1788759741829
8,425,353.7308887685712,311.18015713529167
8,426,353.4830973559425,311.26711516165705
8,427,353.29718826164327,311.4133704131577
8,428,353.21913160878603,311.57145435703075
8,429,353.2649925333705,311.6917764942564
8,430,353.4048810801449,311.7524447987637
8,431,353.58826819611375,311.7440572891852
8,432,353.7813927240676,311.6632992151587
8,433,353.97807267587655,311.5165385684246
8,434,354.1722240196734,311.31864496220106
8,435,354.35796796149793,311.0786980727863
8,436,354.536273729115,310.8158438199262
8,437,354.6981924449257,310.56800967836443
8,438,354.8042651360945,310.37852967241486
8,439,354.8375125836141,310.2792440437823
8,440,354.82707841531266,310.28411265510255
8,441,354.79047662205045,310.3919127614641
8,442,354.7203296445149,310.58544738455566
8,443,354.62224372578453,310.8309013051112
8,444,354.50213812512135,311.0774842983191
8,445,354.36053812613414,311.2779750069594
8,446,354.22979709924965,311.3954503996531
8,447,354.156658024039,311.4153033648671
8,448,354.17607810119256,311.3459908356903
8,449,354.29615082408304,311.22385133218125
8,450,354.48436174497886,311.0951793291179
8,451,354.6828053763964,310.99953298680873
8,452,354.86493624015407,310.9457770838463
8,453,355.02882600753094,310.9229817279133
8,454,355.18247445687626,310.9037308724922
8,455,355.34292673576317,310.857354719337
8,456,355.5280931001306,310.767137278499
8,457,355.73125290449417,310.6338335158466
8,458,355.9230879628659,310.4629071806519
8,459,356.0783095785416,310.2827712136717
8,460,356.19224753515414,310.125880712849
8,461,356.25723769312407,310.0192537943852
8,462,356.2599618497512,309.98494885111626
8,463,356.20103128978883,310.0436595953507
8,464,356.09967700516717,310.18154226868137
8,465,355.97702996617056,310.36779273109465
8,466,355.87096210774536,310.55273132276756
8,467,355.82624588407333,310.68777824018616
8,468,355.8655436225672,310.7462679234328
8,469,355.9561278416887,310.7421111328315
8,470,356.032118515487,310.7061950306115
8,471,356.03335549983217,310.67582799933786
8,472,355.92690127016436,310.68370647063426
8,473,355.7062454240802,310.73917737932805
8,474,355.40383791562107,310.8243454803325
8,475,355.0860481968091,310.9183197776639
8,476,354.7990608726266,311.0142227471972
8,477,354.5447578322435,311.107702379943
8,478,354.3080657438814,311.1986769368605
8,479,354.0876505139816,311.2993691102436
8,480,353.87772347658637,311.42023471819243
8,481,353.68345188052086,311.55977232806913
8,482,353.53191125437655,311.7112753263682
8,483,353.45886571188237,311.86206904273223
8,484,353.47512175200563,311.98046823905963
8,485,353.5717352051883,312.03210849039164
8,486,353.72134476987634,311.99645225356375
8,487,353.8810260435571,311.8709596123476
8,488,353.9955788239983,311.6765358928126
8,489,354.0227271156791,311.46052716413254
8,490,353.94396681837713,311.28090284965003
8,491,353.76925441285755,311.18067850389826
8,492,353.53261790053995,311.18274452805986
8,493,353.2919401312464,311.2794093999685
8,494,353.09620998535655,311.4430610916719
8,495,352.9681413775991,311.62498817996124
8,496,352.9035231600365,311.78005441130597
8,497,352.87994044112327,311.88638922678655
8,498,352.8594483387742,311.93755738720085
8,499,352.8015591630201,311.93014009614586
8,500,352.6821590402319,311.8850436805489
8,501,352.50080937079684,311.8395454705101
8,502,352.2864607322191,311.80956077525144
8,503,352.07829017195525,311.8104378167483
8,504,351.9160906019832,311.8640639140883
8,505,351.8302067435873,311.9670179544211
8,506,351.8417911152241,312.0762132493107
8,507,351.9356156028595,312.1523685628179
8,508,352.0699710504376,312.16963636910253
8,509,352.2145574223978,312.10976861533675
8,510,352.35547392902555,311.9820322106058
8,511,352.47383111471675,311.82833141532893
8,512,352.5694036748972,311.68723324197913
8,513,352.67097114802374,311.56976919626175
8,514,352.80423815222844,311.4638411786238
8,515,352.98143562654855,311.34794243587424
8,516,353.215573725144,311.20387529382924
8,517,353.4972121827557,311.03377235671275
8,518,353.7827572788845,310.87087747653953
8,519,354.0218635727122,310.7709011412024
8,520,354.1836361426599,310.76984653793585
8,521,354.2516089951915,310.8756509157728
8,522,354.23048565589454,311.0698469681332
8,523,354.1661598547712,311.2977832348176
8,524,354.1226867301398,311.49182866270314
8,525,354.1519102791311,311.60415369652037
8,526,354.27747997312724,311.60942624923047
8,527,354.5008678382488,311.5096354299038
8,528,354.78603383475723,311.3439000577433
8,529,355.06514245513097,311.1570190637298
8,530,355.2579704631002,310.99968363605075
8,531,355.3205369578491,310.91974397664694
8,532,355.24910505042124,310.9396683797168
8,533,355.07210819559776,311.04903097954275
8,534,354.84363876495775,311.2206639870679
8,535,354.6283313078553,311.4095110792573
8,536,354.4512553721638,311.5773768098818
8,537,354.3046635612732,311.69525537836984
8,538,354.1652544273073,311.75237816747665
8,539,354.00142957518716,311.76907604898537
8,540,353.7802791528638,311.78188993490295
8,541,353.50267942102295,311.81138779663894
8,542,353.1986035449396,311.8744296234567
8,543,352.9091993841925,311.9785678742853
8,544,352.67143591779114,312.10819196362627
8,545,352.5230945273389,312.2329911879789
8,546,352.48825178273773,312.32563111428584
8,547,352.56721449807844,312.36595297300767
8,548,352.7394932585116,312.34840536428425
8,549,352.97232135233054,312.2783596960822
8,550,353.2244719263756,312.1741265865444
8,551,353.43653837023123,312.0698557684416
8,552,353.5453633507133,312.00164772242084
8,553,353.5191992592556,311.98677848837815
8,554,353.3778894181721,312.0273415214547
8,555,353.1714525872274,312.11216966430806
8,556,352.9779783972279,312.2112003869495
8,557,352.87693798705175,312.29306980124176
8,558,352.91348831140346,312.3373123468218
8,559,353.0808353562102,312.333001655983
8,560,353.3301124852504,312.28592576748025
8,561,353.5955700714322,312.21838201815814
8,562,353.80819990839836,312.1547019800956
8,563,353.90408277960205,312.1222210489162
8,564,353.8409833366769,312.15026305017705
8,565,353.61951778500554,312.2437598300832
8,566,353.2725020209694,312.38677920840934
8,567,352.86605276532214,312.55410102442687
8,568,352.48684028579413,312.7191558659164
8,569,352.2122593221504,312.8555386312454
8,570,352.0851667479702,312.956524362186
8,571,352.10187697498407,313.0297119687136
8,572,352.2194359313371,313.08573332235267
8,573,352.3767789510084,313.1298523963086
8,574,352.51303481921724,313.16874445176836
8,575,352.5792477121692,313.20392471081993
8,576,352.5574273867136,313.2343230706951
8,577,352.46571426380007,313.2605011161258
8,578,352.343605335383,313.28449602092826
8,579,352.24412105186184,313.29984968912584
8,580,352.22163071799025,313.2946081290302
8,581,352.3063131083736,313.2553426871286
8,582,352.4848517066377,313.1745931602743
8,583,352.71221504143614,313.05583971191345
8,584,352.9266689894247,312.91544151142716
8,585,353.0661736227562,312.7772771271098
8,586,353.0957403925251,312.6626895750442
8,587,353.01872301791286,312.5800622922867
8,588,352.86556649509356,312.5187862854842
8,589,352.6829981690436,312.4610314923609
8,590,352.51783850679936,312.3941168415623
8,591,352.4052343979304,312.3139131281997
8,592,352.36271760867953,312.2213959238819
8,593,352.38780968734955,312.13132191526523
8,594,352.4650873772164,312.06062522332775
8,595,352.57910555723333,312.01872208647086
8,596,352.714025828135,312.0036250628412
8,597,352.85620847764096,312.0128059824615
8,598,353.0098457825787,312.03674462832106
8,599,353.19011655917535,312.064023605965
8,600,353.4111998888838,312.0746472159512
8,601,353.6655306523402,312.05163609162855
8,602,353.9381165209775,311.9845672927827
8,603,354.20268031953555,311.87317823765653
8,604,354.4047164720095,311.72279797633746
8,605,354.4974290942396,311.55404689902724
8,606,354.48093588046527,311.40094187447045
8,607,354.37952286391993,311.2963507188515
8,608,354.23036646357014,311.2602301336059
8,609,354.0873301919391,311.29821658522206
8,610,353.99483952307645,311.3986720158468
8,611,353.967761927994,311.5295352179123
8,612,354.01332362411296,311.65700865546535
8,613,354.13047257318215,311.76165588590305
8,614,354.28095965296575,311.8348077890456
8,615,354.4048250969358,311.8700414123212
8,616,354.46814465302845,311.8630546104056
8,617,354.4847151006807,311.8041849872691
8,618,354.4812935178153,311.68712458354605
8,619,354.49910122525876,311.5096527692373
8,620,354.5750866855357,311.28141779740184
8,621,354.713860797844,311.03203380414686
8,622,354.88172572801466,310.81154255443687
8,623,355.041003857773,310.6462391576545
8,624,355.1706249756373,310.5430811519619
8,625,355.2679671720417,310.5024387485255
8,626,355.34655880606965,310.5015757556717
8,627,355.43509428110997,310.49553551955916
8,628,355.56560634517757,310.46464188086173
8,629,355.7573356146084,310.4162177675106
8,630,356.00786850177815,310.3573653820206
8,631,356.2997194441389,310.30994995985094
8,632,356.60670540605787,310.3070709673485
8,633,356.8888142650795,310.3605080572712
8,634,357.08982495880576,310.4702327034226
8,635,357.1551491885804,310.6367826239013
8,636,357.0547250194264,310.8485137911514
8,637,356.7820952068072,311.0809852717466
8,638,356.34662411741994,311.3188330529938
8,639,355.81880792902246,311.5429843502255
8,640,355.3385724876542,311.72391709382947
8,641,355.0230539436956,311.83973297831557
8,642,354.9339713154303,311.88326161534616
8,643,355.0854298498219,311.8553465023205
8,644,355.4263472833636,311.7637596423321
8,645,355.8487346252476,311.63241949067327
8,646,356.261479615567,311.48705370556655
8,647,356.58877857318055,311.3565570737331
8,648,356.7980166257862,311.2646216631826
8,649,356.8819338191324,311.2285722865434
8,650,356.84418809801315,311.2582623692084
8,651,356.70408609893576,311.3555799197941
8,652,356.50572324127154,311.5047459505284
8,653,356.29657105952697,311.66935796110636
8,654,356.13580508103894,311.8052712378153
8,655,356.0812968055167,311.88091746489806
8,656,356.1681812229326,311.88084238444657
8,657,356.3706131167512,311.81476297674124
8,658,356.6187927505544,311.72420341122506
8,659,356.80641456791506,311.6611210152147
8,660,356.8570534991442,311.6619057265182
8,661,356.7681063009284,311.7359754707099
8,662,356.5991370314924,311.8638185534807
8,663,356.4143807655008,312.00991697367533
8,664,356.26991610020025,312.141040208845
8,665,356.21248797464864,312.2306438015469
8,666,356.2417018637104,312.27602911661563
8,667,356.30851497742265,312.2951575015218
8,668,356.3796068951725,312.30571371483575
8,669,356.4276385943813,312.31727766416356
8,670,356.4182553672138,312.33451957445135
8,671,356.34536753213183,312.3538862896257
8,672,356.2200329249751,312.376389810861
8,673,356.03609966090113,312.41587221523184
8,674,355.81162502724504,312.4848507088219
8,675,355.58896046948263,312.58762838075614
8,676,355.3937458433276,312.7173729559212
8,677,355.25144369113457,312.8462144602147
8,678,355.2033205489662,312.9354785806246
8,679,355.2384060966134,312.969672168708
8,680,355.2992992366381,312.96124136321754
8,681,355.3467864662343,312.9251879487736
8,682,355.34621207219783,312.89285825792996
8,683,355.2513701876144,312.90777235966044
8,684,355.0572696497553,312.99419600181903
8,685,354.8008674992454,313.1424428143232
8,686,354.51324127243083,313.3362647400059
8,687,354.2270471434836,313.54537345392754
8,688,353.9800120185361,313.7279892241684
8,689,353.7945129309399,313.84767396479725
8,690,353.6720316100573,313.8942425319709
8,691,353.60418315353064,313.87992430332827
8,692,353.5758508640691,313.8289961488861
8,693,353.5655660497082,313.76814666392124
8,694,353.5515376959497,313.72588599645303
8,695,353.5243945293791,313.72333480610365
8,696,353.49167611682924,313.7638787953111
8,697,353.47070200404914,313.83639808361687
8,698,353.4972499974687,313.9159699742552
8,699,353.61479506201727,313.9600769695681
8,700,353.8426283549156,313.9280611245269
8,701,354.1669082844376,313.79880270674585
8,702,354.56843501243924,313.5721467070417
8,703,355.0221300613167,313.272661720717
8,704,355.4828949859249,312.9488001842927
8,705,355.89860175114393,312.64580716519873
8,706,356.2465260831431,312.3872788915341
8,707,356.51937503228413,312.1758274960181
8,708,356.7236575930725,311.9908475602796
8,709,356.85973877760847,311.80230020807016
8,710,356.9395857567275,311.58401173183955
8,711,356.9910663291964,311.3272794091931
8,712,357.02489586790347,311.0536628971168
8,713,357.01976641798393,310.8119519802313
8,714,356.9393642601338,310.6513291851095
8,715,356.7713135784341,310.6014417715523
8,716,356.5169516494513,310.6695204051135
8,717,356.20980194842383,310.8334832313772
8,718,355.9110733774824,311.04940970354716
8,719,355.678876873655,311.2660920026295
8,720,355.5387405162119,311.4564766298748
8,721,355.48895615610974,311.6061645075529
8,722,355.5095360827373,311.7031197914644
8,723,355.55295326627794,311.7521246104085
8,724,355.5729754121192,311.76371814504404
8,725,355.5452827771261,311.7438402263042
8,726,355.45890397760763,311.7125856486411
8,727,355.32156905308494,311.69991011207514
8,728,355.1856578377772,311.7161170560246
8,729,355.0942463780978,311.7651485043707
8,730,355.04864746330105,311.8539243038449
8,731,355.0315341216786,311.9790910955094
8,732,355.02349184903824,312.12929159689315
8,733,355.0011420958313,312.2979926924478
8,734,354.94101493676436,312.4778555747322
8,735,354.830993982801,312.64568822609743
8,736,354.6805460126311,312.76669429935106
8,737,354.5396226609799,312.79169980773804
8,738,354.492152291866,312.6753175233614
8,739,354.6081723056872,312.40505482128725
8,740,354.91592601003754,312.0132843375344
8,741,355.3743599669487,311.56166628045145
8,742,355.86350941032475,311.14840019730434
8,743,356.2218988971526,310.85904562123596
8,744,356.3304093647787,310.737421682698
8,745,356.1791315883497,310.76935772144236
8,746,355.8749874404607,310.89418264167006
8,747,355.56007172651414,311.0309226806058
8,748,355.37966176850875,311.12268894787053
8,749,355.43400341980083,311.13420667632124
8,750,355.7171079113895,311.06801346128736
8,751,356.09592998474193,310.9664753619592
8,752,356.4192977958825,310.88087212672986
8,753,356.56479644062375,310.85186845646683
8,754,356.4592047108201,310.90833595354763
8,755,356.1250132956528,311.0480641600661
8,756,355.6703300710311,311.2290854971809
8,757,355.2061406007622,311.4046710900104
8,758,354.799312049143,311.54554557352213
8,759,354.47913134356344,311.63870502360896
8,760,354.24652213480994,311.691018545277
8,761,354.08240318808527,311.7318602845418
8,762,353.97979674113697,311.780653241432
8,763,353.94843623436464,311.841904293582
8,764,354.0170218090947,311.9111299308634
8,765,354.1960427771116,311.9750756966745
8,766,354.4671037834721,312.02069521015886
8,767,354.7888851919581,312.0481436820719
8,768,355.13326277555905,312.0602694070278
8,769,355.4444174076327,312.0489215157931
8,770,355.673901888322,312.0097291069072
8,771,355.79040437610456,311.9476475638747
8,772,355.78653746379354,311.8796704270277
8,773,355.6759941560966,311.8245764354621
8,774,355.4876888175504,311.800866640015
8,775,355.24766331502997,311.82918127074385
8,776,354.9724899069064,311.9228997613693
8,777,354.6720509882808,312.07543997358295
8,778,354.3582270658786,312.26826189480613
8,779,354.0565071864376,312.48780928179775
8,780,353.8039482075938,312.7214357955065
8,781,353.6445867462068,312.9577713337609
8,782,353.61967307655453,313.1769609212523
8,783,353.72267779505796,313.3646556040241
8,784,353.90487281906877,313.5068564077773
8,785,354.1014774871407,313.58976692452137
8,786,354.26143817478265,313.60324452099945
8,787,354.3461771962642,313.5607681355426
8,788,354.35236086726843,313.485340512964
8,789,354.28858128871576,313.4103734850834
8,790,354.1670272988597,313.3685459915127
8,791,353.992485545741,313.373304465964
8,792,353.7674675292992,313.42410794968197
8,793,353.4956695137823,313.51909898554817
8,794,353.20681911133227,313.6390699061327
8,795,352.9520862494987,313.7419783560888
8,796,352.77161852666643,313.790197672973
8,797,352.6871329204416,313.7520843482824
8,798,352.7026985366582,313.60913113424664
8,799,352.79529859850356,313.37371286533147
8,800,352.9179177389836,313.09368167630424
8,801,353.03971107735896,312.8284209973608
8,802,353.146510540284,312.6352978091492
8,803,353.2271504743517,312.5578308437231
8,804,353.2885448765783,312.59766881252403
8,805,353.3482428883419,312.7248954808104
8,806,353.4114113329395,312.8953576749759
8,807,353.4772537853132,313.0613905054502
8,808,353.55704894608346,313.1651886979281
8,809,353.6479130594333,313.16952152972345
8,810,353.73288922289896,313.0732470561798
8,811,353.79498966755705,312.90595498411886
8,812,353.8317442438937,312.7100231729955
8,813,353.8499252776852,312.53492399332475
8,814,353.8709730430609,312.4212241045592
8,815,353.94527544139345,312.37733424879013
8,816,354.1231307480098,312.3732689070184
8,817,354.41808897767305,312.3617164625808
8,818,354.7964540653896,312.312228460253
8,819,355.22758818038034,312.21105150392464
8,820,355.67910302379335,312.05625284596164
8,821,356.08683996148255,311.88468466369466
8,822,356.37832097432494,311.75999860464924
8,823,356.503791360494,311.72266621873234
8,824,356.4454130424237,311.77042124610097
8,825,356.2260822670878,311.8845891574893
8,826,355.90062812234896,312.03240283185494
8,827,355.51839185904686,312.1798593133358
8,828,355.1180875760389,312.3148576504682
8,829,354.72645217451793,312.458344316417
8,830,354.3441470086387,312.63420522649943
8,831,353.9683868444759,312.84531226334144
8,832,353.61755294759683,313.0757901459784
8,833,353.32564241814737,313.29974500939085
8,834,353.10839831989074,313.48983116868385
8,835,352.971986919012,313.6345417807768
8,836,352.90335330942673,313.74604911434716
8,837,352.88753091667445,313.8407879783298
8,838,352.8927452648336,313.9314652761486
8,839,352.87330423153475,314.0266331448695
8,840,352.8015636744745,314.1136881753639
8,841,352.6971813688271,314.1511090119364
8,842,352.595128667445,314.0847072030936
8,843,352.5251698337045,313.86830348680195
8,844,352.5132920241033,313.47948990078953
8,845,352.5711682759657,312.9334923333709
8,846,352.67500102406774,312.3013157556836
8,847,352.7893016433582,311.698404792339
8,848,352.89947582298464,311.2331638378139
8,849,353.0036331271391,310.97840812217737
8,850,353.1546920542371,310.942968761626
8,851,353.3185050815935,311.11819703505796
8,852,353.48828179346424,311.4243661918244
8,853,353.6670949239721,311.77058523341645
8,854,353.91475743037245,312.0756631328961
8,855,354.19205321095274,312.31754649060775
8,856,354.48397271871363,312.4734483750044
8,857,354.7351156720323,312.5806094960976
8,858,354.9299653120454,312.6427693056195
8,859,355.0599056697585,312.6772219316471
8,860,355.1215302209175,312.70692576517564
8,861,355.1090390468877,312.7486701888171
8,862,355.01625659924366,312.80531173088457
8,863,354.8409010646475,312.8751741010346
8,864,354.5894042725432,312.9525696380195
8,865,354.3130990726849,313.0149746468054
8,866,354.10013357232276,313.040154819557
8,867,354.00334840649515,313.0369108004722
8,868,354.02366252646914,313.030798792194
8,869,354.13643416584694,313.03814347135875
8,870,354.28403356708463,313.07626505067805
8,871,354.38827807785344,313.1647767178245
8,872,354.4072415187922,313.3032113798937
8,873,354.33571336346466,313.480297819923
8,874,354.19526725850216,313.68233240281205
8,875,354.01617123030064,313.89435427891624
8,876,353.8377507255139,314.09378582091875
8,877,353.6914303527826,314.25523313791285
8,878,353.6019676337059,314.3617971969862
8,879,353.56040457643263,314.4203723678128
8,880,353.5489446480096,314.4443196847017
8,881,353.5519160808185,314.4439011433377
8,882,353.56630508533505,314.4227342308363
8,883,353.59513505059044,314.3772275804131
8,884,353.6519050345988,314.29217645013904
8,885,353.7422408849199,314.1455896145757
8,886,353.8495708311668,313.9217037984275
8,887,353.93276072556023,313.61490530291405
8,888,353.9621344834883,313.20402282110194
8,889,353.93171877962914,312.6812844962457
8,890,353.8607957383557,312.0873119423253
8,891,353.7940116176311,311.4891149911102
8,892,353.7765005798896,310.97499151373677
8,893,353.819969799878,310.6554664683376
8,894,353.92177662644366,310.59183502105606
8,895,354.06443805052385,310.7629360951704
8,896,354.2099130188788,311.10499617156654
8,897,354.3360672893742,311.51700445482834
8,898,354.4545985303,311.87613107667573
8,899,354.57146121562664,312.10255664115084
8,900,354.693984764367,312.17676286786843
8,901,354.8310973170632,312.1188653261438
8,902,354.98065261330555,311.97637544422554
8,903,355.1190301152062,311.82202125639105
8,904,355.22689861371924,311.72079241020134
8,905,355.2816731537134,311.7088787958001
8,906,355.2757268370743,311.7873230930761
8,907,355.21243878099324,311.93963669867736
8,908,355.1011004809593,312.14265204965375
8,909,354.9439792159365,312.3689249640297
8,910,354.74999237272596,312.6028454969303
8,911,354.5436964074679,312.8375323847543
8,912,354.36065777621735,313.06530098499695
8,913,354.23894704494637,313.26463290837364
8,914,354.20933460221005,313.4205850455107
8,915,354.2816479506957,313.5202256080459
8,916,354.4220937588444,313.5649387002575
8,917,354.56219324167887,313.5702363023556
8,918,354.63337917550626,313.5590041544065
8,919,354.60149224964005,313.5451175602582
8,920,354.46823212894947,313.53363634561754
8,921,354.27029628163626,313.5231568434739
8,922,354.06611895279167,313.5119032198865
8,923,353.8954351147241,313.5135861953842
8,924,353.76320814904494,313.5495496018233
8,925,353.66321954280954,313.62293602178494
8,926,353.5918057271108,313.6950314474963
8,927,353.55426455952227,313.7030099636235
8,928,353.59260879934504,313.5651209353879
8,929,353.75364010124406,313.2184219974552
8,930,354.02580091267635,312.67828570317266
8,931,354.3438174031791,312.0554093867184
8,932,354.6300811247288,311.48186236030824
8,933,354.7643844414393,311.0577048076631
8,934,354.7819049324113,310.8674420054619
8,935,354.73764971216497,310.91956459883744
8,936,354.72430256475224,311.13671394998636
8,937,354.79975670792857,311.4256756082134
8,938,354.9522549463261,311.7125477495048
8,939,355.11964927458143,311.95402177885984
8,940,355.23380312041996,312.1400953775059
8,941,355.2167164146352,312.3029165216673
8,942,355.0313644167953,312.4557200768299
8,943,354.72641970565485,312.5853481038112
8,944,354.3880788354659,312.6757053448049
8,945,354.0791402946526,312.72270563927077
8,946,353.84389347718326,312.7217913388445
8,947,353.69507370923355,312.6971793522269
8,948,353.58718020543904,312.6970464975236
8,949,353.47180121755025,312.7508505920282
8,950,353.33418953533686,312.8652469582471
8,951,353.188397474677,313.03285823880856
8,952,353.0584264501347,313.2308591530428
8,953,352.9845498043036,313.42442244034623
8,954,352.99014461657526,313.5941445033182
8,955,353.07178059503127,313.71933979359494
8,956,353.2163313901707,313.77557572258326
8,957,353.4167696978967,313.748303724806
8,958,353.6532627038315,313.63581110467135
8,959,353.8875718547916,313.4540325527398
8,960,354.07714585890994,313.2525782582794
8,961,354.1823806232822,313.0940003168826
8,962,354.1733109928883,313.0194524926835
8,963,354.0436918948701,313.04392828150566
8,964,353.81683350834527,313.1544986394478
8,965,353.52913409797696,313.315820979611
8,966,353.21958350618064,313.488980683952
8,967,352.9405004878844,313.63679144273476
8,968,352.75804269520484,313.718222535957
8,969,352.72958183162564,313.6861003182409
8,970,352.8798603021539,313.500216845494
8,971,353.19515282979796,313.15318242034476
8,972,353.6140668620147,312.6856659242763
8,973,354.02492065135164,312.1967578827105
8,974,354.3176258031272,311.8250393868475
8,975,354.42510560617035,311.6961317037898
8,976,354.33640021356945,311.85970415568175
8,977,354.0939515748353,312.27493708151445
8,978,353.7871583359048,312.81903073470096
8,979,353.50005335454375,313.3423058249296
8,980,353.29108240366395,313.7218796486048
8,981,353.1834255107467,313.8956143563862
8,982,353.1496546201053,313.8828213394983
8,983,353.1194888166671,313.779192085398
8,984,353.0397015483977,313.6783086463017
8,985,352.88264723343826,313.62982061152496
8,986,352.64654603451925,313.6528141663417
8,987,352.3545226087581,313.7458701028033
8,988,352.0737610473854,313.8603744161417
8,989,351.87194514606796,313.943048441927
8,990,351.791263567003,313.9818378011884
8,991,351.8293007387051,313.99745232649764
8,992,351.9699759289691,313.99641363364606
8,993,352.1674916885104,313.9886301582567
8,994,352.3603067045856,313.99079172995613
8,995,352.5071652501215,313.9933388655668
8,996,352.6106171500002,313.97069169404
8,997,352.6939039608368,313.90676420577523
8,998,352.78974161149137,313.7981000611394
8,999,352.92705937385506,313.65020502755806
8,1000,353.11371645196976,313.48623955829987
8,1001,353.3313642844167,313.3204936534395
8,1002,353.5352084785572,313.1695478231414
8,1003,353.6724242983018,313.05671940207
8,1004,353.7029309926788,313.0007461506758
8,1005,353.60497195720535,313.006052140561
8,1006,353.37820449679873,313.07611841034503
8,1007,353.05474031921347,313.1984029672409
8,1008,352.67943232710417,313.34914262679587
8,1009,352.28394375161264,313.5022269126275
8,1010,351.89764988047546,313.64585515477836
8,1011,351.55649767895983,313.77000928435956
8,1012,351.2979394133265,313.8599335394376
8,1013,351.15923934993936,313.8910422249584
8,1014,351.1771738428027,313.8494900980521
8,1015,351.35681224565246,313.7349781693465
8,1016,351.6508246100479,313.5754397883154
8,1017,351.9888033279286,313.4243662328212
8,1018,352.3238036012998,313.33973930292916
8,1019,352.60524186023736,313.3686911160323
8,1020,352.8025699080528,313.5047513759369
8,1021,352.9310261351576,313.68219291168873
8,1022,353.0203760726912,313.82767076605444
8,1023,353.0786597791406,313.8942359055305
8,1024,353.11402225405294,313.84976106094257
8,1025,353.13703684999217,313.7003094474981
8,1026,353.1554735304885,313.4915562748066
8,1027,353.1866147755656,313.26810346732134
8,1028,353.25894836496326,313.05906862924303
8,1029,353.39211102063007,312.8760940729945
8,1030,353.58994530823793,312.71975677678495
8,1031,353.8240416813324,312.59123037970403
8,1032,354.0469816551505,312.49172945943957
8,1033,354.213043113804,312.4157404031017
8,1034,354.28812522682796,312.3772766950348
8,1035,354.2646011072771,312.389365091927
8,1036,354.17390087098204,312.4438053421687
8,1037,354.0575484804233,312.5247184838868
8,1038,353.94037121982694,312.6283335130564
8,1039,353.8393998233324,312.73985501217675
8,1040,353.7642115581626,312.83661088579527
8,1041,353.7008326690664,312.91174350157286
8,1042,353.6232366095056,312.9771697161885
8,1043,353.5187028671225,313.0452208904108
8,1044,353.3871920358001,313.12881457347333
8,1045,353.2307170172825,313.24511890156316
8,1046,353.06225195745463,313.39659746336724
8,1047,352.90727728446456,313.5677824380449
8,1048,352.7890336375515,313.73406807323573
8,1049,352.7166556985898,313.87010214487907
8,1050,352.68583519911044,313.9525394321001
8,1051,352.6884857045183,313.9684589260802
8,1052,352.7143255152115,313.91681298550816
8,1053,352.74258583599646,313.81272119179255
8,1054,352.76227426922475,313.68076809953806
8,1055,352.7778934264571,313.5470654312252
8,1056,352.78875458318043,313.43424512715734
8,1057,352.794400510603,313.35049350338676
8,1058,352.8124603284258,313.28490441290313
8,1059,352.8506873463696,313.225268945231
8,1060,352.8931311192437,313.1707163151623
8,1061,352.9298819440327,313.12162305653027
8,1062,352.95849754058844,313.08169568518514
8,1063,352.96827006101955,313.0610782562058
8,1064,352.9571543666839,313.0631018519734
8,1065,352.956602177664,313.06952606323426
8,1066,352.9976041383086,313.067502076298
8,1067,353.08891649753167,313.0583851279161
8,1068,353.22769561085414,313.0442345936974
8,1069,353.39529189231274,313.025754219479
8,1070,353.5508966347545,313.0145288400338
8,1071,353.6573715429614,313.0151864263307
8,1072,353.6949200574217,313.02917486028304
8,1073,353.6578939890933,313.06351040934726
8,1074,353.555173759689,313.1317637179118
8,1075,353.4023233185246,313.24468610893445
8,1076,353.2180885359025,313.4061951855883
8,1077,353.0327390674133,313.5988293639725
8,1078,352.8864374969009,313.7865655827013
8,1079,352.81504525293434,313.92318586646667
8,1080,352.8397465164656,313.9738410357792
8,1081,352.9589134756162,313.9281481667532
8,1082,353.1451939156378,313.8040233496393
8,1083,353.34521018207244,313.64729627129856
8,1084,353.4974441979513,313.523326072822
8,1085,353.55871861922094,313.4805431261846
8,1086,353.5182964272037,313.5370199720174
8,1087,353.3880529962571,313.6835498829984
8,1088,353.204471142162,313.881971217357
8,1089,353.0243064978846,314.07167324097287
8,1090,352.898624716306,314.2002955167849
8,1091,352.85118126806486,314.2424000934185
8,1092,352.8859929538559,314.2007788744393
8,1093,352.99145005340375,314.10443780512406
8,1094,353.1421097737329,313.9926352249799
8,1095,353.3088214080344,313.8972185059424
8,1096,353.4686086181323,313.83101763991465
8,1097,353.6016483489706,313.79409019286527
8,1098,353.6879305384446,313.7780843247508
8,1099,353.7138628825384,313.7731111427002
8,1100,353.6788009552622,313.77629064916545
8,1101,353.59806982822323,313.78964618321845
8,1102,353.50479600444805,313.80738171406205
8,1103,353.4236680149912,313.8233489011911
9,0,374.1039041391918,304.57657199563147
9,1,374.1337114669833,304.6778935876447
9,2,374.1670801434101,304.79671402635995
9,3,374.19946280319976,304.9148690113352
9,4,374.2218105768254,305.00620814922155
9,5,374.22822079105765,305.0615262420212
9,6,374.21909254286714,305.08633811996805
9,7,374.1982494954154,305.095259166506
9,8,374.16457683184956,305.09577255572174
9,9,374.1207239466022,305.0879518143833
9,10,374.07523691477024,305.06977938696565
9,11,374.03797689250484,305.03926165741177
9,12,374.0180714690061,304.9964226968185
9,13,374.0244212979116,304.94558716926264
9,14,374.05874708610366,304.89301102776034
9,15,374.1131076109484,304.846952309799
9,16,374.1741984036282,304.8154660707046
9,17,374.22892104080205,304.80351661017426
9,18,374.26725990114545,304.81070698924424
9,19,374.2848841910755,304.8328670283227
9,20,374.28256524305914,304.86260698074256
9,21,374.2665009352339,304.89143585613687
9,22,374.24465077425623,304.91231535061945
9,23,374.22180280583353,304.9222400116441
9,24,374.2007568074909,304.92202314753524
9,25,374.18395085726365,304.9146864520114
9,26,374.16971063475313,304.905799552596
9,27,374.1537631120259,304.9008016448957
9,28,374.1341493778646,304.9033444997445
9,29,374.1092553835363,304.9139614452105
9,30,374.0777287687767,304.93149912072954
9,31,374.0403795024447,304.9520635515575
9,32,373.9982565014794,304.9707663527654
9,33,373.9548224273123,304.9838925111381
9,34,373.9165804240606,304.9903976458862
9,35,373.8906656022668,304.99006750685294
9,36,373.88374611147015,304.98512235806226
9,37,373.9023289345289,304.9799167266517
9,38,373.9423952997803,304.9760978453016
9,39,373.9912810694078,304.97201869551617
9,40,374.03536089715806,304.9667915212244
9,41,374.06343177273976,304.9597803720997
9,42,374.06916754151234,304.9499009772542
9,43,374.0604952461995,304.9380389468229
9,44,374.05465277096704,304.926907888068
9,45,374.064633006654,304.9176875148103
9,46,374.0976547593687,304.909366839338
9,47,374.1552000834875,304.9006761467492
9,48,374.22814594450205,304.8906893593175
9,49,374.30238601558773,304.87908121061804
9,50,374.37069548268636,304.86735897122753
9,51,374.42928790434826,304.8589829427299
9,52,374.472672262206,304.85641280195466
9,53,374.49792995111306,304.8607339762173
9,54,374.5037432361009,304.8715720374595
9,55,374.4890821155691,304.88657262179885
9,56,374.4569428129584,304.90171752512447
9,57,374.41615705175974,304.9143119748765
9,58,374.37407614738083,304.92368791983426
9,59,374.3362194936622,304.93056320378014
9,60,374.30479180146466,304.93590162025765
9,61,374.278093202935,304.94091899368567
9,62,374.252303331,304.94600026492355
9,63,374.2275889556682,304.9504432326358
9,64,374.20554498476497,304.95481523546306
9,65,374.18880894482425,304.96133162443135
9,66,374.17873927431594,304.97258523941184
9,67,374.1738316417255,304.99157374254384
9,68,374.1674065667756,305.02099242645113
9,69,374.15413712142043,305.05762931642647
9,70,374.12844691166,305.0950988773005
9,71,374.0880396723944,305.1274963230247
9,72,374.03720838608575,305.1499715280991
9,73,373.9877634378075,305.1592633579311
9,74,373.9478526459438,305.1591448351633
9,75,373.9224620452583,305.1564281601499
9,76,373.9139885990566,305.15625175949924
9,77,373.91950358298914,305.1595867455167
9,78,373.93050319549536,305.1641474680797
9,79,373.94150590255117,305.1647295636724
9,80,373.9520500976837,305.1561925532172
9,81,373.96210093062376,305.13635610165517
9,82,373.9723850330213,305.10799990969866
9,83,373.98513212621725,305.07631558907724
9,84,374.0024313937037,305.0461692831792
9,85,374.0231884778049,305.0219882918586
9,86,374.0463014570395,305.0063678901398
9,87,374.07200488487996,304.99847669144384
9,88,374.0999917479534,304.9965905383548
9,89,374.1274115111557,305.00002147871834
9,90,374.15290162289455,305.0082982282386
9,91,374.1751840865892,305.0213258387892
9,92,374.1911941682137,305.0412330102341
9,93,374.197589442086,305.0691441283835
9,94,374.1938736933056,305.1029711115089
9,95,374.1785687515997,305.1383399945331
9,96,374.15145847815063,305.169731368674
9,97,374.1147142902394,305.19088854691483
9,98,374.0727929122061,305.1989325363834
9,99,374.0299625573884,305.19602721759026
9,100,373.99062543308156,305.18652628550586
9,101,373.9575206349134,305.1757493667065
9,102,373.93367624815335,305.16801678694844
9,103,373.9208371393147,305.1645882290497
9,104,373.9179316224296,305.1623621492438
9,105,373.9249825441871,305.15690338244724
9,106,373.9417613909777,305.14418372198713
9,107,373.9619499702614,305.1238208358662
9,108,373.9787337885334,305.098537309318
9,109,373.98939506007156,305.07362244701005
9,110,373.9916710341322,305.05448736684247
9,111,373.98440390102957,305.0446024958923
9,112,373.97214574233396,305.04274294281646
9,113,373.9585090976235,305.04468543604486
9,114,373.9447025826144,305.046034130781
9,115,373.92969596480526,305.04329939779484
9,116,373.91447715074696,305.033876742248
9,117,373.902050379603,305.01751202499213
9,118,373.89750296221337,304.9953091103089
9,119,373.9051772707068,304.9675590897264
9,120,373.92989098334147,304.93530272939637
9,121,373.97213911629876,304.90201117794084
9,122,374.02500406160266,304.86997879005054
9,123,374.0787963413346,304.84117534055036
9,124,374.1247104887394,304.818990210446
9,125,374.15560427340404,304.8054481377836
9,126,374.1681400455985,304.79936458073365
9,127,374.16616909125196,304.8000885850965
9,128,374.1574346958428,304.80674675882597
9,129,374.14915302600696,304.8171830629871
9,130,374.14676620857153,304.8302177880086
9,131,374.152521940424,304.8456489188344
9,132,374.163868437339,304.86265526200117
9,133,374.17503947946904,304.8803873929042
9,134,374.18324491156295,304.8982491233923
9,135,374.1888626524303,304.9148537360235
9,136,374.1956405451531,304.93062510827457
9,137,374.20829803357714,304.94702406100794
9,138,374.2313800105573,304.965286636775
9,139,374.264988964286,304.98656418990834
9,140,374.3041201794766,305.01147521687085
9,141,374.33990254898066,305.0376367416697
9,142,374.3653833011513,305.0622627190167
9,143,374.3784911658959,305.082316614363
9,144,374.38069895022625,305.09358780262926
9,145,374.37511608556787,305.09282493869495
9,146,374.3662505871094,305.0794950117652
9,147,374.35689594399526,305.05473177478007
9,148,374.3445898910313,305.02164278190736
9,149,374.32472298482537,304.9856491889577
9,150,374.2961935225717,304.95150509640564
9,151,374.26241667096957,304.9217256645204
9,152,374.23196673983256,304.8967762104456
9,153,374.2173271217285,304.8754503990008
9,154,374.2290980477052,304.8557063635458
9,155,374.2711706105044,304.83632168076343
9,156,374.3396636347754,304.8178901075037
9,157,374.42269977967896,304.80183768541025
9,158,374.5046478030048,304.7898081090416
9,159,374.5749294927325,304.78186830764884
9,160,374.6284796074321,304.7782768575821
9,161,374.6642267135846,304.77927711485694
9,162,374.6837726063618,304.7840729790977
9,163,374.68809501208756,304.79117359393905
9,164,374.67543396238233,304.7999181214443
9,165,374.64518224419766,304.8087699930283
9,166,374.5987885932599,304.81580989512565
9,167,374.54062803923773,304.82215478301987
9,168,374.4811977212896,304.82955237720324
9,169,374.43328448512057,304.83940197207124
9,170,374.4060257149161,304.85167708138897
9,171,374.40453147177845,304.86483137857556
9,172,374.4275532278659,304.873856296338
9,173,374.4659222871612,304.87505068186755
9,174,374.50674250245,304.8672830477786
9,175,374.53800382918655,304.85224429562237
9,176,374.5497449752703,304.8332824003992
9,177,374.5405240945824,304.813565086512
9,178,374.51906429156014,304.7955354981858
9,179,374.4984457338287,304.78022666987044
9,180,374.49029120920846,304.76769012429526
9,181,374.5018853577512,304.75718205034116
9,182,374.53244645488763,304.75029033445844
9,183,374.56930915493456,304.74840272193336
9,184,374.5971462176911,304.7522736107408
9,185,374.6069672742923,304.7627745133836
9,186,374.5969202283708,304.7812797350985
9,187,374.5673250715509,304.80646045883947
9,188,374.5223864111428,304.83318055479646
9,189,374.4676883660428,304.85582402459147
9,190,374.4048651464822,304.8687865152553
9,191,374.33462169406266,304.86666213537745
9,192,374.26232644436027,304.84825567067514
9,193,374.19813166067814,304.81957327653464
9,194,374.1481847191199,304.78829373140087
9,195,374.1157325653713,304.7618191982996
9,196,374.09961697092217,304.74710393981553
9,197,374.0958377152593,304.74787766523
9,198,374.09791829878935,304.7634157744386
9,199,374.10134040747675,304.79218394499986
9,200,374.1037755799259,304.8319341345315
9,201,374.10802977328905,304.87771561239816
9,202,374.11690238636254,304.92455830423194
9,203,374.1293025217931,304.9680996337968
9,204,374.14360214183745,305.0029486510751
9,205,374.1582541143065,305.0243753790036
9,206,374.1687544547334,305.03278231262385
9,207,374.1724035836633,305.03100432915267
9,208,374.17303785273737,305.0233288066801
9,209,374.17636341644175,305.0151450145229
9,210,374.1849999206144,305.010929769268
9,211,374.1990342243383,305.01127278138273
9,212,374.21463634294224,305.013886204624
9,213,374.2252953082266,305.0154236502955
9,214,374.2247055544045,305.0121978887882
9,215,374.2133651048397,305.00253470565724
9,216,374.19583010723784,304.98793228436546
9,217,374.1783204219419,304.97191072221614
9,218,374.16595194441203,304.9578429801808
9,219,374.16371549695,304.9499456074061
9,220,374.17137290164123,304.9508371651511
9,221,374.18549963752866,304.96057716172845
9,222,374.201286931326,304.97788659393683
9,223,374.21452677451674,305.00008191556765
9,224,374.2203299459922,305.02168558284814
9,225,374.2175113498735,305.0368194935482
9,226,374.2085820618458,305.0415545675842
9,227,374.1981483207391,305.03392840958765
9,228,374.1892843225379,305.01505947960896
9,229,374.1844066803493,304.9903462688351
9,230,374.1825201924355,304.96738198008717
9,231,374.18075170799057,304.95118995921837
9,232,374.1758205157105,304.9433776785101
9,233,374.1663786533132,304.94330991493575
9,234,374.15342277577605,304.94774972822006
9,235,374.14199803469273,304.95057371096004
9,236,374.1386468386369,304.94727493113857
9,237,374.14839543136554,304.93862486198265
9,238,374.17631662320457,304.92716133562556
9,239,374.2248514346472,304.9152490692652
9,240,374.2917083858625,304.90666134857304
9,241,374.3699650164764,304.9050077148142
9,242,374.4548826741958,304.90943287717323
9,243,374.5423564477675,304.9173230259332
9,244,374.62905912903904,304.9269305694702
9,245,374.71078147744157,304.93672856125806
9,246,374.78397100868835,304.9446975220825
9,247,374.8392361292309,304.94958115753644
9,248,374.8610893667128,304.95082998293447
9,249,374.83785464266924,304.9493809775808
9,250,374.7668351692584,304.94711833963896
9,251,374.6545984781193,304.9466376803921
9,252,374.51894767322153,304.95060517080753
9,253,374.3883226104668,304.960182485067
9,254,374.2837946262245,304.9733714087663
9,255,374.21482915159015,304.9873476921853
9,256,374.18040010911767,305.00055259158205
9,257,374.17464613071957,305.01247820129333
9,258,374.190282741773,305.02360125476514
9,259,374.23253294514507,305.02904199872495
9,260,374.3236154616082,305.0087701361568
9,261,374.49139360529733,304.92683797500877
9,262,374.7478248099616,304.75264499324715
9,263,375.0735131021018,304.4754253238407
9,264,375.4114641822834,304.11506964798537
9,265,375.6906146780195,303.7350797793786
9,266,375.84171759665213,303.43137133578387
9,267,375.8443900785142,303.2765746400873
9,268,375.7393310702701,303.2996288836032
9,269,375.61104942665156,303.4902386632412
9,270,375.5337078884569,303.7980354780381
9,271,375.574575199757,304.1447720220292
9,272,375.7498357321161,304.4746929215061
9,273,376.03612938033115,304.7609480173946
9,274,376.38711696912225,304.9837036766326
9,275,376.7586042094442,305.13395289986136
9,276,377.09788634744837,305.22386877214973
9,277,377.36378985429144,305.2673622668716
9,278,377.53466783927746,305.28476535262035
9,279,377.60929322507496,305.30285700884446
9,280,377.61106820430416,305.334508658413
9,281,377.58661732230956,305.37319621551774
9,282,377.59223068241624,305.4099126254781
9,283,377.66725508509313,305.43370606238074
9,284,377.8212232338578,305.4353158478179
9,285,378.0312576510845,305.422519184515
9,286,378.25677852351515,305.40936707913005
9,287,378.46200697509283,305.40211351321034
9,288,378.62792873737993,305.4027990827811
9,289,378.7421980785387,305.40915597576287
9,290,378.79570524772384,305.4100502009692
9,291,378.7759731984623,305.40158628426803
9,292,378.6652673174244,305.3914294133416
9,293,378.45428205849726,305.3852087377133
9,294,378.1639020670528,305.3834613225832
9,295,377.8432484047811,305.3925949610016
9,296,377.55809450516284,305.41254038302066
9,297,377.3646958308189,305.43720335656513
9,298,377.2873342422651,305.46575230538224
9,299,377.3044736096809,305.501880238721
9,300,377.3633334288211,305.54132901881417
9,301,377.3954008694968,305.57904022029675
9,302,377.34619901267837,305.6100730245805
9,303,377.19374888304475,305.62996884204296
9,304,376.951624371662,305.63679343728097
9,305,376.6497886198519,305.6309120581082
9,306,376.3259560611045,305.60962212537123
9,307,376.01253307873407,305.57157437870285
9,308,375.7318125325037,305.5175165622024
9,309,375.50574281689927,305.45054341784737
9,310,375.3600970099064,305.3788546494357
9,311,375.31722832080817,305.31833596000314
9,312,375.38414980626806,305.28543008431603
9,313,375.5458624565543,305.28881803582476
9,314,375.76112502069174,305.32719858508176
9,315,375.9851013347631,305.39002716740964
9,316,376.1830293821326,305.46190475637115
9,317,376.3364339510639,305.5260910793794
9,318,376.44072072593383,305.56806468391034
9,319,376.49986440083444,305.5796259845624
9,320,376.5116877227959,305.56156024730075
9,321,376.4637082893973,305.51864024517823
9,322,376.3510451381767,305.45577768858766
9,323,376.1888442035288,305.3858415162141
9,324,376.0111156174184,305.3282740140133
9,325,375.86248926275897,305.2969766044413
9,326,375.7809065591597,305.3003173934057
9,327,375.7754626885752,305.3446902554412
9,328,375.8276346011103,305.4238043216963
9,329,375.90071345778955,305.51723582625215
9,330,375.9497011539875,305.60856188350743
9,331,375.95127233758177,305.685255018237
9,332,375.91089919956715,305.73622402705246
9,333,375.8423863430505,305.76040277023776
9,334,375.754415087486,305.7663931129249
9,335,375.65785524929333,305.76025809475334
9,336,375.5565858307923,305.74711894731075
9,337,375.4510832200196,305.73343670415073
9,338,375.3533672225847,305.72369221442364
9,339,375.29318637974274,305.7229273118575
9,340,375.28941239356874,305.7380891688791
9,341,375.33957400738575,305.7712368053273
9,342,375.42843594050476,305.8176708133993
9,343,375.5337655824302,305.864568562843
9,344,375.6262548489554,305.89494855578494
9,345,375.68956587747135,305.8922790609334
9,346,375.73104002715246,305.846655750419
9,347,375.76288384173347,305.76018078677504
9,348,375.79387581359407,305.6485457674703
9,349,375.81273414882804,305.54244212146887
9,350,375.7032136467313,305.53212413754466
9,351,375.49247683610673,305.61801444300465
9,352,375.3455679175761,305.707219215754
9,353,375.3169199474339,305.7680494272626
9,354,375.421596605758,305.78730344039985
9,355,375.6359049507351,305.76654161903014
9,356,375.9129261902716,305.7199312306055
9,357,376.1587938688592,305.68911590935164
9,358,376.4126268122137,305.63395506407477
9,359,376.55581484964273,305.6021886104152
9,360,376.5689743495757,305.595920774484
9,361,376.5078726928666,305.58487959418306
9,362,376.51232866514295,305.50426325824435
9,363,376.59655068603865,305.3660102965294
9,364,376.6867673013139,305.24759573163414
9,365,376.7600088917781,305.18954928269596
9,366,376.81690779846485,305.2040275905457
9,367,376.8702235534974,305.2745106501745
9,368,376.94541705220735,305.3610583878722
9,369,377.1030028085029,305.38807115373567
9,370,377.2153204459132,305.40572359794254
9,371,377.23497900982875,305.4211873082866
9,372,377.19270380215323,305.4134350212504
9,373,377.2079520359546,305.326202538948
9,374,377.1617143883525,305.235908662643
9,375,377.0128307107234,305.188921516518
9,376,376.77528953062347,305.2029517353854
9,377,376.51561670314925,305.25228609477745
9,378,376.3819870948632,305.24813843043114
9,379,376.39510370894675,305.1792816489308
9,380,376.51204783461503,305.0646895693086
9,381,376.6412853701388,304.9390770343662
9,382,376.6482499139641,304.85913381978105
9,383,376.5803973035409,304.7849395948626
9,384,376.4432250102431,304.71560038761766
9,385,376.25207353706594,304.65750477813464
9,386,376.0343689512422,304.6197249230206
9,387,375.8121985248611,304.6059524654197
9,388,375.6150988819586,304.6112862101194
9,389,375.44968527734267,304.6289656254876
9,390,375.30259532725137,304.652300345314
9,391,375.16855984772974,304.6691108240054
9,392,375.04525434815463,304.6701194880449
9,393,374.9140031436596,304.65205116279634
9,394,374.77200945582604,304.6211085741613
9,395,374.63462322600026,304.58931676807475
9,396,374.50655935047087,304.5672464253141
9,397,374.3894725493892,304.55971063022537
9,398,374.2909397062484,304.5681856489798
9,399,374.2147553159829,304.5864160141416
9,400,374.16131832660824,304.5991514041663
9,401,374.1359985652155,304.5949000105066
9,402,374.14732314356985,304.5751763952246
9,403,374.21063336676343,304.54866559186644
9,404,374.3453451489136,304.5219653288271
9,405,374.5473029838111,304.5030759582791
9,406,374.78169761425204,304.49784338499967
9,407,375.00559643583864,304.499240875158
9,408,375.172885912655,304.4933688982084
9,409,375.2384655822067,304.47613270464075
9,410,375.1967746615039,304.4477883965097
9,411,375.0809551245237,304.4089018917882
9,412,374.93187322092206,304.3645042700543
9,413,374.7882890720202,304.3220254893905
9,414,374.68096139573237,304.28615975363925
9,415,374.6176003844618,304.2663164822229
9,416,374.6036006459339,304.27073977459366
9,417,374.6459471322927,304.3003336454608
9,418,374.74058916233326,304.34669818362426
9,419,374.8629533990212,304.3903727988593
9,420,374.9799696512111,304.40092794912715
9,421,375.05268251385974,304.3579795964176
9,422,375.0451223422476,304.25727123058124
9,423,374.93963303930013,304.1137415343878
9,424,374.759779762718,303.9616928852532
9,425,374.5601018480507,303.84326301832357
9,426,374.3938092287747,303.7850525586974
9,427,374.3018016291774,303.7961908382156
9,428,374.30832692582607,303.8716791764192
9,429,374.40957286707544,303.9920867775721
9,430,374.55986476765025,304.1306353716163
9,431,374.70103521777764,304.2620556550556
9,432,374.7976658156698,304.3617779783697
9,433,374.85857294344953,304.40410373584245
9,434,374.9054115280895,304.3740040720812
9,435,374.96918405747874,304.2682813267916
9,436,375.08545264869576,304.09927953191266
9,437,375.26253134185384,303.9008015319798
9,438,375.4557072184807,303.71825198943066
9,439,375.6263429099649,303.5852707869296
9,440,375.76615982260614,303.52368843470555
9,441,375.8655046295461,303.5357458234548
9,442,375.91168034118107,303.6004342250237
9,443,375.91605652858,303.6761760688572
9,444,375.88144473345403,303.7225044462269
9,445,375.8077199251485,303.71271925307553
9,446,375.72475557380164,303.63719347804937
9,447,375.67908849421724,303.5060944352116
9,448,375.6930899038618,303.36052026713367
9,449,375.77959412381904,303.2470796815355
9,450,375.9251658747242,303.1922836883062
9,451,376.08679392413916,303.2089582088862
9,452,376.2328844185853,303.29244893806214
9,453,376.360977056897,303.4113792589469
9,454,376.4796221382984,303.5258932347295
9,455,376.6075661537893,303.6056925591231
9,456,376.7618049166233,303.6399223919139
9,457,376.9357761044529,303.63330612487454
9,458,377.1094495157107,303.59217020546015
9,459,377.2637874772111,303.53240222838184
9,460,377.38098909419483,303.47742424298696
9,461,377.4447340002884,303.43834505241176
9,462,377.4412752489758,303.41483053779245
9,463,377.3653366939254,303.41897543128584
9,464,377.22247257883964,303.45650947910246
9,465,377.03629187225914,303.5201243720774
9,466,376.8472987649492,303.59135113322094
9,467,376.6944483856317,303.65245633769985
9,468,376.5885532244728,303.6920997922603
9,469,376.5008322696291,303.7111888342851
9,470,376.3728399067176,303.7170970540948
9,471,376.15552366958497,303.7241233066444
9,472,375.8362917653073,303.7523474037101
9,473,375.4463643344617,303.8054534132592
9,474,375.0429426507906,303.86827868855266
9,475,374.69094689909684,303.9273116698314
9,476,374.4307542093024,303.9830202630296
9,477,374.2608170665104,304.0303605106505
9,478,374.1344603958315,304.0658370717596
9,479,374.0192780364726,304.10502914882
9,480,373.90475242804285,304.1633372227996
9,481,373.789649211794,304.2373587947193
9,482,373.69200983372025,304.323475352998
9,483,373.6674849239435,304.4222005505041
9,484,373.74731055744354,304.51391984709187
9,485,373.92719924227725,304.5718087811552
9,486,374.1767714844199,304.57928160960205
9,487,374.43922715164985,304.52460101036155
9,488,374.63371038395934,304.4085919849122
9,489,374.69909897557324,304.26029947903385
9,490,374.61050718967556,304.1177019454042
9,491,374.37972018600794,304.01289495828576
9,492,374.0573621150399,303.9725126205587
9,493,373.7200595206218,304.00640716613407
9,494,373.4333427296587,304.097705546839
9,495,373.23118518678274,304.21921995444245
9,496,373.1188778310812,304.3474233540804
9,497,373.0790908191062,304.4621306478709
9,498,373.0810590108657,304.53534890775575
9,499,373.0892481033979,304.5480615596489
9,500,373.0690126937042,304.50334363507045
9,501,373.00915738995934,304.416716097444
9,502,372.9165862311548,304.3072247635268
9,503,372.7957359816788,304.21287434706835
9,504,372.64844578440153,304.1729510389572
9,505,372.49701671044863,304.1940460694561
9,506,372.35542587990744,304.25141292194553
9,507,372.2279732049665,304.3084664945355
9,508,372.1240875824733,304.3272936206691
9,509,372.06935231580206,304.28614078821806
9,510,372.076009536406,304.1935908780174
9,511,372.1419512750943,304.08201168631973
9,512,372.25490562023356,303.989150685844
9,513,372.3979147838643,303.93678191540283
9,514,372.5498754290443,303.91117972771644
9,515,372.70348888055946,303.88721674431895
9,516,372.8761752462953,303.8470902819487
9,517,373.08223978004054,303.79013424846727
9,518,373.3133901741053,303.7302436977952
9,519,373.5471599953421,303.7041220912415
9,520,373.764180155195,303.7405466549003
9,521,373.94451339318795,303.8446526567045
9,522,374.08299733455954,303.9971107038972
9,523,374.205243631536,304.16603487367024
9,524,374.36198172086296,304.3126002793118
9,525,374.58199632021285,304.40720694079795
9,526,374.86154199530574,304.4398654935508
9,527,375.1706971226219,304.4185097252339
9,528,375.47143436682757,304.36402742633487
9,529,375.71194171045994,304.30101797876745
9,530,375.8561002767102,304.2560077613055
9,531,375.9016415116617,304.24624140576157
9,532,375.8780612898679,304.2751229643356
9,533,375.81596037048564,304.33828719198476
9,534,375.73895280715584,304.4256414636882
9,535,375.6568818426125,304.5173735773355
9,536,375.55895798764885,304.59592252214424
9,537,375.4240051662857,304.6487716961874
9,538,375.2366575726666,304.6680908345588
9,539,374.9953669369401,304.6575159650161
9,540,374.71271910352476,304.6282585327129
9,541,374.416286613686,304.58998185446023
9,542,374.14142751864733,304.55492406497547
9,543,373.9131230106298,304.5326680954223
9,544,373.7419245414984,304.5232254558754
9,545,373.6309459376989,304.5234360326588
9,546,373.5787789696397,304.5286354263097
9,547,373.5778221989589,304.5312609464304
9,548,373.62104652567746,304.52706297921117
9,549,373.6984930990535,304.5142571308015
9,550,373.7953174820442,304.4924797590053
9,551,373.88550819455446,304.4682408412619
9,552,373.9342412444801,304.45050232698446
9,553,373.9167717155357,304.44366843066643
9,554,373.8375771756142,304.4533373691868
9,555,373.72293448912234,304.4829556441641
9,556,373.618526931706,304.52764139528256
9,557,373.5734361200259,304.58156567052276
9,558,373.6166699881368,304.6387748671623
9,559,373.7460206792343,304.68760771724055
9,560,373.93297397117254,304.72052075230715
9,561,374.13341721779574,304.7361445123321
9,562,374.29284818345985,304.7351487562992
9,563,374.3662394449531,304.7236816012985
9,564,374.3274690547044,304.71688475231826
9,565,374.17571086096956,304.7236366411795
9,566,373.92974616078965,304.74785253981884
9,567,373.64493697880886,304.79093008014036
9,568,373.3910607308976,304.85316511927886
9,569,373.22570123538645,304.92861356794134
9,570,373.1824888147207,305.01360071777617
9,571,373.26190073709273,305.1058993664679
9,572,373.42016958107394,305.20060667227455
9,573,373.59184983880454,305.285675556635
9,574,373.71759999001193,305.34987849251166
9,575,373.75346889312453,305.38697183338064
9,576,373.68831795338286,305.39637350479626
9,577,373.55260339492736,305.3828789716781
9,578,373.3940758879514,305.35680969171756
9,579,373.26030597764793,305.3291360226448
9,580,373.195214167743,305.3039434555702
9,581,373.2192315220726,305.27592890928855
9,582,373.316515330968,305.2385573600301
9,583,373.4540079755516,305.18957046729304
9,584,373.59111285775083,305.1305795405585
9,585,373.6847543789726,305.06670109071223
9,586,373.7055184583305,305.0057692412512
9,587,373.64607920462464,304.95362247349084
9,588,373.51330206220445,304.9054820531648
9,589,373.3241797278228,304.8540211346118
9,590,373.08951028861736,304.7970839808655
9,591,372.83163181339455,304.73958105164434
9,592,372.58750259507804,304.68420241840954
9,593,372.38665905386483,304.63902723291454
9,594,372.2598845238143,304.6102208298437
9,595,372.24321125628825,304.597222652852
9,596,372.34027482076107,304.5921868163309
9,597,372.51345178341114,304.59167368970435
9,598,372.7317573187563,304.596286529832
9,599,372.9641070992595,304.60985196435195
9,600,373.1917045374144,304.63085706373704
9,601,373.39417594379967,304.6528575808247
9,602,373.56741869378385,304.6602912013291
9,603,373.73635142183474,304.62933154321973
9,604,373.8348622945709,304.55974172961584
9,605,373.81325701293565,304.45396548321776
9,606,373.6770083414856,304.3258812007907
9,607,373.4713068896318,304.2066456216773
9,608,373.26521464864214,304.1340818521328
9,609,373.10961578739324,304.1294586619676
9,610,373.0334195766165,304.1914623385291
9,611,372.9915752948628,304.289549543788
9,612,372.9850385716472,304.4007226927297
9,613,373.07188099214085,304.52791264757093
9,614,373.2061365824061,304.6634936884221
9,615,373.2531594467326,304.7865137554513
9,616,373.14345026288123,304.8770179705336
9,617,372.97980714287917,304.9211447785174
9,618,372.8421130389287,304.90946592495203
9,619,372.799376481833,304.8451330827923
9,620,372.9013253197015,304.7356300373064
9,621,373.15222881221086,304.59400812556595
9,622,373.49723049463114,304.4433274867728
9,623,373.7906162029553,304.28784640539266
9,624,373.9930152752555,304.12074365521147
9,625,374.1109666216762,303.954684518272
9,626,374.1830640817461,303.8030897987884
9,627,374.2688128938232,303.66232570145564
9,628,374.4305559300799,303.5292627920923
9,629,374.70956260026793,303.4131739627014
9,630,375.11394665030895,303.317054583353
9,631,375.6175494570332,303.246822796554
9,632,376.16649570671524,303.2133228182873
9,633,376.69393310283164,303.2251715976289
9,634,377.1193326742536,303.288093405053
9,635,377.3637428866787,303.4025479536449
9,636,377.36779937182223,303.55381413460316
9,637,377.1194248119288,303.7197638594172
9,638,376.63157127191516,303.8811888795082
9,639,375.98737535389586,304.01584895266967
9,640,375.4437626626714,304.1052330628214
9,641,375.15727756792546,304.1467345217348
9,642,375.16431967467065,304.15410345973436
9,643,375.442388263684,304.14195034880805
9,644,375.8911426737074,304.1190044585313
9,645,376.31524156756944,304.1038705102316
9,646,376.7299590481396,304.09946777395766
9,647,377.08312305696745,304.11160760827727
9,648,377.3868357863919,304.1364341248881
9,649,377.64574482583527,304.17500191367606
9,650,377.8360027411114,304.22718978706166
9,651,377.9367823400147,304.2950171886819
9,652,377.93669048675395,304.3792498535037
9,653,377.8394090531101,304.4689458182014
9,654,377.6704392487125,304.5415675361156
9,655,377.5088535323432,304.5782263272716
9,656,377.5394346914672,304.56169357512283
9,657,377.78620675443045,304.4960172125592
9,658,378.14685296918674,304.41074097762385
9,659,378.4128475698894,304.3492528159967
9,660,378.5131007155211,304.3460796958336
9,661,378.4479038913075,304.40921628161266
9,662,378.2797763757767,304.51922542025676
9,663,378.1590766203595,304.64484204916994
9,664,378.1398150933639,304.7617001301622
9,665,378.179546971669,304.8589071092398
9,666,378.2668780588441,304.92624608936484
9,667,378.3763981979327,304.9620587494229
9,668,378.4701726963157,304.97399127115216
9,669,378.51274532299817,304.96620316663467
9,670,378.4798899871255,304.93530450552544
9,671,378.3773596736255,304.88618730705593
9,672,378.20146125580834,304.83495603353794
9,673,377.9357583391037,304.8044216683535
9,674,377.5861920998513,304.8142601226937
9,675,377.1880037764165,304.8744911091825
9,676,376.786253362161,304.97300400878595
9,677,376.4330353664988,305.0752385375993
9,678,376.1883617051565,305.14012724701917
9,679,376.06202030554346,305.1468225142377
9,680,376.0183920392321,305.1011840080939
9,681,376.0051472452268,305.02193632611915
9,682,375.9793176882791,304.93643321777546
9,683,375.89632220421356,304.88345439820984
9,684,375.7483944740673,304.8892544955406
9,685,375.5513594747217,304.9571493631726
9,686,375.33339361856935,305.0800005409044
9,687,375.11679418510937,305.2464615815373
9,688,374.9285671529813,305.42596807781996
9,689,374.78619197614495,305.5816896909437
9,690,374.6995037268325,305.69348505688475
9,691,374.6656107293458,305.7595022988604
9,692,374.6773074840735,305.78350716747724
9,693,374.7191564738735,305.7757678329068
9,694,374.7753844165018,305.75442618336615
9,695,374.8387736290115,305.7342096653661
9,696,374.9104981200702,305.71614530691824
9,697,374.99761410511394,305.6983112720013
9,698,375.1230691693113,305.682036535034
9,699,375.3082266700779,305.6629700491757
9,700,375.54733232437735,305.62925176406935
9,701,375.81521338023697,305.5758302936046
9,702,376.09837775649805,305.4993035057651
9,703,376.4683816418205,305.388200811889
9,704,376.89289399140245,305.25233940886227
9,705,377.2540233156227,305.1133476015047
9,706,377.51527010113125,304.9851628020642
9,707,377.6726492594511,304.8768311959857
9,708,377.74265328150324,304.78780580624556
9,709,377.73302447256975,304.700384716314
9,710,377.6377283848185,304.6008757680843
9,711,377.485806408779,304.4836974284643
9,712,377.31400870142375,304.355801608878
9,713,377.17077081548945,304.25369320989574
9,714,376.96517916442764,304.1779279411268
9,715,376.6913575475464,304.14104957153023
9,716,376.3718988524597,304.1472676706642
9,717,376.05784143019264,304.19069669052305
9,718,375.7985835302731,304.2649428712637
9,719,375.6230239857846,304.3563753642719
9,720,375.5410141196467,304.4552386866175
9,721,375.5506892803774,304.5528853009292
9,722,375.63396621409504,304.63863841275065
9,723,375.75636860706567,304.69367905296195
9,724,375.8744601106724,304.7006949314752
9,725,375.94189972376273,304.6539348453072
9,726,375.9033798078197,304.57751160005097
9,727,375.7405150438347,304.50261117949617
9,728,375.5904381404528,304.43839970222035
9,729,375.5263061446617,304.407195589998
9,730,375.55492613812766,304.42974187214895
9,731,375.6459109698754,304.5021695598126
9,732,375.7582109513827,304.6089574666164
9,733,375.8582375314642,304.74731318293124
9,734,375.9065299554333,304.9116170107324
9,735,375.86744756987866,305.0807335033109
9,736,375.73014672303316,305.2239519572377
9,737,375.53268012786776,305.29786271996244
9,738,375.36084628065373,305.2513467884436
9,739,375.31259825257564,305.07005352179794
9,740,375.4477957287681,304.7778952631679
9,741,375.7529585170462,304.4293271956982
9,742,376.12496285213706,304.09822932432445
9,743,376.41847975845934,303.8504171511035
9,744,376.52238919943375,303.71521635504695
9,745,376.41500902382313,303.6859958467388
9,746,376.1454912450188,303.72684380897243
9,747,375.76313717304373,303.78074704103767
9,748,375.47295922587443,303.8189265067303
9,749,375.32304286069115,303.82974113106667
9,750,375.4188016170376,303.8227809903302
9,751,375.6994099777119,303.81900990893917
9,752,376.01544959214345,303.8462630424646
9,753,376.1623575377037,303.916146096885
9,754,376.07087216084585,304.022331762671
9,755,375.7705792461767,304.15005213669497
9,756,375.3744898567291,304.27705036716844
9,757,375.0051094077188,304.38065734141736
9,758,374.7274646622959,304.4490340300586
9,759,374.55689695865584,304.48197138802635
9,760,374.48355468042746,304.4847065996173
9,761,374.47598524723435,304.4621584206475
9,762,374.5102513533299,304.4129526847466
9,763,374.5942655288628,304.3444514981257
9,764,374.7648897157576,304.2790795485383
9,765,375.0423213839505,304.2351200294927
9,766,375.40870215038643,304.21900869637307
9,767,375.81617550196955,304.2393584554704
9,768,376.3103859615978,304.29056395710745
9,769,376.7904493995759,304.3368596268562
9,770,377.1883859836736,304.34474688617075
9,771,377.4490235929326,304.3059923901355
9,772,377.57896961905186,304.2270720959309
9,773,377.59563216688196,304.1245195768896
9,774,377.5103721742718,304.026066759524
9,775,377.34432166625635,303.9655989271456
9,776,377.12200983837135,303.9604954448961
9,777,376.843385766286,304.0148535407107
9,778,376.51152604361147,304.12859717838614
9,779,376.1578009289534,304.29727477872126
9,780,375.81428463424356,304.5057652197307
9,781,375.5164384320249,304.7352089035315
9,782,375.30927881338465,304.963119674999
9,783,375.20957950396917,305.16687288261767
9,784,375.1834271087865,305.325861181663
9,785,375.180412392619,305.4212741666702
9,786,375.1611561496863,305.44841346880736
9,787,375.09653152108456,305.421623745527
9,788,374.9872568224257,305.36562349214057
9,789,374.85340492894244,305.30800096853585
9,790,374.7180991648165,305.27756113632245
9,791,374.5878665688681,305.2858584817249
9,792,374.45237997474186,305.32811220769963
9,793,374.28728321586703,305.39301685690407
9,794,374.08519091806863,305.4653008797362
9,795,373.85883149605223,305.52409600811706
9,796,373.63386672800897,305.54684031814685
9,797,373.44553983726735,305.5090521418982
9,798,373.3365428189105,305.39479675281297
9,799,373.3198999383864,305.21014593774635
9,800,373.3823785109453,304.98211554011056
9,801,373.51317499400864,304.7574972200644
9,802,373.701030906586,304.5928993194517
9,803,373.9196721168728,304.5320276536312
9,804,374.162221815642,304.57811100836915
9,805,374.4362593086925,304.7005775913652
9,806,374.7206680837602,304.85029608577645
9,807,374.9805105457918,304.9846536237703
9,808,375.1855842007937,305.06555593371104
9,809,375.30140246473314,305.066899969861
9,810,375.30865256283835,305.0013346997949
9,811,375.2187746168745,304.89832822200634
9,812,375.0664221092552,304.7915504197604
9,813,374.8915184010252,304.7228299560842
9,814,374.737000597169,304.71993212724965
9,815,374.7804215772689,304.747144542943
9,816,375.0714293293217,304.77091861949094
9,817,375.5536459671446,304.77408649804926
9,818,376.02539000717303,304.7687607852664
9,819,376.4467405032039,304.7491763996038
9,820,376.8225880391308,304.7126332869208
9,821,377.1311399887904,304.66754234290266
9,822,377.3281837965508,304.6396914386919
9,823,377.38759128572866,304.6497352739168
9,824,377.2892551107128,304.6993741173178
9,825,377.02890029141975,304.7813744875536
9,826,376.6383639340531,304.88553382125576
9,827,376.16635866480294,304.9942870487512
9,828,375.6602461495932,305.09879873581843
9,829,375.1648114293749,305.2013868978121
9,830,374.7088309451294,305.30268897785527
9,831,374.306720116287,305.39929217741945
9,832,373.9900532786547,305.4832424991997
9,833,373.84184010588245,305.5271421362519
9,834,373.78612730162433,305.55193909558625
9,835,373.7953544368979,305.57466980503057
9,836,373.83949469807146,305.6121391913338
9,837,373.88193391495355,305.6704719688361
9,838,373.88343532725975,305.74075945314877
9,839,373.8004760580449,305.8087855181181
9,840,373.61616237284255,305.85287477256503
9,841,373.36386923660314,305.8438390009009
9,842,373.0912211697678,305.7554293732707
9,843,372.8374132974016,305.5682974393304
9,844,372.6307508016102,305.2708523099751
9,845,372.474899440769,304.8702214915788
9,846,372.33850038113485,304.4101035459327
9,847,372.1939033773489,303.96212846776467
9,848,372.0389991185599,303.5977690538134
9,849,371.89693434087906,303.38126308050494
9,850,371.8237444947255,303.34711325618946
9,851,371.87103044113854,303.48462938740175
9,852,372.0616022951625,303.7387444378545
9,853,372.3983488750122,304.053660398441
9,854,372.8608096133252,304.3722943525955
9,855,373.37201662434103,304.6559173087668
9,856,373.8452417957067,304.88352753386124
9,857,374.2174234063923,305.0578019181753
9,858,374.4694983731446,305.1763965977009
9,859,374.6192435159736,305.2465577748503
9,860,374.6947363751542,305.28505523605554
9,861,374.7035261607302,305.3104115767598
9,862,374.65533546597925,305.330614710809
9,863,374.54689322647175,305.3518150973294
9,864,374.37284303959535,305.37524397090465
9,865,374.1702584996086,305.3906406684018
9,866,374.0220444498179,305.3886716424764
9,867,373.98093996378424,305.378806879751
9,868,374.0626030297735,305.37705433899106
9,869,374.2524158203047,305.3920678376198
9,870,374.49926804816295,305.42852177901136
9,871,374.7294085440424,305.48648727690414
9,872,374.8943706958851,305.55529970685984
9,873,374.9708193322964,305.6230436931485
9,874,374.969724600522,305.6825102761509
9,875,374.91961712308847,305.7306247286362
9,876,374.85529981806394,305.7701941326553
9,877,374.80896146935606,305.80505093421374
9,878,374.8097612961678,305.83607455801115
9,879,374.8516428822188,305.86805650314943
9,880,374.9168083332768,305.90505487675165
9,881,374.9944580453844,305.9400585962324
9,882,375.0781820201424,305.96068395525924
9,883,375.15898767082007,305.9595037822186
9,884,375.22989211274154,305.9308619553459
9,885,375.2805668802566,305.86386806581334
9,886,375.2853656687809,305.747187341377
9,887,375.1959495218782,305.5707727340592
9,888,374.96838145475743,305.3144047789775
9,889,374.5911642611613,304.9633267299856
9,890,374.096681211807,304.53768074053585
9,891,373.55213414891927,304.0942910941235
9,892,373.0465547039185,303.7174634098722
9,893,372.66653070340715,303.4928762056058
9,894,372.48515784630325,303.4684071908359
9,895,372.51602887165797,303.63971599908103
9,896,372.7032546215635,303.9621452858669
9,897,372.97802846239074,304.33990976889373
9,898,373.2849564023215,304.6742354518142
9,899,373.5748187362034,304.908724045088
9,900,373.8258561213491,305.02937655116307
9,901,374.0584770701374,305.0425154469948
9,902,374.29129163480087,304.9914700841963
9,903,374.51981471898625,304.9332427686979
9,904,374.71948405239976,304.90755952798446
9,905,374.8593023485807,304.92658207528865
9,906,374.915364840143,304.9884731065289
9,907,374.8877578259076,305.079966399594
9,908,374.7910292749643,305.18387038248284
9,909,374.6485780688051,305.2858996488536
9,910,374.49463591508083,305.38189011136865
9,911,374.3686878267097,305.4742760284635
9,912,374.30060543363595,305.5656681788495
9,913,374.31847299512776,305.65130086134883
9,914,374.44161951240113,305.7249018723396
9,915,374.660471923098,305.78127924772997
9,916,374.9301515369482,305.81547821805924
9,917,375.1804344288574,305.8244496930117
9,918,375.33993881802985,305.80863425452776
9,919,375.36546397729336,305.77123931108855
9,920,375.25735856799633,305.71636535409874
9,921,375.047782193247,305.65133292457733
9,922,374.7941203692426,305.5881733554658
9,923,374.54910475477266,305.54542339164425
9,924,374.34351236909356,305.5389197686454
9,925,374.1890819360456,305.5662187666362
9,926,374.097480526874,305.5988017632399
9,927,374.0734547256309,305.5857145212866
9,928,374.12766011149375,305.46825216452083
9,929,374.26368311277946,305.20852063049307
9,930,374.44925447255605,304.8072158846687
9,931,374.6688059224452,304.3727919669478
9,933,374.72155606005947,303.72196834570485
9,934,374.57697811445627,303.50546172832765
9,935,374.4963583383616,303.4876273988464
9,936,374.5021825222177,303.67236483291424
9,937,374.64579213946695,303.98428149740187
9,938,374.893068820569,304.3387541361018
9,939,375.1692299093222,304.6575077378311
9,940,375.3954128787217,304.9031427082872
9,941,375.4926007457334,305.08093176539614
9,942,375.4188525110412,305.20242101089207
9,943,375.2179009193465,305.2785095565672
9,944,374.9686623164159,305.32387590451526
9,945,374.7419663366348,305.3502681454217
9,946,374.59515741226954,305.358527160686
9,947,374.5536077257644,305.35325693494576
9,948,374.5683297993389,305.34749026235534
9,949,374.5842004119223,305.3486883954944
9,950,374.56660157908016,305.3573725680477
9,951,374.4987073466447,305.378612808687
9,952,374.3841473801055,305.41690873816515
9,953,374.27694535513314,305.4662879233319
9,954,374.2183025492538,305.5219935744177
9,955,374.22530874757047,305.57630933728683
9,956,374.3165793664376,305.609239563112
9,957,374.50138176785214,305.60078227890904
9,958,374.7488418226915,305.54238440011005
9,959,375.0093451331744,305.4360122402418
9,960,375.23458823931037,305.3036099358514
9,961,375.36567059374784,305.18171816241386
9,962,375.3531050086233,305.1022100878892
9,963,375.1871112489076,305.08044624502674
9,964,374.89329151634234,305.11770335781586
9,965,374.5128414766457,305.1970255574486
9,966,374.1072324157792,305.29434601484434
9,967,373.75694329826433,305.38261826779626
9,968,373.54178579967856,305.42964583182544
9,969,373.50923337660976,305.396127200048
9,970,373.6683974399508,305.25286107558065
9,971,373.99591335671903,304.99427145604346
9,972,374.42913795307,304.64908890931355
9,973,374.8518462785615,304.2902252523875
9,974,375.1668113591206,304.0159647101274
9,975,375.31358575209237,303.9058865707099
9,976,375.26068322004716,303.98785666201866
9,977,375.01713576038327,304.23147240747795
9,978,374.6615795969905,304.55614821775225
9,979,374.28130795157364,304.8707025412104
9,980,373.96078131574274,305.1104584978581
9,981,373.7634062736888,305.2467508943014
9,982,373.6956805944504,305.2922189673979
9,983,373.7051269295381,305.29348145771587
9,984,373.7393417183451,305.29315781383355
9,985,373.74681293474384,305.3103540316307
9,986,373.68318583161613,305.3529479913267
9,987,373.5455437758304,305.42310118299264
9,988,373.3822180278007,305.504093446098
9,989,373.2420278444046,305.5756446360468
9,990,373.1514308699118,305.6388503441654
9,991,373.12926188024306,305.70686851729766
9,992,373.18117933329466,305.77728976541
9,993,373.2721235391309,305.8441922977963
9,994,373.34966288608615,305.90471249085465
9,995,373.3950692265131,305.94174557528913
9,996,373.4151316692005,305.93517409315774
9,997,373.42598064079095,305.87915263262096
9,998,373.461916973021,305.7787231854293
9,999,373.5620174538794,305.64939138035396
9,1000,373.7371986985476,305.51386876795885
9,1001,373.9710394986592,305.38579845279867
9,1002,374.2202907965657,305.2761343862115
9,1003,374.42726343078215,305.19812715634663
9,1004,374.53999551355946,305.15506602000977
9,1005,374.5271589457531,305.1423605306911
9,1006,374.37838595884676,305.1607294095489
9,1007,374.12295970057016,305.2045380595963
9,1008,373.8079338264564,305.26104476413
9,1009,373.45880393367634,305.31660883236975
9,1010,373.08427480267693,305.36482882559017
9,1011,372.67616897994424,305.3899226941299
9,1012,372.24149811116456,305.3815170812275
9,1013,371.91494934328426,305.33379611315667
9,1014,371.75856566506434,305.2698379542713
9,1015,371.7902428454385,305.21300119776396
9,1016,371.99235779291035,305.1851157830655
9,1017,372.30875041525456,305.2005001068872
9,1018,372.69354052451376,305.26565231617656
9,1019,373.10023849614254,305.3837031659188
9,1020,373.4828879772331,305.5341114023091
9,1021,373.8048937194204,305.6720142159746
9,1022,374.0752922820111,305.75078293547523
9,1023,374.2910353687737,305.7505807428268
9,1024,374.4046266292382,305.7028948845905
9,1025,374.44144157909716,305.60434460576437
9,1026,374.44620345942434,305.4634303490504
9,1027,374.457981799285,305.3048344880874
9,1028,374.5074602365534,305.156676840575
9,1029,374.6066487710617,305.04106498569763
9,1030,374.7565723406723,304.96606679411224
9,1031,374.9357323775325,304.9246294983404
9,1032,375.0973244250998,304.9075775337898
9,1033,375.2045655957472,304.9036407822708
9,1034,375.2391346503092,304.9050002365772
9,1035,375.19161718283704,304.91132136586447
9,1036,375.07830919068545,304.9239839007477
9,1037,374.93978914496245,304.94260878849826
9,1038,374.794718366659,304.97225311767346
9,1039,374.65232349636295,305.0178244457952
9,1040,374.52939017316936,305.0755112168876
9,1041,374.428292295841,305.146221240925
9,1042,374.3348397023976,305.23278967073816
9,1043,374.24824958915303,305.3316054562177
9,1044,374.16655431559957,305.43561140674575
9,1045,374.07920966120975,305.5429880869688
9,1046,373.97921056772515,305.64701802715854
9,1047,373.8688033316361,305.74044043851677
9,1048,373.7544196472417,305.81686592233353
9,1049,373.64924619125185,305.8710364259264
9,1050,373.56211695068095,305.89615814211703
9,1051,373.4953941437503,305.8872354329231
9,1052,373.4472134891171,305.8466410292007
9,1053,373.41199870671414,305.78431387642615
9,1054,373.38502451255215,305.7143965265009
9,1055,373.3649373316069,305.65143102969176
9,1056,373.34883294169515,305.60962937706836
9,1057,373.3386755359238,305.58773883079573
9,1058,373.33924991727736,305.5751209028485
9,1059,373.3436001546091,305.56230881816305
9,1060,373.3393212833447,305.54710698575207
9,1061,373.3241000363828,305.5285825988147
9,1062,373.3005132141743,305.513678802009
9,1063,373.27040128747575,305.5137851737112
9,1064,373.2440149198888,305.53620154108347
9,1065,373.24618731576453,305.57607742385073
9,1066,373.29870310674306,305.62502105623844
9,1067,373.40708285638505,305.6752793474596
9,1068,373.5651531675878,305.7169920157341
9,1069,373.7522081702991,305.7402941635281
9,1070,373.9320692620598,305.743756442383
9,1071,374.06514716087776,305.73254239578307
9,1072,374.1252270656078,305.71781934519277
9,1073,374.10069642526423,305.71561326514916
9,1074,374.0003963587945,305.7421184117761
9,1075,373.84117906645116,305.8075898420977
9,1076,373.6500420826227,305.9116412840941
9,1077,373.4621981761047,306.03699809200947
9,1078,373.31550382038955,306.1558762143249
9,1079,373.24156470404034,306.23917401584987
9,1080,373.2663325603402,306.2653151923178
9,1081,373.39501005503365,306.2283832356894
9,1082,373.6044958120486,306.14255945515504
9,1083,373.8468540342227,306.0369585892315
9,1084,374.05850810161667,305.948538257905
9,1085,374.1827080229714,305.90682277732344
9,1086,374.1927859815853,305.92441906307954
9,1087,374.0961945071179,305.99644293683525
9,1088,373.9344271822738,306.10177859699724
9,1089,373.7734155509913,306.20822639440354
9,1090,373.6719132503968,306.2873691454337
9,1091,373.6609447261285,306.3248337979493
9,1092,373.74438925185734,306.3207907399357
9,1093,373.90093131540493,306.288928822627
9,1094,374.0918459198725,306.24701065371124
9,1095,374.2782411102335,306.2090758117385
9,1096,374.42892106188776,306.1817766473856
9,1097,374.522318703278,306.1681279935879
9,1098,374.5472421925235,306.1680548936408
9,1099,374.50581329646707,306.1807002008612
9,1100,374.41355213441165,306.20718077516807
9,1101,374.29685940133874,306.24615177583775
9,1102,374.1876010000084,306.2863489784681
9,1103,374.1031132223896,306.31955435140316
10,0,392.5379854192626,306.997514985794
10,1,392.5865478039454,307.06121390819555
10,2,392.63932751117926,307.1318846679199
10,3,392.6854744758988,307.19648008979334
10,4,392.7096751855054,307.2379799192623
10,5,392.7079963653445,307.25047058549353
10,6,392.6870600438785,307.2403298209443
10,7,392.65840975377546,307.2217818253361
10,8,392.62968636097867,307.202884667945
10,9,392.6071158032548,307.18566707008546
10,10,392.5966591868736,307.17019336852894
10,11,392.60300529560703,307.1552520111972
10,12,392.6288376970955,307.1384179091386
10,13,392.67293358354055,307.11798667571054
10,14,392.73039077639083,307.0938502042065
10,15,392.7918580382616,307.0691698438235
10,16,392.8456417538572,307.04720475810257
10,17,392.8816821857089,307.03061177386974
10,18,392.89618426422544,307.0206699376912
10,19,392.8911642399296,307.0163385309253
10,20,392.8730187769019,307.0130685704162
10,21,392.8515099220978,307.00629225550574
10,22,392.837391879013,306.99181382621407
10,23,392.8361126604349,306.9677190743522
10,24,392.8475443478051,306.93522543917265
10,25,392.8684362250953,306.89826968092757
10,26,392.8929603370346,306.8619441288596
10,27,392.9139239369777,306.8320679516039
10,28,392.9280824295296,306.8126668429002
10,29,392.93386175216466,306.80556473056185
10,30,392.93005289081765,306.8109228499291
10,31,392.9164402970974,306.82782041076837
10,32,392.89282420525797,306.8550316472963
10,33,392.8607099297382,306.89076034382435
10,34,392.82427213115034,306.9321960260076
10,35,392.7904521990352,306.97469594826936
10,36,392.76714007735615,307.0126568343101
10,37,392.76142608722773,307.04105123127846
10,38,392.772575122618,307.05674331790067
10,39,392.7945244585575,307.0582184386483
10,40,392.81810413399853,307.0478098668115
10,41,392.8345452917791,307.03096113118636
10,42,392.8394609046466,307.01296819822795
10,43,392.8364745849954,306.99871090452564
10,44,392.83388572459285,306.99256603484747
10,45,392.8392024071757,306.9950381116175
10,46,392.8574135032557,307.00186140327645
10,47,392.89038066841664,307.00789022889415
10,48,392.9353544104804,307.00864560606783
10,49,392.98709282414967,307.0011600411124
10,50,393.04281976275297,306.9873151222927
10,51,393.0992611539874,306.97450296256136
10,52,393.14863284155336,306.96968276258866
10,53,393.18276345452244,306.97615374917933
10,54,393.1963222629897,306.99406824931833
10,55,393.1866412928747,307.01956869862966
10,56,393.15673860166885,307.04558720998085
10,57,393.11627082576194,307.0661703388284
10,58,393.07505931717276,307.07901569434927
10,59,393.038911192208,307.08378442460565
10,60,393.00948993418814,307.0805384037421
10,61,392.984444285391,307.07003534587534
10,62,392.9595548195648,307.05431799635045
10,63,392.9320346528318,307.0343177731589
10,64,392.9017987623803,307.0122407974413
10,65,392.87088238438736,306.9927767435969
10,66,392.8409022951322,306.9808208005136
10,67,392.8107818062453,306.98000824509813
10,68,392.7771645365728,306.9949799769312
10,69,392.7374448272197,307.0255797545568
10,70,392.6890344114762,307.06680035079535
10,71,392.63131181151715,307.1127238466403
10,72,392.5697449072855,307.15675480314025
10,73,392.5168544147923,307.1906427466758
10,74,392.4808788860611,307.2130402447425
10,75,392.46470747475684,307.22809760246554
10,76,392.4684649869912,307.23961300201483
10,77,392.48699085727515,307.24965911444156
10,78,392.5083088811873,307.25930661573994
10,79,392.5249313605729,307.2650770575438
10,80,392.5360109008149,307.26232209794466
10,81,392.54224704844796,307.2491858903131
10,82,392.54523367559153,307.22664734548556
10,83,392.5490189870681,307.1981943736809
10,84,392.5570884829002,307.1688590384389
10,85,392.5694522162258,307.1427752008396
10,86,392.58606634214976,307.12147635124484
10,87,392.6082889829178,307.10522080933055
10,88,392.6356856190279,307.09286440069957
10,89,392.664582407519,307.08255028663484
10,90,392.69352838299136,307.07308536693296
10,91,392.72067424578404,307.0658442618996
10,92,392.7417364028335,307.0654675216249
10,93,392.75396786159683,307.0763339949263
10,94,392.7577569817133,307.09950224545094
10,95,392.7523020953464,307.1316480624319
10,96,392.7381104263824,307.16524211573307
10,97,392.7179437103339,307.1892948280689
10,98,392.6940740767489,307.19617573622253
10,99,392.66855846818504,307.1861704615408
10,100,392.6435686297325,307.16560498141456
10,101,392.6206555713039,307.1438365773427
10,102,392.60303988939785,307.1296775649873
10,103,392.59499198844577,307.1275551766295
10,104,392.5980046964217,307.1350532463453
10,105,392.612128254711,307.14507152475807
10,106,392.6344702863635,307.14968098099206
10,107,392.65701923293074,307.1440728021751
10,108,392.6720000759355,307.1265530034144
10,109,392.6761163938337,307.09908880404936
10,110,392.6689846509793,307.06721255415397
10,111,392.6543050404884,307.03618758113026
10,112,392.6400755758,307.0082389418383
10,113,392.630899562463,306.98367110487436
10,114,392.6269573897803,306.96207542415794
10,115,392.62564253542814,306.94243019994343
10,116,392.6241201551799,306.9245445247507
10,117,392.62067782019733,306.9085200754351
10,118,392.6171298786215,306.89474041617717
10,119,392.6167200487066,306.8815069369914
10,120,392.6247988765639,306.8667245661661
10,121,392.6452381855532,306.8488478841154
10,122,392.6755225425032,306.8271437227254
10,123,392.7095867433769,306.8012407502839
10,124,392.7417588946143,306.7746389216995
10,125,392.7660475597638,306.7511250378412
10,126,392.77739448678017,306.73360858749066
10,127,392.77621556297663,306.72718691159486
10,128,392.7667011696627,306.737918305628
10,129,392.7542952258798,306.7668198752147
10,130,392.7430661002687,306.8122024822282
10,131,392.7354969397578,306.8702077917897
10,132,392.73196933833924,306.93205410509796
10,133,392.73119710023946,306.98623454992713
10,134,392.7312811869819,307.0269185415563
10,135,392.73460112585514,307.05186601686376
10,136,392.74634215236495,307.06214135903525
10,137,392.7696177356578,307.06341831599684
10,138,392.8050519290482,307.0647721599777
10,139,392.85093844592905,307.07223752571906
10,140,392.8991552296738,307.08949426262836
10,141,392.93868895523565,307.1160859525635
10,142,392.96357109774544,307.1476741018605
10,143,392.9741263059664,307.17725751301504
10,144,392.97352980391287,307.1970617018327
10,145,392.96774112787546,307.1999638035752
10,146,392.9629793963666,307.18439543487665
10,147,392.96205896822016,307.15309559104253
10,148,392.9625826421583,307.10970497859176
10,149,392.9602455475602,307.0589581736138
10,150,392.9514236453809,307.0065148909632
10,151,392.9355599342729,306.95647113767575
10,152,392.9166541935362,306.91136920657016
10,153,392.9027956259912,306.8740338218444
10,154,392.9013751067359,306.8460459071847
10,155,392.9171314496897,306.8272697467005
10,156,392.9503975646277,306.8152912465978
10,157,392.9959915391289,306.8064198424652
10,158,393.0437965819664,306.79660820913256
10,159,393.08644017409097,306.7837448933007
10,160,393.1197833017011,306.76843406827464
10,161,393.14277148875385,306.75416723515974
10,162,393.15470436899267,306.74367436620327
10,163,393.15597036416665,306.73877540680854
10,164,393.14449468106017,306.73940189783355
10,165,393.1178386324808,306.74385479315674
10,166,393.07470068751854,306.74957812457865
10,167,393.0198831198678,306.75712101222234
10,168,392.9624069971667,306.7685867448443
10,169,392.91448429803455,306.78679262569943
10,170,392.88722683805304,306.8119804924062
10,171,392.8862912855166,306.8415114777139
10,172,392.9082314423655,306.8692040190711
10,173,392.9442949304431,306.8882819705349
10,174,392.982234946029,306.89414091685103
10,175,393.0091783186033,306.88643969819606
10,176,393.0159660804455,306.8679206569519
10,177,393.0025657455121,306.8433039872152
10,178,392.9756727292938,306.8187555865407
10,179,392.9467906654499,306.79880945340483
10,180,392.928058155088,306.7848782563756
10,181,392.9290192083765,306.7751254648403
10,182,392.94955804331664,306.767773723445
10,183,392.9807993968348,306.7600191287039
10,184,393.0103551345623,306.7484860598214
10,185,393.03000073349864,306.7331686062653
10,186,393.0355727755186,306.7196479320128
10,187,393.02499730455213,306.71394805429065
10,188,392.9977574599668,306.718423555852
10,189,392.9553596459299,306.73315928170996
10,190,392.8975795733441,306.75460483383085
10,191,392.82519980153484,306.77388688361793
10,192,392.74641925194965,306.781800482027
10,193,392.67599787440116,306.77613410280173
10,194,392.6233526428171,306.7591774532073
10,195,392.5923841588766,306.73530194414485
10,196,392.5820105608739,306.71222212498594
10,197,392.58689078672666,306.69781911794695
10,198,392.5989746729246,306.69563713912265
10,199,392.6135056210341,306.7079820091511
10,200,392.6293426608467,306.73655503730873
10,201,392.64931130857605,306.7779432251755
10,202,392.6757173087612,306.82552772135745
10,203,392.70698910832044,306.87270625542396
10,204,392.74150512247354,306.91131880738976
10,205,392.7773494603035,306.93340972290076
10,206,392.8094675730524,306.9378824615089
10,207,392.83370592393624,306.9292326352711
10,208,392.85123746618984,306.9140987815187
10,209,392.8638518351296,306.9008954217597
10,210,392.8716895276354,306.89682529496673
10,211,392.8756844239009,306.90428516610007
10,212,392.8753248150165,306.9211135684104
10,213,392.86794789319254,306.9421063281568
10,214,392.85177198973787,306.96041182628903
10,215,392.82982761922403,306.97210048038335
10,216,392.80677946569335,306.976856300761
10,217,392.7883952725069,306.97713868012744
10,218,392.7794929186332,306.97827317265546
10,219,392.7831958736313,306.987249507705
10,220,392.79789607760324,307.00752366595816
10,221,392.8182325105198,307.03872868379625
10,222,392.83668619047035,307.0780717052914
10,223,392.84557417310725,307.1192368909562
10,224,392.83738237058213,307.15219086926686
10,225,392.8094324151703,307.16908970326375
10,226,392.76535432929063,307.1666714363589
10,227,392.71212185158237,307.1453036871421
10,228,392.65822247845813,307.1099578180746
10,229,392.6136199133651,307.0710395154726
10,230,392.58373231148863,307.0381420783634
10,231,392.56977119459384,307.01526959133326
10,232,392.5710156796532,307.0020074056627
10,233,392.5845328300594,306.9954425907973
10,234,392.60539552268233,306.98977600300486
10,235,392.63019788163706,306.97962268139264
10,236,392.6555781812745,306.96345082182876
10,237,392.6793816400889,306.94484498347816
10,238,392.70293639464643,306.9287125503057
10,239,392.7303741930248,306.9191569843966
10,240,392.7665980992164,306.9180064643983
10,241,392.8163548757651,306.92488665712636
10,242,392.88258270349905,306.9358300130927
10,243,392.9652697011052,306.94514384895405
10,244,393.0599719942961,306.94850544871287
10,245,393.1577145777918,306.9455009505932
10,246,393.24718704025753,306.93809756509893
10,247,393.3143228839847,306.9278985106228
10,248,393.3429934879054,306.91652766562555
10,249,393.3235078145778,306.90543557889816
10,250,393.25627913564864,306.89442544740524
10,251,393.1507316525551,306.88260607122925
10,252,393.0262996609711,306.8705820449484
10,253,392.9107792240042,306.8591759981323
10,254,392.8262206924949,306.8495247740576
10,255,392.78193560321705,306.84356066435254
10,256,392.77647955590237,306.8428636277281
10,257,392.801863908485,306.8486417106012
10,258,392.8476761926166,306.86307326580123
10,259,392.9091730870351,306.88401255595664
10,260,392.99478280044855,306.89580562605084
10,261,393.11933895838365,306.8686633795357
10,262,393.2834822480297,306.7701039805472
10,263,393.45869609240725,306.57569854547336
10,264,393.5989208677948,306.2789800451095
10,265,393.65675347600734,305.9134390078526
10,266,393.6009603778348,305.5498756230974
10,267,393.4486380765493,305.2695024144586
10,268,393.2708858277607,305.1316641214547
10,269,393.1579256207278,305.16685236512933
10,270,393.179107317325,305.3598819463002
10,271,393.3642659476956,305.6559616930612
10,272,393.6790877171495,305.98319964769456
10,273,394.11591920623766,306.3354456746401
10,274,394.6185198286245,306.67755376088206
10,275,395.1195105371699,306.97285838657643
10,276,395.5595079056191,307.20571742316355
10,277,395.8982833584933,307.3714394814575
10,278,396.11319002825337,307.4770023785714
10,279,396.2002229681992,307.53746099085464
10,280,396.1822551279812,307.5683572708295
10,281,396.10520072215473,307.5766399237823
10,282,396.03097237774045,307.5717128224543
10,283,396.01399132674925,307.5610227926171
10,284,396.08239740947124,307.54633831290994
10,285,396.2286380349494,307.5293103702703
10,286,396.42312071273216,307.5117322304027
10,287,396.63229118537606,307.4923543847025
10,288,396.82806569161136,307.4690579965558
10,289,396.98745345404376,307.44204187759516
10,290,397.0926677447713,307.4113999310206
10,291,397.12235999124016,307.38325602921054
10,292,397.0499435634095,307.36622709297455
10,293,396.86497563002104,307.360856106454
10,294,396.5924872505977,307.36365491250245
10,295,396.2880911543602,307.3754311658637
10,296,396.0241257949548,307.39510315142815
10,297,395.86476117828954,307.41856787233723
10,298,395.83787939705513,307.44793354985137
10,299,395.91906666426195,307.48700166607426
10,300,396.04920797792556,307.5340310701094
10,301,396.1580015853255,307.58403671547626
10,302,396.18920486613587,307.6284186178283
10,303,396.117724818196,307.65563527689693
10,304,395.9511066445112,307.6567383081375
10,305,395.7140168279214,307.6252731429988
10,306,395.4383556487055,307.55513258626047
10,307,395.15367042675115,307.4490526474954
10,308,394.88289895941693,307.323436867454
10,309,394.6523801262312,307.19873868871645
10,310,394.49461653954876,307.09587481629893
10,311,394.4385199898506,307.0368663107943
10,312,394.4956484140367,307.03826921034215
10,313,394.65591721970156,307.097313224007
10,314,394.8883258203413,307.19835349241885
10,315,395.1494998623769,307.31923970465084
10,316,395.39522460796627,307.43549324360157
10,317,395.595052279388,307.5249391360387
10,318,395.73560387225945,307.5764469506364
10,319,395.80887519319896,307.58575680698954
10,320,395.8069796785376,307.55465363481
10,321,395.72547012706576,307.48791988942264
10,322,395.57317030526684,307.39347296792886
10,323,395.37284340294053,307.28383456482084
10,324,395.1635374422294,307.17984022096834
10,325,394.99340042150544,307.10414705378133
10,326,394.89920049225606,307.0781921607776
10,327,394.88748922759845,307.1150689303332
10,328,394.93595704441196,307.20904616031123
10,329,395.0033077452028,307.3363895961682
10,330,395.0438848917358,307.4688746259503
10,331,395.03032133131035,307.5791911671254
10,332,394.96128301107467,307.6466681576958
10,333,394.85211979147937,307.66703170904975
10,334,394.7240413153661,307.64939508210017
10,335,394.60140653176717,307.60885484664806
10,336,394.502804446365,307.56147350975107
10,337,394.4397494510811,307.5202973334939
10,338,394.4237475338677,307.4945615810484
10,339,394.46587852275087,307.49273902671075
10,340,394.56488214218376,307.516743938261
10,341,394.7028201865647,307.5616045124502
10,342,394.85155901362407,307.6170096692127
10,343,394.9797399266722,307.66745873884776
10,344,395.0614952780297,307.6946139886199
10,345,395.08097853092585,307.68513733312545
10,346,395.0414200258987,307.63488137678894
10,347,394.95903351915166,307.55348012600325
10,348,394.8520352799592,307.4631845407579
10,349,394.7324549072694,307.3920966007214
10,350,394.61020149187794,307.3673742795447
10,351,394.51368427661725,307.39555359845195
10,352,394.4816144952844,307.4583351414118
10,353,394.53177566514904,307.5355675791584
10,354,394.66182703569575,307.6104183203161
10,355,394.8452493179806,307.6731767808576
10,356,395.0476074402576,307.72030088467386
10,357,395.2347607353654,307.75279459621373
10,358,395.38352700950827,307.763337520543
10,359,395.4601009920475,307.7523255583155
10,360,395.4590779759532,307.7172388361712
10,361,395.4006063343527,307.6530296221291
10,362,395.3234055169033,307.56106566453656
10,363,395.26139533578237,307.4631340684849
10,364,395.2373679274445,307.39413010331157
10,365,395.2629768177968,307.3797365646811
10,366,395.340983546396,307.42800084507445
10,367,395.46536561908744,307.5237655809756
10,368,395.6196484465281,307.6362486735388
10,369,395.775673801694,307.73118728661217
10,370,395.8907830040984,307.79376139071303
10,371,395.94237579801955,307.8128710629236
10,372,395.93113492364364,307.78346765136524
10,373,395.86915676514997,307.71062041003137
10,374,395.75522530946733,307.62232116595925
10,375,395.60101196292055,307.54605391433756
10,376,395.43656876835894,307.499206245976
10,377,395.30502205684354,307.480975967894
10,378,395.25277582467277,307.47624238385157
10,379,395.28946769722387,307.4760043380416
10,380,395.38460939788973,307.4770254275065
10,381,395.4790015363228,307.4772620820176
10,382,395.5167395153469,307.474658804264
10,383,395.4822333596526,307.4574731381303
10,384,395.3834568950183,307.4177069893768
10,385,395.24526527258257,307.3549839880465
10,386,395.09927170090583,307.2790789543835
10,387,394.9703956765896,307.20319639779916
10,388,394.86624274430386,307.1324869826481
10,389,394.7730181019888,307.06439199352894
10,390,394.6734636881202,306.99673681313357
10,391,394.5593073761739,306.9263123840353
10,392,394.4266493229082,306.8507303471687
10,393,394.27485309050275,306.7731496517975
10,394,394.1149787076055,306.70216205937805
10,395,393.95767961426225,306.6416244513037
10,396,393.80430291355043,306.59044337384455
10,397,393.657668309607,306.54315790038487
10,398,393.52842018264266,306.49404948986216
10,399,393.4250902590949,306.43890346690256
10,400,393.3523123696106,306.3765001903731
10,401,393.31520072304926,306.31041709473794
10,402,393.317129419274,306.25515472126705
10,403,393.35937029488224,306.2303964653492
10,404,393.44745493867634,306.2471732894955
10,405,393.5786380946125,306.30600971073096
10,406,393.7354960370517,306.3961516184127
10,407,393.89042510562166,306.4879140831432
10,408,394.0135649485942,306.5462276074634
10,409,394.0731849887345,306.55161606159646
10,410,394.05858309693417,306.5049876937485
10,411,393.98744513385543,306.42391522821094
10,412,393.892785827832,306.33742429091654
10,413,393.8028511790486,306.2686356701704
10,414,393.7392947395391,306.2308347432664
10,415,393.71289290095217,306.2291012448695
10,416,393.72417997793417,306.25851626519216
10,417,393.76863916244463,306.31221449643505
10,418,393.83904329510256,306.3842645650089
10,419,393.9173640992072,306.45785578928553
10,420,393.97962763850165,306.5039852241919
10,421,394.0027519001681,306.5012076013393
10,422,393.9713868109299,306.4358864740509
10,423,393.8845030602681,306.30882086504016
10,424,393.77059473853166,306.14729690008136
10,425,393.6728032046729,305.9970840570916
10,426,393.6253839866822,305.89332516990333
10,427,393.6433898808182,305.8554854391041
10,428,393.7312850405336,305.8910066398023
10,429,393.8711215873417,305.98741101583585
10,430,394.02418246596415,306.11530729996923
10,431,394.15249192863786,306.2454362482181
10,432,394.23721055188787,306.3545511705896
10,433,394.28055988440343,306.4226197285048
10,434,394.29835471969,306.4393361327276
10,435,394.3142974426271,306.40639489294585
10,436,394.35293565334064,306.3350933474368
10,437,394.4270737537668,306.24493048508737
10,438,394.52652165687215,306.1580970910726
10,439,394.6344787648754,306.09106946773863
10,440,394.73653085324105,306.05221461190496
10,441,394.82444681609104,306.0355964160075
10,442,394.8962573183941,306.0247332132985
10,443,394.95081394439944,305.9913649513055
10,444,394.97727371680327,305.9058122708832
10,445,394.9720649669911,305.75894600544217
10,446,394.94148172842773,305.56447002274143
10,447,394.8918511908153,305.3467245795533
10,448,394.8343434964676,305.15178451186597
10,449,394.799011658516,305.0291736676265
10,450,394.81093790057184,304.99957547702815
10,451,394.8758455662281,305.0636452313733
10,452,394.99256010924483,305.2130677562661
10,453,395.1543355073673,305.4138889677107
10,454,395.3410036166804,305.6212254353331
10,455,395.53313673471274,305.8012919332107
10,456,395.7154663518465,305.93536003964346
10,457,395.8744172449337,306.01277979396167
10,458,396.00532924592613,306.0349955533382
10,459,396.1114659467435,306.01982779510394
10,460,396.18824728721904,305.98705429383233
10,461,396.223433247524,305.9410300276052
10,462,396.20469662471146,305.8778785993491
10,463,396.12456679154275,305.8056122064669
10,464,395.9881377955201,305.73731177058124
10,465,395.8212593171418,305.683173927975
10,466,395.66638321736,305.6575143272882
10,467,395.55438689145376,305.67119416391824
10,468,395.4874084052535,305.7162057419676
10,469,395.43353943081223,305.76752543850694
10,470,395.3414171797387,305.8064114112982
10,471,395.1667454330595,305.8231940113112
10,472,394.90608432288496,305.82391005111975
10,473,394.5883773600187,305.82292066363715
10,474,394.2567179925428,305.8280132471797
10,475,393.95840489235104,305.8350369963459
10,476,393.7371669889052,305.8409225136392
10,477,393.60345328774565,305.8358694340557
10,478,393.53292527461906,305.805942078048
10,479,393.511490884355,305.7633643173689
10,480,393.53665123614604,305.7414049971829
10,481,393.5853873132069,305.7561345517828
10,482,393.6372853503178,305.8158767434743
10,483,393.7132340521742,305.9331367149769
10,484,393.8276542440285,306.0968857366747
10,485,393.969389595537,306.27062227971334
10,486,394.12338155306105,306.421758444094
10,487,394.26195803002224,306.5191024018097
10,488,394.3339999316698,306.5367848654944
10,489,394.29076959871986,306.4744476027839
10,490,394.11616133066076,306.35017129105137
10,491,393.83100941608325,306.1890925814028
10,492,393.49383727858714,306.0277344427844
10,493,393.17608648103,305.9068030703121
10,494,392.9438437412902,305.84251795295256
10,495,392.8287761388845,305.83797748288424
10,496,392.82225722614055,305.89419154085465
10,497,392.8873211220022,305.9943114684765
10,498,392.97844871884143,306.0900819479154
10,499,393.05178597585723,306.14362808600333
10,500,393.0731913768025,306.13529419839955
10,501,393.031899401427,306.05549629646
10,502,392.9311546544457,305.9158395756033
10,503,392.7813087792315,305.75860287678995
10,504,392.5955044997343,305.6220854348301
10,505,392.3982528666523,305.5233484665492
10,506,392.2099526856898,305.46021285843847
10,507,392.04915736998277,305.4081798811618
10,508,391.92809652724355,305.3353076991339
10,509,391.8622686634938,305.23093251190926
10,510,391.85544917482565,305.10657611345886
10,511,391.899945524609,304.9880398979094
10,512,391.974294326118,304.9132797597303
10,513,392.05813673263526,304.9058788683183
10,514,392.13173246842246,304.94884220101244
10,515,392.19620420081554,305.01004269737365
10,516,392.27167607465225,305.06530848449216
10,517,392.3806996721082,305.10054015034325
10,518,392.53076648202295,305.11510387720404
10,519,392.7139515574126,305.1321118412862
10,520,392.9161686414686,305.17751505179785
10,521,393.1241090505155,305.2599354334288
10,522,393.3364381890763,305.37269145641255
10,523,393.5618933990364,305.50665424851235
10,524,393.8220463105826,305.64906512836217
10,525,394.1209044218861,305.78456113950915
10,526,394.436037555669,305.9027098744556
10,527,394.7253298839681,305.9999331355879
10,528,394.9530761484572,306.07359807764766
10,529,395.0899414500413,306.1264256454785
10,530,395.1280451430311,306.1686948609464
10,531,395.08656023091265,306.2108240438367
10,532,395.0084596942357,306.2577948056705
10,533,394.93663970753823,306.3156532302262
10,534,394.8930996783663,306.38211203488305
10,535,394.87090333305304,306.44455198153827
10,536,394.8443069548901,306.49209365465566
10,537,394.78244778418184,306.5192211615524
10,538,394.66129230179433,306.5218095716444
10,539,394.47674330227545,306.50266541666076
10,540,394.24934180125075,306.4711988099324
10,541,394.0129573498154,306.4346643320661
10,542,393.7954158192267,306.39905138540234
10,543,393.6119636521822,306.36789452426774
10,544,393.46698747502546,306.34026444523084
10,545,393.356789394717,306.3131115389706
10,546,393.27893582814363,306.284902458827
10,547,393.2362136871618,306.2535862407456
10,548,393.2308632365897,306.2191473130861
10,549,393.25971732252907,306.18359892151875
10,550,393.31816593039173,306.1505632894455
10,551,393.3896082857561,306.1222691198251
10,552,393.4503119614534,306.10090541846733
10,553,393.4806212329495,306.08539938304926
10,554,393.47897081706657,306.07662587336813
10,555,393.4555051280487,306.07607207632043
10,556,393.4314335590118,306.0877287199944
10,557,393.4287968735381,306.1157921345891
10,558,393.4653540074747,306.1631034434733
10,559,393.5432360389037,306.2240432424362
10,560,393.6483069213892,306.28908853188847
10,561,393.75727024813574,306.3445810005815
10,562,393.84214425214856,306.37492692687874
10,563,393.8786046846578,306.371871573323
10,564,393.85397060081414,306.34149452545694
10,565,393.7703092736641,306.2949250479218
10,566,393.6416088096476,306.2485143100755
10,567,393.50115478882867,306.22380391783594
10,568,393.38857484548595,306.23505961922024
10,569,393.3359730861609,306.2845282780816
10,570,393.36098623672893,306.36979170133515
10,571,393.46047215726645,306.4819305304956
10,572,393.60471879394396,306.60436567436074
10,573,393.7486163063731,306.72014271061687
10,574,393.8473025676362,306.81387839127007
10,575,393.8704816581162,306.87347855831786
10,576,393.8161359599035,306.8946366039057
10,577,393.7089552799109,306.8805776369049
10,578,393.5880363716932,306.84009401016834
10,579,393.4959676841922,306.78632727759793
10,580,393.46534005374934,306.7314130366484
10,581,393.50285306689665,306.6800674592755
10,582,393.5932582718228,306.6324783965403
10,583,393.70868214349304,306.58910173767
10,584,393.81472793763965,306.5499517531982
10,585,393.8785993944731,306.5139475239337
10,586,393.8792735877158,306.4810799937647
10,587,393.80644959839793,306.4529358549066
10,588,393.658973648655,306.4261816390842
10,589,393.4355120230614,306.3972958519923
10,590,393.13217779693974,306.36865347606096
10,591,392.77286807987167,306.34821745692017
10,592,392.40468708478335,306.3367278493491
10,593,392.0807961286711,306.33626259693614
10,594,391.8616507902909,306.3434318738969
10,595,391.80453181114166,306.34522181976314
10,596,391.9136620888166,306.3325056426914
10,597,392.144397159982,306.3121041396655
10,598,392.42557206089356,306.29348626955067
10,599,392.6902203238827,306.2924677657755
10,600,392.8883363760819,306.3269733026555
10,601,392.9497307242631,306.3885875871678
10,603,392.9241752678147,306.4240477253518
10,604,392.84101248770946,306.3810967178149
10,605,392.6395286828219,306.2992836019198
10,606,392.3485923054152,306.1761778408853
10,610,392.0692216797609,306.0437742180935
10,611,392.15490555262124,306.13900552811583
10,614,392.60774381121763,306.5264107270182
10,615,392.74930290247414,306.7585999838643
10,622,393.21880288958755,306.976191333128
10,623,393.6747610436014,306.8671381019448
10,624,393.86452260477324,306.6752344389065
10,625,393.88952720946935,306.44290757395316
10,626,393.8023416818914,306.2011008589436
10,627,393.68574350042394,305.96294765397334
10,628,393.61279508173476,305.7409381563445
10,629,393.64257419656025,305.54918562531986
10,630,393.812864839021,305.39266678091127
10,631,394.1184744648133,305.27736000257283
10,632,394.51930991537336,305.2075779958871
10,633,394.9625872209286,305.18155013574074
10,634,395.37905671054665,305.2026180127859
10,635,395.68164045756964,305.2700582191582
10,636,395.7969574199702,305.3590010763032
10,637,395.70239284366613,305.4484796834768
10,638,395.31997746602667,305.542426407329
10,644,395.10954713785117,305.7504182033393
10,646,395.69388439104677,305.88797977797236
10,647,396.0492653462786,305.9995863197876
10,648,396.4043392497145,306.14120520127045
10,649,396.7604755082639,306.27030900700385
10,650,397.09375045578804,306.37615742533177
10,651,397.37143564658993,306.46082833490215
10,652,397.53113920106813,306.5207615554329
10,653,397.5423346147459,306.54373106705094
10,654,397.2967629343392,306.55000176646075
10,658,397.32116977717476,306.4812952355906
10,659,397.57206557702483,306.4875002385044
10,660,397.60668668300656,306.5581986036855
10,661,397.4944374835085,306.6818382722491
10,664,397.4947874451014,306.9748425658965
10,665,397.6417399277613,307.0668333577427
10,666,397.778577942471,307.1564111303987
10,667,397.95933555584503,307.20207796158377
10,668,398.131113545334,307.20101834055595
10,669,398.2427263430553,307.1496301155099
10,670,398.25016418589485,307.0352707208419
10,671,398.1641616679515,306.877246078132
10,672,397.9741375018451,306.7109865214008
10,673,397.6678505968856,306.5728569203468
10,674,397.2603114706302,306.4937651186129
10,675,396.79177880314654,306.4973811042917
10,676,396.30885105735575,306.5800407155405
10,677,395.8599598489061,306.69357282051186
10,678,395.5011694168859,306.78336022037104
10,679,395.2529837535876,306.81804781849416
10,680,395.10408900371914,306.7883828858865
10,681,395.02536226430965,306.6932597238408
10,682,395.0006312370135,306.559247901657
10,683,395.00395419535073,306.4337346944496
10,684,395.01607895465554,306.3585872336372
10,685,395.01997535671177,306.358057154109
10,686,395.0077845259712,306.4488424237474
10,687,394.9630484428278,306.628769161479
10,688,394.8896296791201,306.8600491804423
10,689,394.81029585962847,307.0866383696215
10,690,394.75744800055594,307.2680235665539
10,691,394.751034977618,307.38646315743375
10,692,394.80448056901224,307.4424499822323
10,693,394.91224757814706,307.4560954704016
10,694,395.0583732846043,307.459023569611
10,695,395.22276358985386,307.4700427908786
10,696,395.3792335181629,307.4887389042327
10,697,395.50627089342976,307.50994954817753
10,698,395.6067130810952,307.53093892327126
10,699,395.6875010909932,307.5469140029678
10,700,395.75797872720614,307.56149812663807
10,701,395.711564814841,307.58244284612204
10,704,396.1188825553597,307.5200899543575
10,705,396.51760818567993,307.47819546152783
10,706,396.7909772586258,307.4554508372549
10,707,396.98757973251486,307.45012369418254
10,708,397.1120617086501,307.457373458732
10,709,397.1520604998212,307.4620160469884
10,710,397.0108886313417,307.43522733670636
10,711,396.67679126355455,307.34583699921643
10,713,396.25271849272394,307.1900182795458
10,714,396.0533394427977,307.0972269244634
10,715,395.76070223035384,306.95984657280815
10,716,395.46645577950534,306.82229847175154
10,717,395.2112335605074,306.7052593591477
10,718,395.0352806355073,306.6356069437174
10,719,394.93716778121353,306.61549471091365
10,720,394.92159189104353,306.63361132462785
10,721,394.9976507642004,306.6810602565383
10,722,395.14550707475166,306.74356520667175
10,723,395.32206727306055,306.7907406794681
10,724,395.4642527795628,306.79712371185497
10,725,395.51001958602006,306.74390294117984
10,726,395.2606786316109,306.6860544433194
10,746,395.41832101984704,306.2722697437182
10,748,395.20160313218145,306.2316221363638
10,752,395.31729052128424,306.1802604699842
10,753,395.3250998929305,306.2512055565113
10,754,395.10193701110245,306.34140385984296
10,755,394.7666517362271,306.4341891894875
10,756,394.42925903102173,306.50572328431065
10,757,394.1932369881147,306.5448027230796
10,758,394.09749195990867,306.5582593018658
10,759,394.1196961498437,306.5580863152247
10,760,394.21699169732136,306.54889545352967
10,761,394.3336639686055,306.52317160130445
10,762,394.42334456861636,306.46910956356163
10,763,394.48822830350605,306.38690066850967
10,764,394.5916519463228,306.3050590955827
10,765,394.80721379061026,306.25846394358445
10,766,395.0370625402487,306.2478217411593
10,768,395.773016838365,306.3093751545757
10,769,396.3663986390484,306.353966431266
10,770,396.80823251644074,306.3588409694007
10,771,397.03974215050806,306.2973543219552
10,772,397.0763849171199,306.1839551327034
10,773,396.98975393636795,306.0496114966763
10,774,396.8618781295951,305.91941194886334
10,775,396.74499895377284,305.82330997388107
10,776,396.66307817582145,305.7798519036498
10,777,396.60297197294767,305.78817756974223
10,778,396.528378100662,305.84316446222834
10,779,396.4125094722554,305.94714457681516
10,780,396.25214479003864,306.0917217524378
10,781,396.0640456411747,306.2693403684057
10,782,395.8789009861876,306.47253857370134
10,783,395.72612291362105,306.6805687001935
10,784,395.60691264312214,306.85346229471577
10,785,395.50055309070655,306.9507816592247
10,786,395.3893138262904,306.9500517355582
10,787,395.26289531906104,306.8581094858184
10,788,395.12859954375534,306.7095553550715
10,789,395.00095570038576,306.5614371217031
10,790,394.89754533317057,306.47327265508284
10,791,394.8262816526731,306.4723696431802
10,792,394.7805502794597,306.5485193308789
10,793,394.73307029609555,306.6703046767298
10,794,394.65678301223244,306.80045344731724
10,795,394.53812842553657,306.90177489868563
10,796,394.3814140022077,306.95082282091164
10,797,394.21134462985333,306.934326951415
10,798,394.07761762000547,306.8485513795182
10,799,394.02392525284944,306.69956815116353
10,800,394.0768481128452,306.5106891548067
10,801,394.25679817569664,306.3287934640905
10,802,394.5857277879625,306.21580555355354
10,803,395.03149100786305,306.219425423296
10,804,395.5414484605566,306.3474993815822
10,805,396.0679013796151,306.56619227294533
10,806,396.53627104966307,306.7787769502045
10,807,396.84886867211793,306.9372087388612
10,808,396.98690229326394,307.05243110765497
10,809,396.8964238303524,307.0663170533669
10,810,396.6245083699571,307.00744019339703
10,811,396.2327229502306,306.89718448533273
10,812,395.85004757648784,306.7764688069553
10,813,395.3766039426453,306.72816602397745
10,817,395.58046969619653,306.669670517317
10,818,396.0931720131841,306.61441656167557
10,819,396.4229640459802,306.62830799467275
10,820,396.66337266582343,306.6664987892102
10,821,396.80534211442244,306.7008725379567
10,822,396.8646862938167,306.72439532071206
10,823,396.85450274469616,306.74363308982583
10,824,396.7700000888893,306.76437438261837
10,825,396.59631440000305,306.7943947880133
10,826,396.33284728920853,306.84038008013977
10,827,395.99660821989875,306.8913997754725
10,828,395.6305371885435,306.93932573491514
10,829,395.2780123692514,306.97775079564997
10,830,394.9814557463802,306.98809342035156
10,831,394.7060812644793,306.99007871384214
10,833,394.67279641865247,306.89098465011966
10,834,394.8392050219318,306.77803060073427
10,835,394.92360272148204,306.71314110468353
10,836,394.9597050780272,306.7201419078404
10,837,394.9316570232471,306.79601028467937
10,838,394.8380209366237,306.9079226769478
10,839,394.67568492449897,307.01154941841554
10,840,394.4455205244645,307.0648208955095
10,841,394.16396476130706,307.0268731582708
10,842,393.85171854552783,306.8792966181142
10,843,393.53112952363267,306.62369148907175
10,844,393.2256051835265,306.27676353325216
10,845,392.932656538329,305.8654669447543
10,846,392.6295456227246,305.43522121511285
10,847,392.3093684888676,305.04526511018
10,848,391.9912988552113,304.7487378467616
10,849,391.7153380211109,304.587487820087
10,850,391.5556008253081,304.5831836906273
10,851,391.5817982471998,304.7321552217935
10,852,391.81222595993427,304.99911271406324
10,853,392.21948618355594,305.349533726156
10,854,392.7375833259574,305.7423974043513
10,855,393.25486891096455,306.13534233691786
10,856,393.66531022409373,306.48321880375966
10,857,393.9262027076619,306.75760665286606
10,858,394.0499773449308,306.9381029244989
10,859,394.08451430474395,307.02772593324573
10,860,394.0938556966206,307.04742832637294
10,861,394.12485756037387,307.024163319581
10,862,394.1840322769728,306.982631219869
10,863,394.2508352884274,306.94242527745826
10,864,394.30394972934715,306.90662626288844
10,865,394.339602637584,306.8681419540463
10,866,394.3773871778106,306.8334186150847
10,867,394.44667850925345,306.814481549917
10,868,394.5689173134604,306.8213824505618
10,869,394.7427875291562,306.8617891370238
10,870,394.94761321465097,306.9389666385422
10,871,395.1467206246447,307.037985495551
10,872,395.30210919724107,307.13724658903107
10,873,395.39184029072646,307.2163623186101
10,874,395.4209943600718,307.260894867041
10,875,395.4138326173287,307.2660818141073
10,876,395.4050953311912,307.244154376629
10,877,395.4282711448361,307.21098071994606
10,878,395.5026054259659,307.18226511839987
10,879,395.6223963356572,307.17198657375
10,880,395.76286450645256,307.18522090612555
10,881,395.90085384580584,307.21116744614187
10,882,396.0172802164507,307.23418634742785
10,883,396.093297555739,307.2432085793344
10,884,396.1094009197941,307.233211926798
10,885,396.05115321775776,307.1974402600585
10,886,395.906758402018,307.1270574545095
10,887,395.6746790870664,307.0096674324433
10,888,395.3583881717783,306.82289434905607
10,889,394.97405445132495,306.5426077352136
10,890,394.54990638479836,306.1788261967874
10,891,394.1170978999815,305.7838443717198
10,892,393.7024121086264,305.4364492185229
10,893,393.3470119809901,305.2167256613415
10,894,393.09605680025476,305.1838783157123
10,895,392.9779022629602,305.3469428257908
10,896,392.9871136221077,305.659432249495
10,897,393.094701276062,306.03187727310234
10,898,393.25316996419457,306.37656519609357
10,899,393.42799635338343,306.64056617261195
10,900,393.6020253616889,306.80464093112045
10,901,393.78202129171774,306.87801863109013
10,902,393.98520024837325,306.89843428347336
10,903,394.2210904214742,306.9014493032148
10,904,394.45932611459426,306.89908916441505
10,905,394.6532129257577,306.89548591626345
10,906,394.76963906908543,306.8889231765681
10,907,394.80227473169987,306.8734951239426
10,908,394.76182253008335,306.85454710825263
10,909,394.6841147605836,306.84617792130814
10,910,394.61854416876844,306.8547897949216
10,911,394.60011539826877,306.8864748810002
10,912,394.63679884717965,306.94665788742503
10,913,394.73629277583524,307.0281941271285
10,914,394.9001558744051,307.116627525321
10,915,395.11001684662483,307.1944561637531
10,916,395.33315898558715,307.24154636215115
10,917,395.53564624400036,307.2421995800177
10,918,395.67937916915406,307.1918209201597
10,919,395.73724033056914,307.0934699228481
10,920,395.7088558280176,306.96629901360456
10,921,395.61443784284046,306.8394991466651
10,922,395.48544210445374,306.74124948525406
10,923,395.35292927408506,306.68970644567037
10,924,395.2373726766822,306.693066460656
10,925,395.1462338783281,306.74167045718616
10,926,395.08944253520167,306.81078099317375
10,927,395.0702142056299,306.85630739681227
10,928,395.0848575639164,306.83971515292956
10,929,395.1248120858943,306.73800678159245
10,930,395.1579568255109,306.5440301532157
10,931,395.13939900734016,306.27559192580003
10,932,395.0370484404376,305.9765299777543
10,933,394.81082102272933,305.6783686105976
10,934,394.56092740217116,305.44996920964826
10,935,394.37132027420785,305.3592906211984
10,936,394.30792352591055,305.4378592230827
10,937,394.39339038485826,305.6719633348634
10,938,394.5854723650678,306.0097506486115
10,939,394.8155148979266,306.3673294596165
10,940,395.0112553006341,306.67727437460326
10,941,395.1173792091273,306.9084381406458
10,942,395.11464237552525,307.054029686622
10,943,395.0399573419797,307.128642357491
10,944,394.95237464308667,307.16408306152186
10,945,394.9018049288403,307.1826077359721
10,946,394.9194041686682,307.19000014875354
10,947,395.0064984930416,307.18180801879527
10,948,395.1204759095675,307.1521400814719
10,949,395.211770189828,307.1001943721972
10,950,395.24251097857405,307.03238360626113
10,951,395.1934535199175,306.96511944204155
10,952,395.07729275713575,306.91927665285493
10,953,394.94427213482874,306.91155609969456
10,954,394.83598522455003,306.9409638506194
10,955,394.77803704575155,306.99204843439145
10,956,394.7895280324089,307.03609329235206
10,957,394.8704520493483,307.0434509073315
10,958,394.99063118992314,306.99190522274836
10,959,395.1158478583436,306.8830543186035
10,960,395.2125110894506,306.7390113313657
10,961,395.24244743693924,306.5915607663904
10,962,395.17574361513624,306.46987339802195
10,963,395.0063209849217,306.3890765609722
10,964,394.749548423287,306.34838318859624
10,965,394.437598693657,306.33113667788234
10,966,394.121176746918,306.32211347681863
10,967,393.8595013766103,306.3119660790831
10,968,393.7041557849416,306.29456020875006
10,969,393.68138941679445,306.25269084698226
10,970,393.79530922793646,306.17452752067413
10,971,394.0299505560634,306.05374209949105
10,972,394.34560809316446,305.89657614452403
10,973,394.6757657999285,305.7295627272534
10,974,394.9527101358684,305.5980732932966
10,975,395.1099105693762,305.5331326398165
10,976,395.10098452142813,305.53828608862347
10,977,394.91730730661135,305.59076309589693
10,978,394.60329042157105,305.65188592542347
10,979,394.2367915335509,305.6895350146191
10,980,393.9158151109402,305.6990252871316
10,981,393.7093895912491,305.69692316373937
10,982,393.63766468271655,305.7078089150244
10,983,393.67458974822074,305.7511879776038
10,984,393.77664556235237,305.8279947828981
10,985,393.8908157058023,305.92410328877804
10,986,393.9728381572421,306.02916043766305
10,987,394.00145735616616,306.1329049934183
10,988,393.9860442436952,306.22811968458427
10,989,393.9465897027857,306.3176342605384
10,990,393.8995519693673,306.4076542616723
10,991,393.86773529103584,306.49935315438984
10,992,393.87512230243306,306.59426371670367
10,993,393.9220194867763,306.689000411624
10,994,393.98276104498774,306.77318394701894
10,995,394.0433193482907,306.83539524397673
10,996,394.10081845509933,306.86535786465555
10,997,394.15598071695365,306.8561780631357
10,998,394.2177875407059,306.8144327573322
10,999,394.307819942615,306.75636072564214
10,1000,394.4339401192088,306.69592972316934
10,1001,394.5845055180868,306.6420983597873
10,1002,394.7315835763237,306.6018945712069
10,1003,394.842735793221,306.5746417834807
10,1004,394.88555695908565,306.5515433524465
10,1005,394.8354237215191,306.5271761397439
10,1006,394.68493475602975,306.5036357088563
10,1007,394.45066819905355,306.4853012181384
10,1008,394.1513588526401,306.48227206474746
10,1009,393.80607258237836,306.5059677527257
10,1010,393.46744785034167,306.5757614493038
10,1011,392.97073935825495,306.65364301266317
10,1023,393.5519979326919,307.143549043962
10,1024,393.81195406647817,307.08099662895717
10,1025,394.01617004728195,307.04936575132655
10,1026,394.19328179316256,306.96419950375764
10,1027,394.36063541791833,306.85047714881625
10,1028,394.5217151849286,306.7278781241217
10,1029,394.6602964473683,306.6176444698017
10,1030,394.7653492424245,306.52982040128165
10,1031,394.8380982797002,306.46246081790036
10,1032,394.87770456808175,306.4124205217141
10,1033,394.8854075684096,306.3769586298419
10,1034,394.8679955405381,306.3508454788526
10,1035,394.82377979721394,306.3251989718162
10,1036,394.7562033684152,306.30066930185393
10,1037,394.68261479440787,306.28299377584574
10,1038,394.6116314377957,306.27670798201825
10,1039,394.54273226402927,306.2872822640788
10,1040,394.4873841763961,306.32382430094975
10,1041,394.4543459106099,306.39187398803574
10,1042,394.43414608744763,306.48785910939426
10,1043,394.41755109063615,306.59675731164384
10,1044,394.39925825402344,306.6991494476469
10,1045,394.3668924240792,306.7805021789971
10,1046,394.309744442626,306.8299458523778
10,1047,394.23052918000315,306.8460597602859
10,1048,394.1430546364754,306.8421839025715
10,1049,394.06358561433234,306.8347921546699
10,1050,394.004395451473,306.83111350174363
10,1051,393.9655897594433,306.82961929271363
10,1052,393.94244871776476,306.8283953972769
10,1053,393.9310907409119,306.8251055178621
10,1054,393.9303858538986,306.8191027788605
10,1055,393.93730203409376,306.81376407176833
10,1056,393.9541622994482,306.8172278249585
10,1057,393.98598072282664,306.8307730103226
10,1058,394.0288916414979,306.846621921544
10,1059,394.06825392341784,306.85754094782095
10,1060,394.0941393021007,306.860068021307
10,1061,394.1025391696949,306.8532586307682
10,1062,394.0930068061312,306.8437537680348
10,1063,394.07089355259467,306.8463365428947
10,1064,394.049303742391,306.87623598106734
10,1065,394.0454451869908,306.94258854363363
10,1066,394.074464654258,307.04453884747403
10,1067,394.1414299858689,307.16837394598565
10,1068,394.2424672811551,307.29285953329503
10,1069,394.367342572876,307.39394115562027
10,1070,394.49578253879025,307.4560908819282
10,1071,394.6024596052375,307.4794537319943
10,1072,394.66910533666794,307.4805491436911
10,1073,394.68751184836145,307.48108570134457
10,1074,394.6557947941984,307.5009234349291
10,1075,394.5778282142276,307.54830850971564
10,1076,394.4677085089141,307.61704847529194
10,1077,394.34664022295846,307.6893949964588
10,1078,394.2414822423995,307.7453797056752
10,1079,394.18083041564626,307.768196845128
10,1080,394.19162991450366,307.75148781248424
10,1081,394.2842429876636,307.70072667232057
10,1082,394.44639215886934,307.6301513365553
10,1083,394.64299030953936,307.55837056834326
10,1084,394.8260533858801,307.5056783256207
10,1085,394.950232354545,307.48498400354197
10,1086,394.99252865233996,307.4987296094703
10,1087,394.95746147015245,307.541615070276
10,1088,394.8733592233559,307.602882725907
10,1089,394.7847675594286,307.6671296077537
10,1090,394.73306727491166,307.7228099011104
10,1091,394.7415293191018,307.7650031527648
10,1092,394.8134363656933,307.7923192136119
10,1093,394.9355241343687,307.80581921433566
10,1094,395.08330900107967,307.80853823879687
10,1095,395.22995952854916,307.8037040932726
10,1096,395.3506151064082,307.79450862445015
10,1097,395.42658748574684,307.7875015754127
10,1098,395.4476528654199,307.7889451162905
10,1099,395.41449734753127,307.803291512592
10,1100,395.33946050697546,307.8319394656295
10,1101,395.24455846155195,307.87185100517166
10,1102,395.1560090090536,307.9112155802146
10,1103,395.08799474750356,307.94275179642585
11,0,409.6416461154196,313.1118662065427
11,1,409.7029547683186,313.1317613544687
11,2,409.7668348176495,313.1473951850183
11,3,409.81638470258827,313.1535825069007
11,4,409.83234871013366,313.1452403934878
11,5,409.81275118111296,313.1208738202753
11,6,409.76819346388163,313.0876738156994
11,7,409.7186296219798,313.05601157055503
11,8,409.68134976813246,313.0284883077071
11,9,409.66546531034544,313.0044242304941
11,10,409.6744057136441,312.9829663102675
11,11,409.7089973100702,312.9618671078574
11,12,409.766050603544,312.93925628474955
11,13,409.83533149138947,312.9141101130337
11,14,409.90715994320334,312.88591329821014
11,15,409.972259427464,312.85546477310334
11,16,410.0215425223803,312.82320180255294
11,17,410.04925497091176,312.7887972779427
11,18,410.0560412081425,312.75221939784166
11,19,410.0455287191776,312.7149250275007
11,20,410.0241729009792,312.6775816296162
11,21,410.0005274115004,312.6395992769958
11,22,409.98152815999777,312.5979597848475
11,23,409.9705922046611,312.5501322872704
11,24,409.96739119611277,312.4943712130159
11,25,409.9683874159849,312.4307021909144
11,26,409.96872385496107,312.36333347504916
11,27,409.9647369623376,312.301238651816
11,28,409.9551664945603,312.2508921490591
11,29,409.9399971418646,312.216801994079
11,30,409.9196496162686,312.2015423435607
11,31,409.8952693590965,312.2061204928023
11,32,409.868476411928,312.2308550613557
11,33,409.8407366566845,312.2767862596003
11,34,409.8142406888713,312.3423740871975
11,35,409.79338721732256,312.42247671109044
11,36,409.7818766015307,312.5060915372386
11,37,409.78057132991194,312.5794690822274
11,38,409.7899457633753,312.63175470600856
11,39,409.80815719618175,312.6564789826692
11,40,409.828672240239,312.65375645494845
11,41,409.8448625900124,312.6323157526769
11,42,409.8538351449389,312.60412875301864
11,43,409.85416167408,312.5799078649324
11,44,409.8483670429218,312.57056049788275
11,45,409.84177620814296,312.5792832698694
11,46,409.84057478478064,312.60085842039
11,47,409.84883934027795,312.62603918229564
11,48,409.86822625489606,312.6456786808613
11,49,409.8963050413096,312.6478164586461
11,50,409.93151689219184,312.63182056503615
11,51,409.97054093071694,312.6069652353106
11,52,410.00698430164266,312.58542080366334
11,53,410.03289980229874,312.57456000426447
11,54,410.04430886082815,312.5815163381826
11,55,410.04067322023184,312.6066327554572
11,56,410.0261897133465,312.6450332683618
11,57,410.0084006332161,312.6886028691091
11,58,409.9957368943829,312.732393380464
11,59,409.9925235915221,312.77091884716685
11,60,409.99735854952047,312.7974901521485
11,61,410.00358347979017,312.80607922178217
11,62,410.00531332001975,312.7976633994676
11,63,409.99858201456414,312.77391992955626
11,64,409.9821819406931,312.7393934340915
11,65,409.95705571863334,312.7022397497287
11,66,409.92517401560303,312.67095922594456
11,67,409.88610170490745,312.65015052251863
11,68,409.8377591448067,312.64749686494395
11,69,409.7783780321979,312.66578588166584
11,70,409.70640094641635,312.70191319359475
11,71,409.62272356458834,312.7500599192115
11,72,409.53471765548124,312.8023560434733
11,73,409.4549838406286,312.8455959576279
11,74,409.3929782535199,312.8753970178129
11,75,409.3545031577087,312.89516329064213
11,76,409.3411682993853,312.908779447811
11,77,409.3464395344871,312.91884426925543
11,78,409.3584487550206,312.92823526167683
11,79,409.3698097471004,312.9328251717779
11,80,409.3784845909444,312.92585846377267
11,81,409.3845144086395,312.9061805775999
11,82,409.38994168337496,312.8768446191651
11,83,409.3981853110749,312.8434253673246
11,84,409.4101019768376,312.8138682969252
11,85,409.4230135669824,312.7951116038418
11,86,409.4362260864343,312.78741874962844
11,87,409.45210537053924,312.7879641039971
11,88,409.4717863843319,312.79186481625953
11,89,409.4949947550642,312.7939809775203
11,90,409.52267296440306,312.7905776496764
11,91,409.5529705524515,312.78305701779664
11,92,409.58143935825666,312.77956215094304
11,93,409.60477116055057,312.7899318978498
11,94,409.6210265575795,312.8175702075221
11,95,409.6289763537665,312.8584931686664
11,96,409.6294214163938,312.90204659838366
11,97,409.6234215716278,312.9305084198404
11,98,409.6120896901955,312.9303215096104
11,99,409.5978944945346,312.90238700701525
11,100,409.5826699440325,312.8573055860558
11,101,409.5677029597907,312.8105516451829
11,102,409.55656226126183,312.777938823844
11,103,409.55336977885787,312.76748542782565
11,104,409.55986689549195,312.7759321285826
11,105,409.5758784165398,312.7928461595576
11,106,409.59901315223004,312.80605972758775
11,107,409.6235758169776,312.8066826440447
11,108,409.643895717199,312.78985459698777
11,109,409.65601876694893,312.7543319010524
11,110,409.65925236732676,312.70604717910317
11,111,409.65600208508965,312.6528195225575
11,112,409.65081158383737,312.5996504100313
11,113,409.64532684401115,312.5501922680267
11,114,409.63925251406,312.5077865016906
11,115,409.6305913857272,312.47268875862386
11,116,409.61747462299763,312.44586487879593
11,117,409.59852833431756,312.42724331727015
11,118,409.5764070840017,312.4163841732237
11,119,409.55617945908665,312.4101232139314
11,120,409.54349903899123,312.40469158465663
11,121,409.5416828456314,312.39404976743265
11,122,409.55024461152414,312.37524644772753
11,123,409.5646200549819,312.3461324320369
11,124,409.57874661088107,312.3106429439681
11,125,409.5867100002116,312.2744472177234
11,126,409.5843952582405,312.24465789006354
11,127,409.57237636959246,312.23050261617163
11,128,409.55538593279465,312.2430991957022
11,129,409.5388121697797,312.28500212713374
11,130,409.5264928136714,312.35302213598425
11,131,409.52101384132675,312.43980346632867
11,132,409.5215890763509,312.5296964372194
11,133,409.5238862259304,312.6016202981698
11,134,409.5258702628255,312.6457598277535
11,135,409.53044596174465,312.6599047586433
11,136,409.54199591758066,312.6451909053374
11,137,409.56431496912876,312.6114170112209
11,138,409.6011216492114,312.5772215969187
11,139,409.6516836596929,312.55498378157426
11,140,409.70961977168787,312.5527273698338
11,141,409.7652333558822,312.5753675889507
11,142,409.8117465652161,312.620408594222
11,143,409.84660201229394,312.6780809795023
11,144,409.8696091794542,312.7357115174255
11,145,409.88161536648477,312.7782992637357
11,146,409.8875794245578,312.7960469973269
11,147,409.8917903276893,312.78680179516584
11,148,409.8938646460718,312.7501241843415
11,149,409.8918138505442,312.68905173323134
11,150,409.88468543225713,312.612596685107
11,151,409.8714068220238,312.53196835989013
11,152,409.85418068719423,312.4569400660334
11,153,409.83914860869163,312.39735324228417
11,154,409.8328859539676,312.3598542016898
11,155,409.839791725314,312.34528252146134
11,156,409.86096028983417,312.3467204746679
11,157,409.8915867903187,312.3529790869886
11,158,409.924339544784,312.3530882933677
11,159,409.9532963940066,312.34137634107407
11,160,409.97577051128576,312.3182399855697
11,161,409.9916929998554,312.2902672609493
11,162,410.0015937209284,312.2639631726169
11,163,410.0048755768393,312.24504900405213
11,164,409.998665702272,312.2346553599658
11,165,409.97839291084136,312.2313849286224
11,166,409.940592242143,312.23232982848907
11,167,409.8879334380506,312.2386346622557
11,168,409.8278705851187,312.25292119469555
11,169,409.77150123190245,312.279570863183
11,170,409.7300902133747,312.31806144547977
11,171,409.70982006367757,312.36308880836845
11,172,409.7090598083313,312.4050758071775
11,173,409.72057286794575,312.4328756450237
11,174,409.73425804697496,312.4380824861559
11,175,409.73986605586396,312.4193184962915
11,176,409.73001007726964,312.37914511950015
11,177,409.7031139241464,312.32587668055425
11,178,409.6646085073576,312.2724486736149
11,179,409.62458825898904,312.2286218014701
11,180,409.5937286149692,312.19897732477983
11,181,409.58093210626987,312.18469060864976
11,182,409.5889352420912,312.18049933565567
11,183,409.61236302917376,312.1769299948155
11,184,409.6404608401182,312.1650226238234
11,185,409.66474886824057,312.1413709800568
11,186,409.68007118959247,312.11128013849975
11,187,409.6833795631598,312.08605792767787
11,188,409.6734734179339,312.0742726257516
11,189,409.65169057781566,312.08017926360077
11,190,409.61639475005853,312.10151940756276
11,191,409.56784675471636,312.1274010848508
11,192,409.51194622860095,312.14296882559233
11,193,409.4588021474337,312.14000752238815
11,194,409.4151138504298,312.1179323182054
11,195,409.38726364341494,312.0814601773645
11,196,409.37648166437975,312.0407993900772
11,197,409.3797950346793,312.0079386607655
11,198,409.39270079766857,311.9910518262515
11,199,409.41215057048066,311.9965036287215
11,200,409.4351455242453,312.02838376596776
11,201,409.46090333383296,312.08152591469155
11,202,409.48845282584693,312.1457012523681
11,203,409.5151801003469,312.2103689367916
11,204,409.540294447077,312.2624468642205
11,205,409.5635818910485,312.28968499253045
11,206,409.58419086882316,312.2904818613528
11,207,409.60158406225366,312.27090310604177
11,208,409.61581559114376,312.23902608054533
11,209,409.6257525710752,312.20620833127117
11,210,409.6307781304815,312.1837043805812
11,211,409.631652215561,312.1798178184034
11,212,409.6311357273964,312.2006004822983
11,213,409.63136349346274,312.245908355632
11,214,409.6339263252329,312.30885053296845
11,215,409.64123794937757,312.38190274154414
11,216,409.6545798738009,312.4560420369652
11,217,409.67156030329977,312.5198825782274
11,218,409.69148761357,312.57261242561907
11,219,409.71589282380756,312.621967887667
11,220,409.7431123407667,312.67339773717094
11,221,409.7680684238605,312.72945009568593
11,222,409.78508933985097,312.7920907066554
11,223,409.78583289541604,312.85410667363055
11,224,409.7595759995963,312.9002876280484
11,225,409.7030555705426,312.91906405715787
11,226,409.62107262559806,312.90630870408336
11,227,409.5227274694442,312.8632520847234
11,228,409.4215633865261,312.7982378820209
11,229,409.33473477456005,312.7267844731436
11,230,409.27137202328163,312.663299752356
11,231,409.2346756905745,312.61492783581997
11,232,409.22501341739144,312.58226426018035
11,233,409.2380545094333,312.56180720185256
11,234,409.26483659574404,312.54641126227875
11,235,409.298966555496,312.52974523680075
11,236,409.33595333860586,312.5117284990841
11,237,409.3713744700707,312.49845628322964
11,238,409.40404809210895,312.4971612836908
11,239,409.43688541112544,312.51239355281115
11,240,409.47271002117793,312.54187995487234
11,241,409.51228552241236,312.57502572817475
11,242,409.55900919655164,312.59906145062143
11,243,409.6148387335415,312.60196979558054
11,244,409.677605479091,312.5773606820816
11,245,409.74238917932837,312.52960221942567
11,246,409.80345603617576,312.4725337238337
11,247,409.8497086391559,312.4176517746413
11,248,409.86905814793533,312.3733831851955
11,249,409.8530434970137,312.3437977110008
11,250,409.8011119270075,312.3268284431549
11,251,409.72020893868853,312.3162455737757
11,252,409.6255508110021,312.30709826583865
11,253,409.53769912183014,312.29546045920125
11,254,409.47606758511733,312.28221309062155
11,255,409.4497627817716,312.27118794010227
11,256,409.45740113010345,312.2649668620279
11,257,409.49151540534166,312.26536245720746
11,258,409.542260640262,312.27581380567113
11,259,409.60337715248414,312.29462749311483
11,260,409.67909533659525,312.3116609348504
11,261,409.7777844162951,312.3054476144452
11,262,409.8964952006676,312.24558801541286
11,263,410.01168253970815,312.1029275823574
11,264,410.0849193107213,311.8654251021377
11,265,410.0760251335503,311.54929077725484
11,266,409.977231400063,311.209568669045
11,267,409.8246257771393,310.9301526582268
11,268,409.69147420142156,310.79099037429256
11,269,409.6608239618222,310.84149855049276
11,270,409.78862839318583,311.0677726312419
11,272,410.1707819813765,311.5711909580286
11,273,410.45905642352085,311.8971361902469
11,274,410.81553052840474,312.2667218038769
11,275,411.14908398533305,312.59202989144944
11,276,411.425979485655,312.8570214956188
11,277,411.63094479005787,313.05636511667547
11,278,411.7681373070876,313.195733563816
11,279,411.8475235536377,313.2825467013443
11,280,411.8794358898625,313.32538557224524
11,281,411.88769406729324,313.3335266503571
11,282,411.9080502052986,313.3180550868571
11,283,411.9721748189753,313.2921550725971
11,284,412.09193380606513,313.2649801951749
11,285,412.2567779017031,313.2380930403839
11,286,412.4427613638005,313.2085178582778
11,287,412.6279500164754,313.17189435228903
11,288,412.79273404249676,313.12351015498956
11,289,412.92510450247653,313.0643001180575
11,290,413.0094483076216,313.0022401252683
11,291,413.0225402605015,312.9511588748513
11,292,412.9395878858233,312.92377307453694
11,293,412.75330885353463,312.92456881586617
11,294,412.48417845702414,312.94718895426985
11,295,412.1890976575763,312.9814842389955
11,296,411.9467207396393,313.0199269698852
11,297,411.82149609479404,313.0586046544271
11,298,411.84026645547453,313.0974456008813
11,299,411.9836428581123,313.14061067031656
11,300,412.1952136572874,313.19191616119616
11,301,412.3999104692192,313.2469619339123
11,302,412.5380772216947,313.2941973151643
11,303,412.5764889456439,313.3193722717164
11,304,412.50941331208196,313.3124981607267
11,305,412.351887568567,313.2670477310554
11,306,412.13356911936967,313.18187427370873
11,307,411.8858749684794,313.06382088476084
11,308,411.6419548211873,312.9346089961442
11,309,411.440353894894,312.8203214381237
11,310,411.3181372012219,312.74569460659325
11,311,411.29833102071666,312.7289201155031
11,312,411.3850946680407,312.77987164006726
11,313,411.56142187158815,312.88885129248433
11,314,411.79122710611193,313.0324138765906
11,315,412.0314032877742,313.18047530077615
11,316,412.24437183648956,313.3072084558184
11,317,412.40289218016466,313.39286455944034
11,318,412.4948541569585,313.43005583114444
11,319,412.51830376423374,313.41999179080784
11,320,412.47168888642307,313.368101943536
11,321,412.3587660495483,313.27973104830363
11,322,412.196851716433,313.1642299116155
11,323,412.01190756223076,313.03330239827477
11,324,411.8339275323138,312.9037138946801
11,325,411.69893088425977,312.79901610727063
11,326,411.6323188027411,312.74455288851743
11,327,411.6344879753335,312.7563511931818
11,328,411.68304894014364,312.8326586521067
11,329,411.7435992901705,312.955471389543
11,330,411.7769737529285,313.0966315491148
11,331,411.7563954905073,313.22423508120266
11,332,411.6768278818762,313.31352874108273
11,333,411.5525720562351,313.3572481769292
11,334,411.4086499382338,313.3609713786345
11,335,411.2751179936207,313.3371635915414
11,336,411.17775791928375,313.30212541499026
11,337,411.1325344705645,313.26704692393724
11,338,411.14723318700766,313.23790086891995
11,339,411.2251822358744,313.22051286037646
11,340,411.3589279980848,313.21783137783893
11,341,411.52742416671686,313.22660086468227
11,342,411.7022596587802,313.24178382191576
11,343,411.8550194786234,313.2562744056389
11,344,411.95759572712734,313.2618009542706
11,345,411.9889641322122,313.2508230389689
11,346,411.9465569683724,313.22392206681474
11,347,411.84297993488923,313.19060529713727
11,348,411.6965314332378,313.1626679884941
11,349,411.5297180890788,313.1505926408133
11,350,411.37222477729847,313.1657224055102
11,351,411.25562853814034,313.21142027532693
11,352,411.2077544989735,313.2786027148192
11,353,411.24160398753276,313.3578374310532
11,354,411.3550267522825,313.44047587315214
11,355,411.5282921424562,313.5164349535118
11,356,411.73139174089954,313.5757693701483
11,357,411.93005422430474,313.6149534782542
11,358,412.09509174004023,313.63069514819
11,359,412.2016770925409,313.6198620050604
11,360,412.23815121466373,313.5823536355109
11,361,412.20697988685794,313.5239860495968
11,362,412.12511754032795,313.4549880073866
11,363,412.01764476367373,313.3900402743907
11,364,411.9143888061174,313.34910903355336
11,365,411.84338954591516,313.34689921262935
11,366,411.824076746687,313.38639805775597
11,367,411.86146457289135,313.45549066752227
11,368,411.9480807826168,313.53627442066704
11,369,412.05996895294913,313.6106529009213
11,370,412.1638107682244,313.6654447895188
11,371,412.23261384884427,313.6913710117758
11,372,412.25125720879885,313.68694121613623
11,373,412.2109787440205,313.656217968104
11,374,412.1160725368119,313.60795680702455
11,375,411.98699453536574,313.55315558291716
11,376,411.8544375832162,313.5029722722843
11,377,411.75143486255246,313.46383332672514
11,378,411.7059781043655,313.43823952737324
11,379,411.7244638670613,313.4291532205773
11,380,411.7870070826311,313.4382712101158
11,381,411.8589047156222,313.4601276952121
11,382,411.90886873998045,313.48640273123635
11,383,411.9227560376394,313.5087348465617
11,384,411.9036208491867,313.51670087561274
11,385,411.86728071272336,313.5012752980388
11,386,411.8280937302236,313.4620151306253
11,387,411.7923497837173,313.4009652860631
11,388,411.7547096845475,313.3149101752826
11,389,411.7031698427801,313.20097758682726
11,390,411.6277868972552,313.06311226466704
11,391,411.5289516716173,312.91112958567595
11,392,411.41236220880205,312.7600951940917
11,393,411.2861467230374,312.62563220830094
11,394,411.1578042643544,312.52007087613026
11,395,411.0292603578586,312.44411187655095
11,396,410.8975729819174,312.38677607075743
11,397,410.7637669930146,312.32784247346495
11,398,410.63538780105307,312.2536014217418
11,399,410.5211395268145,312.1588680029277
11,400,410.42742789025834,312.0468696110996
11,401,410.3597314081619,311.92914394623057
11,402,410.31977513381446,311.82947558685464
11,403,410.30799406806517,311.77037600814776
11,404,410.3289843158049,311.760952156441
11,405,410.38365635633795,311.8008108487227
11,406,410.4641870350283,311.8814851610711
11,407,410.5559046445633,311.97654343022697
11,408,410.63579418994397,312.0538894759208
11,409,410.6759093242578,312.0972825482944
11,410,410.66646226426127,312.10590399875247
11,411,410.61763069727095,312.0858348348831
11,412,410.54862825358117,312.0554975907519
11,413,410.4815503844878,312.0333815996019
11,414,410.4353548232826,312.03012386272053
11,415,410.4154037111034,312.04850151523175
11,416,410.4180168770162,312.08915881899094
11,417,410.4352463933801,312.14849291560654
11,418,410.4573940941235,312.2203664660196
11,419,410.4742639218196,312.28970476378515
11,420,410.47975830022193,312.3325123799218
11,421,410.4708811568398,312.3298322635578
11,422,410.45197870325865,312.2710329003547
11,423,410.43345368819996,312.1571987774507
11,424,410.43307845296846,312.00984895791237
11,425,410.4625618934445,311.86708584970427
11,426,410.5203680750402,311.7580878497061
11,427,410.59597895298384,311.7028140235547
11,428,410.6800808426964,311.71620447949806
11,429,410.7589882235662,311.7962491344424
11,430,410.8197010334209,311.92413074159947
11,431,410.85616451914944,312.07658914939884
11,432,410.8715924541905,312.2269849143756
11,433,410.8723002450505,312.3457401218811
11,434,410.8663379765071,312.41440597786413
11,435,410.86487532040104,312.42757954122317
11,436,410.88210604284075,312.39377500725925
11,437,410.9220412162495,312.33074670251216
11,438,410.9797825259889,312.2589104273113
11,439,411.0507396086505,312.19598789113337
11,440,411.1269778507744,312.1524988204128
11,441,411.19985974180344,312.1242997771903
11,442,411.27066529790704,312.0993063725787
11,443,411.3357739417285,312.057768843777
11,444,411.3810693198558,311.9760265562067
11,445,411.3951882689965,311.8438429324326
11,446,411.371948885557,311.6708046485843
11,447,411.30597454486394,311.4802081370817
11,448,411.20979591040515,311.3112603213205
11,449,411.1182337588161,311.20204839133385
11,450,411.0758247127376,311.1729652975445
11,451,411.1172183045321,311.2338096555419
11,452,411.2547420200502,311.38108154756935
11,453,411.4765833740992,311.5886643286831
11,454,411.74937856532654,311.81905454212296
11,455,412.02693600557296,312.0338538392033
11,456,412.26614911196265,312.1928344449242
11,457,412.4436520860664,312.266862044647
11,458,412.5553513191655,312.2524262135368
11,459,412.61057256576197,312.1714071946711
11,460,412.6179606289435,312.0566619380969
11,461,412.5806509811445,311.9376316583005
11,462,412.4995524319788,311.83217606706694
11,463,412.3816813166475,311.74865133058455
11,464,412.24367113499886,311.69416348491933
11,465,412.11657861596007,311.6725692716769
11,466,412.0351860810351,311.68916185668417
11,467,412.0160830416443,311.7478145385279
11,468,412.04724826449797,311.8385539678455
11,469,412.09191995459037,311.9292526672638
11,470,412.1033410176693,311.9912633834195
11,471,412.0479577524099,312.0110422399959
11,472,411.9256900135385,311.9909159076219
11,473,411.7573467632759,311.94966417404726
11,474,411.5691132197074,311.9141307355396
11,475,411.3882169427611,311.89873636494383
11,476,411.24429908627974,311.8994251521435
11,477,411.15326396239425,311.90269625918665
11,478,411.11114574131614,311.888891648404
11,479,411.1129281719557,311.8500213465716
11,480,411.1490351729908,311.8008489111819
11,481,411.1883679078307,311.76637526969506
11,482,411.1965082024669,311.771785239587
11,483,411.17407011192205,311.83838200991966
11,484,411.1401279336161,311.9722301564844
11,485,411.1141007110137,312.1560978351519
11,486,411.10587074170184,312.3565955137816
11,487,411.1104726686041,312.5260119623761
11,488,411.10195756527185,312.62431347306904
11,489,411.0450440181392,312.6320695769302
11,490,410.92094876315485,312.5477290012301
11,491,410.750771794361,312.3911643806446
11,492,410.5839310035624,312.20983237465225
11,493,410.46982899848757,312.05506204542286
11,494,410.44189442926756,311.95808511621544
11,495,410.5033326489869,311.9338270151761
11,496,410.6221566677322,311.98199567877646
11,497,410.7499880919418,312.07473036512187
11,498,410.8412649247697,312.1653579179181
11,499,410.8654250128241,312.21987923797076
11,500,410.8090316572188,312.22199883303676
11,501,410.6771823436894,312.1643199717759
11,502,410.48394663092586,312.0612366964019
11,503,410.2522878444522,311.94723495750986
11,504,410.00962612583055,311.8482173818395
11,505,409.7872378703648,311.7720281628477
11,506,409.61278296455043,311.71980076664295
11,507,409.50978423538,311.6794243679604
11,508,409.4822609082025,311.62662297916637
11,509,409.52125675234464,311.5481480625603
11,510,409.6083871844496,311.45266671681213
11,511,409.7128934750776,311.3577619540844
11,512,409.7935358122852,311.28885145608734
11,513,409.82520705401384,311.27320270997836
11,514,409.79939088877126,311.31610612533734
11,515,409.7208334062434,311.39308788649896
11,516,409.6145636828081,311.478548142186
11,517,409.5217871029668,311.55001057395975
11,518,409.4712269793203,311.58650858269976
11,519,409.47558805272683,311.5845945440906
11,520,409.54463989107694,311.564185267909
11,521,409.6849789046612,311.5433311180709
11,522,409.8938271200447,311.5341799411394
11,523,410.16489892166305,311.54868030151823
11,524,410.4925225400865,311.58926056896934
11,525,410.856230628481,311.6485268373954
11,526,411.21677238206286,311.71558447634897
11,527,411.5261617043672,311.77879726450027
11,528,411.7489362408816,311.82948922173364
11,529,411.86618964415004,311.8693587063474
11,530,411.8835413280379,311.903561650625
11,531,411.82849419954135,311.93707928410936
11,532,411.7467423233487,311.9743988483228
11,533,411.6823157306656,312.0142944611852
11,534,411.6544558183915,312.0493845587771
11,535,411.65008196077355,312.07261026804736
11,536,411.6392774418005,312.0825217298003
11,537,411.58789889781866,312.07853667835343
11,538,411.4716628498136,312.0648577224114
11,539,411.2917753883471,312.04795880310166
11,540,411.07405180980305,312.034019484264
11,541,410.8535416013367,312.0242063735332
11,542,410.65840549245485,312.0206709749979
11,543,410.50230999424883,312.0230602575097
11,544,410.38644841165785,312.0302672888042
11,545,410.3043646088961,312.0382207411034
11,546,410.2515375658322,312.0420423579268
11,547,410.2307970974463,312.03593365286
11,548,410.24328614708946,312.0169687007517
11,549,410.2823430616181,311.98623062862293
11,550,410.34025809440254,311.9498541743169
11,551,410.4052873754635,311.9151603127601
11,552,410.46121043223604,311.89050865360247
11,553,410.49741116087836,311.88159923090893
11,554,410.51732829409343,311.886660060276
11,555,410.53087389898445,311.8991879741855
11,556,410.5489005056567,311.9170010554498
11,557,410.58093631054163,311.93869228864156
11,558,410.6343267836761,311.96349360179516
11,559,410.70662219433433,311.9904461581127
11,560,410.7873371657419,312.01919414753877
11,561,410.8639394887702,312.0434608817448
11,562,410.9217881624846,312.0536800757441
11,563,410.947638134295,312.0433580473049
11,564,410.93680175137024,312.0162899610759
11,565,410.8921613483169,311.97822757422557
11,566,410.8225917565228,311.9395192198486
11,567,410.74900148615865,311.91631587643644
11,568,410.69551534238025,311.9197589035609
11,569,410.68041707206385,311.94978126217876
11,570,410.71379948914296,312.0048361311559
11,571,410.7947403383877,312.0803360208519
11,572,410.90691005437753,312.16599305486574
11,573,411.0212345212694,312.2520417068704
11,574,411.1062367326265,312.3290100295031
11,575,411.1392672946211,312.38544598167334
11,576,411.1135269870544,312.4116322399428
11,577,411.0377122381731,312.40398934739915
11,578,410.9402083277025,312.3644754069039
11,579,410.85771992284435,312.30488405401
11,580,410.82047376991306,312.2424637180752
11,581,410.84134908899,312.19114620880254
11,582,410.9154488128234,312.15730065956177
11,583,411.0183956990683,312.14295169353295
11,584,411.118312295267,312.1443004422356
11,585,411.1850411037996,312.1562718743344
11,586,411.1965509750315,312.17611207706796
11,587,411.14290409990747,312.2013655646355
11,588,411.024189826495,312.2303353955765
11,589,410.83879596605766,312.26554222096996
11,590,410.58292941218116,312.30849715427723
11,591,410.27600772210775,312.35769443278787
11,592,409.9581811470464,312.41423572555703
11,593,409.6751045347466,312.4741147083442
11,594,409.4777699665234,312.5182534020328
11,595,409.4196152139312,312.5208710004386
11,596,409.51068254894085,312.474256052839
11,597,409.70871663543886,312.38754712402425
11,598,409.95194410447283,312.2761149125078
11,599,410.17817044022394,312.1731074254637
11,600,410.32579201905,312.11886631830555
11,601,410.34985537715255,312.1196926257872
11,602,410.2475892854905,312.13972439147994
11,603,410.068868595948,312.13052646376406
11,604,409.7969240441991,312.0683422094918
11,605,409.4584005883404,311.93166746342115
11,606,409.10280949759675,311.72366340291944
11,607,408.8000122322904,311.49054199388786
11,608,408.64102669855674,311.3038786441787
11,609,408.6518112791022,311.21450306124467
11,610,408.79327004813666,311.2269563544448
11,611,408.974879260729,311.31498283860304
11,612,409.1733420454692,311.4613485139813
11,613,409.44332197723327,311.66098732691296
11,614,409.76093576748707,311.8828552729288
11,615,409.86138175167196,312.1787302942629
11,624,410.6154982264209,312.1836811349403
11,625,410.66301835293,311.93552979194163
11,626,410.605086326439,311.7379108681807
11,627,410.4234103015127,311.53706979418104
11,628,410.18599891944314,311.33383786115274
11,629,409.9405705120814,311.1302958557647
11,630,409.7524475793567,310.9425692877512
11,631,409.66475638927,310.7844470174352
11,632,409.6894477032423,310.6714571014512
11,633,409.8368421064133,310.62359702269237
11,634,410.09400401297074,310.64573338274425
11,635,410.38554171610883,310.7180920626804
11,636,410.63845549586114,310.80822945037806
11,637,410.79240417310046,310.8824863241711
11,638,410.79430105237407,310.9211470573312
11,639,410.6500192748816,310.92071561016184
11,640,410.54929108993593,310.90451636099266
11,641,410.57609330663115,310.9031947117498
11,642,410.7494661906808,310.93805800186607
11,643,411.0534326855611,311.0230611680042
11,644,411.4152409320773,311.16193504619605
11,645,411.69961223863106,311.34380499686995
11,646,412.00743861967777,311.54269279588823
11,647,412.3264700351441,311.75372020604664
11,648,412.6843453536445,311.95834284786685
11,649,413.0706888825058,312.12498922965307
11,650,413.4386414162631,312.24130158572194
11,651,413.7363452505863,312.31345565686075
11,652,413.90591833370485,312.35060260324275
11,653,413.8995264031636,312.3569532544961
11,654,413.7191568022617,312.3474721568708
11,655,413.4365595485094,312.3282444271978
11,656,413.25721894814563,312.2913693230637
11,657,413.24958021613963,312.25026491544946
11,658,413.3852254428168,312.23860208178576
11,659,413.5291219424399,312.28383983299176
11,660,413.67088954554623,312.41076082486705
11,661,413.8294684880509,312.60249674043786
11,665,414.19121905848095,312.9469306619961
11,666,414.3833709574165,313.0285141334993
11,667,414.6615880216671,313.1078713546621
11,668,414.8956797240615,313.1318218216544
11,670,415.0161828208169,313.01062565330824
11,671,414.9006100560725,312.8573666821454
11,672,414.6683821776603,312.69207287691376
11,673,414.31033126103915,312.5398242525712
11,674,413.856920127452,312.4215042495743
11,675,413.34389478482024,312.3553698451298
11,676,412.8120920008373,312.34589637034844
11,677,412.3050981281145,312.37387075492734
11,678,411.8684014603809,312.40554277681946
11,679,411.5320905076591,312.41764923663493
11,680,411.30694617604837,312.39580355872585
11,681,411.18244211688136,312.3360767383401
11,682,411.1465426645017,312.25223238590695
11,683,411.1888899270683,312.1799700294808
11,684,411.288845092627,312.15622258766473
11,685,411.4143185761733,312.2044632734185
11,686,411.54425335056516,312.3327196531864
11,687,411.6596708654662,312.53524243055796
11,688,411.7462317471231,312.7805536188691
11,689,411.8173808998484,313.0184263136362
11,690,411.90603594098974,313.2122069236294
11,691,412.02904126980036,313.3462716435391
11,692,412.1905768330038,313.4173702489304
11,693,412.3807983488443,313.44114137477334
11,694,412.5766200269351,313.4465273257673
11,695,412.75458633183115,313.4524061934397
11,696,412.88716713220157,313.46022534409906
11,697,412.9463845258935,313.46858867905394
11,698,412.9333762917091,313.4774567566072
11,699,412.86709167702855,313.48438580308374
11,700,412.74024277391777,313.49155828764935
11,701,412.5633510761299,313.50603168377376
11,702,412.3934969197611,313.523284050237
11,703,412.3682277160305,313.51954332822066
11,704,412.4603918544836,313.48947932764
11,705,412.56182207795086,313.44592477451266
11,706,412.6692078594871,313.4066763095585
11,707,412.78744417869945,313.39006470837495
11,708,412.9926970997092,313.40810644428444
11,711,412.9267969266483,313.3780974087333
11,713,412.5566301759418,313.2858288954423
11,714,412.361237809842,313.2085134115571
11,715,412.16209929033636,313.08224769556097
11,716,411.95937315344963,312.9282991432851
11,717,411.76042760373247,312.7763645334709
11,718,411.5726368570948,312.66805821345935
11,719,411.4033920942888,312.6179217255705
11,720,411.285960906755,312.6207721457669
11,721,411.2540772970465,312.67048784660005
11,722,411.2988394490361,312.748330240573
11,723,411.37891253458514,312.8117251063298
11,724,411.434939748746,312.8294236954624
11,725,411.38637808766015,312.7870340916867
11,726,411.23950001974976,312.7225234622644
11,728,410.66744246671016,312.5816333119326
11,729,410.3789683098365,312.48927849156206
11,730,410.2869436995852,312.4812981594903
11,733,410.3332654490163,312.5386181821519
11,734,410.41999254725124,312.5587210108518
11,735,410.71833256986037,312.64133086698786
11,736,411.0020760482485,312.80841683219023
11,746,412.0069443897088,312.4062851975015
11,748,412.13503424713184,312.33143913214326
11,749,412.161097691607,312.24194438259804
11,750,412.1479531288192,312.1653209379332
11,751,412.1460484613011,312.1226145485304
11,752,412.12156566251423,312.1299176821506
11,753,411.9716448577079,312.18531024266326
11,754,411.70774218933633,312.26750862011517
11,755,411.3875734411083,312.3455709683326
11,756,411.10640428254544,312.3931792716047
11,757,410.9413690047891,312.39352554515705
11,758,410.9145400965996,312.3519784874582
11,759,410.99063422453145,312.28157273908886
11,760,411.11212162381497,312.1962893887199
11,761,411.2187462442173,312.1020792835917
11,762,411.27219013164733,312.0019927423662
11,763,411.2782606781823,311.90230700630644
11,764,411.29336181378864,311.8296164153835
11,765,411.37518070885636,311.8089285805706
11,766,411.54234861172887,311.8405463066944
11,767,411.79580368705496,311.91012019932424
11,768,412.187785142636,311.9928358705872
11,769,412.5687566327138,312.03878811719443
11,770,412.83712064826415,312.00810532469285
11,771,412.941604034447,311.8926715202818
11,772,412.90101876236065,311.71912380561093
11,773,412.77506784609363,311.528588821488
11,774,412.6389506535379,311.3592755848971
11,775,412.54391402301303,311.23836305850807
11,776,412.5087891350206,311.17794041293655
11,777,412.514012128102,311.1686389067524
11,778,412.52995782383715,311.2053064078659
11,779,412.52907707191656,311.29821095678244
11,780,412.4937711050809,311.4533314345129
11,781,412.4217692071841,311.67161888237086
11,782,412.328657653794,311.94782048389794
11,783,412.2263053434762,312.2505310781017
11,784,412.1189956170087,312.5223631073087
11,785,412.0086475513295,312.7110474502594
11,786,411.90219286730365,312.7841989224653
11,787,411.803463553831,312.74048307825154
11,788,411.72885147666716,312.6154616784336
11,789,411.6964519832436,312.4716928430562
11,790,411.7162617809588,312.36703255900653
11,791,411.7784584110152,312.3310137349307
11,792,411.8621051003274,312.36094265560394
11,793,411.9272337665058,312.43037566329974
11,794,411.9315971611094,312.5047131526663
11,795,411.8499925607086,312.5537576707345
11,796,411.68961967222094,312.5607845442872
11,797,411.48372522776054,312.51764448859666
11,798,411.2916143668088,312.4162089856453
11,799,411.17736695918387,312.25359234588115
11,800,411.1873021429631,312.0403758412851
11,801,411.33603237921676,311.82401599644265
11,802,411.6531070052123,311.6893121816883
11,803,412.11641539427524,311.7195516880405
11,804,412.58252422333084,311.93004316899135
11,807,413.273847573631,312.41082953110816
11,809,413.22911271332634,312.56592650336023
11,810,412.97522278165957,312.6172998172766
11,811,412.6283630366826,312.63333349103596
11,812,412.3064134585347,312.60869145363006
11,813,412.02624643296815,312.6319793380076
11,817,412.06924893480664,312.59776779115646
11,818,412.28256978309963,312.555753472309
11,819,412.41906005332197,312.6097589426851
11,820,412.49251545154374,312.7213647831267
11,821,412.5062237541078,312.8459480827425
11,822,412.483978200915,312.9470832078317
11,823,412.4435803809513,313.0151767363001
11,824,412.38418802972507,313.0509441852629
11,825,412.29142017896265,313.0526587875435
11,826,412.1616939561059,313.0273729014701
11,827,412.0087729763214,312.9870285599293
11,828,411.8770099588843,312.94017593193144
11,829,411.8138917535162,312.88791384325606
11,830,411.8429826905119,312.8246235778428
11,831,411.9642465164005,312.74751811975824
11,832,412.1622704951728,312.6567135800777
11,833,412.4400336247774,312.5349605948597
11,834,412.6438911149663,312.42503240639707
11,835,412.72551753725133,312.35806756403883
11,836,412.6825304982534,312.35581907108354
11,837,412.53458050784906,312.4110739165899
11,838,412.32305992846204,312.49587590585946
11,839,412.07832797517386,312.5711715016663
11,840,411.8164150895018,312.6030970315179
11,841,411.55285067213526,312.5563694133455
11,842,411.3102884624952,312.41657592954095
11,843,411.10874924239266,312.18485542941994
11,844,410.9565880940325,311.87817234273433
11,845,410.8312848070618,311.521658988438
11,846,410.6889117448035,311.15647836923364
11,847,410.489516830271,310.830156235987
11,848,410.21983141249024,310.5900284832226
11,849,409.90764970693516,310.46621962783354
11,850,409.62781645787584,310.4731106054331
11,851,409.4668468904365,310.6088050489453
11,852,409.47377221103983,310.8504545115779
11,853,409.6412849439988,311.169973345883
11,854,409.9124516869723,311.5422093008033
11,855,410.1932633236714,311.9358626975058
11,856,410.39063777549586,312.30886282391333
11,857,410.4655624791725,312.6285361048521
11,858,410.4464044089474,312.8715674614964
11,859,410.3934769372018,313.02757294808674
11,860,410.3670087430356,313.0945833059138
11,861,410.4055546945501,313.08416727160505
11,862,410.5092510733891,313.012780639394
11,863,410.6423594481624,312.8972364039877
11,864,410.76335093935273,312.7508304379889
11,865,410.85218891595827,312.60049227088507
11,866,410.9186074530914,312.47784136417533
11,867,410.9837224318136,312.4068492450484
11,868,411.0657833033269,312.39787463858016
11,869,411.17493138919633,312.45338692903914
11,870,411.30978742541197,312.5560780121874
11,871,411.45123207140637,312.6758275873735
11,872,411.58115221552305,312.7878468656719
11,873,411.6959827858991,312.87607486782434
11,874,411.80411424471214,312.9243645053044
11,875,411.91949530037596,312.9271809263535
11,876,412.0578536162268,312.8962608543977
11,877,412.22342328820474,312.84451244357626
11,878,412.40851598002956,312.78421417230044
11,879,412.6008383654851,312.7344490016238
11,880,412.7798150950739,312.7093052248027
11,881,412.9257163297585,312.7005509335406
11,882,413.02815768168585,312.6914176938233
11,883,413.0751036686406,312.6736044010945
11,884,413.0444956541993,312.64143324133124
11,885,412.92180902048733,312.5876136868614
11,886,412.71119252537716,312.5123498165723
11,887,412.4349884268005,312.41579636373774
11,888,412.1230203970679,312.284032291988
11,889,411.80919707898767,312.0994707936381
11,890,411.52559253787734,311.8681686689805
11,891,411.2849417653875,311.6279213696128
11,892,411.0829678252145,311.43303390368766
11,893,410.92361944077254,311.3388025329668
11,894,410.8196369707314,311.3855770610974
11,895,410.77469847442546,311.5815471044591
11,896,410.7858880238389,311.88706916977503
11,897,410.84168158442986,312.2359770192643
11,898,410.91810561239896,312.5625030060987
11,899,410.9959831145421,312.82381293992205
11,900,411.0751802881008,312.9961422311218
11,901,411.16746928403717,313.08269773287793
11,902,411.2861773873854,313.1102164514225
11,903,411.4381979809271,313.1079424305865
11,904,411.60735828534155,313.0870494358812
11,905,411.7586245436091,313.0573897745729
11,906,411.86083382807743,313.0232816838168
11,907,411.90208525379546,312.9784460298107
11,908,411.8827966067466,312.9215678648402
11,909,411.82228202309705,312.8667164707546
11,910,411.75456311213674,312.8201137048192
11,911,411.70511781154204,312.7915843443059
11,912,411.6806013094878,312.79527882718196
11,913,411.6887217279837,312.8330371581378
11,914,411.73543194926134,312.88935468749906
11,915,411.8147498738101,312.9444082162342
11,916,411.9157983736575,312.97101733038903
11,917,412.0268500524874,312.9450168363579
11,918,412.1281580990878,312.863611141638
11,919,412.20188789645937,312.744238544996
11,920,412.2476283701604,312.61829478830896
11,921,412.2718509300281,312.5215065007002
11,922,412.2846672551851,312.482133521912
11,923,412.29831076481224,312.50654621335696
11,924,412.31575684672526,312.57863067677823
11,925,412.3206867973011,312.66971824039933
11,926,412.30373225151214,312.7490414771636
11,927,412.2649084603481,312.782329495348
11,928,412.20723376188977,312.74415868884455
11,929,412.13938415670214,312.632779298823
11,930,412.07279171958487,312.46495820362395
11,931,412.0045451671341,312.25932202182946
11,932,411.9189915815195,312.041898373679
11,933,411.80989217208,311.8460359341375
11,934,411.68663022933686,311.71279286596973
11,935,411.56314102197217,311.66826623197545
11,936,411.46130189514287,311.72815313551405
11,937,411.40305250556355,311.8960315813976
11,938,411.37980808245845,312.1478382707845
11,939,411.3750278875262,312.42289777750256
11,940,411.37238797724734,312.66829882552304
11,941,411.3514468197301,312.8543177860917
11,942,411.3023917821977,312.96896224734684
11,943,411.244072515604,313.0224400574715
11,944,411.20678864845354,313.04338276944793
11,945,411.21541987145457,313.0499093839294
11,946,411.2843643618703,313.0462319609898
11,947,411.4058929835982,313.0229227677338
11,948,411.5491440342723,312.9657431607511
11,949,411.67662384201356,312.8754176020733
11,950,411.7551802915226,312.7740116194135
11,951,411.7699721131472,312.68309557724945
11,952,411.73135080604914,312.62367005010213
11,953,411.6708979496285,312.6144600398441
11,954,411.6185245393168,312.65147034409097
11,955,411.5949736353978,312.70693973847966
11,956,411.60877257938625,312.74897323320033
11,957,411.6522170999157,312.7476395479901
11,958,411.70380965839496,312.6795048529125
11,959,411.7405743052631,312.54615937545174
11,960,411.7473949536709,312.3718350609843
11,961,411.710888469138,312.19148435582986
11,962,411.6229667570636,312.0407836805238
11,963,411.48416680783924,311.9409080928795
11,964,411.3049876108517,311.89022040455023
11,965,411.1019335718024,311.87358075124575
11,966,410.90227658464994,311.8728872379523
11,967,410.7402495979687,311.8765153279076
11,968,410.6457037865222,311.8812640719863
11,969,410.6348474599851,311.88177936622844
11,970,410.71161056644485,311.87025538078683
11,971,410.869182196339,311.83961093369953
11,972,411.08523500801425,311.78324263186596
11,973,411.32244914290607,311.69973395859904
11,974,411.53589028205386,311.60539178615494
11,975,411.67779393204006,311.52396012456995
11,976,411.7126642099706,311.4733752644491
11,977,411.62926499542317,311.4556258674702
11,978,411.44958270054707,311.46766051712586
11,979,411.2292101516456,311.502147683429
11,980,411.0364637375709,311.5522043162622
11,981,410.9154875044415,311.61152035439545
11,982,410.88046841967525,311.6831817944946
11,983,410.92264815805515,311.76386905917457
11,984,411.0149680146479,311.84348911143815
11,985,411.1252623063615,311.909773566872
11,986,411.22690437896165,311.96107790700654
11,987,411.3021233931353,311.9977552339292
11,988,411.342019622488,312.0267447633053
11,989,411.34533175901646,312.0591551720184
11,990,411.3177401725194,312.1076064620698
11,991,411.28171739425784,312.1752342974382
11,992,411.264297057556,312.25971062238165
11,993,411.2794596630416,312.35459155241267
11,994,411.32410375825174,312.4506230207909
11,995,411.3905904246837,312.5326194876203
11,996,411.4669284396964,312.5842330146046
11,997,411.54237016143645,312.5958894616903
11,998,411.61421157072306,312.5681122699158
11,999,411.6872777335656,312.5099957144818
11,1000,411.76261992578935,312.4369727990655
11,1001,411.8334725578892,312.3662333935754
11,1002,411.8881538454639,312.31175413537244
11,1003,411.91487847548217,312.27874484297143
11,1004,411.9018744248647,312.2618046668353
11,1005,411.8373564256494,312.2509164715542
11,1006,411.7153036197041,312.2431058574002
11,1007,411.53801605873105,312.23463927347996
11,1008,411.3005915492769,312.2200860991254
11,1009,410.99091350968575,312.1877994245644
11,1010,410.6018334446276,312.1263325920921
11,1011,410.11693098342755,312.0242266263753
11,1012,409.5571371995627,311.88875201271765
11,1013,409.0985912933064,311.74597522778555
11,1014,408.8213776690545,311.6695195182704
11,1015,408.7412409112397,311.7460613374157
11,1016,408.7842384442847,311.99300085221773
11,1018,409.1336522918755,312.4047085594038
11,1019,409.45818588273687,312.63588199464397
11,1020,409.7675133601443,312.90285982965577
11,1021,410.0384525312349,313.0534785631345
11,1022,410.2751893056623,313.05991366128046
11,1023,410.50094353353126,312.953096505067
11,1024,410.68403891627946,312.8206211675271
11,1025,410.85437416218815,312.6884988681338
11,1026,411.03017496910047,312.5671304646392
11,1027,411.21784030218873,312.4620166528708
11,1028,411.40382674353935,312.375982182767
11,1029,411.56630979637214,312.31642271844004
11,1030,411.6962761903058,312.2851922691173
11,1031,411.7999737786663,312.2756983013192
11,1032,411.88271144043466,312.27884871269777
11,1033,411.9471026111954,312.2861955331345
11,1034,411.9956920800304,312.28657736899544
11,1035,412.01780714752897,312.2711824513919
11,1036,412.0091533722661,312.2437546300868
11,1037,411.9834885103757,312.214687442794
11,1038,411.9506933171976,312.1934018429516
11,1039,411.91357885075473,312.18840897552815
11,1040,411.8837586269368,312.20590916181885
11,1041,411.8727268078652,312.24856929084814
11,1042,411.8700205069833,312.31434200636335
11,1043,411.8611177383823,312.38953893311077
11,1044,411.841417262793,312.45770711702505
11,1045,411.8085922653584,312.5077605253795
11,1046,411.7484896110774,312.5299645183816
11,1047,411.66055831849803,312.52072870027297
11,1048,411.56276886133276,312.493856675034
11,1049,411.4735155109953,312.4671870008182
11,1050,411.4029613306497,312.45294445305433
11,1051,411.3617268245529,312.4538852718459
11,1052,411.35505239842536,312.4694391375656
11,1053,411.37845027653105,312.49321964436064
11,1054,411.42295783894934,312.51836596999726
11,1055,411.479416031463,312.5402348850752
11,1056,411.54167163655654,312.56240044933406
11,1057,411.606585598946,312.58426552946196
11,1058,411.6677734542526,312.6021615220687
11,1059,411.7149519066065,312.61125918511385
11,1060,411.74191291074567,312.60729918021144
11,1061,411.7450281743667,312.588765560641
11,1062,411.72336823639876,312.56334650429864
11,1063,411.68271854926513,312.5447524010775
11,1064,411.6349675523296,312.5490800710816
11,1065,411.5947974546429,312.590564892375
11,1066,411.577563977346,312.6709843883127
11,1067,411.5929397420947,312.77920974600295
11,1068,411.64355137188363,312.8963917638588
11,1069,411.72655911674815,313.00010129375073
11,1070,411.8278695709321,313.0742080231311
11,1071,411.9274957484445,313.1182122784374
11,1072,412.0066058760201,313.1414040446731
11,1073,412.0521272850317,313.1535166718725
11,1074,412.0540447305938,313.16498743490286
11,1075,412.012390797727,313.17846857102984
11,1076,411.9363029703167,313.18609207587184
11,1077,411.8416969150817,313.1792682729524
11,1078,411.74934092476855,313.15451947208976
11,1079,411.68589452872834,313.1093396679247
11,1080,411.67393124176266,313.0459618348155
11,1081,411.7239120623232,312.9735999252529
11,1082,411.8307875905966,312.90203475257954
11,1083,411.97309685638606,312.84094723280657
11,1084,412.1151455800872,312.80007241709905
11,1085,412.22101114830326,312.7851324974965
11,1086,412.26754638561766,312.79420990696525
11,1087,412.2526586769437,312.82132665995994
11,1088,412.1923444798561,312.8591138444266
11,1089,412.11627531107393,312.9010642592216
11,1090,412.05528414437424,312.9436125327959
11,1091,412.0314023351824,312.9865775099033
11,1092,412.05095682863924,313.02952290144475
11,1093,412.1082356690709,313.0699170257658
11,1094,412.1902521013314,313.10257808962433
11,1095,412.28155877034294,313.12294126028206
11,1096,412.36665485308845,313.1312933333625
11,1097,412.4314443228518,313.1353417793439
11,1098,412.46618484614163,313.14290368915084
11,1099,412.46818142264976,313.16002986607623
11,1100,412.4414729902778,313.1904023595725
11,1101,412.3962373395347,313.2310443300064
11,1102,412.34927212826057,313.2694954660011
11,1103,412.3115380200586,313.29913445267204
12,0,262.8506365500107,272.1409012123419
12,1,262.9160462487988,272.2643562683484
12,2,262.99661740039693,272.4207569007318
12,3,263.08347718541523,272.5926057680281
12,4,263.16143107328304,272.7476941140332
12,5,263.22079732490266,272.8691499204157
12,6,263.259991629318,272.95120548875025
12,7,263.28606051082824,272.99540681874754
12,8,263.3042398178271,273.0021543713619
12,9,263.3163717214997,272.97068995756405
12,10,263.324575699615,272.8981616006386
12,11,263.33016319160146,272.78815623947327
12,12,263.3325331972119,272.6551651125083
12,13,263.3303577070239,272.5186032249501
12,14,263.3221466391527,272.391380395009
12,15,263.30873759565304,272.2866245476992
12,16,263.29269362751313,272.213402758349
12,17,263.2762499111853,272.1707582128772
12,18,263.2622913764108,272.15256534853097
12,19,263.2561253305568,272.1567131483775
12,20,263.26337160574667,272.1810662795357
12,21,263.2847039803668,272.2211642166119
12,22,263.31856196142326,272.27286270249675
12,23,263.361376298072,272.33406577132337
12,24,263.4045297955721,272.4019670190126
12,25,263.43381985948986,272.4707452110548
12,26,263.4424400204152,272.5381688431078
12,27,263.430693612748,272.6055834560166
12,28,263.4020645843735,272.67261676585895
12,29,263.3627788956706,272.7366131374855
12,30,263.32299369069284,272.7963493343817
12,31,263.2910660012752,272.84804615621357
12,32,263.2705132588244,272.886003996379
12,33,263.2599543724485,272.9073401894441
12,34,263.2574400286288,272.91378509021143
12,35,263.2613892738713,272.9099292261925
12,36,263.2679661469523,272.9040627362798
12,37,263.27344105631914,272.90674932573114
12,38,263.2790656816681,272.92514452163647
12,39,263.28555832850384,272.96341684621757
12,40,263.29009399046146,273.02157077343327
12,41,263.2898228193551,273.09098486639
12,42,263.2848760281892,273.15931401852026
12,43,263.2777191098761,273.2180245494767
12,44,263.2751539616398,273.2611224884739
12,45,263.284781695697,273.2871599682545
12,46,263.3120010064872,273.3027972867255
12,47,263.3568730666676,273.31495536980907
12,48,263.4119783126847,273.3274958322328
12,49,263.4645269659122,273.34108086750734
12,50,263.5060053584523,273.35264551315083
12,51,263.53192010630386,273.35747939922584
12,52,263.53948786424604,273.3533558633099
12,53,263.5283757505365,273.3384394632797
12,54,263.5019924942149,273.3134716642198
12,55,263.46514606383,273.2826078882222
12,56,263.4241663930052,273.25107864332375
12,57,263.38571323149176,273.2244849861426
12,58,263.35683038294934,273.2113817012044
12,59,263.3412242443419,273.21794644310313
12,60,263.3357200624748,273.2459078927175
12,61,263.3335194398414,273.2925939438982
12,62,263.3320504544308,273.35262483771197
12,63,263.3301966850832,273.4142943798187
12,64,263.3275935309938,273.4655941157059
12,65,263.32678053907944,273.4981625665722
12,66,263.33188121259667,273.5098561665315
12,67,263.34439761110735,273.5033211094275
12,68,263.36642728425704,273.4882820309824
12,69,263.39862640748834,273.4733577395984
12,70,263.4400598619109,273.4644717628274
12,71,263.4878911011531,273.46273963479456
12,72,263.5360740822571,273.4655440556177
12,73,263.5741338746713,273.46590805441974
12,74,263.59552175735496,273.46346058876196
12,75,263.5979853157394,273.46028781415197
12,76,263.5817905455084,273.4576770360174
12,77,263.5501968841732,273.45407783132674
12,78,263.51122111135066,273.4485607930744
12,79,263.47557184441797,273.43534217292404
12,80,263.4538052729977,273.40797441161664
12,81,263.4525117003034,273.3668177314656
12,82,263.4750643202504,273.31793400022167
12,83,263.5203727059349,273.26860306234363
12,84,263.5783411256843,273.22669631426425
12,85,263.6328227454419,273.19897898524596
12,86,263.6722950370379,273.1844244567939
12,87,263.69046505854664,273.17728088394375
12,88,263.6850208508119,273.16983191799096
12,89,263.6599427105425,273.15506074230404
12,90,263.6238903323612,273.1284221315841
12,91,263.58449749483935,273.0905077246163
12,92,263.546843852711,273.0477341086756
12,93,263.5127309984814,273.01277557786074
12,94,263.4807051950819,272.996624111903
12,95,263.448350062424,273.0065608986352
12,96,263.41387946953154,273.04531746406496
12,97,263.3761990284679,273.1072311753017
12,98,263.3392682520915,273.1767867935175
12,99,263.3120102562547,273.2416391954193
12,100,263.30071795930695,273.2924816045694
12,101,263.3049264318487,273.3230542824838
12,102,263.32243644987295,273.33325087139156
12,103,263.34742511917625,273.3283104537775
12,104,263.36968373504953,273.30827647329096
12,105,263.3831977675085,273.27228440306953
12,106,263.3913774199446,273.2218821242917
12,107,263.4003886173692,273.15978250793273
12,108,263.4131612032098,273.0872221845352
12,109,263.4314660939257,273.00986483920025
12,110,263.4565402616108,272.93360242650346
12,111,263.4843783645502,272.861364427569
12,112,263.506444643254,272.79318526232794
12,113,263.51925879209773,272.73320700393583
12,114,263.52316002070944,272.6889645163985
12,115,263.51774425304126,272.67142504441
12,116,263.503641949746,272.69105193696186
12,117,263.4841500929925,272.7509821555973
12,118,263.4607132317281,272.84371769991844
12,119,263.43230211343507,272.9517177025255
12,120,263.39826362190695,273.05163339232263
12,121,263.3615199913171,273.12284365088294
12,122,263.3253457574113,273.1559553565789
12,123,263.2920645905265,273.1518865412379
12,124,263.264490776897,273.1198415103742
12,125,263.24416855407225,273.07366713023106
12,126,263.2260283339044,273.0236475084062
12,127,263.20714131500773,272.9788127019793
12,128,263.19092817895915,272.94912672880236
12,129,263.1806009361865,272.94110714955167
12,130,263.1779067253118,272.95400463845857
12,131,263.18548819873905,272.98468708107583
12,132,263.20362833034835,273.02629923204614
12,133,263.2264239289182,273.0689546415519
12,134,263.25075314402676,273.10502445996667
12,135,263.2770882672441,273.1329101398947
12,136,263.3069769212794,273.15531166051363
12,137,263.3377269828529,273.174558410942
12,138,263.36509416546096,273.1878102354654
12,139,263.38232073737765,273.186423302367
12,140,263.38313584576684,273.1582188103664
12,141,263.36628076722195,273.0942150547254
12,142,263.33560137137226,272.992622247137
12,143,263.29767102136265,272.86145286077993
12,144,263.2586535130832,272.71793395651616
12,145,263.22117504418225,272.5851870898973
12,146,263.18365234518785,272.47995507266563
12,147,263.14512111820954,272.40986795798466
12,148,263.1054779041486,272.3747341292507
12,149,263.06606659767647,272.36738674821163
12,150,263.03117821754057,272.37592008735055
12,151,263.0076259107708,272.3907875981605
12,152,263.00193527191396,272.4061057723132
12,153,263.0166430963355,272.4205700782682
12,154,263.0498865206916,272.43519940513494
12,155,263.09653716993506,272.45230131322984
12,156,263.14766130696825,272.47650106937283
12,157,263.19275147207725,272.51491998263276
12,158,263.2272515160399,272.5671050254292
12,159,263.25259616899456,272.6265086408171
12,160,263.2700922423689,272.68170887637007
12,161,263.2804604025972,272.71711059973444
12,162,263.28424605294117,272.71666511660413
12,163,263.28099657475093,272.6786177850537
12,164,263.269975688877,272.6154922410003
12,165,263.2549359971464,272.54746995297876
12,166,263.24269641487143,272.4959052692702
12,167,263.23852475460933,272.4756566370961
12,168,263.24316380537493,272.4893146030835
12,169,263.25406315177975,272.52695328033366
12,170,263.2658022923695,272.574008128036
12,171,263.27102974961036,272.6164359583715
12,172,263.26581818752624,272.64603927575894
12,173,263.2502584054979,272.65870956229674
12,174,263.2266865330357,272.6564222397734
12,175,263.1992511445369,272.64750547507646
12,176,263.1764295647396,272.64310615555013
12,177,263.1642859521213,272.6478226671604
12,178,263.1687709933742,272.6667024706319
12,179,263.1935776412514,272.7023517750859
12,180,263.23742149283754,272.7481956450453
12,181,263.2908994613281,272.7909962437281
12,182,263.3469129019834,272.8304311256808
12,183,263.39665061351275,272.8660707032389
12,184,263.4335339941139,272.89691065278873
12,185,263.4545022318909,272.9234409868882
12,186,263.46283559592484,272.94915946454705
12,187,263.4589602035281,272.9633994958377
12,188,263.44349322104523,272.95148192605757
12,189,263.41572555848103,272.9021469641105
12,190,263.3774458577953,272.81562128087654
12,191,263.3308594529182,272.702069679592
12,192,263.28082417739444,272.58262408517993
12,193,263.232119494817,272.48010893017334
12,194,263.19037872743377,272.41242513188297
12,195,263.1592404268787,272.3855570984496
12,196,263.14005937753006,272.39159612853103
12,197,263.13330118573793,272.41663239226904
12,198,263.1385639527996,272.45021418128164
12,199,263.1536037017718,272.4839682210557
12,200,263.1739463555025,272.5123775108923
12,201,263.195491807729,272.5354606696812
12,202,263.2140759200964,272.55505300117875
12,203,263.22764021025495,272.57265169439466
12,204,263.23608250252613,272.5925498998734
12,205,263.2418890720739,272.6188540634579
12,206,263.2464151069639,272.65327205300974
12,207,263.24947764172225,272.69360509069
12,208,263.2498485226529,272.7320059676726
12,209,263.24612829957977,272.757560160568
12,210,263.23837632772626,272.7660387166182
12,211,263.23175870573783,272.7627160621011
12,212,263.23637110622656,272.7592272805987
12,213,263.25869869908814,272.76811402424556
12,214,263.30126996456545,272.8000569387251
12,215,263.3614396434815,272.85657543249135
12,216,263.4305396694125,272.9275530089186
12,217,263.4953107652664,273.000762502818
12,218,263.5499555719132,273.06946569799914
12,219,263.5913242174909,273.1260222653159
12,220,263.61616876225315,273.16012017234675
12,221,263.62137078128893,273.1652470433398
12,222,263.6062986353157,273.13778349028075
12,223,263.5694755960406,273.07631192443984
12,224,263.515772056189,272.98858274023195
12,225,263.4563954250536,272.89495762101865
12,226,263.4052098850575,272.8170641916502
12,227,263.37154247439986,272.76656473415005
12,228,263.3593311558332,272.7451348189962
12,229,263.36437373257513,272.7469809115854
12,230,263.37932937168983,272.75754541131624
12,231,263.39615499131537,272.7613215707668
12,232,263.4102103848468,272.7526215035356
12,233,263.418880330397,272.734327111491
12,234,263.422521142128,272.7114348093936
12,235,263.4196421663102,272.68967562484215
12,236,263.4077751123575,272.6725973476059
12,237,263.3852988227358,272.65889193742305
12,238,263.3515065941261,272.6451312391197
12,239,263.30698080869996,272.6279318114662
12,240,263.25603566712533,272.6058909426218
12,241,263.2060197825693,272.58229665783887
12,242,263.16334383002464,272.5626947266332
12,243,263.13472101519557,272.5504585237694
12,244,263.12405224911794,272.54803307078225
12,245,263.1312634198862,272.55578960322475
12,246,263.1535886382892,272.5714410147792
12,247,263.18825618302986,272.59398828456443
12,248,263.23013060696576,272.6244985959359
12,249,263.2726987161524,272.6634117993038
12,250,263.3118758397995,272.7123935435531
12,251,263.34589445773634,272.7709104452082
12,252,263.3730324520261,272.8327221118968
12,253,263.3936164422609,272.8864521076721
12,254,263.4116882863141,272.9226865627603
12,255,263.4300501823383,272.9355283052725
12,256,263.4470295066172,272.9256477655125
12,257,263.4587572096356,272.8962423390643
12,258,263.46351014852905,272.8467527799246
12,259,263.4673297817692,272.75091778357995
12,260,263.49980550479995,272.5444720831529
12,261,263.62480542616584,272.15890270739584
12,262,263.92084943050105,271.5817062632685
12,263,264.45126160126927,270.90445075901505
12,264,265.2275242065682,270.32771897111115
12,265,266.16198969760205,270.10509014638234
12,266,267.0474119918169,270.4168372063077
12,267,267.6009589313017,271.2505849523461
12,268,267.543408636352,272.3483494716582
12,269,266.72670247042066,273.3061780711195
12,270,265.23455704549076,273.7866207241252
12,271,263.37104331085186,273.66805909888393
12,272,261.5874047649142,273.0953220159245
12,273,260.30496595007037,272.3826989128469
12,274,259.6643934774214,271.7782103815281
12,275,259.7102602200814,271.51435239869437
12,276,260.2579893499387,271.6078494716877
12,277,260.9796561559106,271.9003745192284
12,278,261.62714064222996,272.1575802318802
12,281,261.5051719180986,271.7329909785092
12,282,261.543622615643,271.7487479456568
12,284,261.95076651447164,272.05097945437126
12,285,262.2827308342524,272.3260413455742
12,286,262.7270675355453,272.57083162347203
12,287,263.0816938732038,272.5965769595901
12,288,263.2776524456532,272.3372442256691
12,289,263.30097186308853,271.8732571102918
12,290,263.23978187584527,271.4105128486743
12,291,263.1950377242795,271.14177121107315
12,292,263.23798186844516,271.1865238426228
12,293,263.36352341272686,271.53724331273094
12,294,263.51877599525193,272.0401247673693
12,295,263.64453881769737,272.4984289588373
12,296,263.71134317297077,272.7945776343038
12,297,263.69931803670426,272.8819501566517
12,298,263.6147173673601,272.7807992832228
12,299,263.49217977540826,272.57758545584375
12,300,263.37631711337195,272.37715622804996
12,301,263.28053899356144,272.2080070058969
12,302,263.21891058468003,272.07829586552117
12,303,263.21517932870796,272.00946290973286
12,304,263.2712389951355,272.01585073020397
12,305,263.3582611480041,272.08615952052105
12,306,263.45586160764833,272.23037086241817
12,307,263.53587696374143,272.4389031657397
12,308,263.56135010475333,272.66147044435604
12,309,263.5122598797026,272.8382573707762
12,310,263.39368594309894,272.93173475101634
12,311,263.23166777840413,272.9266273856063
12,312,263.08844807972645,272.8544863577297
12,313,263.0284951960449,272.7737344768712
12,314,263.0784660921238,272.7227607609319
12,315,263.2268983246124,272.7160987817448
12,316,263.43113382613353,272.7470388059431
12,317,263.61439935870146,272.7774541048433
12,318,263.7001035766254,272.76576672065494
12,319,263.66253717110254,272.7093035897566
12,320,263.5249293220222,272.62737825773763
12,321,263.3343596145167,272.54822215874316
12,322,263.1405480777134,272.4904713781036
12,323,262.98866955965764,272.4544671949675
12,324,262.90676111717295,272.4303692663741
12,325,262.90491295614595,272.42150734765767
12,326,262.97822817455784,272.42945641581616
12,327,263.11737650133176,272.4628883255689
12,328,263.306527217229,272.5386704450831
12,329,263.51293395529433,272.66188476385344
12,330,263.68877532064744,272.81011692781783
12,331,263.79266177451166,272.9522287117154
12,332,263.8015784967284,273.0531163465942
12,333,263.7081771521903,273.0778830209508
12,334,263.52762546616003,273.008237239148
12,335,263.3033096809108,272.8611562026618
12,336,263.098562376572,272.6926778802022
12,337,262.97190187693303,272.5767670012255
12,338,262.96271776072325,272.57390343186273
12,339,263.07966046257735,272.7147916734379
12,340,263.29612722115274,272.9878806021844
12,341,263.5539402730233,273.3321378085047
12,342,263.78630010646657,273.66466817815285
12,343,263.9404228216859,273.9127314586309
12,344,263.9961279221737,274.01695089673655
12,345,263.9637214725642,273.94833670600826
12,346,263.8679635258924,273.72349297386353
12,347,263.7412455060478,273.398426525683
12,348,263.6223634877909,273.05442139522194
12,349,263.5416721052448,272.7858622077404
12,350,263.52004230561704,272.6611558860647
12,351,263.5764394293157,272.70791044596984
12,352,263.71948045251116,272.9078048731741
12,353,263.9339341880367,273.20343482235444
12,354,264.1855821688305,273.5225147138422
12,355,264.4240083822398,273.80219568563655
12,356,264.5945311802145,273.9856551918661
12,357,264.65694323344485,274.03603912492315
12,358,264.59909031812583,273.95002549612906
12,359,264.4405300959732,273.7550633630617
12,360,264.2285351775756,273.50476707423195
12,361,264.0217437198677,273.2732272053526
12,362,263.8709982322484,273.12766092609695
12,363,263.81087090427786,273.10776004991146
12,364,263.84777864946096,273.2121487248119
12,365,263.9618626511682,273.40193388107525
12,366,264.11200246423215,273.6188017864281
12,367,264.2496713321444,273.8067242519163
12,368,264.3306864662552,273.9196773911043
12,369,264.3337933685661,273.9290976136761
12,370,264.26278027034203,273.830912758578
12,371,264.1464305669565,273.6439027049847
12,372,264.03466130742225,273.40200155870946
12,373,263.98951302230705,273.1555184079336
12,374,264.06519147699396,272.9567716299916
12,375,264.2948056653817,272.8354280532467
12,376,264.683713619956,272.7903750166663
12,377,265.2017113714926,272.7984587827974
12,378,265.77769127478325,272.8004022680115
12,379,266.32996688340177,272.72486399715723
12,380,266.771117989812,272.48777100941726
12,381,267.1069567763056,272.2133203449069
12,384,267.20890337598985,271.1301455495321
12,386,266.9279668270376,270.1159697132931
12,387,266.85365983922884,269.80304978795135
12,388,266.9461413741502,269.8958097637365
12,389,267.19485585773765,270.3343525257771
12,392,267.2506480007902,270.76168189048246
12,393,267.0434831978083,270.6224459957643
12,394,266.86477921381965,270.47671752225364
12,395,266.69999229408916,270.2359725459477
12,396,266.58066140752743,269.92884302114214
12,397,266.49290442016974,269.53414869380566
12,398,266.4318615283075,269.03944822258006
12,399,266.41450533749264,268.4912721554967
12,400,266.464930169676,268.00011907020826
12,401,266.6151528785491,267.72234650944284
12,402,266.8737364838837,267.7777281197097
12,403,267.19545495247297,268.16874976317933
12,404,267.49788495075654,268.7692176237467
12,405,267.70194230886557,269.36740702699547
12,406,267.753647841284,269.7257592039732
12,407,267.64751735285455,269.6833332245335
12,408,267.43636235214774,269.2310481698842
12,409,267.20318666703696,268.4893689824394
12,410,267.03098005583723,267.643700650775
12,411,266.9719319829889,266.87983336259293
12,412,267.02673466069734,266.303470168572
12,413,267.1427818309546,265.91761759882684
12,414,267.23954006869087,265.6639577804886
12,415,267.22607655540986,265.4530223359361
12,416,267.03869289445555,265.21293939862966
12,417,266.6646455902784,264.92674187931027
12,418,266.1467774624058,264.62319088843697
12,419,265.56988779910716,264.33785720858197
12,420,265.03782082456917,264.0972384031211
12,421,264.6490305138158,263.9089739803093
12,422,264.46707799922297,263.76143689557694
12,423,264.5133196704525,263.65025924877483
12,424,264.75519780210925,263.60140342406925
12,425,265.1211523259596,263.66557742060786
12,426,265.52068274384624,263.8760160981718
12,427,265.8846832844456,264.2480259757993
12,428,266.172230054786,264.7554790752911
12,429,266.38840491196834,265.3432996966772
12,430,266.57148659968334,265.9335855142796
12,431,266.7568821850518,266.45481871145194
12,432,266.9550457129248,266.8501088420269
12,433,267.1714774188202,267.1076154196617
12,434,267.3829657409172,267.2165231491414
12,435,267.5474589735823,267.18545909341253
12,436,267.6360209006717,267.0756942178529
12,437,267.64462513866,266.9713105230622
12,438,267.56553703081084,266.91748879078824
12,439,267.4251983438457,266.9603552518782
12,440,267.28445833181706,267.1473502427517
12,441,267.2115799436377,267.46720224201124
12,442,267.25495176959083,267.8649483746563
12,443,267.4353242582332,268.29689983112235
12,444,267.7231291040124,268.71433651354045
12,445,268.0441396195977,269.0472130474707
12,446,268.3110624461151,269.25015427700987
12,447,268.45496961167976,269.32963583438436
12,448,268.4458078291128,269.3167529673693
12,449,268.30510693823584,269.2734079325771
12,450,268.09390955468245,269.28960729291475
12,451,267.8794883255503,269.4296295920673
12,452,267.69707441371776,269.6611287378846
12,453,267.54838670108785,269.88595659437226
12,454,267.40345657558987,269.97133689651787
12,455,267.2256916710649,269.7971652309835
12,456,266.9986929375129,269.3287437904279
12,457,266.7429660484425,268.6595148778389
12,458,266.4934579620033,267.9385111149888
12,459,266.2821213840479,267.3087772885733
12,460,266.1050128869473,266.8355276230918
12,461,265.91608964892515,266.4657387286811
12,462,265.67563899818765,266.0907610752348
12,463,265.3823031138822,265.63275310574835
12,464,265.0635427376739,265.0587883990833
12,465,264.7790568812233,264.42695732910073
12,466,264.6103511251735,263.88229222502804
12,467,264.59569244995174,263.54404587113453
12,468,264.71038006432826,263.4486522145001
12,469,264.8932337568963,263.57905104555516
12,470,265.08121733522773,263.86004183953924
12,471,265.23014293693575,264.18784887722455
12,472,265.3335993107665,264.4903196201183
12,473,265.4211781322366,264.7445975049506
12,474,265.5432962015993,264.9489363448571
12,475,265.7408268357691,265.11536250850935
12,476,266.02556605298605,265.2411218450144
12,477,266.37021496062584,265.2972928039293
12,478,266.7270133958758,265.260071654187
12,479,267.054331189314,265.1624231073844
12,480,267.329480701119,265.0889806570939
12,481,267.5486188659353,265.14455743107675
12,482,267.7317092618003,265.40755182992996
12,483,267.90011653586447,265.86321821820457
12,484,268.0622428263658,266.3925531837876
12,485,268.213332173301,266.82178582862286
12,486,268.3382358834093,266.99662997411895
12,487,268.42727498892555,266.862731892299
12,488,268.4848747565557,266.50638383950167
12,489,268.52219453665845,266.08545814498854
12,490,268.5529388220757,265.77261280148116
12,491,268.5879642210498,265.70175832184236
12,492,268.62359308417996,265.92791144986455
12,493,268.65450866581364,266.4167003958124
12,494,268.66561067275234,267.07426555368517
12,495,268.6214112403251,267.7378777131459
12,496,268.4961190901577,268.2200747542655
12,497,268.29279312011175,268.3645675010938
12,498,268.03918587050947,268.11527372565655
12,499,267.7937880901036,267.55994122091704
12,500,267.6387609946061,266.92475874772975
12,501,267.6316950208935,266.4844575202103
12,502,267.7806226331396,266.45055083049976
12,503,268.03573838227396,266.85863835207846
12,504,268.3122247840983,267.5652666901544
12,505,268.508342360692,268.2885662644475
12,506,268.55534623324047,268.75530227644305
12,507,268.4471222656275,268.8485865925124
12,508,268.23503955493265,268.6527602231268
12,509,267.97505233404115,268.35225331269856
12,510,267.7163850967346,268.20674281475686
12,511,267.4695027542633,268.40457310167676
12,512,267.18911312774054,268.93916975533966
12,513,266.8056042677695,269.6645468950071
12,514,266.2796225043152,270.4274439050011
12,515,265.6318477474916,271.1079440239243
12,516,264.95937787678844,271.6752228923641
12,517,264.4050116567298,272.212335752512
12,518,264.07564827690834,272.8200622828473
12,519,263.99253315130545,273.5023025155258
12,520,264.09140809995057,274.1727482715274
12,521,264.23496052125057,274.7347795390901
12,522,264.3245648348264,275.07097885504396
12,523,264.2753248381348,275.0563576685069
12,524,264.0853669971016,274.6857728831868
12,525,263.81739939560237,274.06780422973
12,526,263.51386919443524,273.3124355201623
12,527,263.23098941549506,272.5670231027104
12,528,263.0158755750348,271.9557137706315
12,529,262.88685749176847,271.55606979606733
12,530,262.8295681752819,271.37535853363806
12,531,262.8303856609953,271.3814333775883
12,532,262.8794950016554,271.52617897082706
12,533,262.97819516155744,271.8003315766299
12,534,263.12446365535317,272.17342461821914
12,535,263.3147146239,272.606694191191
12,536,263.5573758907954,273.0592213277496
12,537,263.8360059271562,273.44668155105256
12,538,264.0896081038512,273.64792430674294
12,539,264.26596618524593,273.6023958161265
12,540,264.3559654368538,273.3351919347652
12,541,264.37399259036386,272.94993312478033
12,542,264.3670752749612,272.6169590474151
12,543,264.4165441570006,272.4841604466855
12,544,264.5717729973119,272.59029545911324
12,545,264.82130352815176,272.88191374505374
12,546,265.1178135985652,273.242384185096
12,547,265.4041507515207,273.52589221952525
12,548,265.6193619147348,273.6386575145757
12,549,265.7340051205421,273.58031810317055
12,550,265.7490386863177,273.38988575656515
12,551,265.6907247770213,273.14188838880267
12,552,265.5857649961851,272.9638974598687
12,553,265.46135440065785,272.8182968737738
12,554,265.3391759538087,272.7075167529262
12,555,265.23750639975174,272.65362966958264
12,556,265.15907135026384,272.6561418429738
12,557,265.11202587860225,272.7121136932187
12,558,265.11481417097815,272.9125394460653
12,559,265.17557380922597,273.2458756736625
12,560,265.2906470211126,273.62903110502174
12,561,265.4425522723709,273.89828859089704
12,562,265.60404516259246,274.0288067974448
12,563,265.74952477176674,274.17249872289693
12,564,265.84893512378045,274.37632066067016
12,565,265.8813231618615,274.5416039500214
12,566,265.8385195281772,274.6460341012485
12,567,265.7436085297921,274.69602282327725
12,568,265.6391034351639,274.7091217436983
12,569,265.5642151002407,274.69484830714816
12,570,265.55216213853305,274.6731635712461
12,571,265.6151148636635,274.65471600786094
12,572,265.7389540353901,274.6352644788995
12,573,265.9027768868608,274.6081343218007
12,574,266.0772175829648,274.5758746364616
12,575,266.22410012825304,274.5498162822269
12,576,266.3138286250878,274.5495068566245
12,577,266.3345785942959,274.6419673689112
12,578,266.27164305794713,274.73989739232593
12,579,266.1149431898078,274.7730984134582
12,580,265.8852866986179,274.6908441866315
12,581,265.6279400409564,274.4748222966542
12,582,265.38529973336273,274.1332995180345
12,583,265.185101625452,273.72571758238934
12,584,265.0520378306385,273.3305603438976
12,585,264.9812322650519,272.9916054487104
12,586,264.9408520078554,272.703422118294
12,587,264.906311367303,272.44557788662905
12,588,264.8790873134615,272.2033025062092
12,589,264.8620065542504,271.9754225869827
12,590,264.86500477659183,271.7848627271479
12,591,264.90163338191917,271.67739691053384
12,592,264.973093303762,271.6877268353269
12,593,265.0625948845467,271.81886995785084
12,594,265.14999575579986,272.0370151239899
12,595,265.21331019925844,272.27832022130565
12,596,265.23885575728485,272.4773990170761
12,597,265.22562227787915,272.5853051926081
12,598,265.1806982036555,272.5729925811089
12,599,265.11121853013753,272.4486006274005
12,600,265.0229712346864,272.25773786103326
12,601,264.90972073256273,272.04827505269634
12,602,264.75977092957777,271.868830410446
12,603,264.5662757763639,271.7504635262707
12,604,264.34291734418315,271.69364255881817
12,605,264.1220009647463,271.6820955957634
12,606,263.94792311903893,271.7011212740496
12,607,263.85651877298335,271.7328031338387
12,608,263.86617145983683,271.7738049138259
12,609,263.96592917712735,271.8342382564793
12,610,264.11992141299146,271.9180352630565
12,611,264.2822103687314,272.01680574035544
12,612,264.4152257900824,272.11072165067344
12,613,264.49504817665763,272.1714984403873
12,614,264.5088840971614,272.174176176143
12,615,264.45946092010695,272.1078300507549
12,616,264.35410386847434,271.975131967467
12,617,264.19507542692213,271.78878936584823
12,618,263.9832483961769,271.55606563421617
12,619,263.73121862931055,271.2709189016428
12,620,263.45404747655044,270.9301645353995
12,621,263.17610239457065,270.54972709877694
12,622,262.93080006538815,270.1623159342242
12,623,262.74210497153626,269.8134685612394
12,624,262.6104575517987,269.5585889000319
12,625,262.5267925845378,269.4339815314504
12,626,262.484242550515,269.44977332685016
12,627,262.48497259591994,269.60287175598
12,628,262.54573338960853,269.88451361098424
12,629,262.689033391883,270.2590377971198
12,630,262.9227761101033,270.67644347342144
12,631,263.2227362299692,271.0760578158731
12,632,263.5336756534373,271.38380225957593
12,633,263.7928741359211,271.53854183247216
12,634,263.95133046079627,271.535855936738
12,635,263.9794624706765,271.4107949532854
12,636,263.873431911529,271.20894152784143
12,637,263.6576377678801,270.9811667910402
12,638,263.36356935929797,270.7554190716805
12,639,263.0262561715351,270.52301342012066
12,640,262.6999687472717,270.2802286927025
12,641,262.44697445985673,270.042549213629
12,642,262.3199590004748,269.84331948242794
12,643,262.35140822188316,269.7278329332194
12,644,262.5404448296499,269.7398741611348
12,645,262.84252198160044,269.88726720821705
12,646,263.1917019870563,270.1485996198151
12,647,263.51198016828926,270.47111556105335
12,648,263.7358570077728,270.78997914494215
12,649,263.8353243046248,271.0525579892517
12,650,263.8301310409995,271.2344147244719
12,651,263.76599209327804,271.3443672679453
12,652,263.7006825117251,271.41573223394863
12,653,263.6904306416633,271.4836114309924
12,654,263.75516648667696,271.5690242009365
12,655,263.87274697211654,271.681111049169
12,656,263.98701283071364,271.79580388972676
12,657,264.0409770595382,271.88394649198426
12,658,263.99916781421246,271.9342003086859
12,659,263.8577906307793,271.942426289439
12,660,263.64371415855385,271.90052354781716
12,661,263.42019023340123,271.8249028523884
12,662,263.2526818570156,271.7279702192711
12,663,263.18452917311714,271.6137906535539
12,664,263.24299956012663,271.5081188516774
12,665,263.42784473048124,271.4565812616221
12,666,263.6989826914078,271.4900874489111
12,667,263.99890551436164,271.6380185236954
12,668,264.2733723866639,271.9147634774403
12,669,264.4735746656874,272.2886865695883
12,670,264.5603556643075,272.6798965562827
12,671,264.5204375023317,272.99991354741013
12,672,264.3620109886197,273.17410143474325
12,673,264.11061900679874,273.18737770656554
12,674,263.8095319153368,273.0943507767814
12,675,263.53339614290536,272.99603716017396
12,676,263.3722811091357,272.9987242349136
12,677,263.3926327267401,273.1618101617067
12,678,263.6022566314365,273.4356420950252
12,679,263.9439784423544,273.68065136571465
12,680,264.32175956578726,273.7687131932714
12,681,264.6251531025269,273.63286037161095
12,682,264.79237352166615,273.30981316830116
12,683,264.84896972403845,272.9464955406623
12,684,264.88062433357453,272.7242127641139
12,685,264.96084846550434,272.75025372278725
12,686,265.1131318628407,273.0033740918923
12,687,265.27776888475603,273.324480908321
12,688,265.4277481094721,273.58380538141336
12,698,264.86276697931316,272.7010382679472
12,699,264.5625498228681,272.6504473741586
12,700,264.1665280176205,272.24965180988784
12,701,263.8281847791919,271.7507401260924
12,702,263.61468529948036,271.2288670475908
12,703,263.5563643213941,270.7952075407576
12,704,263.6306135200657,270.5271623003522
12,705,263.7698977593919,270.4187736169747
12,706,263.90065735222703,270.397899144008
12,707,263.99059184111485,270.39360931188014
12,708,264.06064422247454,270.35443667789116
12,709,264.1651418983783,270.26290145665035
12,710,264.36100012667436,270.1302335010188
12,711,264.6718854166092,269.94843461335546
12,712,265.06149942609954,269.6749891386986
12,713,265.42971661544226,269.2612167488257
12,714,265.6844501205571,268.71772340407324
12,715,265.76830777052925,268.1190995504642
12,716,265.6764262631866,267.6365704294925
12,717,265.4522239551724,267.4921108427229
12,718,265.1372485837721,267.8146765499186
12,719,264.7704497984473,268.5920186000621
12,720,264.45812590870787,269.5689159884766
12,722,264.20514247193296,271.1330457985998
12,723,264.3677107622652,271.979337314816
12,724,264.75639725162114,272.72384758593773
12,725,265.2748019620143,273.2490367556989
12,726,265.76170590211,273.6092018373929
12,727,266.0895012650669,273.878794858716
12,728,266.17362907690654,274.0765266025872
12,729,265.9977310265336,274.19766280869777
12,730,265.6434825355865,274.2949155050078
12,731,265.23853718855054,274.4351260782102
12,732,264.9066833524803,274.6537029436037
12,733,264.7195272133787,274.9234610003066
12,734,264.6757654581483,275.128396568771
12,735,264.71367866018056,275.13085659535994
12,736,264.75919833548716,274.8205495075374
12,737,264.7530143109682,274.158687587357
12,738,264.69044391540695,273.22855720834536
12,739,264.6275940937316,272.2314934304204
12,740,264.64884989086903,271.3879392286817
12,741,264.8148105061529,270.8612702593158
12,742,265.1430674316704,270.7020594801962
12,743,265.59995464243787,270.82651200824387
12,744,266.0986255504656,271.0684756650775
12,745,266.5202391805473,271.23331372049097
12,746,266.76838602713417,271.16585304334325
12,747,266.8179676123228,270.83433352207413
12,748,266.68924977866294,270.3231045433813
12,749,266.4401528082917,269.7628690963994
12,750,266.16499907296907,269.3216987481981
12,751,265.96692569536157,269.1512831978188
12,752,265.8765377685684,269.29960376012616
12,753,265.8811342251278,269.73893697831176
12,754,265.948431619964,270.4024924151132
12,755,266.00109846305264,271.1522107261728
12,756,265.9628727671251,271.83707702462937
12,757,265.8332573281507,272.383119079614
12,758,265.6680185784407,272.78229824368975
12,759,265.5248966291916,273.05364126710344
12,760,265.46066830938645,273.298086843995
12,761,265.49755312412765,273.63233686413247
12,762,265.5969403101309,274.1051340521302
12,763,265.6806250635663,274.6617098491148
12,764,265.65389098285,275.1713303988899
12,765,265.4455451280014,275.49061886867486
12,766,265.05271684410513,275.5273416436332
12,767,264.55037308151844,275.2603803708773
12,768,264.0800597736794,274.8190218953625
12,769,263.61346951716416,274.2593591685192
12,776,264.3583757250608,274.9279293190971
12,777,264.96869296505076,275.73128258271356
12,778,265.461419930522,276.403152648663
12,780,265.6818882103003,276.83065180494884
12,781,265.48352075495353,276.6302893133968
12,782,265.1218218759866,276.1734859426356
12,783,264.7265381185665,275.5887244603908
12,784,264.46373146241433,275.0389801657321
12,785,264.4156228960813,274.59559600908915
12,786,264.56171053255474,274.2588417102772
12,787,264.82032385530096,274.0008233496205
12,788,265.04763033457897,273.7631663382226
12,789,265.12462173332744,273.5350811503683
12,790,264.99982515944185,273.3463034206151
12,791,264.68299647402745,273.2320616754141
12,792,264.3543959472591,273.22663836038237
12,798,263.2772662139105,272.694875964036
12,799,262.96439490156837,272.06872677338635
12,800,262.83873747752256,271.4889291245202
12,801,263.0041602343584,271.07774616517776
12,802,263.4062252664003,270.994255401492
12,803,263.9253689318646,271.31179147075784
12,804,264.3935447165536,271.9835727775779
12,805,264.64810558931066,272.82874108747194
12,806,264.6094679840322,273.61587911532473
12,807,264.30123800257047,274.1265824157152
12,808,263.8432519203664,274.2101860324479
12,809,263.4152566581053,274.051395045633
12,814,262.8968781207578,272.34120132204134
12,815,262.8484797510836,271.852283297492
12,816,262.8547625429693,271.4974164392586
12,817,262.86303708156004,271.4021209671476
12,818,262.7699730869281,271.4059566069874
12,819,262.5437479101819,271.36682871738816
12,820,262.2189992358881,271.20141363253464
12,821,261.8793810769128,270.8926565780354
12,822,261.63819101582294,270.60482345684545
12,825,261.6601109254339,270.1026290435914
12,826,261.87361032892346,270.13892855206814
12,827,262.2213282915537,270.49246438430384
12,828,262.6410503321028,271.11697783220745
12,829,263.0739379577402,271.85809787991747
12,830,263.40956526042334,272.47423299255286
12,831,263.56723323547163,272.77935850334416
12,832,263.54472527647,272.71213131402266
12,833,263.4049691022906,272.3187609364099
12,834,263.2523229261154,271.7527768582731
12,835,263.21585163194067,271.2430969634869
12,836,263.3747867270881,270.94967238507957
12,837,263.70410618293965,270.9065143069946
12,838,264.0836774029027,271.05406633112295
12,839,264.36655457239385,271.25961478985727
12,840,264.4599531843923,271.36768028412183
12,841,264.34773123468926,271.2461654805286
12,842,264.0770290561022,270.7892484895142
12,843,263.8085054157444,269.9236593474406
12,844,263.72809043579036,268.74597711486587
12,845,263.97057257181916,267.5023887421386
12,846,264.5717869950827,266.5377888235506
12,847,265.44202862530653,266.2130602829214
12,848,266.354894757787,266.72137537559837
12,849,266.9534755347822,267.94518459509686
12,850,267.347091318384,269.49367266657913
12,857,265.03274515217214,271.73459632660706
12,858,264.46007352651213,271.96058994198063
12,859,263.71306412614894,272.11866619817357
12,865,262.70764577185633,271.2721402775471
12,866,262.63920303783686,271.2131022372446
12,867,262.55741694041023,271.0524398768403
12,868,262.59814504664496,271.0006079193039
12,869,262.6891237462691,271.01496758941977
12,872,263.0276293630866,271.3479712266455
12,876,262.83044126102635,271.2069928859927
12,877,262.5934589718315,270.9823532229112
12,878,262.46215460066753,270.91684596688816
12,879,262.47372933171664,271.0371758939615
12,880,262.62214685000083,271.32075417597224
12,881,262.8272612683296,271.6640616220436
12,882,262.96976626900863,271.92155481062196
12,883,262.94199839863944,271.9213699057571
12,884,262.7131982878085,271.54131200980186
12,885,262.37208447089284,270.7328167729431
12,886,262.11434998431537,269.52906774525735
12,887,262.1733820457926,268.0571665767816
12,888,262.7420854849922,266.56133097356707
12,889,263.8720392663614,265.3793972610076
12,890,265.3662353707553,264.8542410138557
12,891,266.8060749326716,265.22009467617204
12,892,267.6102761454835,266.5632122323689
12,893,268.0871781795746,268.3199436701698
12,900,263.78022448313527,273.01949112174964
12,901,263.60808974910714,274.0502725616358
12,902,263.43671439393995,275.1084096901756
12,903,263.60923635865146,275.5469111023128
12,904,263.84713447097283,275.6042962142461
12,905,263.8497050564839,275.3630222318248
12,908,263.2476623811932,275.64074201059566
12,909,262.9467839101972,276.22713560362604
12,910,262.94432254378097,276.92393831414216
12,911,263.27946509532063,277.7632942023927
12,912,263.8911766266746,278.4898775788485
12,913,264.6489531546238,278.9019141110432
12,914,265.31889620859454,278.84558191917813
12,916,265.83536653321545,278.18991064095883
12,917,265.64832745394983,277.5201824886054
12,918,265.1152011381217,276.46195596534847
12,919,264.36637580657225,275.2559092448319
12,920,263.6061966131056,274.0986888181435
12,921,262.9960469338074,273.15700550619437
12,922,262.57526765991173,272.508770604499
12,923,262.31309132379994,271.9709851608778
12,924,262.18672301033587,271.5072124902491
12,925,262.16722986419956,271.0701852610753
12,926,262.2298913175231,270.56616610817326
12,927,262.4164235526751,269.94184093327317
12,928,262.8375982347124,269.2307296102728
12,929,263.5705120068363,268.5047406333204
12,930,264.62436539909197,267.89126046781905
12,931,265.89450673014545,267.5592793067179
12,932,267.16079348453377,267.6376208716685
12,933,268.09972724724724,268.0679248882084
12,934,268.4147656239644,268.6553782150227
12,935,267.94230735343194,269.1665388218013
12,936,266.7075899681178,269.4034326825277
12,937,264.9026157569873,269.2476199908968
12,938,262.8854252058032,268.801527540368
12,939,261.0647821807742,268.2948932954216
12,940,259.77043086320367,267.96568195753514
12,941,259.16737170896175,267.961778012202
12,942,259.2399258979073,268.2898681001287
12,943,259.812102957278,268.8227069349802
12,944,260.64194623039145,269.4313568419053
12,945,261.48069813605235,270.00431380665157
12,946,262.1286397856481,270.46049507636644
12,947,262.5041585645888,270.8161538313325
12,948,262.628175080218,271.1293335745356
12,949,262.6215778972797,271.4209138526967
12,951,262.44767445242553,271.85956210537773
12,952,262.36242918316606,272.16678284053376
12,953,262.4095146437196,272.53341618543425
12,954,262.5776574449495,272.8920371211191
12,955,262.81702554028794,273.1985810927929
12,956,263.0602643577147,273.4172338867449
12,957,263.2583616201693,273.49874354985576
12,958,263.40393185897875,273.44116696019813
12,959,263.5132265316546,273.2810618885437
12,960,263.60575476492284,273.0422630533557
12,961,263.705801600041,272.73473076119944
12,962,263.8321976329079,272.39566945107845
12,963,263.9787459656908,272.06265305387416
12,964,264.1101374966436,271.7551031334399
12,965,264.19898471786894,271.5157021933819
12,966,264.23284852712163,271.3871425326284
12,967,264.21818514796706,271.3681557409889
12,968,264.24978097677575,271.2443909744943
12,969,264.4679744589908,270.90005453046774
12,970,265.00462605933194,270.3218806404658
12,971,265.91292901857526,269.60068909534414
12,972,267.09760511490424,268.9343094488329
12,973,268.2675145174436,268.58360047099217
12,974,269.0535142202335,268.73038355846137
12,975,269.1005145201032,269.39204163778425
12,976,268.7753317092739,270.30790635173963
12,984,265.27738080523545,271.642895341725
12,985,264.248901296721,271.3384234364776
12,986,263.1867947602474,271.1320880129919
12,987,262.47701161242367,270.85334190966495
12,988,262.20892275307915,270.75660137055553
12,994,261.37109638042926,269.98058412081434
12,995,261.342200956559,269.8939581904045
12,996,261.583003895648,269.9286976240417
12,997,262.18576211238485,270.1678179357832
12,1005,262.4355898674521,271.5875545342353
12,1006,262.20187060593986,271.688404661323
12,1007,261.99533780352647,271.72010104553135
12,1008,261.6919402626671,271.4393579842796
12,1009,261.3646613389872,270.956892599641
12,1010,261.0979969793683,270.38639541730873
12,1011,260.9756501355871,269.835334707503
12,1012,261.08618642477086,269.41235962371195
12,1013,261.4851049707621,269.21177591913397
12,1014,262.1411071790294,269.2766218651005
12,1015,262.9558848597273,269.6214834799677
12,1016,263.7751019267697,270.219483270853
12,1017,264.403054506674,270.95993208292
12,1018,264.66812060762015,271.67909822532675
12,1019,264.5102286574638,272.2272627668586
12,1020,263.9913374170484,272.48652957281354
12,1021,263.25883627164274,272.3989751821657
12,1022,262.5059290138974,272.0333572616961
12,1023,261.92121687991107,271.5415754802001
12,1024,261.62091018543686,271.0871266970647
12,1025,261.6180274225144,270.81159981925475
12,1026,261.86311394075153,270.8128235749472
12,1027,262.2678646205064,271.1018125082532
12,1028,262.7195183432089,271.6133712746347
12,1029,263.10834332895644,272.23825723496566
12,1030,263.3694512408223,272.8683979432014
12,1031,263.4802326829132,273.39300779454766
12,1032,263.44317057769183,273.7011987585114
12,1033,263.3081375829815,273.76888704243976
12,1034,263.1547846334796,273.6564202501228
12,1035,263.03113691850507,273.40776996959056
12,1036,262.94644035403246,273.0827469692857
12,1037,262.9220251430895,272.7856818308901
12,1038,262.9408374573424,272.5518474792937
12,1039,262.9723289758203,272.363913834645
12,1040,263.03101425300775,272.2429090598777
12,1041,263.1570214614056,272.2139000280645
12,1042,263.34639620424207,272.2506170616413
12,1043,263.59869296571327,272.34027218917555
12,1044,263.90322786849697,272.4772738989922
12,1045,264.20740469516124,272.62733197995095
12,1046,264.44019913921187,272.72254884758297
12,1047,264.5613041807145,272.735149204139
12,1048,264.5615105562956,272.66273339258305
12,1049,264.4700010957514,272.518703134613
12,1050,264.3459607254032,272.33332129307746
12,1051,264.2614256886738,272.1782202190309
12,1052,264.28027373863563,272.1131232724407
12,1053,264.4193850054794,272.1697530310551
12,1054,264.6474140108492,272.3480401255363
12,1055,264.9237505408832,272.6394323280761
12,1056,265.2068946802541,273.0118313815327
12,1057,265.4572330589418,273.42593357517063
12,1058,265.65794363327194,273.84327426806414
12,1059,265.803140174613,274.22497727585244
12,1060,265.8744638015938,274.5139512481552
12,1061,265.8590142752495,274.6606241379163
12,1062,265.763121973304,274.64487651888976
12,1063,265.6111475083462,274.49109270143873
12,1064,265.44611771874105,274.2676335056327
12,1065,265.3228852315964,274.0673998302452
12,1066,265.2841286444096,273.9815343339706
12,1067,265.3380940112753,274.06139352972923
12,1068,265.4648467468384,274.29861794608314
12,1069,265.6308466855393,274.6383650186753
12,1070,265.7963460778554,275.0229930151982
12,1071,265.92846365599905,275.39465647700126
12,1072,266.01348942731,275.71077789152116
12,1073,266.0534518230484,275.9586987602044
12,1074,266.05961578174225,276.1537802231159
12,1075,266.05025285732415,276.30881231656673
12,1076,266.0338575361844,276.4325232410808
12,1077,266.0137990221301,276.52956059949184
12,1078,265.9903362047916,276.6000652454034
12,1079,265.96375311452914,276.6404727721531
12,1080,265.93207723074374,276.6524410035817
12,1081,265.8993135160754,276.6386812064408
12,1082,265.86458319754064,276.60376600459887
12,1083,265.82582245833834,276.5479118677046
12,1084,265.77437608767605,276.4648466744192
12,1085,265.70639230749606,276.34084545362015
12,1086,265.62736337746117,276.1793241764193
12,1087,265.55257231285094,276.00937499214103
12,1088,265.49631860052676,275.8807013595193
12,1089,265.4728559570153,275.8319827089806
12,1090,265.48915034299483,275.88689157619456
12,1091,265.5430105082885,276.04161991895666
12,1092,265.6289186578236,276.26175020465377
12,1093,265.74216303387414,276.4941146778313
12,1094,265.87540695511495,276.70411038527845
12,1095,266.01823010544695,276.8865664824883
12,1096,266.15936747455316,277.0570128118138
12,1097,266.28847119693603,277.23346460485686
12,1098,266.396638820767,277.4199600274988
12,1099,266.480890511565,277.6106304340898
12,1100,266.5431482999874,277.78697482482767
12,1101,266.58793426725754,277.92495030064765
12,1102,266.61782778086484,278.01270096766206
12,1103,266.63729974301657,278.06317026026164
13,0,250.93903255739303,260.56665580936294
13,1,251.00586354866874,260.6963852057009
13,2,251.08792451053077,260.8556309168399
13,3,251.17417205714955,261.0251009378817
13,4,251.2455989581215,261.17020827226924
13,5,251.29181539912847,261.2749548829457
13,6,251.31186492418425,261.33850879867623
13,7,251.3131523678973,261.3682156600767
13,8,251.30397742519818,261.3669947028837
13,9,251.290224258014,261.3355548083759
13,10,251.2760706567428,261.2739190345075
13,11,251.26403302826773,261.1865243626557
13,12,251.25367827270568,261.085277520733
13,13,251.24217320218082,260.98409241460826
13,14,251.22770405224827,260.8920540397704
13,15,251.21055496825542,260.81742070447405
13,16,251.1918888566939,260.7652690230193
13,17,251.1735825603282,260.7342497592023
13,18,251.1589519602602,260.72081831124717
13,19,251.15177915743485,260.7238255248599
13,20,251.15474706577214,260.74015538529164
13,21,251.16760529457972,260.7660711768254
13,22,251.18816667923014,260.7984666957633
13,23,251.21234525875838,260.83513123944664
13,24,251.23346735808047,260.87354078757915
13,25,251.2433827340293,260.91145851336665
13,26,251.23865285932035,260.94714058367464
13,27,251.22045858135252,260.98072059115134
13,28,251.1920636388976,261.011879050883
13,29,251.15817815947446,261.04007837877725
13,30,251.1254816849068,261.0654566923667
13,31,251.1005645747535,261.08676884746393
13,32,251.08852966232246,261.10082776454703
13,33,251.08988503330497,261.1059338333952
13,34,251.10300769257222,261.1017306707705
13,35,251.1248180143619,261.0890639345727
13,36,251.14866345041122,261.0720535495663
13,37,251.16556601456216,261.05757436684564
13,38,251.17347225305673,261.0504966524739
13,39,251.17374455430405,261.055027516784
13,40,251.1671326494502,261.0728443684284
13,41,251.1553011375947,261.09959955255556
13,42,251.14253836480097,261.12805903471684
13,43,251.1330455014412,261.15464751284463
13,44,251.13256297989818,261.1788602594505
13,45,251.146146916938,261.20246088774843
13,46,251.17605282665536,261.23064020078135
13,47,251.2204921623455,261.2668714950572
13,48,251.2721623125147,261.3093035346265
13,49,251.31901111527722,261.3504571442902
13,50,251.35260935964345,261.38236600953013
13,51,251.36951802182054,261.39945429667443
13,52,251.36938174784626,261.40097843972967
13,53,251.35318339326366,261.38928172803196
13,54,251.32417857457023,261.3694206673314
13,55,251.28605518850637,261.34665748544563
13,56,251.24256720241783,261.3254675902198
13,57,251.19692651354373,261.3105679660954
13,58,251.1528663850899,261.3075190866833
13,59,251.11389511994133,261.32014131881846
13,60,251.08226935840563,261.35184312210833
13,61,251.05893366523787,261.40355471574327
13,62,251.04584838251623,261.47031266063914
13,63,251.04562210705973,261.5418532158684
13,64,251.05870061555817,261.6085387888588
13,65,251.08221969704095,261.6605328669939
13,66,251.11302975922172,261.69139374599985
13,67,251.14891647738813,261.70055059733056
13,68,251.1897345256879,261.69279800092306
13,69,251.23544513795267,261.6744661001174
13,70,251.28564579457955,261.6514633440408
13,71,251.33838443421806,261.62679005631406
13,72,251.38841678396938,261.6015731579085
13,73,251.42614658390738,261.5762202283889
13,74,251.44607614350653,261.55168380148547
13,75,251.44888871350523,261.53034079238705
13,76,251.43794712300124,261.5148566289099
13,77,251.4176777386737,261.5059105573195
13,78,251.39568299853693,261.50275857909946
13,79,251.37893727238455,261.501820354804
13,80,251.37079167282943,261.49839781721465
13,81,251.37136508731604,261.49110966598715
13,82,251.38025886337545,261.4806258601118
13,83,251.3953496851131,261.4683498040613
13,84,251.41126726185698,261.4579699204794
13,85,251.422064876752,261.4533685241229
13,86,251.42487129620736,261.45303706751355
13,87,251.4182294280321,261.45360634892955
13,88,251.40168727802305,261.4510468886683
13,89,251.3773084981902,261.44068852301217
13,90,251.3490000419811,261.418533253889
13,91,251.32045132778012,261.38495859180364
13,92,251.29584206873645,261.34443419403107
13,93,251.2774104269433,261.3048057941996
13,94,251.2641765306249,261.27295753446157
13,95,251.2527293397256,261.2544657907787
13,96,251.2393475326429,261.2522771792289
13,97,251.22026088648659,261.26460892977457
13,98,251.1971864051106,261.2856107427216
13,99,251.17789759316696,261.31299706389245
13,100,251.16981944513628,261.344308545265
13,101,251.1756988417576,261.376831670004
13,102,251.19522586123287,261.4094296720065
13,103,251.22247388893348,261.4409510951743
13,104,251.246931190535,261.4650103145771
13,105,251.2619554856116,261.476350265285
13,106,251.26969167626604,261.4731184564192
13,107,251.27692160850677,261.4565100994698
13,108,251.28928588397386,261.42783280908395
13,109,251.3109277108337,261.3903946189886
13,110,251.3435947890602,261.3474610058776
13,111,251.38261436127044,261.30156562092685
13,112,251.41808773986753,261.2527391874739
13,113,251.4440280058082,261.20495255907605
13,114,251.45849046357046,261.1658630867291
13,115,251.46130777334932,261.14575063539417
13,116,251.45464887834166,261.15167634678863
13,117,251.44287921848635,261.18487415894776
13,118,251.42918985698037,261.237981522445
13,119,251.41467833175824,261.2969078660784
13,120,251.39885987810177,261.34467025825626
13,121,251.38211686209607,261.3687255637119
13,122,251.36573648019962,261.36394000958694
13,123,251.35030735103334,261.3324244775484
13,124,251.33611643845813,261.2822350540624
13,125,251.3223048801775,261.2225913559476
13,126,251.3047810637165,261.1599441025972
13,127,251.28125444944067,261.1019939298208
13,128,251.25406747642074,261.0588440218433
13,129,251.2271604424866,261.0386084692855
13,130,251.20490685099736,261.0449173389558
13,131,251.19119504114704,261.0758581671775
13,132,251.1874151814429,261.1236237986429
13,133,251.19069198678667,261.17659967671824
13,134,251.19859987479583,261.2241271518126
13,135,251.2106261401475,261.261065282613
13,136,251.2280644022537,261.28976168017454
13,137,251.24879773822218,261.31396018305514
13,138,251.26830251154365,261.333588666292
13,139,251.28102583951178,261.3439351693682
13,140,251.2813742983889,261.3358091566814
13,141,251.26609453807487,261.2991806362624
13,142,251.2379162933938,261.23091144958977
13,143,251.20346388735433,261.13753763090176
13,144,251.1674875724693,261.0328295661964
13,145,251.13239247495883,260.9353925110772
13,146,251.10011892004445,260.8626090223671
13,147,251.07060105090872,260.8234082611958
13,148,251.04231599201265,260.81705503090325
13,149,251.01588542950495,260.8363271972342
13,150,250.9940051655795,260.8690559918084
13,151,250.97849158365693,260.90074619500024
13,152,250.97154218863545,260.9194690362891
13,153,250.97431362229085,260.9221288610213
13,154,250.9857520024748,260.91039657472044
13,155,251.00348519120595,260.89011992495614
13,156,251.024717409087,260.8732361822333
13,157,251.04650589140203,260.8743512228803
13,158,251.06861230184657,260.89674846574206
13,159,251.09259765325072,260.935730461492
13,160,251.11852701924104,260.98097987056343
13,161,251.14379700003352,261.0163721093518
13,162,251.16418526085488,261.0252669935633
13,163,251.17666630154918,261.00240279153394
13,164,251.18154827720528,260.9542431390526
13,165,251.18243538087913,260.89545390191057
13,166,251.18574368352736,260.8434347964769
13,167,251.19747162182605,260.81071784344823
13,168,251.21806933483316,260.8034660691538
13,169,251.241495085022,260.8198057302713
13,170,251.26082655591318,260.85082299106836
13,171,251.26994362025897,260.8859385640118
13,172,251.2654923593123,260.9189906793489
13,173,251.2484922341696,260.9448085947415
13,174,251.22427381945752,260.9615934189093
13,175,251.19819145551492,260.9733232705257
13,176,251.17471816058605,260.98620133844196
13,177,251.1577955393352,261.00211006029724
13,178,251.15191078593497,261.0249262494719
13,179,251.15810841342193,261.0568776860557
13,180,251.17409516899815,261.0933273042259
13,181,251.1949574129411,261.1252629702981
13,182,251.21555060134153,261.15132227970355
13,183,251.22870765285793,261.1694177944553
13,184,251.2323370669841,261.1788140421636
13,185,251.2280528810914,261.1813770115568
13,186,251.22002832490102,261.18146359297714
13,187,251.2094626894626,261.1733547857848
13,188,251.19682977775238,261.14545538128573
13,189,251.17849930023038,261.0886642465475
13,190,251.15202821125547,261.0044654560118
13,191,251.1171530720263,260.9024685623598
13,192,251.07803815535385,260.8013730123906
13,193,251.03960981735176,260.72461527089746
13,194,251.00810920646916,260.6876603584832
13,195,250.9875682119641,260.69055050743225
13,196,250.9796585172268,260.72171020988606
13,197,250.9834267174726,260.76565302649027
13,198,250.99696794920618,260.80947228376573
13,199,251.01793239123384,260.8459817342759
13,200,251.04388658020028,260.8752829536455
13,201,251.0715382603096,260.9025623514785
13,202,251.09761266839388,260.93263021923883
13,203,251.1205420895685,260.9675562186441
13,204,251.13910061425742,261.0075582000567
13,205,251.15199086151424,261.0499157681977
13,206,251.15870062265947,261.08912159822125
13,207,251.15964352294347,261.1198061473332
13,208,251.1558938120238,261.1368184489327
13,209,251.14914084473767,261.1375990075278
13,210,251.14218028876886,261.12537924519074
13,211,251.1391511059023,261.11034281998593
13,212,251.1445399006374,261.1034555948818
13,213,251.15928264105258,261.11225693132985
13,214,251.1816231588687,261.139680466915
13,215,251.20878783812373,261.1827827414693
13,216,251.2374842567398,261.23175298971364
13,217,251.26456269916565,261.2781191043953
13,218,251.29052129404053,261.31790651523715
13,219,251.31635736124127,261.3478774309619
13,220,251.33985643981254,261.363608441102
13,221,251.3556685740079,261.3614403437841
13,222,251.35891755437143,261.33878111326607
13,223,251.34514776590225,261.295262408072
13,224,251.3152485696993,261.23465024415367
13,225,251.27643502308203,261.1684117726896
13,226,251.2396595223047,261.1105738311725
13,227,251.21276539737443,261.0681514121583
13,228,251.19960760991137,261.0409281566675
13,229,251.19798438915657,261.02630940908654
13,230,251.2034882286958,261.01512391525694
13,231,251.21043312122677,260.99690992736265
13,232,251.21481155137604,260.96859299562755
13,233,251.21485211675835,260.9345325376461
13,234,251.21167574721957,260.89995441308537
13,235,251.20455847530627,260.87122232758793
13,236,251.19188470208167,260.85390932342665
13,237,251.17327695286778,260.8491607738664
13,238,251.14810483000284,260.8548600597112
13,239,251.11581193601285,260.867260237421
13,240,251.07922375038575,260.88219245985107
13,241,251.04375465000493,260.8957528856753
13,242,251.0136242089519,260.9064984174936
13,243,250.9945445142771,260.91376262800577
13,244,250.99143091487684,260.9193502528507
13,245,251.00434700427812,260.9264165425584
13,246,251.03044992118907,260.93898640784437
13,247,251.0673451226591,260.96133049356797
13,248,251.1101627807847,260.9968039137571
13,249,251.15220768151795,261.0452931083414
13,250,251.19002432496023,261.10556379424514
13,251,251.22383664092845,261.1732081039719
13,252,251.2543123066478,261.23960586014533
13,253,251.28230122581823,261.2930236721534
13,254,251.3095597827628,261.3253596440404
13,255,251.33719895944444,261.3327083837729
13,256,251.3625624250133,261.3166114029123
13,257,251.3833326850499,261.27866728928853
13,258,251.40577303921853,261.20927601972596
13,259,251.44961727814123,261.06417583670816
13,260,251.5527015626397,260.7647687442173
13,261,251.7843330035097,260.23619175898966
13,262,252.2357019374925,259.4773642078908
13,263,252.98669396097955,258.62447601588525
13,264,254.0608217521486,257.9608549485498
13,265,255.37644725241293,257.8120862435258
13,266,256.7076036382531,258.3945806073243
13,267,257.7184384024757,259.67947285658335
13,268,258.06587211742567,261.3595055656681
13,269,257.53082790322514,262.9224921138487
13,270,256.13238903249,263.9028314728575
13,271,254.17677278050493,264.10004464863124
13,272,252.1760468962595,263.65044945183007
13,273,250.63140254081696,262.8792876327244
13,274,249.84184720337103,262.1456500720372
13,275,249.82373857162995,261.6617266348861
13,276,250.34916769035405,261.4751000077926
13,277,251.1511791221547,261.61918897076447
13,278,251.71616338873514,261.56170397812707
13,279,251.83760990688776,261.22775476799444
13,284,251.55919564558073,260.3725383927323
13,285,251.80357141265546,260.5108431994307
13,286,251.9399326809883,260.52382910864895
13,287,251.99431384304893,260.2829384118203
13,288,251.9752201961662,259.84609238581453
13,289,251.88637144828465,259.23099741573765
13,290,251.82932998355048,258.6879588671045
13,291,251.88272303088945,258.45664042232715
13,292,252.08124445615374,258.66961187213224
13,293,252.3608026714218,259.2682532861978
13,294,252.60061430583482,260.0177417695138
13,295,252.71357404184693,260.65332309954874
13,296,252.68561197431995,261.0067677282669
13,297,252.5251839791124,261.01122723771994
13,298,252.27812374766012,260.7233528541508
13,299,252.01820161884083,260.29335246408965
13,300,251.80655003689776,259.88544485008794
13,301,251.66468691257523,259.5904565871106
13,302,251.6072881886472,259.4454259659512
13,303,251.64118274758545,259.45921952502164
13,304,251.7444553811936,259.6184207329871
13,305,251.87177993312778,259.8836326194208
13,306,251.9866313526788,260.23052375388005
13,307,252.0520025126348,260.62441566635096
13,308,252.03841603005475,260.9970224013554
13,309,251.9418941660785,261.2692429591133
13,310,251.77890151328424,261.38584305305073
13,311,251.5730586084292,261.3194113184575
13,312,251.36785626568675,261.10210613691225
13,313,251.20985422108265,260.819078082121
13,314,251.12717871684725,260.55764653816897
13,315,251.126203317761,260.378959910606
13,316,251.1939363447706,260.30975999289495
13,317,251.28897228429847,260.32545927988156
13,318,251.35755987832442,260.3672503318669
13,319,251.36579515426283,260.39869542428175
13,320,251.3131374232435,260.4165905091777
13,321,251.21567992261654,260.4348337387502
13,322,251.1000926568088,260.4665020802993
13,323,251.00258038597568,260.5207875745184
13,324,250.95217207741572,260.59211801984475
13,325,250.95655083417796,260.66740322079653
13,326,251.014898308654,260.7335426126763
13,327,251.1230196107514,260.79246615137106
13,328,251.26368746025489,260.8505925189443
13,329,251.40848372159155,260.9099083134698
13,330,251.52519805706257,260.96420748239933
13,331,251.58793756591467,261.0038918603564
13,332,251.57995324585883,261.0137391832925
13,333,251.4967690959662,260.9810573423565
13,334,251.34970617499806,260.9025186811561
13,335,251.1723892346706,260.79472434866864
13,336,251.00807270389822,260.69272687468623
13,337,250.895968055817,260.63429793556026
13,338,250.8671800043866,260.64803082562383
13,339,250.93564080465623,260.7479840204368
13,340,251.08628227053183,260.918614223113
13,341,251.28142874693663,261.11629778479397
13,342,251.47768712843492,261.29419319984936
13,343,251.63641343070435,261.4142906795288
13,344,251.7343058668487,261.44603884881406
13,345,251.7679667897222,261.3764485230342
13,346,251.74514148278752,261.22154389964544
13,347,251.68053094727378,261.01698110130604
13,348,251.59567362339837,260.807978854174
13,349,251.51343387935296,260.6450188915082
13,350,251.45701994810315,260.56770263871226
13,351,251.45171081973677,260.58869065815793
13,352,251.51646662654178,260.6955680668737
13,353,251.65153062663478,260.86146907445544
13,354,251.83687405781023,261.0525519438451
13,355,252.0337443556872,261.23810154809496
13,356,252.19817185915616,261.3912927787101
13,357,252.29245886271192,261.4924526043619
13,358,252.29830246994376,261.5295887339037
13,359,252.22295342716504,261.50185164145745
13,360,252.09695032315994,261.42054573598836
13,361,251.95649267204055,261.30944515937847
13,362,251.837210175034,261.19687995414415
13,363,251.7666883550206,261.1080299212081
13,364,251.75384643047522,261.0549205896336
13,365,251.7887032864171,261.037297076133
13,366,251.85037852646371,261.04783675017046
13,367,251.91207188660817,261.0750333040453
13,368,251.94967109225277,261.1057886335336
13,369,251.95254902468477,261.12770322070594
13,370,251.92681751234625,261.1297180066339
13,371,251.89586411753373,261.10436278272454
13,372,251.89735346684068,261.04709393170043
13,373,251.97623748186976,260.95858926121275
13,374,252.17949779344184,260.8495749324272
13,375,252.54729881584936,260.72912884873074
13,376,253.10093731057358,260.60370902004354
13,377,253.8307139761704,260.4905311177905
13,378,254.685126078343,260.3978469529691
13,379,255.57345372209,260.3092775550274
13,380,256.38615345500466,260.2058627014807
13,381,257.0250496039226,260.0725468710606
13,382,257.42627853671746,259.8667545301383
13,383,257.53589604779364,259.4699004236443
13,384,257.4436762856478,258.9359998267749
13,385,257.40540611699953,258.4433670396566
13,386,257.3954007517223,258.0669200955768
13,387,257.4845472042218,257.9507862574321
13,388,257.65689537650036,258.1193323608903
13,389,257.8284726124658,258.4458744558725
13,390,257.8887938359101,258.7249069939548
13,391,257.75453188031804,258.73938359464665
13,392,257.43571627041376,258.4671086042245
13,393,257.0218157360148,258.0752003347118
13,394,256.62027063326354,257.68868071065145
13,395,256.3304615358232,257.3943584102129
13,396,256.21877209706344,257.2014643536034
13,397,256.1936091148081,257.0115044653448
13,398,256.20320737573036,256.7324931183483
13,399,256.22605809553573,256.3407000329112
13,400,256.27052829574944,255.8946911261829
13,401,256.38720216600626,255.55930541960834
13,402,256.6141873435124,255.509330068196
13,403,256.92487687085014,255.79674520732198
13,404,257.24131793869986,256.3224559179392
13,405,257.4693659249222,256.87466018514414
13,406,257.5338612129145,257.1906780216307
13,407,257.41476370583905,257.07888203483463
13,408,257.1693917458601,256.5359863812938
13,409,256.9036692173615,255.71111802498334
13,410,256.7277925662853,254.8237627657417
13,411,256.7017460262294,254.07155773675467
13,412,256.8240023548819,253.56462971494906
13,413,257.0294606517093,253.28584601111297
13,414,257.2177683522367,253.1509847914933
13,415,257.29087487547787,253.07114516959254
13,416,257.1911509035791,253.00058635853685
13,417,256.9082135867015,252.93481817948424
13,418,256.48769159118643,252.9066470170559
13,419,256.02063638356924,252.9422340009661
13,420,255.60960606064404,253.03582887145134
13,421,255.3546624600243,253.1595636201484
13,422,255.32037893895367,253.2750708140258
13,423,255.51021096514452,253.35056149332138
13,424,255.86051689810543,253.3955486985871
13,425,256.27208090675526,253.45682168743647
13,426,256.6325594705466,253.56817710904014
13,427,256.8705900122133,253.75900861193125
13,428,256.97325482307554,254.03189730933784
13,429,256.9860516909297,254.35652473139635
13,430,256.9783698351923,254.67270114262044
13,431,257.0113004452777,254.92414281068775
13,432,257.1086599637028,255.0658689308302
13,433,257.2631255592344,255.08570083259315
13,434,257.43025004421406,254.98058825976048
13,435,257.5592905774465,254.77509656441484
13,436,257.61094515205895,254.53521916399654
13,437,257.567159892619,254.34279596800226
13,438,257.42628445499577,254.24736778342023
13,439,257.2254541806019,254.2821022240341
13,440,257.0227700658807,254.45831043673806
13,441,256.87994439589386,254.73772655333187
13,442,256.842183818342,255.04469263767507
13,443,256.92410493671844,255.32194800883968
13,444,257.09737974586193,255.5323124910737
13,445,257.3021569318002,255.64982857433836
13,446,257.465702362332,255.66924203661097
13,447,257.52811917791314,255.6182894054059
13,448,257.46600538596397,255.53774621606814
13,449,257.2991173959679,255.48099633363987
13,450,257.08083120085905,255.50685199342004
13,451,256.87259588346353,255.64672701172793
13,452,256.7098789380381,255.86122127195864
13,453,256.5892881211346,256.0519899810249
13,454,256.4790180154145,256.09176227738715
13,455,256.3405962082719,255.878322734719
13,456,256.1600115838722,255.4076863441397
13,457,255.96523610606053,254.79528440229734
13,458,255.8101469603909,254.2169144120803
13,459,255.73750120363022,253.8346083926541
13,460,255.74723739464136,253.70612897764747
13,461,255.78962306881806,253.74345936156166
13,462,255.80726068261686,253.78443905108267
13,463,255.76688819478647,253.68494530259912
13,464,255.67295140341417,253.37358277782812
13,465,255.5779396140745,252.9101315129447
13,466,255.56208700236712,252.46649466664564
13,467,255.67095051330236,252.2059054281299
13,468,255.88899046059177,252.20338774807345
13,469,256.15235204118267,252.433148372048
13,470,256.3809505253654,252.78612554320114
13,471,256.5137279435363,253.12789611228033
13,472,256.5364053983161,253.37045126314723
13,473,256.4858007933793,253.49807862917848
13,474,256.4384911317291,253.5508712184714
13,475,256.4647543475442,253.57852190300636
13,476,256.59557036173345,253.58675960198372
13,477,256.8096247838868,253.5376530303783
13,478,257.056660427466,253.3973986666691
13,479,257.2854355921067,253.18580839326316
13,480,257.46657894896083,252.98543735670074
13,481,257.5983364131382,252.9154407531546
13,482,257.70520849553276,253.0617535763539
13,483,257.81029207528036,253.40190337253622
13,484,257.9249015145814,253.80422232920853
13,485,258.04822537633476,254.08666601157887
13,486,258.1734436646995,254.10838920026887
13,487,258.29741864948227,253.84776426654958
13,488,258.43076724589065,253.42596794033332
13,489,258.5766321214433,253.02414522802533
13,490,258.72692989299554,252.81361357008115
13,491,258.86090489645926,252.89235882060862
13,492,258.9542233668006,253.25908335006352
13,493,258.98523571320175,253.82621936065465
13,494,258.9384228466903,254.4694466379305
13,495,258.79944162667584,255.03967443362785
13,496,258.5674136804633,255.3929465160251
13,497,258.2593585070067,255.42146440039426
13,498,257.9153059400612,255.1041645263311
13,499,257.60062163295544,254.53705086625766
13,500,257.39388257496904,253.9219465120482
13,501,257.35735430974415,253.49995180176774
13,502,257.5106750417575,253.45380906335438
13,503,257.8038623329302,253.79757496997632
13,504,258.1358585045714,254.37935538422238
13,505,258.39537588926015,254.94000167615803
13,506,258.50000217026883,255.2358294276577
13,507,258.42485742180895,255.17719392735398
13,508,258.21499386925035,254.88372827879374
13,509,257.9381340923875,254.56824351624948
13,510,257.6411119038356,254.47202968280507
13,511,257.32202960692257,254.7537323036666
13,512,256.92640714599213,255.38945596614883
13,513,256.3825310427686,256.21176701010705
13,514,255.65830856898305,257.05302085864446
13,515,254.79565649015964,257.7895542510417
13,516,253.91418404885889,258.38172595397197
13,517,253.17305929278234,258.8903925211741
13,518,252.7015455332247,259.424158112801
13,519,252.55093374741102,260.0451058788353
13,520,252.66612210200321,260.7215348122325
13,521,252.9251852493978,261.37080928044236
13,522,253.18492618176694,261.87935834535114
13,523,253.31942232131018,262.1168947950098
13,524,253.26295168072207,262.0087973331452
13,525,253.0510589185181,261.61092626078084
13,526,252.7571414464853,261.0406229063609
13,527,252.4661943022841,260.4429061961561
13,528,252.2565521463616,259.9494080053349
13,529,252.18269255665115,259.6409181272295
13,530,252.23206817115155,259.5021478012674
13,531,252.3522639526456,259.4647080123831
13,532,252.48501735328557,259.4554181665763
13,533,252.59365099483577,259.4496343652612
13,534,252.6608935286167,259.45944557597477
13,535,252.69573339067307,259.5048417978204
13,536,252.72543586041564,259.58764826634075
13,537,252.78112053665396,259.6768044783224
13,538,252.8679769484213,259.7163388316003
13,539,252.96174350786205,259.64944601180537
13,540,253.03883092336278,259.4737931350778
13,541,253.09624332926015,259.2565369422852
13,542,253.1387103349524,259.0999990176854
13,543,253.185105407665,259.0651142218951
13,544,253.26329580229918,259.1551439340341
13,545,253.38487786296827,259.3223254688151
13,546,253.53240327151363,259.4753684200461
13,547,253.67121722112432,259.5065213218001
13,548,253.76305071247435,259.36941521812696
13,549,253.78390550288682,259.09692588702103
13,550,253.72246645246915,258.7458059700942
13,551,253.58761110535366,258.38977336900746
13,552,253.40639356913357,258.10984991229685
13,553,253.2051893546663,257.934646142932
13,554,253.0024487820124,257.8571051282272
13,555,252.82146043294205,257.8832203988581
13,556,252.6807930575024,258.01079987456603
13,557,252.59564003800168,258.2199960283828
13,558,252.5848953881839,258.49404253020623
13,559,252.65754619463073,258.7952660033297
13,560,252.79913930010886,259.0514397724822
13,561,252.97689868717922,259.18794094732067
13,562,253.14319075155905,259.188050336604
13,563,253.250756870094,259.0969737520605
13,564,253.2701024258497,258.9696959763575
13,565,253.19635081999226,258.8342072503174
13,566,253.05082948140355,258.7212363569662
13,567,252.88375404489824,258.66349546981513
13,568,252.74766824711446,258.6777237235807
13,569,252.68196528354326,258.759424915017
13,570,252.70647570355695,258.89830209105514
13,571,252.81536927777768,259.06985922321593
13,572,252.9758536765579,259.22797020844894
13,573,253.1510506670563,259.3282061497919
13,574,253.30407796555883,259.35197286161423
13,575,253.41411510932315,259.3254553003597
13,576,253.47856232534483,259.3002105583072
13,577,253.5090026200385,259.33025710127356
13,578,253.5156859557933,259.4298429782113
13,579,253.50597887197443,259.58517627441154
13,580,253.48483793167233,259.75482911935666
13,581,253.46223522487506,259.8943513239063
13,582,253.443733365141,259.9774356996518
13,583,253.42707969689377,260.00340998641224
13,584,253.41313081638197,259.98249477058187
13,585,253.39098273151055,259.9156500050975
13,586,253.33582885046135,259.7865147330358
13,587,253.23367497732934,259.5811443022298
13,588,253.09882921369106,259.30996968488734
13,589,252.9546904197904,259.00725441440323
13,590,252.83259224666946,258.7297443871503
13,591,252.76513291969613,258.55128399849247
13,592,252.76874053404381,258.52608311749634
13,593,252.83415708499334,258.66559504043994
13,594,252.9352468230647,258.931950706314
13,595,253.03808749618608,259.25010252528085
13,596,253.11177318886644,259.52837817490075
13,597,253.14025462809624,259.69214149202924
13,598,253.12144915209612,259.69920834064624
13,599,253.06219717242226,259.56151533622506
13,600,252.97293610301023,259.3346136543155
13,601,252.85808541337576,259.0879964957946
13,602,252.71519882335048,258.88334639725764
13,603,252.54270841495065,258.75607459298965
13,604,252.35458068383466,258.69937488295193
13,605,252.17814043244343,258.67983820233627
13,606,252.0499846631032,258.660134117649
13,607,251.9984691807958,258.6065276699004
13,608,252.03470457545106,258.50526995302044
13,609,252.14249862354887,258.36945299133185
13,610,252.28708651344098,258.22765774803077
13,611,252.4274099440609,258.1071181810321
13,612,252.53085684516935,258.0238987473523
13,613,252.57882839864766,257.97707784982003
13,614,252.56791318377233,257.95192977265526
13,615,252.5032760981416,257.9211306388724
13,616,252.3905858695299,257.85888954358234
13,617,252.23548198964878,257.75272076397033
13,618,252.04219270877834,257.59714484670724
13,619,251.8197849891083,257.3897699026495
13,620,251.5868817172312,257.1459579698927
13,621,251.3692353783697,256.8959291357754
13,622,251.19155105597324,256.6747277345651
13,623,251.0716992444655,256.5223376731588
13,624,251.00825125609302,256.47389587661246
13,625,250.98741048543295,256.546146231765
13,626,251.00322647260998,256.74548892683083
13,627,251.06357351838724,257.07103720989676
13,628,251.1892280325169,257.513449886404
13,629,251.40551773967448,258.04532638149135
13,630,251.71834840218136,258.6142673488899
13,631,252.09473417898172,259.1392252067042
13,632,252.47112436804514,259.52771720120063
13,633,252.7724903076472,259.7105163852225
13,634,252.94269136678142,259.67913856046414
13,635,252.9565963169824,259.48321694212115
13,636,252.82142135497563,259.19885953753146
13,637,252.56977673580295,258.90234343177053
13,638,252.24903046527393,258.6342229882097
13,639,251.90336650151266,258.38961228621986
13,640,251.58256622231673,258.15029134946104
13,641,251.34432441107083,257.9146736535032
13,642,251.24087001083714,257.7086858493446
13,643,251.29980109321284,257.5831087689443
13,644,251.51547526197103,257.5905984698504
13,645,251.84537568033406,257.7487735884074
13,646,252.21918190038664,258.0340288213534
13,647,252.5537484554454,258.3852171482806
13,648,252.77837228458378,258.72354620110946
13,649,252.8668491980694,258.9827985631191
13,650,252.8368848733009,259.13059680758914
13,651,252.73588384809204,259.17719436459254
13,652,252.63180581937803,259.16666779103736
13,653,252.58726374956495,259.1491011640405
13,654,252.62242198440197,259.16062881314315
13,655,252.72500306696574,259.22987800156375
13,656,252.84803820008835,259.3487302311435
13,657,252.9359956088933,259.4918861984072
13,658,252.95485686124232,259.6428504441106
13,659,252.90125069832396,259.7858469403053
13,660,252.781580890838,259.87717859897407
13,661,252.63947050764986,259.9005339381762
13,662,252.51768829085123,259.84177013449903
13,663,252.4410209522178,259.6900661041403
13,664,252.4336173788706,259.46713618067326
13,665,252.52059034322744,259.25121256007424
13,666,252.68584250160185,259.1098455862049
13,667,252.9000521271506,259.1062918254241
13,668,253.13362599643963,259.28388578353565
13,669,253.3451194390745,259.6334803268439
13,670,253.4840488437745,260.0765671732983
13,671,253.52640458474096,260.514063888358
13,672,253.47064916444563,260.85359431215346
13,673,253.32967320593337,261.03911988623634
13,674,253.13471078522213,261.06627146646247
13,675,252.9448702126424,260.97317524106955
13,676,252.8277153375234,260.8276886008136
13,677,252.82314289647178,260.68375193125337
13,678,252.92243611960043,260.5444999122781
13,679,253.07214523837968,260.38601369515914
13,680,253.208016654502,260.1984884099152
13,681,253.27146370172366,259.9856093194944
13,682,253.2507540756001,259.7988896794258
13,683,253.20399335036075,259.7312947644869
13,684,253.2330530411717,259.8457409353747
13,685,253.40284528474723,260.1478663908667
13,686,253.7108340735044,260.57806321041596
13,687,254.08153275657753,260.99286160363454
13,688,254.41006879096324,261.2345917406486
13,689,254.59985426033913,261.2103926376896
13,690,254.58860160134017,260.9206760952206
13,691,254.38666102610804,260.3907641244363
13,692,254.07437951809067,259.7038267043037
13,693,253.73580031870478,258.97419039365786
13,694,253.41904447782971,258.3137925583186
13,695,253.14913669579926,257.8140518093444
13,696,252.92313308513278,257.5392267195048
13,697,252.7117713546687,257.49869013333785
13,698,252.49716560828335,257.6265614844291
13,699,252.2735965529981,257.72177468489315
13,700,252.08016092687822,257.72200618046566
13,701,251.97294257142735,257.6503061322332
13,702,251.98669171671497,257.554139639668
13,703,252.11272514499225,257.48162410070915
13,704,252.29760206039396,257.47565120896263
13,705,252.4769592262622,257.5372755044152
13,706,252.59397575829556,257.61310453200616
13,707,252.63695016918047,257.64087961604827
13,708,252.6520140125786,257.58691107349665
13,709,252.72289975907526,257.4580587384553
13,710,252.91929659263525,257.27384478692125
13,711,253.26033711376226,257.0336054701058
13,712,253.69226098860665,256.72944174611143
13,713,254.10713893074276,256.38752798496864
13,714,254.39089330147357,256.0587523630417
13,715,254.4846517713231,255.75645275229843
13,718,254.36596051804156,256.01013430455066
13,719,254.0791886420235,256.56980033289767
13,720,253.6670593065712,257.1746858582025
13,721,253.26987950969763,257.65812537258944
13,722,252.97952802129723,257.9464635511519
13,723,252.86713314856053,258.0912689929454
13,724,252.95719894225903,258.2585256208092
13,725,253.2251982877611,258.49377233762294
13,726,253.58133807545317,258.8155420685394
13,727,253.88896602554,259.22640968029896
13,728,254.02649911236065,259.6764304802356
13,729,253.93378185574744,260.10171314306797
13,730,253.6232510830976,260.4606861820456
13,731,253.1866137047364,260.7530450802187
13,732,252.74503569955735,260.9864308454897
13,733,252.38867269998852,261.1218127901215
13,734,252.14264038065332,261.0634198279784
13,735,251.98649753683316,260.7399148902615
13,736,251.88602395295217,260.1375928542739
13,737,251.81367689701779,259.29778361102456
13,738,251.7725960412337,258.3412561085648
13,739,251.81034519470376,257.46597520448796
13,740,252.00085326045487,256.86730081178183
13,741,252.38790705243196,256.6486183972924
13,742,252.9540662736068,256.7868762306608
13,743,253.64061508757138,257.1649297209624
13,744,254.33425750761805,257.6028776404405
13,745,254.89134144219733,257.8894153847352
13,746,255.1972945555988,257.86680681798157
13,747,255.24213592749985,257.5169399127527
13,748,255.12970871291725,256.91190431101074
13,749,254.98064477401067,256.1619745044149
13,750,254.79376804658978,255.47956554586116
13,751,254.64010269670044,255.05135460910108
13,752,254.56007994274995,254.96032517865174
13,753,254.51951275823075,255.17995860287093
13,754,254.46843710167087,255.6298406259768
13,755,254.34681520613844,256.1697966649823
13,756,254.0965190871559,256.638215324983
13,757,253.71381859838985,256.9353896553815
13,758,253.28283588921602,257.058777534393
13,759,252.89801454972445,257.07172456019333
13,760,252.65115990756942,257.1175381446908
13,761,252.58049635218933,257.3277056827217
13,762,252.65817178667956,257.76039976226406
13,763,252.7885811488447,258.3734823165184
13,764,252.831281337814,259.00670791959175
13,765,252.64238744350902,259.4395292609894
13,766,252.17844749985903,259.5534146340597
13,767,251.49600828857206,259.3287145752561
13,768,250.70048873914746,258.8360269724407
13,769,249.93709886598148,258.2394241737971
13,770,249.34249449597613,257.680819765857
13,771,249.0782090071757,257.33002784241955
13,772,249.20019480569627,257.2395235500754
13,773,249.71183455046224,257.4116230673858
13,774,250.50482919912037,257.8201416221381
13,775,251.39392926027523,258.5294425134791
13,776,252.32832534058454,259.4691480629868
13,777,253.22444469003543,260.4492148575988
13,778,253.91677326987377,261.28676695116127
13,779,254.2889666175049,261.8389152450018
13,780,254.2923038682217,261.99559833779335
13,781,253.97996490986202,261.7522398563614
13,782,253.5020888476233,261.2085038213095
13,783,253.06404362176866,260.55173588818144
13,784,252.80888269810282,259.94772742943627
13,785,252.78620162475565,259.48806262941974
13,786,252.95253643024313,259.21174054508776
13,787,253.21178778828616,259.1198465477655
13,788,253.43248535624556,259.1432616563332
13,789,253.5313039526317,259.22683250778044
13,790,253.494512674936,259.3589839221655
13,791,253.3671855389822,259.5386860765409
13,792,253.22431387560565,259.75234457076795
13,793,253.1239988197027,259.98423062915765
13,794,253.02068929788075,260.1530257952085
13,795,252.8586150057683,260.17524520018765
13,796,252.61445014417842,260.0079119106853
13,797,252.30511603889155,259.6559525688213
13,798,251.9895960141024,259.17504934801934
13,799,251.762808096495,258.6635693175542
13,800,251.74646855318264,258.226686075398
13,801,251.9971699740142,257.97012002159585
13,802,252.4657503716278,257.9898191989386
13,803,253.01726759874293,258.33036041822345
13,804,253.47699092160113,258.9573181810967
13,805,253.687411521337,259.755300035636
13,806,253.5690892096576,260.54809704449985
13,807,253.1568086730242,261.16157410417424
13,808,252.58924255209536,261.48472430896874
13,809,252.0362132474865,261.48819271156924
13,810,251.61731039865663,261.197323558629
13,811,251.36126103722114,260.6301248861022
13,812,251.242699000253,259.87313687934767
13,813,251.21924518538404,259.07159375601503
13,814,251.2564157242699,258.40025846283226
13,815,251.32694176876916,257.9834576068198
13,816,251.42639966977998,257.8982988445631
13,817,251.49680554471382,258.0999476552711
13,818,251.4646290450551,258.42670477302283
13,819,251.30787050534516,258.7011309627425
13,820,251.04600171681489,258.7707669742302
13,821,250.75008471198274,258.59688263669136
13,822,250.53642994625557,258.26592712910235
13,823,250.48156595948927,257.90188896733025
13,824,250.56897408588281,257.5502968216129
13,825,250.7876006546372,257.35395714761944
13,826,251.11801438889395,257.4435085510174
13,827,251.49863683513024,257.82888713953645
13,828,251.88901285375118,258.4416731150215
13,829,252.25094392007807,259.15523348945686
13,830,252.49638112482998,259.7475888793134
13,831,252.55464764334323,260.0435218576489
13,832,252.4269124626148,259.9926292844802
13,833,252.16465644314852,259.6293914976633
13,834,251.8635639241344,259.0661853323955
13,835,251.64640905654943,258.49445884213253
13,836,251.5929867341483,258.06543186224013
13,837,251.7003182131862,257.83943993150655
13,838,251.8941913481551,257.8197691689955
13,839,252.06747361952296,257.94970915999744
13,840,252.13438562254734,258.0936937942934
13,841,252.07699318854904,258.0901104629456
13,842,251.9424784709128,257.768767837635
13,843,251.8407589146228,257.0107240483743
13,844,251.92846621214974,255.85525885729305
13,845,252.34763940800408,254.5535935340441
13,846,253.15817227864352,253.50923613374877
13,847,254.29702437108435,253.14551824726325
13,848,255.5728158131477,253.7041487292237
13,849,256.7243086923482,255.03477745719255
13,850,257.5348424601178,256.69826408906687
13,851,257.76292669895054,258.26619531978514
13,852,257.25911058767787,259.3263171895539
13,853,256.172833527438,259.7384348479031
13,854,254.86991630161882,259.7156423399752
13,855,253.67432087951298,259.44944393648575
13,856,252.75991667226302,259.09586083951297
13,857,252.1377432311938,258.79708800045364
13,858,251.67141434583635,258.6214955098813
13,859,251.29074668086554,258.4183228490224
13,860,250.9606524895743,258.09504787638514
13,861,250.65775751007757,257.6840123049269
13,862,250.39571325979813,257.31683435542567
13,863,250.23177575695144,257.142390104791
13,864,250.20209654900466,257.22971643460676
13,865,250.28179379555752,257.5167027781885
13,866,250.38636139856382,257.822108269633
13,867,250.50563776104926,258.0447698716411
13,868,250.64565057508094,258.16767432605127
13,869,250.80942066152338,258.22751721100076
13,870,251.02137571590953,258.30944237654415
13,871,251.2913986070299,258.4761711029619
13,872,251.59633964460488,258.73896982924236
13,873,251.88957815757922,259.05764037387706
13,874,252.06957342648792,259.3019224578549
13,875,252.07585595736865,259.39317157562186
13,876,251.92509551906602,259.3440012686001
13,877,251.7309333410534,259.28351537757123
13,878,251.60434565065003,259.3403414941307
13,879,251.6094321554493,259.58249508626636
13,880,251.7400701561659,259.97649342908113
13,881,251.9202536399586,260.412838707968
13,882,252.0294840691111,260.7206878990201
13,883,251.95509341529734,260.6957246541726
13,884,251.66167882089474,260.1794904049052
13,885,251.25288321704085,259.1253567953452
13,886,250.94919446538427,257.5871489907485
13,887,251.0109472665187,255.7192191188168
13,888,251.66595524089487,253.8210184559738
13,889,253.01460078361237,252.3186435058118
13,890,254.90115338156787,251.6210644106543
13,891,256.9335560733897,251.98802166400137
13,892,258.64589833753774,253.44884104245526
13,893,259.6893123896112,255.65183038990986
13,894,259.85367649377673,257.9497467627762
13,895,258.9440156293456,259.82610390521245
13,896,257.02827752475406,260.8534383911555
13,897,254.46462208311783,260.8844102679799
13,898,251.83813515750535,260.17100453860814
13,899,249.7912121119773,259.2520578202974
13,900,248.78014174690173,258.719113714642
13,901,248.74611538505744,258.9784613973392
13,903,249.72027423356383,260.1126158118173
13,909,250.85379548399266,262.1575207488704
13,910,251.3701371461671,263.1486039475277
13,913,253.03255546143873,264.42707798208596
13,914,253.77955144683347,264.18729363479787
13,915,254.32896433492397,263.5484448655773
13,916,254.4221715527385,262.5624754718815
13,917,253.91080123133514,261.55991993726855
13,918,253.04554595318993,260.62657781344944
13,919,252.15254706746632,259.8456267203688
13,920,251.4487949941935,259.33249389243696
13,921,251.0480138072073,259.13701435089206
13,922,250.9359652923655,259.19301863949715
13,923,251.0074324016487,259.31757225233224
13,924,251.1507969356378,259.355023832145
13,925,251.2743823732172,259.1817385513486
13,926,251.35745011078495,258.7212630362764
13,927,251.49971310608035,257.9881072425853
13,928,251.8792060260918,257.09764286525285
13,929,252.64912889410948,256.2124691316331
13,930,253.87417892230812,255.53598445627412
13,931,255.44991839781792,255.26548671652168
13,932,257.08798413207404,255.5053261052351
13,933,258.3763461021799,256.15727636505807
13,934,258.93850421257605,256.95429848243305
13,935,258.5586364869,257.58195886507633
13,936,257.22111972620735,257.8362839528487
13,937,255.12630730341925,257.58418560328346
13,938,252.70955794772496,256.94737697919925
13,939,250.4974359430408,256.2282639832774
13,940,248.92695207991258,255.75719976130773
13,941,248.22188972474876,255.75334262590056
13,942,248.34297046386246,256.22290046999615
13,943,249.05339674773347,256.9790834632034
13,944,250.04353065236376,257.7748677765689
13,945,251.00935106948288,258.4201310011055
13,946,251.72548658973702,258.8034474724224
13,947,252.11491837713805,258.95333488875525
13,948,252.22879150284456,258.9711255133397
13,949,252.16296010302105,258.94937912507834
13,950,252.02259513835142,258.9428646559437
13,951,251.8756262927319,258.9817075221883
13,952,251.79802635921473,259.1065450553212
13,953,251.80726998158124,259.2668371191605
13,954,251.8809587226514,259.4388880125318
13,955,251.97594597876588,259.6492508296125
13,956,252.06496901442262,259.88890772051843
13,957,252.11995781098074,260.1181796047894
13,958,252.13700666074251,260.27251146492574
13,959,252.13535018116565,260.2887472225332
13,960,252.123319799233,260.09915829511806
13,961,252.10004416882694,259.6644861280195
13,962,252.06920774063968,259.0133980433886
13,963,252.02653551023184,258.25003873483405
13,964,251.9557004692518,257.51997541102986
13,965,251.84947030843657,256.9690625320408
13,966,251.71307591388808,256.6633025797216
13,967,251.58535163543493,256.5396234477505
13,968,251.57715566794855,256.4069382304959
13,969,251.85127578537083,256.08077999303464
13,970,252.56329336768152,255.50757630819095
13,971,253.77673455071627,254.81670323418714
13,972,255.347609795227,254.24657798911645
13,973,256.8839495399462,254.04619317058058
13,974,257.9265577749066,254.39548610516647
13,975,258.06578129977726,255.31059518176323
13,976,257.6994800011601,256.35683215300526
13,983,254.48175283149305,258.3587994271058
13,984,253.52302776602028,258.43507900355917
13,985,252.44597061910733,258.593974232567
13,986,251.72663469936114,258.5021056876968
13,987,251.28301972579112,258.2981612878733
13,988,251.06731631781804,258.101445227215
13,991,250.62513538305805,257.88714859694477
13,992,250.18702233478834,257.6596340006592
13,993,249.79069967912233,257.3189868708666
13,994,249.6092866407304,257.01218483428977
13,995,249.78592842260406,256.8582101117644
13,996,250.33019655426025,256.9149455780372
13,997,251.13177075787652,257.13730811125527
13,998,252.0074403622438,257.3811480824661
13,999,252.67739543537127,257.54700645622165
13,1001,253.21794354778328,257.50910257663844
13,1002,252.86998010548453,257.4647799329283
13,1003,252.25880019094856,257.6067467228437
13,1004,251.6647682431941,257.93156897639847
13,1005,251.24718267550136,258.43006947991523
13,1006,251.05705702807848,259.0425456303912
13,1007,250.93138201248038,259.4840646001849
13,1008,250.72330026412217,259.5181009984484
13,1009,250.40338757597814,259.1056901246032
13,1010,250.04565223397927,258.36869153681494
13,1011,249.78810409834787,257.5196117624021
13,1012,249.79073779713343,256.7940708843127
13,1013,250.16168402984087,256.38712101076555
13,1014,250.8821408419624,256.38122150935567
13,1015,251.83056033905726,256.76998299568254
13,1016,252.804916717319,257.47346227194436
13,1017,253.55699794634253,258.33339967138886
13,1018,253.87280945656158,259.13512626459004
13,1019,253.66951673006702,259.6853153792159
13,1020,253.00811719485577,259.8473552516518
13,1021,252.06565316695824,259.592700607309
13,1022,251.090174805735,259.0407971715081
13,1023,250.33161509981338,258.42322945731837
13,1024,249.9554256124539,257.9719841813989
13,1025,249.98390869548803,257.8476510680785
13,1026,250.33616052038425,258.09164126483125
13,1027,250.8736078123394,258.6124520984379
13,1028,251.42792562775801,259.22436936707044
13,1029,251.85882380721472,259.75229946007835
13,1030,252.09724091445892,260.07195075702367
13,1031,252.13658926501193,260.135982564583
13,1032,252.00416912029874,259.9539390118104
13,1033,251.7653377144574,259.60240141199193
13,1034,251.4880758207969,259.1627212393505
13,1035,251.22127297292994,258.70064985686747
13,1036,250.98555846847205,258.2625631990749
13,1037,250.80213717697083,257.9054541702934
13,1038,250.67635407418197,257.65726648749296
13,1039,250.61624415548343,257.5387665539552
13,1040,250.653666639631,257.5763601262385
13,1041,250.82485923844465,257.77203262328146
13,1042,251.11695946636002,258.06674632939615
13,1043,251.49305894025872,258.39347420405596
13,1044,251.89597132540771,258.693862010078
13,1045,252.24211465664234,258.91541255324194
13,1046,252.45599492959923,259.02855399308294
13,1047,252.51719672578483,259.0635909290703
13,1048,252.44874756876402,259.0637414952706
13,1049,252.30915465937966,259.0583026331357
13,1050,252.1717490598538,259.0623217337354
13,1051,252.1018082302859,259.0999792151685
13,1052,252.14185341298807,259.19363797694405
13,1053,252.2971931366551,259.3648492387032
13,1054,252.53443943853839,259.6247740524242
13,1055,252.81413860081705,259.9705897625103
13,1056,253.09188050465346,260.3616825662357
13,1057,253.32116604431206,260.7304548747003
13,1058,253.47210008025672,261.0160149882369
13,1059,253.5368494746757,261.18649036766817
13,1060,253.510672984201,261.2315690576241
13,1061,253.40529835109177,261.16946135970505
13,1062,253.25384411582812,261.0353137173696
13,1063,253.09877554283497,260.8607812463885
13,1064,252.97594221885265,260.6718004575705
13,1065,252.91454892356617,260.5031538795099
13,1066,252.92995457657304,260.39698190747754
13,1067,253.01427203603293,260.391101673873
13,1068,253.14336740083678,260.5079268164981
13,1069,253.2900695884142,260.7373909672701
13,1070,253.42615638859888,261.0429598545502
13,1071,253.53211853594502,261.36849815152254
13,1072,253.59875081668616,261.6555194315427
13,1073,253.62383493488954,261.86520289264854
13,1074,253.61819610393232,261.99935549145215
13,1075,253.60226449807283,262.0786828871335
13,1076,253.5832754198742,262.12627306303176
13,1077,253.5591470658604,262.15921734825724
13,1078,253.5279847388193,262.17938448884854
13,1079,253.4824994828872,262.1776609895693
13,1080,253.41440164731674,262.14917341487853
13,1081,253.329080389184,262.0958978823223
13,1082,253.23825496123303,262.0223025123793
13,1083,253.1493877509243,261.9336130054825
13,1084,253.06290631082663,261.8247507234872
13,1085,252.9765510472855,261.6817356469646
13,1086,252.88777900501924,261.50151418034375
13,1087,252.79400727188775,261.3057091324154
13,1088,252.69631373883018,261.1360602736758
13,1089,252.60770356119173,261.03858898796204
13,1090,252.54297244151823,261.047138021702
13,1091,252.50974399990614,261.1648886488794
13,1092,252.51604772140436,261.3583281790502
13,1093,252.56954010234477,261.57543570438867
13,1094,252.66273881723345,261.77262947012935
13,1095,252.77956872091994,261.9321178827584
13,1096,252.90433883429102,262.0604199764084
13,1097,253.0210946069537,262.1784144611569
13,1098,253.11421143735353,262.3010445262575
13,1099,253.17836579441013,262.4299994607826
13,1100,253.2164440793037,262.550530951135
13,1101,253.2348689442885,262.6451439197938
13,1102,253.2411554997602,262.70509140259094
13,1103,253.2425130700157,262.7378231808085
14,0,239.35429307735376,242.1802838707979
14,1,239.41856487573924,242.27761734427924
14,2,239.49798571777555,242.39430092044063
14,3,239.58098622982567,242.51497437579832
14,4,239.64826131563834,242.61316629047244
14,5,239.6900208901738,242.67999140931246
14,6,239.70506371765515,242.71835173282042
14,7,239.70011407973317,242.73414134266866
14,8,239.68383604917827,242.72724021161824
14,9,239.6619229726902,242.69705179561572
14,10,239.63691874243474,242.64124834639503
14,11,239.60952292931447,242.56303818762456
14,12,239.57922219660776,242.472942775855
14,13,239.54508621044963,242.38400095234203
14,14,239.5074795410783,242.30372207039386
14,15,239.46904262289124,242.23870082649182
14,16,239.43323788789303,242.19227550257952
14,17,239.40281409077835,242.1637709994947
14,18,239.37975411222237,242.15095858189255
14,19,239.36669709853163,242.15440952571294
14,20,239.36523790372132,242.17398411337751
14,21,239.37457784953503,242.20714402571315
14,22,239.3925244737024,242.24982940265747
14,23,239.41597923981317,242.2978117630182
14,24,239.43949244548347,242.3459037840555
14,25,239.45659621889646,242.3874723496247
14,26,239.46493998212466,242.41973096261373
14,27,239.46545910536256,242.44375893448475
14,28,239.45974846759987,242.461597199677
14,29,239.45001725198614,242.47564293751412
14,30,239.4401003455885,242.49016398610254
14,31,239.43368873081337,242.5058662083504
14,32,239.4342749682748,242.52080485096025
14,33,239.44337665520862,242.53331112633322
14,34,239.46063738099832,242.5416536097828
14,35,239.48298314983586,242.54282773394587
14,36,239.50373129513835,242.53661587772936
14,37,239.5143671659084,242.52575242495732
14,38,239.5115347696447,242.51189655021744
14,39,239.49654518784553,242.4976237334329
14,40,239.47331956039008,242.4875738272789
14,41,239.44716930142647,242.4828003620721
14,42,239.4241291139994,242.48056226916557
14,43,239.40930258985154,242.4803245691224
14,44,239.40790735658527,242.4834606244131
14,45,239.4221782445488,242.49076310566485
14,46,239.4516465621076,242.5053377271667
14,47,239.49337523266084,242.5302238577158
14,48,239.54049085225586,242.56421385413455
14,49,239.5815714755884,242.60083590257628
14,50,239.60899753375273,242.63262925484443
14,51,239.62049015887217,242.6534333373274
14,52,239.61714136408938,242.6605201632344
14,53,239.60119046025133,242.65457284735945
14,54,239.5771252842868,242.64033752036346
14,55,239.54892835703063,242.62408693024085
14,56,239.5189466331343,242.6117598010425
14,57,239.48820175545998,242.60806926859473
14,58,239.45747634103432,242.61694381724473
14,59,239.42755853158252,242.6390181581424
14,60,239.39969112686373,242.67439250547247
14,61,239.37569949460115,242.72185970808488
14,62,239.35866456065835,242.77846974735297
14,63,239.35285819058427,242.83811628192367
14,64,239.36102114005132,242.89622637197593
14,65,239.3820834416342,242.94681232519906
14,66,239.41263879239872,242.98388344885743
14,67,239.44906925937494,243.00233249038934
14,68,239.48913748824677,243.0009462018695
14,69,239.53095165374265,242.98194418815797
14,70,239.57275487720318,242.95056950540342
14,71,239.61290523631004,242.91263413641278
14,72,239.64752984868014,242.87343345148446
14,73,239.67006434334178,242.83868339492997
14,74,239.67712963419706,242.8109413673281
14,75,239.67067860265183,242.7899459014406
14,76,239.655005530733,242.77513656435633
14,77,239.63564805007135,242.76799440373088
14,78,239.61897113551674,242.7685189290141
14,79,239.60920187104722,242.77617091592913
14,80,239.6066199012252,242.79157838476675
14,81,239.60881902827572,242.81548185070181
14,82,239.61261193194488,242.84552857627793
14,83,239.6152088721578,242.878060820458
14,84,239.6135702504022,242.9097132608054
14,85,239.6056807759507,242.93608135020233
14,86,239.59099173619805,242.95260286701767
14,87,239.5704061513708,242.95742570225121
14,88,239.54542900763536,242.95134046407046
14,89,239.51841703570807,242.93513229609792
14,90,239.49166750004463,242.90937159668476
14,91,239.468071006055,242.87447199339192
14,92,239.45143650918044,242.83224246689787
14,93,239.44337253870097,242.7857576462747
14,94,239.442058518306,242.7390081073451
14,95,239.4445954008636,242.69709602178438
14,96,239.4480895679154,242.6661098514662
14,97,239.44861398633762,242.6486274010722
14,98,239.4459136031255,242.64388784264807
14,99,239.44496929819584,242.6527165921376
14,100,239.45077365315933,242.67484871579347
14,101,239.46478146786347,242.70792592123294
14,102,239.4862922227893,242.75014902381076
14,103,239.51129512972085,242.7976519555323
14,104,239.53334500289748,242.8410717198522
14,105,239.54805047240393,242.87343122981918
14,106,239.55610292970323,242.8921002219766
14,107,239.56107476285845,242.89641065481658
14,108,239.5668835167037,242.88825589613788
14,109,239.5766310355381,242.87276004214502
14,110,239.59146879252478,242.85206893707442
14,111,239.6090254195397,242.8261147570256
14,112,239.62443049828707,242.79536002870344
14,113,239.6336616976776,242.76290270242853
14,114,239.63580398390064,242.7339550386874
14,115,239.6341230324516,242.71777392344254
14,116,239.63492718129882,242.72168150749278
14,117,239.64365671569468,242.74648047048547
14,118,239.66323950992785,242.78529717183739
14,119,239.6920877695168,242.82660144039693
14,120,239.72337248445228,242.8560895684146
14,121,239.74800208729292,242.86370394734618
14,122,239.76170487647894,242.8457450080214
14,123,239.76524049446536,242.80564371374436
14,124,239.76179793483328,242.75167254011342
14,125,239.7548236929952,242.69274880268034
14,126,239.74690473198532,242.63323885447568
14,127,239.7383563890439,242.57692582972714
14,128,239.72739246015823,242.52949256885356
14,129,239.71253079549865,242.49652793310358
14,130,239.6949949036387,242.48320006946136
14,131,239.67622848338533,242.4916804514234
14,132,239.65745682665275,242.51898367094054
14,133,239.6402802310066,242.55782998502124
14,134,239.6272866038591,242.59966327160427
14,135,239.6202621380059,242.63715591224621
14,136,239.62177614554244,242.66992990722363
14,137,239.63188985225378,242.70161050644762
14,138,239.6473369780618,242.7329355682081
14,139,239.66235338022716,242.76026740278908
14,140,239.66967101101912,242.7748412692281
14,141,239.66288607299208,242.76385815892397
14,142,239.64064860590378,242.72018826106304
14,143,239.60555127398806,242.64634177483538
14,144,239.5612897802859,242.5522047595372
14,145,239.51434062431173,242.45463350995877
14,146,239.47257211736385,242.3744075093151
14,147,239.43966941823007,242.3244239097836
14,148,239.41608090487478,242.3079581085728
14,149,239.40179278584054,242.3211415528669
14,150,239.39482085949345,242.3533278834843
14,151,239.3899674616123,242.38741402471314
14,152,239.38323617904703,242.40650185054247
14,153,239.37348975637127,242.4036347041906
14,154,239.36084750476056,242.37907456540447
14,155,239.34647318418055,242.33919164630075
14,156,239.3340131903883,242.29874986624452
14,157,239.32872014348123,242.27762085179157
14,158,239.333591274417,242.2826208191914
14,159,239.3488202144549,242.31117301018782
14,160,239.37242696822094,242.3543950335
14,161,239.39985837967578,242.39641266429066
14,162,239.4246926182239,242.4196875747375
14,163,239.44370652670116,242.4171282761022
14,164,239.4579557466839,242.39115698417044
14,165,239.47007784941627,242.35126047378796
14,166,239.48369076560476,242.3106630621002
14,167,239.5025515803138,242.27929174053415
14,168,239.52613339088822,242.26230199576253
14,169,239.54945301184716,242.2601649027606
14,170,239.56777455118285,242.26941731736423
14,171,239.5778371099216,242.28535324475394
14,172,239.57793663577343,242.3056817449015
14,173,239.56939085856297,242.32839804256741
14,174,239.55655860841898,242.35190571726127
14,175,239.54348180532904,242.37613370293016
14,176,239.5321076530829,242.40171719687166
14,177,239.5230160277683,242.42727312967213
14,178,239.51689852576484,242.45347517513756
14,179,239.51238521887026,242.48118026413732
14,180,239.50730341146055,242.5079871657394
14,181,239.4999989517492,242.52839016610392
14,182,239.48962035632516,242.54110696405817
14,183,239.47453985076424,242.54437963477497
14,184,239.4559009740494,242.5387438708742
14,185,239.43585147261243,242.52693743246382
14,186,239.41735030550205,242.5127846952677
14,187,239.4009528748062,242.49277839091204
14,188,239.38514202747533,242.4591119667582
14,189,239.3668242133029,242.4042934756553
14,190,239.34507571886184,242.32782518138998
14,191,239.31936294600573,242.2382421759081
14,192,239.29238070204113,242.1529292753711
14,193,239.2699646732206,242.09173819713828
14,194,239.25759397139993,242.0670637792774
14,195,239.25686463961557,242.07934379267255
14,196,239.26837244107827,242.11757200180705
14,197,239.29053101179696,242.16566121901752
14,198,239.31958660660874,242.21093899125987
14,199,239.35239781506078,242.24838168725412
14,200,239.3886169521728,242.28160805695555
14,201,239.4268223721435,242.31794709294778
14,202,239.46470278291005,242.3630538558548
14,203,239.50065611442724,242.41811658735327
14,204,239.5318170169478,242.47972376282704
14,205,239.55223947321213,242.5382032764036
14,206,239.55840112285853,242.58327958118332
14,207,239.55047182991507,242.6084996048095
14,208,239.53067393847604,242.61116422477713
14,209,239.50340797872343,242.59303676731886
14,210,239.47580660238975,242.5616916736909
14,211,239.45405894790684,242.5291907067803
14,212,239.44145525163705,242.50661437813582
14,213,239.43758290646954,242.5000999196253
14,214,239.43973418782812,242.5102010160657
14,215,239.44475322104407,242.53268413025464
14,216,239.45094760189878,242.558871043849
14,217,239.45883195012385,242.58166063904554
14,218,239.47023826896228,242.59805449570095
14,219,239.4860967609205,242.6077860385091
14,220,239.50427484767997,242.61174975798866
14,221,239.51951305305772,242.61044237884184
14,222,239.5260649319021,242.60262950304724
14,223,239.52096973081294,242.58741807217115
14,224,239.5059907546903,242.5637469891703
14,225,239.48618688540049,242.53406761687842
14,226,239.46756572241142,242.503457231564
14,227,239.45403460105632,242.47489367379677
14,228,239.4464176769608,242.44835007517753
14,229,239.44125977062362,242.42540928147358
14,230,239.43551464933086,242.40255288582748
14,231,239.42742796827585,242.37446923963714
14,232,239.41678230568408,242.34020138098526
14,233,239.40425571594147,242.3031649924543
14,234,239.39229077297162,242.26717728999907
14,235,239.38139556787004,242.23925456106173
14,236,239.37115495228767,242.22676366970362
14,237,239.36096781264592,242.2314659743014
14,238,239.34965036746698,242.25171678174502
14,239,239.33639495301708,242.28389456987185
14,240,239.3226729962418,242.3211829054714
14,241,239.31072049646764,242.35467330953753
14,242,239.30207324794608,242.38132044010473
14,243,239.29908715553051,242.40064852873417
14,244,239.30339064925172,242.41364661741585
14,245,239.31393815127765,242.42383998439672
14,246,239.32902411385035,242.43833150203892
14,247,239.34922575187733,242.4619005285914
14,248,239.37557980304663,242.49621993848532
14,249,239.40777912459615,242.54110905487522
14,250,239.44628161523872,242.5967526974594
14,251,239.4912877700844,242.65970548151594
14,252,239.5404244770973,242.72337040174244
14,253,239.58919365559206,242.78060355688996
14,254,239.63446476549726,242.82460391038794
14,255,239.673845650495,242.84896291872414
14,256,239.70626907205587,242.85124477872782
14,257,239.73461660531368,242.82851364753398
14,258,239.77132474422285,242.76311501918406
14,259,239.83912530731183,242.59983451760476
14,260,239.97470264001618,242.24836617019116
14,261,240.24642761394463,241.6228023600117
14,262,240.7457326772905,240.70868370257998
14,263,241.55294251209344,239.644796204915
14,264,242.68399887353942,238.73836855651044
14,265,244.05655774599657,238.36065078629
14,266,245.4548518758497,238.80562767578036
14,267,246.57254726991835,240.15827970771718
14,268,247.11657411996606,242.21599336264808
14,269,246.91502763889486,244.51491937585396
14,270,246.00225647269428,246.54057088177763
14,271,244.64017778327803,247.93692806171146
14,272,243.2376022504956,248.59479064152214
14,273,242.13611984593973,248.58317423090932
14,274,241.55379869959793,248.1316571131065
14,275,241.29342943492424,247.2300455882761
14,277,241.73331570293166,246.20300482645115
14,278,241.9851475347827,245.60887596875165
14,279,241.6237279074668,244.26422806033617
14,286,240.8969731398389,242.22531844699463
14,288,240.4306210250221,240.97415050105363
14,289,240.14199628431524,240.14912550592766
14,290,240.02388551539636,239.57423776672903
14,291,240.1383693157294,239.51964739125742
14,292,240.44880161446758,240.02435836272286
14,293,240.8286889131144,240.93052495115262
14,294,241.12128013394843,241.90596695334997
14,295,241.22757974299012,242.63275468424223
14,296,241.14743918727282,242.93131970205326
14,297,240.9041528995605,242.73789260835662
14,298,240.55126246817554,242.14933169924268
14,299,240.1660876169593,241.3777615489161
14,300,239.827683624489,240.6610363918859
14,301,239.59120881267964,240.16961294737885
14,302,239.5013224521184,240.00529318535996
14,303,239.56923560048455,240.1802918244808
14,304,239.7668201513722,240.63654711899082
14,305,240.03353092217847,241.27402138938604
14,306,240.29818453187855,241.99533353364518
14,307,240.4976542307421,242.70416510816875
14,308,240.59262844787395,243.30472098808477
14,309,240.57419238447744,243.70330948306258
14,310,240.45541666611604,243.82799992366478
14,311,240.2566726111985,243.6468830905944
14,312,240.0011725993307,243.19979116403135
14,313,239.7223912718987,242.5977452497151
14,314,239.45722005442812,241.98795223584926
14,315,239.24021216921176,241.50683159408666
14,316,239.10201386706154,241.2472245830261
14,317,239.05808879351946,241.22375730401689
14,318,239.0952302778948,241.36664294034634
14,319,239.18301669672087,241.58675809190802
14,320,239.28739325112636,241.8243142233123
14,321,239.37703361534287,242.0433338034828
14,322,239.43686807905553,242.22425750531136
14,323,239.47184884536364,242.37467546349447
14,324,239.49544725012527,242.50590935757052
14,325,239.5214843832006,242.61150773797755
14,326,239.55958770036,242.67492302645132
14,327,239.61033477944048,242.69711184383848
14,328,239.66272006099248,242.69176769201292
14,329,239.70210751489788,242.67052287024302
14,330,239.71739737300163,242.64314272390365
14,331,239.7042529636302,242.62479275245013
14,332,239.66048720417126,242.61732726642396
14,333,239.58659397776512,242.61149644766968
14,334,239.49007244483516,242.5977877475996
14,335,239.38462797369854,242.57790406539553
14,336,239.288689860477,242.56053906832537
14,337,239.22390543756316,242.55700695055833
14,338,239.2118177272244,242.57471610469375
14,339,239.26249483651128,242.62329530202885
14,340,239.368899542735,242.70011405078293
14,341,239.5083290917311,242.7868358091203
14,342,239.65044939865058,242.86153304690012
14,343,239.76934483212258,242.90929749624144
14,344,239.85088489158423,242.91357895977305
14,345,239.89098434094652,242.85872500819488
14,346,239.89123050044188,242.74625191653078
14,347,239.85890964833138,242.59721517074667
14,348,239.80414934996486,242.43983616939167
14,349,239.7379198953935,242.3005909866509
14,350,239.67666680478334,242.20664584064642
14,351,239.64313853502313,242.17536669978296
14,352,239.65872366751725,242.20968148593172
14,353,239.73276016765917,242.30320245808497
14,354,239.85836150062875,242.44824719705395
14,355,240.0132893815999,242.63366086787562
14,356,240.16826433695934,242.83670968837603
14,357,240.29188935089996,243.029943192602
14,358,240.36226197090255,243.18612040920436
14,359,240.37486379791142,243.27965096642296
14,360,240.3401639473119,243.29176921188946
14,361,240.27203487313983,243.22275617530374
14,362,240.19000202024972,243.0833754423169
14,363,240.11302946486444,242.8928764881819
14,364,240.05149082643382,242.6773444935649
14,365,240.00808605572914,242.46743236318457
14,366,239.98400798540015,242.293137315749
14,367,239.9762288815237,242.1815730263474
14,368,239.98119025629487,242.1493800473937
14,369,239.99878911342523,242.198696162037
14,370,240.0322543597269,242.31327107353033
14,371,240.08992951244463,242.46041428758377
14,372,240.18799925334812,242.5947666790657
14,373,240.3482022654607,242.66586197199723
14,374,240.60283673151764,242.6348231853454
14,375,240.98802584418326,242.4793598899296
14,376,241.53238077595967,242.20512163283243
14,377,242.25079755469827,241.8756772704007
14,378,243.12789364120704,241.56530444680558
14,379,244.0952936803982,241.31696949047932
14,380,245.04990518230326,241.1630317534011
14,381,245.87526894677478,241.08201716078008
14,382,246.4674598328573,240.95432913302184
14,383,246.71682259503612,240.73304160009926
14,385,246.98458031331177,240.2404029576819
14,386,247.1553684408777,239.92565971146624
14,387,247.19396639084886,239.62986473112792
14,388,247.18676102380618,239.4364020326894
14,389,247.09238797177835,239.32226884065338
14,392,246.86975065110013,239.08952228806032
14,393,246.72166704882483,238.94303276473335
14,394,246.45344737319374,238.77716423271065
14,396,246.18491831284013,238.56184548926186
14,397,246.15995279844805,238.3888395243961
14,398,246.11874426110774,238.08031229697713
14,399,246.10795854528567,237.6582582394697
14,400,246.1406046926792,237.18443368560241
14,401,246.26870057240816,236.81978675916437
14,402,246.5197603385121,236.75278009826428
14,403,246.8442153937269,237.05510752328692
14,404,247.1611733378611,237.63933642697768
14,405,247.3816716216607,238.29340510756197
14,406,247.4315111430185,238.7373741804091
14,407,247.2911572860695,238.75170850375002
14,408,247.02404200780353,238.29973646891742
14,409,246.73323848873662,237.50555840173894
14,410,246.52349343042687,236.57416688671523
14,411,246.46198917263092,235.70648377569356
14,412,246.56307578838113,235.04001586206732
14,413,246.78507788507716,234.6062538565737
14,414,247.0467917140311,234.37678807601506
14,415,247.26460110258802,234.3205544118029
14,416,247.374252881624,234.43178693107612
14,417,247.33433063077686,234.6921030554022
14,418,247.1361946296022,235.0635098092428
14,419,246.82669559603306,235.47780207208788
14,420,246.48332375323588,235.84237454770465
14,421,246.2078568664077,236.07747982025143
14,422,246.09473936981135,236.1473455601735
14,423,246.19109737051392,236.07016788083197
14,424,246.46623055481922,235.9269528652369
14,425,246.83263515356722,235.82583361972345
14,426,247.17445491978893,235.83610730715716
14,427,247.40543980553613,235.99320453073247
14,428,247.49619179466586,236.2823219889065
14,429,247.47533977585616,236.62405216401993
14,430,247.40495058582943,236.90973864781694
14,431,247.34744758644203,237.04912323604674
14,432,247.32985648758182,236.98465517530659
14,433,247.3482665412538,236.71643564457884
14,434,247.37620162549712,236.30004043945925
14,435,247.38257044318328,235.82766351603823
14,436,247.33894329871885,235.41327806527988
14,437,247.23767736515165,235.16971917871027
14,438,247.0881658793942,235.1537270874286
14,439,246.91981649514668,235.35957314622837
14,440,246.77152987825662,235.73509897091913
14,441,246.68316249866857,236.1882129124551
14,442,246.67334905436394,236.59172197404004
14,443,246.73709429062268,236.8579353654998
14,444,246.84536557333428,236.95949322186743
14,445,246.9549592268135,236.91224257653917
14,446,247.01723181792,236.7527637281542
14,447,246.99677402797278,236.5436470707366
14,448,246.88403030200948,236.347117324706
14,449,246.7006728353621,236.22075291033678
14,450,246.48383349616756,236.19983883125983
14,451,246.2765474959604,236.29491539666975
14,452,246.10890227484026,236.46506345434466
14,453,245.98380321587655,236.61937424597647
14,454,245.8748211915064,236.6312599405084
14,455,245.75307191864925,236.41071850552993
14,456,245.60942546052786,235.96202454243368
14,457,245.46378748571556,235.39727685410654
14,458,245.35263555363545,234.88560501147617
14,459,245.30921360993983,234.59110494929894
14,460,245.3395698078119,234.57967265804902
14,461,245.41393508257107,234.7712925891921
14,462,245.48973817751278,234.99900851508076
14,463,245.54578242999997,235.0997710580443
14,464,245.5910065998681,234.9849649680043
14,465,245.66404777768716,234.68843341191206
14,466,245.81466189994833,234.3594883784066
14,467,246.07083869845226,234.1651823188813
14,468,246.41005515466617,234.20667611707788
14,469,246.76693433019358,234.47454519806894
14,470,247.06247977160362,234.87094383118713
14,471,247.24141403155292,235.2611360813258
14,472,247.289533303284,235.5444935717606
14,473,247.2366267666911,235.68252184464265
14,474,247.15002804127008,235.70010095995676
14,475,247.10233882134938,235.64730124164103
14,476,247.13445123165354,235.55034883251759
14,477,247.24493636839128,235.396225735591
14,478,247.40686522519576,235.17293911886122
14,479,247.58564068114075,234.91212339086002
14,480,247.7506366906258,234.69723727764986
14,481,247.8889894510778,234.63223376816404
14,482,248.00563415242715,234.77892920074157
14,483,248.1072314500944,235.090888381818
14,484,248.200026307448,235.4259517633318
14,485,248.29467118741564,235.59690458946363
14,486,248.39838611551792,235.48618439437593
14,487,248.5182542340595,235.09274337872614
14,488,248.67110378031572,234.55895695485304
14,489,248.85713178310687,234.07852997790303
14,490,249.05499066573594,233.82491983287323
14,491,249.23433153975813,233.89491117437888
14,492,249.36497455681499,234.2839340358092
14,493,249.41366929281145,234.89124687182508
14,494,249.36017772997707,235.57436555269615
14,495,249.19323672199144,236.17171075894896
14,496,248.9116784964739,236.5352639730705
14,497,248.5368683048103,236.5622343064708
14,498,248.1222702337601,236.23866535567254
14,499,247.74170418267204,235.6583740056514
14,500,247.47967475973604,235.01574819794948
14,501,247.40789998121923,234.54722783011582
14,502,247.55254553485867,234.43451556781372
14,503,247.86917031856132,234.70479881011755
14,504,248.26638890184176,235.24140215039824
14,505,248.6348506639554,235.8161016654936
14,506,248.877550455222,236.183073784591
14,507,248.9416296456352,236.23130961336807
14,508,248.83095836915683,236.0430983805127
14,509,248.56949421773697,235.7791087633734
14,510,248.17709505603574,235.6473459589721
14,511,247.65268565936296,235.82918882124625
14,512,246.9705619565289,236.340274696639
14,513,246.1061886144087,237.05342120934546
14,514,245.0768025335222,237.83301367480345
14,515,243.95888725852762,238.5613576052835
14,516,242.88180489849086,239.15589587452916
14,517,241.98626262182884,239.62969935972612
14,518,241.38219107529525,240.06723498346506
14,519,241.11559185974207,240.54783149261584
14,520,241.1443192622889,241.08579417027588
14,521,241.36112007618615,241.6548951320522
14,522,241.6416769862825,242.1983700339951
14,523,241.86616034233026,242.61309163226548
14,524,241.9497677490563,242.79958209240317
14,525,241.88275461425025,242.74652357400905
14,526,241.7029999452331,242.49453966227503
14,527,241.4609873817751,242.09759827696786
14,528,241.22051046875885,241.63407349373267
14,529,241.04349351910454,241.17972377109115
14,530,240.94707915713934,240.76056338966674
14,531,240.9161262583862,240.38195864722042
14,532,240.9310053517257,240.06623496821442
14,533,240.96878687150888,239.84601571213722
14,534,241.0017836587359,239.7497639684018
14,535,241.01913830919386,239.78360750496947
14,536,241.02766611274885,239.92323139330688
14,537,241.03899767684013,240.10586495981923
14,538,241.05998712697132,240.2568085130963
14,539,241.08914546827106,240.31404252766538
14,540,241.11548039340886,240.2651311630549
14,541,241.1320378617399,240.14176130044666
14,542,241.136732572975,240.00931213488752
14,543,241.13668446287107,239.91403365819872
14,544,241.14964725559128,239.8695402971339
14,545,241.1947409846303,239.86606008963378
14,546,241.27028956794655,239.87517372622693
14,547,241.359095552877,239.84457924472696
14,548,241.43600556281393,239.75295089214018
14,549,241.47504782907288,239.61314546860294
14,550,241.4561521554257,239.4370364035557
14,551,241.37807204542256,239.243061674865
14,552,241.24910285064698,239.0636851684029
14,553,241.07855699377188,238.91245987556823
14,554,240.87974587465365,238.79545635482478
14,555,240.6753910197383,238.73598449685386
14,556,240.49195017418475,238.75114886572547
14,557,240.36367082955906,238.84207738619358
14,558,240.32608334954247,239.00061677119626
14,559,240.39861284704406,239.20190366380723
14,560,240.57212652921416,239.3989270039408
14,561,240.8074174901501,239.54469687022444
14,562,241.04318918811245,239.61340693273877
14,563,241.21974590494025,239.60825086744467
14,564,241.29810743781118,239.5534443649281
14,565,241.2686294765815,239.4749823021869
14,566,241.15737040008437,239.40182006026552
14,567,241.0185585130149,239.36475903321727
14,568,240.90210422112585,239.38166868485345
14,569,240.8414695289353,239.44949630495086
14,570,240.853176394794,239.55744740695332
14,571,240.931080633727,239.68847597789056
14,572,241.04635085067946,239.81620716306506
14,573,241.17266212174923,239.9191778552495
14,574,241.29162583703302,239.99138574452272
14,575,241.3929365428304,240.05340890357618
14,576,241.47317564203053,240.13331835645567
14,577,241.5370227113026,240.2508925967846
14,578,241.59283788293544,240.40914087263138
14,579,241.6460533285609,240.6033310488762
14,580,241.69671450867648,240.81241220801365
14,581,241.74875469096764,241.01442304809132
14,582,241.8079625674112,241.19455046727722
14,583,241.8643803486187,241.34195667628148
14,584,241.90299059840822,241.4410228876709
14,585,241.90727377048245,241.46598223050907
14,586,241.85857029764054,241.38098157309673
14,587,241.7428584394083,241.17037722713778
14,588,241.57104369265204,240.85741593094585
14,589,241.3693346295845,240.49087792350505
14,590,241.1744756334141,240.14448026572876
14,591,241.02352885547373,239.90976871828664
14,592,240.9460294721549,239.85419105958832
14,593,240.95045541320144,239.99213326954685
14,594,241.02425087623342,240.2860597298675
14,595,241.13948702888416,240.65716525343802
14,596,241.26216801312756,241.0073240648537
14,597,241.36129133621947,241.24928051524384
14,598,241.4192314917769,241.3305776335961
14,599,241.42998298987445,241.25813064307752
14,600,241.3930550082865,241.0825480670148
14,601,241.3117878028441,240.86441147556445
14,602,241.19253632919754,240.65624843827996
14,603,241.0441796078314,240.49031690616718
14,604,240.8887745190118,240.36109057739594
14,605,240.7574078061776,240.2357428896166
14,606,240.6793975469611,240.07782742262864
14,607,240.66887418572378,239.85740033227435
14,608,240.72362174359463,239.56481798784242
14,609,240.81785257886511,239.2128212981185
14,610,240.91743324356767,238.83841015905563
14,611,240.99478797412883,238.4900562925413
14,612,241.0350951978779,238.2137612423051
14,613,241.03040641138256,238.03012769394124
14,614,240.9837447337895,237.93366954255674
14,615,240.8965690514788,237.88796608595322
14,616,240.76363305665805,237.84045785166256
14,617,240.58168004768206,237.7445221705739
14,618,240.35678631807124,237.5712229286449
14,619,240.1035213345448,237.31649634318072
14,620,239.85151447170833,237.01531621309755
14,621,239.63129141311282,236.7249499845054
14,622,239.46967875157716,236.50424560218903
14,623,239.3818258560325,236.40826227461372
14,624,239.36089187383584,236.46970239861528
14,625,239.38519152103552,236.6908922035752
14,626,239.45112920383374,237.06417676784022
14,627,239.56678585236605,237.57220901893
14,628,239.74819928894067,238.1852968799877
14,629,240.0192894355692,238.86717851908102
14,630,240.38494775694946,239.55816496371077
14,631,240.80756933235674,240.17277149577498
14,632,241.22151373053322,240.62179842465844
14,633,241.550612867328,240.85271722706557
14,634,241.73475318632364,240.86599932914285
14,635,241.75035113448482,240.7173913738545
14,636,241.60572256321873,240.4818871591129
14,637,241.33031265466346,240.22737663677543
14,638,240.97347599393402,239.97000779186223
14,639,240.58706999530173,239.69066130469665
14,640,240.22761547044942,239.37267580079236
14,641,239.96072015714762,239.03052035812914
14,642,239.84688718058408,238.71565941890924
14,643,239.92177776597617,238.52750983433023
14,644,240.1831702507219,238.55865838103546
14,645,240.58210665401856,238.83829848031098
14,646,241.03456507412776,239.32733724737525
14,647,241.44706946308634,239.93623783425147
14,648,241.74243660472388,240.53684461908125
14,649,241.8844084869154,241.00940881968805
14,650,241.87930349030327,241.27989911310382
14,651,241.76859102670534,241.34247697381116
14,652,241.61872242854494,241.24547751949422
14,653,241.48909550664263,241.06586071906528
14,654,241.4097523879069,240.8811384170587
14,655,241.39138805765583,240.7638651876417
14,656,241.41238712611212,240.73591262040682
14,657,241.43471678925093,240.77917600660678
14,658,241.4325299887721,240.86810658322906
14,659,241.40098312058996,240.98087952824872
14,660,241.33618646850425,241.07312636849903
14,661,241.2624395588057,241.1244007796111
14,662,241.20118283799292,241.12069596848391
14,663,241.16048459153868,241.04103513911227
14,664,241.14414158832412,240.86988482061895
14,665,241.16607495396582,240.64436244825123
14,666,241.22271799253207,240.41099475748962
14,667,241.3131477824981,240.23930758679566
14,668,241.4365582768082,240.20526566905323
14,669,241.58419229796434,240.3560810752618
14,670,241.73077218356053,240.66820097308184
14,671,241.8461784092167,241.0793445291415
14,672,241.9048728673868,241.49824122266784
14,673,241.8964272476033,241.8382169602655
14,674,241.81968229871103,242.03589875356388
14,675,241.6925733506016,242.06867677895838
14,676,241.5606910517939,241.95392409140615
14,677,241.46005988848555,241.72466660656332
14,678,241.39614881797044,241.40226040052568
14,679,241.355705301375,241.0137735252282
14,680,241.31856907635736,240.60337475136478
14,681,241.26078579195328,240.22308767817916
14,682,241.1860077341422,239.9392924016034
14,683,241.13477421098543,239.82207012179637
14,684,241.1684875301735,239.90628563738323
14,685,241.3289567573088,240.17341382507016
14,686,241.605800024541,240.55376867103834
14,687,241.93645334045584,240.93702998481126
14,688,242.23308338486143,241.20470005801363
14,689,242.40626747967272,241.2729814062615
14,690,242.4016158345592,241.11229637738344
14,691,242.23302935134262,240.73577427643485
14,692,241.96147967419765,240.18927943335527
14,693,241.65320024513275,239.5456596725936
14,694,241.358149029062,238.90553072063219
14,695,241.10130868770293,238.36287846795642
14,696,240.87985028223864,237.98690009389202
14,697,240.683227585304,237.8104715723685
14,698,240.51383196947444,237.82562910941937
14,699,240.39188546794716,237.94881123827037
14,700,240.34677247891375,238.09741344818033
14,701,240.4008151920155,238.22973912239516
14,702,240.5495597268187,238.3421055038897
14,703,240.757943604034,238.43947498218563
14,704,240.9669008324763,238.54662622118795
14,705,241.12150838198357,238.67613941769048
14,706,241.18582273221625,238.79023696655898
14,707,241.16509113804122,238.82028531353748
14,708,241.11279193925728,238.71940831723361
14,709,241.11954778107014,238.476732411678
14,710,241.26123882792137,238.0898019822599
14,711,241.55932287450034,237.57447041015104
14,712,241.97220187584114,237.0107053237401
14,713,242.40166904274167,236.5114832626773
14,714,242.71217061525405,236.17975577155502
14,716,243.0462370922501,236.0332262794846
14,723,241.2579022145093,237.14706101170344
14,724,240.86386418476124,236.83638634388447
14,725,240.658478288797,236.8424297150736
14,726,240.72618714560275,237.02294946018245
14,727,240.9004787529618,237.46802998499035
14,728,241.03441553923506,238.13765164144027
14,729,241.03031880845577,238.93807702956522
14,730,240.85379204065202,239.75124486473953
14,731,240.54677674109374,240.46570824668538
14,732,240.17618450768862,240.96833830828567
14,733,239.7960972484035,241.1321538351197
14,734,239.4486878527857,240.8706688526496
14,735,239.1514415275352,240.17551906797638
14,736,238.91738102045812,239.1565528099643
14,737,238.77971243941383,237.9971782588826
14,738,238.78016370632304,236.91739061435302
14,739,238.94365521271658,236.1205671886861
14,740,239.3134971984273,235.77739788879774
14,741,239.91245159005226,235.925203776271
14,742,240.69529055939506,236.46743917309257
14,743,241.56851759961668,237.21853986877724
14,744,242.40276303444517,237.95569116870553
14,745,243.0371035607968,238.44484686995668
14,746,243.32807757286596,238.54206282309656
14,747,243.17373743188276,238.26516026245955
14,748,243.03662952492914,237.65968609697055
14,774,239.9872694154165,238.43646462237334
14,775,240.47102360356388,238.7884673890467
14,776,240.97398958796953,239.54033392126527
14,777,241.73860180887766,240.48523734102807
14,778,242.42286014097533,241.39780216105717
14,779,242.8105694449466,242.08328758751756
14,780,242.80787824682125,242.4008162389589
14,781,242.47374804395847,242.31122928442386
14,782,241.97790189959844,241.85783382275022
14,783,241.50579974657632,241.1658004404068
14,784,241.184875260102,240.40554988138334
14,785,241.06633034584485,239.7360179967405
14,786,241.12719624523672,239.28856871378068
14,787,241.2964316653528,239.15421443563798
14,788,241.48837631007984,239.30393983624776
14,789,241.64523308715252,239.65264236911534
14,790,241.73975381932408,240.10116691986548
14,791,241.76264396525997,240.53400101621995
14,792,241.73068826886376,240.8586838917847
14,793,241.66037477905587,241.04020622539343
14,794,241.53316666024352,241.04817985255227
14,795,241.325347845959,240.8750064225193
14,796,241.04841964000855,240.55942054679667
14,797,240.7313231124968,240.12798134361148
14,798,240.42822931585792,239.60861721198802
14,799,240.22102325838887,239.04882087133305
14,800,240.19074850989784,238.52073129658416
14,801,240.3696528171824,238.10316008326308
14,802,240.7247794910536,237.91045068376127
14,803,241.16185148314634,238.05517487521044
14,804,241.5541551396621,238.60203107016193
14,805,241.78622021974007,239.48790404664587
14,806,241.7840418117918,240.55363756734334
14,807,241.54667819231415,241.5724155596324
14,808,241.15045547170976,242.31367711111108
14,809,240.71071410447885,242.58049221773425
14,810,240.32119230399522,242.30081550402238
14,811,240.0417999858129,241.52837990626057
14,812,239.89635039930678,240.4376811400223
14,813,239.87511170253865,239.2900042195884
14,814,239.95224166980924,238.389067327666
14,815,240.10193114602805,237.96416142597062
14,816,240.2832010039771,238.08165848333041
14,817,240.41963743677738,238.63149464973003
14,818,240.43703621933903,239.37579412646858
14,819,240.2920928249609,240.02446817241102
14,820,239.98348640907165,240.33919505104407
14,821,239.57724142985117,240.24842375573888
14,822,239.19579774076294,239.83732252920075
14,823,238.94198190107846,239.2591055201669
14,824,238.87160602809902,238.7002084374504
14,825,239.0131660684334,238.380780800664
14,826,239.34346237483197,238.43701270815825
14,827,239.78534077015783,238.86427611040895
14,828,240.25942553827895,239.5817514019408
14,829,240.68986822368822,240.44491375743405
14,830,240.98674090932283,241.21711185719087
14,831,241.0827663423212,241.6820813417413
14,832,240.97354512299924,241.75589642695286
14,833,240.7035522337958,241.4494551163778
14,834,240.35093103703028,240.8439044314719
14,835,240.01439197004464,240.11613819446063
14,836,239.7749179128386,239.46697450477774
14,837,239.66634118247083,239.0261185581942
14,838,239.67663275950187,238.85181880446547
14,839,239.7601959200457,238.93701428476166
14,840,239.8637363677033,239.16332033324375
14,841,239.9572038671878,239.31431072676259
14,842,240.05735345013184,239.14724169466973
14,843,240.2283625266523,238.47528977697698
14,844,240.57094115930832,237.2646107673404
14,845,241.18206948587454,235.72453999028204
14,846,242.08471457931518,234.284207917197
14,847,243.1734789216171,233.4475810384814
14,848,244.20339024438735,233.67301417825345
14,849,245.07988385002903,234.58751691310894
14,853,244.420225963769,238.73294985183242
14,854,243.2267220614032,239.60582618890726
14,856,241.0121090464452,239.86122247326503
14,857,239.69140944627932,239.00557210606337
14,858,238.44715602043902,237.76401115557945
14,859,237.4498290967218,236.36273352590283
14,860,236.72147256354648,235.10939225298264
14,861,236.2836852607549,234.24646404953282
14,862,236.1381606628945,233.92762867708515
14,863,236.2670312788606,234.19782402740458
14,864,236.6043062078557,234.9424398729603
14,865,237.04709494197868,235.92180623026155
14,866,237.49119294477148,236.86534859501845
14,867,237.86394470721427,237.5580959846316
14,868,238.15072047307217,237.92824137608616
14,869,238.3759625574837,238.0513279265325
14,870,238.57405256688938,238.07455589955464
14,871,238.78165527226486,238.13931353153794
14,872,239.0236180929015,238.33823794791957
14,873,239.27677154748892,238.66774296136063
14,874,239.5017066641338,239.06519847286316
14,875,239.67407714496053,239.45985626945
14,876,239.7893049829203,239.80917535606284
14,877,239.87578450961416,240.13485868227815
14,878,239.98810675725454,240.5085423365132
14,879,240.1475597386234,240.95592377936836
14,880,240.32302324553874,241.42868298308082
14,881,240.45301188061504,241.83810931951757
14,882,240.4654606647653,242.05121543563112
14,883,240.3047030912714,241.89653521338383
14,884,239.98916433453792,241.2482539521963
14,885,239.65130772043045,240.06401636212289
14,886,239.5083538807157,238.37296754957913
14,887,239.79990609929317,236.29651267657556
14,888,240.71681594723088,234.10610588781478
14,889,242.31537607537854,232.20649117511678
14,890,244.39359155303316,231.03324749745306
14,891,246.48623244300973,230.90340589821585
14,892,248.03174124143234,231.91478993304364
14,893,248.4771767137978,233.84366873031377
14,894,248.047919172729,236.02802982270993
14,916,243.66017941988486,240.11200968229448
14,917,242.7733839565476,239.8310924457409
14,918,241.41501499179384,239.97541529503835
14,919,240.42869029189418,240.09498537656117
14,920,239.81456186901954,240.30423801321234
14,921,239.57679970254569,240.61677615127078
14,922,239.62431762765652,240.9546327659633
14,923,239.81275965339742,241.17266304714107
14,924,240.02408561733688,241.16871571955818
14,925,240.1947777137105,240.90248892326798
14,926,240.33210604389447,240.3480144572706
14,927,240.54434461797885,239.51618478013998
14,928,241.00835703754993,238.4850180060408
14,929,241.8797703011545,237.40071789593415
14,930,243.21817304602075,236.4705299375322
14,931,244.90229933331943,235.92920640244506
14,932,246.60946961364567,235.93932272658577
14,933,247.87150424377424,236.50308285375314
14,934,248.37412310199008,237.3057164059812
14,936,247.08888806635136,238.70906479399088
14,937,245.14792282005308,239.10576737944572
14,938,242.71157941013632,239.01182063309957
14,939,240.3820849224809,238.55909322683667
14,940,238.64056537020284,238.0811840098783
14,941,237.74348921563902,237.85670169823382
14,942,237.67514495822567,237.99909383154508
14,943,238.2171654464476,238.42877777692533
14,944,239.06341259063853,238.96271857120772
14,945,239.91728357684138,239.44792905516059
14,946,240.573266306691,239.78118879609858
14,947,240.95899665886668,239.9667210667587
14,948,241.09623470098848,240.05418762326534
14,949,241.06755633712592,240.0948311699597
14,951,240.88558812797,240.16021608567033
14,954,240.71941473283212,240.03765298714146
14,955,240.66974024522548,239.95897991952864
14,956,240.5993379587287,240.03931143025466
14,957,240.5130287683382,240.25260323059683
14,958,240.40230281773714,240.52246081110934
14,959,240.2910776210093,240.74959282665267
14,960,240.2152755293204,240.82550963928196
14,961,240.18610769727601,240.66296789008393
14,962,240.20587600935448,240.26175648143445
14,963,240.25160392572568,239.69628973592413
14,964,240.26317263507298,239.0739602299284
14,965,240.17224198437123,238.48888620871625
14,966,239.95750942208934,237.9857189833781
14,967,239.68026920480122,237.5064757060631
14,968,239.5139283750784,236.92930970938758
14,969,239.70383579381937,236.15442064999303
14,970,240.48441249504842,235.22133313059732
14,971,241.95696814436857,234.3105006168785
14,972,243.9546052437923,233.65708597994674
14,973,246.00349300904483,233.4248179810508
14,974,247.51649432810729,233.73518409263798
14,975,247.9682021011964,234.59012227783933
14,976,247.66846391860545,235.52882209659182
14,1001,243.52019062626286,238.01968099159006
14,1002,242.98286104346968,238.49107406414328
14,1003,241.9256552243942,239.19394208170493
14,1004,241.15224145792774,239.86682332926904
14,1005,240.64131194733977,240.56489159187157
14,1006,240.33447792373636,241.206412532361
14,1007,240.06158064052258,241.5406127812666
14,1008,239.69064812751418,241.39301576904793
14,1009,239.21777038173823,240.76713767024202
14,1010,238.7360768494982,239.80283915822352
14,1011,238.40136464847808,238.7342570745526
14,1012,238.38529440635884,237.81644308121622
14,1013,238.7901372002216,237.2615212589084
14,1014,239.5746423707722,237.1717558610888
14,1015,240.598304829576,237.55412270269406
14,1016,241.64669440588307,238.32706823750598
14,1017,242.46137268754518,239.32411649947204
14,1018,242.82252824330075,240.3045811407692
14,1019,242.64564520029882,241.0251344531308
14,1020,241.97857997040046,241.28921648906814
14,1021,240.97819726001657,241.0205224617426
14,1022,239.8922695483284,240.31821244133388
14,1023,238.98572953275186,239.4451305347808
14,1024,238.44147529231574,238.70312151205565
14,1025,238.31549087869564,238.33939936595132
14,1026,238.56806947814917,238.46323317471155
14,1027,239.0825147670985,239.0200227469054
14,1028,239.69307498985802,239.8251426480403
14,1029,240.24577970436513,240.65270198442107
14,1030,240.64457059868946,241.29584194054752
14,1031,240.83661852295248,241.61642545557606
14,1032,240.80154116466346,241.53706094742583
14,1033,240.56371994117862,241.05292837965942
14,1034,240.1736144064454,240.22813317516577
14,1035,239.68280240488178,239.18022221688673
14,1036,239.15138683925827,238.0695561642261
14,1037,238.6589044427403,237.08813134314386
14,1038,238.29158840569715,236.42437577784915
14,1039,238.11610761760224,236.19404345724536
14,1040,238.17995285607404,236.42417766178818
14,1041,238.48736826574316,237.02749090995164
14,1042,238.9884512593418,237.84660289042415
14,1043,239.5887476852474,238.69949808562183
14,1044,240.17423996412919,239.42552264970334
14,1045,240.63235952564776,239.91657428377803
14,1046,240.89269238274676,240.15288757874262
14,1047,240.93525599491662,240.18052705795193
14,1048,240.792047559551,240.06970749427958
14,1049,240.54120813028652,239.90482207839486
14,1050,240.28173681582297,239.76248554792417
14,1051,240.09874807282932,239.7098624334923
14,1052,240.05080769900908,239.7993328769338
14,1053,240.1537191982481,240.06301772190977
14,1054,240.38028324540517,240.5018964570381
14,1055,240.68031735761193,241.07921210776374
14,1056,240.9903427156365,241.69846416324035
14,1057,241.244834670539,242.2274460649529
14,1058,241.39873113949614,242.56671329610862
14,1059,241.43481227608925,242.66714314127086
14,1060,241.34857858635124,242.52836033415662
14,1061,241.1597626674601,242.204138193248
14,1062,240.9193508172545,241.7905364886926
14,1063,240.68565049581713,241.36956996886943
14,1064,240.50434486911942,241.00514128229776
14,1065,240.4128809738419,240.75573453588365
14,1066,240.42976773103024,240.66772918657458
14,1067,240.54271193246294,240.76008625058657
14,1068,240.71826902329892,241.02110128574702
14,1069,240.91784218569558,241.3986047170954
14,1070,241.103432180749,241.81019434747438
14,1071,241.24389252921088,242.16732627990638
14,1072,241.31770972211848,242.39852377370127
14,1073,241.31901347905986,242.47409538845594
14,1074,241.2600173508515,242.4169649393351
14,1075,241.1639391656288,242.28260708481722
14,1076,241.0541508332176,242.13635461843407
14,1077,240.95112464101842,242.02892296673497
14,1078,240.86901985190838,241.98098142280156
14,1079,240.8102294355092,241.98600695959263
14,1080,240.77216243919864,242.02700190074262
14,1081,240.75073350029263,242.0782176170944
14,1082,240.73985636567454,242.10971227955991
14,1083,240.7306561338091,242.09223254421417
14,1084,240.7120015644678,241.99928642986723
14,1085,240.66295572335906,241.8036999382152
14,1086,240.56538513701904,241.50073646312424
14,1087,240.4145094783067,241.1253619458701
14,1088,240.2215957360629,240.74670438742277
14,1089,240.0119315160748,240.44368162870632
14,1090,239.82188167528008,240.28185268568055
14,1091,239.68341877967316,240.2872644106559
14,1092,239.61878765384725,240.43613601353402
14,1093,239.6367059821736,240.67358571068124
14,1094,239.7276789938009,240.9388442957484
14,1095,239.86979830399906,241.1911997174848
14,1096,240.03689683653286,241.41034452349223
14,1097,240.1987357685672,241.59217682407225
14,1098,240.32500599579456,241.7344607179447
14,1099,240.39784897751457,241.83177563201158
14,1100,240.41656245131236,241.87353398559108
14,1101,240.3952169619233,241.8638336456196
14,1102,240.35621763474336,241.8250727033138
14,1103,240.31821408187326,241.7791792534236
15,0,228.46060036066095,224.82071478246627
15,1,228.48666570793597,224.88240954037488
15,2,228.51974028549049,224.95618265628733
15,3,228.55417819651808,225.0313061028837
15,4,228.5834327540027,225.09044376373072
15,5,228.60402177473938,225.12880940983302
15,6,228.61492188830303,225.1496942930468
15,7,228.61911063525167,225.15812834730426
15,8,228.6223174725867,225.1565668538049
15,9,228.62500497883525,225.1458181486919
15,10,228.62447433454616,225.1219928842187
15,11,228.61832001055623,225.08490195444895
15,12,228.60415147619048,225.03900944281202
15,13,228.57991841903856,224.98905739124356
15,14,228.547823467398,224.93915515197844
15,15,228.51287619111588,224.8957681744563
15,16,228.48017418039265,224.86279707974447
15,17,228.45313370180227,224.84109399989464
15,18,228.43326977529497,224.8314872044885
15,19,228.42051361616626,224.83448221750265
15,20,228.41302315553293,224.84756072702578
15,21,228.4081085647644,224.8662259509222
15,22,228.40320173388128,224.8857266756118
15,23,228.39640148617718,224.90115681099542
15,24,228.38645143058918,224.9090536587826
15,25,228.3737269976907,224.90880728624953
15,26,228.36034163852585,224.90315807433856
15,27,228.34857745889042,224.89624010821072
15,28,228.339477735231,224.89173694088836
15,29,228.33264357771384,224.8919849080842
15,30,228.3276763442179,224.89849236311053
15,31,228.32581136582263,224.9104474091645
15,32,228.33147391202218,224.92670482751817
15,33,228.34776186454627,224.94600091358225
15,34,228.3756535445495,224.9663688726351
15,35,228.41254119378644,224.98380814185023
15,36,228.45003754849841,224.99474820417092
15,37,228.4750851595091,224.99653931142615
15,38,228.48160037876485,224.9883670402537
15,39,228.4698714289348,224.9722090766603
15,40,228.44490607845194,224.95359510993296
15,41,228.4150641072746,224.9373615288489
15,42,228.39013135029347,224.92551296512352
15,43,228.37625577288162,224.91889691068866
15,44,228.3779353133472,224.91737158392655
15,45,228.39475094384926,224.91867477147616
15,46,228.4227984885483,224.92197170662962
15,47,228.4569523297329,224.92850774920797
15,48,228.49018080653207,224.93863917602584
15,49,228.51273107045705,224.9512374927449
15,50,228.52068662052537,224.96507943534965
15,51,228.516368759173,224.97788547222365
15,52,228.50475175869335,224.98611821068755
15,53,228.4911737166639,224.9878813839564
15,54,228.48094693247424,224.98398992187413
15,55,228.4758131963312,224.97699732121197
15,56,228.4746424499189,224.9711333564076
15,57,228.47526542749645,224.97191727856043
15,58,228.4746641701527,224.98369497632453
15,59,228.46996610918478,225.0066361502906
15,60,228.45969132899256,225.0389481471672
15,61,228.44317458808928,225.0772356422249
15,62,228.42083095515773,225.11754534082382
15,63,228.39661845945506,225.15523758601768
15,64,228.3761897048346,225.18849234262578
15,65,228.36353932368536,225.21536326614446
15,66,228.3603530450231,225.23313956277605
15,67,228.36675598110062,225.23803558946153
15,68,228.38088413803322,225.22779995196365
15,69,228.39911180334613,225.20289850541855
15,70,228.41724780065718,225.16705432481746
15,71,228.432350740547,225.12545263905426
15,72,228.44192168508422,225.08407498755435
15,73,228.4430390400205,225.04993068336162
15,74,228.4347233096369,225.02530177729233
15,75,228.41905441158664,225.00814764202747
15,76,228.39889506468091,224.99637358515244
15,77,228.37689999953412,224.98978372512516
15,78,228.35671355542746,224.98710097057466
15,79,228.34247598798956,224.9901346449818
15,80,228.33798478557512,225.00474881927977
15,81,228.34458218845836,225.03556631304465
15,82,228.36240407491186,225.08263300290065
15,83,228.3902082907261,225.1422165492432
15,84,228.4228425965224,225.20616866705868
15,85,228.45242873518853,225.2622764187715
15,86,228.47418083561024,225.30070340353413
15,87,228.48614567183057,225.31752810881684
15,88,228.48801700031856,225.31435610550227
15,89,228.48298153006354,225.29592906623793
15,90,228.47575923742448,225.26811710566585
15,91,228.4694324509893,225.23458599957243
15,92,228.46526774584407,225.19637092094868
15,93,228.4629709242611,225.15442178847894
15,94,228.45973001926498,225.11025411502325
15,95,228.45251670155358,225.06639512304412
15,96,228.43980934796315,225.02712958373527
15,97,228.42162126268497,224.99638287202671
15,98,228.40007856352048,224.97535545011092
15,99,228.37980212110105,224.96598514123517
15,100,228.3650545060514,224.9698784636029
15,101,228.35708620648532,224.98655512066588
15,102,228.35587071498358,225.01470636601792
15,103,228.36001067441475,225.05071598436348
15,104,228.3681941235691,225.0870542715543
15,105,228.37902196495483,225.1181597245876
15,106,228.39313769632832,225.14231223891161
15,107,228.41074539766163,225.15906463958578
15,108,228.43093101815055,225.17059858750378
15,109,228.45117085022986,225.18110701495672
15,110,228.47103012683652,225.1910430746741
15,111,228.48936582767158,225.19733402140622
15,112,228.5045028550066,225.19776662526593
15,113,228.51564388911254,225.1926619441376
15,114,228.52348929456804,225.18385103734386
15,115,228.52973156812584,225.17634140724726
15,116,228.53917965794452,225.1755458892946
15,117,228.5560294508068,225.18274884045178
15,118,228.58248672472448,225.1936948034058
15,119,228.61707317323084,225.20238085678812
15,120,228.65303471663648,225.20252679817673
15,121,228.67980289801994,225.19027191794456
15,122,228.69201673907358,225.16585450128133
15,123,228.69006656256494,225.13345396240717
15,124,228.67886857400168,225.0985868898221
15,125,228.66534439053189,225.06508225748306
15,126,228.65584358434822,225.03339316837128
15,127,228.65119978044083,225.00229786039841
15,128,228.6469408233696,224.97118337403327
15,129,228.6374251433175,224.94098623454107
15,130,228.62007932191514,224.91509972805855
15,131,228.59427451082763,224.8967136901974
15,132,228.56307204612813,224.88881374561097
15,133,228.5331801865547,224.89385172281612
15,134,228.5101303607005,224.91108748020835
15,135,228.49571070540887,224.93599674015238
15,136,228.49170725930878,224.96585153930343
15,137,228.49707047904047,224.9980580814899
15,138,228.50757005454733,225.02779245887814
15,139,228.51878736870498,225.04959579829193
15,140,228.52731832932338,225.0586907044523
15,141,228.5291558043205,225.04973797826455
15,142,228.52239163043478,225.02111271902888
15,143,228.50718162315948,224.9748895555755
15,144,228.48411412433134,224.9168258138529
15,145,228.45512108459468,224.85688113419948
15,146,228.42427608122375,224.80701709388404
15,147,228.3947228882854,224.774786740136
15,148,228.3683264301355,224.76377628582728
15,149,228.3473230104052,224.77244280340688
15,150,228.33321016097918,224.79381632739432
15,151,228.3242353923203,224.81773352444577
15,152,228.31711772925863,224.83533452747406
15,153,228.30905025803037,224.84351208309
15,154,228.29775864320771,224.84375381052428
15,155,228.28130989826556,224.83988634325746
15,156,228.2615436820567,224.83928417295414
15,157,228.24397924590934,224.8501253083447
15,158,228.2339931396959,224.87298170687782
15,159,228.23499203067647,224.90438016990026
15,160,228.24852281996078,224.9399326066431
15,161,228.27159899176405,224.97114421431053
15,162,228.29796606263628,224.9893377650606
15,163,228.3227941658411,224.9913956050284
15,164,228.3438433071057,224.97815913184417
15,165,228.36043160453207,224.95317671706465
15,166,228.37460795397467,224.92349450505702
15,167,228.39012639234,224.89445306607342
15,168,228.408195803918,224.86964606304673
15,169,228.42644568313864,224.85197459614406
15,170,228.44205988852912,224.84258773388868
15,171,228.4527915932212,224.84067814222306
15,172,228.45669627905218,224.84649320368365
15,173,228.45377676744582,224.85932520819463
15,174,228.44771877619485,224.87721189422123
15,175,228.4431283619295,224.89796236290124
15,176,228.4430296779665,224.91899092839193
15,177,228.44778410924494,224.93729156299415
15,178,228.4564985391887,224.9517034537486
15,179,228.46639144846782,224.96129142305267
15,180,228.473405485288,224.96436138705536
15,181,228.4740678612027,224.96021563084088
15,182,228.46841395715924,224.94985163568916
15,183,228.45796185998122,224.93349213330964
15,184,228.44478423222992,224.91348765590843
15,185,228.43168936663716,224.89361918997074
15,186,228.42166324376913,224.87502347734417
15,187,228.41412241118744,224.85461600084636
15,188,228.40687827628724,224.8277593018623
15,189,228.39780805097135,224.78989514619332
15,190,228.38499962030164,224.74026759509252
15,191,228.36620600876432,224.6863882142139
15,192,228.34248956066972,224.64176813900065
15,193,228.31732405632295,224.61998647302528
15,194,228.2952669689896,224.62809917597536
15,195,228.28051452541155,224.6644292008376
15,196,228.2764938955742,224.71871336511944
15,197,228.28390971585196,224.77635932643392
15,198,228.3000477791825,224.82527311062466
15,199,228.3202190529962,224.85979993439713
15,200,228.34056061809417,224.8818478318866
15,201,228.35825291289723,224.89675533658047
15,202,228.3716133057142,224.90989390576667
15,203,228.38053214521122,224.92445888617112
15,204,228.38422142643168,224.9407153714778
15,205,228.37968765527478,224.95436595089953
15,206,228.364696859762,224.96030463883315
15,207,228.33845342332958,224.95558584734727
15,208,228.30220573800273,224.939510033428
15,209,228.26162098885047,224.91432858752302
15,210,228.2254076166462,224.88597033174423
15,211,228.20017936310376,224.86131443827227
15,212,228.19054273127873,224.84441444785116
15,213,228.1972703229555,224.83651382016393
15,214,228.21574536928645,224.83560798897517
15,215,228.23877840251347,224.83685690692974
15,216,228.26199764914787,224.8359694864564
15,217,228.28203494651027,224.8334029997699
15,218,228.2976153763383,224.83062271775248
15,219,228.30965668208623,224.82927404890873
15,220,228.31926369229345,224.83101213886613
15,221,228.32533407080547,224.8355777658421
15,222,228.32698568930385,224.83977123304243
15,223,228.3246411788126,224.8418771514843
15,224,228.32054437052386,224.84204296769752
15,225,228.31726710492504,224.8428117424654
15,226,228.3168268362627,224.84735607479743
15,227,228.31946579265707,224.85702140538405
15,228,228.32364324211227,224.86990412645386
15,229,228.3255108895876,224.88190455422856
15,230,228.32334440401252,224.88593622313292
15,231,228.3171213065208,224.87626080082677
15,232,228.30864645389462,224.851995455481
15,233,228.29995639421293,224.81742706862022
15,234,228.2935685797418,224.78083769006568
15,235,228.28989824443337,224.75301119199915
15,236,228.28998907823058,224.74212662121656
15,237,228.29395339936292,224.75002928287466
15,238,228.30057121669702,224.77445161302802
15,239,228.30897415234662,224.81038772934704
15,240,228.31949954755754,224.8498797897284
15,241,228.33009628367088,224.88485948419483
15,242,228.33890147797547,224.91291245028904
15,243,228.3465776049158,224.93466996648905
15,244,228.35335012151336,224.95126094467997
15,245,228.35844354168913,224.96533188367096
15,246,228.3631290121527,224.98237587505022
15,247,228.37024275569,225.00419606123543
15,248,228.38206571269683,225.02849081783248
15,249,228.3999208369966,225.05186757626737
15,250,228.42445076458517,225.0728754576777
15,251,228.45499318332503,225.08919821909072
15,252,228.4886882436665,225.09960261540604
15,253,228.52171389193666,225.1047819673152
15,254,228.55225168832328,225.1058566451405
15,255,228.57931547038496,225.10202008421246
15,256,228.60354110220067,225.09111654793554
15,257,228.62995667084832,225.06669998725235
15,258,228.67030292459077,225.00352312038632
15,259,228.7422337941513,224.83616241619163
15,260,228.87744584430666,224.46369225950218
15,261,229.13915640878508,223.78866655890357
15,262,229.60641580214187,222.73121001100014
15,263,230.36667525438637,221.3600035339429
15,264,231.42396265301025,219.98847153910452
15,265,232.6751937113263,219.0038836027029
15,266,233.9071140607078,218.78108492746705
15,267,234.84240568982278,219.55127362544405
15,268,235.23810525023242,221.258234184385
15,269,234.97257386690387,223.53842692656966
15,270,234.09594589913857,225.82726436576866
15,271,232.87741147414624,227.60976703317039
15,272,231.7624816698181,228.5760170020663
15,273,230.83643941789245,228.68504855467987
15,277,230.32974907451626,226.43443956282408
15,279,230.12712112658198,224.72450395505058
15,280,229.76337311224776,223.565515136032
15,286,229.36659695062065,222.6943748466109
15,287,229.10575686981983,221.98116967417224
15,288,228.8689939899263,221.269941660552
15,289,228.65710760241606,220.60384641740436
15,290,228.54018831748297,220.2799975063641
15,291,228.563209420878,220.49365387155
15,292,228.77343977856373,221.30093566493625
15,293,229.12531819426087,222.50450487577814
15,294,229.49536331755587,223.74335649217397
15,295,229.75660585072615,224.6737309335952
15,296,229.83838150214626,225.10319153065456
15,297,229.68838011091222,224.95073588310598
15,298,229.32802348660383,224.3138358756186
15,299,228.8453642088506,223.40476455731013
15,300,228.36431356312664,222.49804125427556
15,301,228.00614404723603,221.82928761351613
15,302,227.8733698776209,221.5714120103672
15,303,227.99598185920746,221.77661611685667
15,304,228.33465698604488,222.4005941660331
15,305,228.80228213977344,223.30748392355494
15,306,229.28779573725248,224.33230606323085
15,307,229.68638167409895,225.310731459341
15,308,229.93010914879352,226.09895677781017
15,309,229.9900566488453,226.57136308836098
15,310,229.86830602818137,226.6456559031959
15,311,229.58872672456502,226.29792286907355
15,312,229.1911939322199,225.59459135575474
15,313,228.73319395480652,224.67160919848502
15,314,228.28275062634435,223.7078909345703
15,315,227.90417798888944,222.89234091880314
15,316,227.65478782459664,222.38487441929715
15,317,227.57066197041635,222.25361821930687
15,318,227.6480894426554,222.48066197458957
15,319,227.84977645998435,222.98696351230709
15,320,228.1223542061266,223.6515768361145
15,321,228.40642647700207,224.32682596099798
15,322,228.6523756901752,224.8844402895446
15,323,228.8329362849517,225.2442767122181
15,324,228.9440569820628,225.3858867041757
15,325,229.00021253000594,225.3356722509933
15,326,229.01901626966944,225.15349093647734
15,327,229.0096522855209,224.9140083374242
15,328,228.9775356522756,224.69250868015536
15,329,228.93038729442043,224.54303305466468
15,330,228.8751654139494,224.4970203065674
15,331,228.8191866542773,224.56263062445936
15,332,228.77140508877892,224.72748436703532
15,333,228.73455302174335,224.95375514857503
15,334,228.7024277562917,225.19085718634986
15,335,228.66602853305344,225.38878645545222
15,336,228.6235134419348,225.51332844947538
15,337,228.58486007389055,225.5450553323633
15,338,228.56539575061396,225.48322221040544
15,339,228.57871979777337,225.3506665657545
15,340,228.6293236240903,225.18559664960466
15,341,228.71077540847787,225.0314799167169
15,342,228.80420788545607,224.9266232780386
15,343,228.89062213899186,224.89298582206007
15,344,228.95495243075814,224.9244403897338
15,345,228.98818360350128,224.98887862506646
15,346,228.98283996000467,225.04275445506397
15,347,228.93789040882208,225.05297147800692
15,348,228.85812032365493,225.00416956917886
15,349,228.7538708381185,224.89740741242122
15,350,228.64420860837402,224.753921609853
15,351,228.55808957502498,224.6123632775513
15,352,228.52305847254715,224.5122259612301
15,353,228.55639175481974,224.484164842606
15,354,228.66048215639998,224.55376816612358
15,355,228.81814064666636,224.72990963389165
15,356,228.99833109546043,224.98574880978734
15,357,229.16404848205485,225.27372476445416
15,358,229.28332420194542,225.54564484030837
15,359,229.33858888122106,225.7487504660048
15,360,229.32609938173758,225.83837023861358
15,361,229.25127268334396,225.798765231848
15,362,229.13216502720067,225.63411558701395
15,363,228.9904418509184,225.36059376057636
15,364,228.84602211039237,225.01650678299643
15,365,228.72286311318172,224.65709924106892
15,366,228.6434980106344,224.3461486218683
15,367,228.61876231068632,224.1455556626971
15,368,228.65240915804378,224.1004177299154
15,369,228.74100819222855,224.22356829177394
15,370,228.87077338225006,224.48967747195232
15,371,229.0269461388448,224.83168933100146
15,372,229.2035330047382,225.15441952102856
15,373,229.40250999124774,225.35798136831556
15,374,229.6363673115053,225.36554337213627
15,375,229.9271091013289,225.14055126045542
15,376,230.30135221030054,224.7055056962162
15,377,230.78052946607576,224.14903108901908
15,378,231.3738435401663,223.59397344335443
15,379,232.0654933281205,223.15578772415435
15,380,232.81410344736184,222.9145574052329
15,381,233.55233990664013,222.86663546862854
15,382,234.2078462206257,222.92596449669853
15,383,234.72716132631072,222.98369065321887
15,384,235.11125217894667,222.9496303143521
15,385,235.45725852632754,222.76373303376374
15,386,235.7052034166244,222.40824467940828
15,387,235.87129767536683,221.94353281498107
15,388,235.9872045788605,221.45926991689848
15,389,236.06473461348577,221.02871053439637
15,390,236.10724865474702,220.70222552970668
15,391,236.1560363716309,220.5304124794977
15,392,236.18502822528885,220.5039165746544
15,393,236.1207050173477,220.55787105858775
15,394,235.9657360881383,220.62385891590387
15,395,235.7601162602375,220.6342437986792
15,396,235.57019942855956,220.5173860335069
15,397,235.3743247093485,220.2086126743213
15,398,235.21209096064675,219.7206095065426
15,399,235.13223234810985,219.1344355823392
15,400,235.17590778426774,218.56673614202765
15,401,235.3741317051618,218.16358353677163
15,402,235.70522254982095,218.06114535360624
15,403,236.09297080696433,218.31621217548783
15,404,236.44536041489638,218.85834664239684
15,405,236.67763983859126,219.51089548257795
15,406,236.74166044406962,220.04637684608147
15,407,236.65308600912198,220.27140453952646
15,408,236.4770723325012,220.09009858323464
15,409,236.29688217765627,219.5376763490269
15,410,236.1974576361882,218.75078114595587
15,411,236.2389190513148,217.90104820851485
15,412,236.43193872573272,217.1390326857125
15,413,236.7440598084637,216.57519726495673
15,414,237.11625905230395,216.27142549676037
15,415,237.47480231430188,216.25988480518834
15,416,237.73404755737886,216.53888813790826
15,417,237.82885366727015,217.05475990466041
15,418,237.73225150060767,217.6974498926734
15,419,237.46513520045383,218.3168311948646
15,420,237.0902416178162,218.73460318506073
15,421,236.7176788296228,218.82663071016069
15,422,236.46482763782936,218.5631246189252
15,423,236.40560841449667,218.0167103032593
15,424,236.54343908730564,217.36322893295988
15,425,236.82208355253732,216.8376675501359
15,426,237.1445588778317,216.61903232106764
15,427,237.40933453419436,216.78328748488724
15,428,237.55693475366385,217.28616692344866
15,429,237.58300522978269,217.95096720971063
15,430,237.51494656202712,218.541348235751
15,431,237.39135743729318,218.85511074761442
15,432,237.2458088547784,218.7782319553588
15,433,237.09848353487635,218.31690184639507
15,434,236.95279788640593,217.5987851125186
15,435,236.8098161669349,216.81627554160178
15,436,236.6633326819152,216.17348669643167
15,437,236.51399402764537,215.8472301750761
15,438,236.3691581243063,215.92209151573698
15,439,236.24651750760944,216.36757970211613
15,440,236.1668883953082,217.0649794319237
15,441,236.14780034389622,217.84044210436727
15,442,236.18863794779048,218.49415895771878
15,443,236.2701581977587,218.88477559765712
15,444,236.3590963088039,218.970670995533
15,445,236.41451484839567,218.790981565798
15,446,236.40337891762925,218.4410220650513
15,447,236.30938982463545,218.04546758740705
15,448,236.14034031109088,217.70388902423554
15,449,235.92119108995175,217.48068049398066
15,450,235.67901401732342,217.4036575328076
15,451,235.4484938606234,217.45889843367516
15,452,235.26413257405002,217.59730722445383
15,453,235.13571596965724,217.7515953426212
15,454,235.0520688737678,217.8307539837813
15,455,235.00571927278932,217.7634238803266
15,456,234.97837902348272,217.54085278094152
15,457,234.94749340076703,217.2157130894965
15,458,234.89744482736276,216.88175600901425
15,459,234.8275929842807,216.65608547084813
15,460,234.74305985042855,216.60615104344046
15,461,234.66439173506922,216.7086006138751
15,462,234.61791253773012,216.8783860598424
15,463,234.64747953206097,217.00789189321793
15,464,234.7848441458014,216.99425421734264
15,465,235.0446629927883,216.80893351063827
15,466,235.41141798809764,216.51702730089872
15,467,235.85016934152787,216.22561294773521
15,468,236.3005204385513,216.04819459309937
15,469,236.70057839902483,216.0698262220073
15,470,236.9951462238312,216.3007276459231
15,471,237.1608696921395,216.67174610199814
15,472,237.20251971472177,217.08495257020118
15,473,237.14468429432225,217.43442375452398
15,474,237.03413420218692,217.63520325271125
15,475,236.93474931087414,217.64926114484723
15,476,236.8967524792953,217.48612893560994
15,477,236.9480357203692,217.1871441995121
15,478,237.1000796766772,216.8236740212914
15,479,237.33402717232138,216.48935951700264
15,480,237.60222635014622,216.28822068050323
15,481,237.85671897156448,216.30256462370093
15,482,238.06205353404854,216.53288695094363
15,483,238.19798970247584,216.8823477887866
15,484,238.27490285036038,217.18615662818095
15,485,238.3386342806846,217.17351531106053
15,486,238.42077157227826,216.84902374257558
15,487,238.54562701764138,216.25088787459322
15,488,238.7287692565415,215.52201723176736
15,489,238.9573166710414,214.86497959609065
15,490,239.18991395547997,214.46384429696968
15,491,239.37137163406712,214.4361087628899
15,492,239.45785189263293,214.8025360761858
15,493,239.4177613861958,215.4834213006119
15,494,239.2398530410974,216.30219600921845
15,495,238.92824003988318,217.05259708698782
15,496,238.50923334951378,217.54952040532595
15,497,238.0303023914424,217.66685804796433
15,498,237.5579021975479,217.37939239589016
15,499,237.1668307202663,216.79305254668344
15,500,236.9306918212155,216.10832454629906
15,501,236.90053020162193,215.55769613678495
15,502,237.07978397094126,215.32963122270834
15,503,237.42642033571244,215.4974243115696
15,504,237.86683437286965,216.0083130213669
15,505,238.31484745422784,216.6854165359825
15,506,238.6855585856235,217.30084608690294
15,507,238.91471466743258,217.69420884639956
15,508,238.95723113628696,217.82472679367385
15,509,238.77873074407668,217.73277497571968
15,510,238.3540547587094,217.5554533805903
15,511,237.66700475396559,217.4672514413032
15,512,236.7230761260253,217.58143268360317
15,513,235.56015867515737,217.92391218633992
15,514,234.26156883813604,218.47061837777522
15,515,232.94814211350968,219.1422376234219
15,516,231.76512749791982,219.83777293418578
15,517,230.83395538812258,220.47039494399382
15,518,230.2311863645294,221.00792487993635
15,519,229.97088096985453,221.46230849095036
15,520,230.00077745439143,221.86573859471477
15,521,230.21782740031128,222.2638905757933
15,522,230.5064230077534,222.70170314882427
15,523,230.7604364159686,223.162628604826
15,524,230.90327461047784,223.58853104704394
15,525,230.90063299325215,223.9259502115135
15,526,230.75345705594628,224.10593554246353
15,527,230.50034925577836,224.0635974986042
15,528,230.19831938545929,223.79403185538249
15,529,229.90623149994363,223.3400983237619
15,530,229.6744186375057,222.76118784175537
15,531,229.54013987301207,222.1571651336513
15,532,229.50103376747828,221.65515708495275
15,533,229.53325156139627,221.36193952483072
15,534,229.60506318774782,221.33113612179497
15,535,229.68415794159532,221.55802159249455
15,536,229.74522720608493,221.9760426780014
15,537,229.78507940580153,222.4579239391281
15,538,229.8079935840672,222.86229762741178
15,539,229.81280365783442,223.08929503705906
15,540,229.7943703408194,223.10620780791703
15,541,229.75207532705338,222.93578030546354
15,542,229.6939372813765,222.66513495705252
15,543,229.63445974004625,222.39409295644901
15,544,229.59676592588863,222.19085293253448
15,545,229.60271233664128,222.08866040720326
15,546,229.6498627031607,222.09844474887794
15,547,229.7129349269177,222.18741882722165
15,548,229.7667051704652,222.32269697069177
15,549,229.79032607822285,222.48057834807148
15,550,229.764757726368,222.6220358178419
15,551,229.6870758569425,222.69947403524742
15,552,229.5584691315388,222.6878822367393
15,553,229.37729751458795,222.5664297577949
15,554,229.14968760613758,222.3429175623911
15,555,228.90175014658146,222.07035113409822
15,556,228.67313891910416,221.82193044956725
15,557,228.52055146287498,221.65538668897392
15,558,228.49668096791532,221.60908073254168
15,559,228.6240201957544,221.68344071835307
15,560,228.87856239477483,221.84143469619104
15,561,229.1983736869994,222.02559116796957
15,562,229.502697656844,222.18704839031545
15,563,229.71870046631955,222.29509889447738
15,564,229.80363806823985,222.34302741370814
15,565,229.76120146438706,222.33948687964988
15,566,229.63662373709997,222.3092001550046
15,567,229.49304093792406,222.28197352654072
15,568,229.38478769191622,222.2807348852178
15,569,229.34520599097885,222.3117799119453
15,570,229.38358451234166,222.37204663606568
15,571,229.48555317810667,222.45597702004278
15,572,229.6196232608245,222.5550236520623
15,573,229.75877901816673,222.66329834276763
15,574,229.88609270349247,222.77726170243977
15,575,229.991572537242,222.89822855783157
15,576,230.07222416303344,223.0158388812489
15,577,230.1365631364223,223.11361327672216
15,578,230.19254010903597,223.17500669444922
15,579,230.2451550626699,223.20010209099627
15,580,230.30029326291367,223.20372172931746
15,581,230.364606788127,223.20844522031248
15,582,230.44178076658505,223.23397293136117
15,583,230.53035364341656,223.29099005496627
15,584,230.62348913131288,223.3722556477674
15,585,230.70310598643343,223.44339762484296
15,586,230.7458266174989,223.4608027693299
15,587,230.72708454930196,223.39096318170712
15,588,230.63396270944403,223.2285075297435
15,589,230.471006078492,222.99207654724987
15,590,230.26637055630763,222.73491590160663
15,591,230.06280752189954,222.5269788972349
15,592,229.91067432548235,222.42989636203504
15,593,229.84694341775833,222.47119958499093
15,594,229.88399430089763,222.63706417880834
15,595,230.00989061851277,222.86910583125558
15,596,230.1922376796122,223.09883384956424
15,597,230.3831884429511,223.26602787425722
15,598,230.54278777264,223.33107264650053
15,599,230.64625417846145,223.29331809272418
15,600,230.67748480439477,223.18755049408892
15,601,230.6340400848182,223.05259341233574
15,602,230.5308932163327,222.91799298486757
15,603,230.3884030933894,222.79602109678385
15,604,230.2378098431989,222.6787316521973
15,605,230.11994495309708,222.54211772746828
15,606,230.06499643119432,222.35221703817234
15,607,230.08100413646002,222.08222002718276
15,608,230.15830492818168,221.73067971726243
15,609,230.2637427971519,221.30738683498893
15,610,230.351904550455,220.83888833169314
15,611,230.3917329085589,220.38100282659215
15,612,230.37310460388923,219.9962237389607
15,613,230.30165134256686,219.72071954365776
15,614,230.19044844269882,219.56949865328585
15,615,230.05071686788713,219.52015999253436
15,616,229.8861259528673,219.50719432149046
15,617,229.6936283413968,219.4481230594659
15,618,229.4685457491366,219.28077919107605
15,619,229.2231482475499,218.9803730440832
15,620,228.99165988735086,218.58102809755908
15,621,228.79719089765575,218.1598595437586
15,622,228.65810707364184,217.81905711899603
15,623,228.59162589730042,217.65242781998964
15,624,228.5853153041576,217.70692662686972
15,625,228.60241394820133,217.9835896773873
15,626,228.64080146835713,218.4603760165086
15,627,228.72017583760342,219.08740230582862
15,628,228.86268528639852,219.79483603852884
15,629,229.10386499229455,220.5234410044306
15,630,229.46765229131157,221.20131359551266
15,631,229.92762755615178,221.75687011927266
15,632,230.41719249473564,222.13806907687683
15,633,230.84865291570497,222.33483820073513
15,634,231.14367316027167,222.37906567773854
15,635,231.25428342582984,222.34407282280526
15,636,231.16108580611595,222.27959168465537
15,637,230.87183355941755,222.19729472534618
15,638,230.4399965148243,222.0671071446865
15,639,229.9394825309838,221.83965210331093
15,640,229.46097269620407,221.47779511146783
15,641,229.10763947973376,221.0201169641917
15,642,228.97282560666412,220.57741575603887
15,643,229.09516457170983,220.3016152518118
15,644,229.4516742063066,220.3268691283986
15,645,229.95972204193862,220.71655444341235
15,646,230.5109935160147,221.4282002272814
15,647,231.00050561719883,222.326545233778
15,648,231.35059946574248,223.22557130691112
15,649,231.53195971012707,223.94151643083435
15,650,231.558838060116,224.34516259502712
15,651,231.46343334497837,224.3990277519708
15,652,231.288998158248,224.1577945212633
15,653,231.08463890219758,223.736254739145
15,654,230.88268563049857,223.27197806396083
15,655,230.70701605166857,222.8942254223661
15,656,230.5704526927232,222.67346262549594
15,657,230.47438523820458,222.61719060977228
15,658,230.4168938457649,222.69826665829132
15,659,230.3988386365468,222.86880047509493
15,660,230.40898651918093,223.06201976172903
15,661,230.44009770349544,223.23155551030536
15,662,230.4812369661193,223.3372875530079
15,663,230.511739598695,223.3281337437407
15,664,230.51264582855364,223.16624654520007
15,665,230.48601139331097,222.8612459323998
15,666,230.4419390823636,222.4592586802924
15,667,230.4006062050383,222.05013935677954
15,668,230.3820109609144,221.75382174637454
15,669,230.39966312879014,221.67162296895395
15,670,230.44836820651764,221.83838404953394
15,671,230.50390492638738,222.21522467429511
15,672,230.5364434920138,222.7211057727449
15,673,230.53924119644557,223.25178167733415
15,674,230.51111811389075,223.70639971550935
15,675,230.45018190599097,224.01719419000298
15,676,230.3727792559198,224.16876272654088
15,677,230.30033131143816,224.16273437329113
15,678,230.22558060586047,224.0098954233152
15,679,230.13769608225007,223.73656506120156
15,680,230.03629427831922,223.3898312014593
15,681,229.91890886897158,223.02014254614596
15,682,229.78964539966645,222.694533100666
15,683,229.67445907868498,222.48483107290977
15,684,229.6070826752535,222.44399238454886
15,685,229.61693089052505,222.57721754613308
15,686,229.70871758123016,222.84600760158872
15,687,229.85047150335058,223.16352900176213
15,688,229.99179784932826,223.42939210514277
15,689,230.08044167339224,223.5546045292687
15,690,230.07356729750305,223.48592301348185
15,691,229.96693747865433,223.21358737826296
15,692,229.79801789177608,222.77669403889095
15,693,229.61056114541435,222.2357287930302
15,694,229.43571766870326,221.67140389679275
15,695,229.2917522714609,221.1654208040446
15,696,229.1823669036356,220.77741981658
15,697,229.10413472631907,220.52895854570193
15,698,229.06118581096754,220.41344996857126
15,699,229.07378814989733,220.3853624654835
15,700,229.1689362377177,220.3928691993573
15,701,229.35440606276126,220.4059349197446
15,702,229.60516549183936,220.42471731997023
15,703,229.872628108538,220.45986154972206
15,704,230.09171964000004,220.53087741447172
15,705,230.20679042678879,220.64293092782702
15,706,230.1973617543082,220.7535851406632
15,707,230.09252841465027,220.77712463057358
15,708,229.96932611945516,220.63568592099725
15,709,229.93563464517948,220.2808826676848
15,710,230.08395696374282,219.69536199590814
15,711,230.46103098019628,218.92648400220642
15,712,231.05901396921038,218.1083147951096
15,713,231.8099413709977,217.41125299255592
15,714,232.61123469738374,216.98282359936337
15,715,233.3635378697962,216.92567427505827
15,716,233.92932337673912,217.30660882941794
15,717,234.291126533947,218.06598791964757
15,718,234.28642610836366,219.0092016612631
15,719,233.86879948356048,219.88435076542837
15,720,233.11023699193404,220.4423511579044
15,721,232.16260565185746,220.47005921287425
15,722,231.20536798738667,219.90836542230693
15,723,230.3885871948274,218.92644526232283
15,724,229.81470398581865,217.88328344165478
15,725,229.53006451762343,217.03685904857142
15,726,229.50823598835834,216.6220040134185
15,727,229.63500069526017,216.8088592139258
15,728,229.78630714236112,217.62972895069078
15,729,229.87348767660401,218.99764493270877
15,730,229.845997983119,220.70949941361528
15,731,229.69756460054285,222.45969693378626
15,732,229.4551212835488,223.9111143514349
15,733,229.14993899500723,224.75688437173386
15,734,228.8123009826555,224.79455860321286
15,735,228.46562252706477,224.00447960200364
15,736,228.1403905111977,222.57336352488153
15,737,227.89097497935956,220.8286358705052
15,738,227.78415447841033,219.15509514343253
15,739,227.86902527006956,217.89166296090352
15,740,228.19655760610252,217.26514171888576
15,741,228.79136824922767,217.3323443337137
15,742,229.60299387535633,217.96527399119805
15,743,230.52094675179444,218.90899210670386
15,744,231.4158219236679,219.86739974056724
15,745,232.15869468982967,220.54036542957837
15,746,232.6524389249384,220.68988948082793
15,747,232.89732428049228,220.24313795976943
15,748,233.02556403288153,219.27065700644306
15,749,233.1668394167497,217.94187460721767
15,750,233.2818732739372,216.5581312753952
15,751,233.37213604155454,215.4146118484796
15,752,233.43180677216495,214.68454288299554
15,753,233.4091953693198,214.39538698918548
15,754,233.22835442815997,214.4516892722917
15,755,232.8282691922169,214.68967806782015
15,756,232.1933318206942,214.9283693987448
15,757,231.36253986712885,215.0420116518659
15,758,230.45528162817513,215.01678139302504
15,759,229.64313585704846,214.96177568763068
15,760,229.0827556719635,215.04297271381395
15,761,228.86264390749673,215.4109096112616
15,762,229.00261603608658,216.17212960804414
15,763,229.41325209598665,217.34771112984754
15,764,229.91936950591167,218.80813006705958
15,765,230.3472021280067,220.33153481560447
15,766,230.5775507042934,221.70718771239544
15,767,230.5379870006024,222.74238776469915
15,768,230.22451205030356,223.28294433047893
15,769,229.710500566466,223.30088925752455
15,770,229.11032375082033,222.8814967284934
15,771,228.55085901101893,222.18220987290104
15,772,228.15841978988843,221.41864895598889
15,773,228.0451233983583,220.82740158600694
15,774,228.2464218605429,220.6060644770208
15,775,228.6495379637712,220.89065846262704
15,776,229.23428851344514,221.62959204067644
15,777,229.93158961741457,222.64015255799077
15,778,230.57616138313256,223.68683269159607
15,779,231.00026597318924,224.5287002901404
15,780,231.1086121045533,224.98090392055315
15,781,230.92459367741816,224.98284301618924
15,782,230.5528030605705,224.5728679767859
15,783,230.12084998120173,223.85833388364964
15,784,229.74372302446483,223.01508980748375
15,785,229.49714948426052,222.2453443238957
15,786,229.40032736294316,221.71475298084607
15,787,229.43480339880836,221.53149738490868
15,788,229.55917908792762,221.70447906265744
15,789,229.72939821224583,222.14832923770476
15,790,229.89899675688503,222.71164172082942
15,791,230.02816984014868,223.2326416541098
15,792,230.09355331140912,223.57844930538585
15,793,230.08381480848797,223.67543447139863
15,794,229.98191412009163,223.51034856958685
15,795,229.78254478966997,223.12669890181226
15,796,229.50973487679263,222.5904469449466
15,797,229.21155749613678,221.9513780707602
15,798,228.95582798932261,221.2574601292927
15,799,228.82517189229324,220.55225387076555
15,800,228.88746836176722,219.8943948034314
15,801,229.16028051642255,219.36800305737307
15,802,229.59674703165373,219.10121495236544
15,803,230.09742118893277,219.22475694956634
15,804,230.5359673629852,219.8161853502652
15,805,230.7992466503683,220.82027271806308
15,806,230.8234725447863,222.06559667669157
15,807,230.6081636625154,223.28170656169465
15,808,230.21189084303782,224.16220469899966
15,809,229.7389028978849,224.45875459539036
15,810,229.29920548479356,224.09908307335462
15,811,228.97733361594626,223.17984656044237
15,812,228.82414625344583,221.9494262091327
15,813,228.84867794036987,220.76332960603287
15,814,229.01220240086712,219.97755423917107
15,815,229.25238615069682,219.80896343169
15,816,229.49607943815403,220.2803980297931
15,817,229.6610475807995,221.22149645811257
15,818,229.69266499693734,222.32660990776327
15,819,229.57408331106421,223.24754527714498
15,820,229.31003099129404,223.71267077037245
15,821,228.94314012793285,223.62404985913588
15,822,228.55699356086467,223.0673104803985
15,823,228.23026357218654,222.23496542288208
15,824,228.02549861215311,221.39931164883805
15,825,227.99994447638835,220.84690412704822
15,826,228.16808099541097,220.7626327044771
15,827,228.49143988374206,221.17673548193218
15,828,228.90372805525038,222.00944359124912
15,829,229.3237207348899,223.0646725480074
15,830,229.6578114922157,224.0653083673693
15,831,229.8374742200511,224.75510546785543
15,832,229.83387548240884,224.99076943724316
15,833,229.65545642947717,224.74756771461733
15,834,229.34884936866197,224.10593742149024
15,835,228.9876005840267,223.24462561536922
15,836,228.6437548306795,222.3906858112874
15,837,228.38183386054027,221.73335648786718
15,838,228.2483290844816,221.3682533977698
15,839,228.25073384874833,221.31604300919085
15,840,228.36977997523468,221.4874876238228
15,841,228.59111346231037,221.676850851404
15,842,228.9174975446801,221.60753619984274
15,843,229.37850287168612,221.033445932092
15,844,230.0297393712387,219.81684216423204
15,845,230.91899439716948,218.0446568686482
15,846,232.03098564911986,216.05109564234954
15,847,233.26548762070362,214.34403031260857
15,848,234.45225147449074,213.42426631540775
15,849,235.40955789573977,213.5566401450088
15,850,235.98040313984157,214.70127976555716
15,851,235.98760840645878,216.64289900928603
15,852,235.40003911071946,218.89306137107067
15,853,234.31857247471942,220.9185469324655
15,854,232.9504537074782,222.3589095308454
15,855,231.4449255956916,222.9078083714818
15,856,229.88694866177812,222.46106981351235
15,857,228.37239780702424,221.213486168107
15,858,227.02969168449516,219.4991378168145
15,859,225.97726833873193,217.729974194211
15,860,225.30826803507426,216.30373164971815
15,861,225.0584923900344,215.5048743660985
15,862,225.1887234014402,215.45202461552083
15,863,225.61248292698534,216.09492592949212
15,864,226.2069107530115,217.20750505784335
15,865,226.83610130993176,218.47116441762245
15,866,227.37065986307763,219.5513689930089
15,867,227.71907625590308,220.19014716940515
15,868,227.86146858233735,220.30844996096863
15,869,227.83402120394945,220.00592374927615
15,870,227.70110615283323,219.47917054328116
15,871,227.54904510310405,218.97263814414123
15,872,227.46028379995076,218.6885782829458
15,873,227.4718480027927,218.72334064182462
15,874,227.59118876449804,219.0849700911379
15,875,227.7969091591519,219.71055684274083
15,876,228.05927122609992,220.47661616272205
15,877,228.3608922882852,221.287961962154
15,878,228.6924975881736,222.08005993619963
15,879,229.0104984421031,222.75807414611285
15,880,229.25472890311227,223.225939284107
15,881,229.3638215070894,223.43852352447152
15,882,229.2881943793056,223.35286799200935
15,883,229.01855325546768,222.9108798697706
15,884,228.62692952714457,222.0806148679514
15,885,228.28642320162837,220.85116374547007
15,886,228.23741430855435,219.21312983659092
15,887,228.72169042119089,217.21199869352913
15,888,229.90239656843426,215.01850848464193
15,889,231.78317085791727,212.95832594434313
15,890,234.10407901853137,211.45904678533103
15,891,236.35319365415347,210.9506438940488
15,892,237.90799431719927,211.6567280908845
15,893,238.17035085865592,213.50838716509074
15,894,237.46926982050616,215.83528977316382
15,897,233.02292919567637,219.54437905535664
15,898,230.23898842992975,220.35738335942602
15,899,227.82237672345997,220.81444032400066
15,900,226.48155314013474,220.70506244713027
15,901,226.18367918514224,220.44845150668073
15,902,226.72331375717954,220.321933480336
15,903,227.7486368322502,220.42373616103364
15,904,228.85267976656624,220.79947760142522
15,905,229.69254077396235,221.4604160921033
15,906,230.1817439386989,222.25912823318703
15,908,230.3514829703278,223.9713216675776
15,909,230.29624876165695,225.18820763062593
15,910,230.29402752570607,226.1822045346981
15,911,230.42963746507152,226.59071904484333
15,912,230.6863148033666,226.31558421596205
15,913,230.9788483776656,225.39839411803823
15,914,231.19874235245624,224.04595742724248
15,915,231.27484749189315,222.612143830319
15,916,231.12516444487613,221.4874771358837
15,917,230.5964159444552,221.05420210034634
15,918,229.92875318357386,221.23537135435924
15,919,229.40154569856102,221.8049463760075
15,920,229.12632559696172,222.49607936328098
15,921,229.11138055427756,223.09238441837425
15,922,229.2719137977665,223.4490557698119
15,923,229.46866345622334,223.46757713764993
15,924,229.58593947273766,223.12960708753837
15,925,229.58099761943004,222.4848884756186
15,926,229.52085328356839,221.59008085189456
15,927,229.58207790715508,220.49316345489711
15,928,229.98925225862897,219.25054545214348
15,929,230.91591364972547,217.9575551887331
15,930,232.41525293756612,216.77782816160126
15,931,234.34195069886874,215.9358126222412
15,932,236.3611703986984,215.67899670780238
15,933,238.03733742953972,216.15372396522676
15,934,238.98316498453596,217.299505876081
15,935,238.96997843227325,218.88691823738841
15,936,237.95792102601885,220.60775150810775
15,937,236.10319707450452,222.0174598208384
15,938,233.78197135413447,222.799757383187
15,939,231.48215710062135,222.8983222140342
15,940,229.6379910642548,222.4687830734326
15,941,228.5057134250916,221.7835235726811
15,942,228.11380991267328,221.13260836423166
15,943,228.32463148224713,220.71639773671532
15,944,228.91259519129324,220.53056237474652
15,945,229.6296290947305,220.60321171482752
15,946,230.24526833488991,220.9122127021817
15,947,230.62497474117072,221.40179200208163
15,948,230.74423057188721,221.96079640347742
15,949,230.68117509962659,222.43601642071857
15,951,230.45130309676827,222.846787688458
15,952,230.32303857415843,222.8594000964789
15,953,230.1557206466798,222.62429893687778
15,954,230.00263771649597,222.16618767535977
15,955,229.87583454345895,221.67534914699982
15,956,229.78354945670677,221.34781036764457
15,957,229.68896495588186,221.2885235602964
15,958,229.56620445264883,221.5208971297815
15,959,229.4296056679955,221.98840458828545
15,960,229.32599686565345,222.55489604612632
15,961,229.2854523284767,223.04333020003205
15,962,229.32922579042452,223.33857590662052
15,963,229.4274480856098,223.37765664148276
15,964,229.4800118610463,223.11032534597067
15,965,229.36812865036194,222.51832440714608
15,966,229.05157298820782,221.6319720872969
15,967,228.61687539295139,220.46685094696227
15,968,228.29959973890493,219.03883824673312
15,969,228.41198644906075,217.4192702225532
15,970,229.23723754193762,215.7747111625901
15,971,230.8858842910662,214.32890128408962
15,972,233.16462598958748,213.29170155146255
15,973,235.53664830967088,212.80184330011414
15,974,237.35089110480118,212.94316460267368
15,975,237.92824708114676,213.74441310870796
15,976,237.68484824958915,214.8055506628926
15,983,232.39138773277034,217.97773263883153
15,987,230.60816502022092,218.15057677753654
15,988,230.01680769513555,218.14646813752242
15,991,229.17626663728387,218.8654525462004
15,992,228.8699898142605,219.29814056616829
15,995,228.64052385751162,219.45475119538145
15,996,228.79355886089448,219.34989347430835
15,997,229.16945890813824,219.2658384494363
15,998,229.72228835023253,219.30171803390755
15,999,230.3664178403181,219.58538407218097
15,1000,230.99058129714012,220.13645041413693
15,1001,231.45355242539662,220.90541471775106
15,1002,231.52755805490887,221.87391409282915
15,1003,231.37081379976033,222.85450857842582
15,1004,231.1390667676331,223.64523244371557
15,1005,230.86300952729783,224.15313582336935
15,1006,230.50905299916116,224.32840619421
15,1007,229.9973288534618,224.11873851933788
15,1008,229.29392423426006,223.5225399004438
15,1009,228.48352118950797,222.62248111727467
15,1010,227.74420064563353,221.5701405755458
15,1011,227.28274657334904,220.53515837359691
15,1012,227.2585179197411,219.66392296582706
15,1013,227.72186331130192,219.08310578999667
15,1014,228.5867961302902,218.88981752562398
15,1015,229.67207731369146,219.13608386174417
15,1016,230.7363137730421,219.8142982333617
15,1017,231.53347786967436,220.82714173710767
15,1018,231.8772133910513,221.97429273174214
15,1019,231.70027252448952,222.9852256587018
15,1020,231.05216960498097,223.57411488517178
15,1021,230.07370455856054,223.53606376607578
15,1022,228.98027803375763,222.85703964263763
15,1023,228.02063931310454,221.74980314460663
15,1024,227.39365772650171,220.56199523506876
15,1025,227.18296771204214,219.65742518493278
15,1026,227.37731970785717,219.30584159744882
15,1027,227.88601527080706,219.57552465077083
15,1028,228.5910915801166,220.46804208942893
15,1029,229.3097757901833,221.77517745409065
15,1030,229.88488964297764,223.1737070184074
15,1031,230.2192450090857,224.31806220724437
15,1032,230.26890389869382,224.90898301875288
15,1033,230.0478122660752,224.7832553700173
15,1034,229.61204415533606,223.94549670659632
15,1035,229.02809049153834,222.56227410605192
15,1036,228.3677701175177,220.92522784309978
15,1037,227.72899205170924,219.3889005243707
15,1038,227.22246888619802,218.27553607697672
15,1039,226.94598413356232,217.80196003464346
15,1040,226.97015360146867,218.03984502845117
15,1041,227.309943108654,218.89308597517515
15,1042,227.8995934604273,220.13085182634387
15,1043,228.61248434778622,221.46121795055794
15,1044,229.2951381960208,222.60979163355955
15,1045,229.80047811506898,223.37487210603518
15,1046,230.0338048341971,223.66739662872803
15,1047,229.97344787850056,223.5249507248603
15,1048,229.6656889762794,223.0729175677589
15,1049,229.21320346633547,222.48339297485785
15,1050,228.74536251522218,221.92796422458636
15,1051,228.3770950020328,221.55263305067507
15,1052,228.18526922832768,221.44467027943023
15,1053,228.1998022717395,221.63381238479823
15,1054,228.400714459761,222.0913419590322
15,1055,228.72526417029496,222.73886111572196
15,1056,229.08939873415264,223.4547379011423
15,1057,229.4079777203227,224.10018008959685
15,1058,229.61199504960035,224.5610603670919
15,1059,229.66062354665905,224.76579310969524
15,1060,229.55439109859412,224.68833054829102
15,1061,229.33090842274308,224.35397838074837
15,1062,229.05421846518067,223.84209075633112
15,1063,228.7969380764723,223.26020088384908
15,1064,228.61939538526323,222.7274525136437
15,1065,228.55488755577457,222.36360310614995
15,1066,228.60835579745395,222.25614448470125
15,1067,228.7622430847196,222.4339033977374
15,1068,228.97524131916217,222.8541454150539
15,1069,229.19993406747267,223.4102779182218
15,1070,229.3927262681762,223.95818440148378
15,1071,229.51617689733843,224.37063084208808
15,1072,229.54030185106382,224.5671974941933
15,1073,229.45958537196785,224.5268826633873
15,1074,229.29005166946374,224.2913228865326
15,1075,229.06278962891355,223.95283852567997
15,1076,228.82174640264654,223.6172520240376
15,1077,228.6176584486398,223.37291130460312
15,1078,228.48889004910254,223.2687414824352
15,1079,228.45750969777325,223.31179541702943
15,1080,228.5280771573278,223.4756379064528
15,1081,228.67982841552734,223.7007939956652
15,1082,228.8707383715132,223.91094017953642
15,1083,229.05531693152,224.04366056890174
15,1084,229.18614916313143,224.05665046241674
15,1085,229.2142341505873,223.91879148552977
15,1086,229.11124526700524,223.63488518097014
15,1087,228.8809830700717,223.2526901028038
15,1088,228.55527631732576,222.84609818368347
15,1089,228.19135510225726,222.4976553105178
15,1090,227.86410280464523,222.28393250656714
15,1091,227.63793680977454,222.24792423026994
15,1092,227.55164445575247,222.3850895742824
15,1093,227.61310873010922,222.6539497141017
15,1094,227.79691278925554,222.9876057283783
15,1095,228.05208623711613,223.31933768823623
15,1096,228.32460618143955,223.59106719877482
15,1097,228.56187070817077,223.76315199005566
15,1098,228.7192065115011,223.8120203948734
15,1099,228.77624040410078,223.7402578609432
15,1100,228.74513497989912,223.56649860147806
15,1101,228.65668751329815,223.33473527096797
15,1102,228.55363884154738,223.1115365975188
15,1103,228.4664129559205,222.93471696600824
16,0,222.21495617650297,205.4858404624192
16,1,222.2306026077383,205.55602217497918
16,2,222.24857622564784,205.64132538893986
16,3,222.26650613692308,205.7295453944393
16,4,222.28240015801876,205.80134671082476
16,5,222.29595640523254,205.84961966221823
16,6,222.30745687768942,205.87655853449021
16,7,222.31932271374836,205.890993489963
16,8,222.33347949789638,205.90056724767913
16,9,222.34650943690608,205.90752428980971
16,10,222.35277442803365,205.90849183921864
16,11,222.3501480684412,205.90118199894687
16,12,222.33794775443164,205.88418880210506
16,13,222.3151149965232,205.85608679551888
16,14,222.28472145105872,205.8199729313433
16,15,222.25337377161313,205.78263102194353
16,16,222.22595002270648,205.74949459798856
16,17,222.20523222510806,205.72428851630536
16,18,222.1922684225454,205.71061170702885
16,19,222.1859869276472,205.7088185622051
16,20,222.18181032598488,205.71594114942621
16,21,222.17679230751995,205.72771433272365
16,22,222.16915533539154,205.73898525122485
16,23,222.1578297098233,205.74474659792511
16,24,222.14404863373716,205.74249757265457
16,25,222.13224992169367,205.73344764789485
16,26,222.12393376144377,205.7217289979709
16,27,222.11810787267365,205.71284651226418
16,28,222.11327261125456,205.71034440213361
16,29,222.1065561353034,205.7151862097807
16,30,222.0954126117431,205.72686334709636
16,31,222.08200008238435,205.74262274510212
16,32,222.07404689764962,205.75919559268232
16,33,222.07826024122414,205.77517148877735
16,34,222.09784203800345,205.79014354688172
16,35,222.13156765392017,205.80112129076525
16,36,222.17205486613062,205.8053551062341
16,37,222.2060193615274,205.80204783740106
16,38,222.22516420281664,205.79113322003846
16,39,222.2280702549093,205.7732410239491
16,40,222.21824491572602,205.7521398120067
16,41,222.20267344401407,205.7322881287999
16,42,222.1904867332362,205.715723313029
16,43,222.18725240841067,205.70344416680217
16,44,222.19416365588754,205.69674709271223
16,45,222.20800632557254,205.6954716969286
16,46,222.22353378342896,205.69805778383449
16,47,222.23550760086553,205.7043182312101
16,48,222.23974652214739,205.71409231252258
16,49,222.23389303229285,205.7258174020518
16,50,222.21961065622327,205.738402596253
16,51,222.2014867675087,205.7513642440745
16,52,222.18495676488087,205.7619902575159
16,53,222.1742733344562,205.76832143398877
16,54,222.17190197694995,205.7703278225356
16,55,222.17801821439915,205.76869203869785
16,56,222.19183022735066,205.7640469472534
16,57,222.21144544001555,205.75907832305487
16,58,222.2339024582022,205.75582836656466
16,59,222.25481847071498,205.75419483214998
16,60,222.27036670897886,205.7540867059643
16,61,222.2768831682513,205.7575369795878
16,62,222.27217130951405,205.76537987012043
16,63,222.25751996318348,205.77746932943595
16,64,222.2389968734019,205.79461941594
16,65,222.2230508496256,205.81519267840488
16,66,222.2137445513374,205.83371803462055
16,67,222.21173495677883,205.84436557419656
16,68,222.21367493426303,205.8414200277318
16,69,222.2138744025128,205.82169112998878
16,70,222.20607218867121,205.78702028729396
16,71,222.18657272110164,205.74239735509366
16,72,222.15589215874752,205.69434447095483
16,73,222.1179951519128,205.65186700685078
16,74,222.07555444057078,205.61908350049183
16,75,222.0310628329758,205.59385137109726
16,76,221.98756594942068,205.57285384900604
16,77,221.9469332533572,205.55448467844738
16,78,221.91058581578207,205.53748035000547
16,79,221.882593867464,205.52648920262885
16,80,221.8690559297271,205.53372701242984
16,81,221.87346260763624,205.56889626790561
16,82,221.89659028090895,205.63461801221237
16,83,221.93670180230492,205.72625894317852
16,84,221.9876245533143,205.8306999657481
16,85,222.03895098212345,205.92631570797892
16,86,222.08151943207406,205.9973290981973
16,87,222.110185592532,206.0371557345069
16,88,222.1230859362307,206.0470754093301
16,89,222.1231115615042,206.03337269457674
16,90,222.11641661257536,206.00542089635888
16,91,222.10855215972032,205.96859716269017
16,92,222.10245418482776,205.92276683579786
16,93,222.09979673173626,205.86749522919627
16,94,222.09886058547008,205.8044934158003
16,95,222.09601867725348,205.73807430220236
16,96,222.08923419118778,205.6741970083515
16,97,222.07790350984854,205.62140864304155
16,98,222.06116122583768,205.58482795618133
16,99,222.04113475867527,205.56691191980588
16,100,222.0221707850295,205.5671944196178
16,101,222.00687850941975,205.58487925152417
16,102,221.99696282141852,205.61651046052467
16,103,221.99370931281754,205.6565899455288
16,104,221.9976925208163,205.69784099224785
16,105,222.00825213634658,205.73614814285204
16,106,222.02528881327632,205.76822724625532
16,107,222.04773581393266,205.79275114336644
16,108,222.07337163349413,205.81212382647618
16,109,222.09921872901066,205.8312071083898
16,110,222.12345863164813,205.8513211635107
16,111,222.14461303627527,205.86956181346068
16,112,222.16238575834404,205.88239788954783
16,113,222.1777008306941,205.88853492310292
16,114,222.19090248574673,205.88778274551765
16,115,222.20274446494852,205.88142918604453
16,116,222.21575398323122,205.87433889053383
16,117,222.23101999744648,205.8700666446961
16,118,222.24904515598163,205.8664568551253
16,119,222.26922506931112,205.85969752389914
16,120,222.28714153417766,205.84855673824893
16,121,222.29543923070338,205.83378735905507
16,122,222.2916456586909,205.81696316089247
16,123,222.2768276900901,205.80267333129223
16,124,222.2567512662363,205.7957001456443
16,125,222.23971588227673,205.79576127636437
16,126,222.23325794066557,205.7968756693643
16,127,222.2372158247138,205.7933193309471
16,128,222.24558050069407,205.77872055692478
16,129,222.2489600010675,205.74861492327227
16,130,222.24083996442786,205.7045996376516
16,131,222.21784529408245,205.65328696404464
16,132,222.1839381282311,205.6042312966809
16,133,222.14903099483564,205.56923062330708
16,134,222.12248430534717,205.55609292965013
16,135,222.10754153445023,205.5650059771796
16,136,222.10536823791062,205.59193836314205
16,137,222.11278579432656,205.62805523289114
16,138,222.12314651638155,205.66271146100254
16,139,222.13161711131403,205.68777128743596
16,140,222.1376535203531,205.70037667376658
16,141,222.14060353778711,205.70052316908368
16,142,222.14118113708264,205.69153815290886
16,143,222.14039945393662,205.67615430265295
16,144,222.1363561495016,205.65706802825613
16,145,222.12553694485246,205.63791023293126
16,146,222.10756484198646,205.6229981637046
16,147,222.08330010184503,205.61465930080686
16,148,222.0539784219473,205.6156759429552
16,149,222.0238597229116,205.6264548468876
16,150,221.99892988418415,205.6440841816542
16,151,221.98229314349066,205.66562117770022
16,152,221.97372064840926,205.69158969051009
16,153,221.97181895457805,205.7232006380503
16,154,221.97328275040974,205.76276223166207
16,155,221.9732818750588,205.8108764198095
16,156,221.9700899375631,205.86608711642103
16,157,221.96619158534745,205.92292206612046
16,158,221.96552809485826,205.9759133777106
16,159,221.97259338066715,206.02063948152713
16,160,221.9905163100605,206.05713761350827
16,161,222.01640089515752,206.08448159242982
16,162,222.04328845374178,206.1023133018496
16,163,222.06496622325392,206.108128108288
16,164,222.07715689523152,206.0969783370205
16,165,222.07910100349372,206.06464146655492
16,166,222.07502513752837,206.01193210798286
16,167,222.07145710588154,205.94166578998843
16,168,222.07301489181427,205.861858155616
16,169,222.08045494518043,205.78677749102673
16,170,222.09064186915862,205.72617110545403
16,171,222.09902833184645,205.684089704785
16,172,222.10152905064857,205.66256495847256
16,173,222.09638666955004,205.6588173291419
16,174,222.08645918541563,205.6666913859795
16,175,222.07818417223365,205.6821264855213
16,176,222.07814971449537,205.70194691636266
16,177,222.0900532151409,205.72278894809332
16,178,222.11414463695883,205.74276631511603
16,179,222.14693385336238,205.75902639548863
16,180,222.18150921474225,205.76899369735776
16,181,222.21072025200436,205.77305562437923
16,182,222.23085332694095,205.7727912699011
16,183,222.2411081029458,205.76934202930522
16,184,222.24262015537337,205.76511859569482
16,185,222.23950779476044,205.76255789015374
16,186,222.23494242825936,205.75923621513292
16,187,222.2288580221211,205.75032805392564
16,188,222.21939291119696,205.73167399544258
16,189,222.20528296381272,205.700774101409
16,190,222.18477280581658,205.65806383770018
16,191,222.15774955584294,205.6122071657642
16,192,222.12715659439692,205.57669800417608
16,193,222.09797512397674,205.56333036456365
16,194,222.07323545326904,205.57705886236747
16,195,222.0548060318116,205.61496254825252
16,196,222.0436544434788,205.6664212376915
16,197,222.03880623840277,205.71737976444658
16,198,222.0370466225781,205.75585145174387
16,199,222.0356097941068,205.77522337420106
16,200,222.0327559276282,205.77639678749279
16,201,222.02746901329806,205.7655721514564
16,202,222.0199174225287,205.74995862170854
16,203,222.01122265453657,205.73548589020157
16,204,222.00188714543728,205.72618925587258
16,205,221.9912715045058,205.7229006045383
16,206,221.97814482168133,205.72243098777133
16,207,221.96089446767382,205.72029153128938
16,208,221.93913798412976,205.71355989163357
16,209,221.9163539185131,205.70203372211108
16,210,221.89823075687556,205.6865812185701
16,211,221.88864247491514,205.66979439307062
16,212,221.88959852679912,205.65417783434734
16,213,221.90173906009815,205.6410339772757
16,214,221.92107537888427,205.6295306702493
16,215,221.94108945410468,205.61814548449183
16,216,221.95910410582073,205.6069471602391
16,217,221.97487161576447,205.59958248651793
16,218,221.9881040542938,205.59653631964417
16,219,222.00021207314484,205.59654288627493
16,220,222.0126101046394,205.59845439591507
16,221,222.02485908432217,205.5990556941888
16,222,222.03650453661018,205.59283973016045
16,223,222.04741239528175,205.58059817166574
16,224,222.05855742009757,205.56688161674896
16,225,222.07159530718502,205.5572830284936
16,226,222.08691655603482,205.5572475978911
16,227,222.1025612955568,205.57021142503626
16,228,222.1164540359703,205.59394263041864
16,229,222.12437813828797,205.62186273007956
16,230,222.12417417929277,205.64499254179304
16,231,222.11548080915173,205.65619297564285
16,232,222.10066779605128,205.65299920925284
16,233,222.0824599809207,205.63863929871718
16,234,222.0652777122482,205.62150662795807
16,235,222.05173669435442,205.61236579954328
16,236,222.04635584640903,205.6184570042703
16,237,222.05160042730444,205.63990599614576
16,238,222.0671878168334,205.67272343029225
16,239,222.0917468595782,205.71066277139272
16,240,222.12371619624557,205.7454313952596
16,241,222.15663308569472,205.77084475925594
16,242,222.1852338475171,205.78728604229352
16,243,222.208550426797,205.7978210658238
16,244,222.22606381424904,205.80529032387355
16,245,222.2372682953401,205.81281838636437
16,246,222.24463387662328,205.82399193865479
16,247,222.2504565144198,205.83877751913457
16,248,222.25467022154533,205.85334267824803
16,249,222.25699384661883,205.8632764432389
16,250,222.25820700934594,205.86658808977057
16,251,222.25910291132493,205.86256313357663
16,252,222.26059652964287,205.85278856387012
16,253,222.26478712392986,205.84100034945595
16,254,222.27347692324656,205.8309721132957
16,255,222.28611508854078,205.8236151797293
16,256,222.30326939762463,205.81537130581472
16,257,222.3316782072648,205.79552389989655
16,258,222.38968313541355,205.73474775332213
16,259,222.5061684439745,205.57092830499988
16,260,222.7144876551034,205.22708723821518
16,261,223.09585909893886,204.73197824066915
16,262,223.6179569115623,203.82165357387146
16,271,225.19495857804387,205.147466517914
16,277,223.82082723119674,204.21519280567412
16,279,224.02275286064832,202.86998249775633
16,280,223.86886385133326,202.26495376922543
16,281,223.78874047913075,202.32664045673178
16,284,223.46930245640564,202.83374434750212
16,285,223.34528504593482,202.893631786981
16,286,223.35871157958277,202.82073680692986
16,287,223.4336105913604,202.328628613616
16,288,223.5183596090385,201.63414760322837
16,289,223.56305632134405,200.98308238090206
16,290,223.55482548160137,200.62175886263452
16,291,223.50778035763403,200.71668284526626
16,292,223.49039179868458,201.31170253948238
16,293,223.532963131148,202.26578806854798
16,294,223.6146227328242,203.33137055432908
16,295,223.6761654606658,204.23815075711977
16,296,223.65303569286579,204.7809641856517
16,297,223.47534675332733,204.84696690115146
16,298,223.12977226606083,204.4607997241963
16,299,222.6646950203831,203.7522210876112
16,300,222.17491790688902,202.9509202438976
16,301,221.78906305900063,202.31489161088598
16,302,221.61905915402323,202.0500952258507
16,303,221.70841010072212,202.23640555161867
16,304,222.03072946502718,202.84594845431263
16,305,222.5160306958457,203.75475393272114
16,306,223.05664328398822,204.77633892386595
16,307,223.53889299708757,205.72397668169305
16,308,223.8770640416012,206.4574892668674
16,309,224.02395911525537,206.86245734253114
16,310,223.96483184090246,206.8674943813204
16,311,223.7126464333566,206.48181181054167
16,312,223.31115760503818,205.7935951418037
16,313,222.82570732060697,204.92921341738992
16,314,222.33172383169517,204.0509049621604
16,315,221.89873401110182,203.32893710465973
16,316,221.58779744502988,202.89212591367013
16,317,221.4384283448193,202.7906135989821
16,318,221.45449258273342,203.02667011883017
16,319,221.60624366552656,203.53694180577273
16,320,221.8465039910107,204.19159519850467
16,321,222.12274687660462,204.83924934978316
16,322,222.3806107586001,205.34805130037822
16,323,222.5852651502437,205.61117364602853
16,324,222.72681606942106,205.5997030136917
16,325,222.81398823375713,205.3705668364369
16,326,222.85295632033612,205.01855889522537
16,327,222.85077846484194,204.64609252017624
16,328,222.81271763559573,204.35762202585187
16,329,222.74299109402193,204.22325490135006
16,330,222.6427934702045,204.2637762372361
16,331,222.52562747515768,204.46426514716816
16,332,222.40887527146987,204.79254088084147
16,333,222.30439557703943,205.1946426338408
16,334,222.2219755664535,205.6044739316926
16,335,222.17378682253576,205.96320213068097
16,336,222.1630225891966,206.22577005007255
16,337,222.19055645969425,206.35577922653195
16,338,222.25731672401716,206.33556368285934
16,339,222.35322357840838,206.17707477067796
16,340,222.45820294967876,205.91633456498724
16,341,222.55542320620705,205.61540898823088
16,342,222.63057153254806,205.34529019352607
16,343,222.67207495530508,205.1610308835417
16,344,222.6774977623835,205.0860399409517
16,345,222.6482754183902,205.10837180871718
16,346,222.58705963758675,205.1843686487164
16,347,222.49714610276993,205.2661074909491
16,348,222.3865781610239,205.3165488888847
16,349,222.2684464237868,205.31246214647862
16,350,222.1637457314283,205.2536841181561
16,351,222.0935592766052,205.1681404956137
16,352,222.0766402394276,205.09298994169382
16,353,222.12264716815395,205.06091934873345
16,354,222.22722236753575,205.10563770810933
16,355,222.3700561091323,205.2495164863764
16,356,222.52370593635658,205.47847257037313
16,357,222.65788529112484,205.75159720369794
16,358,222.7484748893307,206.0292281677958
16,359,222.78432027244688,206.26042941758425
16,360,222.76386513634327,206.3924320927899
16,361,222.69045797595714,206.39372612384736
16,362,222.57545485803027,206.25923288906583
16,363,222.43735485755425,205.99609289478965
16,364,222.29648532431304,205.6393910454799
16,365,222.1793259770093,205.2462860841205
16,366,222.1115905867509,204.89106776444555
16,367,222.10869070860647,204.6469912137193
16,368,222.16878458831366,204.56905873941076
16,369,222.27833507942947,204.67681239330827
16,370,222.41357715613486,204.9512985905314
16,371,222.55223121436808,205.32364285166886
16,372,222.68337976737476,205.6816134632662
16,373,222.81579803186403,205.904514560833
16,374,222.96987258893188,205.89780038753761
16,375,223.17526182718063,205.61325134969988
16,376,223.4645634410262,205.07061550201476
16,377,223.86242138283995,204.36961515244744
16,378,224.37451079239915,203.65564252601183
16,379,224.99018955758797,203.06888842505805
16,380,225.67954314780582,202.70159229344
16,381,226.39157051795806,202.55464669774298
16,382,227.0722806255127,202.5442280812215
16,383,227.68261427240503,202.54474351819326
16,384,228.2081892907754,202.4354200232253
16,385,228.65458940096622,202.13047565597293
16,386,229.03449685327604,201.62509472425324
16,387,229.36943776637924,200.984190946772
16,388,229.6704739381463,200.30619071036642
16,389,229.9318571101748,199.68105714275364
16,390,230.145785812017,199.191067919446
16,391,230.29284607993327,198.88853151559522
16,392,230.3474587859335,198.75990574106302
16,393,230.2988132224593,198.74678032054308
16,394,230.16425772572373,198.78154789345007
16,395,229.97738173594612,198.7936682814758
16,396,229.78409392685353,198.71986624533938
16,397,229.6216103660638,198.54104377252
16,398,229.53007443359616,198.26439190103576
16,399,229.54246335108294,197.92416141568413
16,400,229.68006111181012,197.57280353357632
16,401,229.93491094057995,197.28292438602216
16,402,230.25817784309,197.12870150734523
16,403,230.57037654594214,197.17115248898023
16,404,230.7952738911872,197.41522544322328
16,405,230.8914591841632,197.79262140665261
16,406,230.86630202709162,198.18626028309345
16,407,230.77169094518953,198.46632076608816
16,408,230.67553017102546,198.52592406796592
16,409,230.6400676480096,198.318682536728
16,410,230.71078294769032,197.873243059776
16,411,230.90790030145297,197.26213185356272
16,412,231.21384248588527,196.58677315688934
16,413,231.58862038024205,195.95616139961686
16,414,231.9805764776553,195.4698410401801
16,415,232.32416587677324,195.21829578404598
16,416,232.54204259189208,195.25690694022063
16,417,232.5824196071267,195.56646493101005
16,418,232.4340086075622,196.06581975021
16,419,232.12731425878104,196.61908616590154
16,420,231.7348832557762,197.0317429860822
16,421,231.36618730802613,197.14837216595646
16,422,231.12885266489982,196.90177704483048
16,423,231.08749227718118,196.32954788546127
16,424,231.23296633402202,195.58832028403225
16,425,231.49778943189077,194.92193369167316
16,426,231.78793958892877,194.5380433595683
16,427,232.00841638712495,194.5657920895572
16,428,232.09762059115752,195.00203423812
16,429,232.06315778317418,195.68991128533213
16,430,231.9488817457487,196.38844002246313
16,431,231.8022947842659,196.86583632240328
16,432,231.6625918839926,196.96833729748263
16,433,231.55381264219668,196.67129250263514
16,434,231.46849639375907,196.07774898276116
16,435,231.38524644115438,195.37273569397226
16,436,231.28329634931885,194.78151744423903
16,437,231.14985364772411,194.4960975741933
16,438,230.98191901306186,194.61560585648928
16,439,230.79704748554707,195.11966237306757
16,440,230.63002259466418,195.8947899919901
16,441,230.51189299194687,196.75146252889553
16,442,230.4635942214666,197.46981965716947
16,443,230.48815633121495,197.89082461286412
16,444,230.56769165366114,197.97435923632978
16,445,230.66250906050428,197.76279780790213
16,446,230.7286421692404,197.36241590875971
16,447,230.73139877106618,196.91862624398706
16,448,230.6566945795138,196.53552616511942
16,449,230.50796226135105,196.26959435488243
16,450,230.30229204144794,196.14243017000751
16,451,230.07927507289776,196.14278866506186
16,452,229.88185315843322,196.23608567387933
16,453,229.73820154790005,196.39499847399824
16,454,229.6547872352437,196.5586790675221
16,455,229.63706335459673,196.6661651137805
16,456,229.6585532606507,196.6865096432348
16,457,229.679712374339,196.6159452962994
16,458,229.65693447315104,196.4794414009612
16,459,229.57478193848152,196.35194670816622
16,460,229.43625669873086,196.29790557631924
16,461,229.28862839438366,196.33803109053764
16,462,229.18582626642512,196.45644586963544
16,463,229.19985382796182,196.59239896261795
16,464,229.37529831441444,196.64867502891107
16,465,229.718430678914,196.56083120880095
16,466,230.1799814773379,196.32572882983763
16,467,230.6969053372173,195.98298010698625
16,468,231.19370832124477,195.63140490607165
16,469,231.60529384499716,195.40212395903177
16,470,231.88360979023932,195.3957751384208
16,471,232.0240416236786,195.62333799710512
16,472,232.04855950717877,196.0283278717291
16,473,231.98222313070298,196.48811753519263
16,474,231.86190610309188,196.85846719405467
16,475,231.74830188740592,197.0173267144159
16,476,231.6974105513122,196.93552677943433
16,477,231.7505660366978,196.6672940984424
16,478,231.93634534774205,196.31409130940634
16,479,232.23929576988672,195.98549469552577
16,480,232.6003534204824,195.78514143064334
16,481,232.943970842564,195.76572550141768
16,482,233.19865986369294,195.87653085881328
16,483,233.3289753259306,196.1144508739989
16,485,233.42895225976997,195.95427839000686
16,486,233.5383733108263,195.3696435852337
16,487,233.71034399879142,194.70580498752173
16,488,233.96977954252884,193.98439414495058
16,489,234.27455705238157,193.35765750128817
16,490,234.53919599473448,192.95504204071838
16,491,234.68618808799494,192.8691377087152
16,492,234.66310590305596,193.14386646658377
16,493,234.44250717523687,193.73784391691495
16,494,234.05206598616874,194.5096320037796
16,495,233.54224661331085,195.26503886121367
16,496,232.9753791279922,195.80816779091361
16,497,232.4230555838501,195.99682770053036
16,498,231.95634959985955,195.79108105301702
16,499,231.62798665259157,195.2735114436975
16,500,231.47682444426493,194.62111518197153
16,501,231.51885394481462,194.04336532882957
16,502,231.73726247585736,193.7187961099359
16,503,232.08876010022246,193.74271752598753
16,504,232.50565262630607,194.1171111249279
16,505,232.9262861145445,194.7120513794741
16,506,233.29137745699666,195.34622902937625
16,507,233.54408265893287,195.86592001207114
16,508,233.63500370463396,196.18096978163797
16,509,233.5215794280168,196.25745050495834
16,510,233.14992614437838,196.1858234150137
16,511,232.46943525898234,196.1142315092378
16,512,231.46944488053023,196.17586390073083
16,513,230.1800243110848,196.45835617327003
16,514,228.69829266664513,196.99740209570865
16,515,227.1848687431096,197.74012275708043
16,516,225.8332035778824,198.58085465853617
16,517,224.79214220391606,199.39160420652507
16,518,224.1601247302925,200.08413549881334
16,519,223.94423211204258,200.63478729141596
16,520,224.06146178919852,201.07715046529603
16,521,224.37027486710636,201.47372437802304
16,522,224.730379063189,201.89887795825186
16,523,225.00775385597177,202.36558057213827
16,524,225.11989467557524,202.83180185122507
16,525,225.03721736964923,203.23087429526655
16,526,224.769914002493,203.47665630022996
16,527,224.36962966819047,203.49494305266612
16,528,223.92086535893165,203.27664781750514
16,529,223.49871185411877,202.8598269728872
16,530,223.17220084245434,202.3094750374368
16,531,222.99639252007194,201.73647507812353
16,532,222.96846272087683,201.27406430155438
16,533,223.03991138325654,201.03174399034896
16,534,223.15922260850158,201.05914832593066
16,535,223.27752703320303,201.34696142855975
16,536,223.35813062373398,201.82638158303877
16,537,223.4052637076464,202.36048190595793
16,538,223.4451529435753,202.79353896473356
16,539,223.4837338011928,203.02797999859473
16,540,223.5102071810253,203.03952748423524
16,541,223.51814998677654,202.854053458234
16,542,223.50609069520104,202.57384345514782
16,543,223.4676663003831,202.31870790572302
16,544,223.41584936597653,202.16421541278308
16,545,223.36870938963742,202.1385689993885
16,546,223.3138146823514,202.2527174338991
16,547,223.21548321351887,202.46402911804162
16,548,223.06734460630267,202.72934281581294
16,549,222.88731382577615,203.01179679318315
16,550,222.70011997366353,203.26917254670226
16,551,222.53932219846914,203.43568462784447
16,552,222.42386211639564,203.47345454601555
16,553,222.3422298955086,203.35453519067136
16,554,222.26963412598406,203.09410539279654
16,555,222.18942958898958,202.74801263478616
16,556,222.10197092568063,202.4098414603776
16,557,222.05016152692104,202.1558798379401
16,558,222.09190951059404,202.03716466548184
16,559,222.25126936670833,202.06105096240498
16,560,222.50658677987985,202.19794786813324
16,561,222.8053260280307,202.38665106467286
16,562,223.06769885225467,202.5710020938624
16,563,223.21692492695743,202.71278216019
16,564,223.220534199027,202.7935765081064
16,565,223.10501394399543,202.8152698861988
16,566,222.9362445172221,202.80184283475592
16,567,222.7898738924687,202.78311051500793
16,568,222.7223265171318,202.77602513970012
16,569,222.75774332759528,202.78346646392436
16,570,222.88528378929686,202.79810266378956
16,571,223.07110334693851,202.81612893495608
16,572,223.27390680544553,202.84041091069813
16,573,223.46235470307448,202.8802757119028
16,574,223.6177084363021,202.94719100297465
16,575,223.73291349013365,203.04524766292303
16,576,223.80783133388584,203.15200502316446
16,577,223.85503608860373,203.2330164484561
16,578,223.886821450489,203.26284259427715
16,579,223.91010978900167,203.2343784815099
16,580,223.9304911364156,203.16271475391056
16,581,223.95621877586603,203.07439247332144
16,582,223.99076470429844,202.99436315129958
16,583,224.04127451909403,202.94229181906744
16,584,224.118772350146,202.92193732807894
16,585,224.21977501441722,202.91986884827193
16,586,224.32521316036267,202.91335225058424
16,587,224.4020985773163,202.87119361961803
16,588,224.41048458885086,202.76939090543962
16,589,224.317387685187,202.6062488992807
16,590,224.12436957666048,202.4018802208795
16,591,223.8688538243538,202.19037925776357
16,592,223.61980447111466,202.01351938839497
16,593,223.44600038613925,201.90063612039626
16,594,223.39029472119807,201.85088105113448
16,595,223.46731913231878,201.83033495539067
16,596,223.65323050431127,201.8122039319632
16,597,223.88354095019443,201.78849903908994
16,598,224.09200308065408,201.75086593955209
16,599,224.24761037712722,201.70540483993298
16,600,224.3297544947406,201.67974298867415
16,601,224.33259455813746,201.68757808327504
16,602,224.27760367438336,201.71613965464047
16,603,224.19657545282178,201.74832781888045
16,604,224.11821577027877,201.762511962842
16,605,224.080425884444,201.73231731472376
16,606,224.11152269957137,201.62799982591633
16,607,224.21684262568968,201.4338414595073
16,608,224.38638447196422,201.1516893576877
16,609,224.57906707384632,200.78315513573114
16,610,224.73176277808207,200.34158806564702
16,611,224.80195422328873,199.87960279544097
16,612,224.78131704431928,199.45938411571368
16,613,224.68380838682359,199.12595070065396
16,614,224.5395014544923,198.9155254405371
16,615,224.38113733756637,198.8314961924943
16,616,224.23290360430843,198.8213830918346
16,617,224.0936441014927,198.80858295704166
16,618,223.95066727901738,198.7328618279999
16,619,223.806526010548,198.56436585979483
16,620,223.6767992109553,198.3148786069122
16,621,223.55087185169816,198.0366582169525
16,622,223.43317486133947,197.8142310881673
16,623,223.33490190270135,197.7203327782295
16,624,223.23712924764178,197.7903696074197
16,625,223.11331257384882,198.03570484373583
16,626,222.99400366505526,198.4421796450204
16,627,222.91810245697405,198.95959390273697
16,628,222.9201844980015,199.52202274325995
16,629,223.0538507764302,200.06485134158686
16,630,223.35686217034726,200.51535916822397
16,631,223.81158451639092,200.83099204072082
16,632,224.35354158818063,201.0034461607505
16,633,224.8877204525911,201.06053655089235
16,634,225.3161349997141,201.06726839862287
16,635,225.57103530528684,201.10179105408355
16,636,225.5995918706196,201.19068137810547
16,637,225.38678525822166,201.30593848727509
16,638,224.98532640396039,201.3774628480034
16,639,224.48597688086863,201.3188973062546
16,640,223.99394496780016,201.07679732819705
16,641,223.63705978401143,200.67879296644236
16,642,223.52199508518308,200.23044205206946
16,643,223.67641921416862,199.88652805496483
16,644,224.05477391902824,199.7985709889126
16,645,224.56137672320045,200.04475156099278
16,646,225.07903779294233,200.59934010232914
16,647,225.5147829060352,201.35455444578798
16,648,225.81871811985985,202.15574919417566
16,649,225.98568963957032,202.8348996020125
16,650,226.03344027020387,203.26940526854918
16,651,225.98135289972402,203.41091228533378
16,652,225.84345492690454,203.28177387774676
16,653,225.64527995958179,202.95827182071588
16,654,225.40523868195163,202.55323946406247
16,655,225.15277868103303,202.1879438678616
16,656,224.92026896464426,201.95370238128615
16,657,224.73971222338398,201.88816836125338
16,658,224.62618442921246,201.9814627134656
16,659,224.59283758854224,202.1849696214566
16,660,224.62357426041916,202.42251557236045
16,661,224.70697549727495,202.63188477397864
16,662,224.81451417408633,202.76623775638686
16,663,224.90759692846194,202.785658466781
16,664,224.94667949410467,202.67043346927818
16,665,224.93153074208968,202.4301325114688
16,666,224.87433539487733,202.09325087297682
16,667,224.80279154894575,201.72488970831785
16,668,224.7389761353455,201.42039308604686
16,669,224.70215213845952,201.25728359696475
16,670,224.68314025773523,201.2866217539483
16,671,224.64381879191595,201.51838907698115
16,672,224.55646715144638,201.9234038474012
16,673,224.45388916531476,202.41974941406866
16,674,224.3642363763466,202.93607466097345
16,675,224.2969953894911,203.4171339218547
16,676,224.27388811605326,203.81668091378066
16,677,224.30514500858158,204.08712579000596
16,678,224.33324552350481,204.22629047215122
16,679,224.31320618020985,204.23328259825573
16,680,224.2350717494149,204.10047074668532
16,681,224.08969950344604,203.8560527470112
16,682,223.8673664569712,203.5764296059284
16,683,223.5965730234532,203.3292068845408
16,684,223.31402626353454,203.18456759014174
16,685,223.06202270635873,203.19867550906514
16,686,222.87513317598177,203.3651272186588
16,687,222.76914609185906,203.61087736539426
16,688,222.73430179128522,203.85678855773094
16,689,222.7433660003296,204.0195692868051
16,690,222.748942443799,204.03357274820877
16,691,222.72391904279715,203.88324745304104
16,692,222.67105526610032,203.599809432357
16,693,222.60944909063883,203.2257769704093
16,694,222.56444003363433,202.8148594247102
16,695,222.56050721928287,202.4181165107721
16,696,222.6070234769357,202.069070275439
16,697,222.70278298121053,201.7742484141965
16,698,222.84269936426782,201.5213941560639
16,699,223.02194728380965,201.2843005471227
16,700,223.24814541535633,201.04595693554714
16,701,223.51876449925012,200.80798994261772
16,702,223.80943589990824,200.59513489111808
16,703,224.06887182121724,200.4387310648035
16,704,224.23081178267336,200.36692561234722
16,705,224.24568382775928,200.3869059839686
16,706,224.11026744189547,200.44967826276786
16,707,223.87286045109227,200.45819929137895
16,708,223.640638820071,200.31930862433722
16,709,223.56466693713529,199.95979002822097
16,710,223.76932867518957,199.33297592258873
16,711,224.3050787630158,198.4876996070209
16,712,225.14615560250445,197.56155115291213
16,713,226.19745827825233,196.7121299951558
16,714,227.30196552045626,196.08049644674307
16,715,228.2761275655927,195.79118009199982
16,716,228.95961468318396,195.9013928102919
16,717,229.24039775834922,196.36749562429986
16,718,229.0591524389799,197.0518426291044
16,719,228.43338324281072,197.79277563469273
16,720,227.465571071374,198.40573722028367
16,721,226.33375691994198,198.7001546694411
16,722,225.25639962775617,198.57032410036723
16,723,224.39678458480708,198.07565899900914
16,724,223.85110368148165,197.36560849011337
16,725,223.64451645356377,196.64406371906932
16,726,223.7064194948328,196.17620316180182
16,727,223.88079982944856,196.20859642896332
16,728,224.01422232480206,196.87073374784927
16,729,223.9976870352104,198.16449313515344
16,730,223.78166427365974,199.93533554360604
16,731,223.38525860084113,201.87356294609214
16,732,222.89145636103288,203.5955786751343
16,733,222.40397004498126,204.72761088371135
16,734,222.01159254115015,205.01213664733643
16,735,221.75944111552792,204.4051585808287
16,736,221.65205409910578,203.07876932934857
16,737,221.67607891988175,201.35651903114598
16,738,221.8193352262394,199.64193025897782
16,739,222.0708524738001,198.28770061297345
16,740,222.44869373216156,197.49669367142502
16,741,222.97307484167334,197.31752745310672
16,742,223.6222132998813,197.6509480817984
16,743,224.32938624448994,198.29211779449832
16,744,225.01967548805345,198.9825393760329
16,745,225.62306662271047,199.4783131553118
16,746,226.1071664806458,199.58672765279263
16,747,226.50214505666983,199.20893138360094
16,748,226.8874616808989,198.35760633901432
16,749,227.31926007116235,197.20447049801902
16,750,227.79065598920033,195.99943146736038
16,751,228.24594935986786,194.98002672345316
16,752,228.60222688804765,194.31160178860927
16,753,228.7612043391686,194.03037112725946
16,754,228.64112632175951,194.01908894084633
16,755,228.19065306755098,194.12545501549636
16,756,227.42460550661457,194.2330430578338
16,757,226.42243919937155,194.2716018582018
16,758,225.3367578075291,194.26712566723523
16,759,224.3633989207329,194.3514815493883
16,760,223.67053300586346,194.6651747876078
16,761,223.3482052204397,195.29211981624474
16,762,223.4134728976059,196.2881466570849
16,763,223.77794324039462,197.6339956762066
16,764,224.2597323750501,199.18846136156066
16,765,224.6832404437129,200.77292723382394
16,766,224.93682094841134,202.21267836275695
16,767,224.9483155297538,203.31969455068779
16,768,224.69260408290913,203.96196997415484
16,769,224.22911812885124,204.1171941988213
16,770,223.67279122944717,203.8010113920058
16,771,223.11793842751266,203.12552205678023
16,772,222.64613069399937,202.30611014373585
16,773,222.3526215407175,201.57518018721194
16,774,222.29735604284713,201.1302031466337
16,775,222.46867509602,201.13326929927595
16,776,222.83296792402712,201.59959256904676
16,777,223.31723741976205,202.40217077561422
16,778,223.79943692602083,203.34280299490615
16,779,224.1468373159782,204.19388902991633
16,780,224.2808907785374,204.74787455636607
16,781,224.19536064505598,204.9049048268313
16,782,223.93557867225857,204.67246510061025
16,783,223.5750891118516,204.14076296550357
16,784,223.19993153445154,203.4677132993052
16,785,222.87378740002174,202.84892095880758
16,786,222.63395800741907,202.43245367898092
16,787,222.5056037557623,202.30328856878387
16,788,222.48676267685522,202.46028664446703
16,789,222.55728029694248,202.82735855415524
16,790,222.68347184366291,203.267490651212
16,791,222.8196833491012,203.6524427611917
16,792,222.92653527013164,203.88156105745594
16,793,222.98739131702897,203.90185519228507
16,794,222.98530128022372,203.7090507830762
16,795,222.90996200457008,203.33851090531917
16,796,222.7785618045168,202.83639337757353
16,797,222.63429591111728,202.2308942342437
16,798,222.53495856954217,201.5463651167252
16,799,222.55524029116106,200.81174694488647
16,800,222.7624207572165,200.08709374990116
16,801,223.17375827957497,199.4533011314345
16,802,223.7337729684547,199.03572518250564
16,803,224.325572001756,198.968134542916
16,804,224.79673228640567,199.32908199520872
16,805,225.01641825573412,200.0805909585095
16,806,224.9294138771853,201.09027842416975
16,807,224.56097306195684,202.13784604494887
16,808,224.0095249737269,202.95898251873948
16,809,223.42524495088855,203.33494228125116
16,810,222.94909061471847,203.18007902200804
16,811,222.66563396756703,202.54603157162458
16,812,222.60927306346068,201.6105009872285
16,813,222.74487145159114,200.66151913080466
16,814,222.98595219364847,200.01431203163662
16,815,223.23259761006253,199.88265935777792
16,816,223.40383346841728,200.32597014104147
16,817,223.44223413845918,201.24664410794438
16,818,223.3565304312029,202.39882017588042
16,819,223.1810743364372,203.4522773855701
16,820,222.95328515767775,204.13485050112078
16,821,222.70705976654818,204.3070218742292
16,822,222.48132609937085,203.9752228762187
16,823,222.2929865515756,203.28028921977793
16,824,222.16509986592044,202.48281650674937
16,825,222.1308046774641,201.8589432142042
16,826,222.20733843879785,201.6127989389597
16,827,222.37799974010426,201.83019412020897
16,828,222.61073070293267,202.47441628726122
16,829,222.861117042273,203.37378667088
16,830,223.07388693330563,204.2808087177803
16,831,223.2112080463467,204.95640168805502
16,832,223.25399707066543,205.25617951630485
16,833,223.18567138859362,205.1410778892506
16,834,223.01046975392438,204.66781654826255
16,835,222.75650138198745,203.97788742446423
16,836,222.45939183060295,203.2594622837785
16,837,222.17282057504295,202.66509924731074
16,838,221.97085539221305,202.2814328608582
16,839,221.89877227384773,202.13855260376909
16,840,221.9746282608655,202.1710103225604
16,841,222.21626154166802,202.20689470045272
16,842,222.64858399988609,202.00839460066126
16,843,223.31365551044738,201.3414083897423
16,844,224.26853648252393,200.06596238551103
16,845,225.53951219357427,198.24417649564947
16,846,227.0686954235471,196.15069993430174
16,847,228.700947428536,194.2343719848173
16,848,230.18195102038865,192.99153939690748
16,849,231.22842755851804,192.77115476617743
16,850,231.62965582574364,193.6295618016405
16,851,231.30521547148493,195.370009454356
16,852,230.30173530818513,197.56053147359427
16,853,228.79059957776582,199.66807818422635
16,854,227.018290922557,201.23278430390621
16,855,225.20175332154133,201.97717709296262
16,856,223.4967646806667,201.81735204501464
16,857,222.04366571916458,200.9064520638648
16,858,220.93940523160302,199.56955164980832
16,859,220.2278627920059,198.19475258274355
16,860,219.96904750695128,197.15528625185044
16,861,220.14515481899224,196.70687857122488
16,862,220.61825020715443,196.87624567299625
16,863,221.23827430608335,197.59329092911884
16,864,221.86369764935895,198.65555653370555
16,865,222.3882285188338,199.78642796675013
16,866,222.7377498921709,200.68464865721387
16,867,222.8814875192573,201.13849653769356
16,868,222.83689503471544,201.0954355677405
16,869,222.65437238253247,200.6384444631895
16,870,222.38856536905539,199.9373798474086
16,871,222.1030379942056,199.24556691466896
16,872,221.86457180062,198.7646709359749
16,873,221.72242701181372,198.59473916374762
16,874,221.6926674743332,198.77298776088116
16,875,221.76816156211885,199.28107408402568
16,876,221.94654169200564,200.00116284057177
16,877,222.2249711534993,200.82426714681608
16,878,222.58410667519192,201.66111769177135
16,879,222.97406561240612,202.39017676860814
16,880,223.3238696667383,202.87101818519565
16,881,223.5513329143097,203.04515524891448
16,882,223.58655268850475,202.89547670957745
16,883,223.41339628693012,202.40654414749642
16,884,223.10408063049297,201.57302429877575
16,885,222.83711630720458,200.3984474386124
16,886,222.87603513070982,198.86495848741777
16,887,223.488918342639,196.97692414304274
16,888,224.85738016235337,194.84926233504927
16,889,226.98411196362193,192.75383577556843
16,890,229.60101772727197,191.09991596548113
16,891,232.15574830046012,190.3474178274845
16,892,233.98000070518006,190.79967726870623
16,893,234.47809779171044,192.4633533667599
16,894,233.67457022250022,194.77567220875002
16,896,230.40371134235963,198.27157046619394
16,897,227.5969509050017,199.7350289774121
16,898,224.6761536474512,200.8620291235048
16,900,221.8945797841991,201.19855835659584
16,901,221.60477092064377,200.92424769121604
16,905,223.69230202065518,200.47000270842148
16,906,224.22981823942865,200.6725993098233
16,907,224.5469533239832,201.3231559089752
16,908,224.45446138951732,202.3870717356866
16,909,224.2331665531917,203.53979579073803
16,910,224.0994868529139,204.3918241948122
16,911,224.18159163114802,204.65948597541868
16,912,224.46972253919253,204.25832893797542
16,913,224.81929768827328,203.26078413326712
16,914,225.05635237859772,201.93613424863557
16,915,225.0729564378824,200.70746307847827
16,916,224.83503876266354,199.9292407795818
16,917,224.39297965626187,199.77998763940874
16,918,223.91324826562845,200.22748697209548
16,919,223.5714443984482,201.07127136087865
16,920,223.46119688386628,201.99257621315664
16,921,223.57387164761874,202.73749484529117
16,922,223.78952955144447,203.15037130126436
16,923,223.99721672273145,203.20504714531145
16,924,224.0963185328054,202.90715745224477
16,925,224.0576518039297,202.3102079058353
16,926,223.96427739313904,201.447773669091
16,927,224.02623526016782,200.34164120384423
16,928,224.51240145009,199.02296289893667
16,929,225.61159940025826,197.57597314886746
16,930,227.35676219745173,196.1559949247229
16,931,229.57530828428727,194.99626125891038
16,932,231.87259691480796,194.36626495403422
16,933,233.73863561149136,194.47141894490036
16,934,234.72904173944534,195.34632381789515
16,935,234.58716554446835,196.8540130194331
16,936,233.3134086574755,198.67888505228686
16,937,231.18001931808232,200.39758580823974
16,938,228.65807606578193,201.64019069991858
16,939,226.27031002453276,202.2289896047283
16,940,224.45343617161976,202.18998875369527
16,941,223.45344034226653,201.717662252529
16,942,223.16804295937374,201.17831567340738
16,944,223.79992844633261,200.48482307599704
16,945,224.51494655921067,200.33924793423037
16,946,225.14622999419726,200.58339933394683
16,947,225.3947207084391,201.15050466032517
16,948,225.28775575399496,201.83417083121387
16,952,224.48655946753954,202.5837795598591
16,953,224.24358382647964,202.26387844490222
16,954,224.01180975197468,201.75738364485954
16,955,223.93683398085926,201.11991434289212
16,956,223.94810915095255,200.61425806812508
16,957,223.92986085548225,200.40342476953754
16,958,223.823083923206,200.59099880319695
16,959,223.64724022395936,201.172441053706
16,960,223.47996023091565,202.0112494359906
16,961,223.38951022431925,202.88987360916303
16,962,223.42514185761732,203.61333435651736
16,963,223.55625506319615,204.02624255300492
16,964,223.66910798312878,204.01625403972082
16,965,223.6263718061015,203.55060093950937
16,966,223.39103058105883,202.66869484051037
16,967,223.07789795382317,201.4148333819262
16,968,222.94986656304664,199.83379214922448
16,969,223.32386894493104,198.02534356251368
16,970,224.42289258785047,196.17212951631106
16,971,226.2795934058049,194.48578247730939
16,972,228.7841930431896,193.10072441704241
16,973,231.5216854919819,192.12220116025227
16,974,233.8432776136791,191.6924407678473
16,975,235.11913587034059,191.8863239111049
16,976,235.09929168152215,192.60763346826937
16,977,233.96432914001483,193.67398674635552
16,978,231.94278796736455,194.9140876506911
16,979,229.71546158765352,196.38013445682566
16,982,225.6446064222609,197.79806736196377
16,983,224.7962158110782,197.8754338144903
16,987,224.1420399281027,197.61024494732794
16,988,224.2805708791174,197.08280083963285
16,989,224.42956199090966,197.19605890067973
16,990,224.3591811082205,197.69557582074097
16,991,224.0493802378582,198.53777397326547
16,994,223.20775985693032,199.6825065210538
16,995,223.08111434672878,199.65033150480835
16,996,223.15228095078797,199.64142064207095
16,997,223.46806735159902,199.55208647135044
16,998,223.9343201575018,199.57463648086372
16,999,224.45722375169296,199.8321292307849
16,1000,224.9291779216736,200.41535508146296
16,1001,225.2750637791513,201.2281201908045
16,1002,225.47571999051866,202.16362732073424
16,1003,225.5597611017807,203.03407738610048
16,1004,225.55608688804347,203.67938387024785
16,1005,225.4105660226124,204.0065999423473
16,1006,225.0808784352209,204.0244333986992
16,1007,224.51257663887412,203.79060644440833
16,1008,223.72204669798037,203.3285358157161
16,1009,222.83740644822703,202.68194380486187
16,1010,222.07478629434408,201.92726017028983
16,1011,221.65888885310176,201.13796266044088
16,1012,221.73326940190805,200.37214138767678
16,1013,222.30878394092784,199.71639353007367
16,1014,223.2760343353582,199.29037611164827
16,1015,224.42896726903464,199.21888203759252
16,1016,225.49987075147502,199.57154564325361
16,1017,226.23623327285154,200.3282633270099
16,1018,226.4663257396954,201.3468172606336
16,1019,226.13649509101214,202.37744508727266
16,1020,225.3244138969613,203.11262724767244
16,1021,224.21725639004165,203.3209157638616
16,1022,223.0639479495323,202.94807016655832
16,1023,222.12643756610012,202.16057866375485
16,1024,221.61270471357395,201.27977812045123
16,1025,221.55667584987486,200.69328791480604
16,1027,222.212386099197,200.63313737518246
16,1028,222.8363542562896,201.21508996524815
16,1029,223.5026310325768,202.28962668736727
16,1030,223.99907676744215,203.54746244463647
16,1031,224.24999955301823,204.6603686480866
16,1032,224.24302620778892,205.32464138912155
16,1033,224.00556409923655,205.3323389197795
16,1034,223.60152569257284,204.65923798447423
16,1035,223.09129011296005,203.44241708903672
16,1036,222.51903886114954,201.94978154184398
16,1037,221.94295835348697,200.5184899996007
16,1038,221.4490025474398,199.47363129548316
16,1039,221.13437358821918,199.02955312037884
16,1040,221.07555342803266,199.25669586513135
16,1041,221.30690034505778,200.05681081364543
16,1042,221.79467499401733,201.1968903984369
16,1043,222.43405129266344,202.39073761146724
16,1044,223.06669246703427,203.3860337327587
16,1045,223.5524973358786,204.0114341488978
16,1046,223.80190248411412,204.20858303279107
16,1047,223.78330538047658,204.03667482744635
16,1048,223.5290644003408,203.62056448405642
16,1049,223.13366405096733,203.11533074632973
16,1050,222.7036402094783,202.66202675643837
16,1051,222.33222153381647,202.3615302047669
16,1052,222.0915954152726,202.27073869500933
16,1053,222.02588211487475,202.41054851454368
16,1054,222.13159049215648,202.74983645205683
16,1055,222.3683143868509,203.22127229966384
16,1056,222.67260982285146,203.7459102461735
16,1057,222.96412477364512,204.23219016247634
16,1058,223.16208894596312,204.59455952476017
16,1059,223.21801754206857,204.77552455641955
16,1060,223.13042709444247,204.7489640249623
16,1061,222.94026280281523,204.51231637785904
16,1062,222.71320153710144,204.10061485178326
16,1063,222.5214470215732,203.59249788735366
16,1064,222.4210760140829,203.0899926440825
16,1065,222.42855078260055,202.70467999199263
16,1066,222.52169378140243,202.53649033016282
16,1067,222.67145967823492,202.63807511817762
16,1068,222.83488911670682,202.9839552976402
16,1069,222.96653279247423,203.4837369768907
16,1070,223.04041220062498,204.00660171409078
16,1071,223.04752167571772,204.42498749568725
16,1072,222.97805630938618,204.6544318449758
16,1073,222.8398111870989,204.667967457886
16,1074,222.6516216990891,204.49672058242444
16,1075,222.43267403907998,204.22118599492683
16,1076,222.20774622841623,203.93803616247664
16,1077,222.01201853878501,203.7266450776004
16,1078,221.88082054020052,203.63179098655036
16,1079,221.84527716282508,203.66262005589178
16,1080,221.9278008578237,203.7984804432825
16,1081,222.1212680827435,203.98859763949702
16,1082,222.38688973210876,204.17180585795526
16,1083,222.6688080661049,204.3022844132319
16,1084,222.90160136972563,204.35029240139005
16,1085,223.01083633872366,204.2953971736518
16,1086,222.9486148821634,204.1412510400595
16,1087,222.7139339402458,203.91458504910185
16,1088,222.34858132385483,203.65901502494026
16,1089,221.92254850480847,203.42688285929407
16,1090,221.5259213947684,203.2682724735765
16,1091,221.23928659354678,203.21758494195703
16,1092,221.1106640165242,203.28287144355778
16,1093,221.1460756431386,203.43877067351542
16,1094,221.32229236476851,203.63797695627449
16,1095,221.59610215273992,203.8293879011417
16,1096,221.91805919719877,203.9652014177909
16,1097,222.23073567032608,204.009836493008
16,1098,222.47728556980383,203.94713845219894
16,1099,222.62102787432747,203.7858017199387
16,1100,222.65964778912385,203.54898705349348
16,1101,222.61503565729672,203.27908746091245
16,1102,222.53147252022492,203.03718468201737
16,1103,222.44994988992994,202.85348190200628
17,0,215.50408307836494,177.0988653468005
17,1,215.51784411487105,177.18834586879038
17,2,215.53403063928263,177.29622625560188
17,3,215.5509852377553,177.40761073236118
17,4,215.56658606770583,177.498346503475
17,5,215.57887725577646,177.55949282295268
17,6,215.5867288917477,177.5962233926337
17,7,215.590781902487,177.62232591558907
17,8,215.59140711532476,177.6467372324638
17,9,215.5867465996369,177.67181621716693
17,10,215.57417888971756,177.69511961439497
17,11,215.55434191801686,177.71267658206796
17,12,215.52834839646002,177.71990753911587
17,13,215.49548671034597,177.71442576507954
17,14,215.45712057207734,177.69826954991993
17,15,215.4181587374252,177.67598746205172
17,16,215.38273169076882,177.65147941754307
17,17,215.3541835590424,177.62824715698048
17,18,215.33620476752023,177.60987438929018
17,19,215.33147097705918,177.59759115488595
17,20,215.3389768125281,177.59039392587303
17,21,215.35689472470233,177.5859679681224
17,22,215.38242566240143,177.58140955785035
17,23,215.41051650691443,177.57303733344062
17,24,215.4363889925086,177.55908749881024
17,25,215.45709700092112,177.54131292552594
17,26,215.4685725997155,177.5244418929105
17,27,215.4670068589273,177.51227168988905
17,28,215.45221987962887,177.5073198376249
17,29,215.425771616282,177.50846765631223
17,30,215.39012197768545,177.51245542197793
17,31,215.3520907894706,177.51508889581277
17,32,215.3226183884966,177.5145573307201
17,33,215.31017334602137,177.51100211773826
17,34,215.31720023259723,177.50794829393573
17,35,215.34248511947635,177.50699368532835
17,36,215.37878811709857,177.5082990540096
17,37,215.41313298270046,177.51175581291741
17,38,215.43541991177187,177.51722698496272
17,39,215.44292544690305,177.52285924084507
17,40,215.4378845278233,177.52859920682948
17,41,215.42670465403998,177.53527510200868
17,42,215.41824966044004,177.5428793616458
17,43,215.4182921517713,177.55083665550782
17,44,215.4267413390692,177.55895383211887
17,45,215.4391961255638,177.56738849344092
17,46,215.4501717404621,177.57528320910075
17,47,215.4552500296298,177.58146082352886
17,48,215.45308633642134,177.58495468380022
17,49,215.44633922255704,177.5854377584996
17,50,215.43927473649788,177.5816042002532
17,51,215.43531325636133,177.57352306104167
17,52,215.43677292908274,177.5614252443157
17,53,215.44407438220418,177.5458314461238
17,54,215.4560125329766,177.52735517844283
17,55,215.47148230653838,177.50773065410056
17,56,215.49064557303305,177.48774208065882
17,57,215.51421657214266,177.46893416032796
17,58,215.54104762505156,177.45217627312556
17,59,215.56693573429257,177.4372202214027
17,60,215.58718652087228,177.42338314248113
17,61,215.5972071215234,177.4115392682089
17,62,215.5927595581745,177.40160914917902
17,63,215.5742301623721,177.39380146660616
17,64,215.54886191586505,177.3894467261615
17,65,215.52586679903578,177.3891190827154
17,66,215.51148615647648,177.3910752219472
17,67,215.50665336937354,177.39384232054613
17,68,215.50567329712928,177.39504545946156
17,69,215.49949065387625,177.39136161510717
17,70,215.47867485414955,177.38108463268247
17,71,215.43743612723927,177.36453424021587
17,72,215.3776870438294,177.3421652472079
17,73,215.308890932502,177.31616574381857
17,74,215.23915180133645,177.2894807965681
17,75,215.173882409775,177.2639655760656
17,76,215.11818874880487,177.24030656397522
17,77,215.07481962011943,177.2200816019535
17,78,215.04307137476655,177.20540605064764
17,79,215.02338419376017,177.20047214613498
17,80,215.0188566339008,177.21139626003017
17,81,215.03085540140123,177.24238298452966
17,82,215.058560039825,177.29341549883947
17,83,215.1001239787013,177.36001925168114
17,84,215.1517319881469,177.43172464994186
17,85,215.20485088167706,177.4942908038581
17,86,215.24957570978145,177.53875305127409
17,87,215.27883630152567,177.56273371758093
17,88,215.28898326807663,177.5679790597686
17,89,215.28090995626883,177.55953587904384
17,90,215.2617642892582,177.54353322846987
17,91,215.24234113596293,177.52344511691888
17,92,215.23095205891158,177.4998988379607
17,93,215.2320540254525,177.4729305758903
17,94,215.24409136292465,177.4434806241659
17,95,215.26014502274188,177.4148936591942
17,96,215.27195841674094,177.38978271324797
17,97,215.2726541203759,177.37007960463202
17,98,215.25800836347068,177.3572758812973
17,99,215.2304565326815,177.35230568568568
17,100,215.19752663847768,177.35442882079954
17,101,215.16529529455931,177.3642550336767
17,102,215.13918407155023,177.3817940119865
17,103,215.1240951162661,177.4047843326431
17,104,215.12287199016984,177.43013831939436
17,105,215.1356329821376,177.45625479898834
17,106,215.16265539183476,177.4805227215442
17,107,215.2022332860114,177.50114574323663
17,108,215.24910434235815,177.52024584128222
17,109,215.2955038143211,177.542084100601
17,110,215.33533211197124,177.56739949668201
17,111,215.36637965729068,177.59419182172627
17,112,215.39066439947663,177.62060718684845
17,113,215.41265503627835,177.6437389664944
17,114,215.4357270001649,177.65913102162392
17,115,215.46103676083806,177.6650344791175
17,116,215.48596815684917,177.66341261234254
17,117,215.50509889847922,177.6560601634228
17,118,215.51420140690058,177.64269067918724
17,119,215.5123015525808,177.62287367176435
17,120,215.49950654074797,177.59728887009703
17,121,215.47717550329395,177.56829372121445
17,122,215.44890514348697,177.53816354463862
17,123,215.41894854709642,177.5107351414557
17,124,215.39312240494826,177.49002912919636
17,125,215.3781837108351,177.47692177539156
17,126,215.3785428848972,177.4676485460593
17,127,215.39216834400298,177.45846211446695
17,128,215.41215031874287,177.4454454896713
17,129,215.42853573389004,177.4261997365121
17,130,215.43101229338316,177.4017307961961
17,131,215.4130912627102,177.37660276603717
17,132,215.37748601509014,177.3571847428556
17,133,215.33425657453236,177.34993713313855
17,134,215.29302865027702,177.35741643486523
17,135,215.26066589515648,177.37751118424092
17,136,215.24130723751915,177.4050306449716
17,137,215.23416067911356,177.4324962096508
17,138,215.23387388502476,177.4530719499614
17,139,215.23774071557355,177.46341519705086
17,140,215.24668006473877,177.46418638588463
17,141,215.26084257658977,177.4584299232968
17,142,215.2798292542527,177.4494912870901
17,143,215.30319366889603,177.4391642407226
17,144,215.32622301064825,177.42817781981782
17,145,215.34059699849325,177.41748820014092
17,146,215.34210366127886,177.40833189254707
17,147,215.33028609603443,177.40290785237934
17,148,215.30586617029,177.40464695861965
17,149,215.27360163333927,177.4157204369509
17,150,215.2424498265348,177.43564168611815
17,151,215.21880010409535,177.46319968591445
17,152,215.2047984349257,177.49723542757437
17,153,215.19989501319213,177.53615489511245
17,154,215.2001528522388,177.57930864844042
17,155,215.19964853617864,177.62561577553546
17,156,215.19593678851726,177.6726820101998
17,157,215.1912343562462,177.7173139139099
17,158,215.19108979304605,177.75673372281514
17,159,215.20241705211225,177.78906557930586
17,160,215.22887634740556,177.81537142478894
17,161,215.26622179963027,177.83673947463961
17,162,215.3044134540639,177.8528658168633
17,163,215.3327351227642,177.8599595425638
17,164,215.3431329230736,177.84985496708327
17,165,215.33494514948748,177.81546542317045
17,166,215.31426649490186,177.75493777692824
17,167,215.29053387645433,177.67126055048018
17,168,215.27200883643914,177.57458826973738
17,169,215.26336234208458,177.48248381031442
17,170,215.26136361476662,177.40707440603208
17,171,215.25990885916107,177.35231214995414
17,172,215.2536985106646,177.31763668783805
17,173,215.24033088494133,177.29835754803537
17,174,215.22157131633418,177.28765143414947
17,175,215.2046245479172,177.2829618636742
17,176,215.19790886259074,177.28643565763952
17,177,215.20688923975166,177.3003352421402
17,178,215.23248741311204,177.32585259006612
17,179,215.27012420927957,177.36174767656811
17,180,215.31123711391945,177.4041502584616
17,181,215.34666589222525,177.44719445378448
17,182,215.37040494441604,177.4861100745064
17,183,215.3807949422151,177.51749147611739
17,184,215.3808344562475,177.53957152312606
17,185,215.37626346241217,177.5530230614501
17,186,215.37170333653717,177.55910120074893
17,187,215.36903301019598,177.5580200666724
17,188,215.3670088450817,177.55046949495448
17,189,215.36318461397593,177.53770381867943
17,190,215.35557272822703,177.52137595771953
17,191,215.34440249146726,177.50584368322163
17,192,215.33127486388827,177.49796773250648
17,193,215.31861586821134,177.50250855147192
17,194,215.30745198307017,177.51983594370046
17,195,215.29786307114642,177.5463226861387
17,196,215.28909466327758,177.5744447974799
17,197,215.28096592855832,177.5949825521266
17,198,215.2734903255462,177.60119142673284
17,199,215.26711295037165,177.59057748841684
17,200,215.26158567116317,177.5641065328983
17,201,215.25633011507588,177.5266334648694
17,202,215.2505720974288,177.48443833314863
17,203,215.24400103900174,177.44270349944588
17,204,215.23637045249438,177.4050981492684
17,205,215.2282392560545,177.37481998159376
17,206,215.2205157705642,177.35249422823682
17,207,215.21380218988367,177.3363709334095
17,208,215.2090817240676,177.3242295704873
17,209,215.20868398625046,177.31493171613033
17,210,215.21445243177854,177.30741137563905
17,211,215.2260918757318,177.3020932447917
17,212,215.241502027785,177.30273632069645
17,213,215.25743830777623,177.31330168859134
17,214,215.27012333063044,177.33541179083156
17,215,215.2763154313954,177.368555209076
17,216,215.27609681082586,177.40985363898378
17,217,215.27196937867075,177.45261756154986
17,218,215.26740045026878,177.48956278528857
17,219,215.26467963369208,177.51567517815528
17,220,215.2649173193277,177.52836618662027
17,221,215.26789516616842,177.52696116035415
17,222,215.27351760200492,177.5132292614945
17,223,215.28161365619536,177.49194715524263
17,224,215.29369584944396,177.4687277653165
17,225,215.31140242601884,177.4503778017667
17,226,215.33466530874435,177.44200516486373
17,227,215.36079520701674,177.44596949638745
17,228,215.38560687996792,177.46026157005855
17,229,215.40259519251322,177.47918093867145
17,230,215.40780009286325,177.49383305068048
17,231,215.40053094767038,177.49881737809372
17,232,215.38309571817933,177.49322959707814
17,233,215.35984946252978,177.4805163948006
17,234,215.33723237121112,177.46787349907927
17,235,215.3202835130428,177.46362584637893
17,236,215.31409745942642,177.47152241108694
17,237,215.32146922639134,177.49028962122202
17,238,215.3418043790501,177.51524909944595
17,239,215.37309727696845,177.5408089683736
17,240,215.41193583535562,177.56135991656026
17,241,215.4507837642359,177.57390052619462
17,242,215.48344883941655,177.5792837156883
17,243,215.5077335282361,177.58097567025078
17,244,215.52284153574848,177.58135604053365
17,245,215.52879076144146,177.58189501059312
17,246,215.52803218649075,177.5830002106681
17,247,215.52240396713347,177.58217542915227
17,248,215.51094745286164,177.57505558831434
17,249,215.49279760981986,177.5590839908785
17,250,215.46854762835557,177.53559416685127
17,251,215.43960564299977,177.50788746611175
17,252,215.4094715279957,177.48100268042077
17,253,215.38384964263537,177.46020507893422
17,254,215.3645194615592,177.4487614198431
17,255,215.35111232354302,177.44471039661312
17,256,215.34473448532106,177.44200947888524
17,257,215.34879976096946,177.42840637081207
17,258,215.37455133907773,177.37333225507413
17,259,215.45121819298203,177.21588297773965
17,260,215.635456972756,176.87203001854377
17,261,216.025131625289,176.25178124488372
17,262,216.73543341611284,175.26491643714908
17,263,217.86644292682473,173.94446421805372
17,264,219.38436744467325,172.5332041969924
17,265,221.09219740639085,171.33078151226533
17,266,222.63895349563302,170.6539364438595
17,267,223.5957453871156,170.72060745234162
17,268,223.61247703721966,171.53383796956368
17,269,222.57378623990647,172.90413700397195
17,270,220.65307091963678,174.51080885841512
17,271,218.32560982007695,175.98534215922368
17,272,216.30131263891155,177.12171008338458
17,273,215.01697391869743,177.622291027043
17,274,214.7469744545982,177.41977340199438
17,275,215.2850286249648,176.76922998015138
17,278,217.3880230929178,175.00366215005562
17,279,218.06460532884654,174.54790472921653
17,280,218.50565259249043,174.3609039194895
17,281,218.45544566692772,174.6333287564567
17,282,218.20581297979803,175.08075580110267
17,284,217.5798959986692,175.63588363801134
17,285,217.2597695699473,175.88248153840246
17,286,217.13402013790824,175.87008268230846
17,287,217.20642386346955,175.55464396355046
17,288,217.37383608515296,175.0598979230975
17,289,217.52522900850022,174.56572680149998
17,290,217.58862926125232,174.2441088594822
17,291,217.54293145102747,174.2033123323099
17,292,217.42784719698867,174.4797730722016
17,293,217.2846870068153,175.01563682309364
17,294,217.15207770425127,175.69018388306932
17,295,217.03638342618893,176.3494704788923
17,296,216.90723593512482,176.85872791295407
17,297,216.7127960170331,177.12287913679523
17,298,216.42148612660705,177.11599430679306
17,299,216.03421483010018,176.87853700089835
17,300,215.60644295892362,176.52127076818093
17,301,215.24345260465765,176.18971268967184
17,302,215.0581701984815,176.01839953144656
17,303,215.11072816301225,176.07335053787745
17,304,215.4006837265973,176.34727320536734
17,305,215.87107983997944,176.76841277500682
17,306,216.41259968499324,177.2299535984398
17,307,216.89991926690038,177.61977205448395
17,308,217.23922938015338,177.86121970740106
17,309,217.3779956990423,177.9131134791772
17,310,217.30413294796463,177.77202535100952
17,311,217.0442367837283,177.47750244888897
17,312,216.64571239558953,177.10093599796824
17,313,216.17629236694145,176.7189376435954
17,314,215.71388705614345,176.40863703842297
17,315,215.32259789323965,176.22778437559964
17,316,215.0493738681467,176.19552813462946
17,317,214.9300738992492,176.29381477683964
17,318,214.95849395803435,176.49059152096444
17,319,215.09089807106957,176.73957783573871
17,320,215.27876968802082,176.98553667515952
17,321,215.4837937979399,177.16965487551727
17,322,215.66665713257237,177.2492978491734
17,323,215.81365159247974,177.19666081340264
17,324,215.93877521415016,177.01345832707202
17,325,216.06125940990773,176.7357304272816
17,326,216.17608855080582,176.42778843615608
17,327,216.2715502651734,176.15354379294484
17,328,216.33017637599576,175.9699581642414
17,329,216.3254930997546,175.91666324463296
17,330,216.23369907564813,176.00454762308686
17,331,216.064061148127,176.21962977256928
17,332,215.84490925216602,176.53361660755849
17,333,215.61128261159024,176.90012466943924
17,334,215.41312445216383,177.2583855943271
17,335,215.30028323080774,177.56015296377768
17,336,215.29768384599427,177.77304119988327
17,337,215.40408485723486,177.8800067990842
17,338,215.59487481146974,177.8817529594759
17,339,215.81818055835964,177.7987139231858
17,340,216.01608892233747,177.65260932063626
17,341,216.14594304350834,177.46752738965105
17,342,216.18957181869277,177.27050346437443
17,343,216.15174846080228,177.0913255481094
17,344,216.05154323978488,176.95718417847314
17,345,215.91372936924466,176.8861504054481
17,346,215.76092631767338,176.883488143656
17,347,215.60676760842463,176.94174641327112
17,348,215.46143734312767,177.04238838104718
17,349,215.33787507655674,177.15341055806942
17,350,215.2463955000619,177.24593744051197
17,351,215.1941316614144,177.30375192422528
17,352,215.19091027688185,177.32514567688426
17,353,215.24127339383352,177.31609416467072
17,354,215.3448819189001,177.29726418033675
17,355,215.49483056829808,177.29585329709823
17,356,215.67463860349213,177.32772396815372
17,357,215.85826264325163,177.39317705019272
17,358,216.01969841717354,177.48865432595153
17,359,216.13493676125367,177.5979565890003
17,360,216.18408384539197,177.690414737599
17,361,216.15526241758772,177.73904954908497
17,362,216.048859910294,177.728267456882
17,363,215.88084299737778,177.64818448201217
17,364,215.67778798073329,177.5078398767889
17,365,215.47857220599178,177.33628053194712
17,366,215.32704604896168,177.17216486031816
17,367,215.25733898019274,177.0544808978512
17,368,215.2816690638625,177.01539134182056
17,369,215.3914715896409,177.0693011067113
17,370,215.5583775848162,177.20861425948289
17,371,215.74319482930127,177.39979853503448
17,372,215.91293870429382,177.58476823189122
17,373,216.06087098376136,177.69685978898488
17,374,216.2052504244287,177.67235238604326
17,375,216.3813983197709,177.47302921066483
17,376,216.63778949887072,177.09967909658567
17,377,217.01737859162776,176.59518451572234
17,378,217.52656968089659,176.02897568634373
17,379,218.14450021545846,175.48933201676914
17,380,218.83388675335678,175.04188265599257
17,381,219.5375588847657,174.69573259861022
17,382,220.20149636853108,174.41653972635203
17,383,220.80611612609925,174.15102953053784
17,384,221.35640348236223,173.82154030686877
17,385,221.8688639699083,173.35372200843327
17,386,222.37838369434758,172.7300725824408
17,387,222.90859908640888,171.9843571367032
17,388,223.44011274003108,171.17502974661878
17,389,223.9303722511112,170.36911289168654
17,390,224.33379380071554,169.65579171242265
17,391,224.5900347854513,169.1171154032451
17,392,224.66154850281393,168.78370312064524
17,393,224.5636913278607,168.6352388880142
17,394,224.34535087758726,168.63383868748767
17,395,224.07283360771942,168.71566810651598
17,396,223.84221568037424,168.8303665210419
17,397,223.71405057823932,168.9371574518196
17,398,223.71715522913598,169.00895090732948
17,399,223.83818833488053,169.0196335487792
17,400,224.0969797665143,168.9421663757388
17,401,224.4668484765831,168.78616963419375
17,402,224.86095639196697,168.60829111464258
17,403,225.17302900383908,168.48250532777516
17,404,225.31806307801662,168.46857939762347
17,405,225.28184443566403,168.58471708102988
17,406,225.12980236099642,168.7948612312045
17,407,224.96840252490134,169.02447575269935
17,408,224.89349401808667,169.184606592166
17,409,224.97085536807987,169.19845647774346
17,410,225.2274179492795,169.0186482053538
17,411,225.63920467096122,168.64053005246734
17,412,226.14832052150885,168.10988127669677
17,413,226.68443036984087,167.50892360922825
17,414,227.1770129703514,166.94729009797933
17,415,227.55018399843067,166.54974306864722
17,416,227.73822045535084,166.41577634373323
17,417,227.70576254096508,166.5703841544914
17,418,227.47065224961065,166.96921201305233
17,419,227.0944126470384,167.49441722601753
17,420,226.67682750708283,167.96255068481744
17,421,226.33399634684574,168.20443746762123
17,422,226.16591891395566,168.13234473308955
17,423,226.21181627804415,167.75560481658866
17,424,226.43454542445446,167.19091297330868
17,425,226.73793132639938,166.6421614933343
17,426,227.0086990903539,166.30984310108465
17,427,227.15362064387642,166.32533525477
17,428,227.13124515065013,166.7021764376977
17,429,226.9688141713018,167.3296696757642
17,430,226.73837946933432,168.01207391611604
17,431,226.52165500844472,168.53796633656881
17,432,226.37634547971757,168.74997309738552
17,433,226.32621141832996,168.5976740650109
17,434,226.35284003189892,168.1461440004119
17,435,226.40584023033327,167.54809357164493
17,436,226.423003804883,167.0006625993244
17,437,226.3614804517902,166.6806315637837
17,438,226.20758210899945,166.69597015384807
17,439,225.98791695067717,167.0452621941679
17,440,225.7565931694395,167.63611659112559
17,441,225.5749449928242,168.31772900818947
17,442,225.48318853709708,168.92034240128498
17,443,225.48712038560285,169.30975515452621
17,444,225.55939005641844,169.44051830230234
17,445,225.6617710379165,169.3367161251718
17,446,225.75419158020046,169.07217929103948
17,447,225.8044695012025,168.7497265173423
17,448,225.80271569321064,168.46157356923132
17,449,225.7443279324757,168.27240250920818
17,450,225.6267364292655,168.21154033321892
17,451,225.4654682838441,168.2736770401986
17,452,225.28839096085954,168.43917500878874
17,453,225.11799348202157,168.67226334624814
17,454,224.98698120256375,168.90969147429
17,455,224.92434665148122,169.09964662359704
17,456,224.9214637283226,169.22035186818815
17,457,224.95344590960897,169.25774312164904
17,458,224.98878305214393,169.22791681255617
17,459,224.99333088240823,169.18666297593822
17,460,224.9501124111337,169.18359280326422
17,461,224.87991727471012,169.22848056367644
17,462,224.82180331566988,169.31007678462166
17,463,224.83266787239114,169.38619620232882
17,464,224.96401587106038,169.3774552663728
17,465,225.23830578452737,169.22574730562056
17,466,225.63824614417416,168.9341560655874
17,467,226.10297596758065,168.5488189432862
17,468,226.54800693036003,168.15947281425173
17,469,226.89743424438453,167.89542146510465
17,470,227.1037100705961,167.84974350780593
17,471,227.15958905708075,168.03417463873973
17,472,227.1041317750077,168.39450162012707
17,473,226.99443815679734,168.8167712774973
17,474,226.88763191319154,169.1549501712697
17,475,226.83302680544176,169.29783814052345
17,476,226.86335727466314,169.22013833981558
17,477,226.9932193277986,168.9741172272073
17,478,227.2154516433528,168.66223066211242
17,479,227.48938435091506,168.3981085577102
17,480,227.75210088331463,168.27983712971093
17,481,227.93961396885695,168.33653641533027
17,482,228.00385724964005,168.5129567514738
17,483,227.94596586471218,168.7070785123717
17,484,227.82940695881203,168.79932454993596
17,485,227.75700077758688,168.5860173132734
17,486,227.80373565843013,168.14507004145528
17,487,228.01558777863457,167.54042880356263
17,488,228.38279034962946,166.8770012630259
17,489,228.8319213186889,166.28709057872052
17,490,229.25101059879378,165.89583622982167
17,491,229.53522642013488,165.7905911180663
17,492,229.60925996980725,166.01503017946274
17,493,229.44598640909788,166.52896221107036
17,494,229.06981437821844,167.1997647767068
17,495,228.5499737578041,167.86148046680367
17,496,227.977057565414,168.35182063556246
17,497,227.44796040835118,168.5347592467559
17,498,227.03925385732168,168.37116013384613
17,499,226.8001104237131,167.9400905954003
17,500,226.74168970885574,167.3815597041908
17,501,226.84439540233367,166.86376274031363
17,502,227.06568737171332,166.54433157713603
17,503,227.3596242213949,166.50822719312006
17,504,227.6802265233254,166.74670140761197
17,505,227.98831626394704,167.15963763743312
17,506,228.2473399798965,167.6027144607261
17,507,228.41766203572482,167.95264582968738
17,508,228.44646963033347,168.13678986430213
17,509,228.27096932690026,168.14686061633782
17,510,227.83061265634396,168.07819017183328
17,511,227.06937437097315,168.08432401146896
17,512,225.96338248609382,168.28731921573282
17,513,224.55242399221382,168.75260517999902
17,514,222.94900640974217,169.47552900387794
17,515,221.31791503490285,170.36425719883508
17,516,219.84868939034084,171.2673813452098
17,517,218.70280840033433,172.0495905054282
17,518,217.98033182630897,172.63685667383552
17,519,217.69025742651777,173.03452600790342
17,520,217.7478087572221,173.306446403733
17,521,218.0214887793045,173.53728353835965
17,522,218.3712024852214,173.7905913408903
17,523,218.65053154904504,174.07550407317154
17,524,218.75156705745326,174.35713011458103
17,525,218.63528924630924,174.5825844069376
17,526,218.3092086368712,174.70313700983195
17,527,217.83054628273942,174.69186786980774
17,528,217.30471976721262,174.5601487820466
17,529,216.83763371924948,174.3308063887381
17,530,216.51058269775444,174.03635160262874
17,531,216.37390572318117,173.73259719887952
17,532,216.408792984425,173.4940016011897
17,533,216.54686638482082,173.3854735481391
17,534,216.71542809485683,173.4386202930108
17,535,216.85591874934923,173.64288243307954
17,536,216.92812259398232,173.94592094300532
17,537,216.93458804386933,174.2573302404096
17,538,216.89933938500403,174.48694958721057
17,539,216.84055603624108,174.60259593673507
17,540,216.76203421625016,174.62123334767685
17,541,216.67110576225306,174.58308729930678
17,542,216.57510936509135,174.55128620631325
17,543,216.47278346388168,174.5801496611022
17,544,216.36912301202324,174.67733724980138
17,545,216.27305977802496,174.82448621533422
17,546,216.17146883038097,175.00051233426998
17,547,216.0356431591802,175.17821777185958
17,548,215.86780932437782,175.34487019488358
17,549,215.68868405173504,175.50249796244097
17,550,215.52176759014398,175.65112223314517
17,551,215.38706435880437,175.77136983599706
17,552,215.30421726044196,175.83728232940646
17,553,215.26837978197347,175.8107982082484
17,554,215.25684747806838,175.67593348735682
17,555,215.2440390785884,175.45124839350598
17,556,215.22855683698606,175.19665320782724
17,557,215.22934084816256,174.9740483498934
17,558,215.27600560308363,174.8370136721322
17,559,215.3881360246519,174.80818148308592
17,560,215.56701859778985,174.87622273917188
17,561,215.77795389355362,174.9967720275972
17,562,215.9627881062388,175.12852776190533
17,563,216.06257256653026,175.24634402264795
17,564,216.04986476030777,175.33703341259977
17,565,215.93774395897688,175.3949640204255
17,566,215.7832876094799,175.42430177000807
17,567,215.65526277572891,175.43119815935245
17,568,215.60542289168652,175.4151760696469
17,569,215.64916640985194,175.37243314603012
17,570,215.7703570428728,175.30127710308952
17,571,215.93394762665923,175.2088404344421
17,572,216.10652488290708,175.10922893104987
17,573,216.26804723060567,175.01428871501514
17,574,216.41319034019853,174.93537760750968
17,575,216.540378876553,174.87937854459773
17,576,216.64019686433872,174.84687332318273
17,577,216.70318646383424,174.83382857399465
17,578,216.71786435799635,174.83801074918193
17,579,216.6792173463486,174.85430751394952
17,580,216.59966581717168,174.87952248696976
17,581,216.51398905828344,174.89805409796213
17,582,216.45546959442578,174.89335994334812
17,583,216.4551792736776,174.86170746132578
17,584,216.53406635513656,174.81294256492043
17,585,216.685535794625,174.76099693739397
17,586,216.8733444140559,174.71755609273154
17,587,217.0571682059063,174.6761875543429
17,588,217.19697906485794,174.62444854476897
17,589,217.25909620627243,174.55672757941852
17,590,217.2391113000274,174.46624979033612
17,591,217.16703248107532,174.35149152861604
17,592,217.0870558448605,174.2188640558958
17,593,217.04016330709678,174.07800775705095
17,594,217.05328025902008,173.93144087803915
17,595,217.13208372742324,173.77942728219173
17,596,217.25415352782892,173.6389031772046
17,597,217.38056461887044,173.54119256341758
17,598,217.48252976575682,173.49884258937712
17,599,217.55289899727697,173.50289558043676
17,600,217.5976992200765,173.54521012372356
17,601,217.6300325002483,173.61020494421462
17,602,217.66133515168758,173.67339120670732
17,603,217.69544286746117,173.71370719753224
17,604,217.73315774939437,173.72411863647002
17,605,217.77877119757633,173.69808040352817
17,606,217.8337921895529,173.62485349585083
17,607,217.90417163213658,173.49723764391263
17,608,217.99869039053524,173.31915060344235
17,609,218.1128542146096,173.09108431397524
17,610,218.21998960023492,172.82087530748836
17,611,218.30024073117312,172.5331196624882
17,612,218.34172082797878,172.25699489562822
17,613,218.33472017359145,172.01812666272497
17,614,218.27871823167993,171.8442030445884
17,615,218.18884179028848,171.74416595062394
17,616,218.08430235302134,171.69609114609025
17,617,217.97847786795967,171.66709667665185
17,618,217.87823185612183,171.62859437422352
17,619,217.78848048681022,171.5576109754125
17,620,217.7088072635436,171.44598425826143
17,621,217.6208390947943,171.3116015271808
17,622,217.51595766557733,171.18418151075068
17,623,217.4007712918915,171.09394379106118
17,624,217.2738295891553,171.07801215284118
17,625,217.13488769351727,171.1730401982768
17,626,217.01276242411322,171.37958158906213
17,627,216.9330129138728,171.67189608253435
17,628,216.91139790173733,172.00401741048952
17,629,216.97886481905428,172.30082731374094
17,630,217.1663372920352,172.48594663378142
17,631,217.4741773781174,172.53983387041552
17,632,217.87687757477678,172.48273428033116
17,633,218.320866835499,172.36529981729942
17,634,218.72906986346578,172.26638309339043
17,635,219.0287516042966,172.25651818320074
17,636,219.1590238482754,172.350168927578
17,637,219.08802644375567,172.51927394438297
17,638,218.83833280118014,172.70405818821172
17,639,218.4866800474736,172.82451735646694
17,640,218.12303966405628,172.81941713167407
17,641,217.84066900307096,172.68430250673262
17,642,217.71465209216234,172.45991221380072
17,643,217.77806417074012,172.21382597503938
17,644,217.99721704008567,172.03524965983564
17,645,218.30803438847838,171.9914500512844
17,646,218.64447656972564,172.09472293538806
17,647,218.95335596509042,172.31654757871254
17,648,219.19373924332947,172.61026671411045
17,649,219.35669599566774,172.90467423137335
17,650,219.44733450329971,173.1316812578953
17,651,219.46869407624897,173.252101599214
17,652,219.4215737718289,173.25790163951308
17,653,219.31551613711588,173.16572258667546
17,654,219.1599342437076,173.02642437454173
17,655,218.9670151471921,172.9123676253195
17,656,218.75339099544203,172.88595025172944
17,657,218.54845116791248,172.97411847545956
17,658,218.37530866580673,173.17404848272994
17,659,218.24849188847156,173.45661096088008
17,660,218.17866938099104,173.7665252711984
17,661,218.17462250898097,174.0449019689734
17,662,218.2116982858178,174.2601518318865
17,663,218.25722114413995,174.39265466322843
17,664,218.28861631618344,174.41914351083997
17,665,218.29562863267586,174.33124304157332
17,666,218.27328755098225,174.1475957753081
17,667,218.24108118258675,173.8955697551905
17,668,218.22029595420798,173.61075656509232
17,669,218.22139384199588,173.34067314557822
17,670,218.23296882414547,173.15426542744274
17,671,218.22891342614466,173.1018218273434
17,672,218.18034861153507,173.20578606739446
17,673,218.07830825284364,173.4659240974282
17,674,217.9180580309706,173.8732121471166
17,675,217.70132867796096,174.36378624766988
17,676,217.45475366484757,174.85744889203974
17,677,217.21297391272634,175.28713269941392
17,678,216.99221050343658,175.61093933066067
17,679,216.80678120866153,175.7973549646424
17,680,216.66967020059434,175.8563357722027
17,681,216.5587917608457,175.83106737748045
17,682,216.43962960466538,175.77922615885834
17,683,216.28922838153406,175.74785235627817
17,684,216.1046718757991,175.77574544804162
17,685,215.90308852070902,175.88305900938497
17,686,215.71401875111738,176.05164604631207
17,687,215.5612722955809,176.23088418386666
17,688,215.45780020153333,176.3739438442634
17,689,215.38861043811886,176.44340373900374
17,690,215.3197540825769,176.40877318970942
17,691,215.2464627547104,176.26945735881824
17,692,215.18398602176023,176.05849170479596
17,693,215.15083091133496,175.81074812255918
17,694,215.1776675000742,175.54785795920637
17,695,215.29667390520913,175.2832666196774
17,696,215.5053453983435,175.01930913651762
17,697,215.77522266469634,174.7428076167821
17,698,216.08088901645135,174.4350617930158
17,699,216.4035619085501,174.0902651763489
17,700,216.72768231493527,173.7265900148862
17,701,217.04116965708792,173.37333607846975
17,702,217.33404051665133,173.0685177154185
17,703,217.57449852418577,172.85797112840123
17,704,217.71455259017912,172.78010071340526
17,705,217.72527424680302,172.83106151289243
17,706,217.61886726969396,172.95891606595606
17,707,217.45216125450628,173.069915250766
17,708,217.33051787357107,173.0456878216901
17,709,217.38612435319683,172.77563861971888
17,710,217.72596434060623,172.20761671864773
17,711,218.3957702951411,171.3852020378496
17,712,219.36556233469472,170.42700057274806
17,713,220.5347604996804,169.4847357573909
17,714,221.7477946498316,168.69627953300747
17,715,222.8176143970809,168.17147010736812
17,716,223.56110788621822,167.97204442140975
17,717,223.8417455398044,168.10090515849888
17,718,223.6083739836237,168.4940796852263
17,719,222.8985990545502,169.07258676040985
17,720,221.84620091383496,169.71954786684248
17,721,220.6641696416865,170.26346164402386
17,722,219.5915187035956,170.54481101556635
17,723,218.79805343294146,170.5169394457243
17,724,218.36671390801465,170.2018020775081
17,725,218.27682482119332,169.7167110227981
17,726,218.41307635127686,169.282267999428
17,727,218.5925917590277,169.1575023427002
17,728,218.63041027679,169.53731698880205
17,729,218.39534303028125,170.50980840702456
17,730,217.85820453573183,171.98868802679462
17,731,217.09163724690987,173.72989522764652
17,732,216.25142517134185,175.39026606407847
17,733,215.52616914070796,176.59652866769795
17,734,215.07965007894376,177.07577816671701
17,735,214.98875308759557,176.75467279892098
17,736,215.22318994213626,175.7534237632088
17,737,215.67421253917965,174.34342787187035
17,738,216.23431562272415,172.8776167878577
17,739,216.81180025750933,171.67111969049094
17,740,217.36071434745918,170.91392322447962
17,741,217.88213747343127,170.65209731064792
17,742,218.39890588975143,170.8002482285998
17,743,218.90606187967566,171.1984218959533
17,744,219.39589226172708,171.62792798399997
17,745,219.86417669256713,171.87321827202248
17,746,220.3329551062494,171.7841244720243
17,747,220.84962429476295,171.28750031808443
17,748,221.47125316955038,170.38971770606003
17,749,222.21046363944302,169.2515731084332
17,750,223.02201799781602,168.10937352638854
17,751,223.79654570947915,167.1783726843392
17,752,224.39335842680063,166.6107596118219
17,753,224.68223046636402,166.44367305141583
17,754,224.5764092064939,166.56985636512718
17,755,224.0531097016943,166.84426032014574
17,756,223.17312613387892,167.1458426799362
17,757,222.06432924089225,167.39200228916806
17,758,220.8954042454742,167.5935061466976
17,759,219.85223788512877,167.85126659604617
17,760,219.07235868237072,168.27297413315034
17,761,218.611596573266,168.92160898578476
17,762,218.4473079001107,169.83951761235244
17,763,218.4868083079363,171.00804539284886
17,764,218.58713666257032,172.31076651848556
17,765,218.6215146855485,173.59632197629045
17,766,218.5265544610297,174.72627211530025
17,767,218.29271684971647,175.55712878998014
17,768,217.93695197074175,175.9929733323673
17,769,217.50960445983998,176.0383705549053
17,770,217.09352443052884,175.73818677009567
17,771,216.73566663099595,175.18719586707982
17,772,216.45567738966034,174.5625085787786
17,773,216.29374317013375,174.04211085436458
17,774,216.28373676018927,173.74547214468396
17,775,216.4078519031909,173.76070631773803
17,776,216.6293222950499,174.10148403581294
17,777,216.89416482997206,174.67256644830778
17,778,217.1195933657532,175.33034454185002
17,779,217.23055119210647,175.92166733542783
17,780,217.19964465821815,176.30570009046446
17,781,217.04432929320424,176.41800013005346
17,782,216.80280204640513,176.27321165824458
17,783,216.53034687817114,175.9429182233567
17,784,216.27173279737426,175.5503005394638
17,785,216.0498947141021,175.23510449237327
17,786,215.87728559998055,175.07729162775638
17,787,215.76814008597094,175.10746943083606
17,788,215.71420447099894,175.3121824221184
17,789,215.70520201241354,175.6211467715099
17,790,215.7281106979942,175.9336141680872
17,791,215.76564527268047,176.1761514276156
17,792,215.80102686431778,176.29276584960485
17,793,215.83751209171518,176.24537102081078
17,794,215.88074683057073,176.04570854648378
17,795,215.93185759236306,175.73645313280028
17,796,215.9932652131743,175.35410317762015
17,797,216.09043047744157,174.91778645829913
17,798,216.25312268470944,174.4364583479315
17,799,216.51285053125164,173.90638255094996
17,800,216.90109832202134,173.3406248183675
17,801,217.4263532027081,172.77468522636474
17,802,218.03023628412504,172.292308023012
17,803,218.59858989269267,172.00387313268837
17,804,218.99136582897262,171.9966827708917
17,805,219.09619958584986,172.27995660623228
17,806,218.8695542967716,172.797402644993
17,807,218.35466688842806,173.42682811951752
17,808,217.6832076080154,174.00783948583432
17,809,217.03818249862618,174.38695591092699
17,810,216.5753616844366,174.4817008165519
17,811,216.3781900206304,174.28415390592374
17,812,216.45679856672382,173.860410624627
17,813,216.73593178189185,173.35104652111647
17,814,217.0816590610615,172.93970035409953
17,815,217.36140497884134,172.78265290030478
17,816,217.48575495905493,172.9717413889274
17,817,217.42008505845428,173.5051912898647
17,818,217.19423241812066,174.2704113434872
17,819,216.87862176525292,175.08210568933399
17,820,216.5523956475026,175.74836542180364
17,821,216.2734312769969,176.11773538956734
17,822,216.07054764908395,176.13167971765145
17,823,215.9578557078491,175.83086431236808
17,824,215.93998550652256,175.34412669465107
17,825,215.99968070945025,174.8549030126488
17,826,216.10840808684392,174.5519118943104
17,827,216.2305785237525,174.54823037155316
17,828,216.32643140977657,174.86732439540907
17,829,216.36648581199867,175.42865705975794
17,830,216.34829396599048,176.06776700420477
17,831,216.29022255280742,176.59544100998892
17,832,216.21459994516357,176.88553579336616
17,833,216.12059986523045,176.89864034482366
17,834,215.9908459141544,176.6718325529799
17,835,215.80584332938486,176.3037129604314
17,836,215.56192221945477,175.9230440694455
17,837,215.2964634895643,175.63062165929668
17,838,215.08655637445042,175.4668999455955
17,839,215.00448381530876,175.41841952263917
17,840,215.1128371118595,175.40812518339928
17,841,215.45194373496605,175.29794600053037
17,842,216.0486861449147,174.9131962726114
17,843,216.93627804423105,174.0905945238728
17,844,218.16283328326062,172.76994528363977
17,845,219.7291375324136,171.04694758906294
17,846,221.5576626251947,169.15538421533805
17,847,223.45855533845298,167.43887375640722
17,848,225.13314152969988,166.28706607352115
17,849,226.2436815573962,165.97229551701963
17,850,226.5549489446875,166.53974323838088
17,851,226.0019085646102,167.83762058113933
17,852,224.6806720311605,169.55574434371078
17,853,222.82878529420591,171.29723260996022
17,854,220.7801734421215,172.68606550047008
17,855,218.82304359619275,173.49295817098158
17,856,217.1637343123211,173.65287128366387
17,857,215.97194501999263,173.2701684100713
17,858,215.24083366278458,172.599697459488
17,861,215.2560067683534,171.54477485886235
17,862,215.84322174973528,171.74389022859594
17,863,216.47491131930985,172.1780514368659
17,864,216.99931586571049,172.84663048622988
17,865,217.32547145234494,173.5256013552066
17,866,217.44946828602386,174.01463940864397
17,867,217.39816954499875,174.18366280056753
17,868,217.22099740171308,174.0115366477486
17,869,216.9817635433967,173.549092249739
17,870,216.72038417888257,172.91993846533327
17,871,216.45291138852463,172.2964855166374
17,872,216.2026915096589,171.8132032534882
17,873,216.00130426918935,171.54435442743065
17,874,215.86555540208872,171.5386188375432
17,875,215.8111234177616,171.8016688044695
17,876,215.86498367383524,172.27119061075643
17,877,216.03519398148163,172.8748132756579
17,878,216.30242885115285,173.52944661997444
17,879,216.61894065158478,174.11713961879744
17,880,216.91524831872158,174.51887431308782
17,881,217.11300302527007,174.68283142945066
17,882,217.15489509626727,174.60394198072396
17,883,217.0397501128501,174.2841281056245
17,884,216.8358784377369,173.71186059834943
17,885,216.70646167750235,172.85880290568565
17,886,216.90279109760388,171.6784083258374
17,887,217.69595766698671,170.141056409777
17,888,219.26143127642908,168.31473610695136
17,889,221.60824340378466,166.41663052164026
17,890,224.47087106638796,164.77762575926496
17,891,227.28222222434053,163.76746111391878
17,892,229.33269301002045,163.68703637135613
17,893,230.01756380363148,164.60817894585054
17,894,228.99849344977181,166.33999901361054
17,895,226.80168774635604,168.29318143786466
17,897,221.54349172334298,171.2815867289375
17,898,218.2739369694843,172.66244094081407
17,899,215.76992942816096,173.45745667461188
17,900,214.76497253846216,173.51017103912346
17,901,214.94029348710652,173.1347386320608
17,903,216.77734423865596,172.24994937383016
17,904,218.1240155543405,171.76987992441516
17,905,219.15697350020844,171.53209806419812
17,906,219.55629859572085,171.73076901278722
17,907,219.3380307093341,172.34303420681377
17,908,218.6880478056669,173.25286372592515
17,909,217.93504946470097,174.20160892150346
17,910,217.38979457634352,174.8845754155248
17,911,217.22780731373936,175.09514363852017
17,912,217.44386561273808,174.77889018253956
17,913,217.88451639933788,173.99755656756432
17,914,218.3264510169573,172.95964419144747
17,915,218.57798674783297,171.99592226643662
17,916,218.5674397904754,171.37195714626657
17,917,218.34795901919503,171.18779367660593
17,918,218.05144082603982,171.4222626786832
17,919,217.83924299774222,171.94624451938958
17,920,217.81906458208178,172.5446797894313
17,922,217.9847644562006,173.26595754792623
17,923,218.07858707794924,173.47936340829466
17,924,218.15672975780413,173.56880345108544
17,925,218.16116295986595,173.4554523659645
17,926,218.17912184169018,173.08101965480043
17,927,218.4062471406528,172.37566717385872
17,928,219.07376469716354,171.31340183152682
17,929,220.34496941810346,169.97559835009858
17,930,222.2431841801891,168.550148080974
17,931,224.57432752010763,167.31081078007995
17,932,226.92222674393943,166.54080056593887
17,933,228.74995672512185,166.454249106298
17,934,229.58501980419197,167.11167992285823
17,935,229.16584950409813,168.40196326154648
17,936,227.54649029620663,170.03487684928032
17,937,225.10231320635873,171.614097257217
17,938,222.4117343673562,172.79275984308134
17,939,220.06712674327133,173.36826831872523
17,940,218.4933525684119,173.41489152576358
17,943,217.6324913221483,172.67951101811553
17,944,218.0320607973476,172.37529924324943
17,945,218.62697887392997,172.25162790452387
17,946,219.1357239949704,172.4553254653676
17,947,219.32559660458037,172.91825404437017
17,948,219.13945138631888,173.51245794472683
17,949,218.68863998856185,174.07218314023078
17,950,218.17175023186925,174.4545713737413
17,951,217.74711266975095,174.61050578764622
17,952,217.4948339487674,174.52689843043555
17,953,217.40269475747576,174.24565286363372
17,954,217.45668558410932,173.8141248518461
17,955,217.59797111686453,173.33775589842855
17,956,217.7484903984527,172.95365490198085
17,957,217.8172655865624,172.7789420983876
17,958,217.75355983504576,172.88865573280268
17,959,217.59811370383034,173.25135151341033
17,960,217.45252603599565,173.7550890900844
17,961,217.39000120711185,174.25687405710994
17,962,217.4390689131045,174.63426471835754
17,963,217.5699738172127,174.82928764807153
17,964,217.68505239914026,174.83054833665727
17,965,217.68256189127837,174.64079442718375
17,966,217.57054991308985,174.24498345502434
17,967,217.51177493779792,173.5860782209072
17,968,217.80548796352082,172.570183979816
17,969,218.82942834083468,171.13426597330536
17,970,220.49846728684406,169.52247389349435
17,972,224.73130179413718,166.80221733994617
17,973,227.64467414412917,165.3935496326243
17,974,230.15565572081894,164.43664160712103
17,975,231.39558715389998,164.29872213445324
17,976,230.97512377545394,165.00838567783978
17,977,229.26643460180398,166.27356541318724
17,979,224.5924029873749,168.96663076722945
17,980,221.5650542389394,170.50192272822648
17,981,218.88517145496374,171.55485993235104
17,982,217.26281965953035,171.8995875228186
17,983,216.595765705531,172.062906326508
17,987,217.45676459492668,171.44366778880314
17,994,216.65495184724207,173.13717659459255
17,995,216.62858204227896,173.35312095040848
17,996,216.81096951829502,173.47365926101736
17,997,217.20744798365186,173.40625628780742
17,998,217.72812075317285,173.3241590818418
17,1000,218.60581159121935,173.52641502370753
17,1003,219.27523415718667,174.51544439208058
17,1006,218.8562530706053,175.18323772931183
17,1007,218.35102044262095,175.26012865707196
17,1008,217.60388734348658,175.14636931807354
17,1009,216.76836579411577,174.7996043070101
17,1010,216.06879310161818,174.2942106978946
17,1011,215.7104750632285,173.6955579819418
17,1012,215.82226676013514,173.05486490635303
17,1013,216.41522704487082,172.44791305153277
17,1014,217.37885315381266,171.97880974422253
17,1015,218.49049142355875,171.76287524051784
17,1016,219.46940887524704,171.88895577389903
17,1017,220.05931575043655,172.37481181960104
17,1018,220.10391149343423,173.12767036649353
17,1019,219.58018407097344,173.95275077055206
17,1020,218.6156901723081,174.60841370573758
17,1021,217.4588586834231,174.90915764916397
17,1022,216.3939759397078,174.79733785256136
17,1023,215.65160864893122,174.38340046978013
17,1024,215.35980933750847,173.90961278149013
17,1025,215.51772973003582,173.60829036329795
17,1026,215.99847734387822,173.60093254591257
17,1027,216.61997927849296,173.86206842654644
17,1028,217.2548447836687,174.4012767989373
17,1029,217.77976684392726,175.0817149073091
17,1030,218.09676551189187,175.7346755208364
17,1031,218.1786506922061,176.21699224809765
17,1032,218.05293444117314,176.42406031693642
17,1033,217.77328351239316,176.31212267221173
17,1034,217.3949987908447,175.9213170403236
17,1035,216.9593517207474,175.34051780560068
17,1036,216.4991713981318,174.69348799334662
17,1037,216.050098935346,174.11762114194093
17,1038,215.65638961647488,173.7328929358304
17,1039,215.36655605821764,173.6140787682561
17,1040,215.2348863848442,173.7984580403631
17,1041,215.2886212265178,174.25237613049364
17,1042,215.52500512933202,174.86094270793316
17,1043,215.89472468764563,175.48265523114773
17,1044,216.31026828972497,175.99120745629986
17,1045,216.68031308460405,176.29062746477447
17,1046,216.93816497280534,176.35487657710712
17,1047,217.03637880315085,176.24145297272378
17,1048,216.96032266756765,176.04036359299758
17,1049,216.74035947289812,175.84936534927203
17,1050,216.43354438536147,175.73386271259224
17,1051,216.1134449126559,175.7112586733079
17,1052,215.8574410912356,175.76510920194005
17,1053,215.73830363730835,175.86001682226217
17,1054,215.78760863399714,175.94651459667392
17,1055,215.991858621768,175.99135087055012
17,1056,216.29176968823793,175.99545999556713
17,1057,216.59790863469104,175.97267807448978
17,1058,216.82207969864294,175.94731686368817
17,1059,216.91672324204615,175.9443544327514
17,1060,216.87504762215076,175.97008490651933
17,1061,216.73619368316866,175.98614614116897
17,1062,216.56181519714028,175.95174550076237
17,1063,216.4075500746762,175.8486386779766
17,1064,216.30940702688417,175.68020797687046
17,1065,216.28279407575667,175.4832321017305
17,1066,216.30579384190636,175.33557131585408
17,1067,216.35151283818624,175.30416627396133
17,1068,216.39182469565046,175.41498958569656
17,1069,216.39832411025554,175.6612952090476
17,1070,216.35498181746058,175.996752813821
17,1071,216.2663041094698,176.3508439981797
17,1072,216.13690652018826,176.6612606821982
17,1073,215.98362113342503,176.88628841944248
17,1074,215.8243640816201,177.01078580208963
17,1075,215.65694660685688,177.04887553203307
17,1076,215.48066156087634,177.0273317040732
17,1077,215.31196979937647,176.97568188830317
17,1078,215.16465535898502,176.91746234634175
17,1079,215.0595055791428,176.86340333079661
17,1080,215.03396365699857,176.8191766204602
17,1081,215.09807966628105,176.78920421382952
17,1082,215.23116505052084,176.7699746422742
17,1083,215.402045573704,176.75274108383203
17,1084,215.56428877181753,176.72988403193173
17,1085,215.65023359980867,176.6969580007249
17,1086,215.61479406235367,176.65165786452488
17,1087,215.4552422476902,176.59612765372273
17,1088,215.2080829152017,176.54291045611987
17,1089,214.9304681088922,176.51078387917107
17,1090,214.69425180105486,176.50717276505443
17,1091,214.55971921432126,176.52961671512398
17,1092,214.5476251950893,176.57466681252325
17,1093,214.63592362425504,176.62882461964895
17,1094,214.79188082557027,176.6647660447552
17,1095,214.98944199860955,176.66129583795947
17,1096,215.20572634327812,176.60856460669245
17,1097,215.41688434441775,176.50010543914502
17,1098,215.59441954636262,176.33959114386226
17,1099,215.71656205263227,176.14264487777194
17,1100,215.77110456210954,175.9294631622814
17,1101,215.76425201717362,175.72425391142318
17,1102,215.72068431233598,175.55640369948125
17,1103,215.67165620385774,175.433927499404
18,0,217.06726906083426,163.02852446197983
18,1,217.10463731314633,163.12949631291607
18,2,217.1495192157686,163.24778422819566
18,3,217.19553647976173,163.36634343356917
18,4,217.23237575813866,163.45835019337554
18,5,217.25519418216285,163.51454069004944
18,6,217.26274705233436,163.5429330375139
18,7,217.25748606947693,163.5627442019541
18,8,217.24211109801206,163.5853119427595
18,9,217.21762401222927,163.61415332314647
18,10,217.18466054592236,163.64776368486307
18,11,217.14646335546104,163.68180594015925
18,12,217.10597051525673,163.7093700003215
18,13,217.06425091937635,163.72403735418172
18,14,217.02297389983465,163.72348584964934
18,15,216.9859122920953,163.70885744010914
18,16,216.95622853923152,163.68165645701148
18,17,216.936165726744,163.6452338706362
18,18,216.92838067181765,163.60520407034787
18,19,216.935169079282,163.5665123840268
18,20,216.9552086226963,163.53310707993006
18,21,216.98412844310386,163.50849900368559
18,22,217.017854709638,163.49323390736245
18,23,217.05080585188034,163.48418153705921
18,24,217.07701054033234,163.47747033138623
18,25,217.09216582527625,163.47003283087656
18,26,217.09569351054097,163.46034285278517
18,27,217.08699072647374,163.44828838440088
18,28,217.067503116919,163.43643729911844
18,29,217.03975531666367,163.4259661175152
18,30,217.00715355430458,163.41593964334558
18,31,216.97482249508442,163.40431091202953
18,32,216.95138987330856,163.3896645029538
18,33,216.94276040058585,163.3711656177655
18,34,216.95041062919964,163.35076494003448
18,35,216.97285638252842,163.33106435772532
18,36,217.0027930603132,163.31517117160558
18,37,217.0273709061375,163.30718198777907
18,38,217.0385413424977,163.3087466333826
18,39,217.03565128219728,163.3176708314623
18,40,217.02230235986673,163.33102762409348
18,41,217.00500361867415,163.34623869881082
18,42,216.99270447493979,163.36042170128553
18,43,216.99067314766816,163.37298329378265
18,44,216.99786057758212,163.38692870899928
18,45,217.0084241922713,163.40584583366808
18,46,217.0167367383581,163.4299754460712
18,47,217.0189811093392,163.4568866463114
18,48,217.01307627446,163.4823734791843
18,49,217.00001337923732,163.50067867178583
18,50,216.98398247935313,163.50713210104044
18,51,216.9692402605647,163.50168920645825
18,52,216.95866706388617,163.48616232296484
18,53,216.95443293634264,163.4629078097546
18,54,216.95782307100703,163.43497653970633
18,55,216.9702437296826,163.40505852882018
18,56,216.99364767917422,163.3740094040642
18,57,217.02811032325855,163.34352480727622
18,58,217.070126220482,163.31555846836804
18,59,217.1132249769683,163.2911227736018
18,60,217.1491132893243,163.27040382312367
18,61,217.16899297253084,163.253100334574
18,62,217.16806930118992,163.23737338681684
18,63,217.14894657317308,163.22182125699996
18,64,217.12094645389706,163.2070238907807
18,65,217.09549839367926,163.19405583633912
18,66,217.08111078149724,163.18376593854956
18,67,217.07958923744891,163.17777363596016
18,68,217.08510502777852,163.1763501742722
18,69,217.0878082413974,163.17655152321188
18,70,217.07770991319657,163.1747180526971
18,71,217.04835074397985,163.16838053032984
18,72,217.00048808651755,163.15540131062286
18,73,216.94123978274817,163.13477163750335
18,74,216.87746702761117,163.10845325269136
18,75,216.81394845369496,163.08106790617504
18,76,216.7561523963091,163.05662658374166
18,77,216.70797131210836,163.03795828027063
18,78,216.67131000575668,163.028411758621
18,79,216.64914612697646,163.03175082073543
18,80,216.64529429701668,163.050493526341
18,81,216.65981062227146,163.0854763202779
18,82,216.6891046938683,163.13604696984194
18,83,216.72791875354454,163.19899569939292
18,84,216.76940814456623,163.26628784376197
18,85,216.8045392790707,163.32695286704924
18,86,216.8253747630007,163.37366505289035
18,87,216.82870060638658,163.40374574091194
18,88,216.81500498262199,163.4164838995245
18,89,216.78836217148924,163.41479144143545
18,90,216.7576926646101,163.404035143236
18,91,216.73475917629187,163.38892528531753
18,92,216.7270674693689,163.37276576347827
18,93,216.7356673085554,163.35840605663262
18,94,216.75568937353486,163.34797515164172
18,95,216.77794754191888,163.34361289228016
18,96,216.7913692569181,163.34440485191638
18,97,216.78730565669932,163.3471642601136
18,98,216.7638752997729,163.34980774380412
18,99,216.72603801606007,163.35135459596546
18,100,216.68213459253482,163.35160258441837
18,101,216.63862696565812,163.35302910101808
18,102,216.60188933262137,163.35839112811044
18,103,216.57724214716396,163.36818837626578
18,104,216.5688621246544,163.3820725166532
18,105,216.57850817374177,163.39936649883649
18,106,216.6082571812526,163.4177900647937
18,107,216.6561221516923,163.43576118367608
18,108,216.71423493837833,163.4547375516988
18,109,216.77021083727914,163.4773065461766
18,110,216.81461057017813,163.50364025720452
18,111,216.84370198962642,163.5326329763004
18,112,216.8606936410513,163.5631288238199
18,113,216.8727312299871,163.59195263795732
18,114,216.8870043785891,163.61428843378508
18,115,216.90754315709938,163.6270556470121
18,116,216.93354402332045,163.62977462706556
18,117,216.95943441307458,163.6228356597697
18,118,216.97944462201957,163.60643135119628
18,119,216.99081273732725,163.58207593311056
18,120,216.99235593153892,163.55233568206302
18,121,216.98393216307122,163.52071049851241
18,122,216.96775583574544,163.4900187129695
18,123,216.94779777998738,163.4637530658897
18,124,216.92976869191565,163.44367274372382
18,125,216.92004135414038,163.429369815077
18,126,216.92276097460243,163.4181005179554
18,127,216.93793749339514,163.4071556443101
18,128,216.96187968297357,163.39339306308716
18,129,216.9872202115047,163.37642858383452
18,130,217.0046012139343,163.35885797049713
18,131,217.00762508809467,163.3448527012939
18,132,216.99569668181798,163.33921222372663
18,133,216.97267686648783,163.34654842458085
18,134,216.94346935843484,163.36669120238682
18,135,216.9136306399642,163.3950777131922
18,136,216.8872542939478,163.42519186968156
18,137,216.8658104267785,163.45024961339135
18,138,216.84914627294245,163.46533486312362
18,139,216.83925783605287,163.46975636629043
18,140,216.8391879746869,163.46574703592646
18,141,216.84981091164744,163.4574229741664
18,142,216.87022871759075,163.44807038933624
18,143,216.8982358527371,163.4380495154182
18,144,216.92697348274118,163.42614477521985
18,145,216.94730103138508,163.4124248808194
18,146,216.9554319868408,163.3968838200992
18,147,216.95067338352678,163.38121466921768
18,148,216.932634942705,163.37033785530204
18,149,216.90538764331131,163.36864738587846
18,150,216.87675107529554,163.37709954333448
18,151,216.85177743912828,163.39644334341233
18,152,216.83367242614668,163.42617686982226
18,153,216.82380377211624,163.46296783929
18,154,216.81932883533838,163.503882416986
18,155,216.8154650717804,163.54688607851637
18,156,216.81060442968243,163.58824649189708
18,157,216.80575967645063,163.6238925300676
18,158,216.80510511743816,163.65221289220227
18,159,216.8147443786129,163.67297615413756
18,160,216.8374001594336,163.6876021553922
18,161,216.8686175110027,163.69831523260132
18,162,216.89955979727142,163.7065042553965
18,163,216.92090245372276,163.70846407716107
18,164,216.92636718933605,163.69515321274426
18,165,216.91561340321505,163.6582970473161
18,166,216.89367167234482,163.59381406748196
18,167,216.8682859887408,163.5025952138587
18,168,216.84611002088556,163.39376079455474
18,169,216.82998411356246,163.28491987712218
18,170,216.81864046242413,163.19000440139288
18,171,216.8086701531221,163.11528686396073
18,172,216.79678154565855,163.0616588482433
18,173,216.7820898459238,163.02518948711008
18,174,216.76692634387868,162.99923285492622
18,175,216.75544011925348,162.98145007330524
18,176,216.7531484889276,162.97589410317784
18,177,216.76393292091478,162.9869825159029
18,178,216.7873834659299,163.01778868185016
18,179,216.81797022152924,163.06860926828614
18,180,216.848021061759,163.13469759959813
18,181,216.8693802135888,163.20578444549156
18,182,216.87709576979535,163.27279850268872
18,183,216.87178543792365,163.32936364974725
18,184,216.859868594646,163.3715528399466
18,185,216.84939008541483,163.39971486421302
18,186,216.84700065644805,163.41733329858292
18,187,216.8556499622861,163.4272400834273
18,188,216.87377667434453,163.4309930129824
18,189,216.89577039283105,163.43030076522248
18,190,216.91573956588135,163.42644289100446
18,191,216.92983125078067,163.42208807641714
18,192,216.93606172467054,163.42171124885053
18,193,216.93352649421976,163.42934192754655
18,194,216.9235136656989,163.44438398963925
18,195,216.90906709647072,163.4630163288275
18,196,216.892770673465,163.47866071859434
18,197,216.87677202747057,163.48397361771754
18,198,216.8630097604165,163.47394637286678
18,199,216.85253405513004,163.4489392684618
18,200,216.84445908940748,163.41243844965288
18,201,216.8371686468835,163.3699366757713
18,202,216.82928921645197,163.32741056330798
18,203,216.82073747712863,163.28850722218587
18,204,216.8111924786636,163.25442044399114
18,205,216.8009786322505,163.22588168617892
18,206,216.7918278221037,163.2035490827973
18,207,216.7859470076035,163.18622431087886
18,208,216.78465487954577,163.1730899722975
18,209,216.78978197025907,163.16398886714072
18,210,216.80177043877163,163.1586866725446
18,211,216.81807665413194,163.15811976202156
18,212,216.8344084828887,163.16704804957172
18,213,216.84686774738014,163.18914070386998
18,214,216.85241437920052,163.22553406084006
18,215,216.8502296256745,163.27463761576226
18,216,216.84249339666903,163.33022394191562
18,217,216.83309491041837,163.3808321281609
18,218,216.8257778110179,163.4176820259573
18,219,216.82269265743506,163.43642764335917
18,220,216.82398786000033,163.43611202906595
18,221,216.8290091930154,163.41905459188837
18,222,216.8371939352316,163.39155066820132
18,223,216.8477816788041,163.3611145132379
18,224,216.86065080273247,163.33513304155383
18,225,216.87630556128477,163.3207734605394
18,226,216.89376362963435,163.3229322734752
18,227,216.9101050539258,163.3423079238931
18,228,216.92255394982965,163.37470101969248
18,229,216.9282419350874,163.41142579770747
18,230,216.92595689257521,163.4423927259255
18,231,216.91663724575267,163.46208801643084
18,232,216.90284855626388,163.47028714422257
18,233,216.8871072281414,163.47028092082695
18,234,216.87286129147,163.468469559155
18,235,216.86360325437346,163.47200632608957
18,236,216.8643057110936,163.48339975552298
18,237,216.8780081034107,163.50082636244636
18,238,216.9049753081958,163.52035971452207
18,239,216.94324880941963,163.53787431338108
18,240,216.98770234455066,163.54879555082573
18,241,217.02833349837428,163.55116572767903
18,242,217.057991378199,163.5460858372705
18,243,217.07417870128907,163.5360442589716
18,244,217.076639345446,163.52207491992817
18,245,217.06668448002128,163.50433189767364
18,246,217.04862837004526,163.48169804839918
18,247,217.02658126881067,163.4517000581266
18,248,217.00334975948985,163.4128718084254
18,249,216.98114092566937,163.36687427251448
18,250,216.9618557937291,163.31891574303245
18,251,216.94590792111362,163.27535004330863
18,252,216.93289305139868,163.24080221062195
18,253,216.92211548081272,163.2168854726389
18,254,216.91044312812528,163.20340402713197
18,255,216.8956937329223,163.19719723446096
18,256,216.879249152244,163.19235524398604
18,257,216.86470523541112,163.17970714620128
18,258,216.8632895348589,163.1347292965862
18,259,216.91383150501835,162.99941374686927
18,260,217.1000891730669,162.68082094107456
18,261,217.55862262997198,162.07086428837007
18,262,218.4463004935421,161.09805589308496
18,263,219.85722509776733,159.79564802379863
18,264,221.73153023002695,158.3361603001454
18,265,223.81017745249542,157.00302059957272
18,266,225.6513497353592,156.1229174567103
18,267,226.74146395992204,155.93754426069663
18,268,226.69568633659907,156.49791638302474
18,269,225.41516196174808,157.66587058905907
18,270,223.13774684906804,159.15858028031434
18,271,220.40033585946466,160.60908553411653
18,272,217.90813465253058,161.6889041068028
18,273,216.24734482409966,162.20419505867207
18,274,215.72391523094663,162.1253386633658
18,275,216.30178267299507,161.57471531674514
18,276,217.6467148464272,160.79764108281856
18,277,219.22330906260277,160.0547961276252
18,278,220.59100481951242,159.53837626240326
18,279,221.546628771656,159.3002868343706
18,280,221.92382367315216,159.42467622803224
18,281,221.72516834830012,159.89921422178665
18,282,221.22711927413664,160.5186064698788
18,284,220.3332563463756,161.45632602385902
18,285,219.88020125458533,161.8907897607334
18,286,219.55254779771766,162.15173905916498
18,287,219.40860958850797,162.1425226292225
18,288,219.3711348043923,161.94235957474498
18,289,219.34530012783674,161.65622706322648
18,290,219.25885851550146,161.40586639654603
18,291,219.10561554588446,161.2852025225561
18,292,218.92709226405097,161.35014341100344
18,293,218.7536721957234,161.60917343776643
18,294,218.62313504582022,162.0230148191065
18,295,218.5553578588932,162.50562616024024
18,296,218.5148380931037,162.96917426740248
18,297,218.4299989872106,163.33887254182966
18,298,218.2584336558437,163.5608899344257
18,299,217.9889385360682,163.6194289869724
18,300,217.65362954264555,163.55361457293358
18,301,217.34624233782534,163.43441083404696
18,302,217.18215189742415,163.3327745624707
18,303,217.22676884161282,163.29645112454375
18,304,217.48390731561415,163.3374872143886
18,305,217.90330839521826,163.42603781319247
18,306,218.38102434567392,163.50945828731642
18,307,218.79720493560913,163.54065191112545
18,308,219.0658373395094,163.48826507946293
18,309,219.14899323710588,163.34583798663758
18,310,219.05078256184566,163.1400801666156
18,311,218.80611224564453,162.92436381387083
18,312,218.46505075120655,162.75102781855588
18,313,218.08924767369308,162.66405946714193
18,314,217.74252580270027,162.69497086526707
18,315,217.47302732767466,162.84121882362612
18,316,217.3157006525612,163.05522632534766
18,317,217.29028724285135,163.2734641879211
18,318,217.3771784836024,163.44315094008846
18,319,217.5228771151111,163.52761742935263
18,320,217.67631058887414,163.51233223867328
18,321,217.80870263030963,163.4051333689505
18,322,217.90701114538396,163.22937136262667
18,323,217.98687320300598,163.0083012816646
18,324,218.0847519264394,162.75924715344976
18,325,218.22815603560164,162.49743136126372
18,326,218.40362235963036,162.24726939055606
18,327,218.57434835452094,162.0361579750963
18,328,218.692304655253,161.89005885997304
18,329,218.7081376095911,161.8363491572249
18,330,218.58881010458484,161.89818492587486
18,331,218.34634859436937,162.08078212470022
18,332,218.0244846499885,162.3621550872511
18,333,217.683560997828,162.69740411824094
18,334,217.40079578352172,163.0229546606336
18,335,217.24582893318163,163.28173375866936
18,336,217.24936081558238,163.43965423818534
18,337,217.40222918544598,163.49296459677277
18,338,217.66177462467417,163.46030608015164
18,339,217.9513738602351,163.3761536952391
18,340,218.19290065388137,163.26708633463903
18,341,218.33374892129828,163.14873243180654
18,342,218.35666414285254,163.03376695111365
18,343,218.27442512378937,162.93722997848545
18,344,218.12106644921707,162.87544277947205
18,345,217.9355203874994,162.86673579133114
18,346,217.75224279808288,162.92234095773273
18,347,217.5919154068814,163.03640990526813
18,348,217.46505008272078,163.18834383130473
18,349,217.37573668225969,163.34576211368528
18,350,217.32131012051292,163.47486993804534
18,351,217.29864184314607,163.55058369320884
18,352,217.31210798246406,163.5614067231204
18,353,217.36769293679245,163.5094197114459
18,354,217.47346674717303,163.41286987578243
18,355,217.63657038302375,163.2982426480297
18,356,217.8498328615803,163.19160129465945
18,357,218.08678444264729,163.11676967236818
18,358,218.31286240580005,163.09235333387022
18,359,218.49106405776297,163.12147904237517
18,360,218.58545877648737,163.1914500014837
18,361,218.57206502444572,163.28241206866352
18,362,218.45052194459666,163.3708487712732
18,363,218.24374976057155,163.43049579402532
18,364,217.98868958700345,163.44774545197012
18,365,217.73439777983617,163.42548890385638
18,366,217.53396843146007,163.37568817013346
18,367,217.4266517890764,163.31496802577448
18,368,217.42826243097602,163.26353057844818
18,369,217.53055055961968,163.23678969035646
18,370,217.70257755771243,163.241078696868
18,371,217.899610931773,163.2735700345247
18,372,218.08116417282338,163.3192098270651
18,373,218.23083809132916,163.34851482942457
18,374,218.36222009426717,163.31994877456148
18,375,218.5121676669006,163.1991593148004
18,376,218.73482657958144,162.96576333979115
18,377,219.07842977461996,162.61743886114184
18,378,219.55503868554123,162.1748233543052
18,379,220.14825168124756,161.68671802715758
18,380,220.8199233070552,161.2007915876014
18,381,221.5064031183251,160.73674461086628
18,382,222.15982577144877,160.2916592426315
18,383,222.7718657657075,159.85277609112555
18,384,223.34949151289487,159.38158020628998
18,385,223.91924682811052,158.8221640284134
18,386,224.54309015429843,158.13681134943505
18,387,225.25037984000795,157.326189324811
18,388,226.0072205755579,156.41753989229233
18,389,226.75619982959333,155.46526550617486
18,390,227.41537771807754,154.56393949925737
18,391,227.8591089983463,153.83900696039947
18,392,228.00219618132934,153.37449384133484
18,393,227.8425491199407,153.2222640746409
18,394,227.48194790415027,153.28344031552118
18,398,226.71982570817954,154.06115456507695
18,399,226.69949496986857,154.41923062967655
18,400,226.77231733300232,154.68529169223288
18,401,227.04435102497337,154.7496645467485
18,402,227.3622703735589,154.6970100962421
18,403,227.59896743318967,154.60124115424622
18,404,227.6648371461153,154.53639957730522
18,405,227.55077767967094,154.5566436237836
18,406,227.34250440145087,154.65903259490517
18,407,227.1793995531655,154.7925773954616
18,408,227.17415026323079,154.89074746071316
18,409,227.38329852377413,154.8950063676851
18,410,227.81260601812713,154.7511958334083
18,411,228.41410447312597,154.4341208514746
18,412,229.09828079425674,153.96576613779783
18,413,229.7651310368218,153.40837449851992
18,414,230.33015869173275,152.85301873886283
18,415,230.7237807369169,152.41627042915277
18,416,230.8921267633979,152.2015795741324
18,417,230.8209959109942,152.25034379488534
18,418,230.55771252070278,152.53470654795265
18,419,230.18836438679415,152.96101046500746
18,420,229.81573847300822,153.37499943181672
18,421,229.54964235716952,153.62689038123852
18,422,229.4696798302751,153.62789666629033
18,423,229.59000007202056,153.37277922154382
18,424,229.85800103352102,152.9417846961897
18,425,230.17265291176815,152.49440936209243
18,426,230.41177345597708,152.20236146290063
18,427,230.4803680008226,152.18905231409445
18,428,230.3455624011062,152.48165684715644
18,429,230.0457341294298,153.0098408507271
18,430,229.67299143170297,153.6250733970136
18,431,229.34479531575312,154.14285009707544
18,432,229.15109542381677,154.40792295195504
18,433,229.12863790444337,154.3538351272733
18,434,229.24993787193387,154.0133050562639
18,435,229.4384941033008,153.49877435356225
18,436,229.59461465413665,152.9778349796744
18,437,229.63960097949905,152.62084283806328
18,438,229.53586297542535,152.54395638274735
18,439,229.3063932278935,152.76565007470137
18,440,229.01786314135944,153.22341087295322
18,441,228.7489818709811,153.80016685588438
18,442,228.56091552308948,154.35325966204772
18,443,228.48202432673943,154.75812844820908
18,444,228.5010429252131,154.95832003648
18,445,228.58383473780697,154.95676832352873
18,446,228.68834999447185,154.80059338182937
18,447,228.7758897497716,154.56456005056106
18,448,228.82198014511485,154.32941820410713
18,449,228.80329957149223,154.16296655118137
18,450,228.70521364843984,154.10353636262437
18,451,228.5405346944228,154.15610611106877
18,452,228.34288964212777,154.3120205051541
18,453,228.1485119142574,154.53879836700395
18,454,228.00299599937898,154.78337697662553
18,455,227.94113094990033,155.00229177911245
18,456,227.9599392282373,155.17487716434107
18,457,228.02771532913627,155.28126035667793
18,458,228.09962815862409,155.33043342174736
18,459,228.13338416512968,155.35813614353808
18,460,228.11081101930762,155.39714070555289
18,461,228.04673525994843,155.45425391602717
18,462,227.9817870991611,155.52543295184879
18,463,227.97722380035702,155.5789341915308
18,464,228.09722169963263,155.55030623978908
18,465,228.37187780471362,155.39087420398744
18,466,228.78382154693577,155.10183977738924
18,467,229.2670404358958,154.7227613879283
18,468,229.72738571175745,154.3360964802487
18,469,230.0666525183075,154.06435350456908
18,470,230.22506058489373,153.99500857953143
18,471,230.20024303322626,154.1415107830128
18,472,230.04695682233864,154.4565950029375
18,473,229.84926806020218,154.83425190638334
18,474,229.69332840788965,155.13079304646453
18,475,229.64162538116184,155.23602790026652
18,476,229.72174805156058,155.1230146752327
18,477,229.93214514926515,154.84196379073862
18,478,230.23710997645625,154.49943335001342
18,479,230.56586464351346,154.22112620244826
18,480,230.83320847494366,154.1109428272705
18,481,230.96752583462018,154.19686580825197
18,482,230.93096708136082,154.41983472995656
18,483,230.74629660403258,154.66679031302039
18,484,230.50542384717284,154.8127065797865
18,485,230.33512041565407,154.74952056254855
18,486,230.34421652638193,154.45401492712355
18,487,230.58907557450593,153.96737952273256
18,488,231.04772715798407,153.38286057921025
18,489,231.62315765053282,152.82900106612138
18,490,232.17710995186073,152.43155161387728
18,491,232.5792503531702,152.28144208347183
18,492,232.7293320951421,152.43217003989395
18,493,232.5953262945472,152.8628000157278
18,494,232.2109312032832,153.46245791043296
18,495,231.65815999980424,154.0817157714307
18,496,231.04753274679774,154.5643015862051
18,497,230.50341680779883,154.77191324146025
18,498,230.11327177795098,154.65300315689987
18,499,229.91588321822937,154.2665142337547
18,500,229.90485820795806,153.73509516004222
18,501,230.03392828486506,153.21763449073077
18,502,230.23529325190506,152.8656989311645
18,503,230.45873535214267,152.7591702184417
18,504,230.6753735372039,152.88887797702372
18,505,230.87405314479722,153.16182272655067
18,506,231.0474975062259,153.4512585544177
18,507,231.17547332187394,153.6502834954716
18,508,231.2013412965012,153.70536595371217
18,509,231.04987292412693,153.62807657137836
18,510,230.63763336201885,153.524612990582
18,511,229.88431227710174,153.54152863387188
18,512,228.74489136526242,153.79399863393763
18,513,227.26106478584228,154.3301828920849
18,514,225.5571771840277,155.11376720767683
18,515,223.81767589056165,156.01988575548864
18,516,222.25892744982815,156.8820605753959
18,517,221.07399188700836,157.56294738841777
18,518,220.36855891591497,157.9978411166355
18,519,220.13685538244098,158.2190632124855
18,520,220.27486419969304,158.3286221499033
18,521,220.6323818475481,158.42924485881122
18,522,221.05480790347613,158.57897453560335
18,523,221.39698574661875,158.78521860313757
18,524,221.54726503358694,159.0185504796361
18,525,221.4570620937615,159.22650995201468
18,526,221.1183009132208,159.37815072988766
18,527,220.5732091377134,159.47276073897535
18,528,219.92241553498852,159.52295669905925
18,529,219.2932494244383,159.52425840838805
18,530,218.80466623784238,159.47154046827518
18,531,218.5520109647534,159.36466291476412
18,532,218.5445517656682,159.22873787377708
18,533,218.70447781918722,159.12384068456288
18,534,218.93170833136512,159.10761389325037
18,535,219.12830358771785,159.1975640375701
18,536,219.21464037057117,159.38065237802977
18,537,219.16647912275383,159.61354805970265
18,538,219.02258601625152,159.82817975412198
18,539,218.83454806167666,159.99561440741994
18,540,218.63702810013902,160.14318437878623
18,541,218.44546516101502,160.3117774106793
18,542,218.27376517379386,160.53110669250728
18,543,218.11164601029844,160.81247627460266
18,544,217.93924139621808,161.1249278213827
18,545,217.7514321103046,161.41697404786726
18,546,217.55225353105652,161.65036678954039
18,547,217.33762261971643,161.81605590913955
18,548,217.1227396479674,161.937433492867
18,549,216.9389303633253,162.05112949447218
18,550,216.81188552966358,162.1791404640234
18,551,216.7532093336515,162.3184961601051
18,552,216.76248671238804,162.4457476148487
18,553,216.83109537890834,162.5067852143943
18,554,216.93751836311577,162.46705567218683
18,555,217.05347500487093,162.3365551621488
18,556,217.16305914080786,162.16187118287743
18,557,217.2688555833256,161.9915870902828
18,558,217.3713202369936,161.87986487312486
18,559,217.466999967847,161.85324780351328
18,560,217.5584282732552,161.89638458553006
18,561,217.63175769938667,161.96781383050282
18,562,217.660279313196,162.03540544912033
18,563,217.6248453404812,162.08277574938325
18,564,217.53513954536777,162.10896560959299
18,565,217.416661125112,162.12062115026689
18,566,217.31669689472264,162.12383180903132
18,567,217.28251963326514,162.11775616921958
18,568,217.3446123085111,162.09384828147998
18,569,217.49348775573455,162.03990098979747
18,570,217.69265677143574,161.95125942028946
18,571,217.89920959826554,161.83558783389353
18,572,218.08305873168462,161.7064788271355
18,573,218.2281205126522,161.56871316743792
18,574,218.3413530059029,161.42180895123371
18,575,218.43937412481017,161.26874359101666
18,576,218.52711230441133,161.12317211576303
18,577,218.5996340102889,161.00557232476783
18,578,218.65066193160072,160.9385889469268
18,579,218.66812522521917,160.93684543380124
18,580,218.6474456312657,160.99556795195912
18,581,218.60910950604247,161.07631402785134
18,582,218.5813433509163,161.12976095385926
18,583,218.58677937376066,161.12904448254054
18,584,218.64453235758631,161.07300003912283
18,585,218.76367818243048,160.97998829246586
18,586,218.932497809978,160.87560997358446
18,587,219.12854071249492,160.778747202102
18,588,219.32502886069437,160.6933622432164
18,589,219.49404935193982,160.62255264584672
18,590,219.61329052883602,160.56279449243428
18,591,219.68230586276275,160.51116111881754
18,592,219.71655675376974,160.46553287803332
18,593,219.73569425718563,160.41862435450375
18,594,219.75459700763497,160.35814349278334
18,595,219.7860467139268,160.27417162237873
18,596,219.82314257520946,160.17572428990195
18,597,219.8482941598382,160.0820781772098
18,598,219.85175659369145,160.01848503107215
18,599,219.84372679143198,159.98733989305182
18,600,219.84027691850923,159.98234489519157
18,601,219.856571777251,159.98994308429573
18,602,219.9009976559719,159.9922925528955
18,603,219.9742310948675,159.96265779974485
18,604,220.0646950521777,159.8965480508779
18,605,220.15652660194743,159.80414237040713
18,606,220.23459926503526,159.6922384998439
18,607,220.29209216028607,159.563505875183
18,608,220.33335269654813,159.4247727527813
18,609,220.36951125133794,159.26768599937347
18,610,220.40536733841404,159.0776205278341
18,611,220.44698561692567,158.85594613994462
18,612,220.4975736674496,158.6174447101507
18,613,220.5448932485697,158.38337300394718
18,614,220.5691814068472,158.188191237215
18,615,220.5625428401667,158.05708075938875
18,616,220.52654186776948,157.98279916657677
18,617,220.46562482393577,157.95057588705467
18,618,220.38799117801503,157.9455999366466
18,619,220.30496001949535,157.94510068395797
18,620,220.21905487036915,157.93237626393287
18,621,220.12159872383216,157.91786722266454
18,622,220.01286593753974,157.9091073184773
18,623,219.90436972685717,157.90880110342158
18,624,219.80142276272946,157.94113811724716
18,625,219.71062378156344,158.03779945184394
18,626,219.65051248676443,158.18836182087267
18,627,219.62548080988054,158.36630578738976
18,628,219.63558596616247,158.54394152222218
18,629,219.69688162411973,158.6653038020617
18,630,219.8278548426473,158.67108644738792
18,631,220.03947004991625,158.56447150586976
18,632,220.33896471080118,158.385930193233
18,633,220.7047648316062,158.18631447701176
18,634,221.08460920271423,158.02570254863653
18,635,221.42077202473635,157.9528391247485
18,636,221.64107772339963,157.98613470640868
18,637,221.68997935043865,158.11629212262037
18,638,221.56020211393349,158.30742895514308
18,639,221.29713907260088,158.50280125785645
18,640,220.97134464452327,158.6528804839296
18,641,220.6814282560521,158.71495127863435
18,642,220.5128638639516,158.66352637325565
18,643,220.51617860667943,158.50175631962074
18,644,220.68228778674722,158.28273908022084
18,645,220.9680779105075,158.06909153442572
18,646,221.31176787298588,157.90680364429653
18,647,221.65368306897847,157.82537023675025
18,648,221.94598650532765,157.8367690985294
18,649,222.16882511182624,157.9105164797374
18,650,222.3082125746256,157.99925518671927
18,651,222.35808742347675,158.06304221848728
18,652,222.31753594371,158.07829867464514
18,653,222.18889004153306,158.04312235316723
18,654,221.98113893259668,157.98970065923854
18,655,221.7179256124663,157.971244441249
18,656,221.42009407468194,158.04088854749997
18,657,221.1206181408602,158.21621976388752
18,658,220.85098471103422,158.48435466364035
18,659,220.63157126683006,158.80972057777407
18,660,220.47345241197357,159.14292981593087
18,661,220.3934202370005,159.43011589537002
18,662,220.37371594420577,159.65595698705974
18,663,220.3867317451878,159.82289368399356
18,664,220.4126585192086,159.9215537936634
18,665,220.44612768253404,159.92866955639386
18,666,220.47717121721192,159.84087189039394
18,667,220.51754195177352,159.6564165253805
18,668,220.57890127789707,159.38379575247836
18,669,220.65952456925817,159.05968094709652
18,670,220.7365780803933,158.76665345194766
18,671,220.7826795732607,158.57802991176183
18,672,220.76916193505514,158.54248099188973
18,673,220.67021145831598,158.693524767919
18,674,220.46324798186293,159.03895695946608
18,675,220.14561745587,159.51786496681814
18,676,219.7361489879981,160.0474661062453
18,677,219.2663542667257,160.55674999086133
18,678,218.79024415806748,160.97519058819958
18,679,218.3722325053514,161.26052146056526
18,680,218.04926663847002,161.4348718445942
18,681,217.81662849444197,161.55021678616401
18,682,217.6534630618257,161.6527832019109
18,683,217.52722084590215,161.78239152427435
18,684,217.40747304585702,161.95347894032093
18,685,217.28342827644187,162.15128848522772
18,686,217.16417178658327,162.3425339777993
18,687,217.05823278624976,162.4915566041388
18,688,216.96507372264543,162.57841139359155
18,689,216.8748046247288,162.59712210361872
18,690,216.77729193265722,162.54046263941913
18,691,216.68423611282756,162.41632597609654
18,692,216.61681101851877,162.25736785646524
18,693,216.60397388028812,162.09114687222012
18,694,216.6787060804477,161.92723182116097
18,695,216.8628319344924,161.76166456744312
18,696,217.14759840334452,161.57733410003468
18,697,217.50771369076253,161.34645959872728
18,698,217.91149618587772,161.04084886384194
18,699,218.3281016498482,160.65408869752977
18,700,218.73572712632895,160.2156036328589
18,701,219.11934741988938,159.77213686147607
18,702,219.46646543086487,159.37244131985977
18,703,219.75089679538894,159.0739490929746
18,704,219.93737664578308,158.92683027167837
18,705,220.00748580970787,158.9358745185383
18,706,219.98053660655273,159.0511634607732
18,707,219.91272983077147,159.1720207736348
18,708,219.9003267753435,159.17320514063638
18,709,220.0621308721824,158.94119218420448
18,710,220.495285908532,158.42914292406036
18,711,221.23704961135954,157.68620145701178
18,712,222.2430415194888,156.8435781548903
18,713,223.40883798378408,156.04628957423307
18,714,224.58540674309896,155.39839977489785
18,715,225.59725016005893,154.96367006769944
18,716,226.27745838226048,154.76498218966026
18,717,226.5189401248514,154.78679476794855
18,718,226.29032307006545,154.99713786423075
18,719,225.6323382744335,155.38471328112502
18,720,224.66499708597067,155.9030133405509
18,721,223.57275884614816,156.439316792699
18,722,222.56835782843228,156.85896680633255
18,723,221.80994847839054,157.07142087026918
18,724,221.3853421403052,157.0208313475731
18,725,221.28119466219619,156.75596374816152
18,726,221.39693627552643,156.44104287941641
18,727,221.5584067406887,156.29123923244134
18,728,221.56631120572743,156.5133807178626
18,729,221.25106344084986,157.25555257669254
18,730,220.5581137068614,158.5015892330747
18,731,219.55692411817515,160.08333254658214
18,732,218.4247704614678,161.72168397141775
18,733,217.4145784367872,163.05258836262055
18,734,216.77280898546005,163.7672986661536
18,735,216.64231009973955,163.72236956693436
18,736,217.0142191378919,162.94837853394358
18,737,217.74658111831693,161.6600039914771
18,738,218.65435211167804,160.19809827603802
18,739,219.56205877073737,158.88123102369497
18,740,220.34789383743242,157.92691810088866
18,741,220.975921318504,157.42284512317084
18,742,221.48989955374864,157.29881817844156
18,743,221.93428839213087,157.39979229941426
18,744,222.36305739407385,157.529409178267
18,745,222.82873658815103,157.5071359368469
18,746,223.37321324393986,157.21935416551509
18,747,224.0217869499802,156.63317358624894
18,748,224.79693372555633,155.7854859145975
18,749,225.67019230939408,154.82037702064315
18,750,226.56467324995165,153.92097928730036
18,751,227.36270909874494,153.24219675310934
18,752,227.92894076836362,152.8913662715813
18,753,228.1408516818111,152.87898273456364
18,754,227.92411575741883,153.10525947660665
18,755,227.28223031864806,153.4458567709961
18,756,226.30746644421677,153.7980770994612
18,757,225.15513801267582,154.08663700322072
18,758,224.00201261131522,154.31851941610773
18,759,223.0193316283313,154.5840138145556
18,760,222.31366978558265,154.98009936383278
18,761,221.90412610746668,155.55982602513842
18,762,221.72731396510883,156.35163350324126
18,763,221.6748563199745,157.3265163083109
18,764,221.6179099488465,158.3877054696789
18,765,221.4574073275217,159.4214671815741
18,766,221.15678616937316,160.32951217392056
18,767,220.74246093447888,161.0107118579432
18,768,220.26576268254422,161.41444458830887
18,769,219.79878585538313,161.54853989199808
18,770,219.41957667600516,161.4316982313119
18,771,219.17197894660816,161.1196505737856
18,772,219.0479838282607,160.74777635085215
18,773,219.03296873840176,160.4361616153545
18,774,219.10329261875876,160.25792680468513
18,775,219.20504629526397,160.2855157014766
18,776,219.27085121975063,160.54998398311733
18,777,219.27845589438223,160.98457677740012
18,778,219.21151379850505,161.48953467901973
18,779,219.05737777514264,161.95838670245163
18,780,218.84049089887606,162.27812472236891
18,781,218.6087242141667,162.38706997994257
18,782,218.37956046876926,162.2964085806652
18,783,218.1749887269921,162.06396248949127
18,784,218.02196867080895,161.79007740798298
18,785,217.9156201236725,161.58895308818873
18,786,217.84793758091214,161.5159499999401
18,787,217.82800997796642,161.57411974384144
18,788,217.83676785960364,161.73985596762702
18,789,217.83658006085,161.9555786763484
18,790,217.81213347820588,162.14796428178562
18,791,217.76086414585043,162.28240765631503
18,792,217.67642143976616,162.34517185516253
18,793,217.58513779582378,162.31881409120138
18,794,217.53724012846953,162.20574181659526
18,795,217.56952979974037,162.03044732003283
18,796,217.6855649477217,161.81291874306234
18,797,217.89865838191332,161.54679136768024
18,798,218.2177325285539,161.22680359855946
18,799,218.639506988475,160.85417704503027
18,800,219.1553691853773,160.43745068117593
18,801,219.7668667351008,159.97604182772332
18,802,220.42061039813956,159.53044682750934
18,803,221.0058512774937,159.19358589152606
18,804,221.3838118761934,159.0380740873997
18,805,221.450223992231,159.08328213778287
18,806,221.16164532351036,159.32562030625132
18,807,220.57475733133302,159.70153039468954
18,808,219.84211440034468,160.10493007198835
18,809,219.17722533441105,160.42638349995514
18,810,218.75114616470364,160.59556354833992
18,811,218.64663573535177,160.57354574103155
18,812,218.853943434884,160.36651015621456
18,813,219.26684102194318,160.03483468394927
18,814,219.70686125287241,159.68861930999145
18,815,220.01810650523421,159.44614696240575
18,816,220.10393055418956,159.42058323427003
18,817,219.93176658610489,159.66723156445076
18,818,219.55063731308698,160.16122014397496
18,819,219.0724919914014,160.81322461858886
18,820,218.6204043830918,161.5040619427469
18,821,218.29218123403444,162.08044563293774
18,822,218.13300712539768,162.4284741667353
18,823,218.1476869282171,162.50555433206486
18,824,218.30928718458975,162.33637788993929
18,825,218.548095657076,162.00536375398872
18,826,218.77533182189856,161.66823049147982
18,827,218.92408130063745,161.47797249082953
18,828,218.95036361455487,161.52205077516257
18,829,218.84246841814723,161.79295004875695
18,830,218.63214310154004,162.20039615611364
18,831,218.38781154975922,162.6048324514149
18,832,218.18085787237106,162.88577075746647
18,833,218.03722965828638,162.9959065749543
18,834,217.92824877864516,162.96103209191523
18,835,217.7992825417758,162.85600805235023
18,836,217.60356885946186,162.76813195308077
18,837,217.34220305078497,162.75141500782203
18,838,217.0837915681317,162.7992815751422
18,839,216.93454350019428,162.8602968972375
18,840,217.00990450349772,162.84550846196632
18,841,217.38951320855367,162.63715869808135
18,842,218.1114786167035,162.11254844472992
18,843,219.20509123836172,161.17958584790242
18,844,220.68867489946945,159.84175763966797
18,845,222.5210282877152,158.21923858811218
18,846,224.5917909699932,156.5285004238052
18,847,226.6913482605086,155.05262681708237
18,848,228.48179098755202,154.10696081178153
18,849,229.59955054061612,153.88561433292844
18,850,229.81058972932973,154.39368561388247
18,851,229.0739480367463,155.4890118475232
18,852,227.51636081942888,156.9275496109688
18,853,225.4236479659785,158.37866132381987
18,854,223.16613892517785,159.53829463949535
18,855,221.0574957223866,160.24155583491617
18,856,219.2991242725793,160.4558367588192
18,857,218.02145356546094,160.2672737969055
18,858,217.27973475437554,159.8483162118365
18,859,217.04480262431687,159.41229403369135
18,860,217.28294616519347,159.14142443512344
18,861,217.87831606294057,159.11025614547927
18,862,218.6211429861327,159.2419910876833
18,863,219.31769941377289,159.49307282101023
18,864,219.81055002341645,159.80355062888216
18,865,220.02481374786248,160.08520348484925
18,866,219.99031029722343,160.2492353103212
18,867,219.80108876175387,160.2382873369495
18,868,219.55225865828464,160.04987511683697
18,869,219.3234659259478,159.70499218694525
18,870,219.14219208066362,159.27562309040363
18,871,218.98673446317946,158.86360049293782
18,872,218.82418903825575,158.54732575883264
18,873,218.65015081014593,158.370073760854
18,874,218.4711033656783,158.3778154158263
18,875,218.32545218615178,158.5807010446397
18,876,218.26176003449555,158.93878289191312
18,877,218.31434601846343,159.40321312061653
18,878,218.48603035219668,159.90986844204292
18,879,218.74616223981602,160.35941566126772
18,880,219.02617827278476,160.66292658658253
18,881,219.2496229976334,160.7961384057352
18,882,219.3523758952666,160.7806363475875
18,883,219.3160501270782,160.6332809829799
18,884,219.20188466598043,160.329531946757
18,885,219.17288684213023,159.79657318951536
18,886,219.49233436293468,158.94089414906608
18,887,220.44284425943786,157.68955070986874
18,888,222.20434694066026,156.0648556696227
18,889,224.76480554130015,154.2407992066933
18,890,227.83827113958273,152.528913358133
18,891,230.8374798048063,151.2725851084458
18,892,233.05837448903702,150.74792624801123
18,893,233.90013079500298,151.07598631215615
18,894,233.05641850835266,152.172221211928
18,895,230.67609324374368,153.7551567895163
18,896,227.28287844786462,155.48781249140228
18,897,223.46087173534582,157.14789635725873
18,898,219.91862001001428,158.49833329162607
18,899,217.39022601032846,159.32052084899948
18,900,216.2935604502904,159.5482316169869
18,901,216.57967593792603,159.28120420935403
18,902,217.87150919588635,158.69361796032675
18,903,219.63023238723162,157.98547141604794
18,904,221.32270949816228,157.35968074088282
18,905,222.46587395327234,157.00700382993134
18,906,222.80915013807873,157.03103836680887
18,907,222.38234855793482,157.44381071777715
18,908,221.4411450613647,158.16310632426604
18,909,220.36955716474378,158.99418438985975
18,910,219.55151473642232,159.67975936641147
18,911,219.2193639643276,160.03833354079305
18,912,219.40261033013897,159.98891015392746
18,913,219.96540347483258,159.53296618564215
18,914,220.6583122871649,158.79892767333695
18,915,221.22142679421452,158.0519087791997
18,916,221.51236727346182,157.51014728152853
18,917,221.53498660409514,157.25937768270384
18,918,221.38171572447268,157.2970894379562
18,919,221.19310982071917,157.54209685654848
18,920,221.09132636457156,157.84030341171803
18,921,221.1058928675264,158.09324210380615
18,922,221.1713445224427,158.29554150960334
18,923,221.26778326667377,158.50026070733554
18,924,221.35788219483308,158.69002558799247
18,925,221.4400901569184,158.79581619638012
18,926,221.6035311127633,158.67695657106236
18,927,222.02466500613374,158.1880326408598
18,928,222.8949100116633,157.2719879501753
18,929,224.3464851578307,156.00981498285478
18,930,226.37748879094946,154.60407294127117
18,931,228.76968868789356,153.35697482681405
18,932,231.07532931585828,152.5765489127063
18,933,232.7550187324406,152.46564113582548
18,934,233.35269092700034,153.0589997008035
18,935,232.62933827099423,154.24071051389305
18,936,230.6726364071667,155.73994203121532
18,937,227.91511637906805,157.1897454744617
18,938,224.97181184960928,158.29017557817684
18,939,222.44139007763047,158.89015835241443
18,940,220.7825724144283,159.04251003737753
18,942,219.8469464304185,158.71286651018644
18,943,219.94524473835145,158.3764924011275
18,944,220.42093153171817,158.08662497961262
18,945,221.0504347139346,157.95980834178488
18,946,221.53870369330915,158.02637924018183
18,947,221.67906368216597,158.26616546409318
18,948,221.4230155643901,158.60233864555812
18,949,220.86760457131822,158.93510754610867
18,950,220.20575421607793,159.21579783947664
18,951,219.63568376993427,159.42588683292064
18,952,219.28540734210702,159.53660851148584
18,953,219.19300526168544,159.51554961463867
18,954,219.31840119381735,159.39518155739515
18,955,219.55792445548548,159.22460271273948
18,956,219.79284779759345,159.0645534224976
18,957,219.93959712057026,158.97441418004024
18,958,219.97221675736122,159.00171622382447
18,959,219.93311849024383,159.11158753508906
18,960,219.9088903473752,159.23328536675945
18,961,219.95870396587537,159.30859294338825
18,962,220.08386339388525,159.31720104903073
18,963,220.22346042211447,159.29316384676963
18,964,220.28668944047735,159.2990047764817
18,965,220.22034807406234,159.36799639414554
18,966,220.08559945514926,159.45277498945498
18,967,220.06737151770278,159.43473531147555
18,968,220.44594073129738,159.15417805983137
18,969,221.50540918608846,158.48827235102598
18,970,223.36893741643755,157.42489755027603
18,971,225.93204273091186,156.08155795103957
18,972,228.98596953620213,154.59173700442577
18,973,232.09771212823227,153.14441934767723
18,974,234.6127637578517,152.0513797102285
18,975,235.8971152511552,151.62171047823117
18,976,235.5998840605128,151.98137910991767
18,977,233.76671534998576,153.07140173901644
18,978,230.77192653762575,154.684385700649
18,979,227.11651591730885,156.51736996554519
18,980,223.39479977684474,158.19251088174792
18,981,220.28903777914084,159.33827621598888
18,982,218.30393814484,159.78870908041065
18,983,217.5630267922021,159.65274229583702
18,984,217.89075736876117,159.1605755234131
18,985,218.85098991658282,158.56745857987815
18,986,220.00254080544255,158.04960984858673
18,987,221.0267046172879,157.71064011702256
18,988,221.8247935618467,157.53438457905781
18,989,222.1412117085968,157.62481678690753
18,990,221.91008956972414,158.00783113393348
18,991,221.2695508684578,158.63263017551503
18,992,220.44617952718556,159.3698579942157
18,993,219.6587097812582,160.0680418208006
18,994,219.0771322047347,160.60797607137397
18,995,218.8633174304885,160.8835607525028
18,996,218.97607676685413,160.87976158924866
18,997,219.31868291502914,160.67905820632595
18,998,219.78674845011426,160.41034866649977
18,999,220.29647780510282,160.19381151962008
18,1000,220.7664631714186,160.17619871093524
18,1001,221.18258637091242,160.26351049255237
18,1005,221.25887072493003,160.8795213263045
18,1006,220.83147735752107,161.05972110608576
18,1007,220.2628769175528,161.21545915369467
18,1008,219.52806135288134,161.26299667538683
18,1009,218.75635157393873,161.17898679795852
18,1010,218.119710607366,160.96709933091228
18,1011,217.79211153603566,160.63583019737064
18,1012,217.90885016198683,160.19235064988692
18,1013,218.50758970169883,159.67102520697694
18,1014,219.4986064670332,159.14637411473427
18,1015,220.66663246068376,158.72943150094687
18,1016,221.71292994334206,158.53096929083205
18,1017,222.3442719961402,158.62318593794944
18,1018,222.39172601463912,158.98130481298696
18,1019,221.8361878658528,159.48484064968665
18,1020,220.81858083072848,159.97133254312917
18,1021,219.62458483613707,160.29909343181188
18,1022,218.57767878815045,160.38432394873132
18,1023,217.89988611955494,160.28001633082798
18,1024,217.69539697171334,160.14892459949166
18,1025,217.94534530420944,160.12250318688916
18,1026,218.5056200603483,160.25393761794652
18,1027,219.18066642255943,160.5329213836191
18,1028,219.8066134956864,160.88176424345937
18,1029,220.28549813225945,161.16873244028514
18,1030,220.55893682028304,161.31077270923637
18,1031,220.6223870764223,161.2953806048685
18,1032,220.5113310044644,161.16242468179718
18,1033,220.28815478079628,160.9784483899018
18,1034,219.999647539438,160.81484482691664
18,1035,219.6789982228506,160.70549311738
18,1036,219.35238473264832,160.64246239750358
18,1037,219.04618798285534,160.6037213804782
18,1038,218.78072157244952,160.58767609608975
18,1039,218.5665084730938,160.61110056914646
18,1040,218.42636055029894,160.72037586993312
18,1041,218.38009959993875,160.95959033357522
18,1042,218.43651209909257,161.3111383190634
18,1043,218.58375385574794,161.70599900940456
18,1044,218.79037673453013,162.06079564135453
18,1045,219.0107222564544,162.2936003534048
18,1046,219.20106963050694,162.3622030843064
18,1047,219.32223477997297,162.3020083915113
18,1048,219.34412809485943,162.1833241652175
18,1049,219.26115510552654,162.07888431831324
18,1050,219.09057458036622,162.0364212039678
18,1051,218.87047800564753,162.0665209712696
18,1052,218.6655069539644,162.140057396614
18,1053,218.53837284008776,162.20235465005018
18,1054,218.52888358284355,162.19470404872123
18,1055,218.65158972411837,162.0808193203293
18,1056,218.88260146764017,161.86775803535576
18,1057,219.14092558674236,161.6002886263477
18,1058,219.3607823456016,161.35534525870128
18,1059,219.5026623383563,161.21612710073848
18,1060,219.53350245091204,161.23308112096205
18,1061,219.45976207726824,161.37675781796912
18,1062,219.32669065187477,161.57964997155014
18,1063,219.1663249683315,161.77477531082974
18,1064,219.011696087962,161.8975603781827
18,1065,218.90980266292144,161.91594393629242
18,1066,218.8633478242499,161.87277589629005
18,1067,218.8507814086366,161.83194202424923
18,1068,218.84813375191385,161.83923946012612
18,1069,218.8206573463156,161.930398695918
18,1070,218.7424578850785,162.11256341359544
18,1071,218.62807749702293,162.34854966013432
18,1072,218.50590600754265,162.59101451495627
18,1073,218.40689755552097,162.79762069085723
18,1074,218.3485818055601,162.93949599334965
18,1075,218.31075571747493,163.01354164655413
18,1076,218.25535929604433,163.0437182916106
18,1077,218.15764425454404,163.05768046692626
18,1078,218.00801984685785,163.0743641005247
18,1079,217.82458899450958,163.09846837407835
18,1080,217.65159939006014,163.1290072972982
18,1081,217.51835343061103,163.16038093109682
18,1082,217.43342633753656,163.18606470029977
18,1083,217.39120171318666,163.20180766925375
18,1084,217.36666580973812,163.20904999465256
18,1085,217.31595552030447,163.21422621559825
18,1086,217.2132440863584,163.22333173182454
18,1087,217.0633193052353,163.23860461748725
18,1088,216.8972963428677,163.2597259769734
18,1089,216.75640340702338,163.28848775029368
18,1090,216.68760529070826,163.31690487241582
18,1091,216.71686861518526,163.33409722446603
18,1092,216.83110103645285,163.33638879034987
18,1093,216.98380159632154,163.3218052710791
18,1094,217.13175425988172,163.27903401321194
18,1095,217.25059772541283,163.2014975776614
18,1096,217.33929411523766,163.0864698641316
18,1097,217.40608377922896,162.93065164889092
18,1098,217.46010168330068,162.74539824957884
18,1099,217.50761936309686,162.55364670575636
18,1100,217.54965981953322,162.371310108652
18,1101,217.5825048741178,162.2113346855447
18,1102,217.60170861955837,162.09252295295605
18,1103,217.61375038228158,162.0126889358772
19,0,221.15909069384264,150.19491120327447
19,1,221.20888197639002,150.29787249927045
19,2,221.2671639347093,150.41424021509147
19,3,221.32544357806455,150.52479601824072
19,4,221.37018838023624,150.6019070634098
19,5,221.3953781586624,150.63827490258245
19,6,221.40047585101453,150.64582039440413
19,7,221.39102933210546,150.6492254952733
19,8,221.37176468803494,150.66474346116274
19,9,221.34526474625238,150.69891230157418
19,10,221.31462482198515,150.7511434536113
19,11,221.28546894838877,150.8165096804131
19,12,221.2612651247288,150.88530931899479
19,13,221.24158999867487,150.94426081285306
19,14,221.22562973212789,150.98432002932853
19,15,221.2136496499676,151.00230629730194
19,16,221.2054274543392,150.99695725118556
19,17,221.200808993382,150.9698494058562
19,18,221.20151627005342,150.92747040704305
19,19,221.2100132054816,150.87654715202834
19,20,221.22554867786994,150.82355464443205
19,21,221.24413315464702,150.77512846513397
19,22,221.26303872988768,150.73556728146215
19,23,221.27910176755015,150.70519421831037
19,24,221.28798177447936,150.68225835252014
19,25,221.28721455915655,150.6629140792744
19,26,221.27892228630995,150.64397430025164
19,27,221.2646224326286,150.62430365372833
19,28,221.245750764567,150.60602086688948
19,29,221.224240520181,150.59093450738993
19,30,221.20221218113974,150.5794717492145
19,31,221.18170590473346,150.56962019478743
19,32,221.16652549739638,150.55756897512683
19,33,221.15898258517325,150.53915722469807
19,34,221.15941809259638,150.51226782030233
19,35,221.16715772456243,150.47786565853883
19,36,221.17781315802753,150.44064384003772
19,37,221.18385556107575,150.4090132704768
19,38,221.1817551242106,150.38907248654496
19,39,221.17288892636918,150.3824358949855
19,40,221.1598791837829,150.38687304815505
19,41,221.14666735235673,150.39852122150813
19,42,221.13843297808575,150.41290037136622
19,43,221.13715256225606,150.42819933490566
19,44,221.1395721376872,150.44747236887451
19,45,221.14018828565483,150.47585956603734
19,46,221.13509184831952,150.51492483493604
19,47,221.12268159791233,150.56128783379148
19,48,221.10305302315308,150.60869916192155
19,49,221.07912105454085,150.64837855253276
19,50,221.05600468855687,150.6728698969251
19,51,221.03795015789547,150.6804785069933
19,52,221.02708849041213,150.67349918455878
19,53,221.0247405653291,150.6554448347317
19,54,221.031760661277,150.63092093825426
19,55,221.04973338066972,150.60321403279596
19,56,221.08115015428737,150.5730828874139
19,57,221.12619618251944,150.5412303359092
19,58,221.18068798451932,150.50910117362378
19,59,221.23692250415903,150.4775749853925
19,60,221.28414364496555,150.44812713250786
19,61,221.3106923010069,150.42116069826594
19,62,221.3111738749804,150.39550905374324
19,63,221.28982544903926,150.37035690136534
19,64,221.25776540439315,150.34692104500073
19,65,221.2287282653458,150.32528417775202
19,66,221.21400471101538,150.30611416804027
19,67,221.2171430875345,150.29152609718096
19,68,221.2329332033251,150.28231932612576
19,69,221.25139981869742,150.27561636432986
19,70,221.26158430325822,150.26898349787731
19,71,221.25557836455943,150.26083393391778
19,72,221.23196452446422,150.24948486897074
19,73,221.19457295834755,150.23441069387877
19,74,221.147994922966,150.21788021939227
19,75,221.09647660132808,150.20366935485114
19,76,221.04487311121005,150.19531497918143
19,77,220.99636365206524,150.19462835166723
19,78,220.95383732086987,150.20252754051822
19,79,220.92212431087935,150.22070301757026
19,80,220.90653489634843,150.25153516420653
19,81,220.9094925101527,150.29541030759376
19,82,220.93049805717388,150.35174082708133
19,83,220.96537865635955,150.41904308639323
19,84,221.0060649878443,150.49139728309376
19,85,221.0420778993461,150.55745986458678
19,86,221.0642700610115,150.60916071057008
19,87,221.06796353514846,150.64354960820086
19,88,221.05339240822772,150.65939576745407
19,89,221.02613660654208,150.6580183181742
19,90,220.99630711176493,150.64516907040496
19,91,220.97495565479528,150.62718044668028
19,92,220.96862018011143,150.60865123758896
19,93,220.97667568080374,150.59341942100664
19,94,220.99233240357972,150.58509686301468
19,95,221.0054936791561,150.58612197024374
19,96,221.00569842642483,150.59455933868313
19,97,220.98561819025298,150.60572593766506
19,98,220.94588429213997,150.61630038725195
19,99,220.89328118450723,150.62433121229557
19,100,220.8364377210069,150.62889096866468
19,101,220.7819007592404,150.6326848624311
19,102,220.735635417275,150.63941865080378
19,103,220.70161400837154,150.65046539327406
19,104,220.68186671451116,150.6661755749116
19,105,220.6773404922134,150.68579589616246
19,106,220.6896097318894,150.70633295443955
19,107,220.7168527189431,150.7254312962249
19,108,220.75254925963083,150.74353108655342
19,109,220.7876406060062,150.76198148956024
19,110,220.81449607858403,150.78174711331786
19,111,220.8297494750005,150.8028527142487
19,112,220.8356578469493,150.8243768674724
19,113,220.83812241804526,150.84326233606006
19,114,220.84336517662643,150.85489322823358
19,115,220.85622383900284,150.8546580472566
19,116,220.87894095088618,150.83989149068
19,117,220.90940737873345,150.81012322768933
19,118,220.94369780971726,150.765776453371
19,119,220.97882452887347,150.70998187321868
19,120,221.01156342754612,150.6484505084818
19,121,221.03677967714742,150.5882789341252
19,122,221.05209949408768,150.53496917787393
19,123,221.05817320198298,150.4933493024214
19,124,221.05810992251745,150.46428669279368
19,125,221.0568909211909,150.4452094448273
19,126,221.06021839536407,150.43209760148054
19,127,221.0710922533892,150.42242970664185
19,128,221.08999534199626,150.41508024768578
19,129,221.1137078374901,150.41163056105367
19,130,221.13560541191922,150.4163157770148
19,131,221.14996958293526,150.4331385437194
19,132,221.1543167302977,150.46400761886676
19,133,221.1478200044961,150.50780654590778
19,134,221.1314285462067,150.56087045557226
19,135,221.10866857965388,150.61682993694163
19,136,221.08261515328743,150.66878347299735
19,137,221.05488000420428,150.71076110256246
19,138,221.02751888933602,150.73991801198193
19,139,221.00450774933057,150.7563570179597
19,140,220.98997434756106,150.76231281839696
19,141,220.98581805983764,150.7613984871677
19,142,220.99229744348148,150.75707309707158
19,143,221.00799313542646,150.74979479863512
19,144,221.02706721470418,150.73895025819
19,145,221.04184759736654,150.72481232800465
19,146,221.04934372888295,150.70746605283355
19,147,221.0485337477064,150.6874837160844
19,148,221.03811229709086,150.6696698139047
19,149,221.0202251804088,150.6579667944759
19,150,220.9998734534066,150.65321915044194
19,151,220.98009352116912,150.65655159971814
19,152,220.96384540491098,150.66923584539475
19,153,220.95359350458207,150.6889370780741
19,154,220.94890034499159,150.7133604059666
19,155,220.94781492135127,150.7414321557632
19,156,220.94978937919615,150.76965529941964
19,157,220.9549239990044,150.7934434576588
19,158,220.96469581113425,150.81085752605296
19,159,220.981728395823,150.82162612694916
19,160,221.0062430190019,150.82652495743392
19,161,221.0341981404206,150.8281885356256
19,162,221.0590221452825,150.82876162203223
19,163,221.0744055082799,150.82525441744804
19,164,221.07664496453356,150.80929355820146
19,165,221.06583181624669,150.77236333395982
19,166,221.0457070031145,150.7091008620453
19,167,221.02206514189996,150.61878053742242
19,168,220.99973401931328,150.50893143211127
19,169,220.98060208143616,150.39595257019516
19,170,220.9648999860452,150.29446305302432
19,171,220.95080514997298,150.2123506198005
19,172,220.9360062879257,150.1519503587443
19,173,220.9204306762713,150.11025264635282
19,174,220.90613175863396,150.08095118605453
19,175,220.8950300772367,150.06160254219245
19,176,220.89056236471305,150.05549940602262
19,177,220.89547440031248,150.06656302053784
19,178,220.9090726535228,150.09789686215677
19,179,220.9268551468642,150.15036861646226
19,180,220.9435730966671,150.21950006318502
19,181,220.95369483521623,150.29539818869023
19,182,220.95389684030238,150.36946605785374
19,183,220.94517525654436,150.43545308250464
19,184,220.9337744956641,150.48885388138189
19,185,220.92682289117954,150.5292126881253
19,186,220.93003385379984,150.5592755528653
19,187,220.94603381105478,150.5816903390034
19,188,220.97282335970857,150.5987608445385
19,189,221.00379043572605,150.61227692241744
19,190,221.0322592929663,150.62284200076647
19,191,221.05349758897262,150.63224160077118
19,192,221.06453279060867,150.6432869885867
19,193,221.06462719802235,150.6573740502256
19,194,221.0558646692698,150.67318715515373
19,195,221.0417459732184,150.68797257290842
19,196,221.0250637185288,150.69669249734514
19,197,221.008247860861,150.69351719148642
19,198,220.99296629284095,150.67543145174585
19,199,220.97998880610203,150.64466294728533
19,200,220.9684906161065,150.60592285403672
19,201,220.95759861727578,150.5645162019934
19,202,220.94704028868145,150.52520147155462
19,203,220.93778868211456,150.49030691982972
19,204,220.93041021001764,150.45966234940903
19,205,220.92570648661865,150.4325137905513
19,206,220.92463188099876,150.40961161712306
19,207,220.9280571404354,150.39180297863135
19,208,220.93583476257564,150.3795779633154
19,209,220.94783228545188,150.3724066219669
19,210,220.96300283485567,150.36960078762812
19,211,220.97888594030164,150.3715879610507
19,212,220.99155370861584,150.38116798793646
19,213,220.99741727216016,150.4002945359898
19,214,220.99467446347225,150.429353039663
19,215,220.98390537477664,150.46593449154813
19,216,220.96760618682094,150.50291529858143
19,217,220.9495618582655,150.52944256081213
19,218,220.93416497970898,150.53895269230256
19,219,220.9242560127293,150.529711841365
19,220,220.9204224624904,150.50343161065646
19,221,220.922535009285,150.46470707910805
19,222,220.93055953177003,150.42125206275003
19,223,220.943235245658,150.3801118620276
19,224,220.9584282949572,150.34752891951396
19,225,220.97389264788592,150.32914511197603
19,226,220.98666244759082,150.32812389609632
19,227,220.99364781422045,150.344045615784
19,228,220.99317458879162,150.37295156554518
19,229,220.98538600518046,150.40773268883433
19,230,220.972987722596,150.44036418838337
19,231,220.95919730175478,150.46661723193313
19,232,220.94578877642672,150.48600694297127
19,233,220.93329355569867,150.50017256889888
19,234,220.92250297451216,150.5121605568204
19,235,220.91451297756768,150.52625628885517
19,236,220.91354199557364,150.54446893092805
19,237,220.92412505984697,150.5654968518997
19,238,220.94842343966343,150.587121469172
19,239,220.98587005002167,150.60727601400947
19,240,221.03197657189997,150.62186950201357
19,241,221.07698381868482,150.62750423674493
19,242,221.1124679297241,150.62494564251918
19,243,221.1344558568291,150.6155258504934
19,244,221.141714906838,150.59920733172416
19,245,221.1350754382296,150.57649378551244
19,246,221.11828338426716,150.54816889036968
19,247,221.0967395457047,150.5126854620962
19,248,221.07603639206073,150.47034323977513
19,249,221.06060975161068,150.42401353817738
19,250,221.0528920510612,150.37920063667346
19,251,221.05234095820708,150.3412997984936
19,252,221.05560090763245,150.31355914142975
19,253,221.05721595230932,150.294972913786
19,254,221.05063514374328,150.28452603905075
19,255,221.03295445805836,150.2799098745922
19,256,221.00701451664042,150.27624816688976
19,257,220.97957845341747,150.26599703255667
19,258,220.96945953008967,150.22800537998256
19,259,221.03166920913702,150.10260255610726
19,260,221.27588360803605,149.78222039151424
19,261,221.86642727374252,149.1509750145705
19,262,222.97015291521706,148.14324649757464
19,263,224.66639550350595,146.7915907660327
19,264,226.85540811349858,145.26552834189997
19,265,229.21388204237482,143.86198594328633
19,266,231.22645964427352,142.9114070957136
19,267,232.34107075459139,142.64829500516876
19,268,232.16935134077383,143.1318153195446
19,269,230.64343634262926,144.229379934676
19,270,228.0551658773141,145.68018466770553
19,271,224.9979960476803,147.1468204714644
19,272,222.20968594845542,148.30681683334998
19,273,220.31753163623262,148.9626669156806
19,274,219.64997140864324,149.07571083059304
19,275,220.19378053770393,148.70328790130068
19,276,221.62817967387073,148.01874519170877
19,277,223.41303970944048,147.28156684344063
19,278,225.03628285952712,146.7195653923308
19,279,226.17493081167095,146.46021541216305
19,280,226.70026859086195,146.56456182904276
19,281,226.6792454760201,146.99989512969444
19,282,226.32467312453485,147.63246734767586
19,283,225.85350610384936,148.30017647952147
19,284,225.390500508503,148.91122764460505
19,285,224.9652551446515,149.4327889455689
19,286,224.58033890065377,149.81029422637658
19,287,224.22800073393924,150.01003927761374
19,288,223.89372597638777,150.05797598843634
19,289,223.5420439560903,150.0009214489551
19,290,223.160643075892,149.9032242325354
19,291,222.7929568683498,149.81941187814178
19,292,222.50020376397822,149.79361633093856
19,293,222.31258048112045,149.85609022156788
19,294,222.25957325819726,150.005356821199
19,295,222.3387021444446,150.20105030428647
19,296,222.48379164765328,150.40453607603322
19,297,222.60148021694937,150.5879314807225
19,298,222.63833991010927,150.72086099875597
19,299,222.5713835571986,150.78718046238086
19,300,222.42076935533325,150.80286372290809
19,301,222.2707609313153,150.793536686988
19,302,222.22449867124797,150.78068385921415
19,303,222.33530764089986,150.77739814934498
19,304,222.60542952900727,150.786596763533
19,305,222.98658362850895,150.79406453034363
19,306,223.37672212414623,150.77760409493388
19,307,223.66975089245386,150.71760676463074
19,308,223.8001995833027,150.60298338480644
19,309,223.7474692975866,150.43702297125432
19,310,223.53439703651924,150.24634001622118
19,311,223.21596783059542,150.07987274452887
19,312,222.85571367043806,149.98389818425616
19,313,222.5192576285593,149.99354614965304
19,314,222.2647016166032,150.12788900580222
19,315,222.12722134877487,150.36647283477816
19,316,222.12585629601833,150.63697689754434
19,317,222.2537764863819,150.85382769526734
19,318,222.46305415074792,150.95664647675156
19,319,222.67746302245246,150.92194085682726
19,320,222.8327876578299,150.76137147845984
19,321,222.90364547937693,150.5180162212321
19,322,222.90235864904895,150.25069087450467
19,323,222.87892599652992,150.00261804641835
19,324,222.90391965784156,149.78350621967442
19,325,223.02561560717209,149.58552713270225
19,326,223.22638335749463,149.40288266009568
19,327,223.44360269293938,149.23438704004155
19,328,223.59784102392496,149.08963003213995
19,329,223.61782418599543,148.99770189254215
19,330,223.46734706297647,148.99778237890484
19,331,223.1691312348739,149.11778688741583
19,332,222.7867840602469,149.35289803579653
19,333,222.40159249588115,149.66553307105238
19,334,222.10201648439562,149.9891974855916
19,335,221.9554206334488,150.2545746479708
19,336,221.98474682010485,150.41948713615403
19,337,222.17053117193083,150.48336551711395
19,338,222.4547140515567,150.47003706533587
19,339,222.7509194085579,150.4187786761112
19,340,222.97792368366524,150.36158991105341
19,341,223.08428602101077,150.30955633497976
19,342,223.05640383597412,150.2613946258667
19,343,222.92212184271793,150.2196692564012
19,344,222.7278002468543,150.19136698395033
19,345,222.51912900959056,150.18953948818404
19,346,222.33541825476524,150.225681280413
19,347,222.19883586143737,150.29866453424333
19,348,222.11071679870662,150.39499319724183
19,349,222.06393853413908,150.49413480594495
19,350,222.0468329139975,150.5719412128246
19,351,222.04791806460537,150.60877124858564
19,352,222.06637787333312,150.59405918673409
19,353,222.11131208207598,150.52844042459995
19,354,222.19921096944665,150.42499461048362
19,355,222.34875078492414,150.3028497302893
19,356,222.56463205714388,150.1829624971136
19,357,222.82676454575437,150.0905150511059
19,358,223.09743419550853,150.0477129754002
19,359,223.32784669942097,150.06041572682062
19,360,223.46408723585475,150.12265744178907
19,361,223.4668987099595,150.22377132559626
19,362,223.3329412160543,150.34342785254836
19,363,223.08951976809942,150.45344671391655
19,364,222.78378527254475,150.5353649614203
19,365,222.4815370970516,150.5819489155357
19,366,222.24995596361708,150.591373734328
19,367,222.13222001952033,150.5701116248599
19,368,222.14165469649092,150.53398115492084
19,369,222.26297139188495,150.5004509638618
19,370,222.4537510497864,150.48470909451564
19,371,222.65598499259482,150.49572304656658
19,372,222.81884640165552,150.53093554889966
19,373,222.9327291486073,150.56971175190222
19,374,223.02784705522066,150.57571250634555
19,375,223.15603936651192,150.51603409440796
19,376,223.3888791633297,150.3661423056348
19,377,223.786493190567,150.10970543566833
19,378,224.3494795558529,149.7490120521238
19,379,225.03596932173244,149.30999664074255
19,380,225.78539371410392,148.82236339918353
19,381,226.50749812293765,148.30754508882922
19,382,227.13724128379047,147.77341491310662
19,383,227.66535717691855,147.2233896265328
19,384,228.11924820707648,146.64790775753426
19,385,228.55354636035082,146.0094458844599
19,386,229.0616374460509,145.25415482282426
19,387,229.70390081956876,144.36327365844932
19,388,230.47050118764346,143.3546072611786
19,389,231.29483348389823,142.27241812777368
19,390,232.07034896876007,141.20410281164482
19,391,232.65869067046026,140.27499374422962
19,392,232.95451888740047,139.58042764601444
19,393,232.94012526453844,139.15821834284546
19,394,232.67401726630595,139.00838438017658
19,395,232.2664555635153,139.09608965371345
19,396,231.8705216537166,139.39193277788016
19,397,231.5968212559506,139.84509388661118
19,398,231.4866877960659,140.3883054493404
19,399,231.4594068373372,140.90867677247067
19,401,231.75900736677377,141.37103061552378
19,402,232.06107449314746,141.45805745082953
19,403,232.25620272330838,141.53023054552264
19,404,232.28710920698242,141.59111666596382
19,405,232.15004598330003,141.712338765352
19,406,231.93639552576917,141.8922061985498
19,407,231.79631822152274,142.067461184042
19,408,231.8490555655638,142.16800663012597
19,409,232.15201347277662,142.1419703387527
19,410,232.71280852314493,141.94547081916144
19,411,233.47233267073426,141.5705055838756
19,412,234.3257367376107,141.0517589145842
19,413,235.15133035212742,140.4537727467864
19,414,235.8444966320831,139.86479577385398
19,415,236.32295380435016,139.39558761196437
19,416,236.53415976036288,139.1414979116284
19,417,236.46806840285797,139.14168501733474
19,418,236.18668643463596,139.37231475185757
19,419,235.79311879918083,139.7512504701099
19,420,235.398886575446,140.14459490596812
19,421,235.11566700598362,140.41716079719725
19,422,235.02283504792615,140.4797033427399
19,423,235.13056655254462,140.31667878665104
19,424,235.38116646661285,139.9854885930774
19,425,235.66752389371547,139.60824757337693
19,426,235.8614177440027,139.32918396059566
19,427,235.86568439424144,139.26396213720585
19,428,235.644721675622,139.44630932031342
19,429,235.2397667559783,139.8306509988364
19,430,234.76080996719162,140.309568442852
19,431,234.34882849188418,140.72918307223452
19,432,234.11066745062485,140.95007170668495
19,433,234.0934660623907,140.90814713632253
19,434,234.27022042036,140.61942524873578
19,435,234.54429067658205,140.16688090390446
19,436,234.78156534561631,139.69707658614664
19,437,234.8808053443797,139.36592309470285
19,438,234.79100983519967,139.28088656991468
19,439,234.52774612278247,139.46410130845993
19,440,234.16891003734997,139.86620886307577
19,441,233.81996450522365,140.38242894887097
19,442,233.5589897452703,140.8851246010233
19,443,233.43020568321157,141.26326676496885
19,444,233.4351513034629,141.4672210773607
19,445,233.53495873535493,141.49897331355805
19,446,233.6712136933834,141.40061472007
19,447,233.79104642793712,141.23541788580633
19,448,233.855304611211,141.0718918852591
19,449,233.83027245923006,140.96365635734426
19,450,233.70251437240614,140.94094484901893
19,451,233.49514738367284,141.00697686430829
19,452,233.25253148849205,141.15834357977408
19,453,233.02142981177678,141.37050376269355
19,454,232.84926527072162,141.6046828170866
19,455,232.76939875218523,141.8286663161427
19,456,232.77550744774183,142.02260954319834
19,457,232.83808716651137,142.15649118220495
19,458,232.90606539167848,142.23126978666545
19,459,232.93613517810945,142.27481046806594
19,460,232.9078111294234,142.31436206498296
19,461,232.8378005227619,142.36248901283744
19,462,232.7668913136055,142.43095291843198
19,463,232.7678324912186,142.4976278767772
19,464,232.910554407643,142.50703394220702
19,465,233.23173126226965,142.4119983907669
19,466,233.70760017425854,142.20164886184662
19,467,234.2526526745809,141.89459412046978
19,468,234.7495284990597,141.5527809001668
19,469,235.09528632924096,141.2789064992955
19,470,235.2287995636981,141.1544818540702
19,471,235.15522211335193,141.20494770724085
19,472,234.94942279557281,141.40821065896728
19,473,234.71879735694583,141.6873542858004
19,474,234.56199035545416,141.9167612392179
19,475,234.54963111700303,141.98996446349318
19,476,234.7090140787147,141.87108189231063
19,477,235.02843292423952,141.59252043250578
19,478,235.45353509230713,141.24481709804186
19,479,235.8911784508892,140.94931344972048
19,480,236.23606259765018,140.80862910964422
19,481,236.40844530860286,140.8552122103616
19,482,236.37348378814852,141.0411917625027
19,483,236.16351225956916,141.26687482111075
19,484,235.88262976815227,141.41963527434913
19,485,235.67064577996604,141.40606737280208
19,486,235.6526091438499,141.18676642403346
19,487,235.89885487751698,140.77927628208096
19,488,236.39549952059724,140.2542795034013
19,489,237.03726867134185,139.7300885754324
19,490,237.6722463248219,139.33030352964713
19,491,238.14434586535648,139.15266689222562
19,492,238.32713864897025,139.2663913299874
19,493,238.17366026500176,139.66635418728254
19,494,237.73300514800025,140.24509300895403
19,495,237.10612288092167,140.85950249723174
19,496,236.42994543222787,141.3584827053606
19,497,235.85029863906266,141.60475411574683
19,498,235.45901810806654,141.5388881622344
19,499,235.27705381220406,141.21566423998377
19,500,235.27771532083688,140.75107874584063
19,501,235.39101871342538,140.29358676296323
19,502,235.53523449240228,139.9819160089194
19,503,235.6680297065966,139.8893790501188
19,504,235.78805320624213,139.99938209719951
19,505,235.91404791455997,140.2204191670634
19,506,236.0611869208263,140.43594063174933
19,507,236.21478070473546,140.5518664310833
19,508,236.30150347909893,140.53226958198314
19,509,236.204841352944,140.4115054853327
19,510,235.80760422700155,140.2973557220268
19,511,235.01940502523865,140.32658291962855
19,512,233.79932940518236,140.61146103611802
19,513,232.21108542897636,141.18391506037526
19,514,230.4180358365155,141.98097962098947
19,515,228.6367709176356,142.85396808029853
19,516,227.08680597986182,143.63053997000202
19,517,225.958607665824,144.17206167771928
19,518,225.34043816300084,144.4386152139465
19,519,225.20989129354598,144.48981979918864
19,520,225.44717849862343,144.46852638045308
19,521,225.9004811822959,144.49633504285742
19,522,226.41397417161113,144.62423945520098
19,523,226.84257721806762,144.83239884051483
19,524,227.0594064053894,145.08101084396588
19,525,226.99632936332884,145.3094590043907
19,526,226.6318999889471,145.49234539199634
19,527,225.99868174752763,145.64649155955664
19,528,225.20532996936495,145.79234021668617
19,529,224.41136192215131,145.9113570747978
19,530,223.7718272632215,145.97104088342982
19,531,223.41356328107153,145.93543498605095
19,532,223.3661502883179,145.80743173999954
19,533,223.5453598850976,145.65508682845845
19,534,223.8152606635567,145.56653616894087
19,535,224.0468955849728,145.59328948736845
19,536,224.13353843619146,145.75317657996757
19,537,224.04074205069787,146.01988576759976
19,538,223.82409727709708,146.32286160770107
19,539,223.5750890415569,146.60551518416352
19,540,223.34279218292016,146.87140468883197
19,541,223.13556632774603,147.14717176915994
19,542,222.95572502053238,147.44855296275492
19,543,222.77576062852395,147.78192080624547
19,544,222.55225940926505,148.1331302900324
19,545,222.28533606414922,148.4620303328211
19,546,222.01387373907485,148.73021136521848
19,547,221.76696698365387,148.93490218844886
19,548,221.57260348856556,149.09924962189686
19,549,221.46594520272663,149.24909956187432
19,550,221.46222477153074,149.3992469897235
19,551,221.54182031804146,149.55983756891035
19,552,221.67007632661938,149.71571934788432
19,553,221.82223508861136,149.8170328670639
19,554,221.97168198550193,149.82770217760321
19,555,222.09226254432357,149.75742509358537
19,556,222.1819452054314,149.6360131011689
19,557,222.25924076064456,149.49799344324586
19,558,222.3359025488209,149.3895960272108
19,559,222.41091521599716,149.33865938729863
19,560,222.48769223640127,149.33462631589148
19,561,222.5520610099971,149.35190608362603
19,562,222.5740039227108,149.3728244545084
19,563,222.52976760492535,149.39198793109702
19,564,222.43468205243101,149.4135030303675
19,565,222.31921934103158,149.43951640932752
19,566,222.2257436831385,149.46501282692782
19,567,222.19449698100775,149.48210449899304
19,568,222.25130323941497,149.48140880572765
19,569,222.38161572301246,149.45432462799437
19,570,222.54765354334313,149.402272176976
19,571,222.71529944297723,149.33507025367837
19,572,222.86993197537234,149.25989844519302
19,573,223.00805085829094,149.16870290369306
19,574,223.1375426578386,149.05065820505928
19,575,223.27178071379188,148.90896635374375
19,576,223.40902298649058,148.76451919477427
19,577,223.53625598462762,148.6473946029387
19,578,223.64061001751713,148.59218326671603
19,579,223.70672488329427,148.61871857893652
19,580,223.72371654372853,148.70966853887916
19,581,223.7074814471354,148.8088651981509
19,582,223.6845418119777,148.85283119554748
19,583,223.6802694031064,148.79919336132525
19,584,223.72848151185883,148.63765267433305
19,585,223.85565238780066,148.40006430030104
19,586,224.06312056233185,148.13591714383878
19,587,224.33181872298206,147.8915221703952
19,588,224.6307971013121,147.7001458553524
19,589,224.91030993268424,147.58606450456634
19,590,225.12777067151964,147.54210208000532
19,591,225.26441406921026,147.55438202695592
19,592,225.32593815724402,147.60240545709695
19,593,225.32937917995764,147.65480007839912
19,594,225.29830004601152,147.68007767751502
19,595,225.256320603489,147.66076944442523
19,596,225.21290471766306,147.59450269045723
19,597,225.1637799627942,147.49596996060768
19,598,225.1040311148416,147.39626341271844
19,599,225.05168775204274,147.30625583837906
19,600,225.02416936675783,147.23338870959765
19,601,225.03329981107262,147.18114333320307
19,602,225.08405795618182,147.13944160468677
19,603,225.17842331266516,147.0834512118597
19,604,225.2996035805741,147.00798769474125
19,605,225.42578760872584,146.91840408100964
19,606,225.52914583712794,146.8147579309306
19,607,225.59275111168907,146.7000047841147
19,608,225.61308879111724,146.57755526233896
19,609,225.59709990892458,146.4325731377666
19,610,225.55888999737724,146.2417580890759
19,611,225.52486956136167,146.00477241825962
19,612,225.51171164761465,145.73433268783842
19,613,225.5145409506514,145.46010507139607
19,614,225.51801970887786,145.22942720790138
19,615,225.51072715958148,145.0785970060744
19,616,225.4867383692714,145.00359648365622
19,617,225.440164331594,144.99260244578042
19,618,225.37294624642675,145.028122751867
19,619,225.29434747911614,145.08149555646722
19,620,225.20141316520247,145.13392927996213
19,621,225.07153278645427,145.19675128341603
19,622,224.9106392353645,145.27066291270896
19,623,224.75361459469852,145.34830836763382
19,624,224.62661290137967,145.44161223792256
19,625,224.54921916291647,145.55813665501813
19,626,224.55057297964393,145.67551520088577
19,627,224.62106572603003,145.7773528336149
19,628,224.7223005986242,145.8469018340515
19,629,224.8313386357907,145.8478068862907
19,630,224.945123828884,145.76277172697857
19,631,225.0851335231686,145.61031990271644
19,632,225.29623721708037,145.41827787857997
19,633,225.59453338149615,145.2238854679679
19,634,225.9562189364751,145.0688730154168
19,635,226.33762804615938,144.97543975388402
19,636,226.65238792066677,144.96557285395977
19,637,226.81244070038275,145.05316715069017
19,638,226.78452407155896,145.22679451245241
19,639,226.59706565178746,145.4459801098839
19,640,226.32049677957312,145.6641421210735
19,641,226.059915897229,145.81191741154257
19,642,225.91071051568292,145.82204672759687
19,643,225.9313263561538,145.66744554616713
19,644,226.1240925825175,145.38911357540078
19,645,226.44253495736774,145.05542998516742
19,646,226.81856027332918,144.738996542637
19,647,227.18427306352322,144.50745939007373
19,648,227.48899450331083,144.39393220705412
19,649,227.7078561054655,144.37584563768718
19,650,227.8282711594751,144.4064235401557
19,651,227.84717077236715,144.43749145698592
19,652,227.76902787189354,144.43767635926267
19,653,227.59718031070196,144.40739580078548
19,654,227.33781955444329,144.38155520183483
19,655,227.0083585338341,144.4090076889604
19,656,226.63026205948424,144.53829388525534
19,657,226.24243876727667,144.77483921091346
19,658,225.88248609309449,145.0893200442542
19,659,225.58186399897798,145.4348128835986
19,660,225.36681957839554,145.7667621506098
19,661,225.2674611149252,146.04321207717052
19,662,225.2685555433323,146.2623305998591
19,663,225.33815913592377,146.43909204171564
19,664,225.44137767464437,146.57462372823898
19,665,225.56050521525034,146.63938055570375
19,666,225.66617310728637,146.61229424337418
19,667,225.75520010176186,146.4787576731224
19,668,225.8401961099482,146.24333113783604
19,669,225.93342156840728,145.93847622553452
19,670,226.0218961838425,145.64246775991666
19,671,226.0818277784813,145.43163322759906
19,672,226.0841491376178,145.36321351703097
19,673,225.99145367581013,145.4713570460712
19,674,225.76443996166728,145.75987056843692
19,675,225.3776058769225,146.17667488408892
19,676,224.84534717543931,146.6504298560181
19,677,224.2073698896713,147.11153709117923
19,678,223.53539520602286,147.4943772126532
19,679,222.91329928936528,147.7736583401868
19,680,222.40583529075369,147.98208731117654
19,681,222.03377717100417,148.17115921745363
19,682,221.7953373669621,148.38058791815618
19,683,221.66511830369444,148.6356116157293
19,684,221.60606583379928,148.92629490593725
19,685,221.5871291663556,149.21623545667765
19,686,221.58645189771616,149.46564881672438
19,687,221.57836861794914,149.64565460815834
19,688,221.5359001390953,149.74907821279353
19,689,221.44879276243216,149.783264717071
19,690,221.32475400133922,149.7542050014669
19,691,221.1930110314953,149.67663428406289
19,692,221.0928966442438,149.5806828494199
19,693,221.07372833874,149.48709115943998
19,694,221.17616644316604,149.3976710097677
19,695,221.409720733796,149.30100013147995
19,696,221.7557166235196,149.16799516930914
19,697,222.18273393484571,148.96386709005557
19,698,222.64523077628547,148.66414173557905
19,699,223.09427587242226,148.26784673748804
19,700,223.5147302530733,147.8006834702881
19,701,223.90468485589125,147.3102855302619
19,702,224.26771509287167,146.84724146277233
19,703,224.5961105168487,146.4692174570949
19,704,224.86529508183412,146.23976007642145
19,705,225.0504081206389,146.1853342569942
19,706,225.16759344245912,146.26282327250695
19,707,225.2527073777755,146.3685828160644
19,708,225.3719975173348,146.3715997577788
19,709,225.6303226555312,146.14288706998033
19,710,226.1245074372692,145.62568474016794
19,711,226.87936407670733,144.88682484457632
19,712,227.85747495331842,144.08639503268583
19,713,228.97836877178898,143.37917399658076
19,714,230.11825959445105,142.85334671158216
19,715,231.11406355210906,142.53863910965302
19,716,231.8041796651095,142.41546136115497
19,717,232.07387481976446,142.42869350732116
19,718,231.885877301138,142.5336528063315
19,719,231.27284959887808,142.75780214892157
19,720,230.3330372645202,143.1290217585489
19,721,229.23868257185813,143.59454201532319
19,722,228.20204185900502,144.05622306408506
19,723,227.36845446582998,144.4429622618716
19,724,226.80564533461973,144.66860662507244
19,725,226.52111772802496,144.70299843344736
19,726,226.45111719646607,144.6311357818439
19,727,226.4492567308498,144.62045782155613
19,728,226.33480299894669,144.8521006934786
19,729,225.94658069115263,145.48325741088905
19,730,225.2137946692693,146.5455583880638
19,731,224.18194795181176,147.93772600618996
19,732,223.00450307989172,149.43358116308204
19,733,221.94128837439203,150.7000856063993
19,734,221.27547762818642,151.4385714493561
19,735,221.18015634136435,151.48261344854495
19,736,221.6498344743159,150.82980716510767
19,737,222.54409706891278,149.65213937522122
19,738,223.65409561177879,148.24637637570893
19,739,224.75333429914048,146.89352163741398
19,740,225.67571247760077,145.8084430002382
19,741,226.37810323194935,145.07576800522415
19,742,226.91008830530754,144.6368070357929
19,743,227.33604907475097,144.38508132912438
19,744,227.73383190219755,144.19721976727
19,745,228.1684436419229,143.95024532437947
19,746,228.67551210889542,143.58297145700803
19,747,229.26841470875758,143.1007678719597
19,748,229.9573858687742,142.51860800010783
19,749,230.71546925325472,141.9104592491208
19,750,231.4949972875481,141.37381232084672
19,751,232.19645502811872,140.99774894822323
19,752,232.6949814668686,140.84407097106075
19,753,232.87150153465768,140.92126948371063
19,754,232.65605910070644,141.14742599879537
19,755,232.04172063985365,141.43967973312138
19,756,231.1229914890091,141.72131706701674
19,757,230.0511511795341,141.9364737137074
19,758,228.99239930272134,142.09843050507047
19,759,228.09175867952294,142.31775522723893
19,760,227.43212883996702,142.69813204945933
19,761,227.02661334706235,143.2907197132408
19,762,226.81856819937065,144.10459251741088
19,763,226.70898120950292,145.08527351372652
19,764,226.5835982344537,146.10386641094365
19,765,226.35809273103064,147.03461620236195
19,766,225.99254431093237,147.7857934394472
19,767,225.50723547468888,148.29951157930418
19,768,224.96060427097692,148.5755233937163
19,769,224.43742733004098,148.65743642692303
19,770,224.01960429204584,148.57085834899033
19,771,223.75880512739553,148.3630672430275
19,772,223.6567865419682,148.11888690898513
19,773,223.68963329994355,147.9092181183091
19,774,223.81835281354586,147.77570835579064
19,775,223.98104202479695,147.7774967146258
19,776,224.08923563152626,147.95068950092434
19,777,224.10045146462207,148.25577987755634
19,778,224.00417985204646,148.619846955684
19,779,223.8015221976462,148.96569269840626
19,780,223.52243759865073,149.21026616047266
19,781,223.23274482173014,149.3030512947153
19,782,222.9625960303845,149.2633484124928
19,783,222.73191172017314,149.14960279411477
19,784,222.56714817352463,149.03923300833108
19,785,222.4681091855322,149.00610896124303
19,786,222.4253997671145,149.07708837068571
19,787,222.45412663357334,149.22553807329163
19,788,222.53972860542075,149.41254565096708
19,789,222.6229350961637,149.58982225917413
19,790,222.66207093545455,149.71678781194566
19,791,222.6353897148772,149.78539895040745
19,792,222.52365184900685,149.80671160285115
19,793,222.3432271206522,149.77613433266194
19,794,222.1712160476832,149.69984876478392
19,795,222.09252522542096,149.59375127267606
19,796,222.14652864607754,149.46781403543514
19,797,222.34746391041102,149.31561958864157
19,798,222.69823408899262,149.13323574046962
19,799,223.17641146778334,148.91629513290232
19,800,223.74005249966802,148.65756906073668
19,801,224.37245653354213,148.34485752244785
19,802,225.0361806828703,148.00801092998154
19,803,225.63722768686623,147.7093726801355
19,804,226.0348101216197,147.50270209039732
19,805,226.11845906825593,147.4134086254051
19,806,225.84305144164034,147.44689419791305
19,807,225.2602707896801,147.57252628594333
19,808,224.52673028405522,147.7315782798581
19,809,223.88366734112236,147.86266261159773
19,810,223.53247315941354,147.91573300251258
19,811,223.55851673309277,147.8575636037528
19,812,223.93382920382103,147.67472593875138
19,813,224.52945787085258,147.3870055948758
19,814,225.1337700133066,147.05151968070038
19,815,225.54753249152282,146.76530860197923
19,816,225.64555386568833,146.64633140995053
19,817,225.3983219227469,146.77103978515268
19,818,224.869006929793,147.14829179353478
19,819,224.19323833937804,147.73614613683787
19,820,223.54778692066364,148.43792302550114
19,821,223.09325052183812,149.10076299972738
19,822,222.90213209556285,149.59487862836278
19,823,222.97302642291612,149.84808600922872
19,824,223.25777708968036,149.84211282863504
19,825,223.6403771445195,149.63294986295682
19,826,223.97860879751022,149.35161836489024
19,827,224.16962416985382,149.14565278504776
19,828,224.168890080084,149.11628268885698
19,829,223.97463849056868,149.28609717960205
19,830,223.63904842988495,149.5883234551411
19,831,223.25526106884158,149.91513889928152
19,832,222.92908186526054,150.17181849865545
19,833,222.70473048048746,150.32090908474595
19,834,222.56430034292725,150.3776934167972
19,835,222.45601317059356,150.39747107811917
19,836,222.32323270682014,150.44097109877515
19,837,222.14234023908048,150.53498052036707
19,838,221.96757141276228,150.64867035417384
19,839,221.90140732720374,150.72467378030933
19,840,222.05617147126276,150.68671012882407
19,841,222.50949182294542,150.43385432527694
19,842,223.3060660257149,149.8657114883979
19,843,224.4748910924184,148.92584147989731
19,844,226.0295808270955,147.63383109665583
19,845,227.92281283727775,146.0990007805014
19,846,230.04805825673935,144.52259484204802
19,847,232.1995152084364,143.1619970265042
19,848,234.04409155476847,142.27965773262684
19,849,235.21027391040587,142.0322296012531
19,850,235.45519449870199,142.42254337141176
19,851,234.73201409586855,143.32026073359745
19,852,233.16458581376287,144.51176475724836
19,853,231.0417507323679,145.73233246885343
19,854,228.7507261238048,146.73634852268682
19,855,226.6341305693821,147.38088877962537
19,856,224.89660829562726,147.648945865488
19,857,223.64756416773045,147.61595663568636
19,858,222.9305018557635,147.40142600388972
19,859,222.7213450634078,147.16321451187096
19,860,222.93872718675647,147.02926221538874
19,861,223.47126139867643,147.02497635050494
19,862,224.17338529290194,147.10025657160625
19,863,224.8649039784343,147.21178514933263
19,864,225.3772640698341,147.32522022833584
19,865,225.631736402268,147.3938831499052
19,866,225.64547829697867,147.3791068768706
19,867,225.4869964945433,147.25986340567243
19,868,225.24298559139095,147.03675345951956
19,869,224.9937706169889,146.72023602257795
19,870,224.7563987038466,146.3677324337476
19,871,224.49038987100175,146.07390251571752
19,872,224.16559191875612,145.9069024303908
19,873,223.7997546265022,145.8944361597472
19,874,223.41957743798181,146.05380706594414
19,875,223.08481017040575,146.35972863822496
19,876,222.87870562069347,146.7390002354098
19,877,222.85524220630688,147.13088506910177
19,878,223.02105565365193,147.47883252657257
19,879,223.35399820089032,147.71106624548952
19,880,223.77751854961747,147.79503988895823
19,881,224.1779234100852,147.76653650104208
19,882,224.45156381369068,147.6822811230586
19,883,224.55040155557376,147.57420776728017
19,884,224.52573298947678,147.41152310629116
19,885,224.54972526319014,147.09066951960637
19,886,224.91162623114815,146.46794836198805
19,887,225.92661724816742,145.42494954096432
19,888,227.78783076167713,143.95433164515006
19,889,230.46047289456092,142.21671869918853
19,890,233.64417878614006,140.5036826837129
19,891,236.75329366214,139.1543080354666
19,892,239.07471887531537,138.46046583716918
19,893,239.98539003621846,138.5724539987985
19,894,239.14833463796037,139.4463160293988
19,895,236.63755512276114,140.87927957197394
19,896,232.93832476261574,142.58819436726108
19,897,228.780978453641,144.27592001311749
19,898,225.0085102106255,145.67246060753916
19,899,222.35872236914088,146.5849452347577
19,900,221.22465469691818,146.9362584877495
19,901,221.57104090668238,146.75739197491822
19,902,223.0141758044248,146.1816622916323
19,903,224.95215574571216,145.40942304696026
19,904,226.74631795212136,144.6807605458158
19,905,227.8871662682665,144.20433272889352
19,906,228.1352427686191,144.09867557138537
19,907,227.5494639661699,144.38628101293097
19,908,226.4232583408359,145.00365122803743
19,909,225.18908521929333,145.7678627572145
19,910,224.28264328565803,146.4336478172603
19,911,223.96823751406066,146.82730298560108
19,912,224.2795389115557,146.86413351157077
19,913,225.04494542775575,146.52880069026887
19,914,225.95354562412447,145.92968746641318
19,915,226.6908078374877,145.29681360560997
19,916,227.0798529032642,144.82248767793695
19,917,227.11437184011484,144.58392151613742
19,918,226.90936939447622,144.57881864306952
19,919,226.6431846063762,144.7407180695056
19,920,226.47115636391706,144.95124696010743
19,921,226.45422172594155,145.13341385510807
19,922,226.56234646507966,145.29460449543888
19,923,226.74316575719965,145.47175283390598
19,924,226.9512074835547,145.67204969254647
19,925,227.18786175730216,145.8499131794345
19,926,227.53884911023124,145.87124639512416
19,927,228.17382019647818,145.57482680630474
19,928,229.26866398297008,144.8885417870358
19,929,230.93386080127752,143.85071030815573
19,930,233.13125197281312,142.60264057839376
19,931,235.62112048705714,141.42246518036555
19,932,237.94766524278384,140.63243576818783
19,933,239.58161042889657,140.43616217729902
19,934,240.07440496294623,140.88803310207888
19,935,239.20370289375575,141.9093199974849
19,936,237.06209688409297,143.25097570267366
19,937,234.07245216960112,144.56441071861633
19,938,230.85428809224848,145.5661926067359
19,939,228.0722518930069,146.1272333003487
19,942,225.45604531768237,146.2140147218824
19,943,225.37862292556616,146.00839717780136
19,944,225.62947007304103,145.74516903298777
19,945,226.18938883597892,145.5564557430825
19,946,226.67673351982427,145.470245990622
19,947,226.85312315970356,145.4942427908283
19,948,226.64424627424413,145.59084028165128
19,949,226.131855402535,145.69882138499574
19,950,225.51288291989738,145.79751296632156
19,951,224.98301705219413,145.89229965168246
19,952,224.65280949840263,145.97616956050106
19,953,224.54993312728888,146.01659068026777
19,954,224.62927746918078,146.01871523269438
19,955,224.77935039258722,145.9968620415278
19,956,224.9074770398842,145.9674708296899
19,957,224.96582301252985,145.956066361071
19,958,224.9450544168047,145.98925708718153
19,959,224.88062423238668,146.03533560038258
19,960,224.85042143932478,146.04199736847704
19,961,224.894039455783,145.98487710717293
19,962,225.00113728941918,145.87214501217977
19,963,225.1122084303171,145.7627555809244
19,964,225.14883083520178,145.743939165155
19,965,225.07330314257615,145.87479839599024
19,966,224.9495698059067,146.13096982671703
19,967,224.95759899377927,146.40835559083578
19,968,225.38212696123622,146.54229610313038
19,969,226.52065922074456,146.3751632664342
19,970,228.5412530054516,145.8038285804491
19,971,231.37438095736465,144.84363243597275
19,972,234.7128771480637,143.60428667308747
19,973,238.02033556560315,142.28464082919214
19,974,240.63332220052774,141.16551225020825
19,975,241.94382386030674,140.57048944639934
19,976,241.60019900594367,140.69595710667966
19,977,239.58823589610412,141.5761502247718
19,978,236.24976543568067,143.08220525077724
19,979,232.1851782749781,144.90926047486943
19,980,228.112566007023,146.62287234366744
19,981,224.7381214921263,147.84565271370684
19,982,222.58034527614,148.39119308503984
19,983,221.8003574405866,148.2875078634276
19,984,222.22711326994357,147.7519000434806
19,985,223.4685462463744,147.06535535532936
19,986,225.00498161804097,146.46945124024253
19,987,226.37279890221728,146.10400237984106
19,988,227.27935823048992,146.0056920825219
19,989,227.5642208481652,146.1558464002738
19,990,227.22079212935526,146.54032072532925
19,991,226.44457672593825,147.11172285506916
19,992,225.50359285933163,147.76439404355656
19,993,224.6421037065668,148.38073333791286
19,994,224.03913852514023,148.83948294194934
19,995,223.80544355420957,149.0232968753359
19,996,223.92278888738707,148.91386950499233
19,997,224.29699704017793,148.60248961186068
19,998,224.83562510783747,148.20450984447746
19,999,225.45563357540195,147.84481347328833
19,1000,226.06107838402562,147.6357195667315
19,1001,226.57875914345414,147.57204216304694
19,1002,226.96928606255622,147.5879734094507
19,1003,227.14792537771365,147.66267488501867
19,1004,227.07799725628232,147.7784144209419
19,1005,226.77395498573105,147.89797692529066
19,1006,226.29105884290237,148.0254348434205
19,1007,225.62318196811975,148.17818708200846
19,1008,224.8009861184262,148.33983526162942
19,1009,223.94485620430513,148.4477427759094
19,1010,223.2279851441298,148.45168593810723
19,1011,222.84189986230234,148.31043163142502
19,1012,222.9368364788474,147.99682884057805
19,1013,223.5492574618236,147.52231771580156
19,1014,224.56556226090004,146.9590757316684
19,1015,225.757086081492,146.42134984557987
19,1016,226.81700348842742,146.03087832452553
19,1017,227.44378935573278,145.88155527825165
19,1018,227.46897339852984,145.9855830049015
19,1019,226.88290328091182,146.27424646465585
19,1020,225.828080567679,146.63942095528176
19,1021,224.59335747143987,146.96243785377948
19,1022,223.52439663220315,147.14677097135018
19,1023,222.8482856890315,147.21254553767236
19,1024,222.6604825388232,147.26880376238196
19,1025,222.95439661175658,147.38542951945323
19,1026,223.5950478559625,147.5833590029177
19,1027,224.36179938597363,147.8478415381855
19,1028,225.07796868486284,148.0958969113059
19,1029,225.65110393159594,148.21352134850986
19,1030,226.01014610252352,148.16148206061902
19,1031,226.1399204741572,147.97350731508905
19,1032,226.08624217497345,147.72711455920182
19,1033,225.9106291657789,147.52453800555764
19,1034,225.66150741711309,147.4457635682717
19,1035,225.37961556898688,147.50713807318496
19,1036,225.09940459003147,147.66141329423908
19,1037,224.84593859440045,147.84217647812088
19,1038,224.64364875217404,147.98867288881132
19,1039,224.4911067079292,148.0922166283014
19,1040,224.39939911228973,148.20035629222045
19,1041,224.37432172471784,148.3798155349786
19,1042,224.41825932039805,148.64287806172715
19,1043,224.52358236712314,148.96033382964794
19,1044,224.6712048767262,149.26350009918843
19,1045,224.8250478781857,149.46416193407228
19,1046,224.9549412269322,149.51074660853607
19,1047,225.04040474228276,149.43305767967456
19,1048,225.05469695389112,149.29008546907795
19,1049,224.9924643016745,149.14558634460388
19,1050,224.86580826785126,149.05224382545794
19,1051,224.6988056749702,149.0337683652547
19,1052,224.5391274408832,149.07262101987965
19,1053,224.43512447312807,149.12692621182998
19,1054,224.41481658434773,149.14548729345697
19,1055,224.49465119537538,149.0909649802049
19,1056,224.66832393407608,148.94915238324865
19,1057,224.86659283747002,148.73414786456604
19,1058,225.0450552943002,148.49746619820192
19,1059,225.1792808099612,148.32171873908186
19,1060,225.22796523292703,148.2727753342498
19,1061,225.17757022529852,148.34982532760745
19,1062,225.05629945826595,148.51807715937812
19,1063,224.8630590456788,148.73765013129122
19,1064,224.6190534436535,148.94305352002704
19,1065,224.39049065492003,149.07458800072715
19,1066,224.19717878634202,149.1409631057462
19,1067,224.03395305193453,149.17843837760344
19,1068,223.90510537063753,149.2128689195568
19,1069,223.78994482013894,149.27288594574523
19,1070,223.67167117588272,149.37502867391655
19,1071,223.58594101303777,149.49174539618363
19,1072,223.57241913055933,149.58700394190913
19,1073,223.65701477275712,149.63060570216655
19,1074,223.84019860696367,149.60905176052532
19,1075,224.05384980308557,149.5419100994409
19,1076,224.19300036644722,149.48331671735968
19,1077,224.18776396008883,149.471877539406
19,1078,224.01089755244377,149.5217017531725
19,1079,223.68262821861748,149.6269419861307
19,1080,223.28355811362155,149.75998267033268
19,1081,222.90012171610576,149.88571326415635
19,1082,222.57891420979104,149.98778243779572
19,1083,222.3362486990665,150.06256625086806
19,1084,222.16464963863524,150.11139027508838
19,1085,222.0270027721956,150.1473713021898
19,1086,221.89219509401264,150.18410015446807
19,1087,221.76628786873232,150.22045148322283
19,1088,221.67245561332726,150.25292816011853
19,1089,221.63328268248108,150.28481253100935
19,1090,221.67229227844885,150.31065012928227
19,1091,221.79265974430848,150.3204190080591
19,1092,221.96318448922761,150.31593926851866
19,1093,222.1380621237905,150.30011403861874
19,1094,222.28138644611437,150.26383797350343
19,1095,222.37906378111737,150.19542982156239
19,1096,222.44356680187036,150.08376350521556
19,1097,222.48848269981556,149.92586171429326
19,1098,222.52099818405244,149.7383828911462
19,1099,222.54971635655,149.5446554677494
19,1100,222.57903108436545,149.36388031275587
19,1101,222.60415703442976,149.21538007958875
19,1102,222.62077930543865,149.11279045000344
19,1103,222.63426305102635,149.04652373166212
