point_id,frame,x,y
0,0,266.27504656638496,282.941411382508
0,1,266.3093408437194,282.9652349996885
0,2,266.3511424926361,282.99888230414166
0,3,266.40043471324645,283.04175972093486
0,4,266.4516588718085,283.0897085879521
0,5,266.5015720865281,283.14238140792907
0,6,266.5456479303344,283.1918347098114
0,7,266.58824405007584,283.23066111201507
0,8,266.6272832809244,283.25023386957974
0,9,266.66044639963656,283.2519255273433
0,10,266.68489036252276,283.222909905307
0,11,266.7022062187595,283.1612796466528
0,12,266.71452370239666,283.0816390286468
0,13,266.7240217609209,283.0016811081906
0,14,266.72672731502917,282.91508148900505
0,15,266.72614696085276,282.83523493702825
0,16,266.7258404014543,282.77730236996786
0,17,266.7255858201937,282.7387155933179
0,18,266.725251997607,282.7148500180331
0,19,266.73109322101607,282.71523793387803
0,20,266.7484972378287,282.743805653957
0,21,266.7751597816461,282.795515975522
0,22,266.8091023569487,282.86520692498175
0,23,266.84888257252226,282.9495854188818
0,24,266.8878477695272,283.04869679800976
0,25,266.91076629221743,283.1520489927922
0,26,266.9129045830239,283.2565647241248
0,27,266.8958430522361,283.36586042352565
0,28,266.86322580967953,283.47977440685474
0,29,266.82073665835514,283.58707580757846
0,30,266.77799492255474,283.6843607644894
0,31,266.7442660805074,283.765085177378
0,32,266.72477816580687,283.8200701712649
0,33,266.71701772046697,283.8440149180358
0,34,266.7192497102911,283.8421735567996
0,35,266.7346162488485,283.8226213822671
0,36,266.76185665096546,283.7977306431214
0,37,266.7935834416024,283.7868827336732
0,38,266.8310764977688,283.7995541159494
0,39,266.8724921076106,283.8413448105469
0,40,266.9080454307841,283.9144399638898
0,41,266.9275652453556,284.00554824103756
0,42,266.9305704672953,284.0937538193379
0,43,266.9193185401222,284.17111130594105
0,44,266.9037082483724,284.2271669868384
0,45,266.89372264556005,284.25574183395383
0,46,266.8988017762885,284.2666788302933
0,47,266.9226630087915,284.26717986447017
0,48,266.9585406132135,284.2595966528918
0,49,266.99153654857014,284.25015422682054
0,50,267.0164871884819,284.2362784809278
0,51,267.0312796514576,284.2119805889747
0,52,267.03156149251123,284.17891796865274
0,53,267.01582820113026,284.1370419519702
0,54,266.98828293863335,284.0860025853249
0,55,266.95327400539975,284.03439795330235
0,56,266.9196781473902,283.99301274912045
0,57,266.8943386513254,283.9659115835839
0,58,266.8845455372396,283.9618726626122
0,59,266.89265161223534,283.9847350143405
0,60,266.90940001581384,284.03029118120844
0,61,266.91517861440263,284.0846874087955
0,62,266.90699172564183,284.14445451853743
0,63,266.88647336345883,284.1966132364633
0,64,266.85603130409123,284.23196364027524
0,65,266.82319256739606,284.2480157134943
0,66,266.7993738464873,284.2527343057114
0,67,266.78617630320207,284.2467139848821
0,68,266.7851708462225,284.2431233892726
0,69,266.79413007049226,284.2504017179991
0,70,266.8128316260404,284.2745010822394
0,71,266.84410320232126,284.3137681143259
0,72,266.8837677320894,284.36738598573305
0,73,266.91967650994457,284.4208672666509
0,74,266.9483761843623,284.4717723490269
0,75,266.96615491749867,284.51636085690274
0,76,266.9663200486338,284.55305589771564
0,77,266.95006404178554,284.57650446859617
0,78,266.92333205646196,284.58909697155775
0,79,266.89614674308194,284.5859786207381
0,80,266.88610494888263,284.56412242098975
0,81,266.90187135573126,284.52499457093387
0,82,266.9476168271556,284.4760925507918
0,83,267.0253289717335,284.4266017386002
0,84,267.12047047586606,284.38262666835135
0,85,267.2004695921628,284.3474621033805
0,86,267.2519652361057,284.3212885128811
0,87,267.26774461091446,284.3000077794568
0,88,267.2436989367048,284.274437523579
0,89,267.18987064791287,284.23971626761283
0,90,267.1260734636597,284.1967176762225
0,91,267.06187599531535,284.1441649987525
0,92,267.0030603336238,284.08528789260424
0,93,266.95361642111004,284.0346257190681
0,94,266.90770723489953,284.0020547494829
0,95,266.86078643825374,283.99155125007223
0,96,266.8134684800766,284.0097055661342
0,97,266.7653745393992,284.0538828431519
0,98,266.72098241653725,284.1016137307651
0,99,266.69298498337514,284.1401709239998
0,100,266.689397060264,284.1632295787086
0,101,266.7033860234428,284.1611045163131
0,102,266.7310864200864,284.13452249188504
0,103,266.7641654129985,284.09781957316915
0,104,266.7930583511965,284.05135940995365
0,105,266.8107561477768,283.9934267981181
0,106,266.8233433985032,283.9297496241798
0,107,266.83726724010603,283.8654107021637
0,108,266.85462447860056,283.7980354694861
0,109,266.8716117275929,283.7352148579989
0,110,266.88778145244453,283.6787723730797
0,111,266.90148611408534,283.6272051256486
0,112,266.90494534453785,283.5709083129523
0,113,266.8964002154589,283.5116585503098
0,114,266.8801762066692,283.4570914833521
0,115,266.85834785004465,283.42232202340296
0,116,266.83577373618317,283.4195873831391
0,117,266.8186302120393,283.46135227666247
0,118,266.8114335314238,283.5479377015094
0,119,266.8136405524217,283.6628047265828
0,120,266.82309794024013,283.78208451649766
0,121,266.83081584199545,283.883112321456
0,122,266.83312411892774,283.95051580629115
0,123,266.8279477945564,283.9756159158027
0,124,266.8146000509246,283.9598404707312
0,125,266.7953215241814,283.9174048499995
0,126,266.7713235264257,283.8635550655489
0,127,266.7456477390084,283.8105300360992
0,128,266.72268693212,283.7754100741132
0,129,266.704845113178,283.7721110124385
0,130,266.6927835053574,283.79704585443153
0,131,266.6902224150951,283.8409616437285
0,132,266.6928378985161,283.8952241506694
0,133,266.692935737046,283.94548678021744
0,134,266.692250619714,283.9823006547512
0,135,266.69129124507543,284.0063801945588
0,136,266.69091649176534,284.0237770622122
0,137,266.69295011964044,284.037116483345
0,138,266.6967258214957,284.0412599424386
0,139,266.69597812533544,284.0278090268062
0,140,266.69023531833966,283.98499929725165
0,141,266.67878347143727,283.9092117518102
0,142,266.66338574302864,283.8042890130715
0,143,266.6499788823642,283.6847366930511
0,144,266.6421611191502,283.5648534883341
0,145,266.633656043791,283.4661431364466
0,146,266.62046365349374,283.39233954303086
0,147,266.6006152633978,283.34088499307745
0,148,266.574045662676,283.30933001383346
0,149,266.54135642632855,283.2932885385637
0,150,266.5087697287779,283.2808667991901
0,151,266.484397049372,283.2736465770755
0,152,266.4788335781624,283.2774398508019
0,153,266.490596816996,283.2914665391257
0,154,266.5158054675046,283.31850096913513
0,155,266.55212195416357,283.3594462061589
0,156,266.59158610172676,283.40964157014884
0,157,266.61878690355474,283.4680164411908
0,158,266.6332076305082,283.53332655077793
0,159,266.64228763914195,283.59818796264
0,160,266.64719051120426,283.6552614230566
0,161,266.64689308943895,283.69308934877836
0,162,266.6428523906819,283.6935900232337
0,163,266.63291510589494,283.65374369665057
0,164,266.6149190173063,283.5826925293899
0,165,266.59232353516205,283.4965363850584
0,166,266.5718539686334,283.42074794284457
0,167,266.55879585272584,283.37328047100584
0,168,266.55600459433344,283.3564944652501
0,169,266.5570302251558,283.36169035083094
0,170,266.557134179625,283.37526016576635
0,171,266.5535625169355,283.37719723149587
0,172,266.546335566561,283.3597185848971
0,173,266.53407799859417,283.3232805423767
0,174,266.520820801055,283.27290413783504
0,175,266.5085918584223,283.22138058492243
0,176,266.5071278399871,283.18954300566566
0,177,266.51854603069336,283.1801008036226
0,178,266.5499032546812,283.196806357023
0,179,266.6040803120702,283.24265007524707
0,180,266.6787861295754,283.31180087928624
0,181,266.7498246342914,283.3765707299307
0,182,266.80923874427117,283.4457307331884
0,183,266.8441512402619,283.51547859406764
0,184,266.85077271452496,283.5818263851593
0,185,266.8289615423865,283.6361495143205
0,186,266.7955774795678,283.69455644632006
0,187,266.7542640374775,283.73438502299746
0,188,266.7134076166346,283.73906647577616
0,189,266.67340079411883,283.69696337209064
0,190,266.63615982249627,283.6118763087071
0,191,266.5999355255299,283.4899728605293
0,192,266.5679197497106,283.3617063033637
0,193,266.53844433475246,283.25196675499956
0,194,266.51245472237304,283.1772038867336
0,195,266.4925497936009,283.14932102964144
0,196,266.480509995219,283.1571898686536
0,197,266.47733491889943,283.1801986198132
0,198,266.48300256284585,283.2124905285731
0,199,266.49874511168167,283.2479311185228
0,200,266.52648531121895,283.27341701034715
0,201,266.5639634071175,283.2903619475422
0,202,266.6072213341858,283.3019557919021
0,203,266.65518550777983,283.303991320052
0,204,266.7020185006161,283.3048035167775
0,205,266.7358655843255,283.3152770191051
0,206,266.75545065093047,283.3420277763472
0,207,266.76133953670734,283.3853417094616
0,208,266.7533552657769,283.4386854302967
0,209,266.7339653415926,283.48180636256006
0,210,266.7091829814877,283.5036531431238
0,211,266.6837808247557,283.5050035006253
0,212,266.66940911015905,283.49652036677935
0,213,266.67243751180547,283.4915853246207
0,214,266.69752937266077,283.5089234142289
0,215,266.74759142688276,283.5563626407195
0,216,266.8157894689121,283.6214242571237
0,217,266.8829516499764,283.6910995544839
0,218,266.94438309582654,283.76317625808434
0,219,266.99443863728527,283.82715079829677
0,220,267.02466273385573,283.8652714126745
0,221,267.0293884130496,283.87259816521373
0,222,267.0100021834845,283.84584025293555
0,223,266.9633511284114,283.77915003458986
0,224,266.90317574313195,283.68700218703253
0,225,266.8445104966658,283.5985784549077
0,226,266.8044018964909,283.54142160688195
0,227,266.7927879913724,283.52479298526214
0,228,266.812618335516,283.54566259734196
0,229,266.8460008999442,283.58415757182104
0,230,266.8814926810178,283.6187315835822
0,231,266.90964914486676,283.62858836900546
0,232,266.92577559008146,283.6125217948358
0,233,266.9265994031253,283.5802229183322
0,234,266.9171647358459,283.5458695198579
0,235,266.89889695506946,283.5189259621528
0,236,266.8710204278327,283.5000184731381
0,237,266.8364022545333,283.48102434782794
0,238,266.7985663708371,283.45649507015156
0,239,266.76061649347145,283.42082152937246
0,240,266.72663662320883,283.3706475438113
0,241,266.70108306446144,283.31678788935045
0,242,266.68459345614554,283.274900151643
0,243,266.67892129941595,283.2493844034566
0,244,266.68338000389025,283.24387628301264
0,245,266.69431646836676,283.25849720186113
0,246,266.70937274076516,283.28458838682633
0,247,266.7284455872691,283.3146388585656
0,248,266.7506423028649,283.3482603804067
0,249,266.77245131216733,283.3840386164559
0,250,266.79276357082847,283.42600419768496
0,251,266.8104761106131,283.478566212154
0,252,266.8217990861227,283.5389927370996
0,253,266.82428792654196,283.5954671542586
0,254,266.8230185469791,283.64070660688185
0,255,266.8208231184819,283.66673111851804
0,256,266.81710594141214,283.67259669251496
0,257,266.80807950387754,283.6629592581131
0,258,266.78514162947727,283.6496466089079
0,259,266.7290470157069,283.6228665203888
0,260,266.6687707191169,283.5216843536603
0,261,266.66086816282194,283.2544218371931
0,262,266.7737500435522,282.7804194822496
0,263,267.05982330963036,282.12524296388597
0,264,267.530617911211,281.37783740764206
0,265,268.0730325422138,280.7671348521699
0,266,268.5223109179782,280.5553948264801
0,267,268.6673497924825,280.8259183547924
0,268,268.29912413024874,281.42773168638536
0,269,267.34459804896306,282.0628905707366
0,270,265.9809376930559,282.4757158419385
0,271,264.4193188403932,282.39699849875655
0,272,263.090757861911,281.9560553178306
0,274,262.33213663528073,281.41780334677185
0,275,262.30959420347745,281.13330852084397
0,276,262.6011909344398,281.02749340931683
0,280,263.25500172985153,281.4026773661436
0,281,263.9270621179437,281.96264249661704
0,284,264.5321631905838,282.64976126157404
0,285,264.93322101171736,283.1881593094292
0,286,265.4007689838749,283.6638629332389
0,287,265.71409984131907,283.7969771619087
0,288,265.91749575053757,283.6784994665247
0,289,265.90570150580913,283.298245839683
0,290,265.7484653565667,282.95556807210676
0,291,265.52721505855,282.7637699153974
0,292,265.34056814672806,282.7693582758694
0,293,265.22149324568846,282.9868825063906
0,294,265.1954409831923,283.30141161972614
0,295,265.2359029528764,283.48219482712716
0,296,265.3377675678591,283.5624294905674
0,297,265.4616711066566,283.62518187047107
0,298,265.5574257587386,283.6861819798634
0,299,265.6015338683069,283.7548304096568
0,300,265.64341852071067,283.9391278215994
0,301,265.6527977701362,284.10018873265363
0,302,265.63133808157045,284.1255196345103
0,303,265.64193264017246,284.0392509728843
0,304,265.72959981820395,283.92464728619615
0,305,265.83931983565174,283.75494272381695
0,306,265.97032868761954,283.6071086030601
0,307,266.0991736952793,283.54019280082866
0,308,266.16257015069027,283.5548338982604
0,309,266.1169107959515,283.6057468496857
0,310,265.98805305210874,283.7107622457286
0,311,265.80633735267736,283.82582735541126
0,312,265.66818744562636,283.94055865097613
0,313,265.66890182677486,284.0378987041701
0,314,265.82686700039085,284.09689722390436
0,315,266.08700275767075,284.06033279499275
0,316,266.3982601743697,283.9863091286387
0,317,266.6525148209967,283.9010226455566
0,318,266.74686755780647,283.7924486027844
0,319,266.6780717414924,283.66777625642163
0,320,266.50185488617063,283.55385648606614
0,321,266.2614940898117,283.451629835039
0,322,266.01715744337014,283.3533767872637
0,323,265.8272513693836,283.2451055526243
0,324,265.7146371958226,283.1300294582814
0,325,265.69374413020387,283.0723740372855
0,326,265.77979831187093,283.0718494275713
0,327,265.95778477215777,283.118213967712
0,328,266.20698832304595,283.2447631917799
0,329,266.4859325523103,283.487158632724
0,330,266.73377977486814,283.7689467378184
0,331,266.88589829255284,284.0183090142297
0,332,266.91643079115784,284.18083285511926
0,333,266.80283020159527,284.19342431620885
0,334,266.5644038919542,283.99967775876917
0,335,266.2566386561269,283.643359685919
0,336,265.9704460029847,283.25195962468894
0,337,265.7814998058588,282.96596105142595
0,338,265.7584926798755,282.8939016147639
0,339,265.9057403968403,283.0810891570102
0,340,266.1807813930447,283.50576978297136
0,341,266.50398808139835,284.06039305369035
0,342,266.79815745800744,284.61266190543813
0,343,266.9926141979216,285.0419214243566
0,344,267.07103979517007,285.24755672155186
0,345,267.04554552200415,285.1784117658964
0,346,266.94214001598056,284.8536992945192
0,347,266.7985373366663,284.35717355477107
0,348,266.6676763081884,283.8191985528563
0,349,266.587424441778,283.40817837353177
0,350,266.593152600512,283.2297868212341
0,351,266.710837166001,283.3344202849436
0,352,266.9420703063708,283.68996537136985
0,353,267.2546809089208,284.2001384662885
0,354,267.5965594598579,284.7301437257186
0,355,267.900638404863,285.1917755926431
0,356,268.0993841535042,285.48177324159127
0,357,268.1491049566132,285.5337869960516
0,358,268.04175068263385,285.33455171747966
0,359,267.8118705841683,284.9537275842123
0,360,267.5201802141984,284.48180389771136
0,361,267.2466215045936,284.06453540072664
0,362,267.0519499650625,283.82627522245957
0,363,266.9810029201684,283.8654460142374
0,364,267.03718008704595,284.16885682682835
0,365,267.18792902824214,284.64092441825414
0,366,267.37690225257006,285.1527032292745
0,367,267.54832998943346,285.59392173854303
0,368,267.6491316703797,285.84421917559587
0,369,267.6578554905666,285.84257774076286
0,370,267.5868875323479,285.6173109355801
0,371,267.4642914257802,285.23075361749846
0,372,267.33511369379215,284.75400364656747
0,373,267.250211184457,284.32345054926486
0,374,267.2455003976972,284.05474364810175
0,375,267.33477040934537,283.98694432496956
0,376,267.5154936590727,284.097248267229
0,377,267.7858361986078,284.37860606822045
0,378,268.1104367197106,284.7299366593821
0,379,268.45006999570825,285.05440988572184
0,380,268.7745029299192,285.26176353943913
0,381,269.0192713165831,285.28909367137203
0,382,269.1062928905027,285.0102921661175
0,383,269.037857557851,284.42351611483963
0,384,268.83711685009456,283.5950389712513
0,385,268.58192981969785,282.7844662782737
0,386,268.4204041518927,282.274162006073
0,387,268.446468488998,282.2575509725832
0,388,268.65368790026935,282.6993928925126
0,389,268.9747645278651,283.4470310042938
0,390,269.26825410316616,284.13968037467566
0,391,269.41860482355764,284.4910422996116
0,392,269.4024023216707,284.43180124315603
0,393,269.24451252036846,284.0840468574889
0,394,269.00730125884377,283.57872939717737
0,395,268.77004212290086,283.0403833405022
0,396,268.5377343111885,282.45439774197854
0,397,268.3016432579394,281.75909269171837
0,398,268.0725840335447,280.9352007630937
0,399,267.88916741191156,280.0542367790276
0,400,267.7997088124418,279.3178467918919
0,401,267.864726606477,278.98633171097003
0,402,268.0893249899747,279.2224911707811
0,403,268.41814196848566,279.95332424784846
0,404,268.74877184579736,280.96948194406315
0,405,268.9942649596992,282.00186027090376
0,406,269.09712807163623,282.7441764635108
0,407,269.05238924681277,282.9909896372817
0,408,268.9107147139865,282.71782914762946
0,409,268.7553799746662,282.06397717335506
0,410,268.64943187987507,281.1676573965442
0,411,268.63166884370696,280.2484837772002
0,412,268.69608593451585,279.4224971054183
0,413,268.79330541572654,278.7811298044457
0,414,268.85689110920913,278.3003842047515
0,415,268.81098820509914,277.9128763847578
0,416,268.59809284170103,277.49594729731007
0,417,268.2053705595313,277.0203713693437
0,418,267.66715621812557,276.4793873950121
0,419,267.06396422379356,275.9204274838652
0,420,266.47656457190044,275.3823056541397
0,421,265.98795697793946,274.8957659801712
0,422,265.6678771461442,274.45690250611335
0,423,265.56852611258523,274.0796235139993
0,424,265.6695188003271,273.80115797911895
0,425,265.94045325476105,273.7074823928839
0,426,266.3160761960744,273.8555579003617
0,427,266.7269098589131,274.29296614477875
0,428,267.101073255615,274.97120773606656
0,429,267.414165014397,275.7917739699151
0,430,267.6770851237074,276.62686676501096
0,431,267.9132082041476,277.3910867234335
0,432,268.141230148522,278.0024496412949
0,433,268.3866425623086,278.4591479159478
0,434,268.6511998667952,278.78723880764267
0,435,268.89695347817576,278.9877209622887
0,436,269.081096400975,279.1071202420925
0,437,269.17028701233056,279.19774043155314
0,438,269.1360049998583,279.2715970354108
0,439,268.99104700387664,279.30872028857806
0,440,268.80050160019624,279.4279536354431
0,441,268.6519487494487,279.65870206559043
0,442,268.62444772749063,280.0048856357995
0,443,268.7663716290548,280.4782578305503
0,444,269.0682447938488,281.0886550855281
0,445,269.45087885639106,281.68015221777307
0,446,269.8101268335408,282.12373244735403
0,447,270.0595186725997,282.4005362017749
0,448,270.1386889485395,282.5019293909145
0,449,270.03819765313364,282.47990680764485
0,450,269.8161163872211,282.46853059798104
0,451,269.5689338355454,282.6363102119976
0,452,269.3416879621376,282.91853304710895
0,453,269.16117100785993,283.2201858059147
0,454,269.02785426575105,283.393071428644
0,455,268.90962949359954,283.2860057034638
0,456,268.7422380894965,282.76900264499534
0,457,268.5098646245036,281.9360564997595
0,458,268.1718919551465,280.8538013144584
0,459,267.69732012688746,279.607913350294
0,460,267.0862208057767,278.3098518133488
0,461,266.34093790782896,276.9670384478053
0,462,265.4945261963817,275.558139775679
0,463,264.67482147628743,274.2244004359353
0,464,264.004185007728,273.0725008409559
0,465,263.53783416300365,272.1326585557013
0,466,263.32551138925004,271.5484519748243
0,467,263.3570022535248,271.38362788143866
0,468,263.5499124685081,271.54085225275617
0,469,263.8273071906036,271.9532189919278
0,470,264.15566848802314,272.56717072935885
0,471,264.51837364623896,273.258384261972
0,472,264.9096634287389,273.93860344596493
0,473,265.34422848929387,274.57785077505105
0,474,265.803075328091,275.11661341856194
0,475,266.27528117263813,275.5467775641733
0,476,266.77150176319907,275.9241981174114
0,477,267.28255550499614,276.24638215843487
0,478,267.7560250172899,276.46526681784985
0,479,268.19305732060434,276.6466225980982
0,480,268.59427052329977,276.87783728108184
0,481,268.932733462397,277.2037484662258
0,482,269.2174114109626,277.7021948805061
0,483,269.4789720713056,278.3791671794746
0,484,269.70980796673985,279.0980434668267
0,485,269.8942611557468,279.6674299800776
0,486,270.01588140320627,279.91935182821004
0,487,270.05824735437704,279.7582759158135
0,488,270.0181719056332,279.29200193444467
0,489,269.91916460329736,278.67196376274103
0,490,269.8092194219105,278.0962945601827
0,491,269.7312178504638,277.76279689678057
0,492,269.70051455233596,277.8053752780356
0,493,269.7383807698492,278.2096974025821
0,494,269.83790507877734,278.93719951546325
0,495,269.91516308508653,279.7799459362121
0,496,269.9099126936402,280.448436214564
0,497,269.80639944021505,280.70386824751097
0,498,269.6110203218745,280.45400210727956
0,499,269.3701812408282,279.764096714505
0,500,269.1913400711178,278.91875446815357
0,501,269.134708892418,278.26954482495506
0,502,269.21684398427084,278.08199395452584
0,503,269.401073712576,278.41391300512623
0,504,269.62104737251923,279.15241159643585
0,505,269.7888522692544,280.009044923163
0,506,269.84885923788556,280.66176286389566
0,507,269.796765534974,280.9443966918728
0,508,269.6772745285287,280.9055610851701
0,509,269.5429978629311,280.68965568916394
0,510,269.4335995387449,280.5659681444012
0,511,269.3526320553877,280.7481030711591
0,512,269.23619313594196,281.21880137558156
0,513,269.00427625611957,281.85394206840596
0,514,268.58912796330054,282.4664113978871
0,515,267.9987664864549,282.9281672106309
0,516,267.3601229966236,283.2802200201119
0,517,266.8473701816062,283.69077317752476
0,518,266.55065451848594,284.28710979377945
0,519,266.3873300088451,284.9175985305383
0,521,266.38762850299315,285.5357113936033
0,522,266.41674249643404,285.9412234483102
0,523,266.3517555121369,285.94741357131323
0,524,266.1832116398358,285.4843404976147
0,525,266.0680337408386,284.8116621728267
0,526,265.9123626708323,283.95121365125163
0,527,265.71362984509574,283.0415549656745
0,528,265.4755823544228,282.2082501062731
0,529,265.1995282122311,281.58610891520584
0,530,264.9073583945918,281.2610315060889
0,531,264.68292552292337,281.25318146805193
0,532,264.6082791691186,281.56167892533495
0,533,264.74813434023247,282.22924173041827
0,534,265.09649495072523,283.14063987797726
0,535,265.5728373442893,284.1459077350474
0,536,266.1214751384866,285.22559145509075
0,537,266.6649210360317,286.2219431373855
0,538,267.05038836553274,286.8677488330185
0,539,267.2085934339954,287.0764712472144
0,540,267.18857889968126,286.912075974348
0,541,267.0527508234362,286.4424118691816
0,542,266.89257832572747,285.932891917268
0,543,266.86180013658253,285.6873394665624
0,544,267.0182345252576,285.775395084659
0,545,267.3164529830588,286.1427949907543
0,546,267.68777973226054,286.67917200938945
0,547,268.0484864083644,287.18531681946047
0,548,268.3231603910424,287.4901135442543
0,549,268.5040782783324,287.60133190738884
0,550,268.58957789810734,287.5456832200492
0,552,268.5986812224601,287.3669168803087
0,553,268.5640596088026,287.1361116474965
0,554,268.5194070880924,286.8890951872776
0,555,268.47410057029265,286.8342419260278
0,556,268.4623706244741,286.9309584028917
0,560,268.60070774473735,287.3824007148266
0,561,268.77666175500946,288.0161824450007
0,564,268.96271728995634,288.7989065196484
0,565,269.12454582826155,289.427064926719
0,566,269.23552710849276,289.89639163204316
0,567,269.1927195117246,289.98522172500014
0,568,269.108456608062,289.8439360612929
0,569,269.00386526302367,289.49569764967066
0,570,268.915814186975,289.03788730223187
0,571,268.8752926204546,288.5675469302092
0,572,268.8961074895318,288.17956039098084
0,573,269.0017063489249,287.897861265993
0,574,269.1878220471978,287.82632105231824
0,575,269.36275929325484,287.94607298739294
0,577,269.49490962387745,288.19721973648114
0,578,269.5495972356164,288.4261521252022
0,579,269.4541021852052,288.50118006870474
0,580,269.20585029016405,288.29768970756766
0,581,268.9095140368908,287.85233531197105
0,582,268.5979579177194,287.1959533836701
0,583,268.2812031240928,286.4514782056276
0,584,268.03875938281857,285.81486167335214
0,585,267.8862591114998,285.36552717049284
0,586,267.7904320925725,285.05968378333796
0,587,267.73144520255346,284.8528850297669
0,588,267.7294281180925,284.71988671362965
0,589,267.7461234765783,284.5934784856519
0,590,267.76467115121284,284.45693860730853
0,591,267.79742228782237,284.357969052923
0,592,267.84431276009866,284.3233729589233
0,593,267.8796224537868,284.3537161001352
0,594,267.89954493664794,284.44724328316244
0,595,267.88781506616124,284.55385767737846
0,596,267.83887755087886,284.6363197325692
0,597,267.75833574940873,284.67897869528736
0,598,267.6684028785436,284.6619606807968
0,599,267.57515314875207,284.55862391122264
0,600,267.48079912979983,284.406098334998
0,601,267.3506327263942,284.2094653742382
0,602,267.1652433526388,283.99679110880226
0,603,266.9112684016582,283.7787498305388
0,604,266.6105252712142,283.5793475111899
0,605,266.3095125640813,283.40823151334376
0,606,266.0829402686861,283.29964581776017
0,607,265.9721111601999,283.2561553809922
0,608,265.99501238555285,283.3012982417413
0,609,266.1351420303383,283.4425680922434
0,610,266.3508595189124,283.6661436843028
0,611,266.58600087213233,283.9152324714701
0,612,266.79761228867557,284.14403723256163
0,613,266.9588549313265,284.30783219054297
0,614,267.04665536959925,284.3819121392249
0,615,267.0590578470161,284.351906001321
0,616,267.00376684881843,284.23567142370234
0,617,266.8786661855649,284.0512329640961
0,618,266.69079724799354,283.8029936259952
0,619,266.4647565097188,283.44471992716916
0,620,266.2087376763693,282.9517543105409
0,621,265.9373838630767,282.3566551658454
0,622,265.6926844148893,281.7156384679274
0,623,265.48776928739096,281.0736207106609
0,624,265.31257821147943,280.5357246488591
0,625,265.16767522069676,280.178489834041
0,626,265.05480813159886,279.9881017926773
0,627,264.98094095647957,279.94540336636356
0,628,264.9787577926696,280.07965305549186
0,629,265.07624834250885,280.3535235911186
0,630,265.28626372092424,280.696395283286
0,631,265.59107069346754,281.0830645725397
0,632,265.9153736344694,281.4338766079373
0,633,266.1866223941362,281.6469642688207
0,634,266.3727546937201,281.72450006086115
0,635,266.43346816928954,281.7103283066809
0,636,266.3474713906558,281.60042618501654
0,637,266.1493519335638,281.45095445607126
0,638,265.8672348679422,281.3018065911009
0,639,265.5039157638962,281.0989380960912
0,640,265.12301401447854,280.8549027560455
0,641,264.8021200839386,280.61927547011345
0,642,264.61467716085025,280.42692063843776
0,643,264.59369423643807,280.2973547736217
0,644,264.7586033919646,280.3101087453299
0,645,265.0587372623593,280.46362128762973
0,646,265.42608955607596,280.7548812318671
0,647,265.76542716646,281.1329149746263
0,648,266.007808115524,281.56490862294277
0,649,266.1280813283643,281.9632043377489
0,650,266.1465577723641,282.25896524914333
0,651,266.098950481267,282.4184416582258
0,652,266.0394885773041,282.47193529056153
0,653,266.03062653868824,282.4390011724579
0,654,266.0683413481052,282.36853565677814
0,655,266.1439672897314,282.3281953431366
0,656,266.21351016180967,282.3198733882654
0,657,266.2182087280839,282.31572405390455
0,658,266.1190593636753,282.30458514370514
0,659,265.91276450017693,282.25931446921464
0,660,265.6156140239652,282.1558824222267
0,661,265.31293375559704,282.031074401512
0,662,265.0960295645556,281.90736763348576
0,663,265.01035980339014,281.7975087708056
0,664,265.11168111777204,281.7708675612155
0,665,265.3891457818107,281.85039015609846
0,666,265.74853583051436,282.0051263177279
0,667,266.1037270082527,282.24893937608107
0,668,266.4072351520716,282.60338185528576
0,669,266.605333814272,283.0020451422953
0,670,266.6659889813616,283.3709806449241
0,671,266.60947299538606,283.6597839510126
0,672,266.4665271785941,283.7854102547758
0,673,266.2482576099958,283.7391311166928
0,674,265.97274377852307,283.6511509918994
0,675,265.71757049697993,283.6803412242554
0,676,265.58168265152375,283.9518253074314
0,677,265.6214614347349,284.55008912860075
0,678,265.8638182476179,285.37880107791113
0,679,266.2976938053163,286.10326186934833
0,680,266.81573516187916,286.4656422144571
0,681,267.26030569801145,286.3380792270221
0,682,267.5342483107546,285.7403236431306
0,683,267.64595880300044,284.87925636016627
0,684,267.6232607503887,284.12698850677054
0,685,267.54905818125866,283.7267001025012
0,686,267.531101603706,283.75259340664763
0,687,267.61592346297505,284.1341889476505
0,688,267.7749622490191,284.70054011466243
0,689,267.994199480367,285.27763719613284
0,690,268.2598152134406,285.74388618328896
0,691,268.53169687128,286.0600444667553
0,692,268.79701589857973,286.21118824096925
0,693,269.0110471080205,286.2094446764207
0,694,269.1279404902286,286.1125085761612
0,695,269.1163103215789,285.97534037934565
0,696,268.96073168623064,285.817576974159
0,697,268.6223317485074,285.599292369451
0,698,268.1323560956484,285.2757491973323
0,699,267.54916970396806,284.74643092196993
0,700,266.9482398139913,284.0030524464796
0,701,266.4146357217211,283.1197451779733
0,702,266.0398323621927,282.250074723897
0,703,265.86906089225624,281.5594929546269
0,704,265.8937606542381,281.1677696828993
0,705,266.0269463346288,281.04182598612
0,706,266.178850521998,281.06729375914983
0,707,266.3167829190839,281.1605140715733
0,708,266.4389386497805,281.22717412866655
0,709,266.5668380796067,281.2240642294425
0,710,266.75885864988186,281.19779259383665
0,711,267.04201417982165,281.1315062219041
0,712,267.40159250300934,280.95871360257263
0,713,267.7776797426862,280.6222533132467
0,714,268.11186025622544,280.1324052072558
0,715,268.3178461277057,279.5171603087423
0,716,268.3501807315464,278.9826298572089
0,717,268.14094232140314,278.76663502716855
0,718,267.7159973808683,279.04232866550433
0,719,267.10418057627174,279.7326715266362
0,720,266.4781553461737,280.7724126371801
0,721,266.0036682409921,281.9866075597946
0,722,265.8353138546041,283.1059563351625
0,723,266.0083826647703,283.9791471490784
0,724,266.545220595407,284.72493658681435
0,725,267.2389959781919,285.2870179447964
0,726,267.8730441363888,285.6221453319371
0,727,268.2995332902062,285.84334029239733
0,728,268.4473873503997,285.9910590082398
0,729,268.30451709818084,286.05294262368886
0,730,268.02475734488627,286.14246488091993
0,731,267.7502001686959,286.39086458638144
0,732,267.59412369838265,286.8083022831675
0,733,267.6214162618505,287.3559738533497
0,734,267.79200276152335,287.8638719467521
0,735,268.00750473638317,288.18254113204034
0,736,268.19758796896593,288.13993438029365
0,737,268.2934692678547,287.6620969149284
0,738,268.2736642472402,286.80006620164687
0,739,268.18094643634095,285.77820933707164
0,740,268.0930935394075,284.7994743989301
0,741,268.0664426337074,284.07582192068935
0,742,268.1269051530577,283.73985484665
0,743,268.28618049653727,283.7373346998277
0,744,268.5268899560923,283.9152475601461
0,745,268.78195968323325,284.1444188071173
0,746,268.96060756271794,284.26077600220253
0,747,269.0351447661267,284.13211975790716
0,748,268.9629962103835,283.86438971268547
0,749,268.7635078474116,283.57097913231246
0,750,268.48775838043684,283.25897779330097
0,751,268.2646674123851,283.0867337957075
0,752,268.14908607005157,283.2397022034885
0,753,268.15698318589483,283.6577257549242
0,754,268.27081696560384,284.3370231262533
0,755,268.4663118077892,285.3203717671622
0,756,268.65639962621935,286.4327566364006
0,757,268.824347494067,287.48015836794514
0,758,269.01923591723465,288.4879978779386
0,759,269.2540283841215,289.3716586936873
0,760,269.5380868985892,290.12341832939444
0,761,269.89127109239877,290.87539074474313
0,762,270.27634658073066,291.73991726448406
0,763,270.6211573167857,292.65581550240154
0,764,270.87096554524015,293.50686309638866
0,765,270.96073283253276,294.1261220915964
0,766,270.8406360299551,294.36256428192075
0,767,270.4493618038135,293.9514335284829
0,768,269.72512132633585,292.8069939038654
0,769,268.9319732470923,291.50950154486577
0,771,268.1885574202014,290.28845263855175
0,772,267.59681483528334,289.34751779952575
0,773,267.3073254973819,289.05788121909427
0,774,267.46322513001604,289.6256914814069
0,775,267.82636853944507,290.57516495149673
0,776,268.26858836581306,291.6685633966608
0,777,268.6989888565574,292.6665609073338
0,778,269.0211100208163,293.351802434564
0,779,269.124163860262,293.5257068681824
0,780,268.95251622542753,293.145478495466
0,781,268.5715481747377,292.4225807521398
0,782,268.05304412763934,291.53051219602355
0,783,267.52128374973165,290.60692281094043
0,784,267.09290181977525,289.75896946602506
0,785,266.8950877351942,289.0843002078747
0,786,266.96381004524824,288.49097128487426
0,787,267.2470918061704,287.94815480609884
0,788,267.52602202162655,287.33628922077617
0,789,267.6941552331066,286.764440270932
0,790,267.7158481914496,286.353746930248
0,791,267.571640859518,286.2362519275812
0,792,267.28750292790426,286.4324177348344
0,793,267.0246712262211,286.95069161986424
0,794,266.8415863432178,287.5565841007175
0,795,266.6687982497947,287.9055449251542
0,796,266.4793672732997,287.84353990910716
0,797,266.26586165278366,287.29583027974087
0,798,265.9806136617743,286.25366266704924
0,799,265.6646055716483,284.88955446052586
0,800,265.4526539138552,283.5978121731232
0,801,265.39953711108933,282.5670770157132
0,802,265.52398586913154,282.00292641706704
0,803,265.81852007971844,282.07091095181033
0,804,266.19724344010723,282.78248723602326
0,805,266.48443398095253,283.87652548416656
0,806,266.572139740534,285.09603092784175
0,807,266.4239763502222,286.08841100321786
0,808,266.14786531031035,286.72499942284446
0,809,265.79574590396226,286.7150438526055
0,810,265.4210549782311,286.07573076267846
0,813,265.15961821183424,285.15098031320304
0,815,265.0764286208198,284.2803238495164
0,816,265.0671789220156,283.56488401270553
0,817,265.0419441693459,283.1815903204249
0,818,264.9579990339545,283.0999498691699
0,819,264.72003879231045,283.05996414308044
0,820,264.32265532982217,282.9717371636139
0,821,263.8432258331523,282.7563671788966
0,822,263.4378918510931,282.5014616892534
0,823,263.24837071235777,282.3062506755647
0,824,263.3000823752178,282.23984337882973
0,825,263.5815683938581,282.3045019582852
0,826,264.0272882489294,282.5478457861308
0,827,264.5346983043163,282.97406629678204
0,828,265.0366176883203,283.6142106964789
0,829,265.53232586916073,284.3777965678339
0,830,265.89593342707906,284.98026078018734
0,831,266.05527245183464,285.2254036741093
0,832,266.04816321584093,285.07694503592717
0,833,265.9431058123177,284.53395861117167
0,834,265.8059027217193,283.78227108563703
0,835,265.7836887164557,283.1958932246284
0,836,265.9665341060507,282.9634961503747
0,837,266.3062631441402,283.05053465753576
0,838,266.68589078910065,283.35226946167955
0,839,266.92177277057294,283.63863303850724
0,840,266.9666564726826,283.72168809554717
0,842,266.84963497280506,283.4255405070435
0,843,266.6728774331409,282.6862124782898
0,844,266.59885907268944,281.6221390707934
0,845,266.8306189581922,280.5182174983302
0,846,267.4035582205799,279.6710251849544
0,847,268.25536924434374,279.5084488893591
0,848,269.20195123644504,280.15600765550124
0,849,269.96557829079467,281.634262960201
0,850,270.06512830473787,283.3236697539063
0,852,269.79762305979574,284.94835373036864
0,857,269.1099566411973,286.0493508592374
0,858,268.1763854584167,286.60439924582244
0,859,267.1946142284454,286.5060660239676
0,860,266.6237567535058,286.1779637079224
0,861,266.1579602392105,285.6088535366291
0,862,265.8333278240892,284.8786558155539
0,863,265.62878410163376,284.1451112391124
0,865,265.54445822885293,283.4559398345027
0,866,265.489227549396,282.8303337227785
0,867,265.4884510837168,282.4521481706007
0,868,265.6183887459582,282.4642859662878
0,869,265.82198593172643,282.67703940035267
0,870,266.0368288937745,283.0628819979755
0,871,266.2795986749687,283.61591816943974
0,872,266.4392763266983,284.05298249685666
0,873,266.41283613625376,284.19055688608387
0,874,266.2186814416342,284.04207272174796
0,875,265.91471833131527,283.6489952521363
0,876,265.5275614960597,283.0464971478467
0,877,265.14791990386203,282.41408421954964
0,878,264.8889183021941,281.950334906149
0,879,264.7671319436339,281.70575575422384
0,880,264.74347058377066,281.6349949570836
0,881,264.7903137845565,281.69607952126813
0,882,264.82805907667665,281.7806623364035
0,883,264.7650779904594,281.751272798092
0,884,264.5990552591771,281.5768296659059
0,885,264.39503611805554,281.1751203900797
0,886,264.2852201754343,280.4725816691737
0,887,264.4541347177761,279.5154177909346
0,888,265.05806840170345,278.40648412410775
0,889,266.10926318672057,277.2377950875346
0,890,267.48339287074754,276.32379379257554
0,891,268.9098178166291,275.990545388484
0,892,270.1000938214978,276.4172375154807
0,893,270.8157676056635,277.6522281202899
0,894,270.5766241500825,279.8504703436049
0,895,269.8742552075736,281.8417339849575
0,904,268.6243473498061,283.5132677653901
0,905,267.2487392437795,284.7841691523117
0,908,266.017782010846,285.8600269433527
0,909,265.57620069028496,286.5634113180073
0,911,265.60626939884804,287.90276706280395
0,912,266.26480738357907,289.48857087663737
0,913,267.2425906805764,291.2547813203993
0,914,268.1794655942995,292.70304184283196
0,916,268.7872972087671,293.5418508998659
0,917,268.8742935593882,293.50463579312566
0,918,268.5302872859838,292.78532232060394
0,919,267.6957919107213,291.15532128339237
0,920,266.7608047450435,289.2032906258928
0,922,265.8829368136535,287.1531302515585
0,923,265.20985202787654,285.34817585926254
0,924,264.77597248183616,283.99103957788554
0,925,264.6923413723586,283.29944495015025
0,926,264.7959609505087,282.7826750768195
0,927,265.0802308683372,282.34716275799366
0,928,265.57372521255104,281.8587925425221
0,929,266.2697142717394,281.1943385039939
0,930,267.16019582218087,280.43148775556347
0,931,268.1672616889104,279.82622320595436
0,932,269.15159293437466,279.6617499928787
0,933,269.8647773506218,279.9226375356648
0,934,270.0781143212823,280.4807294826683
0,935,269.6631443569603,281.1112064034338
0,936,268.70813434206894,281.6089295101943
0,937,267.33282885178994,281.73251954690824
0,938,265.79427612375855,281.58882478528824
0,939,264.37514478276785,281.28119919723815
0,940,263.3368563941819,281.035716461665
0,941,262.6723071568343,280.81972311491273
0,942,262.40836923001007,280.6739386977036
0,943,262.48468206105525,280.52895162077095
0,944,262.84556659602634,280.560763671502
0,945,263.30070609764795,280.7252343692618
0,946,263.76811168534607,281.09910286789835
0,947,264.17575580473243,281.6709398471247
0,948,264.4778584296115,282.3958149613874
0,949,264.608650801777,283.072547450413
0,950,264.63531346397417,283.6662343942203
0,951,264.7204110777219,284.23780083956734
0,952,264.8710957526864,284.808598838409
0,953,265.0969293379829,285.36752239597587
0,954,265.4111396364901,285.8621570334102
0,955,265.7786826784322,286.2017536204877
0,956,266.04987533068083,286.3151864464954
0,957,266.2065853847024,286.1728260642484
0,958,266.22839022153073,285.80986770083473
0,959,266.1865297393188,285.4486757758518
0,960,266.12764437894884,285.22487614167284
0,961,266.1149403703675,285.1387729035609
0,962,266.20104114258083,285.22611751516064
0,963,266.4355774311425,285.43842122952634
0,964,266.7397239075532,285.58394542510575
0,965,267.01852036422963,285.6459677070162
0,967,267.2479349382688,285.5902078637312
0,968,267.4249234178526,285.2533215665874
0,969,267.63761262953176,284.6909228291403
0,970,268.04007343547687,283.9955841469491
0,971,268.7773954609064,283.1965600822587
0,972,269.84640252343956,282.4350100137343
0,973,271.09252162989344,282.1087269332165
0,974,272.22783282596583,282.3810977954938
0,975,273.02169571892813,283.53553616120286
0,976,273.3028520379345,285.3085843764477
0,977,272.6559904964615,287.3414688517752
0,978,271.62253376877356,289.00871241975096
0,981,270.2161457445772,289.5878982510445
0,982,268.70389402805546,289.00277173336315
0,984,267.20344424953726,287.68415939277133
0,988,266.71918440545187,286.82002905839624
0,995,266.36431690626927,286.20519947658016
0,1003,266.3554895243818,286.32249704333987
0,1004,266.385492126043,286.57483359048615
0,1005,266.38728258346055,286.67299038437915
0,1006,265.83318494795515,285.79040381466166
0,1007,265.24729119291817,284.6517778910625
0,1008,264.6235635828812,283.3824023207796
0,1009,264.15448070406495,282.4018213670845
0,1010,263.91817357817064,281.780584909105
0,1011,263.88605601770405,281.42355229508775
0,1012,264.0685668812804,281.215045411117
0,1013,264.4722180926293,281.1706390281366
0,1014,265.0553762578705,281.2902131506349
0,1015,265.7427408078084,281.60662708936184
0,1016,266.43695881332025,282.1723373208011
0,1017,266.9797701580353,282.93622825161293
0,1018,267.2029340362129,283.74147981026607
0,1019,267.04841605364453,284.4452525779735
0,1020,266.56349193440576,284.9106626497578
0,1021,265.87817210855985,284.98181965202997
0,1022,265.1619629864389,284.721701487271
0,1023,264.62727375861004,284.281534457789
0,1024,264.3717365355447,283.7504362830676
0,1025,264.3994423516017,283.2668239600174
0,1026,264.6631388329454,283.04273688079
0,1027,265.0795824232339,283.13191293708223
0,1028,265.5189027353236,283.49587748328224
0,1029,265.8999321147678,284.1373288780435
0,1030,266.18744318411746,285.00894462932087
0,1031,266.3576630366442,285.93734338869456
0,1032,266.39492738304216,286.67023431348935
0,1033,266.3386001018784,287.10165494985273
0,1034,266.24069641515126,287.23062058665244
0,1035,266.1237395328091,287.0057335002418
0,1036,265.9936669442655,286.51913426553756
0,1037,265.9159641480166,286.0125970757532
0,1038,265.87472394467954,285.5616441711805
0,1039,265.8226517792871,285.13868547101146
0,1040,265.78312781730017,284.8218247476461
0,1041,265.81085872002626,284.63888898494855
0,1042,265.8728095485558,284.5238196547299
0,1043,265.99146186929454,284.4968423881677
0,1044,266.2126811691754,284.59912051689514
0,1045,266.4930039799042,284.7947343247671
0,1046,266.75871089242673,284.910011596011
0,1047,266.9696978531605,284.8840548415592
0,1048,267.08964842134867,284.689514862175
0,1049,267.0970520135925,284.32385269516027
0,1050,267.0333513601137,283.8189398828124
0,1051,266.95327741670803,283.39411639708726
0,1052,266.929003697453,283.15786808142303
0,1053,266.9895581752491,283.1381931717326
0,1054,267.1227676493172,283.28860355141313
0,1055,267.30327214488375,283.6101528022021
0,1056,267.52075402258436,284.0346707879555
0,1057,267.74386171130743,284.53356396860414
0,1058,267.96662955932095,285.08870807313116
0,1059,268.1771805348429,285.6715642568495
0,1060,268.33572159947244,286.17081487652297
0,1061,268.3960301344305,286.4632130072334
0,1062,268.3382048406045,286.4674305246184
0,1063,268.1604064043665,286.2009140459165
0,1064,267.9220097582165,285.80847107685327
0,1065,267.702517172152,285.4298851958814
0,1066,267.56794842941133,285.2157165003662
0,1067,267.53856127814754,285.24462727490936
0,1068,267.6108469724998,285.4838596544439
0,1069,267.7409634186316,285.8216361525239
0,1070,267.87970530732633,286.2064897146811
0,1071,267.9880757844548,286.55787032810275
0,1072,268.064417407737,286.8281344626482
0,1073,268.11688881598604,287.0305291295354
0,1074,268.16434632167903,287.19644208233854
0,1075,268.2169177485524,287.3169055960413
0,1076,268.2705411800549,287.4253247673114
0,1077,268.3098573096226,287.5372572692133
0,1078,268.31872045768256,287.6490495074538
0,1079,268.2936150493351,287.7442727597655
0,1080,268.25281469348596,287.85616102028496
0,1081,268.2180447970547,287.977310905868
0,1082,268.2005984901602,288.10757672624624
0,1083,268.2085328821481,288.2257054576641
0,1084,268.22735488355966,288.32402945842955
0,1085,268.2317736847677,288.32755566071
0,1086,268.21684212349896,288.2177927161269
0,1087,268.1945224277323,288.02851541899554
0,1088,268.1785016991836,287.86907285076313
0,1089,268.1892983389578,287.7855455390767
0,1090,268.24352511355926,287.84189078965414
0,1091,268.33650643885113,288.04632500642964
0,1092,268.45723709490716,288.3624424740943
0,1093,268.5965653415436,288.6760631936563
0,1094,268.74465463018134,288.9500325581981
0,1095,268.89139736788894,289.17339421310146
0,1096,269.02818177997074,289.37602008892094
0,1097,269.1490161266821,289.5801177121375
0,1098,269.2531295143268,289.79934137274864
0,1099,269.3372779456112,290.0302940171721
0,1100,269.39966360679716,290.25948699360254
0,1101,269.44748584930676,290.44443303241405
0,1102,269.4822546426283,290.5625361287018
0,1103,269.5040623254808,290.6336625446032
1,0,270.44339377421943,299.2892426422328
1,1,270.5035682248341,299.3546036138249
1,2,270.56945067876086,299.4166937917043
1,3,270.641168923733,299.4765633285006
1,4,270.70113400138916,299.5210548841583
1,5,270.7469631129544,299.5528832707387
1,6,270.77923366674656,299.57630507730374
1,7,270.81564983526715,299.6082895905105
1,8,270.8547601688003,299.63446943218185
1,9,270.89464316188986,299.643532901783
1,10,270.92926657825933,299.6224869671961
1,11,270.9551551909997,299.5683803354808
1,12,270.96747715381775,299.49176797490577
1,13,270.96714752290666,299.4149958558582
1,14,270.9544975155325,299.33842673347505
1,15,270.9361261574419,299.2704968666096
1,16,270.9165880762758,299.21778679774826
1,17,270.8986709251825,299.17602605817524
1,18,270.88333607438165,299.14152798954376
1,19,270.8733027819454,299.12126182375664
1,20,270.8716102301298,299.11418936941817
1,21,270.8785938679625,299.12016901377024
1,22,270.89353442873403,299.13752800517335
1,23,270.91621977018326,299.1605069279489
1,24,270.9440733031198,299.1919225061253
1,25,270.9676598993805,299.2363200129362
1,26,270.9812198394232,299.2928515024497
1,27,270.982722364755,299.36255285013385
1,28,270.971176107273,299.44399417917595
1,29,270.94851207433,299.52031220064936
1,30,270.92116701961214,299.5805826588723
1,31,270.89845680209214,299.61903679120354
1,32,270.88927000962843,299.6321645884377
1,33,270.89663906850893,299.6212577193571
1,34,270.9199543235641,299.59882374709366
1,35,270.95827443843103,299.5752037508299
1,36,271.0071703108344,299.5598223431426
1,37,271.0567744575687,299.56525795236837
1,38,271.104370802635,299.5940454878227
1,39,271.14854540034094,299.64542271645996
1,40,271.185154744374,299.71605691435235
1,41,271.20806973414307,299.79472478390556
1,42,271.21688467216825,299.86576456709906
1,43,271.2126821082497,299.92527584180357
1,44,271.19989611763896,299.9665053465979
1,45,271.18425610142407,299.98778897869767
1,46,271.17296858214934,299.99827796824
1,47,271.17037703034424,300.0037763007376
1,48,271.1737840150397,300.00541707163364
1,49,271.17746795591364,300.00913211045724
1,50,271.1786316588433,300.01292748138417
1,51,271.17691060818055,300.01080268148576
1,52,271.1691409768016,300.00208866122597
1,53,271.1525035707615,299.9851876176008
1,54,271.1268323375365,299.9579898366218
1,55,271.095910748704,299.924034588969
1,56,271.0710216486694,299.885788627116
1,57,271.0608061422172,299.8460689415027
1,58,271.0749705780437,299.813536542253
1,59,271.1180157998074,299.7923472346993
1,60,271.1801194382646,299.7826003532506
1,61,271.23536728949614,299.785305839508
1,62,271.2736504363384,299.8000593076864
1,63,271.291375993451,299.81743481477974
1,64,271.2865744969678,299.8308435142742
1,65,271.2662644087629,299.8368794486051
1,66,271.24205502099016,299.83310194203784
1,67,271.21736772374334,299.81875135382194
1,68,271.1935082528951,299.80231254251834
1,69,271.1711606537477,299.78826311386285
1,70,271.15081962398443,299.7825992061825
1,71,271.1362793369684,299.7892426001463
1,72,271.125634283568,299.8113408883879
1,73,271.1120164008312,299.83998730743906
1,74,271.0925318386679,299.8764896315292
1,75,271.0650405462758,299.91719986019837
1,76,271.02895655512214,299.9574283259233
1,77,270.9887210512451,299.98683651528154
1,78,270.94883355878756,300.0060078259299
1,79,270.91647512006364,300.01062203214747
1,80,270.9026309953093,300.00213480660614
1,81,270.9102711643525,299.9880388976329
1,82,270.94263236528917,299.97822659321866
1,83,271.0001529566636,299.9770218662079
1,84,271.071172775263,299.983664999531
1,85,271.13470431476026,299.9916731630486
1,86,271.1812611470491,299.9927219617007
1,87,271.19958365916796,299.98307985809515
1,88,271.1866789641311,299.9610173095203
1,89,271.15340818886494,299.92975665633344
1,90,271.1138453603548,299.8966224956473
1,91,271.0754977526544,299.8644769973522
1,92,271.05006103534953,299.83692554639083
1,93,271.0428071079991,299.82058494120724
1,94,271.04443056994677,299.81796099690587
1,95,271.04744828000594,299.8254508384627
1,96,271.0474164975317,299.84200488711946
1,97,271.03320262829936,299.8582142729709
1,98,271.0015754521645,299.85633948789734
1,99,270.96276086265834,299.82893900153505
1,100,270.9275864138431,299.78072672380335
1,101,270.8970350303088,299.7169676973268
1,102,270.87502085277106,299.64884554512054
1,103,270.8624715373652,299.5920768528971
1,104,270.8608319977585,299.55031463456356
1,105,270.8671613312572,299.51985714931226
1,106,270.88433694896594,299.4971985280445
1,107,270.91325241215645,299.47915950797034
1,108,270.95055753244833,299.46285767985967
1,109,270.98311498001203,299.4480149940085
1,110,271.0035512323404,299.43258391050506
1,111,271.0104707943124,299.4141541184267
1,112,271.00590841288926,299.3891126755276
1,113,270.99127289872723,299.3596865240312
1,114,270.97218127323987,299.3363168795247
1,115,270.95381436728775,299.3280580181874
1,116,270.9411334346567,299.3370994737889
1,117,270.9343391524742,299.3644712900974
1,118,270.9372758863607,299.40119619700295
1,119,270.9511062988677,299.43017216667226
1,120,270.97081202762746,299.4405393682917
1,121,270.98445948316726,299.4345564130185
1,122,270.9878052460784,299.4126011448598
1,123,270.97809231561314,299.37746431672633
1,124,270.95745263218595,299.3338193333716
1,125,270.93188463196435,299.2892898856745
1,126,270.90940861146964,299.2464956347825
1,127,270.8953041411727,299.211969959046
1,128,270.8896552428253,299.19819920944065
1,129,270.8836568830375,299.21523563817067
1,130,270.872942344821,299.2571546102137
1,131,270.8551303818329,299.31468254168345
1,132,270.82331864837306,299.37989838758307
1,133,270.777033282052,299.4376651068991
1,134,270.7289511449814,299.47616286847995
1,135,270.6856882879788,299.4984267218525
1,136,270.6510274933321,299.50786850200075
1,137,270.62895750367267,299.5027908390267
1,138,270.6177241688629,299.4831948219186
1,139,270.61189889766143,299.45249110751956
1,140,270.6148653924996,299.4100818765161
1,141,270.6251949706616,299.3606413306353
1,142,270.64566680579924,299.31138545380145
1,143,270.6802641536165,299.2720663114161
1,144,270.7264983943097,299.24848916530516
1,145,270.7677059335993,299.24569461371493
1,146,270.7997179515323,299.2606901240946
1,147,270.8190279277549,299.28842623129896
1,148,270.8279001623734,299.32482874232204
1,149,270.82940694504157,299.3615280669977
1,150,270.8334729792673,299.38982291990044
1,151,270.84549209150845,299.4076234935291
1,152,270.8689135990492,299.4192835582845
1,153,270.8964215369398,299.4251678339965
1,154,270.9242485186186,299.43471368482324
1,155,270.9509832699409,299.45195070685395
1,156,270.97462344766643,299.47782627564976
1,157,270.9920374893857,299.51213235884126
1,158,271.0077771019104,299.55606532642815
1,159,271.02598067996905,299.59869370429163
1,160,271.0466355761017,299.63296858631463
1,161,271.0646139925327,299.64618242740386
1,162,271.07586770458386,299.62579608155994
1,163,271.07519383841174,299.5686640789954
1,164,271.06112841779844,299.4841540144017
1,165,271.03429956120453,299.38434166193736
1,166,270.9988347504924,299.2928280048641
1,167,270.96013432496216,299.22534569540267
1,168,270.92437835156943,299.1842089117468
1,169,270.892069601196,299.1637640156495
1,170,270.8642556729229,299.1579875497288
1,171,270.8447357380923,299.15179479635117
1,172,270.8344195890482,299.13629425270796
1,173,270.83106340071754,299.10821461180706
1,174,270.83253765998717,299.0685254068169
1,175,270.83788176266313,299.02322041628656
1,176,270.84909440709976,298.99106025912135
1,177,270.86609709428615,298.98066934543044
1,178,270.88923585222284,298.9985259786332
1,179,270.9188952109719,299.049643323677
1,180,270.95262158249045,299.12977770369736
1,181,270.97795767398276,299.2133348458989
1,182,270.99172043865457,299.29660160172307
1,183,270.9928484922056,299.37807731793356
1,184,270.9832815910446,299.4538705727882
1,185,270.9670254963961,299.52008691684955
1,186,270.95300865486087,299.59091673764425
1,187,270.94252457082695,299.6543208344233
1,188,270.9357913575641,299.6860049900657
1,189,270.9309827996292,299.6740865530386
1,190,270.92375607789796,299.61913157265076
1,191,270.91178565582425,299.5229267792727
1,192,270.89582417255787,299.4064680667914
1,193,270.87902938884247,299.30765640448595
1,194,270.862771605558,299.2471133907172
1,195,270.8511730338228,299.2320153752986
1,196,270.84427322597946,299.25179717057625
1,197,270.8431283714263,299.2910638214386
1,198,270.8451134697161,299.33404694919795
1,199,270.8535041506073,299.368607670382
1,200,270.8773085705087,299.3882027748949
1,201,270.9202600793293,299.4020988378547
1,202,270.9787335349408,299.4188450273227
1,203,271.0512511378751,299.4363955044442
1,204,271.126489883769,299.459856651549
1,205,271.1804707294777,299.4928580545861
1,206,271.2043060453935,299.53108415422093
1,207,271.1990152238441,299.565685716101
1,208,271.16519188632367,299.5891724745651
1,209,271.1116213220061,299.5918835187681
1,210,271.0521953912679,299.56737131345096
1,211,270.9956058584625,299.51623447434287
1,212,270.9492442350225,299.4438880507283
1,213,270.91849710694663,299.36324152860385
1,214,270.9044976114276,299.2863332769498
1,215,270.9078805395932,299.2248280611147
1,216,270.9236240298511,299.18203580008117
1,217,270.941104419667,299.16288834370465
1,218,270.9547621564846,299.17040392557135
1,219,270.95962676610964,299.20105574739375
1,220,270.95168109417176,299.2399682451145
1,221,270.9285877408895,299.2757162850148
1,222,270.89143376881213,299.2981287299108
1,223,270.8437897881149,299.2980365574998
1,224,270.803677484351,299.2762523361414
1,225,270.78062163699167,299.24991499219766
1,226,270.7835929699884,299.239974900203
1,227,270.8177462089434,299.25364052150684
1,228,270.8787259597368,299.28934164066897
1,229,270.94033977715367,299.3400704720859
1,230,270.9920008940052,299.3898105446967
1,231,271.0294156225954,299.41992544786814
1,232,271.0503796191921,299.42711002446487
1,233,271.05418537833833,299.41664801714677
1,234,271.04978027821466,299.3977295895941
1,235,271.0395859377299,299.38122513662626
1,236,271.0204813791913,299.3732503753622
1,237,270.99500244175897,299.3696593811719
1,238,270.9675759444928,299.3700396254709
1,239,270.94046978457834,299.3683461357798
1,240,270.91746459603087,299.3567027372735
1,241,270.90539886052795,299.3372245354969
1,242,270.90180240308683,299.32120767031756
1,243,270.9036377942739,299.3095260766049
1,244,270.9086715158039,299.30645528712574
1,245,270.9140720627275,299.31673486825025
1,246,270.91563208380785,299.33681682105987
1,247,270.91566267364806,299.35990832379775
1,248,270.9219172971725,299.3821656531325
1,249,270.9376524428631,299.40131834731045
1,250,270.9627593151725,299.41907601850545
1,251,270.9948291209241,299.43968775475406
1,252,271.0268508473777,299.46172380496563
1,253,271.0463512114633,299.48319923890915
1,254,271.0524131796247,299.5008670667443
1,255,271.0463600642055,299.5095515195205
1,256,271.0323047148313,299.5081431511713
1,257,271.0169510784883,299.5064217566755
1,258,271.010114474136,299.5155016031475
1,259,271.01576014000517,299.5327987243334
1,260,271.0524022903589,299.51144825783183
1,261,271.16856414889924,299.4067396592051
1,262,271.4306375358193,299.2210570237645
1,263,271.85248737622726,298.95609956574424
1,264,272.3841312775312,298.67707745731377
1,265,272.9456577624642,298.5793594776408
1,266,273.4046151262574,298.80941992073815
1,267,273.5714492222268,299.3647691063652
1,268,273.3607572162229,300.2029406168348
1,269,272.78768502166923,301.08490121174896
1,270,271.9244229555633,301.6896535147945
1,271,270.95634853207036,301.89936978179776
1,272,270.2242481374967,301.87994747727095
1,274,269.8381341171225,301.67262379497885
1,275,269.88756310584256,301.56871777274114
1,276,270.28403411084275,301.67063824944574
1,277,270.7500759439524,301.85630284169844
1,278,270.96817370322407,301.8723176710166
1,279,270.98462870424714,301.96466176705087
1,280,270.85314067322804,301.9577218220953
1,285,270.63055831953614,301.8595861032286
1,286,270.49892137957244,301.79921777092164
1,287,270.523249628744,301.8235835370408
1,288,270.56562404663697,301.640060612901
1,289,270.47733377248886,301.3291913363313
1,290,270.2974033779625,301.08822314659017
1,291,270.0383039856332,300.9381704455405
1,292,269.7510257524289,300.8270942489735
1,293,269.53098237995414,300.7771410597094
1,294,269.4385505995857,300.76817212630317
1,295,269.4734794434752,300.65801688950756
1,296,269.63783822079733,300.54362806046754
1,297,269.9154673815828,300.6181109545775
1,298,270.23056109682864,300.9153724900973
1,299,270.5214536980177,301.4078840059765
1,300,270.7609330636666,302.080699615995
1,301,270.9070211870947,302.7081850092163
1,302,270.93571136790524,303.08767249895385
1,303,270.8953454067048,303.18805629975907
1,304,270.8442658784294,303.0467708337281
1,305,270.80178378882425,302.6847447888362
1,306,270.7819756858056,302.20005298291716
1,307,270.7923531909272,301.683562798715
1,308,270.79792241301413,301.2488551903446
1,309,270.7833386183379,300.9612366844102
1,310,270.73785996659524,300.8221475573289
1,311,270.68239758330435,300.81544148860905
1,312,270.6549720435721,300.98101394011996
1,313,270.6950551126684,301.1879701605864
1,314,270.7855916999452,301.31299844240607
1,315,270.90675744798403,301.342011943967
1,316,271.01910930753957,301.33948610403314
1,317,271.0804503311863,301.2622301579559
1,318,271.0492421936301,301.1294352031833
1,319,270.9341333118191,300.9837284428997
1,320,270.74962528349613,300.7983545878237
1,321,270.52238804714943,300.5690572093785
1,322,270.29213590917794,300.33430726335115
1,323,270.0872267791061,300.1054579258598
1,324,269.9275387095509,299.89587027551977
1,325,269.8553299094975,299.85015944201274
1,326,269.89307951968215,299.9645805814441
1,327,270.01049085217073,300.1883650434903
1,328,270.2026734817713,300.52822851354955
1,329,270.45308802208575,301.0113701146441
1,330,270.71533861442373,301.50460150233573
1,331,270.91829575040794,301.8809440068595
1,332,271.03706022743495,302.06995146137956
1,333,271.0274539111067,302.0012442502925
1,334,270.8626000998085,301.608398525983
1,335,270.5541827317361,300.9379831102685
1,336,270.20759440112755,300.20958967547995
1,337,269.92068359233815,299.63846519941296
1,338,269.7811426448749,299.37263018732926
1,339,269.8306508514447,299.50661266255537
1,340,270.05637340192897,300.0377877051477
1,341,270.37791968299433,300.80803230887585
1,342,270.7055112442873,301.62341526023044
1,343,270.9573554149589,302.32163044732937
1,344,271.0921660271902,302.707053010165
1,345,271.09000508973025,302.6628814680047
1,346,270.96378731168227,302.2171424637975
1,347,270.74544722899043,301.47127821356344
1,348,270.48889373178145,300.5771196150747
1,349,270.25368625063004,299.7948884302493
1,350,270.11046633408233,299.31694418136334
1,351,270.0956958991949,299.21322233953435
1,352,270.2180680776686,299.4805982154078
1,353,270.4578300943277,300.02963208935637
1,354,270.7635589616138,300.6823096562977
1,355,271.0736830807425,301.31375005389157
1,356,271.32384596845947,301.7693378941335
1,357,271.4689456830903,301.9491619177761
1,358,271.5004497210227,301.83747114868197
1,359,271.4396487605609,301.50545382232036
1,360,271.3158445518998,301.0238476734122
1,361,271.1875812271107,300.5700688360685
1,362,271.1094284761465,300.2701353027861
1,363,271.1055570188319,300.21916282687977
1,364,271.18084722138065,300.41804182859653
1,365,271.31560292945073,300.8055552508381
1,366,271.46607597608676,301.2623440941367
1,367,271.5853628397609,301.68282736341683
1,368,271.63743087348337,301.9351019587857
1,369,271.6066127135859,301.9507014004407
1,370,271.5134324996202,301.74463946995263
1,371,271.3925417288448,301.37435334806634
1,372,271.2872497217398,300.92693353310983
1,373,271.2464438569153,300.54404796410256
1,374,271.3094827488597,300.35170788910847
1,375,271.49242166682654,300.40806982879656
1,376,271.8106560858757,300.7237906650382
1,377,272.2686394600439,301.29115878464944
1,378,272.83173918659486,302.0154688840469
1,379,273.4232651920976,302.74440245977763
1,380,273.9571469605272,303.32368785267624
1,381,274.3333030435732,303.6397229732582
1,382,274.4552562486835,303.543907565842
1,383,274.3110780512032,303.03599634203744
1,384,273.9657699054348,302.25142969300504
1,385,273.5182753564157,301.39901082565547
1,386,273.08336318806363,300.63359780995245
1,387,272.75757946917315,300.11308088712326
1,388,272.55293149306874,299.834652486333
1,389,272.451725472623,299.7463651564429
1,390,272.4159201223553,299.73722577109066
1,391,272.3957043441469,299.7363480348346
1,392,272.3600366788744,299.71332005464194
1,393,272.2974882007993,299.6835262532024
1,394,272.1679636798467,299.56564061269125
1,395,271.9525441994252,299.30518887463234
1,396,271.64918961311133,298.84062597356524
1,397,271.2743650812074,298.14187323375626
1,398,270.87351452175164,297.2426742552783
1,399,270.5252960882566,296.29710360046
1,400,270.2850293149735,295.47825083071115
1,401,270.1865270636692,294.9699552096359
1,402,270.2425190458465,294.8971609235209
1,403,270.3970474675043,295.2502216177852
1,404,270.575821770476,295.88951880971774
1,405,270.74061129692376,296.66570714141056
1,406,270.86929922922,297.38614283542313
1,407,270.92392468063537,297.8602719312271
1,408,270.95172426183933,298.0045204728369
1,409,270.9991375664477,297.8221048723847
1,410,271.0705324114748,297.34328084415347
1,411,271.15523467714917,296.674383763701
1,412,271.2762570684796,295.9588807253802
1,413,271.39082204646274,295.3082479121418
1,414,271.46165852250397,294.8180022626117
1,415,271.451318501665,294.50525532413155
1,416,271.3404458836833,294.3193884556309
1,417,271.0867328576695,294.14599451031074
1,418,270.7011982555653,293.89737184817824
1,419,270.2020532307567,293.47422012400625
1,420,269.63191541112417,292.8332199230927
1,421,269.06299327612413,291.98197693471377
1,422,268.56818507555704,291.01661362595036
1,423,268.2157455690093,290.09486630426596
1,424,268.0714909841147,289.4353037441415
1,425,268.1562936796465,289.15026086724316
1,426,268.4176193926142,289.29623592587296
1,427,268.8321658498785,289.8702216053038
1,428,269.3339564757518,290.73298143928355
1,429,269.8352971313753,291.68456696719954
1,430,270.30798050248734,292.6583370607049
1,431,270.7628784650543,293.6046984103563
1,432,271.1770508264491,294.4460032056864
1,433,271.55748999278427,295.1740852421229
1,434,271.9201166605259,295.8122433383444
1,435,272.2438519259299,296.31235699680184
1,436,272.49349857250667,296.65989991669346
1,437,272.64012155527377,296.9121501023151
1,438,272.66660667906024,297.1211371384173
1,439,272.59350884052867,297.30930153177866
1,440,272.4645799467534,297.56608399998925
1,441,272.34522925796375,297.92440631220524
1,442,272.3129434927887,298.3685807547399
1,443,272.4123145722268,298.87985520010596
1,444,272.63045622298205,299.43697163974406
1,445,272.91484660656585,299.92233950331195
1,446,273.17588849721267,300.25471322507155
1,447,273.3336624562483,300.44292043714233
1,448,273.3324080747248,300.5051039877761
1,449,273.1785299921009,300.4822322082739
1,450,272.9232773696433,300.4766978252191
1,451,272.6737973353262,300.5951968065902
1,452,272.4834420259216,300.7704300648317
1,453,272.3903258476557,300.9253296610397
1,454,272.40104694584664,301.0088274352219
1,455,272.47606345994075,300.91871164131146
1,456,272.5070504645854,300.53986305960746
1,457,272.4419173916765,299.90469966589063
1,458,272.22599360434384,299.032584748894
1,459,271.812780131985,297.93096446704817
1,460,271.22799799232905,296.7570445092672
1,461,270.5818686031235,295.7092314415281
1,462,269.96339728057694,294.8845681584988
1,463,269.45722047470184,294.3466281567993
1,464,269.12453633515554,294.13382820473026
1,465,268.98303084921713,294.12633310731
1,466,268.9833806027836,294.1943821415802
1,467,269.06412057601074,294.3072749094245
1,468,269.2078206295834,294.538422166022
1,469,269.3986789568805,294.8690348625729
1,470,269.6042299916761,295.31901444376336
1,471,269.80986779527825,295.8245126110813
1,472,270.0344393807842,296.29819765562115
1,473,270.290727128092,296.65068697245715
1,474,270.58492893185695,296.91310251494417
1,475,270.9416379679312,297.1022956023635
1,476,271.39047987029534,297.3066382017561
1,477,271.92958934196895,297.5724476236284
1,478,272.47510370175826,297.8331478739946
1,479,272.9776468096555,298.0352464380554
1,480,273.38650485411176,298.2110208473047
1,481,273.67918730193367,298.4158128491596
1,482,273.8418367979085,298.698748798234
1,483,273.91975957637555,299.0951593369415
1,484,273.9397192183278,299.5398007750339
1,485,273.907860627182,299.8536213489971
1,486,273.7997068088942,299.9099254547735
1,487,273.6282381306125,299.65065477192275
1,488,273.4071506012786,299.1185723584172
1,489,273.1381586372778,298.4348560025702
1,490,272.8947528104642,297.8480853472667
1,491,272.75438233343885,297.51756414862143
1,492,272.7086945996276,297.4813846703661
1,493,272.75696816097906,297.7670645488839
1,494,272.90818252094346,298.3575568891807
1,495,273.0566701484908,299.0231322453875
1,496,273.1004766871316,299.4304577807466
1,497,273.0264989997002,299.4669020907614
1,498,272.83450653892027,299.0526857097047
1,499,272.55710731036436,298.20643190858647
1,500,272.30423683859,297.18022929527854
1,501,272.1560108501181,296.3459982088484
1,502,272.1669286446639,295.9029924709126
1,503,272.3117845608988,295.9334825509931
1,504,272.5284651112611,296.42378383597975
1,505,272.7496448715066,297.1788483383315
1,506,272.9155967301458,297.97728504660273
1,507,272.9574628139792,298.6409827004094
1,508,272.9149901954645,299.1229925100343
1,509,272.8407795949323,299.44347052659464
1,510,272.75928675581275,299.74322969350686
1,511,272.67256512443225,300.09348109477304
1,512,272.5694562563326,300.51046793808877
1,513,272.39256032523633,300.9505598063876
1,514,272.10175594828866,301.3235897765099
1,515,271.706998683603,301.5376074008079
1,516,271.2938840349897,301.67559274288027
1,517,270.9993558147728,301.86460469948827
1,518,270.93475657322165,302.20752091446
1,519,271.0933564809128,302.7349386738919
1,520,271.4227035555807,303.40553762501764
1,521,271.8406645852696,304.030818648445
1,522,272.2021843417896,304.49081276371436
1,523,272.38314396062077,304.63928474128517
1,524,272.4052553201619,304.4450539103145
1,525,272.2829012778752,303.89722554052537
1,526,272.03895985693515,303.11649879028374
1,527,271.71431616799964,302.1609173046672
1,528,271.37096163440265,301.17100174387303
1,529,271.02895319343054,300.28848895537067
1,530,270.75728879153394,299.7370973179123
1,531,270.591689482721,299.57259426093617
1,532,270.58435773383553,299.80120304215694
1,533,270.7559456312541,300.4140448358156
1,534,271.0973653868,301.2985494051014
1,535,271.54398501610495,302.269661080679
1,536,272.04502168309256,303.24577136001017
1,537,272.4957017771932,304.08562906412385
1,538,272.79361661950816,304.5829224009252
1,539,272.89453728368164,304.7051915341471
1,540,272.83295815963885,304.50510115052003
1,541,272.65104784521264,304.04071701491023
1,542,272.4240461894983,303.5148824976737
1,543,272.2406141392835,303.1837597838592
1,544,272.13206023332236,303.12403890177575
1,545,272.0762028933869,303.29101126756655
1,546,272.0498687142747,303.6187483479203
1,547,272.0637501525021,304.01938146826967
1,548,272.08947596340164,304.3788176935694
1,549,272.1409263752183,304.6661972182084
1,550,272.21009876331215,304.8804889467735
1,551,272.2807527710197,305.0034573366274
1,552,272.297204503663,304.9891732386375
1,553,272.2871851893113,304.84597478568304
1,554,272.2583820471482,304.59751857969314
1,555,272.2316462665897,304.2743115193898
1,556,272.1966156315864,303.9191849774842
1,557,272.1928811398372,303.6275026133849
1,558,272.20862146961736,303.4796307706986
1,559,272.22954304318836,303.48753743348345
1,560,272.281676905519,303.6773958669558
1,561,272.44016458205715,304.1099362413056
1,562,272.70792413673576,304.78013778941533
1,563,273.03833686193633,305.5401571427503
1,564,273.375508466761,306.2825302042746
1,565,273.62991270774944,306.8565236544309
1,566,273.70861044602043,307.12836970623215
1,567,273.5787137786025,307.0056586254895
1,568,273.2992477995651,306.57926395991643
1,569,272.95537275864575,305.92819488815917
1,570,272.6320405910069,305.22258532496755
1,571,272.4140347626037,304.60971066401197
1,572,272.35570675643277,304.1921337398683
1,573,272.46668759045554,304.0098096808466
1,574,272.7370227038119,304.10569513363725
1,575,273.12167401696695,304.4648338835878
1,576,273.53877731566917,304.9802435712923
1,577,273.8996751091337,305.5483495108035
1,578,274.14101282176,306.01921770628815
1,579,274.1862429589623,306.24112057873924
1,580,274.0294517506677,306.12433730824455
1,581,273.7371153310198,305.71409204818855
1,582,273.4015550648876,305.10618936833464
1,583,273.0509357479663,304.44696771643453
1,584,272.7576270847914,303.9296506861159
1,585,272.57729525656896,303.64076640613325
1,586,272.49920330046774,303.566023301298
1,587,272.4876503598057,303.63470337303744
1,588,272.55134213447764,303.7738502542756
1,589,272.65630020326637,303.8683768763972
1,590,272.75270225837465,303.87432112537317
1,591,272.8090447742601,303.78195845217186
1,592,272.8123005934094,303.62170465930143
1,593,272.76354219645975,303.457978977429
1,594,272.6883826779563,303.3483683909234
1,595,272.59308535658795,303.27743314951977
1,596,272.48707353023315,303.2403064799847
1,597,272.379584420356,303.2186792983758
1,598,272.26224780130997,303.15371233712165
1,599,272.11906800524974,303.00771272758504
1,600,271.95942149578195,302.8056447745558
1,601,271.78140073306685,302.57412370176155
1,602,271.58933604497946,302.3414714590203
1,603,271.395562625991,302.1250926023042
1,604,271.2331339970646,301.94349942284566
1,605,271.12355984294334,301.81067010176525
1,606,271.0995535825202,301.73432167843663
1,607,271.1563058693761,301.6845503659346
1,608,271.27369386600736,301.6387194367992
1,609,271.4006561842399,301.5913378489272
1,610,271.5159938192911,301.55895832257534
1,611,271.59355427145897,301.5190924825194
1,612,271.63347115766044,301.48452986451196
1,613,271.646188693438,301.49124465654415
1,614,271.6464224002269,301.52291759920007
1,615,271.6200721255063,301.5123545970445
1,616,271.56697489727003,301.4396518181287
1,617,271.4872744259618,301.3022258111894
1,618,271.38955526250766,301.07598340545707
1,619,271.278722358492,300.7434450907675
1,620,271.145098827404,300.2660509481011
1,621,270.98127872291843,299.66518830137124
1,622,270.79190008383523,298.97412023326103
1,623,270.5657717028785,298.2256944264427
1,624,270.30572022514536,297.4937652552055
1,625,270.0509321022234,296.9279485720922
1,626,269.8291158362227,296.5439879845284
1,627,269.65920642969434,296.32933650899025
1,628,269.57922399448154,296.3150558954615
1,629,269.61735537542927,296.48838652949536
1,630,269.7668642705457,296.76224152867445
1,631,269.99688010218256,297.1192092661306
1,632,270.2502683387653,297.51762601164035
1,633,270.46605761327714,297.8692329047208
1,634,270.6160837006772,298.1540363256589
1,635,270.669822719529,298.37969534073716
1,636,270.61487169815894,298.5081176219549
1,637,270.47716793559977,298.54485719712727
1,638,270.27548200371183,298.5005224109796
1,639,270.0017531925666,298.35174039104896
1,640,269.6932764476273,298.11141702083023
1,641,269.4217265348387,297.84845789287493
1,642,269.25765514252174,297.6183709751277
1,643,269.23021900939443,297.45059971427577
1,644,269.3459068116921,297.3780412392517
1,645,269.57835509639995,297.45834203275206
1,646,269.86138348043403,297.715123705104
1,647,270.10425325075056,298.1253456547722
1,648,270.2735579467328,298.6939871123626
1,649,270.3722718701936,299.3477976451706
1,650,270.4154624891312,299.93828657177625
1,651,270.4329984305819,300.3583775872246
1,652,270.47775788354704,300.56704022589304
1,653,270.5706587672812,300.5507998838186
1,654,270.6824493142278,300.3637399119655
1,655,270.80327362281275,300.0946662982101
1,656,270.8900668181785,299.80444204563736
1,657,270.85346908665025,299.4989379168986
1,658,270.64157851968633,299.1285880482567
1,659,270.27869469060875,298.67919141525755
1,660,269.8058974396383,298.2063826844842
1,661,269.33245121378224,297.7717315150567
1,662,269.0083518262269,297.45596514038675
1,663,268.92923457142484,297.37737940770944
1,664,269.12332589486067,297.5922777107684
1,665,269.5347636431217,298.0043024312462
1,666,270.0433236659521,298.48917831111436
1,667,270.5323601997567,298.9895747158909
1,668,270.9270331361205,299.4535177785731
1,669,271.1768842110389,299.81366775362375
1,670,271.2729277033717,300.05697086121705
1,671,271.24748191359504,300.2175384045327
1,672,271.1356765494389,300.2697101554764
1,673,270.9622177498518,300.2109924350351
1,674,270.7738045226633,300.1373603607053
1,675,270.64589673231006,300.1718235069485
1,676,270.65216442178314,300.41472650891524
1,677,270.82676692682253,300.9442602262946
1,678,271.17303554631894,301.6821673088479
1,679,271.63283859082054,302.38738153870423
1,680,272.09032592856073,302.8804539115673
1,681,272.4130876450238,303.03007043343047
1,682,272.52971968893235,302.75118025719865
1,683,272.46077448867703,302.1806888474103
1,684,272.27546828366326,301.5989918950193
1,685,272.0559011305718,301.19889267808827
1,686,271.88989789198746,301.0684683231274
1,687,271.82636780617077,301.291985260681
1,688,271.84153314883446,301.8035672436781
1,689,271.921068302809,302.5028851815273
1,690,272.08459056951267,303.2734761376655
1,691,272.3375293898292,304.06239861089
1,692,272.6688575169887,304.7344756049365
1,693,273.0232998402288,305.1939613549607
1,694,273.33189866767947,305.39540130957926
1,695,273.531244268652,305.33627480435723
1,696,273.56791461640364,305.00125184090666
1,697,273.38898454190394,304.42974059685463
1,698,273.03112932503336,303.6919671484819
1,699,272.535264996078,302.7599018132083
1,700,271.96274100470407,301.6762023508542
1,701,271.3814052456531,300.5257353258575
1,702,270.88970284946936,299.43051204042774
1,703,270.5488401830295,298.5126310121546
1,704,270.39708499668745,297.9356061508888
1,705,270.39414607628106,297.68834576653893
1,706,270.4830137006558,297.7016212788293
1,707,270.605872335728,297.8811627046432
1,708,270.7229458284916,298.10025778201225
1,709,270.82365249808777,298.2279265716448
1,710,270.9413968234353,298.28098018515357
1,711,271.1075948054847,298.24580139340867
1,712,271.3417147857138,298.1008200922362
1,713,271.6365339145665,297.86196374956836
1,714,271.95692305729887,297.59812184407156
1,715,272.2408625237785,297.3689623026067
1,716,272.45103822412943,297.3413733119358
1,717,272.51489825669614,297.6317629759126
1,718,272.4089182665174,298.27859154333316
1,719,272.1689433904652,299.2249342952812
1,720,271.8859571501408,300.3551320735036
1,721,271.6282237098533,301.4410548055381
1,722,271.5122046609043,302.33134194705593
1,723,271.5800068573194,302.9880299999474
1,724,271.8034592102738,303.42372335198877
1,725,272.0426407886598,303.6166180344302
1,726,272.21079071505557,303.62385864572866
1,727,272.24927652403534,303.546293204301
1,728,272.1405063157822,303.4379267816464
1,729,271.9034450855231,303.376603599756
1,730,271.68635164345295,303.46255945005555
1,731,271.56128531948656,303.7910090556444
1,732,271.5480557440661,304.32416676949845
1,733,271.64781299506774,304.909630180862
1,734,271.8339667613668,305.34920262575275
1,735,272.024175903813,305.54200324220756
1,736,272.184108883431,305.3602164295527
1,737,272.28322379921974,304.7706950192228
1,738,272.325921632279,303.9291359096969
1,739,272.3345767746677,303.0663827978923
1,740,272.3514261287989,302.3157287550222
1,741,272.3778615482196,301.7678051052166
1,742,272.4211152907761,301.4780384116922
1,743,272.4796653015506,301.3584599161901
1,744,272.54766104275143,301.2288466897904
1,745,272.58110853948114,300.9497312119063
1,746,272.5481129635467,300.4765098559785
1,747,272.4517783038399,299.8424221695336
1,748,272.2916124016632,299.19197582623354
1,749,272.08189590000666,298.65788494806833
1,750,271.8618809400016,298.3228490408427
1,751,271.72641309934187,298.29290223975124
1,752,271.7066669539954,298.5800158084743
1,753,271.77757086902466,299.0442167176984
1,754,271.906437506394,299.64045135901415
1,755,272.06745299624686,300.3511680388527
1,756,272.1995988787621,301.05958222467325
1,757,272.29589780210523,301.66931478277576
1,758,272.4075160656048,302.2519354059894
1,759,272.58335536064203,302.8086825236366
1,760,272.83332022146294,303.3601451929263
1,761,273.1428905269042,303.9536210709798
1,762,273.47299149987305,304.651731726315
1,763,273.80031778585806,305.4261667349117
1,764,274.0901990932606,306.23291938356374
1,765,274.30122064693256,306.946244082022
1,766,274.41129700148275,307.5177623774851
1,767,274.33526327691857,307.71218973307657
1,768,273.99907960739165,307.3913380278971
1,769,273.3919410946741,306.5786146426895
1,770,272.622994012537,305.4975202833958
1,771,271.8136202668159,304.28510076958014
1,772,271.18386933083076,303.38396062651856
1,773,270.8581592125943,303.05475429538575
1,774,270.9048017557331,303.4000440874227
1,775,271.2372177569789,304.27786605691006
1,776,271.682170830019,305.4348535617816
1,777,272.06596225115265,306.50543849409326
1,778,272.3216258832924,307.3008595037898
1,779,272.3283950611262,307.6315519706808
1,780,272.06062880737903,307.43792921043513
1,781,271.6735470539608,306.9628990072836
1,782,271.3075180959545,306.4125765180602
1,783,271.0256603376892,305.8906512489383
1,784,270.9352943249678,305.4911992801068
1,785,271.100161728591,305.3140087816644
1,786,271.4414179929789,305.17518449324007
1,787,271.82854217731955,304.9534391191592
1,788,272.13463913212775,304.59498668999674
1,789,272.2799526265015,304.1848060219421
1,790,272.249085251739,303.8002024799759
1,791,272.05222792724237,303.59462081749723
1,792,271.74470226592354,303.65056455399974
1,793,271.4362443611455,303.94704989692804
1,794,271.17433697650245,304.3083759762943
1,795,270.9385340086518,304.50997490447327
1,796,270.75421610682514,304.4506554948765
1,797,270.6299936970532,304.0547821291443
1,798,270.52858933038664,303.315253574756
1,799,270.4800647688247,302.3645394090315
1,800,270.53647900699616,301.4621092781841
1,801,270.67773026911476,300.731375715686
1,802,270.88581138918573,300.3301594483169
1,803,271.14693126039043,300.39475675782165
1,804,271.3911114413632,300.96388275462897
1,805,271.55526874875227,301.90724297522115
1,806,271.63324794048515,303.11423273053833
1,807,271.6112542816332,304.36952675782703
1,808,271.5367653418389,305.49702625565965
1,809,271.477126758275,306.34446464225573
1,810,271.42884038938683,306.7922132508918
1,811,271.35544707862863,306.7687661366574
1,812,271.2926987362254,306.33809115860623
1,813,271.19500195462376,305.5744244226912
1,814,271.041788800644,304.6390340365044
1,815,270.9166823918176,303.820739089644
1,816,270.86801283710463,303.27531338504104
1,817,270.84803940763095,303.05755054773846
1,818,270.8437520925397,303.18222517597405
1,819,270.8289585112734,303.50287021809197
1,820,270.74610238198096,303.78570453149996
1,821,270.58966487555017,303.91257470672497
1,822,270.3985951500149,303.7774100991364
1,823,270.2246330615711,303.30169307815436
1,824,270.0998942797582,302.5659506636147
1,825,270.062435458205,301.73696723192154
1,826,270.14598055339917,301.0472285238444
1,827,270.352320732803,300.7449004132023
1,828,270.65544021689504,300.98268910375117
1,829,271.0071612420504,301.6645379016618
1,830,271.2854272609758,302.45027130311456
1,831,271.41121921034954,302.9955952143863
1,832,271.3941862260376,303.116735059461
1,833,271.27305568353574,302.7630012408655
1,834,271.11133152933553,302.1264257939414
1,835,271.01981040741185,301.58461186591956
1,836,271.06819223459047,301.3580321934741
1,837,271.2076485029887,301.4109987815402
1,838,271.3556894012096,301.637082914231
1,839,271.4474104787731,301.84687536780086
1,840,271.4712800124171,301.89333555672624
1,841,271.41288840181676,301.71728181999237
1,842,271.33695767852197,301.3502029827495
1,843,271.345542938554,300.8567323402104
1,844,271.52787478392634,300.3300458462163
1,845,271.8944573339458,299.83634217874584
1,846,272.4512002435162,299.5404634545607
1,847,273.14258370772694,299.6320637648085
1,848,273.84533140707094,300.1633784611442
1,849,274.3829252017883,301.03516947000475
1,850,274.63104377015384,302.0621938897833
1,851,274.55008460197985,303.00339137341507
1,852,274.1711803870412,303.65380905710896
1,853,273.5552645670502,303.87950930224383
1,854,272.89469166811205,303.8165774559409
1,855,272.35885661166594,303.6991420292948
1,856,271.93851221264936,303.5615077107975
1,857,271.577584703923,303.3423772171856
1,858,271.3144798780806,303.1929315105011
1,859,271.0866740922893,303.0569238752294
1,860,270.8698465284261,302.82787085408654
1,861,270.7269848258313,302.5620387402091
1,862,270.6774255122912,302.3758126624336
1,863,270.660991961459,302.19571553768316
1,864,270.6771879336185,302.0429862084899
1,865,270.6533193247492,301.8622141900045
1,866,270.55332645421896,301.64444721504464
1,867,270.48045484203027,301.48150293494405
1,868,270.5025042587971,301.43280309024084
1,869,270.58767591933116,301.43147715610917
1,870,270.7397239592987,301.5151310388266
1,871,270.9261653885666,301.67497790216447
1,872,271.01620858630145,301.72981379111854
1,873,270.9407095484748,301.5734429548163
1,874,270.7276961821671,301.2567314042375
1,875,270.4249321262545,300.8416899054974
1,876,270.09855752747114,300.3541203044674
1,877,269.82292809961035,299.87715695455825
1,878,269.613775679753,299.46474792767964
1,879,269.45496101181584,299.1148915483142
1,880,269.31958142943955,298.8002422871551
1,881,269.19655277799825,298.5353753284264
1,882,269.03210668871435,298.28052694952277
1,883,268.8190985149444,297.99069842405424
1,884,268.58059942558486,297.6927310531105
1,885,268.37322853287975,297.3238549521017
1,886,268.23122949524804,296.78492618963736
1,887,268.31048681014477,296.12275932003035
1,888,268.73100486266253,295.4269434788243
1,889,269.4608248757205,294.64413179905966
1,890,270.4116985471972,293.96697524306575
1,891,271.4642114383756,293.6785005430619
1,892,272.35220764662324,293.9229639882787
1,893,272.8470753584054,294.7883495230916
1,894,272.92207123047393,296.39961742804235
1,895,272.5966296836612,298.5309856050247
1,896,271.9823819820014,300.8877276708111
1,897,271.31667216989285,303.21024157876644
1,898,270.8687506262723,305.2546610698811
1,899,270.74060166644153,306.7206903097767
1,900,270.9172471471491,307.5090859373209
1,901,271.33194233158383,307.58980837257263
1,902,271.85569886032164,307.0258336285687
1,903,272.21871871333724,305.9493067264652
1,904,272.26545303539734,304.61159471556675
1,905,272.03189891021384,303.3243018446896
1,906,271.521636819564,302.2475135806947
1,907,270.7986719487861,301.47593855619357
1,908,270.11170689240134,301.1638507003159
1,909,269.6802740276721,301.3698297375885
1,910,269.5803598731969,302.043439360749
1,911,269.8420579895143,303.12080592875435
1,912,270.4265943995937,304.4645462807372
1,913,271.16016857767454,305.78423024326435
1,914,271.8746190721199,306.9645448217367
1,915,272.4193053536019,307.80649022616916
1,916,272.72774525057844,308.23486255832864
1,917,272.72243131787815,308.22819007792884
1,918,272.43430611031226,307.8186935502564
1,919,271.9197368680972,306.9385315529523
1,920,271.2764261608429,305.7392369760866
1,921,270.605379678527,304.3835255308611
1,922,270.0547971238605,303.0639510610873
1,923,269.7135101363375,301.99769033760936
1,924,269.6027543342407,301.4191104781118
1,925,269.7089281909559,301.31329057895914
1,926,269.9610230231951,301.4542371200648
1,927,270.2941007046257,301.60419587485853
1,928,270.6668164885492,301.55322587394676
1,929,271.0754922493971,301.0792064448575
1,930,271.4975331170431,300.2188805511023
1,931,271.96572623271277,299.34578338608026
1,932,272.46944883502897,298.8400207242755
1,933,272.8983659882584,298.8534795158591
1,934,273.10774269116285,299.3895848215158
1,935,273.0657576214785,300.32969532675554
1,936,272.76183181517695,301.35705466291944
1,937,272.22064696532937,302.19596399281454
1,938,271.57794851092086,302.80350115992985
1,939,271.0305556339786,303.25670939936003
1,940,270.6780079574731,303.6041757445447
1,941,270.5514456851685,303.8990537119874
1,942,270.6144658794177,304.0781165124594
1,943,270.7751446502005,304.00723266663704
1,944,270.92848751478806,303.6997698470559
1,945,270.99437831170377,303.26635587775286
1,946,270.9063065411194,302.80749307374845
1,947,270.71802895156287,302.4725965887359
1,948,270.51880185410863,302.4647522261922
1,949,270.3189681330194,302.70840643092197
1,950,270.14960426487676,303.0353939297434
1,951,270.11050548480495,303.3606886789988
1,952,270.18810136377544,303.6361682711241
1,953,270.3524948136851,303.7415114816737
1,954,270.6073092920833,303.6464224490631
1,955,270.91179625925264,303.41280460569357
1,956,271.1555231267189,303.10799412081275
1,957,271.29354632423525,302.7549022947777
1,958,271.2645610303804,302.36226079207006
1,959,271.11255413367877,302.10342544617333
1,960,270.9111160913211,302.04308566490823
1,961,270.7487447731633,302.15383430378927
1,962,270.6906942877935,302.419489142689
1,963,270.79790119523364,302.8107339047826
1,964,271.0337659772705,303.12853714395567
1,965,271.3222187378116,303.2520759110696
1,966,271.62786879337335,303.17061333985083
1,967,271.8868452513054,302.86477984346584
1,968,272.10889254040285,302.3202990104504
1,969,272.37399740960507,301.6606939754057
1,970,272.8139718067386,300.96385518185895
1,971,273.4374509699666,300.2160936265823
1,972,274.2517616224394,299.4294959993569
1,973,275.1579607856921,298.84269438121214
1,974,275.9521898924483,298.58706305908106
1,975,276.4478975657827,298.8562264806918
1,976,276.57025871492283,299.7287895572043
1,977,276.29208040988146,301.18476293263126
1,978,275.66526968331107,302.944713417097
1,979,274.80303670816204,304.57900384888285
1,980,273.80325778296697,305.58482513116587
1,981,272.67058413458653,305.5774969995847
1,982,271.65572616066595,304.7884864961287
1,984,270.85128936864436,303.3100923319269
1,985,270.34658411467217,301.8248045360618
1,987,270.1297106529337,300.79238005026014
1,988,270.22182584600506,300.4937514821061
1,989,270.59100841103395,300.98182350255985
1,990,270.89244631110085,301.9744077317561
1,1001,271.0315337000256,302.96544783263334
1,1002,271.06870457157686,303.6243281270206
1,1003,271.05234080630373,303.90533981324745
1,1004,270.78712767626104,303.48871427321217
1,1005,270.5392400767065,302.6836223831874
1,1006,270.33785184712724,301.6278094878159
1,1007,270.1009727213213,300.5404185838537
1,1008,269.8218587223084,299.55616916293985
1,1009,269.5516635740558,298.78969113243323
1,1010,269.3425733196778,298.2364261072177
1,1011,269.23060909233396,297.8891642643905
1,1012,269.30342338149495,297.7394706652536
1,1013,269.58806478126195,297.77513202814225
1,1014,270.0505554808328,297.97734096340105
1,1015,270.6053361150681,298.39361789823096
1,1016,271.1395680601346,299.04038394548104
1,1017,271.50485593149955,299.8515673300151
1,1018,271.59006478152685,300.7260761984434
1,1019,271.37859663440656,301.56332902490055
1,1020,270.9266078802868,302.18762866167083
1,1021,270.346515663682,302.46079344115884
1,1022,269.7858584281037,302.40331094809625
1,1023,269.40160930334036,302.06058371639267
1,1024,269.2286441153892,301.4458568524759
1,1025,269.22129765632906,300.66971012894544
1,1026,269.34554793677853,299.9386062279625
1,1027,269.53579575672103,299.41188346952896
1,1028,269.68976985624425,299.2128786992188
1,1029,269.7904529313804,299.4817537856529
1,1030,269.8942097722372,300.2940206873055
1,1031,269.9758304522636,301.4238970008098
1,1032,270.0267098768402,302.51258326703856
1,1033,270.0735004734451,303.36427486491345
1,1034,270.14217759623557,303.8470884433487
1,1035,270.205980873303,303.836260356127
1,1036,270.2584383156647,303.4488757513568
1,1037,270.3238361565182,302.9615600676495
1,1038,270.4097448492646,302.48032798193174
1,1039,270.48200289039016,302.0392469264548
1,1040,270.54478777827273,301.7012217600533
1,1041,270.6371530765861,301.5137677108863
1,1042,270.7319369284056,301.4234183230194
1,1043,270.8152079766251,301.4421805375998
1,1044,270.9287326210448,301.62812372891784
1,1045,271.0760351562885,301.94458994417727
1,1046,271.2091015387986,302.1683787377999
1,1047,271.3382443193087,302.1968237119261
1,1048,271.4634542187057,301.9901056054018
1,1049,271.524905931846,301.52048557542815
1,1050,271.5086590303316,300.8770513687533
1,1051,271.4566804681058,300.35377832321024
1,1052,271.391063677768,300.0711587746428
1,1053,271.3287689842902,300.067085841093
1,1054,271.3020717436928,300.26674102772665
1,1055,271.3176684980106,300.60074399221776
1,1056,271.3702374634562,300.9569247272597
1,1057,271.4484790997899,301.3344266743162
1,1058,271.5598024042341,301.7117978292697
1,1059,271.70489714229893,302.1037050039271
1,1060,271.85381510257855,302.4363233993814
1,1061,271.97450025453463,302.6179169783781
1,1062,272.03847586883694,302.5660793447785
1,1063,271.9893192254917,302.27663995355215
1,1064,271.8224527386268,301.8663538034611
1,1065,271.59031790304084,301.46974360193315
1,1066,271.3455133122343,301.20377404926086
1,1067,271.1233859096492,301.1547234498796
1,1068,270.9827604439576,301.32017899602954
1,1069,270.9394912179075,301.5990975880066
1,1070,270.97297057653196,301.92464857548043
1,1071,271.05031093276506,302.2249644440907
1,1072,271.1666774673615,302.4162830314895
1,1073,271.29066238341534,302.4852949165633
1,1074,271.4061878937788,302.45730647014875
1,1075,271.5003403173708,302.3647466775397
1,1076,271.56230530383516,302.27592314972895
1,1077,271.56970911350976,302.24592336269853
1,1078,271.5270411134354,302.30553510064493
1,1079,271.4395813609849,302.46609932894944
1,1080,271.3451699102636,302.71255983183937
1,1081,271.27905677508056,302.98806074475755
1,1082,271.2511840567945,303.26912324659844
1,1083,271.26134865668337,303.50618101402773
1,1084,271.3026037721054,303.6654478171175
1,1085,271.3347923513091,303.713325192557
1,1086,271.3359921876279,303.67419797452396
1,1087,271.3236980571213,303.5874671101145
1,1088,271.3145325166508,303.5581870914226
1,1089,271.3249932504162,303.619963463504
1,1090,271.37949840019235,303.78871963932215
1,1091,271.4865754703272,304.0303179511848
1,1092,271.63939644685036,304.30903309806655
1,1093,271.82355668653736,304.5574894894397
1,1094,272.03011200787944,304.7746131636226
1,1095,272.24108458564723,304.9808012935647
1,1096,272.4266522750723,305.22166285956075
1,1097,272.555583064184,305.49180606376655
1,1098,272.62931108355633,305.7510328780968
1,1099,272.65077521829596,305.9793310275143
1,1100,272.625374802862,306.1700899226094
1,1101,272.5813743862178,306.28812360669616
1,1102,272.547930723586,306.3429207031391
1,1103,272.52706218014396,306.37462073660333
2,0,279.343758345216,316.2395294937692
2,1,279.3892899768736,316.313671084069
2,2,279.4365318328859,316.38417030914445
2,3,279.48408710946785,316.44952883245804
2,4,279.51544438957325,316.49097143406703
2,5,279.52660153382084,316.51095742786083
2,6,279.51704396139996,316.51396745962165
2,7,279.5022191838739,316.5168389599905
2,8,279.48670936379654,316.5061517594904
2,9,279.4746510595209,316.47381556170666
2,10,279.4670931226418,316.41482728179164
2,11,279.46460295005267,316.3321182946944
2,12,279.4644010896349,316.2391563413339
2,13,279.46014542525063,316.1627726684478
2,14,279.4469732445441,316.09705847429836
2,15,279.4239747870735,316.04035711599045
2,16,279.39327382364996,315.9900641320978
2,17,279.35744147079646,315.9423051807738
2,18,279.32059907542504,315.8930056584509
2,19,279.2882241079938,315.8549729944973
2,20,279.2679082500509,315.8324483014801
2,21,279.2604270553994,315.83286507359327
2,22,279.26392487127015,315.8533377435971
2,23,279.2779687675792,315.8824893459437
2,24,279.2994787634894,315.9202096909388
2,25,279.3199257110381,315.9686240983438
2,26,279.3359171833024,316.02004495900314
2,27,279.34508587242385,316.0732658955297
2,28,279.3455558269221,316.128379906924
2,29,279.3385381790152,316.17004314552884
2,30,279.32727926890266,316.18937104213825
2,31,279.3167182501285,316.1866065345228
2,32,279.3141853453291,316.16232001875306
2,33,279.32214916755174,316.12230258845517
2,34,279.33858728292165,316.07835335857374
2,35,279.36164800296683,316.0392212327008
2,36,279.3858544878568,316.0101009678258
2,37,279.40264730901026,315.9971938835326
2,38,279.4120390782645,315.9966475909862
2,39,279.4158811694652,316.00637482420916
2,40,279.4134064483175,316.0213418136078
2,41,279.40440679859864,316.0355983968018
2,42,279.39150621874967,316.0425748779041
2,43,279.3746726566329,316.04615719190645
2,44,279.3584277882078,316.04667750850575
2,45,279.3475482531038,316.0475360728992
2,46,279.3455842120269,316.0523458425445
2,47,279.3561924064795,316.0623175939936
2,48,279.37752509937764,316.07627624560234
2,49,279.4016700889292,316.0965917012806
2,50,279.42564410122003,316.12132843682826
2,51,279.4494596367854,316.1510190474401
2,52,279.46629819586525,316.18525677306644
2,53,279.4719680575698,316.2181733193744
2,54,279.4668609833716,316.24348605608054
2,55,279.4521998440973,316.2573823367878
2,56,279.43384904089197,316.24879008590705
2,57,279.42088115266466,316.2193570290499
2,58,279.42351099488593,316.1771663311352
2,59,279.44696288367135,316.1278082480499
2,60,279.4868692632011,316.078296079994
2,61,279.5280895179398,316.044105563587
2,62,279.5619830485266,316.02487117777787
2,63,279.58256857474856,316.0172205571113
2,64,279.58696301126815,316.0166563222987
2,65,279.57735779793785,316.01569187349287
2,66,279.5599342774798,316.0066801106449
2,67,279.5395437695894,315.989875111941
2,68,279.5206542474669,315.9703450964271
2,69,279.503535799028,315.9519705817841
2,70,279.49031739669584,315.9424024042487
2,71,279.48553631686605,315.9461386163866
2,72,279.485489310297,315.9659902728315
2,73,279.4834350566216,315.9919527194468
2,74,279.4788710685309,316.0206302897274
2,75,279.4721041375222,316.0489217291198
2,76,279.4630157228132,316.07361717250234
2,77,279.45746433621525,316.0853605122752
2,78,279.4574084277567,316.0884992467509
2,79,279.4644644694594,316.087788282454
2,80,279.4789476700291,316.0894146746094
2,81,279.4992260467875,316.09862784023073
2,82,279.5239318186549,316.12294478518425
2,83,279.5537877406708,316.163752189336
2,84,279.58531994770834,316.2145485485421
2,85,279.61209076534976,316.25910860926314
2,86,279.6297196842184,316.28541196153395
2,87,279.631434805914,316.2901765409321
2,88,279.61609940496203,316.27119644421197
2,89,279.58847181632603,316.23243974724267
2,90,279.5574065083953,316.18816505980527
2,91,279.53213087572453,316.1499030620534
2,92,279.5282100563836,316.12677494977146
2,93,279.5472241592152,316.12501312574113
2,94,279.5808662744835,316.14738190252535
2,95,279.621163361849,316.1868291295147
2,96,279.65699566814754,316.23614833413814
2,97,279.6672073992062,316.27877113636
2,98,279.65237839664593,316.2985665187148
2,99,279.621727468513,316.2853290897781
2,100,279.58087375829945,316.2426506195569
2,101,279.53613544648044,316.17778556367983
2,102,279.49908295322115,316.10536256993976
2,103,279.4712438372652,316.0420702917929
2,104,279.45212234039775,315.99687300114647
2,105,279.44150234544435,315.96840196825735
2,106,279.43762287895265,315.9502784454704
2,107,279.4367325466821,315.9367070270618
2,108,279.4342170980215,315.92378072222505
2,109,279.42577543113094,315.9083168561555
2,110,279.4082583270507,315.88995821725035
2,111,279.38529309705297,315.87219810704687
2,112,279.3621177023485,315.85651959822894
2,113,279.3392681301497,315.84483031186113
2,114,279.3186847130417,315.84375255560195
2,115,279.30795498232953,315.85691073082484
2,116,279.30826023308305,315.8781752937466
2,117,279.3174942266102,315.90316136184856
2,118,279.34164860856555,315.9242309339013
2,119,279.38030622085944,315.93284708312973
2,120,279.4201737352388,315.9235316614992
2,121,279.45134810458603,315.9048573170486
2,122,279.47217508197724,315.8823540404893
2,123,279.4773520441387,315.85870574786344
2,124,279.46892422584347,315.8364450620844
2,125,279.45838786082413,315.822242225622
2,126,279.4554695533405,315.8170790950443
2,127,279.46313165993615,315.8207531915792
2,128,279.4801320223451,315.83885675124685
2,129,279.498165958272,315.8742780684884
2,130,279.50875390846033,315.91743741383664
2,131,279.5043869663452,315.95796805511065
2,132,279.4789440923787,315.9928955471107
2,133,279.4350078791862,316.01592140525497
2,134,279.38461867025524,316.0204803655636
2,135,279.3368708308187,316.01446233346866
2,136,279.30031213980703,316.00415088528234
2,137,279.280687760759,315.9871894159613
2,138,279.2764504996218,315.9630017485677
2,139,279.2811929804746,315.9361809103785
2,140,279.2913786026118,315.90354129976845
2,141,279.2981749565551,315.86612326091273
2,142,279.2993563612865,315.82965583845487
2,143,279.2989653107464,315.80079352647454
2,144,279.2966051916689,315.78327038834146
2,145,279.2883170702512,315.7825707867089
2,146,279.2804358583799,315.7984364993212
2,147,279.2752550967812,315.8254344608158
2,148,279.2732002462743,315.8566121504016
2,149,279.2772968743331,315.88288632971364
2,150,279.29044435719993,315.895880549314
2,151,279.3103284348616,315.89228714130263
2,152,279.33780195838796,315.88023675334796
2,153,279.3663717454444,315.86655572517066
2,154,279.3909756906029,315.86112655552415
2,155,279.410038582148,315.86687229419715
2,156,279.42295665627825,315.8841705168452
2,157,279.4268051297915,315.9079045052083
2,158,279.42610087891404,315.9326610957368
2,159,279.4242479258192,315.9500427120435
2,160,279.42238627677915,315.9564413574403
2,161,279.4181635960191,315.9452486017817
2,162,279.4069338447372,315.90877783969177
2,163,279.384745175654,315.84910670980526
2,164,279.35441205024955,315.77318514927737
2,165,279.31920915848,315.69142076416364
2,166,279.2859665375966,315.62056913731897
2,167,279.26465156196093,315.5779152720948
2,168,279.26248082389566,315.5671928012782
2,169,279.27507355080303,315.58585755365766
2,170,279.2972559732911,315.6267105161479
2,171,279.32529181814294,315.67729247246524
2,172,279.3526762989864,315.72032356994976
2,173,279.3721076172535,315.74563690238267
2,174,279.3853848961448,315.7499400154036
2,175,279.39844054943234,315.7392869998501
2,176,279.4142075078682,315.72468263909093
2,177,279.4336728399997,315.7184642355214
2,178,279.4596410488009,315.7298443396126
2,179,279.4888399205734,315.7633122486047
2,180,279.51226687439095,315.8107738778747
2,181,279.52200066497545,315.85881370930093
2,182,279.5194574023374,315.9021783472174
2,183,279.5040854577501,315.9395520741456
2,184,279.47934549499774,315.9689204439268
2,185,279.4543883416149,315.99258477746815
2,186,279.4369664561907,316.02017410645624
2,187,279.42524837557403,316.0478755054068
2,188,279.42103129023434,316.06509025813745
2,189,279.42480383522854,316.06528342311907
2,190,279.4300876818461,316.0452234358133
2,191,279.4326374421014,315.99976505998427
2,192,279.43409479414356,315.93760349352374
2,193,279.4336578516358,315.8750074369024
2,194,279.4282275595981,315.82478517070103
2,195,279.4209249072884,315.79773905227347
2,196,279.41351224291526,315.7939422701358
2,197,279.4058653662999,315.80728259747394
2,198,279.3980683044792,315.8289348168801
2,199,279.3951585468393,315.84923055654207
2,200,279.40344607917245,315.8599388830927
2,201,279.42316474187464,315.86487000297535
2,202,279.4516640845682,315.86869599756915
2,203,279.4865021471853,315.87215386954335
2,204,279.522175114511,315.88140658143755
2,205,279.54511232748797,315.89949028091223
2,206,279.55370104545614,315.9244236454355
2,207,279.55191259406473,315.95200270731584
2,208,279.54272927815117,315.9786142361427
2,209,279.52804693731406,315.99692290395626
2,210,279.5138668296823,316.000388272182
2,211,279.5006196144724,315.98561582097454
2,212,279.4800273694014,315.94770309033976
2,213,279.45019309543795,315.8933824762168
2,214,279.41180558717554,315.8314282789326
2,215,279.36812023107717,315.7745189049557
2,216,279.32174937436633,315.73012940520516
2,217,279.2860907074256,315.7117582650987
2,218,279.26451947251763,315.7187955191796
2,219,279.256288554965,315.74792587092344
2,220,279.2556623957074,315.7857331639758
2,221,279.2582489501581,315.8229006222624
2,222,279.2563732244138,315.85002080230447
2,223,279.2492525609241,315.8646477369542
2,224,279.24529089213206,315.861005964344
2,225,279.251960305039,315.85182231416917
2,226,279.27334664731876,315.85055504049296
2,227,279.31134394577555,315.86352896843243
2,228,279.36272480899464,315.89036321623155
2,229,279.41012755399635,315.93591520137477
2,230,279.44385080064166,315.9871561000291
2,231,279.4616794602767,316.02862291939414
2,232,279.463066598016,316.05190711706666
2,233,279.4480392248812,316.05715091082874
2,234,279.4280629984403,316.0473017723962
2,235,279.4097021013082,316.0311181515058
2,236,279.3945402711271,316.01959087280625
2,237,279.3832895813243,316.01570303419203
2,238,279.379340475014,316.0211940692958
2,239,279.381786726809,316.0302697948449
2,240,279.3913413143405,316.0352160069497
2,241,279.4067718976623,316.0277360029651
2,242,279.42466114060255,316.00965190359585
2,243,279.43991213482263,315.9807977710051
2,244,279.4483499533185,315.9478669246624
2,245,279.44667904609474,315.91942397176916
2,246,279.4352956844567,315.90178674364387
2,247,279.4190634050515,315.8965411316754
2,248,279.4087159352181,315.9003757038536
2,249,279.4093598317371,315.9083895167263
2,250,279.4227138517747,315.9196982551243
2,251,279.44956988883587,315.9358621697542
2,252,279.485059774671,315.9540606904513
2,253,279.51564935204664,315.9777682976561
2,254,279.5389329291439,316.00636581649934
2,255,279.5563177971742,316.03646082350804
2,256,279.5668356237697,316.06322252783593
2,257,279.573891167051,316.0899636625475
2,258,279.5889781369164,316.1179178292755
2,259,279.61904975842964,316.15538644127935
2,260,279.68161066108854,316.1719908079492
2,261,279.80580945205986,316.11297429055264
2,262,280.0293391218394,315.95065116316187
2,263,280.349289908627,315.67674014638567
2,264,280.72862670190466,315.3193471729991
2,265,281.11170794331633,315.01170669103305
2,266,281.41956572292736,314.92859417177647
2,267,281.5314019452995,315.13938790079436
2,268,281.4092866271941,315.6691881260287
2,269,281.1051386859309,316.4381251153753
2,270,280.643421898058,317.2229629154683
2,271,280.10212540661763,317.83240102671783
2,272,279.6773134128402,318.28678063420966
2,273,279.48407475485624,318.5713869699073
2,274,279.50942332898217,318.69716235900177
2,275,279.7664804046902,318.80382578233264
2,276,280.1671897103425,318.93250744873444
2,277,280.4852084513717,318.9492873366035
2,278,280.56769742697537,318.8618678711236
2,279,280.4066131838849,318.76275943758714
2,280,280.0765681648918,318.72035515374887
2,281,279.71229611191114,318.8236689928684
2,282,279.4582953148485,319.12758558056385
2,283,279.41171725248995,319.57265489227706
2,284,279.563504011055,320.04408445935513
2,285,279.79734575682664,320.384341833252
2,286,280.0307047458697,320.5314917981455
2,287,280.2225067632913,320.50803670673065
2,288,280.3018066857272,320.3396486735119
2,289,280.25497553303956,320.08629168665334
2,290,280.1256848137125,319.8620030165775
2,291,279.907784737618,319.6612210257653
2,292,279.6354518414193,319.4521190432853
2,293,279.38864966363144,319.24327225513355
2,294,279.2074199668204,319.04716902410865
2,295,279.11522857655416,318.8366155650265
2,296,279.15022001896745,318.66402923628107
2,297,279.2782515673023,318.5811610620627
2,298,279.45591954901346,318.62819200314954
2,299,279.64144160298565,318.7840960031806
2,300,279.79450935471147,319.0244581777005
2,301,279.8841255753896,319.2705904370057
2,302,279.90704285981457,319.4594547805015
2,303,279.85643321294555,319.5290245778834
2,304,279.76019600505975,319.4640862068637
2,305,279.6389845009008,319.26773538852734
2,306,279.4953430380856,318.961740218267
2,307,279.3387196819677,318.57331118771043
2,308,279.2068011754911,318.1938200276451
2,309,279.12575736469535,317.8921706137108
2,310,279.0886221829352,317.6649974955516
2,311,279.1071947830739,317.5197101201953
2,312,279.18258206892875,317.48968210508053
2,313,279.29163584079504,317.504518455987
2,314,279.3820573674275,317.47101868070024
2,315,279.4412636922525,317.3931037248846
2,316,279.4473444745829,317.29949933919215
2,317,279.4104719512631,317.1682822257653
2,318,279.33831978544566,317.02805606976074
2,319,279.2554491064366,316.94605849324125
2,320,279.1713793425539,316.92425715641343
2,321,279.08826130518236,316.92373300527015
2,322,279.0031321094482,316.94971199223465
2,323,278.9205867279994,316.97215615098406
2,324,278.8461761950065,316.9612071026443
2,325,278.78221843850395,316.93419572181006
2,326,278.7577384079148,316.9327479888294
2,327,278.76358467634043,316.9458895320518
2,328,278.78616189633703,316.9945068674677
2,329,278.82525556893745,317.0966716237043
2,330,278.8982512314697,317.23986542221337
2,331,278.97023681510154,317.3646908665959
2,332,279.017828226455,317.4242866734763
2,333,279.01927034140147,317.37389864114107
2,334,278.94560290463016,317.1796223357156
2,335,278.78713663224767,316.86250592286206
2,336,278.6017793057704,316.515720880476
2,337,278.4606841347107,316.2586402466786
2,338,278.4202226200394,316.17800507837774
2,339,278.50743126681743,316.32717983195676
2,340,278.70116540550487,316.67271250416843
2,341,278.9472081453092,317.1369137492585
2,342,279.1892034390646,317.6187219023887
2,343,279.3773952555511,318.0294948940582
2,344,279.4907235368514,318.2735480581856
2,345,279.52293208087616,318.304838638055
2,346,279.47308044660247,318.1217828419989
2,347,279.34739473360065,317.75837406219046
2,348,279.1704489801574,317.2896497774485
2,349,278.97918687931957,316.8406576952942
2,350,278.82746517879923,316.5132650299815
2,351,278.7629367579826,316.3681569501931
2,352,278.8039009483532,316.42910421363223
2,353,278.95104947538795,316.65657104384917
2,354,279.17985657235005,316.9733874910162
2,355,279.43931659341206,317.32718543367685
2,356,279.65618196741326,317.6186544809225
2,357,279.78995190093093,317.77519172203387
2,358,279.8247327763629,317.78835161331597
2,359,279.75871039414034,317.67261641330253
2,360,279.61319077402555,317.4464405022466
2,361,279.4553967042722,317.20881560740554
2,362,279.35136308842107,317.0420169944698
2,363,279.328200282817,316.9919306888792
2,364,279.39640742434756,317.0759650827773
2,365,279.5459668503207,317.27183497290434
2,366,279.7329172392307,317.53509556597777
2,367,279.8848201351551,317.7925611040347
2,368,279.969904197522,317.9719636321215
2,369,279.98486075486016,318.02997552162003
2,370,279.937293672008,317.9598530549217
2,371,279.8498431040304,317.75549676684875
2,372,279.7727987028027,317.47183700863474
2,373,279.74330190019174,317.1817555742482
2,374,279.7902826511097,316.95731723955333
2,375,279.9469333899257,316.86510925261916
2,376,280.2336506576608,316.94722981497273
2,377,280.64108318928703,317.1972183717551
2,378,281.1394637787661,317.5723939790132
2,379,281.6440014522418,317.9840073792441
2,380,282.0502475183764,318.30455475530516
2,381,282.28191536976976,318.441856922543
2,382,282.3025735527424,318.33423381849985
2,383,282.1100697578838,317.98294191763335
2,384,281.7904212820206,317.4774129473118
2,385,281.4670649793668,316.9479620870531
2,386,281.2213168312087,316.4965992739375
2,387,281.09146360674964,316.2177369460747
2,388,281.0921353912407,316.1493387588718
2,389,281.1884522729306,316.25263416723067
2,390,281.30725501591485,316.44937856885804
2,391,281.4144614009474,316.69147620582885
2,392,281.49736102284936,316.91780902504183
2,393,281.5363628146151,317.0672705686424
2,394,281.5214379045957,317.0807214757429
2,395,281.465850116241,316.9753038512139
2,396,281.3605078229637,316.7324362795155
2,397,281.21301015470743,316.3498162079604
2,398,281.045903268741,315.8619381923773
2,399,280.86291749440767,315.359678715149
2,400,280.6809705871605,314.8978624528112
2,401,280.5286981643189,314.5750806283421
2,402,280.424003300478,314.46385327281416
2,403,280.34801406647307,314.5723375724226
2,404,280.2991198223507,314.82425343657115
2,405,280.271027866396,315.14691201733837
2,406,280.25941885668556,315.4259413365709
2,407,280.22851733676276,315.55598366179083
2,408,280.1968944188929,315.4952469683227
2,409,280.18999512328617,315.28092020436253
2,410,280.1956922476617,314.92962260254933
2,411,280.18850784045384,314.4888868778194
2,412,280.1936508035496,314.0465841796945
2,413,280.19775080840185,313.66296722058706
2,414,280.1777059194877,313.37414482884725
2,415,280.1263888572215,313.2133334652087
2,416,280.0364454611079,313.17770804546683
2,417,279.87502220035344,313.2066277813699
2,418,279.63799764061804,313.2536998704588
2,419,279.34798361116646,313.26802792382443
2,420,279.04269268453186,313.1984536467406
2,421,278.7595403944714,313.0016718031987
2,422,278.5362065718158,312.70745284102185
2,423,278.38888039672025,312.3529859679263
2,424,278.29981856017486,311.98978738826884
2,425,278.2535408282967,311.6868588341245
2,426,278.2631141633159,311.5574851371619
2,427,278.3375406001255,311.62794993622197
2,428,278.4909510294377,311.88812448390706
2,429,278.7231710587833,312.2826753331436
2,430,279.01906785424575,312.7589879477884
2,431,279.340910647338,313.2140649373159
2,432,279.6476830490202,313.58002692552236
2,433,279.90627038126974,313.8282670474605
2,434,280.1089333531008,313.9882511355603
2,435,280.262440993024,314.0876517102423
2,436,280.35552421554496,314.15556037214566
2,437,280.38277189900947,314.23710594850417
2,438,280.35091844096945,314.34950894757503
2,439,280.284658075543,314.48545892605785
2,440,280.19470924089165,314.6523710035217
2,441,280.1202415754763,314.86725370567694
2,442,280.1078173113613,315.12830742531
2,443,280.1756599374893,315.4491361990114
2,444,280.306855467934,315.8091382332498
2,445,280.4659811403593,316.1243195725811
2,446,280.59670188622687,316.3316110919217
2,447,280.6561133899917,316.4357149126234
2,448,280.62404279295896,316.4349548817764
2,449,280.5170100643335,316.3717992667061
2,450,280.3960336606197,316.3437464736017
2,451,280.3343408109319,316.4335545750918
2,452,280.3570395655163,316.6077745812018
2,453,280.4662322707872,316.8246522143113
2,454,280.63998646000033,317.03425854261354
2,455,280.823834114291,317.1635754969787
2,456,280.95062801465804,317.13718536218556
2,457,280.9960777566201,316.9462665704134
2,458,280.94881167808285,316.62117303928164
2,459,280.79189434529854,316.19585131688444
2,460,280.53715231866295,315.7283141319622
2,461,280.235590357644,315.2957842238712
2,462,279.9196950474522,314.94734867856386
2,463,279.6177091753198,314.6791742813871
2,464,279.36579260197897,314.4745272061808
2,465,279.1914462146883,314.29507516958495
2,466,279.0927397300893,314.10186187768045
2,467,279.06121775922736,313.9123905366532
2,468,279.0899939594277,313.77818960260504
2,469,279.1748241194489,313.7327164354796
2,470,279.2714608826441,313.792878635941
2,471,279.3410729465659,313.93669822731164
2,472,279.3914347786713,314.11356214979344
2,473,279.4431474721587,314.2786933848514
2,474,279.5124668841698,314.4111464419256
2,475,279.6485329787197,314.51820856511387
2,476,279.8798578604468,314.63641479918556
2,477,280.18308287178587,314.77579043504596
2,478,280.51023476015257,314.89848873370056
2,479,280.8155993491755,314.9883931967992
2,480,281.0626117485854,315.05775539702887
2,481,281.2306611642963,315.1143414704648
2,482,281.3190527317871,315.18091605239135
2,483,281.346674551021,315.2791607287793
2,484,281.3308054806511,315.37403739537774
2,485,281.27133191281104,315.3919368320576
2,486,281.17882753026936,315.28015265701856
2,487,281.05822715166244,314.99468378699447
2,488,280.91696365775533,314.58007493403323
2,489,280.7641782229537,314.1448141682076
2,490,280.6259650761949,313.8046773622089
2,491,280.52248103035305,313.66203508693894
2,492,280.4710442475524,313.7835586517711
2,493,280.46522247674,314.1538326840046
2,494,280.4978226912615,314.6866440260391
2,495,280.5368434729492,315.2503028764528
2,496,280.55471044343585,315.6744798447132
2,497,280.5305529652116,315.8626550011117
2,498,280.4825366850083,315.78087253159504
2,499,280.42672687252525,315.47415062504683
2,500,280.3879441155471,315.0492398213138
2,501,280.3729079851135,314.6588871328791
2,502,280.3951793971255,314.4003560160134
2,503,280.42366864364317,314.3086330676413
2,504,280.4233042181118,314.35637422783884
2,505,280.39084799915406,314.50170776814997
2,506,280.33554942220985,314.6730313679644
2,507,280.25177354872966,314.81964951583876
2,508,280.16383075981173,314.9454411972228
2,509,280.1181664539623,315.0965403768383
2,510,280.11839129317775,315.3181316826847
2,511,280.1277523107754,315.62528406324054
2,512,280.11734050362764,316.023904222136
2,513,280.06029285862905,316.4842565453772
2,514,279.9324271915392,316.96474715743466
2,515,279.71629975975736,317.3730576679259
2,516,279.4537277612463,317.6822435614904
2,517,279.2439823557415,317.9026755881713
2,518,279.17651555469956,318.0792548626898
2,519,279.25376613112286,318.2092081206392
2,520,279.47581999280453,318.35602507622883
2,521,279.83654689812636,318.5795802065652
2,522,280.20832436047516,318.8483459971542
2,523,280.45037443988076,319.0330977992219
2,524,280.54602023417476,319.0976112132902
2,525,280.5088068841404,319.0000202346103
2,526,280.33219592257535,318.69603576651866
2,527,280.09957220620214,318.2247617761051
2,528,279.894693808209,317.7246750527768
2,529,279.7362964365418,317.27967541619444
2,530,279.6271835481314,316.9761368181432
2,531,279.5695130995621,316.85330564758044
2,532,279.54511917061814,316.9102672504816
2,533,279.57796592407743,317.1442406103588
2,534,279.696222568164,317.50819239292963
2,535,279.90562711409234,317.93380874532306
2,536,280.20805304230504,318.3832921950515
2,537,280.5494169591004,318.7877746052255
2,538,280.8261009556475,319.0228508548109
2,539,280.9697229751936,319.0704947564091
2,540,280.9727136167775,318.9537887317827
2,541,280.8356482254002,318.7007495336731
2,542,280.6314121688003,318.3977945867508
2,543,280.45301878491586,318.1749479862299
2,544,280.3324644435929,318.0679239409418
2,545,280.25809701330013,318.065690218267
2,546,280.2295379828531,318.1623100552059
2,547,280.2333603128049,318.3516865186039
2,548,280.253146034156,318.5920636674245
2,549,280.300906544595,318.85666622747874
2,550,280.35808497695035,319.1158358688031
2,551,280.40147533631125,319.3279331513383
2,552,280.39574764258725,319.4114609059894
2,553,280.32273718945805,319.3262249920459
2,554,280.195598513686,319.09320787794206
2,555,280.08727137931777,318.77489817821504
2,556,280.03816271177845,318.430047088167
2,557,280.0924489002132,318.17771355961844
2,558,280.28208210198477,318.1296470753448
2,559,280.57664928252007,318.32305723190063
2,560,280.89541839146466,318.7242674565958
2,561,281.2287821955369,319.31730479931554
2,562,281.5634216230213,320.0180270748265
2,563,281.82227079557725,320.6708225474771
2,564,281.96910293692935,321.1670384007164
2,565,282.02193607706914,321.4484963107021
2,566,281.93565767859025,321.4629021461518
2,567,281.67062195399023,321.2127239532249
2,568,281.29809346790177,320.776111626672
2,569,280.9047578979344,320.2155239427934
2,570,280.5354321156391,319.63372172431457
2,571,280.2627589968026,319.1440488164716
2,572,280.1595725595939,318.8117379035572
2,573,280.2489288345124,318.7116488567776
2,574,280.5095613345432,318.90155760522083
2,575,280.90624742668194,319.3510537005896
2,576,281.3638767514649,319.93947869199405
2,577,281.78236125495977,320.5522123541963
2,578,282.06885756625064,321.0233562157658
2,579,282.1630115452298,321.22167116177536
2,580,282.0557409808762,321.09697717954754
2,581,281.8085708393847,320.71804000629515
2,582,281.5139106643142,320.1984108118622
2,583,281.2281012419891,319.67239747004857
2,584,281.0101338008771,319.2800564949319
2,585,280.90386979816265,319.0901230889387
2,586,280.89533362352955,319.08337372448
2,587,280.9437069163726,319.2068796147573
2,588,281.044459126208,319.40602837892635
2,589,281.1646603225666,319.5831781206939
2,590,281.2580083870297,319.6930656743671
2,591,281.2983765455203,319.7245149141281
2,592,281.2881689758184,319.6802545883199
2,593,281.22974947638335,319.59076157121234
2,594,281.1511519861325,319.50957174177483
2,595,281.0630183912514,319.44074352749664
2,596,280.9757638186765,319.405660441789
2,597,280.89055744257007,319.40762620244004
2,598,280.803097745021,319.4238873271384
2,599,280.7041423960349,319.43159661796534
2,600,280.6007674331213,319.4421384803987
2,601,280.49623561810137,319.43913366394406
2,602,280.4035969605057,319.42694539262015
2,603,280.3312284668482,319.4054752577366
2,604,280.2821390882566,319.37359451753525
2,605,280.26480433431857,319.32621328763076
2,606,280.2888822766247,319.27629855818503
2,607,280.33340309234114,319.20348158289687
2,608,280.3707583901661,319.079773284563
2,609,280.38434089109126,318.90807879573214
2,610,280.37745916136294,318.72164192035405
2,611,280.3354927258262,318.5092146002945
2,612,280.26668100417356,318.28913465466815
2,613,280.2039880655482,318.12296603724667
2,614,280.1503182123459,318.00508834907174
2,615,280.0822893561471,317.88690504704493
2,616,280.00943846734765,317.770202728246
2,617,279.93508547113686,317.65185249477656
2,618,279.8442203226769,317.48993736309717
2,619,279.73957401277096,317.2756537100296
2,620,279.62256898413557,317.00279838360734
2,621,279.49764559916684,316.6802648010022
2,622,279.3683809754264,316.33232196280085
2,623,279.23264700998993,315.99294549449905
2,624,279.09851475906027,315.7100562595397
2,625,278.98110102236564,315.52638821816544
2,626,278.87640820810225,315.4236983551642
2,627,278.78762884818474,315.37543129332676
2,628,278.73929808469796,315.3855436557021
2,629,278.73109426170276,315.4181708009066
2,630,278.75407273577775,315.4553867885031
2,631,278.79085378458245,315.5300329823848
2,632,278.8164093425319,315.64798809927635
2,633,278.7949852786938,315.763596458523
2,634,278.7377046236461,315.8886431271015
2,635,278.65582475929676,316.0256052173101
2,636,278.5563309700381,316.1272305884397
2,637,278.4687241669606,316.18500336730324
2,638,278.42355022311966,316.2298186148666
2,639,278.3975943459877,316.2536717908862
2,640,278.38695453890364,316.2525850716274
2,641,278.4260110087678,316.26962841483726
2,642,278.52210477915503,316.31815093448535
2,643,278.6572541895423,316.37464145471205
2,644,278.8311412233781,316.4341146863618
2,645,279.02285585523066,316.51452133911954
2,646,279.18268918952754,316.60475348921284
2,647,279.27053389774863,316.69941398077276
2,648,279.2760293957643,316.8102488931297
2,649,279.21657145467503,316.9300465986676
2,650,279.133872283211,317.02865782956445
2,651,279.06472699471755,317.0761686693621
2,652,279.04124829480446,317.05302832794985
2,653,279.0831960842245,316.9555342347658
2,654,279.1747688928782,316.806106260538
2,655,279.28044343464103,316.6235782009476
2,656,279.3707260942747,316.4504997728252
2,657,279.41070380598575,316.2996068463667
2,658,279.3742248533971,316.1624407591449
2,659,279.25922385588046,316.0269404308005
2,660,279.08504145902,315.9096413666398
2,661,278.89991788577487,315.8167195439942
2,662,278.764663360568,315.7755546322744
2,663,278.7235720461107,315.8098840024748
2,664,278.7946204882826,315.92486943092354
2,665,278.9688554328509,316.0797114931126
2,666,279.19923417481266,316.2212735301131
2,667,279.4303259029711,316.3288251610021
2,668,279.6208480474474,316.4171888047641
2,669,279.75165796704425,316.49368370502737
2,670,279.7973139383791,316.558898461193
2,671,279.75444238336246,316.6437162564713
2,672,279.6479823844194,316.75219833816647
2,673,279.5190617067324,316.86064635147443
2,674,279.40209043540335,316.98640948008574
2,675,279.3664147731359,317.1879453324304
2,676,279.4652608428048,317.4982850961593
2,677,279.70591061841577,317.9314724958351
2,678,280.05270649265356,318.46697433355524
2,679,280.43874668287594,318.9849088919995
2,680,280.76504998303994,319.38106577390886
2,681,280.94908504423296,319.5691607613573
2,682,280.95758308080343,319.5086466151037
2,683,280.8109051320565,319.2403057764454
2,684,280.5926566854801,318.9211437439218
2,685,280.37355877436073,318.6703241761124
2,686,280.21953639304854,318.58388747400454
2,687,280.1568666178673,318.6995950244557
2,688,280.1709078321318,318.9880077827472
2,689,280.22326485799283,319.38653264298165
2,690,280.31731983631875,319.8288886723606
2,691,280.4477184951707,320.2500207648286
2,692,280.6135108971862,320.5835030531297
2,693,280.8057854259828,320.7840877188609
2,694,280.9899635617567,320.80949138587073
2,695,281.12947361646263,320.65189626074556
2,696,281.1843522869525,320.3063156381577
2,697,281.1157918895407,319.818685255222
2,698,280.9236989495357,319.24817298801804
2,699,280.6485786942683,318.6412276362373
2,700,280.3317493332239,318.0384311085247
2,701,280.02471273267884,317.4998746736387
2,702,279.7853434533981,317.07110057824946
2,703,279.6461259379178,316.7929031291821
2,704,279.5967138115627,316.67414795815444
2,705,279.60459920982635,316.6690188646699
2,706,279.63962073993804,316.72750364691046
2,707,279.6736015669121,316.79705543350747
2,708,279.6934005123332,316.802784383301
2,709,279.7048125521062,316.6980958478657
2,710,279.7164120673925,316.5082477132903
2,711,279.71989335891624,316.2224298992903
2,712,279.7174868805988,315.840151820807
2,713,279.7132860776524,315.40915046144335
2,714,279.7061342790189,315.00329089749744
2,715,279.69243467219,314.68195888193435
2,716,279.6820138591646,314.5557454092367
2,717,279.66005504747164,314.67768064595737
2,718,279.59214468204084,315.0363467077734
2,719,279.4675386207467,315.570407242015
2,720,279.32226955000215,316.17910844307943
2,721,279.19301983790444,316.72823675986945
2,722,279.11984861866216,317.14242413077204
2,723,279.1438365889389,317.4013911244001
2,724,279.2827228284654,317.5422707377287
2,725,279.4460093134949,317.6078090935168
2,726,279.5744524948976,317.6819022590797
2,727,279.6410348291735,317.8202385592985
2,728,279.63144288171156,318.0515015707284
2,729,279.5536494162307,318.38527582978975
2,730,279.51576584874886,318.82721808317655
2,731,279.543871322383,319.3132219583385
2,732,279.63173191881117,319.77855498022996
2,733,279.7759386386611,320.1575357777162
2,734,279.91533023851116,320.3321460796127
2,735,279.96826326926475,320.2445526537721
2,736,279.9428036208252,319.8912774327892
2,737,279.8751219202027,319.3270556548429
2,738,279.78241168265635,318.65238592192344
2,739,279.7374140222298,318.04034215793683
2,740,279.7872292754778,317.59155406379773
2,741,279.9144495780148,317.3458583217536
2,742,280.0515279795313,317.26936054298926
2,743,280.14632314024846,317.24023725678
2,744,280.1657797074657,317.1208903643807
2,745,280.1090321208381,316.84488377097614
2,746,279.99108775256605,316.42598912016757
2,747,279.8599139649605,315.9262251144726
2,748,279.76864039536923,315.4788999034744
2,749,279.72284428705075,315.16893633487325
2,750,279.70374667628994,315.0174667133488
2,751,279.71028937790254,315.0351723268536
2,752,279.75240257771196,315.21706673850423
2,753,279.82653629524964,315.51258938337116
2,754,279.91482012219035,315.88883313374254
2,755,280.01791426573993,316.34005172998815
2,756,280.14074579567273,316.8069426095847
2,757,280.2928456467388,317.23476703050324
2,758,280.4644988020662,317.6096576039788
2,759,280.680898428794,317.9456001729973
2,760,280.93943327730136,318.2500039787591
2,761,281.2118734976071,318.56778617903234
2,762,281.43625117583815,318.932989987819
2,763,281.6137446336812,319.36001538780187
2,764,281.7218569380454,319.8159350015765
2,765,281.73362608092214,320.2609266889492
2,766,281.6506770683794,320.63499815850105
2,767,281.49352264131335,320.87295589833036
2,768,281.2528255987716,320.92178664145763
2,769,280.9566608955009,320.8139929641119
2,770,280.6796508065291,320.61324493522557
2,771,280.441578900971,320.37959983461013
2,772,280.25939370104845,320.1811837722977
2,773,280.13963071250066,320.0824110135233
2,774,280.0935571218752,320.1038408358122
2,775,280.08578149613254,320.23155775794123
2,776,280.0964383729173,320.4521164548794
2,777,280.121188997495,320.75047605351267
2,778,280.15533781966127,321.0943856128885
2,779,280.1254635217306,321.37523221975897
2,780,279.99777505745976,321.51069171131303
2,781,279.8403553091887,321.5101815671912
2,782,279.6964220819094,321.39013428038214
2,783,279.5771998856631,321.15474332461395
2,784,279.55260471291723,320.895021546115
2,785,279.6616830878336,320.68021210987166
2,786,279.81624785655674,320.4450161848771
2,787,279.9271341257097,320.1246599309684
2,788,279.95379973462445,319.7206845121281
2,789,279.8739572709557,319.2763140975718
2,790,279.68180125453404,318.8529159230824
2,791,279.42537236869885,318.56307949697725
2,792,279.17762591877766,318.49681294405184
2,793,278.9982206602421,318.65625670475606
2,794,278.8743821515026,318.9292556795658
2,795,278.7938080449669,319.18564542850436
2,796,278.7522934061347,319.3209025682623
2,797,278.7326672651545,319.24884249999945
2,798,278.7141371483773,318.9355281515279
2,799,278.7280898233764,318.42838693069336
2,800,278.78675489500984,317.8164451124683
2,801,278.87722236982745,317.1797050620285
2,802,278.97302176086043,316.62227651634754
2,803,279.0322277213247,316.2445250884153
2,804,279.0154615156067,316.1417761789669
2,805,278.93132415895525,316.3576531290279
2,806,278.792524549288,316.869296204912
2,807,278.6097132263335,317.5634562326231
2,808,278.4620166541751,318.32041078095057
2,809,278.4081313831221,318.9669588840574
2,810,278.4322832686547,319.33821618383627
2,811,278.5142615815709,319.3775786961406
2,812,278.66724357701844,319.14501270699105
2,813,278.819490950043,318.714692781721
2,814,278.90778144545175,318.2434875638672
2,815,278.9420026855894,317.91271239831764
2,816,278.9493176317392,317.80953770844724
2,817,278.92892835186075,317.93448971036287
2,818,278.9173994193877,318.26819230509113
2,819,278.95319188133243,318.6938781453686
2,820,279.0184100507701,319.0808807736613
2,821,279.0794086511288,319.3285210823617
2,822,279.1294071298187,319.38081965414335
2,823,279.15722109390424,319.20459503733616
2,824,279.1466980069731,318.86108257911553
2,825,279.13393142229745,318.44625221784406
2,826,279.1639656997037,318.08617081306954
2,827,279.24730781200725,317.8887291556523
2,828,279.38275498654866,317.91991585318266
2,829,279.5711631417955,318.1495960866423
2,830,279.7525111817277,318.4465547890062
2,831,279.86896133984163,318.68193517586195
2,832,279.91629222787805,318.7742564970821
2,833,279.9314952694729,318.71081220985957
2,834,279.91328817661133,318.54039209236976
2,835,279.8890128238336,318.37889324208606
2,836,279.90677079188777,318.300851499866
2,837,279.94523165921265,318.2980509816945
2,838,279.93654554448074,318.29205136973843
2,839,279.87500118527834,318.2097927749961
2,840,279.787630027138,318.03678836056014
2,841,279.66911505420086,317.7606717369832
2,842,279.55130715418954,317.39024855757685
2,843,279.51684419555426,316.9909079384893
2,844,279.611346502803,316.5924031042136
2,845,279.83521349151994,316.17967724958766
2,846,280.18982039722647,315.82557733381515
2,847,280.65554026051615,315.67247746806726
2,848,281.1391110251696,315.7738218529754
2,849,281.53443981713053,316.14187065989177
2,850,281.7370701677987,316.7172151158686
2,851,281.6958491816185,317.37971718839583
2,852,281.43371101295236,317.99235454711135
2,853,280.98951935954716,318.43550639383756
2,854,280.48337006563645,318.71984938936396
2,855,280.0693954171283,318.940348324889
2,856,279.81253399759896,319.1330393989406
2,857,279.6696092610597,319.25151746193006
2,858,279.6563722714326,319.3632956279816
2,859,279.72141976188135,319.4717804305736
2,860,279.7882372415793,319.53639197164114
2,861,279.84401390103847,319.56087554432304
2,862,279.91483500130863,319.6156329702778
2,863,279.98102171381186,319.6930485887758
2,864,280.02258039081846,319.7482485887591
2,865,280.0315569639698,319.75421353846144
2,866,279.9916125570644,319.7136482311695
2,867,279.92780825613363,319.6390650116256
2,868,279.8824492998122,319.5457962249893
2,869,279.885651973255,319.46014063601996
2,870,279.92987282849015,319.3861367673689
2,871,279.97605257274563,319.2996437596766
2,872,279.9669668152997,319.16253145403925
2,873,279.854175279484,318.9248603675974
2,874,279.6219190874551,318.57235458112416
2,875,279.32188192796696,318.161754749893
2,876,279.0464037851564,317.74969673397055
2,877,278.85075860124743,317.3433032248995
2,878,278.7514582139635,316.996104614429
2,879,278.757873326801,316.74969602055995
2,880,278.8353977543475,316.5913985530668
2,881,278.9292853416272,316.5016878510228
2,882,278.98862146115744,316.47587477326954
2,883,278.9810654490339,316.44335420504433
2,884,278.88499386827993,316.3419738442109
2,885,278.70473080772643,316.074087580773
2,886,278.47735294971875,315.5363594711827
2,887,278.31392424454936,314.6986652565205
2,888,278.32614928567574,313.621224199621
2,889,278.5774554134294,312.39534084328426
2,890,279.07695569417666,311.2439741150298
2,891,279.74966737821296,310.4595903735863
2,892,280.39227643612753,310.2324124380507
2,893,280.83880475748714,310.67571667896624
2,894,280.98056178249243,311.79358074009707
2,895,280.80167461870553,313.4211658811448
2,896,280.3760601452459,315.30442522219215
2,897,279.9073065011956,317.2344230221081
2,898,279.56276451843496,318.96481935914625
2,899,279.458357539856,320.3065929324876
2,900,279.58514639630414,321.15419916404966
2,901,279.8887055750573,321.46508556464227
2,902,280.2677928705164,321.2764369241042
2,903,280.5545125272832,320.7326746139496
2,904,280.6223153277018,320.0068387799614
2,905,280.48438087242573,319.3158687061249
2,906,280.1627626950543,318.80875453959703
2,907,279.6852682192534,318.52869194128
2,908,279.21473619296387,318.49495192747844
2,909,278.9244357382793,318.6969119018431
2,910,278.8823812100944,319.05618982389456
2,911,279.1258412800794,319.5385751947283
2,912,279.6359721314004,320.1233073421101
2,913,280.3025471157868,320.75415047014485
2,914,280.96703346348096,321.3800565292869
2,915,281.48087164681806,321.9209453986235
2,916,281.7313839248253,322.27811132628153
2,917,281.68287600350965,322.3949805292041
2,918,281.36618365541375,322.2346364001394
2,919,280.85898562819034,321.77693891001906
2,920,280.26363379986606,321.07771132441053
2,921,279.6946269100318,320.25905965645154
2,922,279.2379018926892,319.4446547753702
2,923,278.9425283290482,318.7660328610209
2,924,278.8166101781857,318.3498293668793
2,925,278.86829824040257,318.22915354212535
2,926,279.0455916741961,318.27094246901686
2,927,279.29644167674996,318.3054728468423
2,928,279.5795204097895,318.17010498865864
2,929,279.88150067460805,317.7137015096167
2,930,280.176258779725,316.9400472365028
2,931,280.4897814681294,316.10690922616004
2,932,280.8078378953569,315.4846550181413
2,933,281.0746216443196,315.2446523286222
2,934,281.2002352088549,315.4572666737186
2,935,281.13135288940146,316.0703892269591
2,936,280.850891433203,316.861844347544
2,937,280.41880072884476,317.6320365108135
2,938,279.9187671689674,318.2636115981715
2,939,279.494862522574,318.7452844939657
2,940,279.2604585412338,319.0985465040943
2,941,279.2339220984064,319.34079938483796
2,942,279.33165539886056,319.41088833805037
2,943,279.48584426539077,319.2987656536687
2,944,279.61177168166387,319.0440205790935
2,945,279.63739932473754,318.71548010815474
2,946,279.5286885461521,318.3871519944439
2,947,279.3643523152844,318.20275565096466
2,948,279.220741771971,318.2461643405011
2,949,279.1047280357976,318.45194717917235
2,950,279.01896074961627,318.6811468513926
2,951,279.0161557213044,318.86251132902635
2,952,279.06635245061085,318.9320937641584
2,953,279.12976980963913,318.84318565825635
2,954,279.22961943230536,318.6479823926771
2,955,279.3587889880876,318.4286760638555
2,956,279.46864384280406,318.2463964029125
2,957,279.56147603991803,318.1308764588157
2,958,279.63267119000716,318.0859906052912
2,959,279.6533425625628,318.07746461697633
2,960,279.63849436092613,318.12830433811956
2,961,279.61472381639135,318.2176164489942
2,962,279.603794153492,318.35622870224404
2,963,279.6215868694161,318.52382111185466
2,964,279.7074259567446,318.7070995515664
2,965,279.87567485050346,318.83113310127675
2,966,280.12033722099216,318.87825904680153
2,967,280.36885534433844,318.7465746307136
2,968,280.5847821508445,318.37797155215384
2,969,280.7683501559055,317.73962851557985
2,970,280.94051793786053,316.83301052867137
2,971,281.0812644377005,315.6378041532059
2,972,281.2507667752966,314.2969997810139
2,973,281.46132117131,313.0522850959031
2,974,281.62637071747434,312.13382266199824
2,975,281.67371785884126,311.78416907722703
2,976,281.6293988643308,312.20206927397084
2,977,281.4718332083576,313.38759598992533
2,978,281.2037847464297,315.10250993122315
2,979,280.88882572018764,317.0361696803213
2,980,280.5627857312056,318.8106577476875
2,981,280.23495972719763,320.1180904984461
2,982,279.93420909098813,320.8002841059223
2,983,279.67497497455844,320.87196318694527
2,984,279.4891941068311,320.4866696820767
2,985,279.3987438296207,319.8750940405409
2,986,279.39516374518394,319.2715222479017
2,987,279.4219052172553,318.82957249828576
2,988,279.46655483662875,318.64688721729016
2,989,279.4752283095265,318.69799961177546
2,990,279.41559889441965,318.8926958570168
2,991,279.2636510572993,319.0984951437986
2,992,279.09828421092345,319.2490481694247
2,993,278.99549894235054,319.323574068977
2,994,279.01471195737344,319.3461796447041
2,995,279.20378847920847,319.39807840911317
2,996,279.57327404919016,319.54279721333137
2,997,280.0257121813563,319.7741965276068
2,998,280.4363354892916,320.06818600116867
2,999,280.7266667352791,320.39912711576306
2,1000,280.8145568386003,320.66793351153336
2,1001,280.69278341619537,320.78535117559767
2,1002,280.4491710934654,320.6908574872471
2,1003,280.14898557045314,320.3484870620291
2,1004,279.83934594243584,319.77943768192364
2,1005,279.55818830598037,319.0511799067507
2,1006,279.33765988520855,318.2887427816497
2,1007,279.15055544297064,317.6222439659269
2,1008,279.0083433303639,317.1570197685183
2,1009,278.8983665804778,316.86821544139895
2,1010,278.8576797365298,316.74202229450964
2,1011,278.88705704147293,316.7063503703836
2,1012,279.00260708762664,316.69893500208644
2,1013,279.1839460540404,316.61660567868114
2,1014,279.44661716825226,316.5076279217293
2,1015,279.73893452786183,316.42628549080825
2,1016,280.0009731336151,316.46299952228526
2,1017,280.1707892023152,316.6619670168585
2,1018,280.210151200344,317.0673330980904
2,1019,280.1037373687132,317.611771230734
2,1020,279.89114443617615,318.1761615205618
2,1021,279.61277908905,318.6001695673249
2,1022,279.32245192556195,318.7695386861021
2,1023,279.08951322414936,318.64796802025836
2,1024,278.9202016368103,318.2513276212976
2,1025,278.79327533439744,317.6713822160717
2,1026,278.72446021240705,317.06152512521277
2,1027,278.70901708036223,316.61008481983913
2,1028,278.71600030309537,316.4232225705123
2,1029,278.7405329899284,316.56624894566585
2,1030,278.78185958851236,317.0172035151825
2,1031,278.8130867678516,317.64223034170067
2,1032,278.8089788883084,318.19649620191115
2,1033,278.7622743941374,318.53786021453936
2,1034,278.71584266001935,318.625904429645
2,1035,278.68041116431255,318.4494614013586
2,1036,278.65920879810113,318.08554811238804
2,1037,278.68917229739003,317.73313212403235
2,1038,278.78366779761916,317.45370937461144
2,1039,278.88141085764687,317.2079365028222
2,1040,278.975004294634,317.00142043347006
2,1041,279.0946557336118,316.86967937352955
2,1042,279.21761067909074,316.77844856863504
2,1043,279.328607093012,316.77133835333063
2,1044,279.464637674027,316.90215271473403
2,1045,279.64867603043706,317.1757926758688
2,1046,279.8258147843648,317.46352402214757
2,1047,279.98157263647306,317.6726878944865
2,1048,280.1199366699715,317.72666086257846
2,1049,280.20460195783676,317.59816209973764
2,1050,280.21040986284464,317.3118767326345
2,1051,280.1744414188941,317.0034864831249
2,1052,280.12605534595116,316.7621722114326
2,1053,280.08216077601617,316.67180074535327
2,1054,280.0647427563197,316.72963684228665
2,1055,280.069384603137,316.9035363566764
2,1056,280.1033511093675,317.1641788869185
2,1057,280.166270654927,317.4980220098
2,1058,280.2603982387999,317.85164288821164
2,1059,280.389388142492,318.20910861198445
2,1060,280.547481995227,318.5316518749503
2,1061,280.69097833992384,318.7353853700862
2,1062,280.78661718725334,318.7662855150319
2,1063,280.7965721596592,318.626937504074
2,1064,280.71566598454956,318.3770085468111
2,1065,280.56206453563385,318.0884333255395
2,1066,280.39284148754405,317.8579962992631
2,1067,280.2466343772,317.75652954749046
2,1068,280.1652982718098,317.8035609294617
2,1069,280.16029327688426,317.9720631915619
2,1070,280.2330934530871,318.23806271099886
2,1071,280.34041984575697,318.5390321158957
2,1072,280.44814818946867,318.79109097047007
2,1073,280.51788815874636,318.936935347481
2,1074,280.53506126504493,318.93331726352267
2,1075,280.49581837435846,318.7931332948167
2,1076,280.42526750773965,318.58861100697254
2,1077,280.34642325296977,318.40465767545817
2,1078,280.2858406990504,318.3089837735571
2,1079,280.24614025701305,318.36841790213964
2,1080,280.2369189584235,318.56341653135496
2,1081,280.24539008566495,318.8116997356328
2,1082,280.26865540956345,319.0754944721611
2,1083,280.2984369653799,319.3126129232127
2,1084,280.3358957549155,319.4705313302806
2,1085,280.357320394601,319.5288998725208
2,1086,280.3728308567846,319.52340299524946
2,1087,280.3842668689242,319.4628215172677
2,1088,280.4010387612582,319.39917638795947
2,1089,280.417174933034,319.35668680627003
2,1090,280.4506619251108,319.3525508064425
2,1091,280.4929359327165,319.38280533210354
2,1092,280.53509552573547,319.44296261934096
2,1093,280.58307330808043,319.5026256570331
2,1094,280.6656489465463,319.58084893663363
2,1095,280.7794959188745,319.69912696249696
2,1096,280.9260970747926,319.87134773860885
2,1097,281.10479760175826,320.0887344491693
2,1098,281.2851708174763,320.3231072045731
2,1099,281.44052307588873,320.53757919887266
2,1100,281.56884824363493,320.7057032364651
2,1101,281.6644586214286,320.8096495121932
2,1102,281.7227001221785,320.85877963692064
2,1103,281.7608555993442,320.8778638101327
3,0,297.7630675155544,341.3272416029731
3,1,297.85746403702933,341.3058336752375
3,2,297.9695889922082,341.2697896239411
3,3,298.0893091206481,341.22101125335394
3,4,298.17668763428566,341.1705800025917
3,5,298.22683773474023,341.12672032086505
3,6,298.2387032352479,341.09552267036565
3,7,298.22495663889345,341.0761084624301
3,8,298.19949202796704,341.0577378981659
3,9,298.1801325195442,341.02770273383527
3,10,298.1699748924822,340.97879078768614
3,11,298.1711144406755,340.9099748226371
3,12,298.1844117984806,340.82998160116944
3,13,298.20242982224767,340.75584576124163
3,14,298.20794811762124,340.69478524729624
3,15,298.1958173919428,340.644872340506
3,16,298.1696253752843,340.60451894467843
3,17,298.13486287554224,340.57193659406215
3,18,298.0966854481604,340.5431471549217
3,19,298.0667370992342,340.52095846334066
3,20,298.0464815443338,340.51630877054146
3,21,298.0295964179799,340.5342372419242
3,22,298.01014634419244,340.57128501667967
3,23,297.9883454505278,340.62183796208524
3,24,297.96430525342817,340.68079942381894
3,25,297.94696405609943,340.7378500988003
3,26,297.94238771907806,340.78784652941863
3,27,297.9483044840981,340.8302723827166
3,28,297.960666922174,340.86223090374745
3,29,297.9757362412485,340.87920043602924
3,30,297.98597782608806,340.8809906605597
3,31,297.9905727669909,340.8679278131436
3,32,297.99560236538986,340.8420995897733
3,33,298.00408398278535,340.8084738599051
3,34,298.01996846388437,340.7765617664633
3,35,298.0442155264185,340.75019094633666
3,36,298.0731152237412,340.7287145807938
3,37,298.10162493753387,340.71157462074234
3,38,298.1309165837457,340.6987002693079
3,39,298.1542134988535,340.6829434725595
3,40,298.16763191473234,340.66099232155295
3,41,298.1717316056665,340.6325015397937
3,42,298.16654606901307,340.5983875257566
3,43,298.1505368792468,340.5618701205362
3,44,298.1360276983468,340.53146189051745
3,45,298.1307468664806,340.5157120706178
3,46,298.1366693719739,340.5241381738539
3,47,298.161394948351,340.55895405083294
3,48,298.2042652575796,340.61630492353106
3,49,298.2499216951393,340.68703461715586
3,50,298.29076230998203,340.761253768005
3,51,298.32591968345787,340.82534833057287
3,52,298.3431763976129,340.8705121644684
3,53,298.3365116968478,340.89341324244623
3,54,298.31077131910746,340.8950166676276
3,55,298.27257112809747,340.8777437412388
3,56,298.22658505093483,340.8512145739583
3,57,298.18510288018615,340.8257448763824
3,58,298.1629102769572,340.8059275448909
3,59,298.16932561180556,340.79588471352974
3,60,298.2012585133674,340.7973096758481
3,61,298.246753070764,340.8014203575135
3,62,298.29617193376794,340.7999002303434
3,63,298.3392330775992,340.7918210578822
3,64,298.36559172383465,340.7766920551522
3,65,298.37299424286425,340.7526527459146
3,66,298.3687850536626,340.72557568447263
3,67,298.3578672954905,340.701001636789
3,68,298.3427829143581,340.67765269725504
3,69,298.3263855959637,340.65390502590736
3,70,298.31318762601427,340.63430801684365
3,71,298.3074791856806,340.6211813264174
3,72,298.3082762345583,340.61426535824006
3,73,298.31591561745824,340.61763941184216
3,74,298.33157258730284,340.63314512917856
3,75,298.35417931846496,340.657976250129
3,76,298.37905193468896,340.6867114424849
3,77,298.40613042223544,340.715922184318
3,78,298.4306921973856,340.74073678001
3,79,298.4529415189455,340.760569615888
3,80,298.4736678291414,340.77584527577216
3,81,298.4925475138218,340.7912429809308
3,82,298.50733454536635,340.80847784405466
3,83,298.5208945638019,340.8287859015665
3,84,298.53237718733857,340.84929308328844
3,85,298.5374040508623,340.8670853918891
3,86,298.5363327319203,340.87750934267774
3,87,298.5301767246533,340.8774065997451
3,88,298.5196973984753,340.8658851856052
3,89,298.50224782128623,340.84479609397573
3,90,298.4806725961571,340.8181441397806
3,91,298.4529379960904,340.7878010171452
3,92,298.41673377490173,340.75860524482954
3,93,298.37066307694914,340.73549555321347
3,94,298.3151090620528,340.7206352410089
3,95,298.24712040494853,340.70992404388653
3,96,298.17042022222415,340.7032125911254
3,97,298.0931148335437,340.69908224482333
3,98,298.0202160725573,340.690328489595
3,99,297.9580286580125,340.6713800850595
3,100,297.91235313132324,340.64429377605245
3,101,297.8847916859825,340.61241431959473
3,102,297.8736637126974,340.57945691158596
3,103,297.87781576383395,340.55428712567345
3,104,297.8967372483115,340.54855825923516
3,105,297.93023023521334,340.5664933138713
3,106,297.97619218400837,340.60560047093765
3,107,298.0336859418731,340.65797333829767
3,108,298.10064077800473,340.713897162223
3,109,298.1678506020984,340.7561789431053
3,110,298.228842256316,340.77750279206884
3,111,298.2792740426149,340.7766492939476
3,112,298.31442384194287,340.76102409494104
3,113,298.3292517375448,340.7378663271391
3,114,298.32930036130256,340.722274920121
3,115,298.3197474824273,340.7192540263533
3,116,298.30964303354074,340.7296062218902
3,117,298.30284633366637,340.74928573721365
3,118,298.30680737323644,340.7763589085124
3,119,298.32155592540914,340.803270799302
3,120,298.34142647842174,340.8261018733559
3,121,298.35405490763753,340.8425839995523
3,122,298.3551409835386,340.8495357325894
3,123,298.3408277670737,340.8411082530953
3,124,298.3131185870642,340.8164299762283
3,125,298.27857706644124,340.78072935561335
3,126,298.24637570651674,340.7405570188609
3,127,298.222871160192,340.7075474723457
3,128,298.2071504622087,340.6965974893569
3,129,298.1946223596411,340.71279151998954
3,130,298.17969463942944,340.7489273189054
3,131,298.1573090721071,340.7980079778013
3,132,298.12156369082476,340.8465718716115
3,133,298.07668893085946,340.8754091918691
3,134,298.03073293754187,340.8764248635718
3,135,297.9942920247815,340.8538462948831
3,136,297.9757200603859,340.81400751166467
3,137,297.97972676773236,340.76653584145924
3,138,297.99933019782134,340.72380848124
3,139,298.0275149018237,340.69930955214267
3,140,298.05727481068385,340.700786293162
3,141,298.0815211748233,340.7243977336881
3,142,298.0986076438828,340.76422195344554
3,143,298.1192178501582,340.8167327962229
3,144,298.14439156330275,340.87209293607214
3,145,298.16792381978837,340.91956825721326
3,146,298.1904379542324,340.9596002375829
3,147,298.211132672439,340.9918631680874
3,148,298.2245843929046,341.01535569364034
3,149,298.2305008047654,341.0289102254174
3,150,298.23645389753585,341.03381907713566
3,151,298.24342940345457,341.02646486066647
3,152,298.2558226946868,341.00708723335225
3,153,298.2720743599282,340.97805102269916
3,154,298.29050951013085,340.9430405207585
3,155,298.3045589389153,340.90310309046873
3,156,298.3112677123735,340.8645187573211
3,157,298.30047372461627,340.8322529613683
3,158,298.275744981588,340.80604624126323
3,159,298.2451276544038,340.784417463663
3,160,298.21531811447244,340.7665111185818
3,161,298.1884505953077,340.74566926859626
3,162,298.1692271859501,340.71635620377094
3,163,298.1501083350302,340.6764629296765
3,164,298.12519613496795,340.63152721534175
3,165,298.09455861851546,340.585576431593
3,166,298.0622906449183,340.5450586114397
3,167,298.0373547118705,340.518542112913
3,168,298.0331762104258,340.5128501966151
3,169,298.0506362889265,340.5214249845517
3,170,298.0876100167942,340.54042341841847
3,171,298.138277616707,340.5650744447928
3,172,298.18968441832385,340.58530600040547
3,173,298.226793567946,340.5916400870831
3,174,298.2492294990881,340.58619768864173
3,175,298.26050468437717,340.5773134778285
3,176,298.2709270666882,340.57862781370255
3,177,298.2884808444783,340.5987622294462
3,178,298.31873014105685,340.64051104689526
3,179,298.35766804654514,340.703051064645
3,180,298.39843562960175,340.77183363495215
3,181,298.4243885525,340.82391056644224
3,182,298.43087431695164,340.85044422824586
3,183,298.42125429169334,340.8554203386653
3,184,298.40192213636345,340.84188821379655
3,185,298.3779974783569,340.8221624917032
3,186,298.36068584530324,340.81179286086655
3,187,298.3489906182667,340.8166182279609
3,188,298.3332385839572,340.83507932581955
3,189,298.3111663175736,340.86178300008123
3,190,298.2817533659173,340.8870679505622
3,191,298.2418114509064,340.9023348746063
3,192,298.1943811818973,340.9003594067939
3,193,298.1509814874167,340.8758512558344
3,194,298.11038253834454,340.83205830982837
3,195,298.07241447854574,340.7794309146266
3,196,298.03784612249007,340.7271073967078
3,197,298.00643925993614,340.6857293442439
3,198,297.97955618568596,340.6605332952204
3,199,297.9641120222578,340.64976321406493
3,200,297.9671720257397,340.6480344292055
3,201,297.9914143841227,340.64907887228225
3,202,298.03996137876914,340.6501074823684
3,203,298.10735741702103,340.652923130757
3,204,298.1851110388919,340.66195544909647
3,205,298.2601270758075,340.67761910591275
3,206,298.33005958683134,340.7052095400511
3,207,298.39175846070884,340.74239510521886
3,208,298.4426970484194,340.78477642246474
3,209,298.4803939575685,340.82720281837607
3,210,298.50239886327853,340.8636527596044
3,211,298.49994723933725,340.88467252978376
3,212,298.460132981049,340.88272979856725
3,213,298.3848516355021,340.85830274756796
3,214,298.2827501861662,340.81628229413695
3,215,298.1680440427157,340.76580241647264
3,216,298.0558230318553,340.71617908410417
3,217,297.9729141857688,340.68085340390655
3,218,297.920312073479,340.66106011875877
3,219,297.8929006552156,340.64973145415456
3,220,297.88198257475005,340.6405906195505
3,221,297.88043360911274,340.62972670157677
3,222,297.8756685231315,340.61206858670147
3,223,297.8687693557798,340.5907134106449
3,224,297.8659754627793,340.57652367077145
3,225,297.8711937770522,340.57344901840696
3,226,297.88500638447033,340.58449171828585
3,227,297.9068830764935,340.6106467108287
3,228,297.93392432253796,340.64371720890284
3,229,297.9560265637398,340.6715923276033
3,230,297.9710197740053,340.69265784020934
3,231,297.977493001342,340.70066440762946
3,232,297.9731174251351,340.6906382764845
3,233,297.95857987666875,340.6692364067977
3,234,297.94088064249723,340.64228100499207
3,235,297.9205836014712,340.61299018158127
3,236,297.89735721200867,340.5925420393012
3,237,297.8777517497779,340.5886187916152
3,238,297.8693298077543,340.6025399562728
3,239,297.87289356692105,340.6336385756932
3,240,297.8909247634218,340.6752194558657
3,241,297.92874460746543,340.7148142832768
3,242,297.9771948346116,340.74527560165694
3,243,298.02178412833706,340.759499650885
3,244,298.0551962900608,340.75501246625095
3,245,298.0705272104971,340.736236003112
3,246,298.0616000098827,340.70891914436385
3,247,298.0348829781218,340.67791007109383
3,248,298.0081567558803,340.65180364328273
3,249,297.99448717755894,340.6390817044552
3,250,298.00608498557636,340.64137947508436
3,251,298.05027546995177,340.6586918834469
3,252,298.1261584066859,340.68719476413816
3,253,298.2157910262491,340.72046312835
3,254,298.30385222072454,340.7510650818366
3,255,298.37513000602036,340.7748368626368
3,256,298.4215147528266,340.7885213971789
3,257,298.44068085699445,340.7938468793094
3,258,298.4381530924662,340.78994460897076
3,259,298.42582094815043,340.7818765471496
3,260,298.42469818433176,340.7761773404187
3,261,298.429158704396,340.70178241971604
3,262,298.4345126383898,340.50121167048394
3,263,298.44503388777787,340.16225730801176
3,264,298.4477949717673,339.70886277590546
3,265,298.43140526716627,339.1889218662188
3,266,298.3989166493364,338.8039590566979
3,267,298.31423365278295,338.6971974716036
3,268,298.1498832582836,338.9116290020728
3,269,297.9261776076493,339.3965196465359
3,270,297.61543631629104,340.02471131250354
3,271,297.2374146323381,340.60084237435893
3,272,296.91215604864817,341.0228290063204
3,273,296.70138181428956,341.23869831286527
3,274,296.61530540025274,341.2625396583269
3,275,296.66174966430486,341.170079421901
3,276,296.7995627701737,341.0508585009279
3,277,296.913857645973,340.9339472092652
3,278,296.94980820709,340.8828903117348
3,279,296.8573510759675,340.93617035385796
3,280,296.7141035396066,341.13794919766934
3,281,296.6014743268226,341.4740496818448
3,282,296.56168603044483,341.8986747438506
3,283,296.6272832143975,342.3279152872022
3,284,296.81506363375684,342.6751398714302
3,285,297.02827277712595,342.8530602712136
3,286,297.1902153910347,342.82982057330565
3,287,297.2827583913506,342.64828286151806
3,288,297.273788236429,342.3778128645119
3,289,297.1715636871698,342.1134267706634
3,290,297.023034640525,341.91466167622167
3,291,296.83321858553813,341.8002645066711
3,292,296.6259166003253,341.7494411268883
3,293,296.4247515461437,341.708720808626
3,294,296.247910912507,341.62881955114335
3,295,296.1019771373655,341.5007315240206
3,296,296.0352095640476,341.360004439277
3,297,296.0488621074746,341.2441375786027
3,298,296.1497245530261,341.2162902204367
3,299,296.31302369836374,341.2955960796516
3,300,296.5159753361399,341.4749142067003
3,301,296.7253352965792,341.7161429310104
3,302,296.9143949196158,341.96470993772397
3,303,297.03812484226967,342.1429379771653
3,304,297.0904514080906,342.22837118623687
3,305,297.0640917775828,342.20535139461595
3,306,296.9573394835345,342.0689658235878
3,307,296.7903834093803,341.85149974996875
3,308,296.63133269827034,341.6357271496958
3,309,296.5238100415861,341.45659591190764
3,310,296.48685161457144,341.32753386858064
3,311,296.5232679085378,341.2616048187391
3,312,296.6231381902881,341.2666871501284
3,313,296.7393877588583,341.2921977725161
3,314,296.83104384437735,341.3005359486263
3,315,296.8896229887291,341.28766669377256
3,316,296.90677360297144,341.25262655846393
3,317,296.87649175940686,341.174847409209
3,318,296.81136183617105,341.0722271001126
3,319,296.7373695815427,340.983574877617
3,320,296.65801854054087,340.9216573438992
3,321,296.5800631784485,340.88366161629096
3,322,296.53263028690833,340.8907738687952
3,323,296.5130569476596,340.92586071295443
3,324,296.48907646585656,340.9462786883845
3,325,296.45024667038047,340.94307826232307
3,326,296.3985552046393,340.9301360355167
3,327,296.3188825963294,340.8973954423192
3,328,296.23239616553,340.8617148885968
3,329,296.18218486948143,340.85365591777247
3,330,296.19462501609195,340.87679514406614
3,331,296.28083981104817,340.9200217749126
3,332,296.42191072836346,340.96718986791774
3,333,296.5668835166554,340.9992689195808
3,334,296.6709673837562,341.0106305742437
3,335,296.7148977475408,341.01150774761504
3,336,296.6988156513718,341.0148665859027
3,337,296.65399959340857,341.04730075592374
3,338,296.6261083116423,341.12474172538293
3,339,296.6444096117914,341.24149446189836
3,340,296.7180192512036,341.37911178086677
3,341,296.8246216763892,341.5156408647483
3,342,296.942765204357,341.6322570809092
3,343,297.05918274759097,341.72428684152334
3,344,297.16155268662953,341.7885813620731
3,345,297.2337435721406,341.81530793368904
3,346,297.27709077100843,341.80158985989203
3,347,297.2834492023207,341.7470591836357
3,348,297.2512668930448,341.66228201062245
3,349,297.1843605598746,341.5617215697347
3,350,297.09991313636465,341.4681072818838
3,351,297.0244300939212,341.4094184431135
3,352,296.9896377194203,341.4054858273609
3,353,297.00759792685784,341.4486833716493
3,354,297.08707863110703,341.53219553851693
3,355,297.21357208186623,341.6447714640624
3,356,297.35586018761694,341.7508809312626
3,357,297.4787459514488,341.823341531931
3,358,297.5524494902708,341.85018844317574
3,359,297.55940890570326,341.8240512614901
3,360,297.5103275660539,341.7599395801884
3,361,297.4285294454762,341.68749655919424
3,362,297.33871691721254,341.61666420899843
3,363,297.26669651213194,341.5594130906599
3,364,297.2171089376594,341.5184245537662
3,365,297.1868746683679,341.48289731402554
3,366,297.17081627698553,341.45516065915825
3,367,297.1587426885793,341.44344135105655
3,368,297.1436080438501,341.4453418672013
3,369,297.1418380984068,341.46310724289765
3,370,297.1511292809009,341.48852450368423
3,371,297.16513653845044,341.49745273487815
3,372,297.1921958258533,341.4852705052084
3,373,297.2508726639461,341.4507635485218
3,374,297.34650740084953,341.40123554807053
3,375,297.4922700864175,341.3476837272275
3,376,297.68903224928744,341.30019585035996
3,377,297.92126898414887,341.25961133674383
3,378,298.1629355033606,341.2286926409053
3,379,298.36204510647224,341.1865464480791
3,380,298.47195866933333,341.1181076245013
3,381,298.48341353975775,341.01061617445856
3,382,298.4066821174538,340.8444122867081
3,383,298.2405564440602,340.61077661268104
3,384,298.05200717615895,340.3500790320661
3,385,297.92461706203073,340.11017323707404
3,386,297.8910806100617,339.93605871882244
3,387,297.94005309052835,339.87184573842126
3,388,298.07783454308617,339.93641399002865
3,389,298.2545346466137,340.0929156264292
3,390,298.4085086873089,340.2799348554122
3,391,298.51696205194787,340.4623999482912
3,392,298.5820232802009,340.61943421600057
3,393,298.59971134884927,340.7349718516299
3,394,298.5907156908113,340.8001279557899
3,395,298.549545886636,340.824721659951
3,396,298.46274877164296,340.7931436877338
3,397,298.3420323243826,340.6769615592125
3,398,298.1900019199095,340.47541351559937
3,399,297.99184491662567,340.2226294858532
3,400,297.76189388547317,339.9550359544681
3,401,297.53578461214727,339.7299559675904
3,402,297.335119016862,339.5945811888919
3,403,297.1525872483279,339.553681770491
3,404,296.9775425595371,339.5663378814694
3,405,296.8275535765391,339.5971248603328
3,406,296.6862847242366,339.58758882963144
3,407,296.52261548776283,339.49957327808266
3,408,296.3715198342244,339.3389216705905
3,409,296.2824305580739,339.145696597388
3,410,296.23995991923175,338.92651737981794
3,411,296.2234846341528,338.69615867262763
3,412,296.24163686624803,338.4726086951605
3,413,296.2767575292896,338.2597867734638
3,414,296.30974546148207,338.06554231042855
3,415,296.3333998377072,337.9232530452605
3,416,296.34360497923524,337.85372951780516
3,417,296.3254828071839,337.8505887443105
3,418,296.2656568460942,337.89313146177216
3,419,296.163355304099,337.94396901617665
3,420,296.0526358828108,337.9596654998889
3,421,295.98607474658775,337.90280535323507
3,422,296.0005497976906,337.7798515644584
3,423,296.1034844987951,337.61668761619467
3,424,296.2592311192937,337.4407654187838
3,425,296.42921664621,337.30094792468657
3,426,296.5861355462191,337.2648558955818
3,427,296.7033768307569,337.3509431184777
3,428,296.77503837239686,337.5411885620036
3,429,296.8428889549055,337.81650997481484
3,430,296.9199303946325,338.11905119050937
3,431,297.001717548868,338.36921788760253
3,432,297.0832150059482,338.49861748866596
3,433,297.16667774781905,338.4997528519067
3,434,297.22432155662165,338.3905829670119
3,435,297.2730637890551,338.23332591071187
3,436,297.3051431322164,338.07372444597115
3,437,297.31358041423647,337.980291941727
3,438,297.30056699692005,337.9738792100894
3,439,297.2947826136905,338.04703648931303
3,440,297.2782698894944,338.16475999676254
3,441,297.266629296555,338.32498233867096
3,442,297.28731784519914,338.5103061076563
3,443,297.3503760157156,338.7081773651271
3,444,297.42123922935986,338.89495628069494
3,445,297.46299028807675,339.0351280865388
3,446,297.43438176133697,339.10094142855587
3,447,297.3177638281904,339.102211777496
3,448,297.11924266617524,339.0544714666364
3,449,296.88605685613794,338.99198238127343
3,450,296.69885695125663,338.9694093797002
3,451,296.6232890786905,339.0202534617397
3,452,296.6724948273804,339.12330306843006
3,453,296.8121884429633,339.24373720816754
3,454,297.01324237977553,339.34460795527133
3,455,297.2177506694552,339.39181707039074
3,456,297.3815284946941,339.36324973996255
3,457,297.4821351763987,339.2496070746814
3,458,297.5353324567112,339.0791648876973
3,459,297.5220629788234,338.8873703468662
3,460,297.4525018112139,338.7032301991447
3,461,297.34593593886325,338.54367033745376
3,462,297.2312167333115,338.42768990996956
3,463,297.11880726804566,338.3455423596904
3,464,297.03779419538023,338.27834696560734
3,465,297.00682449088316,338.19530153531815
3,466,297.022588586155,338.08463891392546
3,467,297.0570401833337,337.96849835466395
3,468,297.09526921432973,337.87293757384003
3,469,297.12433993836095,337.8217336916132
3,470,297.1188372384792,337.8431154636773
3,471,297.07124443251485,337.9350166188663
3,472,297.012858973764,338.06019748756887
3,473,296.96489932411765,338.1843244466694
3,474,296.9509067658686,338.2798873096111
3,475,296.9969845164205,338.3281860900413
3,476,297.09787092653073,338.33277375452514
3,477,297.22167960493636,338.30224550332235
3,478,297.3442892834687,338.2447528748703
3,479,297.43164306382573,338.1862591077623
3,480,297.47123779541084,338.16243259358697
3,481,297.48789770991283,338.2027951906301
3,482,297.5104025832343,338.32297985982905
3,483,297.56349066541077,338.51281952576676
3,484,297.6689116335553,338.7169868591038
3,485,297.8037002524239,338.86135749085975
3,486,297.940750656224,338.88757921845735
3,487,298.0335965954017,338.76075878611186
3,488,298.0490952093005,338.5141595550468
3,489,297.98277073858196,338.230046342979
3,490,297.88039636093447,337.9975087293753
3,491,297.7595450026248,337.8832308932017
3,492,297.66820669976937,337.9390495422783
3,493,297.6242540299763,338.15073717872554
3,494,297.6143777670583,338.4464196816631
3,495,297.60966387684743,338.74625678128746
3,496,297.60135447118387,338.9650706899097
3,497,297.57180604031123,339.04483865940495
3,498,297.54201181624643,338.9682472886217
3,499,297.5416968674943,338.78451084807085
3,500,297.5759256507583,338.5491119964316
3,501,297.637387629371,338.32707676370137
3,502,297.72055030900395,338.16404135734615
3,503,297.79217835163627,338.0869060141817
3,504,297.80066766736775,338.0586500171721
3,505,297.74265479639956,338.05162410716684
3,506,297.64379161295085,338.0526288631412
3,507,297.5324644011814,338.0624899819472
3,508,297.42805570970876,338.08608997240754
3,509,297.3905592152897,338.18622722218373
3,510,297.4212963290929,338.4064492935784
3,511,297.4694662281804,338.7594174891227
3,512,297.47191283568367,339.215127974026
3,513,297.3966474149533,339.7234170425179
3,514,297.1971566873335,340.19216408718125
3,515,296.85974743678275,340.53630360802924
3,516,296.457894079003,340.71339707839815
3,517,296.10306846658017,340.7483377086661
3,518,295.8784617771273,340.6935556864585
3,519,295.82878124613416,340.61667511867626
3,520,295.97640239851376,340.58495957424304
3,521,296.26464473853116,340.6356280033879
3,522,296.57452329559356,340.7384288443066
3,523,296.8069470923246,340.840380750328
3,524,296.92886970206285,340.9197689917695
3,525,296.9380980992472,340.95371079296666
3,526,296.8474477359872,340.9191765088128
3,527,296.70977913095606,340.8291296460116
3,528,296.5800680088526,340.72869604535924
3,529,296.46351941370256,340.6228156802791
3,530,296.37954332867804,340.5453000876066
3,531,296.3476637619403,340.53366412028225
3,532,296.3519939622019,340.5916283484567
3,533,296.3760846957949,340.7047739721409
3,534,296.44397617400176,340.8589171257565
3,535,296.53589533826374,341.013578360668
3,536,296.6431315593959,341.1323936155256
3,537,296.77865597213207,341.21067436065346
3,538,296.93202781981466,341.2309996397139
3,539,297.0674744313407,341.19556451674833
3,540,297.1699966883052,341.11330707659835
3,541,297.2324374271608,340.99958886636944
3,542,297.2714689487955,340.88212113416296
3,543,297.31014359528746,340.80404607260266
3,544,297.353252076358,340.77837533684567
3,545,297.40171496643876,340.80629314242145
3,546,297.4537050941134,340.8844534851997
3,547,297.48627873298307,340.9867684994432
3,548,297.4819455801603,341.0755852006398
3,549,297.4461790095106,341.13673150705813
3,550,297.38093923947577,341.1633917107559
3,551,297.281585341545,341.14597984206495
3,552,297.14110182060233,341.075936449808
3,553,296.98218643213954,340.9635144606839
3,554,296.8382820747149,340.82398662619147
3,555,296.74420683382186,340.6766814104876
3,556,296.72739145931695,340.5430587152429
3,557,296.81516935131975,340.4610416059303
3,558,296.99933632007287,340.4641073846516
3,559,297.2207158835572,340.5555536935935
3,560,297.4266365336015,340.7268090610661
3,561,297.59423599988,340.9667812479243
3,562,297.7189154912233,341.24520482335646
3,563,297.78377961474405,341.49858744815873
3,564,297.8182370960418,341.697431263121
3,565,297.84467872823376,341.82320822390204
3,566,297.8390603384607,341.85869801775584
3,567,297.76726132513124,341.79508011667565
3,568,297.63283566171947,341.6634993757657
3,569,297.45668752227675,341.4872766729142
3,570,297.2614661822112,341.29736126983767
3,571,297.10024841922564,341.1289926884328
3,572,297.01832318941496,341.00356832190533
3,573,297.052473205239,340.9486815513441
3,574,297.18476311659475,340.9897602734206
3,575,297.39356558618965,341.1202592607958
3,576,297.62985842243893,341.30635804773317
3,577,297.8475628235493,341.53257698881106
3,578,297.98638713547183,341.7409961834853
3,579,298.0226419027872,341.85884313270014
3,580,297.95774306066784,341.8622760498405
3,581,297.8375024163216,341.7715231785472
3,582,297.6979115459331,341.60375004883485
3,583,297.57617901054095,341.4061293245985
3,584,297.4916747801131,341.2426871710503
3,585,297.4534723169672,341.1372934204069
3,586,297.43991877020494,341.08161130311055
3,587,297.4539225448709,341.07783812863556
3,588,297.489997750267,341.105596958449
3,589,297.55622976329914,341.1399770228782
3,590,297.63008899158876,341.1736204742162
3,591,297.69205187418925,341.2066558117576
3,592,297.7096925725169,341.2154278421468
3,593,297.6908703684267,341.21350835318657
3,594,297.645978608211,341.2170783595048
3,595,297.5917176794445,341.22254067412234
3,596,297.5410304537994,341.23226684305996
3,597,297.51171422409686,341.25504817350884
3,598,297.48365990253836,341.26977258856584
3,599,297.43198257620435,341.26152185962104
3,600,297.37161295673934,341.24533909937963
3,601,297.3225695112599,341.2243519037415
3,602,297.29233428452676,341.2115262255847
3,603,297.2897429402485,341.2160287929134
3,604,297.30924781938165,341.2244597266149
3,605,297.32308696329363,341.2168562444425
3,606,297.3142229022014,341.19047561486036
3,607,297.26473041713393,341.13112719450226
3,608,297.18081199059816,341.04936344746653
3,609,297.0898580891346,340.9694948496146
3,610,297.01364943112833,340.9069994190087
3,611,296.95478580152246,340.8568011922525
3,612,296.9306016514174,340.82148160672926
3,613,296.9413556672773,340.7984550119179
3,614,296.9695043810519,340.7839273985337
3,615,296.9897097278296,340.7612748044496
3,616,296.99769908141843,340.73354571419185
3,617,296.9735215518959,340.69967108551185
3,618,296.9026502637472,340.6378689379831
3,619,296.7897511567148,340.53957160614357
3,620,296.6589633953811,340.42929191883456
3,621,296.5297476017261,340.3247624935941
3,622,296.4244769990179,340.24097548267406
3,623,296.3576836582355,340.2082997578667
3,624,296.32772506169033,340.24038205715533
3,625,296.3228027920292,340.31022195890716
3,626,296.32263607242146,340.3772010852411
3,627,296.32456127829596,340.417117270806
3,628,296.3415792320796,340.4211491773107
3,629,296.38044453120176,340.378774524643
3,630,296.42780171201406,340.29880006124074
3,631,296.47056404038483,340.2210571176602
3,632,296.4765495120855,340.1710324174523
3,633,296.41096993288494,340.1428952396308
3,634,296.27712571917317,340.14397595360924
3,635,296.0980798069146,340.1774370092285
3,636,295.90940365553564,340.2283296158179
3,637,295.7561802082597,340.2855360000961
3,638,295.6723867571148,340.35227328048813
3,639,295.6561205219383,340.41600627394195
3,640,295.7051082940049,340.4701576445467
3,641,295.8109877520319,340.5100234362137
3,642,295.95942240443395,340.52186451896205
3,643,296.11731152752895,340.4948263714866
3,644,296.26229946060437,340.4401567712652
3,645,296.38623619254656,340.38711016377994
3,646,296.46812975846234,340.348976085817
3,647,296.487298788178,340.34010777439005
3,648,296.4588103665463,340.36932207758866
3,649,296.40345995661914,340.422838322988
3,650,296.3401422875733,340.46308931398454
3,651,296.2876694946643,340.466828870319
3,652,296.27523761122507,340.4317079747921
3,653,296.3153928773247,340.36775266865646
3,654,296.39461801359124,340.28415613376853
3,655,296.4791378340276,340.19665659697273
3,656,296.5539552771851,340.1265496075896
3,657,296.59631902761134,340.0735817526057
3,658,296.58595554527574,340.0200646300509
3,659,296.5258115489034,339.97046326367126
3,660,296.4337684776711,339.92825398292786
3,661,296.33258505154714,339.8925866597364
3,662,296.24469530383834,339.866530067015
3,663,296.19553668678935,339.8530826898337
3,664,296.20101941208867,339.8491590923482
3,665,296.27833975189145,339.8609659273096
3,666,296.41126171853705,339.88491043817237
3,667,296.5770427596624,339.92144221049165
3,668,296.7375838465616,339.98478076442086
3,669,296.87027372026716,340.0793705900758
3,670,296.92716947200705,340.1809460371418
3,671,296.90748817559785,340.2854722490765
3,672,296.81630591814445,340.3863241032148
3,673,296.68695052037117,340.47300002379444
3,674,296.55343779943735,340.5529356763987
3,675,296.4851249804897,340.6557333032989
3,676,296.5003886718142,340.79452368367316
3,677,296.61888213510565,340.98479120279933
3,678,296.8186889706243,341.21530110511253
3,679,297.0334528230411,341.42916485541826
3,680,297.1883777290138,341.5889236633615
3,681,297.23811279306756,341.6633138762438
3,682,297.16241507151653,341.6359402186397
3,683,297.00263263965627,341.54037162889324
3,684,296.8357752641046,341.4536369953167
3,685,296.699212877165,341.4150226735599
3,686,296.6270251348412,341.4570116763563
3,687,296.6185474746961,341.5832970655862
3,688,296.6322560776954,341.75756571673963
3,689,296.6433090257068,341.94140614907565
3,690,296.66152975084395,342.1043542359595
3,691,296.6974591040316,342.2199825238133
3,692,296.7661620335535,342.27489870361643
3,693,296.8716869755059,342.27575765937894
3,694,296.9983919569333,342.22262892414506
3,695,297.13703089052404,342.126857480672
3,696,297.2535030348222,341.9892677839946
3,697,297.31733895204127,341.81793582137755
3,698,297.32637968072703,341.62002368741935
3,699,297.281818837607,341.39323844697583
3,700,297.189289668229,341.14094560606975
3,701,297.0833819277001,340.8957090882358
3,702,297.00017505028495,340.68453397221157
3,703,296.94721474201026,340.52808145486665
3,704,296.92226003159124,340.44657381892006
3,705,296.9112395455287,340.43915673590266
3,706,296.89295724709984,340.4803859631768
3,707,296.8491305587366,340.5389438778504
3,708,296.7970286144498,340.5705077616941
3,709,296.7670502233511,340.5385462825302
3,710,296.77136631898156,340.42815133397636
3,711,296.81508599568986,340.23132589349166
3,712,296.90118479189,339.9561714161181
3,713,297.010503596132,339.6491058967027
3,714,297.1034937514081,339.3513024199638
3,715,297.1476296015787,339.10903033459124
3,716,297.1216930746997,338.97928956523236
3,717,297.0340186145833,338.9966608679597
3,718,296.8798412688828,339.13957304966425
3,719,296.66608785612897,339.38228470819206
3,720,296.4537831963473,339.6707099787103
3,721,296.31170423244464,339.93135678269573
3,722,296.2385291300062,340.10756751369485
3,723,296.2471226118506,340.19744316014214
3,724,296.35524772999986,340.2234696425749
3,725,296.4898041664535,340.21870834199217
3,726,296.58807923835883,340.24429807443204
3,727,296.62254522384075,340.3328552823532
3,728,296.5886220025973,340.4944411078658
3,729,296.49895411254084,340.7217421038551
3,730,296.43032270443325,341.0136034730308
3,731,296.3955304850557,341.31674679480733
3,732,296.41354015024945,341.60006630354326
3,733,296.45678523266866,341.80351817333855
3,734,296.4649510993247,341.87240405990883
3,735,296.35682465364977,341.7445413132527
3,736,296.1421736639591,341.4284223989949
3,737,295.8606003545305,340.97168111309185
3,738,295.59714820353395,340.49166452351636
3,739,295.4441663909847,340.0908793785419
3,740,295.4786024647236,339.8649587560918
3,741,295.6966967488189,339.8450532737786
3,742,296.02495384572325,339.98036560963146
3,743,296.36578472884764,340.1493083625726
3,744,296.6489399446738,340.2575293173918
3,745,296.8332552099585,340.24317606619513
3,746,296.9060026442036,340.07961702687555
3,747,296.89839245804825,339.80107289815294
3,748,296.8527811564436,339.4894147115806
3,749,296.7971652502109,339.2159501170262
3,750,296.7522910333154,339.022075720703
3,751,296.7232003902805,338.9368236653918
3,752,296.7117362575665,338.97733816341804
3,753,296.7189478424701,339.1369942917994
3,754,296.72376773571847,339.3742423330027
3,755,296.69648969839074,339.64624852977295
3,756,296.6535136203742,339.91948839582125
3,757,296.6564256055297,340.1683631570935
3,758,296.72923294746107,340.3749558384644
3,759,296.88261366082384,340.5517416919129
3,760,297.13195237917296,340.7321721462306
3,761,297.43523372993394,340.92836686885624
3,762,297.6665304344646,341.12827416710036
3,763,297.7780421344318,341.32563623691186
3,764,297.7668751220229,341.5189398182856
3,765,297.61394485689743,341.6774583914021
3,766,297.34974070449,341.78269161316507
3,767,297.0603557055149,341.8292263193881
3,768,296.78663230983443,341.8155797537114
3,769,296.54300644128796,341.7382224220102
3,770,296.376436844216,341.6202913164797
3,771,296.2942069477623,341.4865696219522
3,772,296.2700500952884,341.36487429743033
3,773,296.2651814845078,341.2645005421736
3,774,296.2905025635808,341.20114240688963
3,775,296.32365461493464,341.1831128322525
3,776,296.34761759519523,341.21839263087156
3,777,296.3642877749662,341.30097430387787
3,778,296.3888788900532,341.42768622488893
3,779,296.37619973682547,341.5627112786522
3,780,296.3210085662637,341.673190047562
3,781,296.26754703906374,341.753436694187
3,782,296.2533981011733,341.81025670184647
3,783,296.2896941312518,341.839135063069
3,784,296.3944813767241,341.8544376148808
3,785,296.5549937074261,341.860960254304
3,786,296.7188216944952,341.8337378983147
3,787,296.83028962317957,341.7454751759469
3,788,296.8543156958285,341.5972939223992
3,789,296.81099637318937,341.42534749497975
3,790,296.7340347755818,341.2770406943433
3,791,296.63591077913316,341.1880585019207
3,792,296.54528864514396,341.1876491708267
3,793,296.51638329425145,341.281722920298
3,794,296.5118833253249,341.4106559935808
3,795,296.4893515414161,341.5091207792524
3,796,296.4477425205805,341.53088730382444
3,797,296.39457479378575,341.4424919755607
3,798,296.3154350685401,341.2264053707888
3,799,296.2541450584925,340.91363517026787
3,800,296.24820912791176,340.55942987467085
3,801,296.3170118361122,340.2271784754413
3,802,296.43267906330124,339.9757633098625
3,803,296.5554506912087,339.86562466176747
3,804,296.64899354754345,339.9513771849547
3,805,296.7006956756431,340.22893583434643
3,806,296.70862929029994,340.6650052415265
3,807,296.69310528744904,341.184630823925
3,808,296.6960033460787,341.6927069477717
3,809,296.7346150722986,342.0670923100239
3,810,296.8055007748836,342.2389095004602
3,811,296.8714153519396,342.17409269240034
3,812,296.90457592913,341.91648072508156
3,813,296.8682015165113,341.53564327652356
3,814,296.76897258781986,341.142629871807
3,815,296.61608926202706,340.8330236147576
3,816,296.45894739753095,340.6739106930146
3,817,296.3370786410415,340.6711882231134
3,818,296.2769622080733,340.8114308810714
3,819,296.27160495549646,341.03747568505975
3,820,296.2995185255944,341.2743058671164
3,821,296.3121907645189,341.4494908572835
3,822,296.2927794313057,341.5268459506123
3,823,296.2463135154069,341.4867096849182
3,824,296.18925594615445,341.35471231914795
3,825,296.15344488194125,341.17477998339825
3,826,296.1844179252311,341.01270484145687
3,827,296.30036130652104,340.9219641405298
3,828,296.4981220225721,340.9349131415458
3,829,296.7393580346868,341.03236229431457
3,830,296.9887769506307,341.1835984892367
3,831,297.2131540473779,341.34921040886815
3,832,297.37492033418226,341.4783310881261
3,833,297.463012943921,341.5400268515443
3,834,297.50310681079543,341.55537946785495
3,835,297.5098501187151,341.5492288459547
3,836,297.49954776732073,341.5375384037246
3,837,297.4949535474225,341.54251894597775
3,838,297.49432414990093,341.5705030760234
3,839,297.48044787854826,341.58759989863046
3,840,297.45762867863914,341.57752491804024
3,841,297.4314341323758,341.5179138857394
3,842,297.3931364884234,341.36510074717467
3,843,297.374450621514,341.0863009657899
3,844,297.4017499060559,340.67516482454494
3,845,297.4898292358186,340.1389379104795
3,846,297.64475997773013,339.54300389162387
3,847,297.87928791744355,339.02515762576877
3,848,298.13511908534906,338.7183485446229
3,849,298.3687461045865,338.70948872441517
3,850,298.50382122345576,338.9997805591402
3,851,298.480207683684,339.5226817207857
3,852,298.28920233612854,340.15477202132024
3,853,297.98025764047503,340.7668829743909
3,854,297.6100334231605,341.27807403320867
3,855,297.28883079757486,341.67349154277764
3,856,297.08670495526127,341.9609189429142
3,857,296.9941284987667,342.13756325820225
3,858,296.9861439346732,342.2169598787989
3,859,297.0357055295664,342.21910383157916
3,860,297.0793883076078,342.16115205508675
3,861,297.09565728606196,342.04814835636233
3,862,297.0959338890183,341.91741195934844
3,863,297.0903653531723,341.80302527502766
3,864,297.06099182831616,341.70310779836416
3,865,297.0224397166967,341.61197503574755
3,866,296.9742337896483,341.53802282384885
3,867,296.93200442295927,341.4789771545295
3,868,296.89652286289163,341.4201264234389
3,869,296.8827785001218,341.3610382667109
3,870,296.8833008038129,341.3163776377237
3,871,296.8879269165492,341.30053969327525
3,872,296.8705986031325,341.3149693714312
3,873,296.82775403895664,341.3492624036657
3,874,296.77050949359835,341.3995749849392
3,875,296.7191289333415,341.4421185160482
3,876,296.6906075418521,341.4367029343544
3,877,296.6973701756481,341.35913683271565
3,878,296.73105908787096,341.2236394432482
3,879,296.77860167248446,341.0452709047712
3,880,296.8134448276444,340.84316366293785
3,881,296.8156113726291,340.6550074684
3,882,296.77085264556166,340.50863350495837
3,883,296.6845404010683,340.40441092589674
3,884,296.5626196293794,340.32946703262553
3,885,296.443140336706,340.24382644346645
3,886,296.3640981710719,340.06743398650605
3,887,296.37238140418094,339.7204483857012
3,888,296.5014578438392,339.1535417409099
3,889,296.7688408410287,338.3702594264702
3,890,297.13377822445983,337.47555918920864
3,891,297.5484052585964,336.6841733354059
3,892,297.9196998364208,336.20722276813405
3,893,298.1620501854496,336.2055336523945
3,894,298.2221848623376,336.742826252868
3,895,298.10687676150246,337.75146081741855
3,896,297.841491788104,339.02907703423296
3,897,297.5123757663459,340.3547108909662
3,898,297.21748576158024,341.51133398970427
3,899,297.01653928006175,342.33484333571306
3,900,296.9170361124,342.7372181187369
3,901,296.9151322714308,342.73643488383516
3,902,296.9855210705683,342.4259360944886
3,903,297.06590799544756,341.96743466464545
3,904,297.09721443983966,341.5357981208282
3,905,297.057259263723,341.2631218363847
3,906,296.9200009463223,341.18779407543093
3,907,296.6933489574526,341.28572356242444
3,908,296.45161097256545,341.48764888096343
3,909,296.2973856548582,341.6951568905425
3,910,296.2945334953936,341.84160374493723
3,911,296.4925972515821,341.9400031080041
3,912,296.87873274760454,342.0264882954191
3,913,297.35093115652876,342.11282814082085
3,914,297.770518260952,342.22645058575966
3,915,298.0418088475996,342.38215406431345
3,916,298.09936162115275,342.5358886972212
3,917,297.93170596118915,342.6341947787865
3,918,297.60944609129604,342.6544973154965
3,919,297.22306605569776,342.5703927259666
3,920,296.8459417197344,342.3791735903886
3,921,296.5460894327947,342.1203629890371
3,922,296.3441091105292,341.8329641664823
3,923,296.23371031518144,341.57106623208796
3,924,296.21287152138876,341.40261294410175
3,925,296.27775188042887,341.3322811683999
3,926,296.398020301159,341.303810515993
3,927,296.56149876127824,341.23891741583907
3,928,296.72862881262773,341.0270463704833
3,929,296.8734548859192,340.56289902045285
3,930,296.98424819579037,339.85169831840744
3,931,297.0821656294013,339.05793600175275
3,932,297.15331077997837,338.37949255730666
3,933,297.19795480142534,337.9858908836802
3,934,297.17811105785074,337.99066804257694
3,935,297.06288408712294,338.4072368426681
3,936,296.8131670363099,339.0623705509796
3,937,296.4678516188644,339.7641889283011
3,938,296.0653946159607,340.37014227012503
3,939,295.70123524311873,340.7999028115132
3,940,295.4344349962786,341.0090734799595
3,941,295.31448640231736,341.03689779746566
3,942,295.3239337187538,340.93451240596926
3,943,295.44186066133653,340.76803441319737
3,944,295.59226832949463,340.5985476195341
3,945,295.73988294663025,340.492926029566
3,946,295.82946770069066,340.4803208866545
3,947,295.8547972218591,340.58523224721887
3,948,295.84939150479437,340.80898208751216
3,949,295.8664154799751,341.10941437756946
3,950,295.9186891939966,341.4109410658918
3,951,296.0494550992532,341.66598750685057
3,952,296.2469484169768,341.8364699139502
3,953,296.4560588599661,341.88623671962347
3,954,296.6225665903949,341.81266154464885
3,955,296.72043636892704,341.6583835232549
3,956,296.73076750629156,341.4744385683151
3,957,296.68007475215546,341.2956830752303
3,958,296.6172050117349,341.1581342936243
3,959,296.57798361185223,341.0863603885646
3,960,296.57788440846804,341.0789609245757
3,961,296.62553862941724,341.1196932272912
3,962,296.7340339461295,341.21178512548386
3,963,296.8866193773945,341.33830454151405
3,964,297.092399137879,341.4838509980601
3,965,297.3560604155849,341.61908217624267
3,966,297.6455826951831,341.72003256383147
3,967,297.886059242064,341.7170175427685
3,968,298.02937173516375,341.53503770576754
3,969,298.06102583009203,341.1101834956848
3,970,297.99107696009247,340.41417382731896
3,971,297.8504309461588,339.46035113076107
3,972,297.7124434310837,338.35900904716954
3,973,297.6316105359957,337.29754717118817
3,974,297.5831035752599,336.4887776718781
3,975,297.534231140081,336.1369562092286
3,976,297.4628308346708,336.355580209662
3,977,297.34784748030745,337.1509731991572
3,978,297.1928606804643,338.39464156792815
3,979,297.00625422476656,339.8439248185398
3,980,296.78862442933587,341.22470459779515
3,981,296.58742413740407,342.33497957713087
3,982,296.40901333223053,343.0047793585827
3,983,296.236977725272,343.1860951158098
3,984,296.1046596630952,342.9832362646587
3,985,296.06289984648447,342.56589831441596
3,986,296.09216581157494,342.09538497765743
3,987,296.1660287647767,341.7478055850748
3,988,296.2803433923052,341.63394506120983
3,989,296.4173609008661,341.75905375916466
3,990,296.54646114794195,342.0596702210121
3,991,296.6391939745504,342.426717809476
3,992,296.7195351221799,342.75086502036834
3,993,296.8050578233802,342.9608930501398
3,994,296.8975898857303,343.0435525775326
3,995,297.00858108758956,343.02441897065955
3,996,297.15184091911834,342.96063443199097
3,997,297.2979237280006,342.9067340855022
3,998,297.4073069540949,342.8997168412156
3,999,297.4571727888526,342.9198690590361
3,1000,297.4204305623055,342.9283944457785
3,1001,297.3045841838743,342.8774156136272
3,1002,297.15561719637105,342.7287753908147
3,1003,297.00769796279474,342.46227581444816
3,1004,296.8691096656944,342.1133351809059
3,1005,296.7420030612083,341.7307487722944
3,1006,296.6292868677837,341.3832072069897
3,1007,296.51611234141234,341.1263017869943
3,1008,296.4192434450527,340.99459361393826
3,1009,296.3621709889227,340.95982835423246
3,1010,296.3619981403723,340.97871899990963
3,1011,296.41868355015436,340.99599612241224
3,1012,296.5343508740998,340.9557599014567
3,1013,296.6888087375616,340.8034782934845
3,1014,296.886158036796,340.577446313364
3,1015,297.111170264995,340.344905945047
3,1016,297.31870257620164,340.1789075259625
3,1017,297.47326425255926,340.1544403788103
3,1018,297.5546880398525,340.3223152976722
3,1019,297.53371516959805,340.6476710227157
3,1020,297.40868052776455,341.03860838396685
3,1021,297.2330222783322,341.3952474298133
3,1022,297.0472587700932,341.6176956794326
3,1023,296.88050482533123,341.66111432094937
3,1024,296.74074241341737,341.5239814808102
3,1025,296.65611388468415,341.27542168681805
3,1026,296.6079333204251,340.9923970585046
3,1027,296.5762924663514,340.76653867281493
3,1028,296.54991826833265,340.64781750561247
3,1029,296.5326546558388,340.65957253140084
3,1030,296.5116533547315,340.77542490747504
3,1031,296.49536738742154,340.9476304538374
3,1032,296.47227887341273,341.0945445983566
3,1033,296.43041143630114,341.1647996257341
3,1034,296.3925376775467,341.1481356055714
3,1035,296.34907595768226,341.04957889732697
3,1036,296.2953035352761,340.89935581964363
3,1037,296.26609787677876,340.7623779862269
3,1038,296.2841888443403,340.6719302424028
3,1039,296.305348646529,340.617478398795
3,1040,296.3288710217718,340.59643536229817
3,1041,296.3837959759513,340.61111147710574
3,1042,296.46353568172117,340.64045206241786
3,1043,296.5459818401525,340.67162604566477
3,1044,296.6499646793778,340.7158108789605
3,1045,296.81698177754834,340.78452642807224
3,1046,297.0015275991676,340.84641581390156
3,1047,297.17566338330494,340.8863591251439
3,1048,297.3507369353953,340.8999549905794
3,1049,297.533543969672,340.88644758666214
3,1050,297.67334331916135,340.84323902723725
3,1051,297.77196376402577,340.79748539566884
3,1052,297.8426973236883,340.76602408385844
3,1053,297.88885863293353,340.77154859844046
3,1054,297.9049271281548,340.8142281743433
3,1055,297.9019782329742,340.88230988054073
3,1056,297.90341373315704,340.97210429062693
3,1057,297.918423597697,341.0803195495306
3,1058,297.95980849990707,341.1934668683647
3,1059,298.0400769030821,341.3105060796911
3,1060,298.1618832968016,341.4241035565271
3,1061,298.30642096738484,341.51256665346847
3,1062,298.45920173334775,341.5667169021143
3,1063,298.5734400521087,341.5775216343227
3,1064,298.6267375661186,341.5431436052326
3,1065,298.613443914879,341.4727640775595
3,1066,298.54907019968977,341.3928934945909
3,1067,298.45482183353727,341.3315989098718
3,1068,298.3704070578622,341.305916805241
3,1069,298.3064951371427,341.32069139608996
3,1070,298.27975064485406,341.3975942210004
3,1071,298.277463083985,341.5247977809885
3,1072,298.2752005157096,341.65717031588855
3,1073,298.2588889075941,341.76315280431163
3,1074,298.2266739383398,341.82058827121546
3,1075,298.16276690273213,341.8041950582823
3,1076,298.0829787443603,341.72742406008035
3,1077,298.0102507403994,341.63398206651965
3,1078,297.9597372725708,341.5662053170061
3,1079,297.9332684948766,341.5513560404353
3,1080,297.9422288056641,341.58801559365816
3,1081,297.9754681412712,341.65727321591044
3,1082,298.0173069768489,341.7358898913769
3,1083,298.06076899611054,341.79584397067686
3,1084,298.11960464004414,341.83396971838096
3,1085,298.1858423633103,341.8627155666515
3,1086,298.25830314838043,341.8854119244931
3,1087,298.341024343877,341.90556072107853
3,1088,298.422479257281,341.9432126810393
3,1089,298.4622929647031,341.9800450310105
3,1090,298.4618267541595,342.0063403485973
3,1091,298.4315415906921,342.03043300545005
3,1092,298.375168225402,342.053400161768
3,1093,298.3083018939395,342.05888978512826
3,1094,298.27648994143635,342.07136694362464
3,1095,298.29031174807994,342.10997116604426
3,1096,298.3438959628108,342.17503699685255
3,1097,298.4223766437546,342.25884957322495
3,1098,298.50732130589546,342.35611052294416
3,1099,298.5715475199422,342.44409045385817
3,1100,298.60026816657773,342.49695863863815
3,1101,298.58760259871974,342.50697490970725
3,1102,298.5604807664303,342.4956337877407
3,1103,298.5294113328046,342.4723228604575
4,0,316.6493083782837,350.96410287634916
4,1,316.7106945753886,351.00693229323616
4,2,316.7953811396451,351.0442346960008
4,3,316.8964596003722,351.07382926731486
4,4,316.9817577587513,351.08419555276197
4,5,317.0468754801053,351.0781410280505
4,6,317.09000181462375,351.066538737706
4,7,317.108292216559,351.0625514117844
4,8,317.10371493916625,351.0606336250733
4,9,317.0974547696288,351.04934905288087
4,10,317.08969393085806,351.0212898781436
4,11,317.08124848107786,350.97257869648126
4,12,317.076749466253,350.90893378095853
4,13,317.08709979849147,350.8478349812738
4,14,317.0970337521245,350.8028891914507
4,15,317.10334767437644,350.7800480026932
4,16,317.1019132081003,350.7772800105177
4,17,317.0938291389524,350.79010898861503
4,18,317.0733202471393,350.80843522979796
4,19,317.0505644175379,350.82507018839357
4,20,317.0246114706115,350.84183910436286
4,21,316.99840550177174,350.8627608891137
4,22,316.9719520102551,350.88829705243506
4,23,316.947375788158,350.9185137444097
4,24,316.9263115784831,350.9524643014504
4,25,316.92375511671327,350.9821561449057
4,26,316.9415486308832,351.0088015643428
4,27,316.97068640593943,351.03339191168425
4,28,317.0057454513961,351.0525186001149
4,29,317.04171715559863,351.06433384410263
4,30,317.06654176506026,351.0693761783786
4,31,317.07671425301544,351.060331484069
4,32,317.0793102919512,351.03487557752726
4,33,317.0775141877538,350.99628148712594
4,34,317.0751024821723,350.9515644473763
4,35,317.0765684190317,350.90835732125345
4,36,317.0848249321973,350.8732841334899
4,37,317.09915542893805,350.85153122128327
4,38,317.12221303110664,350.8453686332619
4,39,317.1499865904225,350.8488521504178
4,40,317.1765193448508,350.8527466606188
4,41,317.20166797354125,350.84827098284165
4,42,317.22371195792135,350.8303319662355
4,43,317.2393587527616,350.7994724849033
4,44,317.2501162819208,350.7579462407022
4,45,317.25732935770577,350.7164426453162
4,46,317.25644698527196,350.6918320570462
4,47,317.25619882471835,350.6891416163006
4,48,317.2574077206516,350.70598584628254
4,49,317.2599106728427,350.7434957056158
4,50,317.2681098906494,350.79416313402146
4,51,317.28818426855133,350.8408423433697
4,52,317.303927934566,350.8749995390772
4,53,317.30983526310916,350.89375920530654
4,54,317.3040659597123,350.8941553274234
4,55,317.2873686113497,350.8780409000176
4,56,317.25973958595745,350.85941569565347
4,57,317.23065776693204,350.84964403400994
4,58,317.2085199911429,350.8524819428204
4,59,317.1999306177702,350.8672716520857
4,60,317.20080742478353,350.89084916456716
4,61,317.20170707034595,350.9089208137941
4,62,317.2002784602802,350.9102901770604
4,63,317.1939366193022,350.8942064955623
4,64,317.1773344891125,350.8681778552467
4,65,317.15135093072314,350.837499531689
4,66,317.12565319056887,350.80959078040064
4,67,317.1025699522391,350.79103313180786
4,68,317.0820848326141,350.7810045289122
4,69,317.0649449421664,350.7728684045345
4,70,317.05588364309216,350.7654098551871
4,71,317.05661638133466,350.75932852264395
4,72,317.06835762567147,350.7548178375086
4,73,317.09302665518624,350.7553141233414
4,74,317.1313823933357,350.7645976610135
4,75,317.1759502214239,350.78163915152015
4,76,317.2177519995251,350.803978228207
4,77,317.25182260902227,350.8278100966023
4,78,317.2722941408684,350.84878046561107
4,79,317.2804264663044,350.86451764432275
4,80,317.2835031385797,350.8751251046666
4,81,317.2868909325025,350.8842784475348
4,82,317.2921866409304,350.89695532819525
4,83,317.30320128807955,350.9163747549501
4,84,317.3218665554407,350.9417531219178
4,85,317.3424216089358,350.9724198558711
4,86,317.3643004692895,351.00446494891526
4,87,317.3869475647473,351.03090407566276
4,88,317.40849555813736,351.04762965198825
4,89,317.4186710854877,351.05325275273947
4,90,317.41409366229567,351.0484353111049
4,91,317.3889054027854,351.03451790609114
4,92,317.339482448702,351.0189610581251
4,93,317.2692179706945,351.0084113680803
4,94,317.1852187522891,351.00710753399164
4,95,317.09512004003534,351.01333305281486
4,96,317.0111332333742,351.02585873719806
4,97,316.9498677556956,351.0387980914925
4,98,316.9099453166644,351.04431331314504
4,99,316.89304893914846,351.03890851591484
4,100,316.9006306006861,351.02656946864226
4,101,316.92440878421445,351.01054038154484
4,102,316.94748344332913,350.99665263606846
4,103,316.970775795938,350.9922620217505
4,104,316.9913170615576,351.00204951286537
4,105,317.0016440507214,351.0225671082729
4,106,317.006648961105,351.048509280348
4,107,317.0167142850995,351.06870175615626
4,108,317.0287790342004,351.07374880629806
4,109,317.04540533593627,351.0562155848631
4,110,317.0723804291557,351.01772760939537
4,111,317.10405945267365,350.9674451933954
4,112,317.1330722852021,350.919731571484
4,113,317.15745320084324,350.8832019203646
4,114,317.1730732510248,350.86632189462495
4,115,317.1755116898101,350.8686014664731
4,116,317.1646617715109,350.8811975573526
4,117,317.14652747972406,350.896099083014
4,118,317.12765835362177,350.91105817215697
4,119,317.1112958213475,350.92213214720095
4,120,317.09964512752657,350.9303006762675
4,121,317.0999901166303,350.93989811802277
4,122,317.1074450281919,350.95130298470775
4,123,317.1166815417178,350.9596698635766
4,124,317.1276201622472,350.9629658133597
4,125,317.1421850963307,350.96193109321814
4,126,317.152997155458,350.9566701196408
4,127,317.1591339229378,350.9508122401877
4,128,317.1645188525556,350.9539118785907
4,129,317.1666594631359,350.9679545796655
4,130,317.1594755903941,350.9875311499289
4,131,317.1436978339073,351.00992418451114
4,132,317.1227960018385,351.0305912199163
4,133,317.09889034264,351.0396118421037
4,134,317.07810809457493,351.0322154364512
4,135,317.06984077684285,351.00994639298165
4,136,317.0802960408589,350.9777131695803
4,137,317.1094047209993,350.94146917822803
4,138,317.1459033718744,350.9097601808478
4,139,317.17782434765974,350.89663406474597
4,140,317.19209460469887,350.91417616513803
4,141,317.18265195565965,350.95727494639925
4,142,317.15117903509395,351.0185987634852
4,143,317.1106122726017,351.0920078829673
4,144,317.0715883418895,351.16426072747544
4,145,317.0430833666061,351.21897541717306
4,146,317.0251579313199,351.256097298782
4,147,317.01081280877963,351.2773610549659
4,148,316.9920964927071,351.2846319203881
4,149,316.96748159575566,351.28102594256853
4,150,316.9390697811338,351.2734625874905
4,151,316.91119341029673,351.26215489579056
4,152,316.89975648325003,351.24511194521153
4,153,316.9146916188072,351.2196142365513
4,154,316.95318315524116,351.18322451771814
4,155,317.0077691323391,351.1342059066666
4,156,317.0717095603141,351.0761168758507
4,157,317.1247554133266,351.0173873138664
4,158,317.1565641244713,350.96444624334646
4,159,317.17193826781363,350.92434698600795
4,160,317.1775007905733,350.9015138897864
4,161,317.17581981446045,350.89344083766
4,162,317.17186541601313,350.8960299752353
4,163,317.16434065046474,350.90615094776086
4,164,317.14613167732557,350.9188639028725
4,165,317.1161815941092,350.9279138754116
4,166,317.0810905854763,350.93106471774377
4,167,317.0480353139666,350.9279851012529
4,168,317.02604243963145,350.9178825650533
4,169,317.02256072879436,350.9013514608804
4,170,317.03311183352605,350.88160620274476
4,171,317.04782046947565,350.8630434259364
4,172,317.0596945299311,350.8435815831691
4,173,317.0570011101912,350.82272908033514
4,174,317.0342303734752,350.8018013850691
4,175,316.99833409624483,350.785076453526
4,176,316.9577223137569,350.7756337966125
4,177,316.9246750526146,350.77821091332925
4,178,316.9130653405132,350.7929894520429
4,179,316.92698361669756,350.8176874581626
4,180,316.96591875736567,350.84209656597784
4,181,317.02745893827034,350.8547006136886
4,182,317.09672854782866,350.84802196193584
4,183,317.16315546550317,350.82444598616996
4,184,317.22036567083785,350.78839538762963
4,185,317.26139976301897,350.7509910779715
4,186,317.2821830520079,350.7227144416043
4,187,317.28479664060984,350.7109843387584
4,188,317.2645368551838,350.71986410905015
4,189,317.22547982650485,350.74737041063395
4,190,317.16971356218124,350.7853512939484
4,191,317.099032187314,350.82636537244434
4,192,317.01815362111006,350.8634565624371
4,193,316.94128017728934,350.8841431535928
4,194,316.8663077934558,350.8837002860149
4,195,316.79525834388994,350.8676899021021
4,196,316.73193410744,350.8451723012958
4,197,316.67891154137595,350.8257837520926
4,198,316.6371348592612,350.81714009072226
4,199,316.6187375505697,350.8202798878196
4,200,316.6342007315338,350.83197032692703
4,201,316.68565823906727,350.84415805254514
4,202,316.77047443547536,350.8525258047416
4,203,316.8790782149376,350.8593117383528
4,204,316.9961288045297,350.8714598157573
4,205,317.1029461001488,350.88916059902226
4,206,317.18991850273886,350.9168349890738
4,207,317.2534929260794,350.9499782813774
4,208,317.29259718701087,350.9812059855482
4,209,317.3079017614531,351.0034836171305
4,210,317.30168599375764,351.0144257916692
4,211,317.2727563360787,351.0093885093088
4,212,317.21868473958125,350.9932899034726
4,213,317.1454030829955,350.9731129337113
4,214,317.06073023047463,350.9552248608524
4,215,316.9741490251524,350.94526694975553
4,216,316.89854936123885,350.9472997782771
4,217,316.84517090497786,350.9555306155461
4,218,316.81244514173943,350.9651045387452
4,219,316.7987167578744,350.96929372934505
4,220,316.80144370288076,350.9635118224638
4,221,316.81530617249587,350.94766656473973
4,222,316.83733922274075,350.92955929135223
4,223,316.8668233404778,350.9157106713458
4,224,316.90156002556375,350.91230882321315
4,225,316.944820305553,350.92065460946986
4,226,316.99416506624937,350.9403568748046
4,227,317.0460534464547,350.96632204369087
4,228,317.0989910494127,350.98558108051543
4,229,317.1476516461165,350.98961845706026
4,230,317.17895264651236,350.97878582371084
4,231,317.1939275304704,350.9494412975881
4,232,317.1930337027113,350.90172584804867
4,233,317.17849092429555,350.8494618714639
4,234,317.1609879030236,350.8011828680936
4,235,317.1468534451104,350.7616174118765
4,236,317.1276357690215,350.74622470166395
4,237,317.1039217777076,350.7624637921863
4,238,317.07932438880704,350.8056590697273
4,239,317.05160779169705,350.86874331477145
4,240,317.0293542511767,350.9426421692516
4,241,317.02711913542504,351.0048302109705
4,242,317.0411863456559,351.0453505036035
4,243,317.0629726985942,351.0620523633608
4,244,317.0852024094472,351.0576234004174
4,245,317.0941292768126,351.0367820155865
4,246,317.0807898204251,351.0099508741475
4,247,317.0502487205855,350.98070429330005
4,248,317.0151001221555,350.95439674141437
4,249,316.9898849736567,350.9384361210794
4,250,316.9923423719416,350.93330699581907
4,251,317.03157121545837,350.93785397184314
4,252,317.1083965200852,350.9518226061179
4,253,317.2077180715986,350.97069683828255
4,254,317.3106394020329,350.98693296551875
4,255,317.3937027506283,351.0004670363945
4,256,317.44477504987844,351.0118671887875
4,257,317.4624264237411,351.01973213257435
4,258,317.4509665005035,351.0210417176797
4,259,317.4051741090297,351.0089385373264
4,260,317.3084306522084,350.9613439182077
4,261,317.12951297630354,350.78421054447887
4,262,316.8696363754759,350.4334848337278
4,263,316.54826025256,349.92337624276666
4,264,316.2017188368977,349.3037567741755
4,265,315.9203750391308,348.66649637200646
4,266,315.77548012024744,348.25580612817066
4,267,315.7255215651135,348.19867914925953
4,268,315.72128270911924,348.48924502880305
4,269,315.7481147944591,349.0586508366433
4,270,315.74480276274704,349.7854086468594
4,271,315.6695961016951,350.44869246944717
4,272,315.57709497203155,350.9168780690903
4,273,315.5054918038754,351.14275756137505
4,274,315.4466774890054,351.1464766014314
4,275,315.35013805082167,350.9844379647311
4,276,315.2294967338064,350.7645187866466
4,277,315.0885113428447,350.57452644985597
4,278,314.9299383225487,350.50891933329865
4,279,314.74339659196727,350.5887026520445
4,280,314.61787952776024,350.80872792754224
4,281,314.5764390809483,351.1155999552113
4,282,314.60363329780387,351.4436298918371
4,283,314.70139698085063,351.711733462812
4,284,314.87719494741015,351.8763200550579
4,285,315.08695245716143,351.9220766512779
4,286,315.3004839039234,351.8668407868079
4,287,315.5049899454308,351.7583063529061
4,288,315.67939303217025,351.6399970727241
4,289,315.82195699565415,351.5604463984855
4,290,315.9351602972391,351.5483268563257
4,291,315.9949669807863,351.589554609748
4,292,316.01872839455814,351.64536033044516
4,293,316.0335725656999,351.6896828181969
4,294,316.0577976557722,351.7020899938625
4,295,316.09980034609487,351.67208943160836
4,296,316.1887992469403,351.6265344818127
4,297,316.3100451005251,351.59463208043417
4,298,316.43656507036917,351.60243614057345
4,299,316.54227599908637,351.6503865867254
4,300,316.6197125655969,351.7325260049979
4,301,316.6648361877427,351.8270761916394
4,302,316.67675831448076,351.9131051678595
4,303,316.64755248181837,351.9589893129289
4,304,316.59635934606786,351.96314110171505
4,305,316.5286860271455,351.922723033893
4,306,316.4462769518431,351.83884416503565
4,307,316.370359461861,351.7307856930011
4,308,316.3501826677473,351.6372397600237
4,309,316.3891676955013,351.57041641721753
4,310,316.4763269081859,351.53492911776135
4,311,316.59901474818844,351.53948293747277
4,312,316.72460456940524,351.5817644051557
4,313,316.8025569343953,351.6315799296877
4,314,316.81373140471527,351.6728985030693
4,315,316.7690114518189,351.7055886290358
4,316,316.68514689157655,351.72517702161167
4,317,316.5936690886284,351.71575249167046
4,318,316.5242575747176,351.68324449469935
4,319,316.4882060150487,351.6384340597196
4,320,316.4786892834958,351.5895087879904
4,321,316.48800586788076,351.54348460724844
4,322,316.50543173472033,351.5201798845637
4,323,316.5092751122959,351.52146260164227
4,324,316.4896715670385,351.5316251759183
4,325,316.4440700155698,351.5401184826042
4,326,316.3717619720285,351.5429404111831
4,327,316.27692789049445,351.5296149136601
4,328,316.18588487727027,351.501925142093
4,329,316.1239340958516,351.4739436199895
4,330,316.1074832982153,351.44826985615725
4,331,316.14685137686934,351.4298173912522
4,332,316.2322419610715,351.42295764155676
4,333,316.3341240203584,351.43215730236506
4,334,316.4225111411754,351.46442228510165
4,335,316.4862398740684,351.533953502653
4,336,316.5143921728098,351.6328206838227
4,337,316.5096772957484,351.7488662954969
4,338,316.4904693353497,351.86738609794764
4,339,316.47375526870104,351.9714879502873
4,340,316.45605788931687,352.03650562205934
4,341,316.4338821680987,352.06103850180847
4,342,316.41061503034484,352.05943363441116
4,343,316.3929695105704,352.0491148358118
4,344,316.385559030473,352.0402767428729
4,345,316.4023033871773,352.0423120424273
4,346,316.4418324601946,352.05697040630287
4,347,316.4858765812377,352.07643910345837
4,348,316.5157064347217,352.0926282452498
4,349,316.51437137337604,352.09951198388194
4,350,316.47250066108893,352.0994471822197
4,351,316.41460775068293,352.09737126448226
4,352,316.36801943124016,352.0982009839445
4,353,316.3392154997737,352.09833080557155
4,354,316.33609278848064,352.1018143558904
4,355,316.3558389388415,352.1056090114855
4,356,316.3782862427471,352.1025192793702
4,357,316.3896013540373,352.0863817079168
4,358,316.3906748220354,352.06596863512476
4,359,316.3768330435862,352.04003719895627
4,360,316.343581019153,352.01199899607576
4,361,316.2865741267825,351.9791175593095
4,362,316.2158755875565,351.9326534432797
4,363,316.14259880537975,351.8651857822907
4,364,316.07521396751,351.77706635513175
4,365,316.0257788100058,351.67441447445503
4,366,316.01150725668373,351.57798934767936
4,367,316.02001734815406,351.5090034380822
4,368,316.03887917834106,351.47425219067526
4,369,316.0786140059515,351.4805912934325
4,370,316.1389115913229,351.5230590392249
4,371,316.2049186159857,351.5865094739193
4,372,316.2761232567178,351.65897325714445
4,373,316.3623954390729,351.72753656594216
4,374,316.4486947577717,351.7760597044823
4,375,316.5265360454724,351.7876180389024
4,376,316.58258796860025,351.74609360915593
4,377,316.61076867126775,351.6481264345224
4,378,316.60420928043425,351.50123490585145
4,379,316.54971058285156,351.31717254359273
4,380,316.4322324197329,351.1108316995893
4,381,316.2794036635993,350.8999558391339
4,382,316.1201562563523,350.6837771551983
4,383,315.95174667405007,350.45618163800293
4,384,315.8208070926245,350.2250226894432
4,385,315.7830735003316,350.0135212358626
4,386,315.8495926219977,349.8465695832874
4,387,315.9969993664418,349.74854962784127
4,388,316.2252377904237,349.7384556544966
4,389,316.48184313301647,349.8014016969271
4,390,316.7180251843217,349.9110342150334
4,391,316.90527437352864,350.04830898749765
4,392,317.03002372543096,350.2120985879769
4,393,317.0834673046466,350.4004417636883
4,394,317.0904334299684,350.6096088684821
4,395,317.0603142223424,350.82213509882996
4,396,316.99237291391785,351.002912990551
4,397,316.911205582261,351.0986377261294
4,398,316.83207460609293,351.0798211598847
4,399,316.7359099260594,350.95686385163015
4,400,316.6087435212698,350.76036559644604
4,401,316.4683319671829,350.5481300666692
4,402,316.326560703013,350.3888366274287
4,403,316.1917495248721,350.3201563934126
4,404,316.0792467848712,350.3371933556625
4,405,316.0263890990278,350.42503492315495
4,406,316.02854238693845,350.5316307112531
4,407,316.0620765451256,350.6054609586435
4,408,316.10105240400816,350.6206102747377
4,409,316.145686280849,350.5758308293808
4,410,316.16878488507297,350.4654720175311
4,411,316.1573722152248,350.31349623981487
4,412,316.1114696847777,350.1423312640617
4,413,316.05936455302236,349.96356308889375
4,414,316.0233926727141,349.8055925811926
4,415,316.0101749038175,349.70296204509225
4,416,316.0232745501104,349.66160413524966
4,417,316.07891234749945,349.67930077281585
4,418,316.1566467360432,349.73780720503544
4,419,316.21528017246004,349.7838322006062
4,420,316.25656471021057,349.76156321500844
4,421,316.30926707746005,349.6563384259992
4,422,316.37065712468757,349.47593826351545
4,423,316.43561429971874,349.2568552143025
4,424,316.51433817051736,349.0445502088986
4,425,316.6030048060626,348.90572716532625
4,426,316.66186301758717,348.8755760056922
4,427,316.66912312131376,348.95257508554306
4,428,316.63973836470745,349.10650265915496
4,429,316.59325419373044,349.3151679366432
4,430,316.5291097361997,349.52663811131083
4,431,316.4763476727798,349.67875688463687
4,432,316.46128924291713,349.7244659306756
4,433,316.4792672423342,349.6631205639715
4,434,316.50632555115686,349.5067103609166
4,435,316.55407249082043,349.29412172385923
4,436,316.60084345783804,349.0812591270242
4,437,316.6102081834416,348.93610181567993
4,438,316.5788145119856,348.8810808946598
4,439,316.52875044606645,348.9074758482693
4,440,316.4507365115389,348.98448641713355
4,441,316.3578159325218,349.08259029818817
4,442,316.29046699087803,349.17407315470314
4,443,316.23648397359483,349.23387421823304
4,444,316.1717533512292,349.25480158422727
4,445,316.0905886963578,349.2331284954331
4,446,315.9687257108054,349.1747617151444
4,447,315.78087810887473,349.08843030902
4,448,315.5797546859038,349.0065249625909
4,449,315.3982046933902,348.9508736415744
4,450,315.2632862076165,348.9463013032014
4,451,315.21064537047755,348.99337733973914
4,452,315.26337926523314,349.07832396388
4,453,315.3732183413204,349.1584026123268
4,454,315.5162411180437,349.20370829246747
4,455,315.6509137849289,349.18839766611677
4,456,315.76538263853865,349.11267362084914
4,457,315.8417301556859,348.9700586081492
4,458,315.87592688612693,348.7828882191755
4,459,315.8606988421037,348.57910236700286
4,460,315.8193703878118,348.38618323163394
4,461,315.7521898219963,348.21399439173666
4,462,315.6712710829829,348.086669786254
4,463,315.59268570834456,348.00681740642165
4,464,315.52546433156533,347.96380500614544
4,465,315.488265940121,347.93498473741147
4,466,315.48684588785875,347.9120091961798
4,467,315.51379030852223,347.8953930516161
4,468,315.5917236430396,347.90438837188896
4,469,315.72433010143027,347.94858303027155
4,470,315.86011703358935,348.0467955015902
4,471,315.97307938716483,348.19662133079197
4,472,316.0656235867981,348.3693154709294
4,473,316.09636758354293,348.5226108235812
4,474,316.0813117916143,348.63784094703556
4,475,316.0676793021174,348.69812722725356
4,476,316.069786418155,348.70380658662367
4,477,316.06753877139784,348.6644944029162
4,478,316.0826125587767,348.60322402950544
4,479,316.087066841,348.5439721185496
4,480,316.0646720108917,348.5261402475602
4,481,316.03836052031295,348.58285976331905
4,482,316.0497629136522,348.7297886922859
4,483,316.10669160478443,348.94547737340275
4,484,316.22638992016334,349.1836961558905
4,485,316.38524333369827,349.3640095018237
4,486,316.5483472641735,349.41841167910695
4,487,316.6537158043303,349.31376232739
4,488,316.65264761952693,349.06787268999796
4,489,316.54644249713624,348.75020973539824
4,490,316.39922655441137,348.462050692247
4,491,316.22943601825403,348.27999518132174
4,492,316.10061202813193,348.2548516485627
4,493,316.06420451214416,348.39847728611716
4,494,316.0934750222789,348.6379692524803
4,495,316.1185449395278,348.8752981997445
4,496,316.13137745626875,349.03108670590836
4,497,316.1141032840698,349.07012701429926
4,498,316.08445988875565,348.9951848726067
4,499,316.07940157665087,348.8645187529622
4,500,316.1243257679925,348.7297871148888
4,501,316.21888427464177,348.6392286795735
4,502,316.3421512382044,348.60179391720635
4,503,316.43971207902024,348.59969762824545
4,504,316.47461958538474,348.60178616027076
4,505,316.44905614756965,348.59908350917937
4,506,316.3767581526639,348.5866388218822
4,507,316.29447258278526,348.58255809637126
4,508,316.2367729324794,348.6126084818984
4,509,316.24276665472354,348.7146153203702
4,510,316.31796615104815,348.9253751637225
4,511,316.445000752362,349.26243747130616
4,512,316.5530161563572,349.68996201250275
4,513,316.60052143935695,350.1670082795986
4,514,316.5531405285246,350.63413310294317
4,515,316.3970505790653,351.01394772509883
4,516,316.1478725668428,351.2497191444383
4,517,315.897567166478,351.3597689185004
4,518,315.718059334908,351.36645616055085
4,519,315.6426790555541,351.3054537453108
4,520,315.6825720063381,351.23409322664565
4,521,315.8267428204372,351.2096783987828
4,522,316.0065675152312,351.22426498920476
4,523,316.1506424479538,351.25740530733964
4,524,316.2154470076106,351.2977559244762
4,525,316.1979721575084,351.3186614451446
4,526,316.0909725867839,351.2821053778562
4,527,315.92048389657697,351.18916360452675
4,528,315.7322985638326,351.06551692690016
4,529,315.5608598494039,350.92431072499056
4,530,315.4181160893169,350.7910676863635
4,531,315.3338881646392,350.70373723609583
4,532,315.31006074606745,350.68566778424884
4,533,315.319040596681,350.73000068723496
4,534,315.36505656091447,350.8207538693215
4,535,315.44465162015956,350.9404310934387
4,536,315.53879560776505,351.0515472604444
4,537,315.6366019622398,351.12034442736
4,538,315.7432166303268,351.1251198809017
4,539,315.83686544810143,351.0701455895749
4,540,315.8967157269467,350.96248036084813
4,541,315.9207714889078,350.8293800436006
4,542,315.92607641326,350.70071853143753
4,543,315.9288729997935,350.62157599212566
4,544,315.9409179514479,350.60506209414166
4,545,315.9746713247635,350.642880954955
4,546,316.02768082201806,350.71680336127173
4,547,316.0817361692927,350.802845388661
4,548,316.11168151883726,350.8739299638217
4,549,316.1028085389958,350.91509191450876
4,550,316.0488173083316,350.92840738181883
4,551,315.94357050097824,350.9142948019653
4,552,315.78712990609273,350.88216334931974
4,553,315.62466425733714,350.82949416720885
4,554,315.50131965489965,350.76204370485107
4,555,315.449429330779,350.69169632577825
4,556,315.4898417460837,350.6374398966122
4,557,315.6439068214802,350.60954887479943
4,558,315.8756085866716,350.6211288454601
4,559,316.1147992153272,350.6827573037485
4,560,316.30298506533313,350.7900763828027
4,561,316.42693726311785,350.9337822569167
4,562,316.4782362667673,351.0982571734811
4,563,316.451581891889,351.25978749335445
4,564,316.39435100504517,351.3941795128176
4,565,316.3510828555875,351.4862605144221
4,566,316.31018833540713,351.52767502016115
4,567,316.2524659685202,351.51934838726737
4,568,316.18794636881773,351.47641469478845
4,569,316.1050177546836,351.4070481225093
4,570,316.0080735693011,351.3234751477453
4,571,315.9361321306874,351.2344969016847
4,572,315.91024832073555,351.14169672806264
4,573,315.93378840397526,351.054092265714
4,574,315.99869857967155,350.9945078492102
4,575,316.07768683271615,350.9636116915472
4,576,316.13417216457054,350.95723472058626
4,577,316.1607350878819,350.99324411203366
4,578,316.1540111328352,351.06212829521513
4,579,316.1288680598597,351.1247498615784
4,580,316.1009743453092,351.16982548063254
4,581,316.077903108765,351.1890425647959
4,582,316.04821924373607,351.15819649966147
4,583,316.0025537248637,351.0736847485731
4,584,315.9163829870469,350.96119085979683
4,585,315.7872358145398,350.8314567206178
4,586,315.63141259674904,350.6963460520957
4,587,315.48820907529586,350.5730741586805
4,588,315.38398399522174,350.46758065466236
4,589,315.3598286257762,350.390640914666
4,590,315.40814045541265,350.3500701276829
4,591,315.50483270563495,350.3462830852726
4,592,315.598545884968,350.3637082800649
4,593,315.6703860811972,350.4026816975158
4,594,315.70802300160943,350.4539465926481
4,595,315.71982371463264,350.50489117176636
4,596,315.711186552892,350.54395065576654
4,597,315.7189191531326,350.5796820499611
4,598,315.74530299877074,350.6028035342648
4,599,315.780902442884,350.6131006691771
4,600,315.8270239147721,350.62009113385733
4,601,315.8996051680812,350.6345695398787
4,602,315.986415784384,350.64912064882026
4,603,316.073052707885,350.65864971367216
4,604,316.1227370159526,350.6302812377329
4,605,316.12742899832716,350.56566435040014
4,606,316.07207208222314,350.4727157329203
4,607,315.94798152002306,350.3802522351185
4,608,315.7752541453938,350.32004825081697
4,609,315.6239150127795,350.33958868268087
4,610,315.5241282782216,350.4143684957185
4,611,315.49553680708095,350.5203818383825
4,612,315.55658439073613,350.6094324929742
4,613,315.7105796509015,350.6799142973788
4,614,315.900239762515,350.716337931901
4,615,316.06666415514104,350.73810608437213
4,616,316.17993021029054,350.75946846814793
4,617,316.201609682907,350.8189211452612
4,618,316.10946570313484,350.8680862168952
4,619,315.9383185808456,350.8919316641296
4,620,315.74786411125535,350.90153478426544
4,621,315.57848728625754,350.9177453024063
4,622,315.48463099407843,350.9345651847579
4,623,315.48562934190676,350.9883937841418
4,624,315.5613100995597,351.08951835473033
4,625,315.68234203404575,351.2131762223328
4,626,315.80885043179387,351.3090316509566
4,627,315.9019244388214,351.3528396530775
4,628,315.95342643919133,351.34872257097265
4,629,315.97836497056574,351.29970757527315
4,630,315.94970524467,351.2124932678572
4,631,315.8638406813708,351.12153830117035
4,632,315.73034365503224,351.0534154738421
4,633,315.5670270355624,350.9916954890451
4,634,315.3794266758401,350.9268158935935
4,635,315.2053287450623,350.8661320762425
4,636,315.0856302971745,350.81499545199216
4,637,315.0265780368714,350.7749346147118
4,638,315.01396524357995,350.7564560699284
4,639,315.04020506252186,350.76592082069385
4,640,315.1165331967023,350.78823802098464
4,641,315.2238171312978,350.8033048555999
4,642,315.3645478897571,350.785813997248
4,643,315.4974549302441,350.7163048518865
4,644,315.58539951552956,350.6038812451058
4,645,315.6016319778397,350.4891769999979
4,646,315.53736665624695,350.3902083092096
4,647,315.3829701442036,350.32754596482414
4,648,315.2086942466262,350.3291747885842
4,649,315.06896902141654,350.37799841503465
4,650,314.98571317245427,350.42182523228996
4,651,314.9848973643618,350.44628093567155
4,652,315.0782382732971,350.45045858227826
4,653,315.235488980355,350.4263455221876
4,654,315.41979036785074,350.3857445464197
4,655,315.59311219331585,350.3616047113735
4,656,315.70369925950337,350.36556980420244
4,657,315.7311363230785,350.39511361070305
4,658,315.6692582736546,350.43903975797116
4,659,315.5431745415229,350.49553935573397
4,660,315.38618432635974,350.5512996883305
4,661,315.25972060686297,350.5998522025242
4,662,315.1898993486848,350.6287199845043
4,663,315.20081888810364,350.6343052043717
4,664,315.28894238962516,350.61243657335524
4,665,315.463625821886,350.57666354504886
4,666,315.6937140144106,350.54094107354643
4,667,315.94975801169136,350.5321227406097
4,668,316.17956028337096,350.5679531698197
4,669,316.35805213187024,350.65000539650543
4,670,316.42806114657185,350.75005653511755
4,671,316.38102774859317,350.84652693359135
4,672,316.22853212748254,350.9070462295266
4,673,316.0431691478742,350.9307629422499
4,674,315.86617367101894,350.93495015942545
4,675,315.7628668808508,350.9564018011394
4,676,315.7444320341847,351.0041261229169
4,677,315.8379196116831,351.1096307262569
4,678,315.9831868344629,351.2549848177299
4,679,316.1236356660156,351.3995096434237
4,680,316.2110253529628,351.5132175452244
4,681,316.24370457515846,351.5907067336339
4,682,316.1894717949207,351.6057762920864
4,683,316.09687130632136,351.58116372265806
4,684,316.0249195957166,351.55791497846906
4,685,315.9945724864954,351.5593299382812
4,686,315.9982811725831,351.591105051924
4,687,316.0458921795345,351.66508517156046
4,688,316.09490473801407,351.75434095378887
4,689,316.1199497825841,351.8324158503297
4,690,316.13196372470065,351.87803504185695
4,691,316.14251675545296,351.8864232271299
4,692,316.1462529116982,351.8581561842639
4,693,316.1625108035697,351.8201740515308
4,694,316.1976402981279,351.7907086845848
4,695,316.24113551264804,351.77907149173836
4,696,316.2824323320333,351.7728467326172
4,697,316.331084631251,351.7619925581429
4,698,316.3782490285765,351.73267116078864
4,699,316.4108195287986,351.6604627930758
4,700,316.4427226898972,351.546623113703
4,701,316.4942993945765,351.4250752039268
4,702,316.5569191333109,351.31423043031737
4,703,316.62486823254824,351.21822754901734
4,704,316.6783240468742,351.16622044983717
4,705,316.6772438883294,351.1524779591156
4,706,316.5971857219207,351.1557816147313
4,707,316.4563353063749,351.1602159547034
4,708,316.2961222747002,351.1491311371897
4,709,316.18269068924195,351.0992875866151
4,710,316.17349000260003,351.0245383382288
4,711,316.2943707033301,350.9169276539529
4,712,316.5079963855607,350.7802331477068
4,713,316.7426505717109,350.6341986427866
4,714,316.92889093448514,350.4941641079663
4,715,317.00301036857195,350.3590072163631
4,716,316.9425062460962,350.2734931105865
4,717,316.7830536918977,350.268019321412
4,718,316.58790505376936,350.36144770953354
4,719,316.37748463903654,350.5456933778982
4,720,316.2051475733812,350.79153265380813
4,721,316.08773927401677,351.01879763100146
4,722,316.02214191876675,351.1660290437716
4,723,315.97900222502005,351.1938442200887
4,724,315.9842135916706,351.1081991454587
4,725,316.0074446827224,350.9544292945666
4,726,316.04247730322413,350.8357458923448
4,727,316.05900828955623,350.80379181599653
4,728,316.0650529532821,350.8786127900434
4,729,316.04966413737577,351.0615960747767
4,730,316.0194829450705,351.32118317976096
4,731,315.96301412073575,351.56675525376534
4,732,315.90799802711814,351.763137818284
4,733,315.8514522845879,351.8789575020228
4,734,315.7857909764551,351.88664296137443
4,735,315.70667685646436,351.7677461820142
4,736,315.6263716201521,351.54911065830186
4,737,315.53624668762086,351.2521282043936
4,738,315.4540561818139,350.937427814965
4,739,315.4113674054812,350.67139144468194
4,740,315.44056422859853,350.5105047573363
4,741,315.54081059093073,350.4631029184927
4,742,315.694201314551,350.502478357185
4,743,315.84828675861877,350.5502419263389
4,744,315.9593739497791,350.5353016840867
4,745,316.0022090233305,350.421599889767
4,746,315.96582231631686,350.2120957218701
4,747,315.8815787440222,349.94193468134586
4,748,315.8082116344549,349.6735720990078
4,749,315.76261587048714,349.45165249687795
4,750,315.7356245566695,349.2919683038199
4,751,315.73762181127756,349.2182399392421
4,752,315.75798323548906,349.2511527702197
4,753,315.78613004059935,349.40981974836563
4,754,315.8026089736371,349.6649877976768
4,755,315.7989335833714,349.9827828515424
4,756,315.76955139496636,350.30809768761304
4,757,315.75475686844936,350.60346227981717
4,758,315.7702869545902,350.82169696910114
4,759,315.84126515098797,350.9752068375426
4,760,315.98477104075056,351.09791538914465
4,761,316.1864060710436,351.21881029967255
4,762,316.3620685387515,351.3278048419905
4,763,316.45282978827254,351.4196111190862
4,764,316.4548843083624,351.50097490829995
4,765,316.3563561457039,351.5571389599262
4,766,316.1705639797985,351.58255828293886
4,767,315.95474419962886,351.58264674670005
4,768,315.756967955342,351.56745933694793
4,769,315.56342804535205,351.51831282283354
4,770,315.3998925168826,351.4325990756118
4,771,315.2790962397455,351.3072168328046
4,772,315.1869715855884,351.15310395813174
4,773,315.10306451093214,350.98711597695393
4,774,315.0579068443753,350.8400015330793
4,775,315.05611051953895,350.74346462882977
4,776,315.07975058873836,350.7179796506829
4,777,315.1172175034459,350.76497542015494
4,778,315.17189454850404,350.8709568258911
4,779,315.21548225707465,351.0039185259576
4,780,315.237341680689,351.12223434069483
4,781,315.2878442272358,351.214328553808
4,782,315.3926683790676,351.28118114668246
4,783,315.5543667168011,351.3271647099466
4,784,315.77280299538046,351.3659238133001
4,785,316.01838941395465,351.41243986782865
4,786,316.2218316054999,351.4545723307024
4,787,316.35400058576136,351.4807328868754
4,788,316.399739122483,351.4858378757716
4,789,316.36063715333586,351.4728929932798
4,790,316.26917877549903,351.4550777007893
4,791,316.16023247792657,351.45097785296866
4,792,316.06363075203893,351.4674965548098
4,793,316.0087647305963,351.502891229889
4,794,316.00199803770215,351.53818384446134
4,795,316.02072348858746,351.5491381553197
4,796,316.04655769806175,351.51300425712134
4,797,316.0426441304898,351.40451032949153
4,798,315.9886160137493,351.2070033581265
4,799,315.90094601886796,350.9470046424194
4,800,315.80817447965666,350.6599070437893
4,801,315.74290454898494,350.3854250128225
4,802,315.74379715615106,350.19371750357294
4,803,315.8203608355499,350.1572336678094
4,804,315.9434945756786,350.29570029203956
4,805,316.09570243083095,350.5868960296657
4,806,316.2528873698595,350.98912870266577
4,807,316.39222267737375,351.41999736090503
4,808,316.49771341072426,351.78313633363143
4,809,316.56615163170153,351.9932106804454
4,810,316.5899965764931,352.0158176148847
4,811,316.5728488456245,351.865222152699
4,812,316.5026803957292,351.5964898280751
4,813,316.4004211328371,351.2833382104959
4,814,316.299074118794,351.0145519791901
4,815,316.2085845241205,350.8559381261357
4,816,316.1400394286901,350.81976380516363
4,817,316.11904849812004,350.87939928360856
4,818,316.12264370855473,350.99872628351375
4,819,316.12055080120945,351.1348325226252
4,820,316.100434113977,351.2399610168467
4,821,316.03377535638174,351.28276674237213
4,822,315.93528796383396,351.26917273917235
4,823,315.83459314045393,351.2015476777663
4,824,315.7646369592664,351.0960711182282
4,825,315.75275838059196,350.97987453841597
4,826,315.81947870487636,350.89597577005486
4,827,315.942673810974,350.86446301130036
4,828,316.10406544180023,350.8949124187241
4,829,316.2641855655761,350.9698564384513
4,830,316.40099973947684,351.07182534397947
4,831,316.51735844783883,351.17852855271747
4,832,316.5954789906647,351.2598278755572
4,833,316.62267291907926,351.3002917601172
4,834,316.6248717660276,351.31624338287355
4,835,316.608966276046,351.3241419248314
4,836,316.55896943329867,351.32441540265586
4,837,316.5046405179694,351.33881922021664
4,838,316.4703274958295,351.38645495624155
4,839,316.43766029374956,351.44811736303416
4,840,316.39491976887103,351.4908195195319
4,841,316.35038051753895,351.4800105766929
4,842,316.282453103483,351.36471992266
4,843,316.19987996667606,351.10933161355956
4,844,316.1228857797437,350.69074548955143
4,845,316.0783387278299,350.12732711239005
4,846,316.08476103283516,349.4956666826638
4,847,316.17362425719006,348.9338788646886
4,848,316.31824008267984,348.56400338118635
4,849,316.50525567011863,348.49652545384004
4,850,316.678967867343,348.7500511981345
4,851,316.81258770694944,349.2865354650428
4,852,316.8680129106034,349.95990549738275
4,853,316.84439839566943,350.62205724777056
4,854,316.7448466912183,351.1706329266143
4,855,316.6414299368114,351.5909806877264
4,856,316.55865330613483,351.86558463495635
4,857,316.5014136168753,352.03447077490614
4,858,316.47494281513775,352.137122052188
4,859,316.49363016692445,352.19673439688756
4,860,316.5377330862959,352.21686782095423
4,861,316.5845793341105,352.19737435286225
4,862,316.640381793694,352.14304083937384
4,863,316.6922047392514,352.0601974602668
4,864,316.70303515672504,351.9523511463885
4,865,316.6396861490696,351.8077936982763
4,866,316.5167098421245,351.6479688772066
4,867,316.36722957203614,351.4928415748549
4,868,316.2202694023804,351.35997036188087
4,869,316.10220549811294,351.2530608017202
4,870,316.0415662161879,351.1993259768163
4,871,316.0235325072468,351.1973901932903
4,872,316.0076094244496,351.22490666468786
4,873,315.99302823967133,351.2721435913671
4,874,315.9891331756279,351.34059081690197
4,875,315.98144909133214,351.3959639797131
4,876,315.9788858885591,351.4129686900018
4,877,315.99406784373787,351.3906108368848
4,878,316.0080852056894,351.3227569021813
4,879,316.0122170633591,351.2105837344439
4,880,316.01739136774034,351.0842691615391
4,881,316.0232416638993,350.97989462488226
4,882,316.0151824753164,350.9137284967928
4,883,315.9988786574881,350.8958486238024
4,884,315.9583033434565,350.9076736320253
4,885,315.88581243421123,350.8989329848436
4,886,315.7888355908104,350.80514963554776
4,887,315.70604265158426,350.56052995266936
4,888,315.6418016606339,350.11150904649287
4,889,315.62715216480535,349.4649562786613
4,890,315.67262607274614,348.7074031998118
4,891,315.78085341922525,347.9839490647393
4,892,315.9081991065398,347.4770262523233
4,893,316.0324718503258,347.35129215110925
4,894,316.11492968334704,347.6616056817852
4,895,316.13623715248445,348.3584848188746
4,896,316.0727641308004,349.29795755764184
4,897,315.9461843728236,350.27675269368694
4,898,315.78413088812573,351.08139758301706
4,899,315.6207685910789,351.5878037802847
4,900,315.4613416413104,351.73078223518775
4,901,315.32010128282514,351.54011336757446
4,902,315.21970971067196,351.12559551912886
4,903,315.1724300766026,350.65202006097866
4,904,315.1554795927059,350.27157420441927
4,905,315.1782194507641,350.1125936610882
4,906,315.2305933665275,350.199288952428
4,907,315.2744123050747,350.4815751425545
4,908,315.3132332483834,350.868031511598
4,909,315.3971113611052,351.2412568078603
4,910,315.5427863694609,351.5076179110832
4,911,315.75516132673295,351.6560504176371
4,912,316.04482117392143,351.7212175528544
4,913,316.3560288498536,351.7276043029775
4,914,316.6137289378805,351.7300137147504
4,915,316.76640164486724,351.77376680719755
4,916,316.8143098892184,351.86134907868734
4,917,316.75718715587095,351.9564684139241
4,918,316.6314997781127,352.0403393205222
4,919,316.46028643390883,352.0709682719356
4,920,316.2856773928,352.0191915619612
4,921,316.1276191984225,351.887543017337
4,922,315.98856830416713,351.7044346500734
4,923,315.88327784745127,351.51734065230085
4,924,315.8538129509122,351.3857131391685
4,925,315.89469074074935,351.324284603695
4,926,315.9681517438735,351.2890208670319
4,927,316.057252740903,351.22149274287824
4,928,316.1173161228106,351.0342942668904
4,929,316.1129388902038,350.6531508100314
4,930,316.0510937162039,350.08117718965644
4,931,315.9869610524902,349.4571122147224
4,932,315.961439266719,348.9464341204823
4,933,315.9965198098996,348.68749271362407
4,934,316.0822084252758,348.77958629628466
4,935,316.1942617361843,349.2344241116607
4,936,316.27808177984275,349.9039009992282
4,937,316.2838649640322,350.59930383121775
4,938,316.1977050434839,351.1877762948668
4,939,316.0239378901755,351.5660572026431
4,940,315.7943487132502,351.6888990042784
4,941,315.5542179663251,351.60371972956733
4,942,315.35974734722487,351.39769243746997
4,943,315.2347948881288,351.1421385112352
4,944,315.1778638939085,350.92153719365973
4,945,315.1508460889956,350.7956969437037
4,946,315.11016207745996,350.7753450220106
4,947,315.0088099963323,350.8388594706014
4,948,314.8723940205082,350.9698551339263
4,949,314.75993622403803,351.12796974971434
4,950,314.7294591744833,351.2713960735333
4,951,314.82182943691544,351.3825911718911
4,952,315.06045745358,351.4735202937377
4,953,315.38985164101734,351.53792446974967
4,954,315.7330987621741,351.5621826353296
4,955,316.0068604941875,351.53994359392277
4,956,316.1782012107655,351.4837374184338
4,957,316.23712214268846,351.39135497834906
4,958,316.22170208742756,351.279041306779
4,959,316.1669824494252,351.1679560104808
4,960,316.1312220846284,351.0933548215508
4,961,316.14345494176786,351.0568804079823
4,962,316.22801497622464,351.06387482264194
4,963,316.37128965121116,351.10389054076506
4,964,316.5753922229644,351.17688668599715
4,965,316.81840267860093,351.25948717980486
4,966,317.04766889819894,351.33282675375216
4,967,317.19391209589855,351.3384735526545
4,968,317.2152968031146,351.20887551840826
4,969,317.0958743697411,350.8730857471944
4,970,316.8452689457808,350.2767758333904
4,971,316.5140204397766,349.4360934414435
4,972,316.17968579143246,348.4595632415663
4,973,315.8914807794787,347.50410891752296
4,974,315.6610395762281,346.7561635354956
4,975,315.5155157913957,346.4221345931423
4,976,315.4355532361694,346.5877905213831
4,977,315.40444480672625,347.2302490945384
4,978,315.43926976882506,348.24271277206765
4,979,315.5137925413475,349.4448156011708
4,980,315.52097859075695,350.5837013549706
4,981,315.4505528742742,351.48267179599884
4,982,315.27293116543507,352.0347469886322
4,983,314.9618292813445,352.21173878203984
4,984,314.56223964468705,352.05912986185416
4,985,314.20877379323167,351.71362362080663
4,986,313.9476399844146,351.3105357189533
4,987,313.79974639804533,350.9773615429159
4,988,313.76871586434504,350.807761398609
4,989,313.8517329625159,350.84509151662326
4,990,314.0134835365346,351.0584709330742
4,991,314.223773777088,351.37626860515
4,992,314.47110686443153,351.70044391327633
4,993,314.7375760271493,351.9514270551915
4,994,314.98773268318394,352.08927977992016
4,995,315.17785020941506,352.10488923441267
4,996,315.30860648361465,352.0355189734355
4,997,315.4068754724588,351.9515640027478
4,998,315.4953111105655,351.8984524165196
4,999,315.5880989887202,351.88137414031263
4,1000,315.7109756380597,351.9008583270177
4,1001,315.85290503178857,351.92089907201745
4,1002,315.9841325992504,351.89616688289595
4,1003,316.09406677546906,351.81161436849766
4,1004,316.1820558174624,351.68022727603943
4,1005,316.24182149657815,351.5255632830284
4,1006,316.2868920527756,351.3971414566829
4,1007,316.3332632255093,351.32813705927083
4,1008,316.38909937971226,351.3232521595381
4,1009,316.4518538697213,351.36265539101845
4,1010,316.52079517747364,351.41393988931185
4,1011,316.5784873400021,351.43188490904464
4,1012,316.5987657653897,351.3859175192045
4,1013,316.5795928758893,351.26602341900605
4,1014,316.5570240052176,351.1093328532544
4,1015,316.5397238675536,350.96136546695686
4,1016,316.52496390559037,350.87551057885935
4,1017,316.5449299731747,350.8987415799353
4,1018,316.5910165327238,351.04056911141413
4,1019,316.6128659014293,351.2648531900191
4,1020,316.5906287373767,351.5174749410388
4,1021,316.5564225465788,351.73870606591913
4,1022,316.50957943799096,351.8667537530999
4,1023,316.45526883961435,351.88482047832093
4,1024,316.4111723416278,351.7961299285285
4,1025,316.4025826765022,351.6414209640201
4,1026,316.40698806673396,351.4649517149814
4,1027,316.3943833686576,351.32210522682107
4,1028,316.35833781490635,351.23355255843296
4,1029,316.3030014178023,351.2150096388441
4,1030,316.212270692224,351.2432592035772
4,1031,316.0978658512089,351.29216394130015
4,1032,315.99115413753975,351.32446433905795
4,1033,315.90985483772005,351.33293479332264
4,1034,315.86983597958783,351.30940800186295
4,1035,315.8803998824285,351.2676034290399
4,1036,315.93403901547094,351.2190868250298
4,1037,316.01296056184816,351.18157117180766
4,1038,316.1029149102969,351.1589547105137
4,1039,316.16570393451207,351.1503062236128
4,1040,316.2020236536709,351.1515420291037
4,1041,316.23429783997824,351.16848646152897
4,1042,316.2764787229603,351.18982861474365
4,1043,316.32694976513494,351.19863548620833
4,1044,316.40377364517076,351.1938395976824
4,1045,316.52055278007174,351.1830645872921
4,1046,316.63910021421736,351.15233756073656
4,1047,316.73828303518644,351.11256018340157
4,1048,316.82612484098325,351.0818853312239
4,1049,316.91013529602554,351.0719476168598
4,1050,316.9573609687569,351.0756648632187
4,1051,316.98048143616654,351.1021094083956
4,1052,316.98060117112584,351.1340133731395
4,1053,316.944859524124,351.1585334674097
4,1054,316.864285244068,351.16426447153424
4,1055,316.76234492577623,351.14877300046
4,1056,316.65372878500546,351.11061427750553
4,1057,316.56722850457857,351.0698896765774
4,1058,316.53241189306686,351.04445715032557
4,1059,316.5682285305828,351.04382574746603
4,1060,316.6622437876101,351.06784338679756
4,1061,316.8006132186526,351.1085836425363
4,1062,316.96490651838843,351.16334909379077
4,1063,317.1148994766666,351.2203546840149
4,1064,317.224959931126,351.26659480542713
4,1065,317.30233708438783,351.3000390044376
4,1066,317.3612906808066,351.3322772525062
4,1067,317.41027418673656,351.3644119685245
4,1068,317.47177118309145,351.4005373170507
4,1069,317.54529522852147,351.45261568892334
4,1070,317.61094842779767,351.52505408230934
4,1071,317.6409150948067,351.60544835752586
4,1072,317.62170816422713,351.67489462156436
4,1073,317.5525102935531,351.72471238308464
4,1074,317.4480169050126,351.7471704802223
4,1075,317.3292376461291,351.74300661673095
4,1076,317.22284737100114,351.7205438616105
4,1077,317.1389364041187,351.7019118109597
4,1078,317.0833128494737,351.69799868278653
4,1079,317.051617608587,351.7062380201452
4,1080,317.0405568705918,351.7218778595548
4,1081,317.0383958518668,351.7457375762822
4,1082,317.04116534152473,351.7707357277647
4,1083,317.053201036208,351.79033635613007
4,1084,317.09018061151755,351.8162629903635
4,1085,317.1515889604193,351.85633599110463
4,1086,317.22754041994966,351.9029098737575
4,1087,317.3029488759357,351.9448710908653
4,1088,317.34281424012784,351.98220884683246
4,1089,317.3120018022359,351.9993260085834
4,1090,317.2100967077446,351.98268256207945
4,1091,317.06374985547734,351.9384260392218
4,1092,316.9036756687716,351.8784679792301
4,1093,316.770932361803,351.8097658478293
4,1094,316.6982196348478,351.74737720180457
4,1095,316.69083003418547,351.7113500911076
4,1096,316.7363064796628,351.7089410023584
4,1097,316.80866753748154,351.7378458438996
4,1098,316.8820429448685,351.7868727622587
4,1099,316.94110312609797,351.8469918687995
4,1100,316.97615898661627,351.90026075811386
4,1101,316.9801486088399,351.93465815201546
4,1102,316.9723903707503,351.95250908701416
4,1103,316.9611404881426,351.9594566058918
5,0,328.93188032360536,357.47241079480835
5,1,329.02624029400477,357.509442978829
5,2,329.13546146151987,357.53972337075544
5,3,329.2550848678843,357.55998227444474
5,4,329.34637735952236,357.5596028216462
5,5,329.40794623122014,357.545425889617
5,6,329.4410453277865,357.52739926197944
5,7,329.45959671015476,357.5168269061128
5,8,329.46384271368845,357.51059411827896
5,9,329.46065406460593,357.4956724910521
5,10,329.44681165072984,357.46217860341335
5,11,329.42338897290483,357.4071157772104
5,12,329.39428547483203,357.33477224727204
5,13,329.3676270213392,357.2590514429598
5,14,329.34346665461385,357.19647547916657
5,15,329.32228875034,357.15551907710034
5,16,329.30061994505667,357.13559227262476
5,17,329.2784032426363,357.13442389322427
5,18,329.2528006551624,357.1426848815243
5,19,329.22636258153824,357.14920306979513
5,20,329.20593650700266,357.15475864772503
5,21,329.19715174123183,357.1647356273729
5,22,329.19817714458856,357.1792623170391
5,23,329.20926094565476,357.2003853240311
5,24,329.2294905662816,357.2307509509836
5,25,329.2556600600741,357.2626917906874
5,26,329.2865783033285,357.29372880095275
5,27,329.3205111110363,357.32710940605875
5,28,329.35417626610763,357.3632210760896
5,29,329.3853875248363,357.4005056235163
5,30,329.4108281558672,357.43763019712935
5,31,329.42792493063894,357.46874040228977
5,32,329.43584906304943,357.4863493541984
5,33,329.4373012258702,357.48740591833354
5,34,329.43430080953294,357.47481081719013
5,35,329.4295491116317,357.4580703418046
5,36,329.42393042993285,357.4434139933819
5,37,329.42252701722714,357.43944425969283
5,38,329.42484038002914,357.44971189801663
5,39,329.4293433665403,357.47036086510195
5,40,329.4340616248903,357.49110860069106
5,41,329.4406403518445,357.50195652111336
5,42,329.4460595099245,357.4963855950472
5,43,329.452678353653,357.4747851349256
5,44,329.46615142354267,357.4404661707498
5,45,329.4878839417551,357.40246792976893
5,46,329.5146200872782,357.3760206417252
5,47,329.55022642056406,357.3629765582795
5,48,329.59064834085086,357.359710756014
5,49,329.62561996034606,357.3648068422099
5,50,329.65511542848947,357.37361702666954
5,51,329.6828393594468,357.3755410958457
5,52,329.70044233338234,357.36685888424023
5,53,329.7051645427523,357.3468923912035
5,54,329.7007729525223,357.313737456444
5,55,329.68768953511045,357.268383558354
5,56,329.6642183934621,357.2255771216145
5,57,329.6358839099097,357.20001067811967
5,58,329.60803088755057,357.19864283346004
5,59,329.58521417295884,357.2218209433298
5,60,329.5683927317859,357.2639484271262
5,61,329.55483469062864,357.30148908781587
5,62,329.54326399085323,357.3182473533278
5,63,329.5334595762739,357.30831345652854
5,64,329.5212365750394,357.2789308487024
5,65,329.504179874313,357.24032443293567
5,66,329.48776849588,357.20684049264383
5,67,329.47184544473396,357.18602448489577
5,68,329.4540498537262,357.18079123057186
5,69,329.43538963270674,357.18827637651685
5,70,329.419303718267,357.20549902995464
5,71,329.4051766383304,357.2290893043113
5,72,329.3968224196021,357.25843367854316
5,73,329.4001975124316,357.29429358206454
5,74,329.4143601722841,357.3333351862108
5,75,329.4327120182182,357.3713739542487
5,76,329.449361810259,357.40806711704687
5,77,329.4583141164326,357.4388665144837
5,78,329.4520476968843,357.45857963643954
5,79,329.43387956263985,357.4661574207936
5,80,329.4132763801781,357.4626236260603
5,81,329.39699992295857,357.45156706010016
5,82,329.38703406060887,357.4401338472801
5,83,329.3886156277408,357.4348266456873
5,84,329.40459429525424,357.43755603839446
5,85,329.42872699970025,357.4493027637642
5,86,329.4574965519402,357.466043847771
5,87,329.49082496191335,357.4811579132447
5,88,329.524313659752,357.488986964917
5,89,329.5465484830921,357.4884007479589
5,90,329.5536891094583,357.4821313945802
5,91,329.54285670322156,357.47452885162585
5,92,329.5115425764731,357.4743795352787
5,93,329.46243704917987,357.48813622491804
5,94,329.40408831111614,357.5177435029329
5,95,329.3447460145777,357.55862351669373
5,96,329.2938590648837,357.604631083476
5,97,329.2648232014647,357.6451470145791
5,98,329.2586028629852,357.67277040439114
5,99,329.27299819634163,357.6868860543757
5,100,329.30514249894475,357.6904798832376
5,101,329.34533887234784,357.6860581903712
5,102,329.3786726242282,357.68182200379204
5,103,329.40500089750356,357.6830479685831
5,104,329.42228435895277,357.68765151370604
5,105,329.4289858457124,357.69292127013773
5,106,329.43209634534475,357.6972312674101
5,107,329.43821478804523,357.6864084161021
5,108,329.44482777570033,357.6535790459812
5,109,329.4563011007014,357.6008205519321
5,110,329.4731687777303,357.531432848354
5,111,329.48902133898343,357.45512699747985
5,112,329.49946515821625,357.39289255619985
5,113,329.501748486211,357.3512234946792
5,114,329.49029965978355,357.3329873554911
5,115,329.4635688032463,357.3381660693001
5,116,329.4218070782721,357.35966454493916
5,117,329.37080773475145,357.38237735287487
5,118,329.31641652712324,357.4041001024822
5,119,329.2652573742132,357.421062148686
5,120,329.2231335331465,357.43179405351896
5,121,329.19953821681435,357.43401020632115
5,122,329.1899930006232,357.4318094719876
5,123,329.1907280880944,357.42571415560667
5,124,329.19626516303856,357.4167289103116
5,125,329.20239938372515,357.4065723701445
5,126,329.1995429405833,357.39823131924857
5,127,329.18812368790725,357.39310614620933
5,128,329.1745652901988,357.3904595755815
5,129,329.1635278632239,357.3891247157311
5,130,329.1560322937021,357.38507891614483
5,131,329.156205053522,357.3770644075267
5,132,329.1667616524869,357.3646091914783
5,133,329.18195930332024,357.34723877705443
5,134,329.1989348205102,357.3217910719258
5,135,329.2170800498947,357.2881667267431
5,136,329.2378209599915,357.25047244576496
5,137,329.2605862632412,357.21376560957737
5,138,329.28480893349195,357.185677990609
5,139,329.3060910285364,357.18194435306646
5,140,329.3179944799141,357.2162838642482
5,141,329.31653235592927,357.2850837921894
5,142,329.3000434532883,357.3779631344368
5,143,329.2714000296498,357.4861415628271
5,144,329.2372114177968,357.5908825942639
5,145,329.2070473614819,357.6718065194165
5,146,329.18079218583466,357.72481745569786
5,147,329.15579928776174,357.75364214012257
5,148,329.12853579054513,357.7612145017671
5,149,329.0996449800118,357.75522416917556
5,150,329.067788114789,357.74521386701235
5,151,329.03966391764715,357.7347332123076
5,152,329.03441159565756,357.7241177819772
5,153,329.06339096067563,357.70350562592
5,154,329.1216629929836,357.6670290307002
5,155,329.202822578675,357.6152855596413
5,156,329.2952761052548,357.5518560842754
5,157,329.37026694217997,357.4805936895734
5,158,329.4139396615792,357.41920534353346
5,159,329.432051601705,357.37909904298647
5,160,329.43263618227576,357.3628691462366
5,161,329.42267438706193,357.3653426270415
5,162,329.4143063080427,357.3831146619402
5,163,329.410719892021,357.4097739744178
5,164,329.407071197754,357.4394503949769
5,165,329.40208804318934,357.46597537427806
5,166,329.3989570325664,357.48960843055585
5,167,329.39755934508946,357.51195176087174
5,168,329.40165434777424,357.531015161277
5,169,329.41532413123844,357.54562409062305
5,170,329.4327466941887,357.5575914743787
5,171,329.44673119729293,357.5716939823129
5,172,329.4567586501606,357.58674230258237
5,173,329.45402621772917,357.6022224997261
5,174,329.4310797911596,357.6173821521674
5,175,329.3930982362491,357.63116545376147
5,176,329.3448573637135,357.6376562725047
5,177,329.2940872673396,357.6352408178465
5,178,329.2540635983256,357.62175743598596
5,179,329.2365329218177,357.5964279026266
5,180,329.24431306042464,357.5557599204757
5,181,329.28000111297797,357.50127198955823
5,182,329.33424869226724,357.4322761501509
5,183,329.3984964939087,357.3549801894995
5,184,329.45982488236365,357.278525290018
5,185,329.5093353791356,357.2163030914597
5,186,329.5387181747044,357.17308347795006
5,187,329.54625684251727,357.1533068099552
5,188,329.5302492978057,357.16100102791734
5,189,329.5014220967421,357.1899082706022
5,190,329.4635382835149,357.2303573426615
5,191,329.4209172950328,357.276253589897
5,192,329.3798181266818,357.32442497864986
5,193,329.3460447403247,357.3592344015789
5,194,329.3113941192588,357.3756774782244
5,195,329.2780519849293,357.3767845751117
5,196,329.24654721882223,357.3724661338368
5,197,329.2170962595819,357.36686035353085
5,198,329.1915502871749,357.3669650875924
5,199,329.1781449087142,357.37347886865604
5,200,329.1820253367479,357.38332107777336
5,201,329.2090535303338,357.3843455913465
5,202,329.2582793207352,357.37458081625164
5,203,329.32405192903695,357.3587218587413
5,204,329.3976974292406,357.3459058937986
5,205,329.46790613703996,357.33818729707815
5,206,329.52264377260315,357.3426682128926
5,207,329.5574286475889,357.3567285846333
5,208,329.57151511648107,357.37216410593953
5,209,329.5677731691973,357.38163341642195
5,210,329.5486766694121,357.38374567023936
5,211,329.5161235609796,357.37769708396064
5,212,329.469463199293,357.37417846051903
5,213,329.41340701515776,357.3841059072853
5,214,329.3510046888636,357.4108396732605
5,215,329.2865511524791,357.45554477422445
5,216,329.229069968288,357.51201768318003
5,217,329.1879699704973,357.5587163203228
5,218,329.1606474377162,357.58331758501777
5,219,329.1462057498529,357.5839302925901
5,220,329.142666072358,357.5603250657771
5,221,329.14474376510987,357.5202788252248
5,222,329.14909586253515,357.48055202937473
5,223,329.15633091312003,357.4508433620373
5,224,329.16619662417946,357.4323702541368
5,225,329.18632265740894,357.4235731806623
5,226,329.2221604648441,357.42331491286234
5,227,329.2747970229481,357.42701203894734
5,228,329.3427819675271,357.42196280863226
5,229,329.42105731119494,357.4048445186785
5,230,329.49233607130884,357.3776838081956
5,231,329.5466676602103,357.33416288154103
5,232,329.5785723395086,357.27231653452117
5,233,329.59038418157445,357.20785108912327
5,234,329.58957905512716,357.1462857232732
5,235,329.58590604520737,357.0933545197888
5,236,329.5817675072398,357.0724039714787
5,237,329.5760916219059,357.09380635589815
5,238,329.5652169237105,357.15070707769274
5,239,329.543630228515,357.23323194789145
5,240,329.51424474038265,357.32892948769233
5,241,329.48108317720005,357.4049391391669
5,242,329.44869241089043,357.44953696562646
5,243,329.42135585672656,357.4630986333221
5,244,329.4027663937611,357.45458991481973
5,245,329.38580457280943,357.4314418070001
5,246,329.36651113810996,357.4076107201829
5,247,329.34535576320843,357.3865651401384
5,248,329.3227576112846,357.37331408195223
5,249,329.3026719816065,357.3721887226669
5,250,329.29609439442237,357.3817803604333
5,251,329.3100149708629,357.40213195342847
5,252,329.34450794889983,357.43252208534113
5,253,329.395731710243,357.466399018369
5,254,329.4524239719883,357.49600570248367
5,255,329.5006976531922,357.52481358308864
5,256,329.5328073660356,357.5525574625596
5,257,329.54786638945524,357.57535929236496
5,258,329.5454290141414,357.59057265629247
5,259,329.51889177691123,357.59565757491845
5,260,329.4404746127552,357.5752336086051
5,261,329.30103633801514,357.47947138974376
5,262,329.11076138316906,357.2752455867077
5,263,328.88311454891027,356.9480819715224
5,264,328.6541361870949,356.5239304443992
5,265,328.52173423641136,356.06376936832766
5,266,328.51671883971903,355.70511720028526
5,267,328.60456321960726,355.55567750638863
5,268,328.7581843841072,355.6732567267296
5,269,328.95152526915655,356.0208500037868
5,270,329.1112564545144,356.5063576613747
5,271,329.20793879231604,356.9980494688362
5,272,329.25803911301205,357.38797268399634
5,273,329.2794952582098,357.6053016361295
5,274,329.28086067692004,357.66265804006684
5,275,329.24751484062995,357.61291368890215
5,276,329.1841578689898,357.51864269772193
5,277,329.1142548657681,357.43614084972916
5,278,329.0341900587212,357.42599592939246
5,279,328.92238897455354,357.50232524034806
5,280,328.81739233628775,357.6491338915586
5,281,328.7414879696193,357.8328663506583
5,282,328.6817888633555,358.0170050172039
5,283,328.64998026887133,358.1552015598032
5,284,328.66781598471704,358.22149832524866
5,285,328.7237390627995,358.2164256463097
5,286,328.7989433762385,358.1619274135084
5,287,328.8884689461489,358.0916336027046
5,288,328.97832499756464,358.02896164148683
5,289,329.05662350403395,357.9892894053112
5,290,329.1088548329811,357.9830154167907
5,291,329.13344576661194,358.0003095168064
5,292,329.1381027181363,358.02015302094003
5,293,329.1333809409416,358.03390174697165
5,294,329.13234150606144,358.0459072858078
5,295,329.1551924985396,358.0609598893566
5,296,329.20767225467824,358.086819504543
5,297,329.27360718312696,358.12667699630157
5,298,329.33786067178124,358.1751034624059
5,299,329.38275153294506,358.2172645943828
5,300,329.39760525022166,358.24001984126585
5,301,329.3769584083454,358.2416013521188
5,302,329.33798213841686,358.2244495083438
5,303,329.2908325523248,358.2003713466884
5,304,329.25516344411983,358.18533341390105
5,305,329.23933970363055,358.17925795064093
5,306,329.25833681895324,358.1723426514748
5,307,329.30950690968825,358.16613047575197
5,308,329.39296858924394,358.160539065029
5,309,329.49728869388787,358.15015451331635
5,310,329.61006677656997,358.1413503356708
5,311,329.70763506660967,358.14495037163306
5,312,329.7721287268251,358.1719635398669
5,313,329.7953321424536,358.22446051412226
5,314,329.7774934826639,358.30176725918113
5,315,329.7326935612936,358.40225429917086
5,316,329.6819248695738,358.520417909396
5,317,329.6473884889356,358.6287232468162
5,318,329.64161529709116,358.7110361134497
5,319,329.6673191023223,358.763289241935
5,320,329.7056530435537,358.7822251951697
5,321,329.7446740628392,358.76656824571165
5,322,329.77571887413205,358.7374995666389
5,323,329.787341730629,358.7023317845345
5,324,329.77554535582965,358.6582679517983
5,325,329.75560055399967,358.6069550760119
5,326,329.72391634799396,358.56044664097726
5,327,329.6790114482706,358.5152420969828
5,328,329.6323579240932,358.48285738904656
5,329,329.59502016859193,358.47736954909095
5,330,329.56777629690316,358.5017222674493
5,331,329.5695712005701,358.5441275758451
5,332,329.611730600514,358.60499456689945
5,333,329.6854933645779,358.67581582963356
5,334,329.7708516277215,358.74728121419554
5,335,329.86341749513593,358.8176307560534
5,336,329.94396555029846,358.8839378863661
5,337,329.9919676167528,358.93137431772
5,338,330.0028081911399,358.9556070040944
5,339,329.99325856125523,358.9645381222318
5,340,329.95433533059827,358.9607652288372
5,341,329.8878211679022,358.9529755187139
5,342,329.80841949094236,358.95805403131675
5,343,329.7414785926107,358.98250031647683
5,344,329.6949049910486,359.01061955364116
5,345,329.6940616160515,359.02819414135763
5,346,329.74492314127906,359.0253965980422
5,347,329.82851383023865,358.99603401702933
5,348,329.90713703290066,358.9396475622751
5,349,329.9547501409023,358.87088675830523
5,350,329.9486487665688,358.8073235919753
5,351,329.8972398419664,358.7651812417241
5,352,329.8251347877581,358.7491656034427
5,353,329.7475002530821,358.7535627316639
5,354,329.67790603240826,358.7703678284458
5,355,329.6261728809954,358.7911737814593
5,356,329.587595640908,358.8007433292448
5,357,329.56101493025596,358.79704141072926
5,358,329.5628673710596,358.7931188143134
5,359,329.5880079891819,358.7941829119993
5,360,329.61740004671924,358.80104415362655
5,361,329.6317760669524,358.81242814857677
5,362,329.61794828454225,358.80940846015375
5,363,329.56644295137386,358.7752869914079
5,364,329.4862676094626,358.70834087680214
5,365,329.3997536547306,358.61236372847475
5,366,329.33612980710586,358.50405450737344
5,367,329.3052698274922,358.4117168882386
5,368,329.3090128610705,358.3497650490863
5,369,329.3541846958289,358.3240362624316
5,370,329.44076387372377,358.3378072959955
5,371,329.5507887858953,358.38288860269233
5,372,329.6665799188916,358.44786708918576
5,373,329.76918522903117,358.51748502111604
5,374,329.8312666146933,358.57300040392124
5,375,329.8403012543389,358.5939899612253
5,376,329.8016829081088,358.5647528374249
5,377,329.7342697998202,358.48480990761374
5,378,329.65720171477193,358.36170408332964
5,379,329.58124581915337,358.20562531928306
5,380,329.49379173034595,358.03106222560893
5,381,329.3856352405432,357.8527664867784
5,382,329.24705501048766,357.6532923119708
5,383,329.0710890633729,357.42925438356224
5,384,328.8919112095594,357.1902723340538
5,385,328.75837595795707,356.9466184646475
5,386,328.6950741531341,356.71614750576896
5,387,328.71753026478206,356.54434841460005
5,388,328.83313255575155,356.4442148525802
5,389,329.00265430473274,356.41267764078304
5,390,329.1860140672415,356.44171359200664
5,391,329.35570336666854,356.51041805831926
5,392,329.49684391978326,356.5952667598964
5,393,329.60421999778913,356.69392023297905
5,394,329.68198989482346,356.79387919216305
5,395,329.741418547915,356.89141900049276
5,396,329.7938773875206,356.9791649019855
5,397,329.83204701281096,357.022982578413
5,398,329.8580818256672,356.99629254479754
5,399,329.8830513806242,356.90447503386247
5,400,329.89671478169726,356.74433697145986
5,401,329.90130832366407,356.54305714752786
5,402,329.90948807314965,356.36392087304847
5,403,329.9117982600718,356.2496530920596
5,404,329.89852610569886,356.20343559188706
5,405,329.88579698557,356.21876460120626
5,406,329.86593810512966,356.2584920780115
5,407,329.83062155344913,356.26959930321834
5,408,329.77408618046627,356.2170221786311
5,409,329.7029846043508,356.10422735292434
5,410,329.6123489713242,355.96072921890703
5,411,329.50932908566415,355.823275701903
5,412,329.39967642061345,355.723329868743
5,413,329.3133971528282,355.6830893102442
5,414,329.26324546415935,355.71132070913313
5,415,329.2480198032339,355.7978989161553
5,416,329.2648879394726,355.9254862595408
5,417,329.32550138758467,356.07693166275396
5,418,329.40324104158935,356.21807064534505
5,419,329.46679759778107,356.30602832184906
5,420,329.50167500057785,356.2938576992014
5,421,329.51146455453613,356.16455749787735
5,422,329.4743715069153,355.92124077160815
5,423,329.406338074357,355.62543791776517
5,424,329.3310001183179,355.3315275755765
5,425,329.2712887485546,355.11581814946715
5,426,329.2242402393774,355.02023208125865
5,427,329.20957148567754,355.05688538746205
5,428,329.2216619328931,355.1743397193216
5,429,329.24862969059785,355.3504470419027
5,430,329.26888691369913,355.53311757213874
5,431,329.28581085051906,355.66961049063485
5,432,329.28574851721913,355.7088774165593
5,433,329.27670678156557,355.64737668367854
5,434,329.26913392253414,355.4802588694633
5,435,329.2811382395237,355.2382113327126
5,436,329.2999445203659,354.9808045126048
5,437,329.3166090246732,354.79273000294245
5,438,329.30945410868907,354.7029698196522
5,439,329.2739465169485,354.71289688688546
5,440,329.21008769719225,354.80952126380697
5,441,329.13538539131423,354.9609561834696
5,442,329.0689931106068,355.1204349109683
5,443,329.0092657999441,355.27310052962207
5,444,328.9338253500845,355.4135975444456
5,445,328.8345471975017,355.52107317034495
5,446,328.69603547794986,355.57833625768654
5,447,328.5076682387135,355.59209143967394
5,448,328.31087820660827,355.59041188523065
5,449,328.1616086572018,355.59149588363084
5,450,328.07188555797603,355.623907746331
5,451,328.0459093725452,355.7043856692396
5,452,328.0943532050334,355.8260036653786
5,453,328.19058433706505,355.9396806183105
5,454,328.29137614340016,356.01717941659626
5,455,328.372985250172,356.0250414756835
5,456,328.439405820754,355.95786267731177
5,457,328.4850224066452,355.8090262910351
5,458,328.491020414438,355.59858885747866
5,459,328.4623171339896,355.3499357982752
5,460,328.4353089996012,355.11561146607784
5,461,328.4186929423774,354.9207264112059
5,462,328.41390077042405,354.79469183707783
5,463,328.4424524226407,354.7588048872359
5,464,328.4960656249509,354.8051002111725
5,465,328.5410217365869,354.87701027730714
5,466,328.5692779589535,354.9475191494099
5,467,328.5767033455609,354.99530605068963
5,468,328.5863710546955,355.0102290695849
5,469,328.631058621643,355.01220233538953
5,470,328.7092823437422,355.04351243732697
5,471,328.8138033312739,355.10748161711297
5,472,328.9571822013669,355.1917209332016
5,473,329.09275452531364,355.2738722882276
5,474,329.19337123574655,355.3168247149066
5,475,329.2741636023054,355.2936320633189
5,476,329.3225080719565,355.2067995716859
5,477,329.31413775810194,355.0790766701176
5,478,329.2690744642996,354.93465752640543
5,479,329.1858809961315,354.8028459309188
5,480,329.0706873666667,354.72792593453653
5,481,328.9760922544108,354.7470316819233
5,482,328.93333103428773,354.8576359874282
5,483,328.9507392944398,355.0389218010802
5,484,329.0473480728024,355.25540024353245
5,485,329.1992021582008,355.43286803209617
5,486,329.34425784953874,355.4955203652695
5,487,329.43035228683914,355.41414696236717
5,488,329.42899760124135,355.2102652063013
5,489,329.3370307942801,354.9441247762858
5,490,329.1943707726078,354.70370399605207
5,491,329.04077275961004,354.5739932612805
5,492,328.93485529732027,354.60915618092776
5,493,328.90408504217004,354.808121308934
5,494,328.92827480804607,355.1108944754978
5,495,328.9597667174115,355.4280878118354
5,496,328.9735651867275,355.67017626245547
5,497,328.9460987417148,355.77840403131796
5,498,328.88786860821506,355.7287775488834
5,499,328.81510848366815,355.5547987226422
5,500,328.7519728734697,355.3170877170272
5,501,328.72436433415737,355.0882240700764
5,502,328.7378058265574,354.91883797202746
5,503,328.78310666866065,354.8324735099372
5,504,328.8539631477159,354.8187826273508
5,505,328.94856507851756,354.8466186820609
5,506,329.0546494622156,354.87359357221595
5,507,329.1778135106292,354.8799363933838
5,508,329.2965596251868,354.87542484027665
5,509,329.41070602880234,354.88013587671713
5,510,329.52422992048383,354.9522052858119
5,511,329.6281676399507,355.13896958508997
5,512,329.6733087248834,355.4281108713552
5,513,329.6613654580551,355.7899381477433
5,514,329.5878247171761,356.183189082258
5,515,329.44068325540496,356.52897092380806
5,516,329.23181916011356,356.7563331533758
5,517,329.031575129813,356.88022577830645
5,518,328.86605329133795,356.9238204214379
5,519,328.7535757772025,356.91815251729645
5,520,328.70495053321673,356.8958133645576
5,521,328.71797724089856,356.9193462701839
5,522,328.7358552681337,356.9799047404051
5,523,328.7355751451387,357.05111395072277
5,524,328.69745121961597,357.12175355799445
5,525,328.62087917228627,357.18435368184953
5,526,328.5086244167841,357.19329395951115
5,527,328.415924581978,357.1500931409245
5,528,328.3686922420824,357.0774450187276
5,529,328.37231214594294,356.9740265710155
5,530,328.4165230012205,356.85148601685165
5,531,328.4921819203422,356.7446835368354
5,532,328.5583602962603,356.67522578690284
5,533,328.5891219211811,356.6437765739085
5,534,328.60593693196313,356.65655632370465
5,535,328.6341250946583,356.71443781498306
5,536,328.68656252979645,356.8031167817914
5,537,328.7618284173935,356.88807388558035
5,538,328.864181688778,356.94120956466946
5,539,328.96360341248175,356.9581232253143
5,540,329.02099433819654,356.9435718189329
5,541,329.02041370486467,356.9067694362863
5,542,328.9823960468491,356.86753607046217
5,543,328.92265899906823,356.85977436804455
5,544,328.86780809565926,356.89077851045084
5,545,328.8575889503481,356.9486723952894
5,546,328.90737079940476,357.0183141236409
5,547,328.99955308128307,357.0838429125412
5,548,329.0973981122123,357.12663487760733
5,549,329.16709855779743,357.1345344725552
5,550,329.18114757024887,357.11329363472004
5,551,329.11324279824476,357.07583404464685
5,552,328.9598394181716,357.0437594227842
5,553,328.77580515253277,357.0229867388798
5,554,328.60980594406465,357.02513839837735
5,555,328.49294679076746,357.0453830229859
5,556,328.4628774320432,357.0786287564255
5,557,328.5538141033325,357.1194915853955
5,558,328.7361029530302,357.1769626287522
5,559,328.9575903529929,357.2493732141647
5,560,329.1712401971396,357.33488683782923
5,561,329.34464575366644,357.43663151181875
5,562,329.44304657660695,357.54935352493186
5,563,329.44529186946545,357.6592474010981
5,564,329.37583363286507,357.7558225702056
5,565,329.2711063913469,357.8450810105434
5,566,329.1497806583826,357.9259483696731
5,567,329.0302914946436,357.99120874925273
5,568,328.9433494393475,358.03789369575406
5,569,328.88488757038755,358.0690087220223
5,570,328.85008078919316,358.07105955558603
5,571,328.839644338896,358.0314357840138
5,572,328.8431240672371,357.95015609908546
5,573,328.85195314190014,357.84224303558307
5,574,328.85965600939494,357.7249720774746
5,575,328.8535816467692,357.62060205201226
5,576,328.82642169017316,357.5435013570744
5,577,328.7873965708427,357.5199320887051
5,578,328.74351018855856,357.5467733212814
5,579,328.7240050839732,357.60128229194817
5,580,328.741771344065,357.6635952747909
5,581,328.79110265725217,357.7220484102958
5,582,328.8546443937545,357.7458131926313
5,583,328.9063233518471,357.72268157332303
5,584,328.8980159590583,357.6687889255202
5,585,328.8161946849554,357.5985087207788
5,586,328.6683244929502,357.52509970666
5,587,328.48892243669246,357.4685251544225
5,588,328.31238282999993,357.4371985910178
5,589,328.19656621507835,357.43093836876676
5,590,328.1566401919132,357.45201756716654
5,591,328.1911923069399,357.4944925724582
5,592,328.2598395372048,357.53807758394817
5,593,328.344380923887,357.5833838496603
5,594,328.414206196662,357.62575015361165
5,595,328.46230861419656,357.65270148783907
5,596,328.50136456285367,357.6608825148162
5,597,328.57277090873157,357.6635273410637
5,598,328.68365633910776,357.64680394884346
5,599,328.82699371254773,357.6121428110044
5,600,329.00214871620443,357.57356922484263
5,601,329.1851393343334,357.5361425663931
5,602,329.3344748734637,357.49428378079426
5,603,329.4273008621957,357.4579645422581
5,604,329.44800825203015,357.4013990142396
5,605,329.3868701476598,357.3301254375774
5,606,329.25787793617354,357.2569734302602
5,607,329.0780406574456,357.204574313969
5,608,328.87410275666855,357.1855375300892
5,609,328.6951211968252,357.23663740265465
5,610,328.5845904695069,357.31831907274056
5,611,328.5594901289254,357.3974932351832
5,612,328.6386395779718,357.4413765537254
5,613,328.8079984126449,357.4583190093735
5,614,329.01998984586226,357.4398195891234
5,615,329.2055864425435,357.4107519685156
5,616,329.3251276429823,357.3898556877799
5,617,329.33797322946805,357.4045132309955
5,618,329.2488782574267,357.415326886969
5,619,329.0921354902187,357.41016121436576
5,620,328.9138467547293,357.4066609366357
5,621,328.7560771095295,357.42434223658637
5,622,328.6541101282363,357.44285019474717
5,623,328.6196099187763,357.4835190626511
5,624,328.64226331985856,357.56332982221465
5,625,328.7113414409673,357.651129822007
5,626,328.78926894602097,357.7045780202313
5,627,328.8667249210047,357.7245711451571
5,628,328.93195473740985,357.72054771885456
5,629,328.9831028011881,357.6747598107509
5,630,329.00642167200516,357.60021316678404
5,631,329.01250012650064,357.52590863130104
5,632,328.9874608132011,357.4663600868107
5,633,328.93567491075737,357.4031011845457
5,634,328.8649218799952,357.3396238029782
5,635,328.7930768778673,357.28754886743565
5,636,328.73254396962085,357.2566435211274
5,637,328.69368760369747,357.2532928277288
5,638,328.67266026085906,357.28496665132104
5,639,328.6690574847688,357.3497234056473
5,640,328.70234683935894,357.4198037092918
5,641,328.77578210667815,357.46476896477554
5,642,328.90264391518883,357.4523720819108
5,643,329.066388542145,357.3805757161141
5,644,329.22931219266525,357.27020217930954
5,645,329.3434459382345,357.15975682768965
5,646,329.37863975547435,357.07727259844125
5,647,329.3170096220555,357.04921903427544
5,648,329.1801824823108,357.0896997738961
5,649,329.0129794158594,357.1788478338501
5,650,328.8601833410462,357.2760133646369
5,651,328.76936686052437,357.3599365126551
5,652,328.75156280518365,357.42771678311703
5,653,328.8065214741652,357.4712159683561
5,654,328.9191588581201,357.4936790223581
5,655,329.05297744566724,357.5136100706869
5,656,329.15652174893387,357.5458569658702
5,657,329.2085676175505,357.5879904732613
5,658,329.1967532541873,357.63144881335495
5,659,329.1220144335845,357.68019313800306
5,660,328.9994449809614,357.74144897433314
5,661,328.8770588793065,357.80019436440506
5,662,328.79554558629627,357.83406662767715
5,663,328.7785090365807,357.83521822963263
5,664,328.833602625441,357.79672447053304
5,665,328.9809801579477,357.72053216049267
5,666,329.1910081499488,357.636110709779
5,667,329.41311245759425,357.5860036178867
5,668,329.60548876705263,357.59071494467014
5,669,329.7357916430065,357.64881148149254
5,670,329.75541517945067,357.734160969686
5,671,329.6651752411066,357.81666549483987
5,672,329.502956178712,357.86723635365865
5,673,329.3153927306823,357.8833892461641
5,674,329.14820405220934,357.8860742569545
5,675,329.05644750193187,357.90620332532535
5,676,329.04613758123946,357.94804632107434
5,677,329.1041487022177,358.01347568161424
5,678,329.20335886735654,358.0914777936453
5,679,329.30762488402104,358.15999763341176
5,680,329.38438724517096,358.20897500917835
5,681,329.42844004116694,358.24484661015873
5,682,329.4392924840506,358.27496437008415
5,683,329.43361543090026,358.3101192493098
5,684,329.4320812486028,358.3619619119346
5,685,329.43087614304216,358.4219651215
5,686,329.4324229449677,358.48139378258
5,687,329.4409629543784,358.5294331969626
5,688,329.44270525635466,358.555334784646
5,689,329.4346074330932,358.5491033602392
5,690,329.4349069930719,358.51609829172503
5,691,329.4426418393396,358.46947338468385
5,692,329.4483932055763,358.4286415477834
5,693,329.4498495552305,358.4105249860302
5,694,329.436239387604,358.4276260773015
5,695,329.39488003267377,358.47828998559675
5,696,329.3375617097582,358.5435089986184
5,697,329.27986804949296,358.59764273358707
5,698,329.23122047381975,358.6225492367785
5,699,329.2073241103242,358.5946688698758
5,700,329.23554538470535,358.5118323517537
5,701,329.31293836732345,358.3989907142347
5,702,329.42872459960336,358.2877241814151
5,703,329.5696399881449,358.1947749042782
5,704,329.7054171121209,358.1545515987076
5,705,329.7786445695776,358.1595169974487
5,706,329.7671546882376,358.18590733758214
5,707,329.6725869631317,358.19134670071793
5,708,329.52029760459016,358.13745951085457
5,709,329.3570160360494,357.97804862508104
5,710,329.23843089340795,357.7296356258317
5,711,329.1943652001428,357.3999357193646
5,712,329.21857557655625,357.0357001287866
5,713,329.2752987538013,356.6932450173019
5,714,329.33200068927323,356.42834520601974
5,715,329.36914329796485,356.2627001537529
5,716,329.3618598979398,356.24182599062937
5,717,329.30788600473477,356.3533676853287
5,718,329.23442194747497,356.59505273988464
5,719,329.12613090754417,356.94320643240485
5,720,328.9821822665735,357.33619238722406
5,721,328.83833251408834,357.6726858151726
5,722,328.7213377082843,357.9118925349553
5,723,328.6241065486972,358.00741357690583
5,724,328.58350311446543,357.9379825158142
5,725,328.59709869791396,357.75934205386983
5,726,328.6222897119979,357.5783871391577
5,727,328.6404582105561,357.44568945406246
5,728,328.6667958854476,357.3846915876022
5,729,328.7030999366898,357.4235102241531
5,730,328.75168182685616,357.5406787973444
5,731,328.8282627002069,357.6707347847039
5,732,328.92104009222,357.7866766265999
5,733,328.99875535027616,357.8625893999649
5,734,329.0372343902618,357.875568894029
5,735,329.0201547465479,357.80411225863145
5,736,328.9489747647874,357.65945986535814
5,737,328.84094511964037,357.4574786975745
5,738,328.721906378383,357.24861860662935
5,739,328.62134054878305,357.0613846284413
5,740,328.56988266669526,356.91880668139356
5,741,328.58059916332843,356.8188492247043
5,742,328.6405493463169,356.7316206222561
5,743,328.7319973468238,356.6086886471772
5,744,328.81951781829986,356.4177837415948
5,745,328.9089881321547,356.1806033705533
5,746,328.9888293546659,355.92886346494436
5,747,329.07649457459144,355.7033845530737
5,748,329.18255437469065,355.530089663785
5,749,329.3239443816819,355.4282759278234
5,750,329.4573185261194,355.37819882861686
5,751,329.5614246288198,355.3732979045718
5,752,329.6124245229919,355.4185398058108
5,753,329.6138951352271,355.54360152928007
5,754,329.55287116864923,355.75390672793117
5,755,329.44220002580187,356.03425764342626
5,756,329.3088043285025,356.34306388886466
5,757,329.1858246841752,356.63783141743824
5,758,329.07383438171365,356.86887025299274
5,759,328.98610691377854,357.0294939408881
5,760,328.9342484211027,357.1457294101787
5,761,328.901395793743,357.243623396872
5,762,328.8679506453282,357.34494386918084
5,763,328.8357675088213,357.4654859497481
5,764,328.8126447856161,357.59848406459355
5,765,328.8045064076342,357.709950928
5,766,328.8334313645246,357.7930671938777
5,767,328.9074892606866,357.8398797395106
5,768,328.99420943279785,357.8531496858026
5,769,329.0555596259746,357.83165788777706
5,770,329.07282307367905,357.78709732136514
5,771,329.03000290403327,357.7295356019613
5,772,328.9135872108284,357.66167682888624
5,773,328.7567396552021,357.5799789804567
5,774,328.6041510445548,357.5034830319356
5,775,328.48049881411725,357.4546708667687
5,776,328.3867997864039,357.4355993049315
5,777,328.3330243920808,357.45862481472176
5,778,328.314160168135,357.53125262435424
5,779,328.3117962477369,357.63012810016664
5,780,328.3276355373733,357.7349337772701
5,781,328.39941761726834,357.84548201938867
5,782,328.53468882245807,357.95105890746294
5,783,328.7202653914024,358.03951566041684
5,784,328.9522762574629,358.12196671599645
5,785,329.201298226276,358.20290483214194
5,786,329.4133731235503,358.26551991039906
5,787,329.5563749409889,358.3067554275159
5,788,329.62500933745486,358.3330230667765
5,789,329.61800302636334,358.3526501836387
5,790,329.5501443791013,358.37682516040684
5,791,329.43633628856134,358.42581263287906
5,792,329.30848218677687,358.5014421662777
5,793,329.19984955373695,358.5985203935199
5,794,329.124504808916,358.6908366512047
5,795,329.0785535974169,358.7536873075161
5,796,329.05878105018564,358.75636454284796
5,797,329.040052687176,358.68477938477446
5,798,328.9932899461016,358.5298061950216
5,799,328.9194936221777,358.30706751519153
5,800,328.8302243578373,358.04912632996786
5,801,328.7543736706108,357.80133498672274
5,802,328.7212347416288,357.6062510339323
5,803,328.7501945429392,357.51319771653755
5,804,328.8375081843871,357.5553819964438
5,805,328.9778400845077,357.7085802616037
5,806,329.1393725642981,357.9359376661008
5,807,329.30064531661003,358.18203000870255
5,808,329.44375552175916,358.3725505890527
5,809,329.5400732370126,358.43695937950355
5,810,329.5741657932059,358.35855888521286
5,811,329.5512290214994,358.1505232469357
5,812,329.4735282946463,357.8699417783923
5,813,329.36761531152666,357.5949563802012
5,814,329.2824951042151,357.3951210226794
5,815,329.2473644967523,357.325458849911
5,816,329.28762899555625,357.38889447705026
5,817,329.4077681101336,357.53634318459194
5,818,329.5665689586346,357.70394248850414
5,819,329.71885927585754,357.8526987351659
5,820,329.83103545586255,357.94035625326575
5,821,329.86692799853074,357.9576154388933
5,822,329.8321942369112,357.9219246241637
5,823,329.76121372032486,357.85635833300404
5,824,329.6725902977102,357.7663653999753
5,825,329.5910099621734,357.65977026527344
5,826,329.53805484521916,357.5547781007524
5,827,329.5119612254875,357.474115722132
5,828,329.50367887326513,357.4285096937403
5,829,329.51659900652453,357.42652629098086
5,830,329.5385826046515,357.47758555564076
5,831,329.5698415056753,357.5764900780853
5,832,329.5930882303851,357.7012833487242
5,833,329.59083732945965,357.8391182414317
5,834,329.56335917159424,357.9787869463876
5,835,329.51951935981646,358.11782778959093
5,836,329.44316733548897,358.24574416803557
5,837,329.3618960583742,358.3624141348304
5,838,329.3057153180465,358.46988312796105
5,839,329.2691168950927,358.56592937334176
5,840,329.24256995112063,358.62184187433473
5,841,329.23846045416536,358.60378298042974
5,842,329.22615613692824,358.4639887539738
5,843,329.1866667195022,358.16344945407855
5,844,329.1289574418799,357.6685694627444
5,845,329.06568530421765,357.00896218229036
5,846,328.9999157985717,356.28299559932964
5,847,328.9701912289446,355.64291481900153
5,848,328.99519088714635,355.21641164343055
5,849,329.06936773259014,355.12183913034704
5,850,329.1693182885688,355.3753607420334
5,851,329.27735580124033,355.9007961383586
5,852,329.367864219319,356.53883743294244
5,853,329.42231219058016,357.15677508344817
5,854,329.43661346102044,357.65281747637204
5,855,329.44030348586597,358.0026692030059
5,856,329.4636682056343,358.21182327875874
5,857,329.49477316018124,358.34423482615273
5,858,329.5300705487896,358.44040102605527
5,859,329.57556001689375,358.52286030503075
5,860,329.62306431727535,358.59903872291466
5,861,329.64804702909265,358.6651073098156
5,862,329.66270203216254,358.6947659400483
5,863,329.6661350510923,358.68625355689085
5,864,329.6411986805442,358.6412621579476
5,865,329.56278407023797,358.5417685921018
5,866,329.442919805742,358.40859917518793
5,867,329.30417394365736,358.27741302863706
5,868,329.1624422446955,358.1673606117975
5,869,329.03905362349167,358.08035783593874
5,870,328.9686539507951,358.0515357514228
5,871,328.946180851654,358.08899844568305
5,872,328.94500099557393,358.17702684133366
5,873,328.9698505237569,358.2961019863603
5,874,329.0201512070452,358.4456144123355
5,875,329.0776275446208,358.5809606741905
5,876,329.13534091690696,358.65581241352174
5,877,329.19215716520887,358.65530807252355
5,878,329.22657591102995,358.5871835769362
5,879,329.22953058115485,358.45734747403225
5,880,329.19955219936435,358.3008258829384
5,881,329.15702812269086,358.17085214537326
5,882,329.11353081062066,358.09566656919196
5,883,329.0800567380275,358.07635436562055
5,884,329.0515749173497,358.08394222327576
5,885,329.0291373409311,358.0742369437487
5,886,328.984486356209,357.9878992401018
5,887,328.9162924447097,357.75112207746713
5,888,328.8295487806922,357.30818788351115
5,889,328.7559204650248,356.6752015194879
5,890,328.7123865125407,355.92657060334176
5,891,328.7318956019981,355.17279821805346
5,892,328.8217051662973,354.58946504933596
5,893,328.97070295372225,354.34143202723766
5,894,329.1387338680418,354.4968874954161
5,895,329.3036971461976,355.02109959051086
5,896,329.442559585379,355.8021079380662
5,897,329.5340857112907,356.65170329466986
5,898,329.5673546948005,357.3798567692656
5,899,329.55344559142526,357.8499019755085
5,900,329.49481094201695,357.99857388853036
5,901,329.3912653932572,357.8513266215382
5,902,329.26315239727506,357.4987809023209
5,903,329.142740185898,357.06957466820603
5,904,329.0472265959938,356.70437640855135
5,905,328.9899917049573,356.5171349888002
5,906,328.9715740785855,356.53226013655444
5,907,328.9864150000703,356.71726391229095
5,908,329.0194454900371,356.98890776392767
5,909,329.0664957929022,357.2427198404239
5,910,329.1288134286791,357.4006283325241
5,911,329.2118365091326,357.4635381223151
5,912,329.3059886069301,357.46602416058863
5,913,329.4012954103038,357.45037062736196
5,914,329.4806538441829,357.4680698167149
5,915,329.52259165771204,357.5419759574134
5,916,329.5236491583783,357.64922277955475
5,917,329.4833782811357,357.7567090169041
5,918,329.41872714399665,357.84983138379994
5,919,329.3371210028592,357.9016248928955
5,920,329.2482172372013,357.9102502018846
5,921,329.1608071887791,357.8884167343448
5,922,329.09078668314294,357.8537200117282
5,923,329.0300112218093,357.8231654567314
5,924,328.9863381178295,357.83047827885474
5,925,328.96445416585374,357.87008547214293
5,926,328.9535966247723,357.90570852716024
5,927,328.93288415961456,357.8825731800502
5,928,328.89396868971505,357.74482949283964
5,929,328.83426365757896,357.43268835719505
5,930,328.77295217575295,356.9526220233781
5,931,328.7218619595225,356.41421718581864
5,932,328.70976642747576,355.9726740040744
5,933,328.74517007237864,355.74192274388986
5,934,328.8280911837742,355.816929887734
5,935,328.94097372351723,356.2031198575826
5,936,329.08154835606825,356.7713507644775
5,937,329.2184720412078,357.35012910898837
5,938,329.33507956230346,357.83986468447404
5,939,329.4077144150175,358.15467423454123
5,940,329.4230407865556,358.26751187138973
5,941,329.36619391616404,358.227364313067
5,942,329.2581894338368,358.10064899192076
5,943,329.1236168391435,357.9153867910404
5,944,328.9840883632567,357.7204462339789
5,945,328.84734019597954,357.55554004263803
5,946,328.7260186496569,357.4421673102788
5,947,328.6007230556106,357.3895962321401
5,948,328.47291945272036,357.4066427727503
5,949,328.3693116276089,357.4718513733056
5,950,328.3177452042465,357.5613507054139
5,951,328.33003775045137,357.655142939814
5,952,328.43922363790506,357.7512903994636
5,953,328.62791349587883,357.8395744163079
5,954,328.84369908392534,357.91346923135063
5,955,329.03749289717666,357.9671528288163
5,956,329.1886900513722,358.0039563653171
5,957,329.26400440988493,358.00546315496376
5,958,329.2674555406037,357.9745343962374
5,959,329.230626651346,357.91977853650263
5,960,329.1842272734321,357.85630720594145
5,961,329.1442108784975,357.7802995544857
5,962,329.13605864467803,357.7107001409508
5,963,329.1672945727759,357.6604469990845
5,964,329.23092465010416,357.6514945242749
5,965,329.3084555285381,357.6906341677291
5,966,329.36704996122404,357.7776321754991
5,967,329.3731010378933,357.86309194279954
5,968,329.3311390970098,357.89191829734256
5,969,329.2479694218656,357.7776174305133
5,970,329.1468167293327,357.439755942171
5,971,329.0560379645724,356.8728108481562
5,972,329.00675292330243,356.16317517463403
5,973,328.9699724309594,355.422996289512
5,974,328.9447623888801,354.82140135108455
5,975,328.93306874469204,354.547106553286
5,976,328.9376475894879,354.6787285152346
5,977,328.96348982363145,355.1919946409517
5,978,329.05833802193644,355.9893672327476
5,979,329.1928953313254,356.9136454469917
5,980,329.2990609804125,357.77110293735507
5,981,329.33429629880425,358.4215403705987
5,982,329.2586212642386,358.7869927480956
5,983,329.0244140931824,358.86392241223507
5,984,328.6743907328309,358.70583471209494
5,985,328.31674111781456,358.4140885788123
5,986,328.024876763933,358.0988611167674
5,987,327.82841370315725,357.8616429023626
5,988,327.76342839008504,357.7707176050174
5,989,327.82614447498383,357.8286723231434
5,990,327.97188453330784,357.99171844385324
5,991,328.16741834167755,358.20282629104724
5,992,328.4011810058014,358.39547845085366
5,993,328.63040947584176,358.5093417063894
5,994,328.81952710016577,358.5396153282528
5,995,328.94135759178175,358.50405173100444
5,996,328.9858455224505,358.41912814919283
5,997,328.97930761335186,358.3146453303437
5,998,328.96925734048574,358.22948666398634
5,999,328.976741643878,358.1628754553787
5,1000,329.0151688329617,358.09711760417
5,1001,329.0823458321958,358.02356035996684
5,1002,329.1503439987555,357.9332945116123
5,1003,329.1852834178675,357.8152205005411
5,1004,329.1856413549903,357.6887066711228
5,1005,329.1517685315986,357.5881429200572
5,1006,329.09523871283255,357.5393406785517
5,1007,329.0379878909682,357.54658586479457
5,1008,329.0069744568176,357.6042263604718
5,1009,328.99471760956067,357.68823272063804
5,1010,329.00862007049403,357.77715964086326
5,1011,329.03715532141536,357.84274136921783
5,1012,329.0515249927653,357.8750650399934
5,1013,329.0298552120187,357.8716029217457
5,1014,329.0031939959608,357.84861879560316
5,1015,328.98117517265524,357.822284183065
5,1016,328.965502300921,357.83248661659303
5,1017,328.9887855674766,357.90666626651307
5,1018,329.06468947850453,358.0445109310592
5,1019,329.1487992428941,358.2270112812808
5,1020,329.2110610998696,358.41779822804915
5,1021,329.2672693688597,358.55904734202306
5,1022,329.3028497273697,358.60241864441366
5,1023,329.3143846960181,358.5464060498248
5,1024,329.3319219133952,358.39948794503476
5,1025,329.38034819819006,358.1939660920152
5,1026,329.4461749809573,357.974376993406
5,1027,329.51097536232857,357.7904605206835
5,1028,329.5634619835529,357.65967366894216
5,1029,329.5892001283662,357.587079574747
5,1030,329.5726654803475,357.55931487071865
5,1031,329.5114853794104,357.5606819258681
5,1032,329.42898296257977,357.5590074043844
5,1033,329.34671478099597,357.54672323762867
5,1034,329.29272059897966,357.53540154869654
5,1035,329.2870718055953,357.5378953940695
5,1036,329.3369163278024,357.55955027291157
5,1037,329.42720593893796,357.61451015302913
5,1038,329.5366008207543,357.69227010580664
5,1039,329.6197715185375,357.7673662156646
5,1040,329.6551340603595,357.8245755488918
5,1041,329.6460458655754,357.8623006900861
5,1042,329.6004282851824,357.876804026846
5,1043,329.52742206082553,357.87829588027375
5,1044,329.45976517016777,357.8770926146091
5,1045,329.4324954174456,357.8840937442053
5,1046,329.4392357996233,357.8869863470699
5,1047,329.47818391392644,357.8790631393395
5,1048,329.5465211324153,357.8537014434392
5,1049,329.62973071854486,357.81379544794044
5,1050,329.68685136334824,357.7578873851339
5,1051,329.7117023085168,357.7037910435734
5,1052,329.701735171432,357.66184705922285
5,1053,329.6513305718066,357.6363727946403
5,1054,329.5638104322279,357.6280263208694
5,1055,329.46342932425716,357.62549008630026
5,1056,329.3706511851264,357.6189834936389
5,1057,329.3055368591762,357.6051620252242
5,1058,329.2932208587519,357.5864732589057
5,1059,329.34325965624066,357.56434684482576
5,1060,329.44405006604046,357.557193827509
5,1061,329.57061033633016,357.569563570471
5,1062,329.693755413117,357.6047657032554
5,1063,329.78665180683146,357.6583432637536
5,1064,329.84786411296926,357.7228649061675
5,1065,329.88547626259276,357.78126899822706
5,1066,329.9198647219651,357.83295544699934
5,1067,329.97310808715275,357.87696282261663
5,1068,330.05267871919557,357.91752441600653
5,1069,330.13509957239893,357.96195269933287
5,1070,330.2035927827179,358.01619843932133
5,1071,330.24126668886055,358.07128574963133
5,1072,330.23679188525233,358.11688576647146
5,1073,330.19600219687834,358.1500940103999
5,1074,330.13685966855405,358.16716525507167
5,1075,330.06936984566096,358.1768766697585
5,1076,330.0016347258156,358.1928911016764
5,1077,329.93505930721494,358.2272576949197
5,1078,329.8708174710213,358.27571299882334
5,1079,329.8121941898163,358.3300174837983
5,1080,329.76913059336806,358.3717621620897
5,1081,329.74407750097475,358.3924333875442
5,1082,329.7389903137562,358.3930441504359
5,1083,329.75539394334714,358.38037590572344
5,1084,329.797755722235,358.3719773612642
5,1085,329.8512187392083,358.3901488734896
5,1086,329.90288376811753,358.44057828150954
5,1087,329.93802446134305,358.5080139751006
5,1088,329.93129030824247,358.5826128892547
5,1089,329.86203316882427,358.63797145276914
5,1090,329.74087058748336,358.651885937422
5,1091,329.59064523268574,358.6161783720917
5,1092,329.4410707299721,358.5456999111486
5,1093,329.3304091378034,358.45986295931385
5,1094,329.2779977334744,358.38842515071167
5,1095,329.28672964141737,358.3508119248968
5,1096,329.3477684140603,358.35640627495184
5,1097,329.4420953845901,358.3997206857485
5,1098,329.5421111343734,358.46179677312483
5,1099,329.63784408265235,358.5271913270291
5,1100,329.7173489444913,358.5820622220021
5,1101,329.7723949487704,358.61811709232677
5,1102,329.8049037982387,358.63717957997346
5,1103,329.8234002529873,358.6458993885135
6,0,340.7478060993909,334.6173222031233
6,1,340.86136722711336,334.6114094609831
6,2,340.9921462695911,334.6107300636629
6,3,341.1320773260096,334.61689594449564
6,4,341.23877351462306,334.6342802078854
6,5,341.3068942247429,334.6654898508042
6,6,341.33540551246074,334.7069784446274
6,7,341.3420002091953,334.7468204763436
6,8,341.33129081111053,334.7767705775944
6,9,341.30846659106766,334.7831143227011
6,10,341.2765992434184,334.753531562467
6,11,341.2439815277846,334.68242421707436
6,12,341.21516629877993,334.57101231743763
6,13,341.19651183720475,334.4271207576048
6,14,341.187160801545,334.2701655790116
6,15,341.18195110981765,334.1234241567602
6,16,341.1720870263098,334.00332864264374
6,17,341.1539458172294,333.9221502322124
6,18,341.12468265442465,333.8842427733746
6,19,341.0881332641743,333.88348716850237
6,20,341.05633461633215,333.915389136238
6,21,341.0405720165844,333.97596307326125
6,22,341.0454488482969,334.0544352637689
6,23,341.07274534294254,334.1420021860701
6,24,341.1201308131849,334.23281758041026
6,25,341.17471019065806,334.31158725815897
6,26,341.2277288849044,334.3730618732863
6,27,341.27241113426095,334.42599965738333
6,28,341.30379148474435,334.4818120418814
6,29,341.319688046203,334.54656502070935
6,30,341.3233048467585,334.6249822939535
6,31,341.3166557794873,334.7147813804053
6,32,341.3062486954075,334.80198094760726
6,33,341.2995313406547,334.8690905347547
6,34,341.30159845906985,334.90917211059866
6,35,341.31421403005925,334.9257634202913
6,36,341.33426510376887,334.9246731015142
6,37,341.3553549385974,334.91648969940536
6,38,341.37065681613217,334.91357719790557
6,39,341.3740551084302,334.92068499340417
6,40,341.3629677493385,334.9339257907735
6,41,341.3405758798776,334.94534184425163
6,42,341.3102471750868,334.9500759638785
6,43,341.2791861915499,334.94401271744493
6,44,341.25705767068837,334.92218798532235
6,45,341.251988504756,334.88755640321926
6,46,341.2658318136061,334.8452444763429
6,47,341.29951156665254,334.79566908559633
6,48,341.34388026865366,334.738977439765
6,49,341.3882970937866,334.6829990774991
6,50,341.42510053577786,334.6283755110941
6,51,341.45368452252785,334.5752880145689
6,52,341.4683241823169,334.5255420869004
6,53,341.46989995322684,334.4798605731782
6,54,341.46138062157615,334.4339271535175
6,55,341.4439990144559,334.386941357997
6,56,341.41384348135904,334.3442701046182
6,57,341.37540544433,334.31306717765506
6,58,341.32985019581014,334.296453450203
6,59,341.27740368074154,334.2940866086136
6,60,341.2178796236225,334.3022087580691
6,61,341.1550506659085,334.3107604764535
6,62,341.0942574264769,334.3069744499291
6,63,341.0445687230148,334.2868187852186
6,64,341.0094103910119,334.2585277913776
6,65,340.99085147233814,334.2349066711729
6,66,340.98936919127436,334.22472955669207
6,67,340.99736187238733,334.2363167714433
6,68,341.00718046004954,334.2703784680108
6,69,341.0146419537559,334.31947203701634
6,70,341.019449968202,334.36919200552074
6,71,341.0214928781967,334.4084585439917
6,72,341.0251861707426,334.4331334898124
6,73,341.0324173887582,334.4485462433033
6,74,341.04471115020766,334.458590686134
6,75,341.059961829998,334.471397910784
6,76,341.0747902750495,334.4963180651476
6,77,341.0853711025318,334.5304448863337
6,78,341.08896969202374,334.5608921608899
6,79,341.08629161224576,334.58095900802493
6,80,341.0796726780244,334.59146509364956
6,81,341.0706126248233,334.5910858899913
6,82,341.0601431505897,334.5899461317626
6,83,341.0522290306432,334.60012110944723
6,84,341.0494813057713,334.6258429616905
6,85,341.05217762873286,334.65725608611217
6,86,341.061305258435,334.69306368189154
6,87,341.07656944093367,334.72618404743804
6,88,341.0933202963348,334.75322968498205
6,89,341.103888005844,334.7716502921452
6,90,341.102928267955,334.7902303804992
6,91,341.09186171528256,334.80897456476214
6,92,341.0768851630608,334.8284733475356
6,93,341.06232874400393,334.84837754666046
6,94,341.0553541535242,334.86977287351294
6,95,341.0636599841059,334.8842684887336
6,96,341.08563308671677,334.8878557425354
6,97,341.11358163205415,334.879413212569
6,98,341.14586817703014,334.8562082949015
6,99,341.1781242430566,334.8211210540481
6,100,341.2066277838313,334.7841374892295
6,101,341.22850740769553,334.7542469267273
6,102,341.2411650344687,334.7363410522117
6,103,341.2445332127072,334.7366090785172
6,104,341.2466646694986,334.7538187939373
6,105,341.2492982314793,334.7858427552344
6,106,341.2557561284878,334.8206855747401
6,107,341.27621627462764,334.8495162236024
6,108,341.311955131331,334.86603727049896
6,109,341.34948477001666,334.8687197517226
6,110,341.38104862673697,334.8563058698686
6,111,341.4048916378216,334.84229121629227
6,112,341.4116387320855,334.8384319803561
6,113,341.39502526621993,334.8474066722636
6,114,341.36269692488264,334.86711131268265
6,115,341.32277713452623,334.89076478691055
6,116,341.27238372108116,334.9046337851848
6,117,341.21783015912297,334.8948829760369
6,118,341.1690425539735,334.8587779869881
6,119,341.13054375614104,334.7974372321679
6,120,341.10193437531296,334.7184789567371
6,121,341.0919855416682,334.634492281144
6,122,341.09686764160506,334.55598357854296
6,123,341.1088292283849,334.486493833225
6,124,341.1173632100174,334.4320495088789
6,125,341.1196079813532,334.3956886524967
6,126,341.1107293316708,334.37384317195665
6,127,341.09614825010976,334.3625651512818
6,128,341.089236563642,334.3594539261144
6,129,341.103447486801,334.3586344035472
6,130,341.14074249012646,334.3517617046391
6,131,341.20030190089034,334.33399585965196
6,132,341.2761063810801,334.30656559424585
6,133,341.3465084738646,334.2702800834966
6,134,341.397171472352,334.22568249171354
6,135,341.42801186404853,334.1781938957592
6,136,341.44347497010136,334.1328705917506
6,137,341.4475123466228,334.092943183041
6,138,341.44986048969525,334.0656484660389
6,139,341.45219764018293,334.06198505184193
6,140,341.4447661911119,334.0936599371512
6,141,341.41917529323644,334.16378367061407
6,142,341.3717536888835,334.26674444538605
6,143,341.3031944416704,334.39280553937823
6,144,341.21947088290705,334.5246942833515
6,145,341.13605797658556,334.636045605911
6,146,341.0605985850508,334.71656796528356
6,147,340.99531430033716,334.7693626561784
6,148,340.9412807747059,334.7980018646253
6,149,340.899837882335,334.8090611242278
6,150,340.86588574645305,334.8164691524057
6,151,340.8409215165781,334.82353340409696
6,152,340.83979866442786,334.82333482440043
6,153,340.87266118622387,334.8091891110996
6,154,340.9376686203295,334.7806782988135
6,155,341.03102236671435,334.73677273369
6,156,341.1426395770756,334.6799955905906
6,157,341.242920319325,334.6223453133593
6,158,341.316611625007,334.57225998695725
6,159,341.3603824341833,334.5323622922855
6,160,341.37263947701535,334.5061882358748
6,161,341.3561750705938,334.49780862071975
6,162,341.3281388680407,334.5033067088692
6,163,341.2910966392094,334.5262674748824
6,164,341.256055741237,334.56637421075516
6,165,341.2371616130086,334.6158366321674
6,166,341.24224411052,334.6656301861934
6,167,341.26589213294227,334.71489254920107
6,168,341.308272922473,334.75790356061157
6,169,341.355353939894,334.78972825686833
6,170,341.39195454810977,334.81397483874537
6,171,341.4122558792565,334.8346627342654
6,172,341.4186263795106,334.8471340768278
6,173,341.4098427042129,334.8462247922912
6,174,341.38861286492175,334.8353729370267
6,175,341.3629456142574,334.81218069438654
6,176,341.3385134890888,334.77176401260476
6,177,341.31978085014237,334.7195683567405
6,178,341.3163287367456,334.6646616736418
6,179,341.335533981376,334.61022479796407
6,180,341.37439829572406,334.5632142705601
6,181,341.42489574987883,334.5346249977489
6,182,341.4798495333712,334.52019157023835
6,183,341.5259144212026,334.5162996210178
6,184,341.5518677262608,334.5231532141631
6,185,341.5550380551165,334.53882464218555
6,186,341.5373172333953,334.56004775840626
6,187,341.5007322332522,334.5874096000591
6,188,341.4542326725716,334.6169226248328
6,189,341.4113348758989,334.63867770675165
6,190,341.3722382196111,334.6482377271733
6,191,341.33514610810994,334.6410641920986
6,192,341.30134499445785,334.6205138260427
6,193,341.268993631256,334.58625138775534
6,194,341.22927890060026,334.54401375232464
6,195,341.18880022090696,334.4977783688446
6,196,341.1527440754163,334.45017109492943
6,197,341.12325145431646,334.4011858801568
6,198,341.10278997984364,334.3609623933302
6,199,341.0970372826692,334.3343165735846
6,200,341.1087456728205,334.33078586557724
6,201,341.14120267686144,334.3522684303836
6,202,341.19564424598104,334.39602644911326
6,203,341.2686247414691,334.45427909557293
6,204,341.350306181236,334.52113936724146
6,205,341.42487470596893,334.57432328290395
6,206,341.48161625901633,334.6092292811768
6,207,341.51264100417455,334.6267217160991
6,208,341.5178133569254,334.62713607311207
6,209,341.50533259146613,334.61456397246
6,210,341.4870673668207,334.601558005862
6,211,341.46883525112537,334.5907150972761
6,212,341.44842666054313,334.591835625584
6,213,341.42655090578523,334.6130378288099
6,214,341.4016694402297,334.65060229697326
6,215,341.369863276108,334.702276173144
6,216,341.3342885880765,334.7649867276706
6,217,341.31007120763354,334.8192875630323
6,218,341.296589492736,334.85159060478935
6,219,341.29294521204565,334.8655412633785
6,220,341.30062948832455,334.8623602801464
6,221,341.3136579871493,334.8441294933181
6,222,341.32291300875147,334.82153185886693
6,223,341.32910085994746,334.80407124682034
6,224,341.32698992406614,334.7921659389018
6,225,341.3185948812619,334.78646449366636
6,226,341.3077899496633,334.7908755524498
6,227,341.2968815974113,334.80224768176356
6,228,341.29025374232486,334.80920024114727
6,229,341.30044668057405,334.80600620763414
6,230,341.32304388352884,334.7937884044089
6,231,341.35688943490266,334.76720920763967
6,232,341.39662021323676,334.7298031268304
6,233,341.4321307319915,334.6933309668017
6,234,341.45608550257606,334.6584540279661
6,235,341.4712611086413,334.6207967364285
6,236,341.4781963208495,334.5893160239522
6,237,341.47900380572287,334.5670023594222
6,238,341.4792011664404,334.55298139149977
6,239,341.4782395478104,334.54546665607853
6,240,341.47436450394343,334.54384967638225
6,241,341.4654106766834,334.5352716828734
6,242,341.45390119181326,334.5154697457299
6,243,341.441813659761,334.48490424632877
6,244,341.4288753730682,334.4545160529088
6,245,341.41374133124015,334.429618705259
6,246,341.39516013796214,334.4144577237714
6,247,341.37316687763723,334.4074754507489
6,248,341.34852148081995,334.40681401461546
6,249,341.3294038962173,334.40630893654804
6,250,341.32138574546025,334.4061008779021
6,251,341.3298472185075,334.40808107999203
6,252,341.35584318587314,334.4129989795442
6,253,341.39493836724796,334.4185124247969
6,254,341.43281491550067,334.42416923992477
6,255,341.4581097548274,334.42800107376803
6,256,341.4670090553036,334.432399125692
6,257,341.4593573276695,334.4367807262562
6,258,341.4384549598771,334.4419416660485
6,259,341.412611121288,334.4407289775328
6,260,341.4068470275301,334.3853323526173
6,261,341.458936283615,334.20742410657937
6,262,341.57508277640983,333.8482147940699
6,263,341.7826942387845,333.29191374074617
6,264,342.07684228670115,332.5967152236779
6,265,342.4233336315985,331.9180935244583
6,266,342.7534423107412,331.4097306904985
6,267,343.0557298412157,331.2035023771305
6,268,343.258409766989,331.3623778310887
6,269,343.39202520784795,331.7994355436227
6,270,343.4642236859548,332.3641963292703
6,271,343.48341986642316,332.95329832536873
6,272,343.42483906923263,333.4829087417624
6,273,343.3442930104593,333.88163069380056
6,274,343.2094685314141,334.18703638358136
6,275,343.0594785648424,334.4313106445414
6,276,342.91943935181627,334.62367118135273
6,277,342.8153036685434,334.79064206702805
6,278,342.7277230948285,334.9697924596925
6,279,342.6508744964015,335.16083440226157
6,280,342.55349693475716,335.3621766531346
6,281,342.4688183954425,335.5535947944967
6,282,342.41850893484593,335.6906267240845
6,283,342.41089028379827,335.75056445876226
6,284,342.46350948269315,335.7304750560209
6,285,342.5794857944637,335.6476224489611
6,286,342.69852405612403,335.5601974448403
6,287,342.7963480785412,335.52868894189584
6,288,342.87001135112416,335.5615110532874
6,289,342.8935989885249,335.64133098384946
6,290,342.8318966490793,335.7451115025244
6,291,342.70334857003354,335.8593009939731
6,292,342.5290024107691,335.9478991389672
6,293,342.3122292166613,336.0065699674748
6,294,342.0884949614282,336.05847560044685
6,295,341.9098212334999,336.14790938157233
6,296,341.7947796911553,336.2402485891772
6,297,341.7047210124456,336.32453773171636
6,298,341.6537056996578,336.38822935803057
6,299,341.6075383310965,336.4280642990669
6,300,341.52903976570116,336.40644711219034
6,301,341.39946807774413,336.35339130949296
6,302,341.2558743218849,336.29513144193913
6,303,341.0834534141986,336.24738270888076
6,304,340.9359353365545,336.20203480220715
6,305,340.86942021812894,336.163311596485
6,306,340.9125546231128,336.0935753883138
6,307,341.0493357933239,335.9912681027281
6,308,341.270594178283,335.8842663793827
6,309,341.5288339610974,335.7869175605942
6,310,341.7651541244434,335.710043582564
6,311,341.944866849919,335.68327997496385
6,312,342.0636865838812,335.7177696558819
6,313,342.12018112977455,335.7923095026681
6,314,342.1177900005516,335.90828092422305
6,315,342.09078459456435,336.06959223392886
6,316,342.0646035315637,336.2735516265661
6,317,342.0598801630078,336.4720365647792
6,318,342.0901035989921,336.6504970857806
6,319,342.15702035834767,336.7989998437508
6,320,342.23840146641624,336.9175357358792
6,321,342.3139351959055,336.9992538718046
6,322,342.36016313378366,337.08516993306046
6,323,342.37042998301683,337.1760070884405
6,324,342.35775238714376,337.2679695175992
6,325,342.34017316333114,337.355963786885
6,326,342.31416577972595,337.4495685749226
6,327,342.29025095115037,337.5297356203755
6,328,342.2810678062441,337.6135744908088
6,329,342.2892720258985,337.7073621522179
6,330,342.30611519735544,337.78832478218544
6,331,342.3648731124207,337.8392800602461
6,332,342.4733995508878,337.877377856591
6,333,342.62496651058063,337.90701005431464
6,334,342.80666868658324,337.91500753552526
6,335,343.0155809314456,337.9200678465597
6,336,343.21311720100425,337.9227586189495
6,337,343.3823154539251,337.8916560779811
6,338,343.5059033018093,337.81985580156095
6,339,343.5790383008193,337.7439885971969
6,340,343.6031312893801,337.67107730222233
6,341,343.5860689222028,337.62576628739595
6,342,343.52406703671363,337.6317185011143
6,343,343.4525253007285,337.6591867635674
6,344,343.40334691918054,337.66473190742056
6,345,343.3834759314086,337.6323491812416
6,346,343.4152922162987,337.53306184579833
6,347,343.50117016625734,337.3747202023378
6,348,343.5783630781858,337.2051009633049
6,349,343.58802629669486,337.06039427093185
6,350,343.514261507182,336.96076762364737
6,351,343.34260834009143,336.9299744185494
6,352,343.09192665560676,336.9583707877755
6,353,342.8059592298049,337.01361996694413
6,354,342.53723994776726,337.0757308115659
6,355,342.3146581792514,337.12379983143893
6,356,342.17643956448967,337.1404508375551
6,357,342.1348524429757,337.1254612496187
6,358,342.199967578078,337.10846046734093
6,359,342.34106137169647,337.09884142311705
6,360,342.51891190870754,337.11367975314323
6,361,342.6527641879671,337.1530744184798
6,362,342.69123452689706,337.19623967582817
6,363,342.62067368657387,337.2010348370982
6,364,342.4613619019134,337.1549431911886
6,365,342.2512687976844,337.05679873031687
6,366,342.0648761884454,336.9354968758847
6,367,341.9594374178846,336.82103228057457
6,368,341.95301219486373,336.74947262910405
6,369,342.0416340096623,336.73521261575377
6,370,342.20230708451027,336.77495513227234
6,371,342.4001638513713,336.8389956853853
6,372,342.5855714704443,336.92167036439906
6,373,342.70635271237325,337.00303194006744
6,374,342.7475667844199,337.0542557763447
6,375,342.7329285847475,337.0384749902918
6,376,342.69345348005766,336.9203188746075
6,377,342.6587220378605,336.6599100922854
6,378,342.665252303823,336.2607997952123
6,379,342.70054652721353,335.76577406389356
6,380,342.7038013187765,335.2421361071909
6,381,342.6134513345064,334.7444100591157
6,382,342.4303022487177,334.3216064147702
6,383,342.14969545266956,334.0010821935183
6,384,341.8215282596767,333.7657977888138
6,385,341.52235385291704,333.57588461356863
6,386,341.3103952478829,333.4619435683766
6,387,341.1854812076974,333.4385975483709
6,388,341.1703341951228,333.4818580150523
6,389,341.245788683844,333.591407647953
6,390,341.3570317740404,333.75922637695066
6,391,341.4779715885694,333.91756978426395
6,392,341.6203014633486,334.02794596306035
6,393,341.75856678227746,334.0753274511869
6,394,341.87819564146974,334.04186486483724
6,395,342.0091344612459,333.97494017444967
6,396,342.1475756438259,333.9257648337899
6,397,342.2350557337036,333.8859449970482
6,398,342.2886808600192,333.83923969755006
6,399,342.33649858682134,333.79492273246
6,400,342.3967558559507,333.6939464525235
6,401,342.4929980126316,333.49026713196037
6,402,342.6532489309905,333.22031779113775
6,403,342.83746635475256,332.94781954671475
6,404,343.0180745841544,332.64248278732526
6,405,343.17148313966106,332.282779936427
6,406,343.26862869785117,331.87849332985826
6,407,343.3210499212683,331.41125555493034
6,408,343.34901809013724,330.84095470463865
6,409,343.3678995832459,330.2312140921582
6,410,343.3614217836474,329.7300149635336
6,411,343.3432025342996,329.39079011611676
6,412,343.3273110417616,329.24245558756814
6,413,343.31524924393705,329.31036164482526
6,414,343.2802602445711,329.60196117523026
6,415,343.2358223731331,330.00913469127204
6,416,343.18574456242817,330.47271776251023
6,417,343.1335499214611,330.9294716996459
6,418,343.122038383946,331.3031431679803
6,419,343.1763740270365,331.4925832095963
6,420,343.2633989326678,331.4825077571505
6,421,343.3675619498353,331.2944456534132
6,422,343.44574432802165,330.9623774021674
6,423,343.4424000562087,330.58840762439536
6,424,343.3564704952208,330.29227065512646
6,425,343.25276866022745,330.11269712011256
6,426,343.1649085924307,330.0539195969665
6,427,343.11827592517614,330.1196384930846
6,428,343.11190745199553,330.2788048058814
6,429,343.11578593953055,330.49049736886883
6,430,343.07455347716007,330.7462570259455
6,431,342.9580054438254,331.03043228240995
6,432,342.7772548736634,331.30948267236187
6,433,342.6415842911073,331.4959199287737
6,434,342.6213859793587,331.51462355493385
6,435,342.70687974190224,331.36795975263607
6,436,342.8666765893905,331.10327909989724
6,437,343.0839367137425,330.7869315194291
6,438,343.21613772326987,330.52495400584564
6,439,343.1909050084601,330.42311412875097
6,440,343.0898177382896,330.4774402239748
6,441,342.9786913334322,330.64856907789056
6,442,342.84787011975834,330.90861549244454
6,443,342.7323146620073,331.2294020363877
6,444,342.6386443401999,331.5388848115141
6,445,342.52716547388764,331.79456207011117
6,446,342.3828756146058,331.9364537860762
6,447,342.22233554595766,331.9463458675427
6,448,342.0835052920303,331.8492001311478
6,449,342.0178408560568,331.68195739863
6,450,342.0177738209739,331.5142756119911
6,451,342.05249539784694,331.4309894789653
6,452,342.1080987088787,331.4345858482018
6,453,342.18736596724784,331.4739263434187
6,454,342.28634860706336,331.51678255885054
6,455,342.3909715912868,331.49919069228184
6,456,342.49890153376487,331.40300328518333
6,457,342.6219540410825,331.2354940310605
6,458,342.68904661780084,330.9956499233185
6,459,342.64506912898986,330.7098299881163
6,460,342.5549752067482,330.41537304003634
6,461,342.46744300698396,330.1389339218477
6,462,342.3790504519335,329.9471153651033
6,463,342.3516619227524,329.91612407103355
6,464,342.4205958104968,330.04577337246184
6,465,342.49583816135805,330.3303431278464
6,466,342.524843897558,330.7045335474381
6,467,342.5300937610601,331.05299558822173
6,468,342.5401831980324,331.31532081523045
6,469,342.5728120712379,331.50881793505675
6,470,342.6694566221157,331.64599801144016
6,471,342.8571063628838,331.75295190657096
6,472,343.1160176844861,331.88777099954854
6,473,343.3857450694602,332.0450065194952
6,474,343.6082981045788,332.17420185269054
6,475,343.77416260514343,332.24688294607796
6,476,343.86874229572896,332.26508885249655
6,477,343.86444822508753,332.2105632250348
6,478,343.77034958901197,332.0843599970052
6,479,343.623194256672,331.93008939686274
6,480,343.43432700062635,331.78193196617264
6,481,343.26120357891574,331.66548686700423
6,482,343.1518714533661,331.61586445184247
6,483,343.10770167364325,331.66485198915217
6,484,343.14657931407623,331.7911650520563
6,485,343.2527430192814,331.9503002557337
6,486,343.34587733584954,332.08953927904565
6,487,343.3857176624219,332.1244578596645
6,488,343.3568839870265,332.04569351908185
6,489,343.23043548280515,331.8759220043908
6,490,343.0297660181834,331.6778666837027
6,491,342.80354781131797,331.52137057894845
6,492,342.5722801898706,331.5277156755593
6,493,342.39644910748984,331.68415839372705
6,494,342.28459301660723,331.95201032088244
6,495,342.201778161648,332.2434735457891
6,496,342.10802884138155,332.47099210047315
6,497,342.00544852475105,332.5403798961479
6,498,341.8531511940232,332.42914973856455
6,499,341.6355855164212,332.17226254964123
6,500,341.374758487207,331.8539726604186
6,501,341.1205573047015,331.5455208301518
6,502,340.909900743722,331.282992277848
6,503,340.80959613836353,331.10157626464274
6,504,340.86116971190825,331.00058873350764
6,505,341.06698928057824,330.96993076987116
6,506,341.4161122394562,330.9771483900887
6,507,341.870269445318,331.01648044605145
6,508,342.3038925782586,331.0739456016561
6,509,342.66983898903004,331.1338939730848
6,510,342.95605953793284,331.1916268297035
6,511,343.1083417383061,331.2969968151657
6,512,343.08179720815286,331.43415834124255
6,513,342.94972727000044,331.5855671110903
6,514,342.72887655199804,331.7170846243014
6,515,342.4190170906843,331.7667497097182
6,516,342.1090896854698,331.65736690035095
6,517,341.88390081580695,331.4539553366443
6,518,341.70729120261194,331.21925793652525
6,519,341.57811550927426,331.0611613996229
6,520,341.53227222682614,331.02636515781546
6,521,341.5064239685902,331.1441298456611
6,522,341.41734234963934,331.3589841815499
6,523,341.3216187107579,331.60298464764134
6,524,341.2419817938197,331.7787307509234
6,525,341.143324175157,331.8966529386579
6,526,341.07159795324276,331.94948986241377
6,527,341.1426844854048,331.9494941397749
6,528,341.33189103985507,331.9608341962675
6,529,341.59463947033004,331.992968511012
6,530,341.8999301010129,332.0310597448645
6,531,342.1799606745829,332.10155967894946
6,532,342.3313616429816,332.18389207960433
6,533,342.33847241460535,332.2398999073452
6,534,342.26452714724127,332.2978096714354
6,535,342.20528220283177,332.35334924571947
6,536,342.20564360732715,332.4334729601811
6,537,342.2538998341266,332.55969932825207
6,538,342.3434296638475,332.6846353846338
6,539,342.40597995128803,332.7955572555527
6,540,342.3341412368798,332.9206599654116
6,541,342.10093918464304,333.0223004297397
6,542,341.77233866529383,333.09416569204416
6,543,341.4037642431249,333.1902639338639
6,544,341.077006540208,333.3096175506389
6,545,340.9033858929985,333.43623973613103
6,546,340.94443736999574,333.5508790213422
6,547,341.17832438841043,333.63225175958445
6,548,341.5436490545578,333.68189715328117
6,549,341.9538988263809,333.702148722324
6,550,342.30727542704165,333.65815888258834
6,551,342.4967027958413,333.571173349135
6,552,342.4757896068506,333.4973549548674
6,553,342.2758493385559,333.4370495570466
6,554,341.97222230363946,333.3883259565857
6,555,341.65923212742484,333.3764341335909
6,556,341.45956578644484,333.39603565451824
6,557,341.45764669871795,333.4159684977991
6,558,341.646857308695,333.4331440593785
6,559,341.98079682294866,333.4559506739745
6,560,342.3756762822951,333.505322683257
6,561,342.7545577009031,333.59585973416324
6,562,343.0431979984906,333.72841954563444
6,563,343.1857381256549,333.9096426997047
6,564,343.1474609903895,334.13470737570043
6,565,342.958638970016,334.38093428934167
6,566,342.6443687561612,334.6278333617377
6,567,342.26984142417416,334.84547220047756
6,568,341.93155796853836,334.9976797249407
6,569,341.69761589355346,335.07261483485297
6,570,341.577417252884,335.0614250077783
6,571,341.5692808849748,334.95262871247354
6,572,341.63977892655504,334.77633139382664
6,573,341.74138649736955,334.57838637722335
6,574,341.82283889312276,334.39370390763395
6,575,341.8607537276942,334.2549873300723
6,576,341.8344396285106,334.2079446546069
6,577,341.73112673756884,334.26889932743444
6,578,341.5779150077467,334.422349686087
6,579,341.44348483463193,334.62900724492687
6,580,341.37643940663264,334.850017800674
6,581,341.4093079258627,335.0386397923319
6,582,341.5557071311623,335.1516425871698
6,583,341.7604597726406,335.16584348564527
6,584,341.9422793797743,335.09650159708457
6,585,342.03829133060196,334.9747506474507
6,586,342.0167260392971,334.8299416485266
6,587,341.88828310758845,334.6921227957078
6,588,341.703131636644,334.5695028696957
6,589,341.5277083011879,334.4700845684784
6,590,341.41758023226123,334.39739664656486
6,591,341.4029769255204,334.33640654164475
6,592,341.4716278178584,334.2701839231376
6,593,341.5980188991477,334.21202153039377
6,594,341.745258759575,334.164702707974
6,595,341.88108028251077,334.1399243459946
6,596,342.01279082924697,334.16921562992434
6,597,342.164279499568,334.2637577058134
6,598,342.3669404587534,334.40029706705775
6,599,342.6243637091746,334.5623772961324
6,600,342.9443171000841,334.701783713885
6,601,343.2739908486073,334.7703483910245
6,602,343.56373468282254,334.7459857453095
6,603,343.7420593924222,334.6427471335691
6,604,343.7829573543426,334.4461426265003
6,605,343.6711375232666,334.185152084571
6,606,343.4583612925523,333.9045149206273
6,607,343.1726541750035,333.6713073355132
6,608,342.87799885355344,333.52476633348374
6,609,342.64307967048506,333.497785780035
6,610,342.5139556316417,333.57856995823016
6,611,342.4824645056143,333.73215391179986
6,612,342.567786049729,333.89284637107596
6,613,342.7543551944286,334.0299912061478
6,614,342.97748089675656,334.1429647480089
6,615,343.15243625974205,334.2232508891776
6,616,343.2149920995289,334.2766557539482
6,617,343.1103037444377,334.29325811984046
6,618,342.82785731331217,334.24920826973903
6,619,342.4037103607527,334.1275472794489
6,620,341.9088469274284,333.9458155835779
6,621,341.4615951434457,333.7246905035813
6,622,341.1234555764553,333.55988398079927
6,623,340.9327513903512,333.5175113278114
6,624,340.91329615008345,333.6174422813967
6,625,341.0600589243643,333.84225684462945
6,626,341.27180061377794,334.1414955026684
6,627,341.51873959775537,334.375048314864
6,628,341.7742992589424,334.47266481607755
6,629,341.979373012521,334.4291740316794
6,630,342.1193040356394,334.27360698427526
6,631,342.198749222099,334.09008003803206
6,632,342.20884834403273,334.0066597456595
6,633,342.1777998363418,334.0324845947321
6,634,342.1681063960685,334.1210119061967
6,635,342.17159764937014,334.2521969660621
6,636,342.21951774151165,334.36813872026886
6,637,342.31033848669864,334.40828975587675
6,638,342.37226158453586,334.3674175375584
6,639,342.3630096357832,334.29086964825154
6,640,342.3421024245105,334.189953604629
6,641,342.3411428030999,334.0988547157984
6,642,342.4043164958804,334.0229781058464
6,643,342.61279126986557,333.99328619116415
6,644,342.9680065650206,334.01448698541776
6,645,343.37672331801906,334.08300496778634
6,646,343.75596187715314,334.1432644607354
6,647,344.03150804871206,334.1987563825229
6,648,344.1198869588902,334.2699835437145
6,649,344.01709320198074,334.33340082131895
6,650,343.7767535312961,334.36548629689173
6,651,343.51626068509574,334.4149083650748
6,652,343.3264141669506,334.4895974706343
6,653,343.2587221091313,334.53453878377223
6,654,343.33609357491315,334.52195634714224
6,655,343.54044364975823,334.46549477816893
6,656,343.72523243618787,334.3556600657854
6,657,343.797258866467,334.19362661898606
6,658,343.7423877226616,334.0273316902593
6,659,343.54382926720746,333.9403962800028
6,660,343.1922501189574,333.95719184203887
6,661,342.8050329080876,334.0816707409819
6,662,342.51050597879856,334.2778423548243
6,663,342.34632130306034,334.49918127832615
6,664,342.3174697521169,334.6660914108145
6,665,342.45771719834033,334.7554532280936
6,666,342.72558140745,334.74191346856423
6,667,342.9891906294014,334.65799272600486
6,668,343.19755065382975,334.52897432851876
6,669,343.3022414884226,334.40361239528994
6,670,343.2587826718969,334.2867356742929
6,671,343.0826084668657,334.2183164903594
6,672,342.8277539253693,334.19823716359497
6,673,342.50778854055807,334.26192177095385
6,674,342.21022424355624,334.4136758728537
6,675,342.00623636016553,334.6602787348201
6,676,341.88928019681134,334.95865825667175
6,677,341.8517133808631,335.2856690266962
6,678,341.91808959438265,335.5501772988419
6,679,342.0493443266281,335.7167607551156
6,680,342.1840243933098,335.7986819310242
6,681,342.2998259183321,335.8251917349409
6,682,342.3839862397983,335.83558627289466
6,683,342.4015623344296,335.9208192498661
6,684,342.3417652766737,336.1183240629929
6,685,342.21162528100365,336.4020228911145
6,686,342.0333224864971,336.7322995970592
6,687,341.84506983408926,337.0516418782367
6,688,341.68371774704326,337.2896704692846
6,689,341.5621069013049,337.3918750735969
6,690,341.5012797095059,337.3590781025918
6,691,341.49595646019696,337.2436180760771
6,692,341.52707228384367,337.0953493924083
6,693,341.5689694131731,336.9621357690869
6,694,341.60166151436067,336.8976147031872
6,695,341.6091652973068,336.9077194818049
6,696,341.60982382247823,336.9519413334387
6,697,341.608482152044,337.00661456064415
6,698,341.6214917334364,337.0516335483569
6,699,341.6979136492793,337.0377694163956
6,700,341.8961790494516,336.95651511459073
6,701,342.21143646963156,336.8182668969755
6,702,342.611214641166,336.6454266740419
6,703,343.0567403750528,336.44427918144106
6,704,343.4749846568706,336.2607417819507
6,705,343.7494720462528,336.09862178306935
6,706,343.83512744713687,335.9813966092826
6,707,343.7540391547771,335.8834728382445
6,708,343.54347811862755,335.7858379742229
6,709,343.27728754555244,335.63722741273494
6,710,343.0179846016623,335.4576743939084
6,711,342.79325948219,335.21840021085336
6,712,342.6059195905755,334.9452569904694
6,713,342.4558672139442,334.66626375929957
6,714,342.31002384682364,334.4453550258645
6,715,342.1873209764325,334.2800137090457
6,716,342.0923937284849,334.214863191262
6,717,342.00911836478167,334.24067018876724
6,718,341.9275199794695,334.35184966009314
6,719,341.8035659845621,334.54272486570886
6,720,341.6296404138852,334.78088608022534
6,721,341.4438034210736,335.00975379671576
6,722,341.31252285086043,335.20173128355594
6,723,341.2232312294834,335.35571321530244
6,724,341.24146299318545,335.4254985660997
6,725,341.3529698348709,335.4388085667367
6,726,341.49615622869834,335.4233047759094
6,727,341.59922910320995,335.39608089404936
6,728,341.690379054213,335.35366401438705
6,729,341.76610854611727,335.32185271325835
6,730,341.82631066237053,335.2937792212449
6,731,341.8813877315624,335.2689303225135
6,732,341.9386577824814,335.2615834886879
6,733,341.97178785991815,335.27193153999457
6,734,341.95182090618596,335.30894287406727
6,735,341.875933678959,335.3424068037723
6,736,341.75384218277,335.3548537542366
6,737,341.60911581031985,335.32239530645586
6,738,341.4750361070602,335.23719369778655
6,739,341.3833983820509,335.06142829260864
6,740,341.3505997827741,334.8257910005871
6,741,341.37305256064565,334.5327393465459
6,742,341.43906217381476,334.21407251442304
6,743,341.4966632232638,333.8036531267863
6,744,341.57668365192546,333.381500681549
6,746,341.71070689532127,332.9788665580885
6,747,341.9118475367096,332.61620050876
6,748,342.19678334754326,332.2557423586496
6,749,342.6219175616817,331.9521407520384
6,750,343.0695574995445,331.6557098953397
6,751,343.4532581643264,331.3401269222446
6,752,343.7461508901882,331.04910044655855
6,753,343.93962666913944,330.8568580093525
6,754,343.9451587598732,330.82360964067857
6,755,343.7914059382009,330.9585991617609
6,756,343.54786441425983,331.2214953522109
6,757,343.26901947265674,331.50740432973754
6,758,342.9081734656194,331.75276184097015
6,759,342.5213310875207,331.95811736605003
6,760,342.16312565642505,332.15342973872066
6,761,341.8002727274783,332.38391603298277
6,762,341.4320038177906,332.7040360079522
6,763,341.15080686672695,333.14989324715884
6,764,341.0387489347531,333.64077774375477
6,765,341.07101521513675,334.00175285496664
6,767,341.27058339606685,334.23951531271956
6,768,341.5307136063236,334.39003296091806
6,769,341.73770547723285,334.4067932242095
6,770,341.7801201083078,334.3172364448498
6,771,341.64404748566267,334.2708932005352
6,772,341.2868663455456,334.2720938522946
6,773,340.8249474397816,334.2752738940979
6,774,340.3522893812821,334.3092013466688
6,775,339.93226170654145,334.4142487661261
6,776,339.61315867693486,334.55617141099054
6,777,339.44683564813226,334.70052152715886
6,778,339.4065928123423,334.865818100841
6,779,339.4619146905085,335.04317116269135
6,780,339.59169328450207,335.1943970765446
6,781,339.79198798036475,335.3790663347848
6,782,340.07954004798466,335.6192501377656
6,783,340.4246884915362,335.8677572451173
6,784,340.8268409080309,336.09231555342205
6,785,341.2751770417572,336.2646955976506
6,786,341.71902948790796,336.30460485322186
6,787,342.0674609165409,336.2080802505471
6,788,342.30940357713655,336.03781398371075
6,789,342.41136775747543,335.86290336610324
6,790,342.35603954844635,335.7775385620177
6,791,342.1471579536264,335.8402521673478
6,792,341.85330096780024,336.02737413620736
6,793,341.52201931651894,336.2917866276409
6,794,341.2240855104259,336.5687559706383
6,795,341.0168929939621,336.74522230957217
6,796,340.9569934296886,336.75779619096716
6,797,341.03700939777156,336.59442682910196
6,798,341.2260860437512,336.2757956035996
6,799,341.4722289302914,335.86029718584365
6,800,341.73226162043755,335.45148308333444
6,801,341.96848017230514,335.1279753072755
6,802,342.15723075339645,334.95344031963583
6,803,342.27641712295474,334.93485311541576
6,804,342.35147527859186,335.03898251961516
6,805,342.38858402734917,335.2093009087938
6,806,342.3653111146866,335.39106418184844
6,807,342.284879658957,335.53831571891874
6,808,342.21196404396335,335.6240723496203
6,809,342.12058378162504,335.61760729644584
6,810,341.99020494305654,335.492828298191
6,811,341.8405343970053,335.2825843417651
6,812,341.6994361164578,335.03319013680516
6,813,341.5528221189803,334.77959025268325
6,814,341.4510699476966,334.58642975977557
6,815,341.4454811221145,334.5374091281741
6,816,341.57297445580093,334.60324317400506
6,817,341.81746904681927,334.70982704833045
6,818,342.1331696130553,334.8395465467302
6,819,342.4562918635473,334.94928940039983
6,820,342.74464803369426,334.9748777185262
6,821,342.9438431062358,334.94848686535784
6,822,343.05309685323454,334.9396033671178
6,823,343.0800666259373,334.96194975508956
6,824,343.0504068005604,334.98984607034856
6,825,342.9877651009406,335.0076395809421
6,826,342.9394665764148,335.0034581660302
6,827,342.874701564387,334.959078779051
6,828,342.8140588626802,334.8723115160918
6,829,342.7502441901474,334.84705273271635
6,830,342.6573704306846,334.9685168641105
6,831,342.5024954674393,335.23241783106226
6,832,342.3287158592573,335.6046055938079
6,833,342.1316810027054,336.05696332647267
6,834,341.92929824553494,336.47454221001055
6,835,341.7533737858709,336.7793663682403
6,836,341.621220906387,336.9660953195436
6,837,341.5306464676577,337.06201181175186
6,838,341.48329077135645,337.08631058918576
6,839,341.46561450757434,337.0996425112259
6,840,341.4483793497282,337.11028955905243
6,841,341.42799192662005,337.07099437789833
6,842,341.4155141040866,336.9029522755095
6,843,341.43587733671586,336.53195880879423
6,844,341.4961951039683,335.85770310420867
6,845,341.6058879321611,334.89245195339004
6,846,341.7194708589362,333.77145073638434
6,847,341.7821648163846,332.7219332274177
6,848,341.7929267453901,331.9451838720404
6,849,341.75306422354475,331.65963737360335
6,850,341.6589508589031,331.8912641891108
6,851,341.56762796866917,332.55354427800586
6,852,341.5539020249518,333.4002839114613
6,853,341.58148845621054,334.24283175060236
6,854,341.6420650302098,334.94804053540344
6,855,341.7318760965695,335.51827488573656
6,856,341.83383688865047,335.92558867095113
6,857,341.8753640256594,336.27172397749973
6,858,341.8541686968058,336.60246468252154
6,859,341.77949071166984,336.881342685139
6,860,341.6620170637116,337.08920441614066
6,861,341.50595207253923,337.2435066828206
6,862,341.341781472823,337.3082249470411
6,863,341.1801782193772,337.29055864197744
6,864,341.0189712963214,337.24859425843664
6,865,340.86239288634715,337.1586915835402
6,866,340.7253519094318,337.0456554377731
6,867,340.6323823358728,336.97108978506765
6,868,340.59002214763984,336.97062153511683
6,869,340.594494858291,337.01107681234095
6,870,340.6435251698053,337.12439641306287
6,871,340.71284380437453,337.30828244145334
6,872,340.7736944208211,337.5279937602456
6,873,340.82426951107044,337.73828194758494
6,874,340.87976267805726,337.96244894777226
6,875,340.95212399432427,338.1568475141885
6,876,341.0469388648073,338.2637007730424
6,877,341.15962522723987,338.22656176919963
6,878,341.2784077593155,338.07859259029107
6,879,341.3694820408903,337.8174760704015
6,880,341.40465703426,337.4998514529611
6,881,341.40593643360734,337.2039758738924
6,882,341.4037400061774,337.00567581735663
6,883,341.4252256651017,336.86817356119013
6,884,341.481682012809,336.76632873087016
6,885,341.59316126552864,336.6433312520365
6,886,341.7153757040807,336.4289039938957
6,887,341.80881694250576,336.0668350115575
6,888,341.87222192299566,335.53417811290694
6,889,341.95615152485306,334.8102281383131
6,890,342.0327814934143,333.9528920980639
6,891,342.13860280058054,333.0812319018953
6,892,342.3076513580608,332.3341701932976
6,893,342.49825591425713,331.85409811115903
6,894,342.63104439506515,331.7639167578948
6,895,342.7477396245246,332.05299362185826
6,896,342.82471787158806,332.6159336273166
6,897,342.82791488490943,333.31168329787124
6,898,342.78361982949815,333.9984445128373
6,899,342.7386269001887,334.5178827120935
6,900,342.66419699787156,334.78412459204174
6,901,342.5579949914072,334.79424215134355
6,902,342.44083756647717,334.5773385348538
6,903,342.3140288434563,334.1951068043353
6,904,342.1658478393317,333.7869368280945
6,905,342.0149937358308,333.49000428821694
6,906,341.88442541173265,333.3500195697657
6,907,341.7869730151026,333.36638062270407
6,908,341.7269335693221,333.5195422777146
6,909,341.6991822807895,333.7363422506864
6,910,341.6836174740995,333.9531831939689
6,911,341.67815532868417,334.1747128577741
6,912,341.67535986582044,334.43383869207247
6,913,341.66884030912394,334.73113758296006
6,914,341.6843265592785,335.0537460006882
6,915,341.72921138352206,335.3484130437246
6,916,341.77889398732407,335.5709283736736
6,917,341.79352090653657,335.70020366015797
6,918,341.76560753746736,335.7357652934983
6,919,341.67799476074754,335.7022147563587
6,920,341.54121794397554,335.65713737156955
6,921,341.396031141822,335.63314785242045
6,922,341.30746617018644,335.63715090558327
6,923,341.27914634310383,335.6920097660741
6,924,341.28410063476537,335.8308965294975
6,925,341.30303694729736,336.0399669873615
6,926,341.32383891297394,336.2343014546331
6,927,341.3198442059664,336.32815978050854
6,928,341.3226811680285,336.21864784146004
6,929,341.39818804327274,335.8168343357889
6,930,341.57538769421154,335.1294097168533
6,931,341.780423302044,334.3195792888112
6,932,341.9601781029841,333.5896556050226
6,933,342.06055266869896,333.1095307126909
6,934,342.0560179666071,332.9556647039067
6,935,341.93642828167805,333.12572804608266
6,936,341.8080748190367,333.48460989797456
6,937,341.7655946179131,333.8793382407023
6,938,341.83170353804127,334.22670943759016
6,939,341.9496625285215,334.5114762446753
6,940,342.1022164241308,334.7352771605168
6,941,342.2161938800442,334.96661321773536
6,942,342.1962042427365,335.19068726863895
6,943,342.0570778853476,335.3305404472251
6,944,341.8362122702505,335.365072576433
6,945,341.54401922526836,335.29326476610316
6,946,341.2365369896287,335.0957580394894
6,947,340.97688217331114,334.8629509010426
6,948,340.75653266929066,334.73628627542774
6,949,340.6219447563624,334.74125825297494
6,950,340.5920309724945,334.8894534528056
6,951,340.6508656312811,335.17450395719857
6,952,340.7938678015425,335.5298338883822
6,953,341.01253558929375,335.8708868965068
6,954,341.25044424204185,336.18156521438965
6,955,341.4780831286946,336.42243657225333
6,956,341.6729362787881,336.5757544468679
6,957,341.8078450726518,336.6386096428351
6,958,341.87965616788085,336.60542460325956
6,959,341.88612126777736,336.4698286065101
6,960,341.83911286489456,336.2838441007507
6,961,341.7679367773293,336.08959343099116
6,962,341.6958816672801,335.93916169328935
6,963,341.63152911776234,335.87022152067686
6,964,341.58299519821276,335.9140117778022
6,965,341.52820786442004,336.05525891883707
6,966,341.4246105251715,336.2672036287337
6,967,341.28913680750065,336.48556789053924
6,968,341.1610230976399,336.6688728066126
6,969,341.08912309320084,336.7373531804368
6,970,341.1200411703429,336.6028849757854
6,971,341.2888704451681,336.2591773017416
6,972,341.5608578198051,335.76071811948475
6,973,341.86774064812136,335.17664794244183
6,974,342.15169949176436,334.6502513353896
6,975,342.38319156998887,334.3710206535135
6,976,342.5509721979823,334.39766305292267
6,977,342.6673250549091,334.71458036454976
6,978,342.7690998238434,335.24167571765327
6,979,342.86093118168674,335.83278275310295
6,980,342.89900596990844,336.3259139478941
6,981,342.84208141869556,336.6538286188637
6,982,342.6724356637441,336.7674484770296
6,983,342.38734544657694,336.6969758002376
6,984,342.0176958295367,336.5225461876293
6,985,341.6568628920693,336.31414741293696
6,986,341.37836036250025,336.0777166189768
6,987,341.1706440148237,335.9189626256373
6,988,341.0349362658417,335.8463529848066
6,989,340.97991949183836,335.83078535215293
6,990,340.98707565984165,335.8436918778838
6,991,341.03168384040396,335.92027439356605
6,992,341.16177793748557,335.9943687161725
6,993,341.3494097034436,336.08028869709295
6,994,341.5389906222768,336.1810318947567
6,995,341.6741310517121,336.28306611999255
6,996,341.7569327980747,336.3451939582329
6,997,341.7747301712698,336.3476019613292
6,998,341.77943919836156,336.25515517498474
6,999,341.81556312941524,336.07229933239796
6,1000,341.9117737244661,335.8322023255779
6,1001,342.0225874094298,335.55300083107994
6,1002,342.1189307375318,335.27328225487395
6,1003,342.1282734811075,335.03350252886764
6,1004,342.00974649137606,334.86902826415115
6,1005,341.7500708171595,334.76731639214614
6,1006,341.4139420931191,334.7207753689311
6,1007,341.05325831874035,334.7017991923319
6,1008,340.7334878420397,334.67021497360514
6,1009,340.47967517539325,334.5793841776246
6,1010,340.3092861010896,334.4564220640465
6,1011,340.20680565288933,334.3658545708856
6,1012,340.1599959224762,334.3405038805956
6,1013,340.1544792036567,334.39384704459843
6,1014,340.220463747478,334.5303104569888
6,1015,340.37289603899086,334.7213235060485
6,1016,340.57123224883446,334.92428433140594
6,1017,340.79356245181896,335.11754968839364
6,1018,341.03292922681914,335.28272450061047
6,1019,341.21554378446757,335.44286960799946
6,1020,341.30010797899337,335.579737485121
6,1021,341.33667058187774,335.63078271440565
6,1022,341.339115878896,335.57124560146576
6,1023,341.32736120171074,335.4225573412794
6,1024,341.36530681081445,335.14985980159094
6,1025,341.4799861296417,334.77596158192364
6,1026,341.65382094955,334.360348848879
6,1027,341.8618988179364,333.9726042919312
6,1028,342.0677468285238,333.6488427704525
6,1029,342.2449691980897,333.4012262498511
6,1030,342.356886010484,333.2480396488497
6,1031,342.36330622916057,333.2186399914024
6,1032,342.27716414925595,333.25806879689
6,1033,342.1203443340188,333.3154123415443
6,1034,341.93478977478503,333.4316544595877
6,1035,341.7811503339616,333.6067692482661
6,1036,341.72154626639986,333.7723389694159
6,1037,341.7625616175237,333.91817610441075
6,1038,341.8852971649445,334.06696632849344
6,1039,342.023442069779,334.1773487222409
6,1040,342.12218197542546,334.2142639173605
6,1041,342.14545892189847,334.2243623277352
6,1042,342.06246010608277,334.26223036182193
6,1043,341.8710967712821,334.3427735441833
6,1044,341.61469135663253,334.4763313257404
6,1045,341.3722992516549,334.6651065610532
6,1046,341.1768219991833,334.87241713984486
6,1047,341.0723282663141,335.0458189648224
6,1048,341.08611044711523,335.14389286716954
6,1049,341.20387796165045,335.1756892613721
6,1050,341.35499249377176,335.16287543501835
6,1051,341.49694250418145,335.1310891871435
6,1052,341.604954193551,335.1038331590717
6,1053,341.63613928135396,335.10553756679366
6,1054,341.5864841317768,335.11937632803955
6,1055,341.48898221800494,335.1317971800405
6,1056,341.3858796804804,335.1384238861938
6,1057,341.2950999541951,335.13031391958833
6,1058,341.27296408227375,335.10231027374857
6,1059,341.3384689821492,335.0664690648986
6,1060,341.46502430575384,335.0493212171279
6,1061,341.60390310054004,335.061208248198
6,1062,341.73648683563687,335.10643953991416
6,1063,341.83623063880583,335.1698959195626
6,1064,341.893767189463,335.24382339712406
6,1065,341.9237561607712,335.29144997640867
6,1066,341.9608392710767,335.30281380922145
6,1067,342.0203114906127,335.29348907378505
6,1068,342.1023525735194,335.30208445495225
6,1069,342.18266140848056,335.33087320589124
6,1070,342.24279345418574,335.39807965368925
6,1071,342.27323917591383,335.5008240676275
6,1072,342.26093581821385,335.62986028028183
6,1073,342.19703979011297,335.75533526495315
6,1074,342.09743625324705,335.8812552323691
6,1075,341.97675942746895,336.0198071453368
6,1076,341.83370493685106,336.1774270838252
6,1077,341.683002560837,336.35327887240294
6,1078,341.5648617564692,336.54935889317653
6,1079,341.50924411404617,336.7451575768411
6,1080,341.5243919514262,336.9110590232883
6,1081,341.6090489928795,337.03653812787866
6,1082,341.74620532863815,337.11495600279636
6,1083,341.88900597300085,337.15583465005056
6,1084,342.0071149019961,337.1976097828755
6,1085,342.07962438098536,337.27242638349884
6,1086,342.10174573851884,337.4012463830891
6,1087,342.067277961386,337.56910538277646
6,1088,341.98765502528363,337.74075067383046
6,1089,341.87302688907727,337.86208469963634
6,1090,341.74771892827283,337.89286255044516
6,1091,341.62923454144607,337.80497649264316
6,1092,341.5474781510857,337.63069622369505
6,1093,341.51609249266454,337.440719397983
6,1094,341.5295105704173,337.28306482669893
6,1095,341.58603254361964,337.195793960487
6,1096,341.6887034310935,337.1867072422044
6,1097,341.82064832451755,337.2279813584715
6,1098,341.95717697568125,337.26466265105717
6,1099,342.0913522543773,337.2823161605688
6,1100,342.20676891916133,337.25964580291634
6,1101,342.2816936481692,337.20344889929925
6,1102,342.3199444727608,337.1447989333294
6,1103,342.336785502455,337.0984781311133
7,0,343.2469029436362,318.9972302010363
7,1,343.3376769275929,319.12734703384353
7,2,343.4408421505205,319.2700291849262
7,3,343.5511506208884,319.41740404098323
7,4,343.6347392757879,319.52623081478674
7,5,343.6851938409227,319.59523850690636
7,6,343.69355007415516,319.6311938233556
7,7,343.67601760260374,319.6602460611861
7,8,343.63153107097344,319.6892257730557
7,9,343.5673537461129,319.7108809123846
7,10,343.49005911399104,319.71228072380234
7,11,343.41310562436445,319.6837147687392
7,12,343.34612518571686,319.618051080204
7,13,343.3024750790132,319.5133634625636
7,14,343.28005161630875,319.3821193784145
7,15,343.2694642351881,319.2504311430646
7,16,343.2604591816381,319.14137278384266
7,17,343.24487030753664,319.07298378487724
7,18,343.21553271294863,319.0524109955361
7,19,343.17489594642177,319.07448336584815
7,20,343.13298395632194,319.12202031727253
7,21,343.0959141453943,319.18124391139736
7,22,343.06952053467325,319.2375621764737
7,23,343.0588771664925,319.28123385414
7,24,343.0615263481611,319.3111226902406
7,25,343.06997777288973,319.3304642718461
7,26,343.08405100919083,319.3401595850819
7,27,343.0949184795499,319.3478493631809
7,28,343.0911058483044,319.3670966130804
7,29,343.0732859547667,319.3973178668767
7,30,343.0438558594284,319.43312762700805
7,31,343.00232230780284,319.4726364207303
7,32,342.9573692328923,319.50791677269615
7,33,342.922276169288,319.52338422759317
7,34,342.9038989295284,319.52047522297875
7,35,342.90663636161145,319.5061031098137
7,36,342.92984875205246,319.4869697691921
7,37,342.9663737516752,319.4748756597493
7,38,343.0041319306538,319.4819598509543
7,39,343.02756138055486,319.50675584037384
7,40,343.02663806469064,319.54563973353345
7,41,342.999255846662,319.59100664189793
7,42,342.94953257953847,319.6293439171329
7,43,342.89229549853565,319.653207904933
7,44,342.8558957851052,319.6607596776231
7,45,342.85523880285103,319.64945857483104
7,46,342.8933492144282,319.6193554860299
7,47,342.97006946686616,319.5789206490076
7,48,343.070502401042,319.5306113958007
7,49,343.16423477388145,319.4765546083724
7,50,343.2386373355045,319.429333157149
7,51,343.29291134609946,319.39822121716276
7,52,343.3222806098283,319.38033544359234
7,53,343.3284114679435,319.37645709333344
7,54,343.31927741404115,319.38943108159293
7,55,343.29785576141376,319.405032414584
7,56,343.2657632551738,319.4185729447619
7,57,343.231290918318,319.4337763718891
7,58,343.19724003033843,319.45162108890145
7,59,343.16457069227465,319.46899658856734
7,60,343.13352855400996,319.48863399135405
7,61,343.1033248089219,319.50261536970555
7,62,343.0729221856426,319.5033746151388
7,63,343.04681763047546,319.48694500909045
7,64,343.0304626467754,319.45814291962597
7,65,343.0269864200738,319.4266987711817
7,66,343.0356376280124,319.4044520076902
7,67,343.04913344398744,319.40152596909394
7,68,343.06040421551296,319.4290580840295
7,69,343.063995896131,319.4810296935724
7,70,343.0570675729868,319.5403624858966
7,71,343.04144431832475,319.59472603514195
7,72,343.0229839078449,319.63662370077014
7,73,343.0085974895959,319.65539595719247
7,74,343.0009719506069,319.65788038053205
7,75,342.999969798168,319.6612953158845
7,76,343.00414199108945,319.6738344702341
7,77,343.01221400481404,319.6916433695269
7,78,343.0178925803785,319.70939937960554
7,79,343.0217318711273,319.7197391940354
7,80,343.0294337488173,319.7188687815823
7,81,343.0423238064592,319.7053987862492
7,82,343.0590207504734,319.689374758105
7,83,343.08151874130664,319.6828454250765
7,84,343.10586987740277,319.68889902072635
7,85,343.1217447637317,319.69777030724686
7,86,343.124434060595,319.7118270812995
7,87,343.1155152910543,319.7281863601764
7,88,343.09996892641533,319.74116119518624
7,89,343.08010254756044,319.7504876421474
7,90,343.06078751688943,319.7658626703278
7,91,343.04628088104573,319.7860538822172
7,92,343.03788286084705,319.8129573587725
7,93,343.0288825452622,319.8488655528556
7,94,343.02441454598045,319.8897874055217
7,95,343.0273687088908,319.92517301014715
7,96,343.0366268586778,319.94929353467296
7,97,343.04809659297945,319.9548182429354
7,98,343.0680464154563,319.9392144740499
7,99,343.0908053550738,319.9113121769784
7,100,343.11299825217907,319.88416245761726
7,101,343.1324290253994,319.8656032894702
7,102,343.1489310738837,319.8595388724975
7,103,343.1590740148622,319.8669031878683
7,104,343.168073417109,319.87663740319704
7,105,343.18284372712264,319.8800405394821
7,106,343.20707085315064,319.87102634394984
7,107,343.24329523334677,319.8493298803627
7,108,343.2907163114403,319.8161984869123
7,109,343.34247642829973,319.781434264095
7,110,343.3873654621599,319.7494694452396
7,111,343.423407107491,319.72385586413577
7,112,343.44846780078853,319.70804102797797
7,113,343.45602202912426,319.7020495893539
7,114,343.44407677374045,319.7015015737956
7,115,343.4137920992225,319.7024320531941
7,116,343.3561526142664,319.70188676509974
7,117,343.2724576524844,319.692830965952
7,118,343.17704167297876,319.67374857253105
7,119,343.0837749822332,319.6440004728528
7,120,343.0029827138304,319.6050943008407
7,121,342.95693234264354,319.5609485689396
7,122,342.9505146944761,319.5136673118572
7,123,342.97573089416164,319.4625031224103
7,124,343.0159040349635,319.41256287617176
7,125,343.06068506389533,319.36915280082394
7,126,343.0957292561344,319.3326631744384
7,127,343.1190341514165,319.30525941572483
7,128,343.1418282120716,319.2829210381089
7,129,343.178138981484,319.25880004747216
7,130,343.2289171211445,319.2289335060952
7,131,343.29036083928014,319.192545553495
7,132,343.35513848922074,319.1508436044154
7,133,343.3997350038725,319.1155674439657
7,134,343.41426078576796,319.09229949578895
7,135,343.4065674433911,319.07936580909046
7,136,343.39023658262374,319.0736204581765
7,137,343.37504608773514,319.0747527532533
7,138,343.37822214723684,319.07880208430583
7,139,343.4034488933731,319.0872417091026
7,140,343.436183199526,319.11208144695877
7,141,343.46044727219214,319.15871236061696
7,142,343.4669876919635,319.2269203615332
7,143,343.4496672343874,319.31199271737523
7,144,343.409352346845,319.4028538459654
7,145,343.3659029150303,319.4753795887008
7,146,343.33183495261034,319.52002796243875
7,147,343.30963264617105,319.53569810704766
7,148,343.2954963112006,319.5261691148389
7,149,343.28221904206066,319.5031363658702
7,150,343.25900149195365,319.4821837256073
7,151,343.22551269568123,319.46864406048894
7,152,343.1997642519206,319.4566809834234
7,153,343.19961586191624,319.4401740210134
7,154,343.23362383865583,319.41479363323907
7,155,343.2983005879527,319.37902826075083
7,156,343.3850140692095,319.3356667870014
7,157,343.4647920422809,319.2972901301636
7,158,343.51931420529047,319.2741398269133
7,159,343.54749409714907,319.263706758683
7,160,343.55194696587006,319.2660264672332
7,161,343.53458289787676,319.2816981959634
7,162,343.51077064425647,319.30327744568706
7,163,343.4876495448839,319.3241619355514
7,164,343.46522638963705,319.35144412190436
7,165,343.4527101535265,319.3820841137871
7,166,343.45695779617523,319.4078535243588
7,167,343.4714909803119,319.43362899766447
7,168,343.4950453413152,319.461920232772
7,169,343.5272717907699,319.48209757665495
7,170,343.55871557171804,319.4913862071054
7,171,343.58280788218997,319.49609481314195
7,172,343.6019495668033,319.4888328213352
7,173,343.61047977131835,319.46641472078943
7,174,343.60086782021506,319.4373976957644
7,175,343.57472398776383,319.40896273739844
7,176,343.5348413322419,319.3796232261198
7,177,343.48997473944735,319.35247455933984
7,178,343.4548792249963,319.3298170381229
7,179,343.44410958071524,319.307923099584
7,180,343.4630752707402,319.2867386317993
7,181,343.5095602017507,319.2714952392801
7,182,343.57042276850234,319.26295182166353
7,183,343.62879355816403,319.2609097904087
7,184,343.6681849828929,319.2674948460847
7,185,343.67926918011347,319.28227865186
7,186,343.6632430571812,319.30200175374677
7,187,343.6268120915856,319.3248322248582
7,188,343.5785317780978,319.34484883733165
7,189,343.536775461656,319.3535620463695
7,190,343.504981848595,319.3454709211293
7,191,343.48209837788534,319.3179195140348
7,192,343.4679386128995,319.276314573132
7,193,343.4621343502313,319.22977336434235
7,194,343.44964129083814,319.19193648494337
7,195,343.43251734734883,319.1711215232695
7,196,343.4132488989041,319.1684940912789
7,197,343.3957087681018,319.17750894742665
7,198,343.3856129916714,319.1963656702809
7,199,343.38782548631127,319.2218059305886
7,200,343.39562707585225,319.25795535716463
7,201,343.4096806668846,319.3024534857158
7,202,343.42424845036237,319.35800531540764
7,203,343.43140511940976,319.4212715293712
7,204,343.42568042653295,319.4851142633913
7,205,343.4119835295822,319.52799313069136
7,206,343.3846330859596,319.55162493158633
7,207,343.3456147930374,319.5528137559257
7,208,343.2988443906019,319.53152871669596
7,209,343.2592550608423,319.49113572885307
7,210,343.2347230127366,319.44507070936464
7,211,343.2317375073922,319.3956571341919
7,212,343.2491374964528,319.3570956802422
7,213,343.2897434865904,319.3358316778923
7,214,343.34217387936155,319.33120872082236
7,215,343.3977216560881,319.3405579221475
7,216,343.4545944153007,319.3631585262059
7,217,343.51265731325367,319.3803887514067
7,218,343.56032549144936,319.38539731796527
7,219,343.59682650177103,319.38389187446063
7,220,343.62041715157915,319.3813803035622
7,221,343.6274436934525,319.3756785731199
7,222,343.61986253261,319.3734148043403
7,223,343.6047677450905,319.3786608853322
7,224,343.58327053932095,319.39022184930013
7,225,343.561218648986,319.4018505952243
7,226,343.5408747402372,319.41615191690994
7,227,343.5173019851003,319.4324738696501
7,228,343.488835464088,319.44416412495707
7,229,343.45935620530906,319.44236948983877
7,230,343.42445329989164,319.4344130420599
7,231,343.3886077603161,319.4200621265995
7,232,343.35737034167244,319.40063848386876
7,233,343.33148428392343,319.3825043271356
7,234,343.3086170998813,319.37282631463523
7,235,343.29177578525196,319.3640143362911
7,236,343.2763668084927,319.35372939136096
7,237,343.26466751440387,319.3436191676042
7,238,343.26293044251105,319.3312112651337
7,239,343.2757332799279,319.31285329284185
7,240,343.30400516896117,319.2896676773123
7,241,343.3488717311295,319.26264773619926
7,242,343.403816713847,319.2320008984057
7,243,343.46248970047486,319.20245258489535
7,244,343.5192727336488,319.17931304539934
7,245,343.56627179957405,319.1687806287427
7,246,343.59951878444866,319.17033153849184
7,247,343.61743134747985,319.1806319490034
7,248,343.61652848890134,319.1975118759406
7,249,343.594031314109,319.2198548018614
7,250,343.5559317153949,319.24347705042726
7,251,343.5065106028861,319.2712100139712
7,252,343.45136888620635,319.30643145103363
7,253,343.39648988750594,319.34414378164684
7,254,343.3492414272961,319.37845867717897
7,255,343.30626188793616,319.4086961584407
7,256,343.2658080887591,319.43548334490544
7,257,343.23287861638653,319.4552152477871
7,258,343.2130422056002,319.4731682362697
7,259,343.2125851253493,319.4928712456077
7,260,343.25732431028223,319.4804599459305
7,261,343.37186435016497,319.38619413337403
7,262,343.58129174509907,319.17150203893664
7,263,343.9258406347063,318.8040741633193
7,264,344.37294145520923,318.32333145468664
7,265,344.8575414288398,317.87065028547175
7,266,345.3083115525573,317.59778429753425
7,267,345.6655522880304,317.5698834580392
7,268,345.8386374753002,317.8323147329961
7,269,345.87078295801354,318.31686948749757
7,270,345.80415809761394,318.88035566277154
7,271,345.7014711307744,319.3718327866869
7,272,345.58556214409333,319.7708357272367
7,273,345.49502381301613,320.0651351397671
7,274,345.4172722799919,320.26864418000497
7,275,345.37644643767965,320.3849067486972
7,276,345.34169983059763,320.4521845794459
7,277,345.2976277419472,320.5133818343169
7,278,345.2278574857738,320.59096144301367
7,279,345.1132121914241,320.71381470742165
7,280,344.93873107138586,320.9095995669716
7,281,344.75365375742035,321.16251245803653
7,282,344.5892803053947,321.37575382968566
7,283,344.487975196262,321.5009044080377
7,284,344.4814709134249,321.509861404039
7,285,344.5549029001254,321.4147672232882
7,286,344.64752034663246,321.28231242628954
7,287,344.7584188875536,321.1802426293451
7,288,344.86964679117494,321.1391114316368
7,289,344.91245782800127,321.1790545524568
7,290,344.864206544535,321.2700943679822
7,291,344.75690326198924,321.3640554431338
7,292,344.56742555605337,321.4461452953908
7,293,344.2796171250714,321.50888321225113
7,294,343.9682656919699,321.5381339879031
7,295,343.68911620138226,321.5846306174772
7,296,343.4595132270918,321.6487952408335
7,297,343.2988470568056,321.7219334552083
7,298,343.22027769513534,321.7925938231935
7,299,343.17999815404164,321.8775922343231
7,300,343.1306109417558,321.93516714826757
7,301,343.03787189828597,321.9624488408135
7,302,342.8917720728987,321.9623567017848
7,303,342.703103290457,321.94174371320355
7,304,342.5183945778834,321.88101374901686
7,305,342.37643040820865,321.79147473020225
7,306,342.29380000976005,321.67087478449383
7,307,342.2822534692225,321.52396803106456
7,308,342.34371824689725,321.3686978512748
7,309,342.4527252231841,321.2339392785488
7,310,342.5872675213354,321.130037300898
7,311,342.7404945181663,321.07389429892436
7,312,342.89730745840365,321.08520065577414
7,313,343.0166280495824,321.1603383924029
7,314,343.0822207235199,321.27218019451107
7,315,343.10572700693547,321.41245886596977
7,316,343.10061884665686,321.577072759507
7,317,343.0842105965742,321.7206437857202
7,318,343.0934095739161,321.817036957839
7,319,343.1424532703202,321.86933798188863
7,320,343.2158640582512,321.87756123845656
7,321,343.2912302610862,321.8428593956949
7,322,343.3538717439252,321.7965874598852
7,323,343.4005294618433,321.7597695790505
7,324,343.431325937845,321.75733132736383
7,325,343.4544083561627,321.8044060849454
7,326,343.4778492405427,321.89713609967293
7,327,343.5044088322849,322.0151544944278
7,328,343.5238095967905,322.14940002432064
7,329,343.5370361957931,322.2679829229992
7,330,343.54868816222375,322.33834452399526
7,331,343.5736452987236,322.3606612761257
7,332,343.63420371811424,322.36488761038015
7,333,343.7476564018403,322.3692667874835
7,334,343.8876946740534,322.39146016286287
7,335,344.03197072525825,322.44030516872283
7,336,344.1463204270226,322.49808983475555
7,337,344.1943603511709,322.5304134113594
7,338,344.14776087069606,322.5211864929975
7,339,344.0453803530545,322.47642129987406
7,340,343.91117888159994,322.4194127294758
7,341,343.77752636257406,322.3787012518706
7,342,343.6669808427963,322.37398357808615
7,343,343.61540978406686,322.3883433793241
7,344,343.6214209622084,322.3995453641087
7,345,343.6898070682121,322.38749531245736
7,346,343.83177569133903,322.32688095425556
7,347,344.0358429650143,322.20551218837977
7,348,344.21549325938213,322.08228705344203
7,349,344.2898750169921,322.0040094051566
7,350,344.2461886651625,321.9766358148088
7,351,344.0808807111885,322.00529860287696
7,352,343.8199327530358,322.093880821299
7,353,343.5518280631192,322.1900899633036
7,354,343.36978334367865,322.2411351936114
7,355,343.2590089361003,322.24707629444737
7,356,343.24058330995007,322.2003975320872
7,357,343.3040021589153,322.1045173601912
7,358,343.39176567523117,321.99469242265695
7,359,343.4416981506552,321.90770142073706
7,360,343.50641522464457,321.8283497850003
7,361,343.5600780876565,321.74521609787325
7,362,343.55498290179406,321.67263161085083
7,363,343.51586311384426,321.5883102332923
7,364,343.4829081938974,321.4785855753729
7,365,343.42426750538823,321.37788581913946
7,366,343.3554934584183,321.33358478252666
7,367,343.37530475690914,321.3067162230742
7,368,343.4925549092201,321.3044725292758
7,369,343.66008219979454,321.3416940974359
7,370,343.8478781416668,321.4007806530532
7,371,344.060576606587,321.42768669409395
7,372,344.20839589600627,321.4510282446552
7,373,344.2448533938856,321.47596691307587
7,374,344.18981713409676,321.4789682356156
7,375,344.0855212074812,321.4231729683336
7,376,343.95502742849163,321.2712567306398
7,377,343.87010269990253,320.97594813046726
7,378,343.882856054513,320.529446833963
7,379,343.97583984297864,319.99498119163536
7,380,344.07171044287867,319.47205550461916
7,381,344.12608178802475,319.05540490548236
7,382,344.1001513036264,318.8249596868643
7,383,343.98412768850767,318.8119532504721
7,384,343.844100676758,318.9383217350228
7,385,343.74524139412,319.11463234151324
7,386,343.64658471071596,319.34140183343027
7,387,343.5516605956268,319.5664480991736
7,388,343.5113693211237,319.7083252282119
7,389,343.5141078201702,319.7708212408792
7,390,343.5205088983341,319.7819415798061
7,391,343.56087982289887,319.6997036742466
7,392,343.6335490494619,319.532773231162
7,393,343.67872172671673,319.3386595217976
7,394,343.6900949632905,319.14495929575565
7,395,343.7206768219743,318.98647073970767
7,396,343.7700419230128,318.90536823120453
7,397,343.8096212278135,318.92184573716855
7,398,343.84788054677085,319.00109629275
7,399,343.8754445054541,319.10680043164393
7,400,343.8933643077235,319.1647581171966
7,401,343.9083662067722,319.1235633268776
7,402,343.9483771669713,318.9675637310632
7,403,344.0110526271495,318.74950292927355
7,404,344.1076337682471,318.49461182588925
7,405,344.2343870638185,318.22436591463634
7,406,344.38388084985814,317.9778120749808
7,407,344.541281185255,317.765285519321
7,408,344.71971321053127,317.55427166986317
7,409,344.8881933271173,317.37100382502393
7,410,344.9867208899835,317.302207603124
7,411,345.0171215117005,317.3364304070904
7,412,345.00902002374346,317.4441197593776
7,413,344.94586199719583,317.6141043824085
7,414,344.81976718829196,317.84343926121716
7,415,344.6843731408105,318.03847273470615
7,416,344.54714467401107,318.1961260058191
7,417,344.4054315393602,318.33907810864247
7,418,344.30524826491313,318.44426834317335
7,419,344.3047056238471,318.42063334299627
7,420,344.381540474226,318.27229490771384
7,421,344.5045520120998,318.02011423300326
7,422,344.6248940199261,317.69107239804333
7,423,344.67866111278704,317.3766727656405
7,424,344.62221763080345,317.2055280915443
7,425,344.4928132068997,317.20444750897616
7,426,344.3512278755077,317.3462226733095
7,427,344.2507066023995,317.5729419095916
7,428,344.2106916518269,317.78783091188734
7,429,344.25071267057183,317.90763208505234
7,430,344.3280889111388,317.9357934181103
7,431,344.39101099213997,317.88214824984595
7,432,344.4201094678765,317.7649640804168
7,433,344.5029051934476,317.5995962431549
7,434,344.6464887931691,317.38395395029966
7,435,344.8172199654122,317.1144695267743
7,436,344.98676555508035,316.80928828103606
7,437,345.14096996228136,316.5214522002854
7,438,345.13128004902774,316.33741587377114
7,439,344.9471649303057,316.3089430913856
7,440,344.7163718458354,316.42217283141815
7,441,344.50924279768174,316.6790095715555
7,442,344.31693143494977,317.0361619083105
7,443,344.22282190995406,317.4086725765434
7,444,344.2255526599478,317.73393178066556
7,445,344.24652448610635,317.99339082664363
7,446,344.280997917393,318.10432193194566
7,447,344.3520411129382,318.058136990914
7,448,344.4566021402289,317.8858117643704
7,449,344.61931097196526,317.62274443746537
7,450,344.84464300736147,317.30977609367943
7,451,345.0828411359926,317.0442232245427
7,452,345.32335394463064,316.85352313068176
7,453,345.55800690311094,316.7460899060591
7,454,345.7630635386211,316.705486747783
7,455,345.9120716372715,316.6886494365505
7,456,346.0019568811682,316.66432068968135
7,457,346.04146741577887,316.6140760957552
7,458,346.03180424408856,316.49521374855476
7,459,345.95444365968154,316.3447458033071
7,460,345.87246744911846,316.19423565190687
7,461,345.8383551049735,316.0643517880669
7,462,345.83258526736427,315.9961592811731
7,463,345.82156813021953,316.0595185257139
7,464,345.82258899390354,316.2184364533603
7,465,345.8016674576493,316.4612686064478
7,466,345.7536519164426,316.73425971136544
7,467,345.7199900956738,316.9703446340112
7,468,345.76878261057857,317.1086128505876
7,469,345.8944328922561,317.18203945626993
7,470,346.034518643802,317.21661686812644
7,471,346.13917108126645,317.2455386460623
7,472,346.18917829158374,317.292605973095
7,473,346.1446158361633,317.37249366204026
7,474,346.0037175344065,317.46491806186845
7,475,345.84665683493176,317.5434687138092
7,476,345.7156275099544,317.5969453464345
7,477,345.59013972283884,317.63292767167144
7,478,345.456310948317,317.6560022620441
7,479,345.30509591370367,317.68783853869735
7,480,345.1064632366689,317.75478328422315
7,481,344.8644186772695,317.88157992785045
7,482,344.6197689262465,318.06737302506014
7,483,344.3950078018076,318.30939907351535
7,484,344.24511497149905,318.53958610444664
7,485,344.2157203007416,318.68040522124693
7,486,344.2918038730816,318.68374764322346
7,487,344.42285995534996,318.5398670618405
7,488,344.5766150489484,318.2738515102761
7,489,344.6882866524786,317.9667200903093
7,490,344.6845488690693,317.72740994735756
7,491,344.5424676818459,317.6302795757444
7,492,344.3056258396357,317.70671421955564
7,493,344.0764817444919,317.8929150784829
7,494,343.92130879880466,318.1389144020558
7,495,343.85906670616936,318.3751181658435
7,496,343.9105456624173,318.5179198731922
7,497,344.0243618742837,318.5516430942574
7,498,344.06926337868805,318.55393635397235
7,499,343.9667364118559,318.53736367456617
7,500,343.73829493076335,318.5124296430048
7,501,343.3804797193137,318.54982377196256
7,502,342.98717058777004,318.62931806554514
7,503,342.69121619195124,318.6794649497553
7,504,342.5573486480738,318.7297843176349
7,505,342.5898239996943,318.81162706398175
7,506,342.83698931856463,318.84767747249253
7,507,343.243502368054,318.80702365765654
7,508,343.6792365812791,318.7350224842177
7,509,344.0793553247435,318.60265242096176
7,510,344.413122945378,318.388920167293
7,511,344.598503553552,318.17336711900344
7,512,344.6225999162876,318.02814509059783
7,513,344.55706487558336,317.94354902688116
7,514,344.48530262475384,317.88145531993285
7,515,344.43806976295286,317.8231437664079
7,516,344.4790590900724,317.73139978779324
7,517,344.58346810421784,317.60337758667924
7,518,344.67848955231534,317.4759911381711
7,519,344.6784043802979,317.45833856038666
7,520,344.59226792375375,317.56805030660996
7,521,344.4008893490262,317.80161604991906
7,522,344.1627433441501,318.0884283904498
7,523,343.9779439931214,318.3350611041415
7,524,343.9137855257144,318.4404131645655
7,525,343.9354596502451,318.4155951645606
7,526,344.0498319093706,318.2494806819353
7,527,344.24788032625776,318.00170115230515
7,528,344.4597551177831,317.76761417368664
7,529,344.62840910888394,317.5868631894216
7,530,344.7364027871888,317.4539323744519
7,531,344.75513167767684,317.41457842685196
7,532,344.6522290842991,317.4745606038827
7,533,344.4587231525313,317.6029762215176
7,534,344.2312387572596,317.78033542068107
7,535,344.05568104852426,317.9664550129235
7,536,343.9307639775692,318.15042116425195
7,537,343.85501458029387,318.2962323981093
7,538,343.8174585368634,318.3684090314845
7,539,343.7756147410954,318.3965955245179
7,540,343.6227535775834,318.46427054152326
7,541,343.3779296840871,318.5561900488887
7,542,343.087925606746,318.68210815472713
7,543,342.7935760989177,318.8682585343046
7,544,342.54382001884863,319.0829624742286
7,545,342.4478012965271,319.2409252615259
7,546,342.5366596970879,319.31839658442203
7,547,342.7906706458687,319.3125918265432
7,548,343.151741272996,319.2314621634584
7,549,343.5689651420588,319.0884684548815
7,550,343.95142264140253,318.9258796163308
7,551,344.19295380489376,318.8055966246163
7,552,344.22233653690455,318.7691505788357
7,553,344.05447930358366,318.81252032891973
7,554,343.7361947509674,318.9330387766315
7,555,343.3673552249719,319.10314189745117
7,556,343.1084055336161,319.24488735493736
7,557,343.0597483487862,319.3134520795922
7,558,343.2400163403602,319.30697301362835
7,559,343.6321416520499,319.2119960940519
7,560,344.1208211352748,319.05964044466845
7,561,344.57240706538056,318.91157944375783
7,562,344.9006025761996,318.80628216510866
7,563,345.0452067388664,318.7593444619958
7,564,344.9386764524861,318.8201935795135
7,565,344.6380937523395,318.97840439194647
7,566,344.2130044885432,319.2047640332846
7,567,343.751886452082,319.445702235074
7,568,343.32342346785236,319.68093583619896
7,569,343.0057171517162,319.8642195274956
7,570,342.80959924734805,319.9888586462282
7,571,342.7166054192839,320.0610811657813
7,572,342.6862941151604,320.12089475550573
7,573,342.703554041673,320.1699010748731
7,574,342.7331710241568,320.2304684857548
7,575,342.7377554719446,320.3171993624641
7,576,342.6911113444795,320.4308160980986
7,577,342.5978368957997,320.5545522797063
7,578,342.4981660412653,320.68102101325115
7,579,342.4489042656311,320.78832361660386
7,580,342.51178998870967,320.8425496743896
7,581,342.735560396401,320.82121786664095
7,582,343.09652231389515,320.71126599216865
7,583,343.48986944036994,320.5292307390353
7,584,343.8168706477691,320.3079392783377
7,585,343.9846942790274,320.0951726001264
7,586,343.9479258965063,319.9222490862991
7,587,343.75150748071,319.80791937851313
7,588,343.4992321944811,319.7141810250616
7,589,343.29569349868586,319.59311965266943
7,590,343.218348931125,319.4226682580362
7,591,343.30170259714845,319.20791407248055
7,592,343.5140061338597,318.95336024263963
7,593,343.78101867061343,318.7090035907869
7,594,344.0341030876916,318.5306326997807
7,595,344.240861300945,318.4335866020894
7,596,344.3901938761038,318.39809321153
7,597,344.4905789197711,318.41736013806127
7,598,344.5815243753065,318.4633247075311
7,599,344.68512817373596,318.5088395356585
7,600,344.8275734496763,318.5226332358366
7,601,344.9916339224703,318.49834294254816
7,602,345.1714740114359,318.4151975194723
7,603,345.3457475605234,318.2822525633528
7,604,345.4764070024248,318.09843458337264
7,605,345.5300402799719,317.87745832631765
7,606,345.5301428759755,317.6548573267066
7,607,345.4657783034358,317.4901129457024
7,608,345.3448707372096,317.41434397103916
7,609,345.2259588245506,317.438466358433
7,610,345.1380743883339,317.57127666336135
7,611,345.07942174483867,317.7706623270571
7,612,345.0838411679617,317.9697565162195
7,613,345.1624350249285,318.1305218574286
7,614,345.2838095835973,318.2535690330554
7,615,345.4178628938927,318.31040220089824
7,616,345.5350705262216,318.30694108781256
7,617,345.6114104348228,318.24984164086004
7,618,345.6232427853031,318.1345543910657
7,619,345.58858676091126,317.9308902761104
7,620,345.52650963872975,317.66442049084094
7,621,345.4845674396032,317.3691965159098
7,622,345.4577265336238,317.1244054992141
7,623,345.4688911680947,316.9664162949416
7,624,345.5250119220912,316.9181025791226
7,625,345.6176709250976,316.99056139815673
7,626,345.69357386846195,317.15347986107
7,627,345.7562347577025,317.31932376614105
7,628,345.79730493518144,317.45954244878925
7,629,345.788444906,317.58905015425114
7,630,345.76808100192846,317.67558713375837
7,631,345.757020548996,317.7443158786649
7,632,345.7436129458477,317.8605249905774
7,633,345.77518282496123,317.9943226642988
7,634,345.86551435026297,318.11290931613485
7,635,345.91986807583993,318.26617149892814
7,636,345.9134210220314,318.46199491545264
7,637,345.8668371695553,318.633475833884
7,638,345.70033249702897,318.8056235751701
7,639,345.4116540557629,319.00581313343827
7,640,345.13190621670554,319.16295443792393
7,641,344.9526015687139,319.22832197103975
7,642,344.90687113777113,319.2259077714115
7,643,345.0390634664357,319.16583158891075
7,644,345.3579663725735,319.01066172318406
7,645,345.7491888103277,318.8174183553
7,646,346.11033990736144,318.6077010361297
7,647,346.36905393231,318.4002679683882
7,648,346.4965371598549,318.2143493633145
7,649,346.47237318664327,318.0907648888368
7,650,346.3344910419045,318.0169681113332
7,651,346.1403004540052,318.01255719210246
7,652,345.9473137727831,318.0750104509758
7,653,345.7837248698647,318.1767079456306
7,654,345.69116820080365,318.27291757642496
7,655,345.6925396236996,318.349801623682
7,656,345.72690483027577,318.40607654655844
7,657,345.72322528798566,318.45469068706257
7,658,345.6704426384503,318.52008044036336
7,659,345.51599568087454,318.6523868271645
7,660,345.21538796439006,318.85769087086294
7,661,344.8363780124969,319.1088963970027
7,662,344.5189050761353,319.3504768234641
7,663,344.2960748756632,319.5347351378002
7,664,344.2011110238199,319.6205597031965
7,665,344.2743619075239,319.6212954236403
7,666,344.49236055407533,319.564355066749
7,667,344.71124272088747,319.50753269772576
7,668,344.898904959815,319.48145438419874
7,669,345.0273476348795,319.5035176641163
7,670,345.0631257440565,319.5422047509285
7,671,345.0009673122262,319.57857019669865
7,672,344.8967634880874,319.60961981768787
7,673,344.6897466682894,319.6812721516869
7,674,344.4199150210446,319.81044061502314
7,675,344.1657189336713,320.0119979746381
7,676,343.9504220054974,320.2772706016817
7,677,343.7660250790215,320.5623748217013
7,678,343.7186722587972,320.7790131329741
7,679,343.7875448385204,320.91322036699796
7,680,343.8811670510876,320.99455898643953
7,681,343.9774385112262,321.0378908913442
7,682,344.05703342288695,321.08817600183033
7,683,344.03726262341246,321.22851866933104
7,684,343.90061499270627,321.47476693668136
7,685,343.68283290151504,321.8017583587683
7,686,343.3975995026555,322.17778646028864
7,687,343.1014574277748,322.53576389470726
7,688,342.8583941857938,322.79546200062487
7,689,342.7000694237512,322.9169558762428
7,690,342.6300907156907,322.88285379451725
7,691,342.63352517625475,322.727409005765
7,692,342.6743796116673,322.5214749677293
7,693,342.72148846317384,322.3185074355764
7,694,342.74598696833607,322.1628619510892
7,695,342.7415163080044,322.09235290683966
7,696,342.75285635549005,322.1063263812992
7,697,342.80407245454694,322.1590088042735
7,698,342.9266418838702,322.2007890024818
7,699,343.1502615650665,322.15889464107653
7,700,343.5192605784965,321.97075917091115
7,701,343.97752108618516,321.6183174659957
7,702,344.48282432856115,321.1304194791167
7,703,344.988528502732,320.5685327041133
7,704,345.4646064801631,320.04214670246483
7,705,345.8240768353413,319.62606517899025
7,706,346.06466953173464,319.34100476525276
7,707,346.1952352012422,319.17604096990397
7,708,346.21903763703233,319.10037687734905
7,709,346.1792826441296,319.0023414818791
7,710,346.1137365315725,318.8347453600006
7,711,346.0447510260286,318.5789014021128
7,712,345.98828398278556,318.2578803286988
7,713,345.9578834403968,317.8958654201047
7,714,345.89258382827876,317.6085861509102
7,715,345.79062757872407,317.44861558252217
7,716,345.6432634758944,317.46096743588157
7,717,345.4345306616391,317.6334662774549
7,718,345.1898543493314,317.9246182373196
7,719,344.92413498704315,318.2570915523602
7,720,344.6930806751649,318.5659988033228
7,721,344.5360320832226,318.7866449590456
7,722,344.49720611540033,318.88185499862993
7,723,344.5285886117393,318.8968583447732
7,724,344.66605945889347,318.83990344833796
7,725,344.85207759453226,318.73884984258814
7,726,345.0384524968996,318.6457528860661
7,727,345.1723667203197,318.6133639482089
7,728,345.2745723018167,318.61811788222553
7,729,345.3319690245426,318.6701770868102
7,730,345.33755393853966,318.77588182962074
7,731,345.2780551167591,318.9257511662672
7,732,345.17717931168374,319.085085734874
7,733,345.04404369660796,319.2541750693726
7,734,344.8637304187347,319.4358299021577
7,735,344.6359756334397,319.60563273459684
7,736,344.39775346643603,319.73429137056104
7,737,344.2083603775379,319.77462781196135
7,738,344.1488995944488,319.6822505605734
7,739,344.25897404212685,319.4438772272717
7,740,344.5601591325585,319.0977894399051
7,741,345.00680928842576,318.6737299749012
7,742,345.4480061269795,318.3069953898783
7,743,345.7127696771671,318.07204799503967
7,744,345.71702563804183,317.9754903791121
7,745,345.4866884198928,318.00184829616984
7,746,345.15893570666196,318.11614584832336
7,747,344.87564161443714,318.2150445070248
7,748,344.7494991842443,318.2564916852598
7,749,344.8866127503047,318.2270865824085
7,750,345.22550396953903,318.11115361085695
7,751,345.5940780629334,317.9532280647735
7,752,345.90859658007514,317.79996848965686
7,753,346.1181660974104,317.6891621810059
7,754,346.1179852868886,317.6664479021058
7,755,345.9217038311189,317.75890698956516
7,756,345.6322894943577,317.91364351264906
7,757,345.2964064685601,318.09084479745076
7,758,344.9437199968929,318.24634987727063
7,759,344.61646455844243,318.3623304973183
7,760,344.35139674071246,318.4451483010313
7,761,344.1070234683486,318.55300026881457
7,762,343.925864984384,318.6818199294455
7,763,343.80093456613423,318.8689002269458
7,764,343.7750043099293,319.0989889052951
7,765,343.83745297870655,319.2993029091201
7,766,344.0136396215901,319.4211294624044
7,767,344.2112118249797,319.5096691098773
7,768,344.4050434330081,319.55789518570754
7,769,344.53245832040346,319.5529270530028
7,770,344.56632825968705,319.5378620463181
7,771,344.48528948275214,319.51521184905414
7,772,344.31086925353907,319.462120563328
7,773,344.10920169084716,319.3803828233827
7,774,343.90286041340005,319.30656606145527
7,775,343.6971495692442,319.2769218481476
7,776,343.4818185434739,319.3286658058545
7,777,343.2646553376036,319.48337822620465
7,778,343.00974129432524,319.72594961929667
7,779,342.7663992337664,320.0069302094912
7,780,342.58278860435246,320.28411129967617
7,781,342.5112082020827,320.58361240986886
7,782,342.58603952312063,320.8854799140472
7,783,342.78384136854106,321.15738511145423
7,784,343.04056266568176,321.4035949700189
7,785,343.3180544767424,321.6003299330909
7,786,343.56439211205753,321.67464385986534
7,787,343.7275902759122,321.6212774797211
7,788,343.82680542303603,321.47709918969156
7,789,343.8551019895415,321.30062093113975
7,790,343.7806581651046,321.17276253726834
7,791,343.59293713697264,321.14240863404154
7,792,343.3180126956028,321.21973936872314
7,793,342.97124712464597,321.40457395516546
7,794,342.62306204031796,321.6475374440587
7,795,342.35654771150064,321.86073341628247
7,796,342.23109672907174,321.9676988951535
7,797,342.24833558088807,321.92380479434644
7,798,342.3914997198005,321.7023627964138
7,799,342.59487348963506,321.3455055045184
7,800,342.80962314071627,320.91333064468375
7,801,343.0038015206182,320.49301792948273
7,802,343.1769569404781,320.15263956535745
7,803,343.3000727242797,319.971356921965
7,804,343.41142001762887,319.9197661822077
7,805,343.4919500461477,319.98890017359884
7,806,343.5228464524935,320.1494271781619
7,807,343.49294772969694,320.36373410602226
7,808,343.4674581598766,320.51877389374346
7,809,343.4575763616881,320.5669926029022
7,810,343.4926948774058,320.4779319730027
7,811,343.5820362951401,320.2550190801571
7,812,343.7229162988876,319.9309107517776
7,813,343.87885440037064,319.58523491636765
7,814,344.01966757576696,319.2905461164114
7,815,344.13208664408756,319.1056093563807
7,816,344.2380774024369,319.0296673353064
7,817,344.39045355317995,318.9911342047674
7,818,344.62573306771077,318.9446772860057
7,819,344.9302503969643,318.88423562924316
7,820,345.28681776549485,318.75674494815587
7,821,345.6612563481823,318.5747392338017
7,822,345.9742842335945,318.44519373657454
7,823,346.1219085937529,318.44656876444515
7,824,346.10250726461356,318.52505848997583
7,825,345.95407214670763,318.67985311008147
7,826,345.7183540007346,318.88349968712697
7,827,345.4076711978823,319.07983848291275
7,828,345.0889861893864,319.21405664859714
7,829,344.7800682327696,319.36612745834765
7,830,344.45543447841044,319.5892011097284
7,831,344.09592490289543,319.89658379188563
7,832,343.7188770409875,320.2698102645695
7,833,343.3507021567101,320.6748293611887
7,834,343.02948132573425,321.03384474987774
7,835,342.78486542223595,321.2946827508449
7,836,342.61054083844226,321.461668291323
7,837,342.53718697423756,321.55248071653665
7,838,342.5434719941166,321.60423215962305
7,839,342.5769252136234,321.65960863626964
7,840,342.5974955787067,321.7289381729754
7,841,342.630222790154,321.7527264988083
7,842,342.7053040679003,321.6332686674841
7,843,342.8402575281798,321.2867097173887
7,844,343.055148766553,320.6676456729821
7,845,343.35238527098466,319.79598590256546
7,846,343.65570562967025,318.8253960608984
7,847,343.9133327684431,317.9695494853533
7,848,344.10849168726736,317.4361352791024
7,850,344.18000382531994,317.33239600080174
7,851,344.1733949583787,317.7206495126481
7,852,344.22730385462455,318.3119476311537
7,854,344.2974242440238,318.9470951303796
7,856,344.351565818334,319.5057519818626
7,857,344.44249601979953,319.9060628772881
7,858,344.53603394572406,320.0578542006201
7,859,344.54840771476444,320.1506436938214
7,860,344.5023820472758,320.25608972679925
7,861,344.4047457333038,320.35461350089884
7,862,344.2505442250671,320.43293711489434
7,863,344.0587099383595,320.481149356543
7,864,343.84898184830826,320.5020511531358
7,865,343.6952885913163,320.4353331585595
7,866,343.6857835195948,320.2779171666735
7,867,343.8279448118183,320.09160054067354
7,868,344.0671826300357,319.95235199421944
7,869,344.3458674430909,319.87723320097723
7,870,344.57124434460184,319.9133677963078
7,871,344.63625392729375,320.10444031402886
7,872,344.53624941202963,320.4272565586013
7,873,344.31457321343186,320.8213684996936
7,874,344.031791330726,321.2551136924688
7,875,343.75225589779325,321.6834573177157
7,876,343.53997663031214,322.0379814780491
7,877,343.4106542434464,322.23856345306115
7,878,343.3587285902823,322.2997446050819
7,879,343.34432809470087,322.25141287270446
7,880,343.32134414781416,322.13676654353833
7,881,343.26017963845715,322.00566072451625
7,882,343.16815573550264,321.9358542708831
7,883,343.0761184866498,321.89880802950364
7,884,343.0141579024093,321.86149831315953
7,885,343.02028073191593,321.7732236882314
7,886,343.10473911970973,321.589481830946
7,887,343.24130058010223,321.2767520937065
7,888,343.40835537938074,320.8024831817345
7,889,343.62962921231286,320.13875614352094
7,890,343.8907730862443,319.34817808656
7,891,344.20107229190205,318.52779301895566
7,892,344.5668975098788,317.78039230591014
7,893,344.9255032576922,317.2691294660645
7,894,345.18917299689485,317.10646054960677
7,895,345.34488082909894,317.2720712830678
7,896,345.3560237193004,317.6723777867028
7,897,345.22981817807505,318.19307431297375
7,898,345.0759198395409,318.6539323658649
7,899,344.9585998746111,318.9229614621341
7,900,344.8986704727894,318.9584798023584
7,901,344.9277985544339,318.79782765089817
7,902,345.0349048075972,318.49234076170865
7,903,345.1451842357677,318.1652971833593
7,904,345.254110347495,317.9183825467725
7,905,345.3574392760562,317.81559467048186
7,906,345.4286715166318,317.86840422792676
7,907,345.4720426376045,318.0367329178952
7,908,345.48696598635496,318.273191577069
7,909,345.440528357077,318.553582781369
7,910,345.28647448390865,318.87152672423883
7,911,345.0674098057635,319.20184675283804
7,912,344.82670546884003,319.55766387191835
7,913,344.6247091323598,319.90805998082055
7,914,344.50251687282196,320.20338929396814
7,915,344.5074365514085,320.3886869141056
7,916,344.59131883305133,320.4721519801876
7,917,344.6560858736864,320.4881585657964
7,918,344.6448293823529,320.45924349384643
7,919,344.5504968490589,320.42145761140324
7,920,344.3785183872766,320.3996506367918
7,921,344.19238000174903,320.3926738375203
7,922,344.09406921015665,320.3752841382417
7,923,344.0879293410448,320.3922947991866
7,924,344.10424674964844,320.49592896446325
7,925,344.1098268318662,320.7003914282769
7,926,344.0810815421354,320.9214691914347
7,927,344.01633675657274,321.05744571380745
7,928,343.9993651932857,320.97502391288253
7,929,344.1661626402558,320.5396821385425
7,930,344.52413955624536,319.7557209612124
7,931,344.9445063957239,318.8356967436135
7,932,345.28711025631407,318.02495426852795
7,933,345.4303274293925,317.50250610874855
7,934,345.3159122963968,317.3859776673689
7,935,344.9903964912905,317.6625189165898
7,936,344.64275154710975,318.1259005860642
7,937,344.4181089396329,318.5932890609987
7,938,344.36054951463143,318.9709044004984
7,939,344.3987864776313,319.2270550175154
7,940,344.4897133084128,319.35821960562504
7,941,344.5445907685587,319.48075148099025
7,942,344.4753031997178,319.6246819965767
7,943,344.3093726961385,319.73902523986317
7,944,344.15065822009956,319.8006119118779
7,945,344.0071653828617,319.80360251872133
7,946,343.88109403207864,319.7093158760713
7,947,343.8121979395198,319.5610074927369
7,948,343.7548676387437,319.49690920562006
7,949,343.64588363387435,319.5321815231284
7,950,343.5076008778997,319.6880473241889
7,951,343.37314334273094,319.9618993500909
7,952,343.2699906014195,320.2939988823828
7,953,343.2204600421258,320.5916432223522
7,954,343.23211250304195,320.88207247230855
7,955,343.2752773778753,321.12431485360173
7,956,343.32517262011316,321.28293395884725
7,957,343.35602826570675,321.3608032514497
7,958,343.38142102379925,321.3597240258935
7,959,343.3895431280144,321.246089303482
7,960,343.3760277449599,321.08722980178845
7,961,343.3530853334765,320.94886821644764
7,962,343.3237591259963,320.8723484702572
7,963,343.27525815289687,320.85936548526286
7,964,343.19811119744816,320.92722869847535
7,965,343.0827694880096,321.04431537159957
7,966,342.9120393707403,321.1824399255182
7,967,342.7065044538508,321.3109212424044
7,968,342.5212951765915,321.42032023221947
7,969,342.4540379745342,321.43262993630844
7,970,342.56223942086103,321.2599788077907
7,971,342.8567977969964,320.888324406489
7,972,343.30073990451734,320.35070225291844
7,973,343.782615519962,319.7261892789563
7,974,344.17301148245065,319.1933713813745
7,975,344.3987165684941,318.9592574390669
7,976,344.4371798275589,319.08209576408433
7,977,344.3064253102741,319.5201158627451
7,978,344.1196152425546,320.1265056991577
7,979,343.95936791833617,320.7063975583204
7,980,343.85515535387316,321.0873589482498
7,981,343.80515969230197,321.207554195125
7,982,343.79105427161096,321.07170955483787
7,983,343.72434770148084,320.80994006416887
7,984,343.5786311259985,320.55320714966757
7,985,343.35966648990905,320.3512923493589
7,986,343.13200871884584,320.20146451849826
7,987,342.89694401923316,320.1522667441095
7,988,342.7054873139655,320.16530243631786
7,989,342.59386038355285,320.1578168304316
7,990,342.61200374597234,320.12510182920585
7,991,342.6859955086554,320.12992378748726
7,992,342.833059248885,320.15164467317294
7,993,343.0153179400728,320.19577669621134
7,994,343.1820504622092,320.30191802433274
7,995,343.28819726019395,320.4247338232106
7,996,343.3962602649681,320.49090648131516
7,997,343.4980335379228,320.4890625321457
7,998,343.63677680890794,320.4009798253283
7,999,343.82365074554593,320.21812029339657
7,1000,344.02325854348624,320.02104585505356
7,1001,344.1694003127854,319.84980664606286
7,1002,344.25471588654574,319.7102329613817
7,1003,344.2175778441367,319.6413151931555
7,1004,344.05460507489204,319.67897654347155
7,1005,343.7867518650231,319.79379326951675
7,1006,343.4714591695006,319.95730351002203
7,1007,343.1456620491198,320.11375858172323
7,1008,342.85278836310135,320.2062750990984
7,1009,342.59240866557616,320.1850194554163
7,1010,342.38692828445585,320.070347514993
7,1011,342.22490311893426,319.91508504647334
7,1012,342.11543618348867,319.77606439047094
7,1013,342.08241472901915,319.65873774059827
7,1014,342.16456359035806,319.56709895557265
7,1015,342.37804747665666,319.4661365106973
7,1016,342.6717978397413,319.3645686013306
7,1017,342.9791283385548,319.29429935906876
7,1018,343.2764027216416,319.28407835290903
7,1019,343.5051780473646,319.3913010966347
7,1020,343.6216772720413,319.623529744322
7,1021,343.7093915167452,319.8587831886625
7,1022,343.8073186421417,320.01034004534563
7,1023,343.9075287289973,320.0518293642468
7,1024,344.0439740388741,319.91715026952414
7,1025,344.21077929500467,319.60777747571467
7,1026,344.3428476632002,319.2478506059214
7,1027,344.42041460491106,318.93015935726464
7,1028,344.46080468270253,318.7059744684973
7,1029,344.48742378081005,318.5824395243853
7,1030,344.53230497994986,318.5528366121095
7,1031,344.61297544369256,318.56961472117285
7,1032,344.7340288997547,318.59286294591044
7,1033,344.85436574431327,318.5811779022801
7,1034,344.91837254175937,318.5776581242553
7,1035,344.907529293036,318.6161687267343
7,1036,344.83139240856553,318.7121381724323
7,1037,344.69380745439946,318.8473274242871
7,1038,344.53250811570115,319.03374447894333
7,1039,344.37438678446705,319.2418253882126
7,1040,344.2303054220829,319.4298602564615
7,1041,344.0869567154996,319.5829425139008
7,1042,343.9350366828616,319.7305258748293
7,1043,343.75281320659013,319.8863997459585
7,1044,343.5435880241716,320.06695975241047
7,1045,343.3333552904638,320.279046370956
7,1046,343.14257007167026,320.50677725802416
7,1047,342.99378824351794,320.7125619457461
7,1048,342.91793171211566,320.858507011594
7,1049,342.92888925962114,320.92115894822405
7,1050,342.9840789846919,320.9108257792322
7,1051,343.05226108450427,320.8424481663781
7,1052,343.1236148942383,320.74000011741794
7,1053,343.15127312522594,320.6401533661424
7,1054,343.1136549726145,320.5583411120559
7,1055,343.044801246262,320.5002808225202
7,1056,342.98096656585824,320.47692520211785
7,1057,342.9290312265053,320.4785595104871
7,1058,342.92807335023474,320.4753143079406
7,1059,342.9995274986878,320.4670456832055
7,1060,343.0959041025258,320.4613491747582
7,1061,343.1697223531721,320.4508943305324
7,1062,343.22297717065635,320.434929227749
7,1063,343.25117016561,320.42452917200615
7,1064,343.2245544388315,320.4110178085083
7,1065,343.1998822429795,320.3689048865479
7,1066,343.23984672845245,320.3172392024616
7,1067,343.33593414908677,320.2804040710234
7,1068,343.4800987764282,320.25503539863666
7,1069,343.6651592827558,320.23869982200307
7,1070,343.8370471450133,320.2517123736571
7,1071,343.9520573997503,320.26250059072083
7,1072,343.99809475161686,320.2687990155576
7,1073,343.95840913518794,320.3073452540579
7,1074,343.84565425405833,320.4047857590266
7,1075,343.6822353974056,320.5691895190615
7,1076,343.47640814054085,320.8224668866717
7,1077,343.2582431967935,321.1361493649423
7,1078,343.0953449554803,321.44175941878035
7,1079,343.04607519639194,321.665604181086
7,1080,343.1262146524845,321.75690521350907
7,1081,343.32534632499016,321.70321325995644
7,1082,343.609292683016,321.5312161111443
7,1083,343.89746137845157,321.3003094560622
7,1084,344.103710935373,321.11290438361993
7,1085,344.18483237235216,321.0457429310877
7,1086,344.1436061415933,321.12501310031155
7,1087,343.9903327604885,321.32451890541495
7,1088,343.76369075132703,321.59268660729083
7,1089,343.52175763442386,321.84294320696364
7,1090,343.33177007893715,321.9837430212626
7,1091,343.21920549594086,321.97206442722637
7,1092,343.1980582764324,321.82862719719753
7,1093,343.26384660020955,321.619073593029
7,1094,343.40225557027793,321.3992524057476
7,1095,343.5885327720152,321.22090550049137
7,1096,343.80981760897305,321.1001900175529
7,1097,344.04746744092694,321.0288109237609
7,1098,344.27137258356754,320.9711340828906
7,1099,344.4572806529266,320.89943058173645
7,1100,344.5710403666127,320.8268649329116
7,1101,344.60190959559543,320.76602706444925
7,1102,344.5848165064936,320.71920629402535
7,1103,344.54657185676325,320.6864799045811
8,0,354.41833365732515,311.3431363177314
8,1,354.4232549395556,311.51104753724843
8,2,354.4246678958057,311.6981632894556
8,3,354.4270466177445,311.8926629640355
8,4,354.42844557924707,312.03938253201466
8,5,354.4271719686324,312.1362971938415
8,6,354.41296964953517,312.19587297932503
8,7,354.38468550844345,312.2496471175936
8,8,354.3259002675519,312.30512055151587
8,9,354.23616363573,312.3537120226916
8,10,354.12412545689324,312.38577631101845
8,11,354.0080671633888,312.389948445222
8,12,353.90360329737075,312.35732929285166
8,13,353.8337591885149,312.29173317613174
8,14,353.8003726872446,312.2058685249576
8,15,353.7940490476825,312.119678189845
8,16,353.79732731886145,312.0532930020404
8,17,353.7978272562819,312.025503944025
8,18,353.7844581268083,312.039162880789
8,19,353.75459198133615,312.08722309707605
8,20,353.70600451992965,312.1526813429428
8,21,353.6491400823348,312.21970422818697
8,22,353.5932448211282,312.271707230742
8,23,353.5415395348555,312.3010195033408
8,24,353.49688633482845,312.3098674155487
8,25,353.46716811004796,312.30473659185367
8,26,353.4484887996453,312.29265940551034
8,27,353.4298421658303,312.2828183079275
8,28,353.40395801952195,312.28492215534055
8,29,353.36883773868135,312.29604124855643
8,30,353.3219245570278,312.31219551269305
8,31,353.2671759344398,312.3294639705979
8,32,353.2143465987976,312.3361384992656
8,33,353.17152932908795,312.32438258579754
8,34,353.1462389653392,312.30054448848904
8,35,353.14417575044206,312.26844903083935
8,36,353.16388504247266,312.2328613403184
8,37,353.2011445082502,312.21378683411933
8,38,353.2500262664729,312.2152657582568
8,39,353.2959430403839,312.2252443908597
8,40,353.326857906727,312.23982956150223
8,41,353.3396044142662,312.25448858434396
8,42,353.33035683378574,312.2550451471818
8,43,353.3098988347982,312.2398812925101
8,44,353.30515379949156,312.2174763817906
8,45,353.32753620830977,312.18966847435513
8,46,353.3785141608612,312.157034507296
8,47,353.46335014214344,312.12444963073847
8,48,353.56696546928583,312.0944496897423
8,49,353.6572551614973,312.06581904651836
8,50,353.7269841998642,312.04323139072955
8,51,353.7748923258543,312.0331459235141
8,52,353.7941033371812,312.035346389327
8,53,353.7871685553374,312.0487414258649
8,54,353.76470108135993,312.07615430215316
8,55,353.73088776915216,312.1096528120502
8,56,353.7002455016738,312.1402171461913
8,57,353.6839962988434,312.16628819675145
8,58,353.68462370932946,312.188592536063
8,59,353.70317257840037,312.2052652847897
8,60,353.7344291547695,312.22030614420066
8,61,353.75990547015294,312.23554506068706
8,62,353.7744753877505,312.24803161846626
8,63,353.7813088477192,312.2552744360397
8,64,353.7810974525898,312.26051482119317
8,65,353.7805710995922,312.26786945106073
8,66,353.78796323984596,312.2820670257536
8,67,353.8014515407583,312.30920426141125
8,68,353.81387402090934,312.3543707868871
8,69,353.8244470793587,312.40753522837474
8,70,353.82349148456893,312.4558695899139
8,71,353.8038054596726,312.491391610946
8,72,353.7661426811444,312.508625004971
8,73,353.7228486468441,312.50351836047196
8,74,353.67618880715315,312.48770599893345
8,75,353.63291924566823,312.47456947712703
8,76,353.60098603399217,312.4698791126226
8,77,353.5848618000745,312.4701151202757
8,78,353.5757570742252,312.46853665620523
8,79,353.57392269221594,312.45673191052055
8,80,353.58483648899465,312.43143925755004
8,81,353.6083054488597,312.39231564327616
8,82,353.637788370566,312.3514252661368
8,83,353.6728065126706,312.3227850061891
8,84,353.7110740849107,312.31169253373275
8,85,353.73979174504444,312.31469493553345
8,86,353.75060774974037,312.3351226451131
8,87,353.7463478987248,312.36816540880864
8,88,353.73359479548776,312.40381300534943
8,89,353.7138472727496,312.4385945915008
8,90,353.6978830846448,312.4770037115552
8,91,353.6939887405569,312.51484846099265
8,92,353.7023141568884,312.5502080395311
8,93,353.71011452520025,312.58852213176476
8,94,353.7193438712812,312.6272244424326
8,95,353.72190524020954,312.65788459120097
8,96,353.71423156497957,312.67624977269526
8,97,353.69500539453514,312.68044371173744
8,98,353.67817239953195,312.66514022387827
8,99,353.661051956275,312.63660415796716
8,100,353.6491168658301,312.60267653995976
8,101,353.64175309649886,312.5705648347403
8,102,353.63877146973044,312.54399586830647
8,103,353.6356682220171,312.52571409132935
8,104,353.6315417754662,312.5086995169817
8,105,353.62711555583843,312.4896403328289
8,106,353.629134570633,312.4651885667651
8,107,353.6351258251939,312.435899759049
8,108,353.6418877005085,312.40638171399144
8,109,353.6486905486489,312.38814460942
8,110,353.6509018952308,312.3844700970016
8,111,353.6393229194095,312.39586920173474
8,112,353.6175032388839,312.4207587177567
8,113,353.58336648920397,312.4515190935748
8,114,353.539943642486,312.47939863559105
8,115,353.4885101120184,312.5002118452022
8,116,353.4334143243172,312.50954162035407
8,117,353.3807488395805,312.5013997372508
8,118,353.34341787430793,312.4785336944558
8,119,353.32778613703584,312.4408989942357
8,120,353.34042954355937,312.388703590705
8,121,353.38535116956257,312.3296940766901
8,122,353.4531837523963,312.2709233038875
8,123,353.52902511444006,312.2137182099754
8,124,353.59620067759624,312.1647188096815
8,125,353.64323026981236,312.13049444886923
8,126,353.6622525005844,312.110517071871
8,127,353.65992012902825,312.10223565875697
8,128,353.65477780338904,312.0958095867949
8,129,353.66221750656575,312.0802958697197
8,130,353.6875432883073,312.0515363725401
8,131,353.73285553150396,312.0089435473084
8,132,353.7914701362037,311.9546986376288
8,133,353.83793125692335,311.9065812227521
8,134,353.8633261182458,311.87590092065716
8,135,353.87231143350346,311.86165900826035
8,136,353.87167680318527,311.8619601029146
8,137,353.8675503062065,311.87794075337763
8,138,353.8801748552329,311.9004185892846
8,139,353.91319475234116,311.92612500799123
8,140,353.9486324175739,311.96520450271254
8,141,353.9706005584492,312.0178910266737
8,142,353.97100776440186,312.08216710659707
8,143,353.93932292535715,312.1567316570462
8,144,353.87814452432184,312.2315958992799
8,145,353.81412317858207,312.2841052657694
8,146,353.7637923281938,312.3078566230988
8,147,353.73244384582847,312.3004400797862
8,148,353.71843560279694,312.26521201488134
8,149,353.7097165508195,312.21809096927
8,150,353.6913556945447,312.1767423528698
8,151,353.661331161277,312.1476556247852
8,152,353.6351535378582,312.12709828820164
8,153,353.6324010735742,312.1072674834445
8,154,353.67069257077327,312.0773966761714
8,155,353.753617536629,312.02947290756515
8,156,353.87433396664375,311.9654734328683
8,157,354.0038031173428,311.90120876131107
8,158,354.11612000114724,311.8523829646989
8,159,354.1991329675175,311.8219014364158
8,160,354.25105978672724,311.8142010156457
8,161,354.2720605394869,311.82804966669164
8,162,354.27677160221464,311.8499778561969
8,163,354.27484577428544,311.86614448317096
8,164,354.26815590108157,311.87854902623405
8,165,354.25552931715356,311.88671734444824
8,166,354.2416847340972,311.8860432532089
8,167,354.21987002235323,311.8879920587118
8,168,354.1947340740627,311.9008272762662
8,169,354.1703483706846,311.9199779427585
8,170,354.15163449800446,311.93991270146347
8,171,354.1416370468081,311.9629920031177
8,172,354.1484669683851,311.9752010134047
8,173,354.1649581840284,311.96991120582106
8,174,354.18311083542426,311.9519544574134
8,175,354.1963183439454,311.92967853743244
8,176,354.19478615857196,311.90548778653636
8,177,354.1765413602479,311.8839469163769
8,178,354.1508778335619,311.86816467927315
8,179,354.13077815760954,311.8557536993879
8,180,354.12714722537777,311.8448702469826
8,181,354.14224251146476,311.8378239966256
8,182,354.1728775712614,311.8385881395174
8,183,354.20531146204144,311.847099479194
8,184,354.2243309214069,311.8631134958612
8,185,354.2177407581685,311.8866402115577
8,186,354.18859914375474,311.9169415497164
8,187,354.13899534218814,311.95169484264335
8,188,354.0784261849731,311.9862470629437
8,189,354.01841934806674,312.01585277304906
8,190,353.96299399621654,312.0340642780774
8,191,353.913462606576,312.03334263268613
8,192,353.87315731624363,312.0138506662106
8,193,353.8453791476243,311.98172664311386
8,194,353.82557488314,311.9487205647704
8,195,353.8162786987708,311.9248608996237
8,196,353.813053861055,311.91818165692575
8,197,353.8138047313348,311.92955946035806
8,198,353.8156230073063,311.95804511638784
8,199,353.8163477447167,311.9976246565984
8,200,353.8085910910048,312.04766208768797
8,201,353.7969717155755,312.1013630306038
8,202,353.78112454924593,312.15763946035963
8,203,353.75892525179484,312.21475905807324
8,204,353.729593966224,312.26950296994124
8,205,353.69769671398205,312.3088307852911
8,206,353.6581651411356,312.3351232824824
8,207,353.6114583661964,312.3455530220653
8,208,353.5633222694371,312.34007281568057
8,209,353.5261766274671,312.32094802101915
8,210,353.5058121971002,312.2955619190773
8,211,353.5070596561477,312.263874353703
8,212,353.533302822259,312.2300062422435
8,213,353.5790873343934,312.19817601572527
8,214,353.6320239043327,312.1678828434121
8,215,353.6878377178654,312.139992759705
8,216,353.74577609554444,312.1193897973431
8,217,353.79560057092203,312.10556989148614
8,218,353.8348329128746,312.0932854860767
8,219,353.8679388523052,312.0867853091183
8,220,353.89200951251524,312.0907598601341
8,221,353.9044134554956,312.10094391633714
8,222,353.91067289627483,312.11671303640674
8,223,353.91340794405033,312.14039292589916
8,224,353.91059907278776,312.16770522584403
8,225,353.9054072291911,312.18823983960044
8,226,353.8992326290184,312.2012585492769
8,227,353.8957582668521,312.20413649998744
8,228,353.89436338226886,312.19299966673384
8,229,353.89252706351795,312.16704332968936
8,230,353.8839176325521,312.13987115934367
8,231,353.8661475748282,312.11656839992276
8,232,353.8321708947562,312.1011742311596
8,233,353.78044796564177,312.10075232191485
8,234,353.7167674474847,312.1190720582711
8,235,353.65673498111505,312.14280434741937
8,236,353.61736498294715,312.15973312715573
8,237,353.60811526506325,312.1692517705428
8,238,353.6382005015021,312.1675205628651
8,239,353.7095285609279,312.15137252107036
8,240,353.81179258603447,312.125901841398
8,241,353.92115149112,312.10363856133915
8,242,354.0288235039294,312.0848392189397
8,243,354.12691055861484,312.0720085379979
8,244,354.2100240987668,312.0680376037061
8,245,354.27283670689985,312.07694460808375
8,246,354.321036801565,312.09363043914414
8,247,354.35216091894324,312.114121157608
8,248,354.3509392028103,312.13630519210335
8,249,354.3058478620957,312.16285351153533
8,250,354.2168826617864,312.19266940965196
8,251,354.0880349888532,312.2292047846535
8,252,353.92814711373325,312.27876108934385
8,253,353.7656843377678,312.339889217846
8,254,353.6241115873424,312.400907576648
8,255,353.5126817746305,312.45424057533165
8,256,353.4315321518053,312.4962254039889
8,257,353.38104425956925,312.5205804817199
8,258,353.35648359346146,312.5308399565234
8,259,353.3666046478317,312.529925316154
8,260,353.45880319823704,312.4832707020768
8,261,353.6777059326569,312.3366769203617
8,262,354.05469783961036,312.0685844017693
8,263,354.6065794496386,311.66164562007486
8,264,355.2771824670939,311.14624636273015
8,265,355.9477649771603,310.6589117831017
8,266,356.48528860884426,310.36401808757967
8,267,356.812666060654,310.3075361992303
8,268,356.8820529148264,310.5176310199146
8,269,356.7450867613351,310.9611844130502
8,270,356.46625925535716,311.52055533088276
8,271,356.1849839623403,312.0401603431129
8,272,355.97541081329496,312.48002172014816
8,273,355.868978178621,312.8148327334647
8,274,355.8613053299179,313.0275340720325
8,275,355.98392078538365,313.0990735049153
8,276,356.1572121716372,313.0806345373304
8,277,356.30318384341643,313.0332378700889
8,278,356.41543154126634,312.96634927449605
8,279,356.48291289890176,312.9175780275208
8,280,356.4850284377157,312.9308395971531
8,281,356.4885029132668,312.9885313677648
8,282,356.5654603405469,313.01566826411926
8,283,356.71147380577656,313.0196243476279
8,284,356.9280434829619,312.98312377675796
8,285,357.1863651084403,312.9224775859323
8,286,357.418327247505,312.8672742820491
8,287,357.59474094721685,312.8546182680843
8,288,357.72545511353405,312.8770066980843
8,289,357.78834218888085,312.942420079467
8,290,357.77818745556243,313.01346522483476
8,291,357.68767088722166,313.0814617758348
8,292,357.5063229140537,313.1474724731626
8,293,357.2275725889925,313.2163293620572
8,294,356.8891594879192,313.27361509789455
8,295,356.53994700446776,313.34575077949273
8,296,356.25933630942006,313.41757370780675
8,297,356.0860885764775,313.48687182166094
8,298,356.0094460413685,313.55748888952434
8,299,355.985723936344,313.64435344378916
8,300,355.99063350670343,313.718041183944
8,301,355.9582465158349,313.77586939190525
8,302,355.8130998728756,313.817678490363
8,303,355.5579046723568,313.83527772255115
8,304,355.25134459918394,313.82195521815356
8,305,354.8937211035942,313.81032217592156
8,306,354.52186610584164,313.8037243666609
8,307,354.2125854310484,313.79325871567227
8,308,353.9914243313957,313.7835362078071
8,309,353.8642831578272,313.7627909364368
8,310,353.8457725713316,313.7154793424608
8,311,353.93472927331817,313.65170073425435
8,312,354.1008320590995,313.5927811627851
8,313,354.29289006128505,313.55362076290373
8,314,354.4238613117943,313.563422587864
8,315,354.4832899789442,313.62474962716533
8,316,354.474480131373,313.7302921055964
8,317,354.42610778203675,313.84490388655803
8,318,354.377680247458,313.9320535730042
8,319,354.3724342338261,313.96842413317154
8,320,354.39805285225265,313.96004596795046
8,321,354.40694006447154,313.9297139247968
8,322,354.3507424011578,313.91453913061366
8,323,354.23837945051366,313.9326857835433
8,324,354.08788479244345,314.0042613435443
8,325,353.93559577362817,314.11974238262235
8,326,353.835529500334,314.24230748888044
8,327,353.8161014599449,314.33990740896115
8,328,353.85922897659805,314.4164117534158
8,329,353.95434542539897,314.4489128478727
8,330,354.05405734982526,314.43720913460845
8,331,354.1365804991791,314.4091278511488
8,332,354.2096738915935,314.38259817901144
8,333,354.2762293352735,314.36720220917135
8,334,354.2971120324811,314.3874641695747
8,335,354.2641196173296,314.4509992824066
8,336,354.14379759755064,314.5441724963274
8,337,353.9121481379822,314.6621340246393
8,338,353.57771861587645,314.7849511187151
8,339,353.22642621068314,314.8907564329644
8,340,352.9212384867951,314.9769601728917
8,341,352.71688129653637,315.04422945972186
8,342,352.63368507895075,315.0872568653841
8,343,352.6795360100325,315.08852028645066
8,344,352.7953570296873,315.05267459083535
8,345,352.94846797334367,314.9775672105538
8,346,353.1917122418379,314.82867934328715
8,347,353.3821704995671,314.6747368752997
8,348,353.3967945823623,314.6227108736953
8,351,353.3245561401134,314.6310925583861
8,352,353.2249856705723,314.6682074643777
8,353,353.1126702123731,314.7146823540961
8,354,353.1836554510758,314.6669997011945
8,355,353.42096142604873,314.5261384645416
8,357,353.7379148482648,314.3400446158503
8,361,354.1421139749032,314.09628252446043
8,362,354.4673857596078,313.9582384683115
8,368,354.4200099573319,313.9746388648072
8,372,354.22239436330267,314.0294952648644
8,377,354.03533537385016,313.9918390156538
8,378,353.8925746956837,313.84736358273614
8,379,353.86458692037115,313.50686677037055
8,380,354.0397148613631,313.08224799698144
8,382,354.34008246580134,312.6170682713417
8,383,354.5585946907589,312.2952211640533
8,384,354.5700841843699,312.1887678819967
8,385,354.3924132489692,312.2470395074355
8,386,354.17719821788097,312.3605360850191
8,387,353.9021271530273,312.5246810904847
8,388,353.6450573828547,312.6762611922071
8,389,353.43578249778653,312.7963704233926
8,390,353.2325735825886,312.9128789835711
8,391,353.0418677196034,312.9905524519105
8,392,352.8916327684585,312.9975795252931
8,393,352.77194648779687,312.92460847966925
8,394,352.682410779537,312.789354101862
8,395,352.6588126775322,312.64720386477927
8,396,352.6842333639404,312.55238222821686
8,397,352.7095818832294,312.55281514944573
8,398,352.69727982280847,312.6734211006893
8,399,352.6285451727139,312.8996775218935
8,400,352.5061482905993,313.1522714302661
8,401,352.34588819911255,313.37629736079913
8,402,352.1962803381615,313.5319008621087
8,403,352.0967542175676,313.59891800487463
8,404,352.0879594111938,313.5628036158706
8,405,352.16209194746034,313.4464277118388
8,406,352.28913741981614,313.2839294291145
8,407,352.42056277777897,313.10750535117165
8,408,352.520659902489,312.9597880064247
8,409,352.54424840063587,312.88440154858966
8,410,352.5119608398287,312.89939937041913
8,411,352.46387343940205,312.9676038945891
8,412,352.44570156941296,313.04859400065794
8,413,352.48838223065513,313.08621875007606
8,414,352.5884722727942,313.0544004097371
8,415,352.70881216359544,312.9527078549719
8,416,352.8179405458803,312.83698937883275
8,417,352.90254817750355,312.73426996498154
8,418,352.97727471500195,312.65090345907475
8,419,353.06490415417375,312.5688430001152
8,420,353.15749144292033,312.47018833073014
8,421,353.2317055703597,312.3365709478147
8,422,353.2392752692232,312.18447133845274
8,423,353.11634763985165,312.06489375378317
8,424,352.8522979841834,312.0342828549417
8,425,352.5020927166078,312.1070596535608
8,426,352.14740874981976,312.2727098490302
8,427,351.86320884173807,312.49530886885196
8,428,351.72189043816684,312.7074890086542
8,429,351.768081648151,312.8265818334348
8,430,351.96390381912704,312.8476038574889
8,431,352.23449869259434,312.76823688556385
8,432,352.52906917012234,312.5888041661398
8,433,352.8401686479749,312.3322310101836
8,434,353.13624933885524,312.0484566295455
8,435,353.389095679067,311.7409115167531
8,436,353.6037941971016,311.4230954334282
8,437,353.79800827451265,311.13774430027735
8,438,353.9085705342799,310.92712767215255
8,439,353.9081567622495,310.8189477379776
8,440,353.877061042369,310.82316592958574
8,441,353.83790189061517,310.94183947735485
8,442,353.7401538195489,311.1674487669462
8,443,353.5921008820282,311.4832095029882
8,444,353.4127013701926,311.82059861903326
8,445,353.1821340298376,312.12214087394085
8,446,352.96451670575095,312.3349371673228
8,447,352.8326230948964,312.4355289632489
8,448,352.8384989214148,312.40639664437015
8,449,352.99549082113293,312.2907371896409
8,450,353.24811773805754,312.1471151850254
8,451,353.4781424681468,312.03646190061033
8,452,353.671156106956,311.95451392914333
8,453,353.8387808904416,311.8982240450685
8,454,353.9936486608979,311.83769423385615
8,455,354.16493312234644,311.7336673158169
8,456,354.39770769743245,311.56906512046277
8,457,354.68190796034594,311.3637827246669
8,458,354.95939473530115,311.1090244691809
8,459,355.18185650595007,310.8578397755768
8,460,355.35756650944114,310.6512510195687
8,461,355.4694697707795,310.5204809065734
8,462,355.48456264238087,310.4815838768941
8,463,355.40618720639463,310.58199994379703
8,464,355.2835863760027,310.7757895768491
8,465,355.1340425704488,311.0278100462888
8,466,355.0137821101781,311.2624819875178
8,467,354.9902754994491,311.4129069588689
8,468,355.11074914711617,311.4356249824581
8,469,355.3122542889463,311.3722329080641
8,470,355.49165434413817,311.2678856305991
8,471,355.56534547039524,311.17600956522
8,472,355.4963640260985,311.15022327260937
8,473,355.2578139811456,311.20775713600204
8,474,354.87864623902226,311.31291645923943
8,475,354.47266979376906,311.43097427831947
8,476,354.1098216530071,311.5656676511323
8,477,353.7762685113519,311.7088293209593
8,478,353.4471647440875,311.8500289423645
8,479,353.16007755698394,312.00731717288403
8,480,352.89849438785916,312.1899880066553
8,481,352.6599129594228,312.38192874383884
8,482,352.48008644988016,312.56954130845776
8,483,352.4127212122446,312.74657203719124
8,484,352.4408426002922,312.8692539406762
8,485,352.54436079646825,312.90026022303016
8,486,352.6927782584247,312.82759126317455
8,487,352.8513029051073,312.65542416933897
8,488,352.95394453832597,312.40965848327494
8,489,352.96600311994104,312.1483020619678
8,490,352.87681004303295,311.94463072172164
8,491,352.7048175516819,311.83414985725307
8,492,352.46763908663576,311.8443780391553
8,493,352.2331767572946,311.95624759105084
8,494,352.0497887202491,312.1533977949034
8,495,351.935885963584,312.36883242813883
8,496,351.8762131032827,312.5435879698204
8,497,351.85569303618814,312.6634717776965
8,498,351.8413501435719,312.732685855515
8,499,351.7837630176547,312.724395986241
8,500,351.65414895918684,312.66683542520485
8,501,351.442108454629,312.63669813780706
8,502,351.1867130878124,312.63077298392375
8,503,350.92734568881286,312.65907569923337
8,504,350.7210936969316,312.76420702262715
8,505,350.5976111799886,312.9498514894941
8,506,350.6083602186713,313.12807140315823
8,507,350.73426418244014,313.2523987573442
8,508,350.89966605942726,313.30153093402146
8,509,351.0600878315924,313.2399338180169
8,510,351.22245717707153,313.07213339427904
8,511,351.3501432307645,312.8671849110332
8,512,351.4419263010332,312.6761212376964
8,513,351.5670992381335,312.5046538902619
8,514,351.7664334256163,312.34038684877
8,515,352.03326068048256,312.1631680132567
8,516,352.38761945010015,311.9493329114504
8,517,352.816868072732,311.6946021802746
8,518,353.2425985564073,311.43776959035654
8,519,353.58476938857973,311.2668250548478
8,520,353.81139986920397,311.220073340956
8,521,353.90189524030524,311.30598521015105
8,522,353.8379369609594,311.53045992832097
8,523,353.6856813020632,311.82286765871675
8,524,353.53869637184977,312.0831369234352
8,525,353.4846351698423,312.2502349038185
8,526,353.5549221852808,312.28082995511943
8,527,353.78120307402094,312.1476979477263
8,528,354.1252846883769,311.91677688376205
8,529,354.49931657456807,311.63668704354154
8,530,354.753455153278,311.38384156008397
8,531,354.82604438511225,311.24285898292624
8,532,354.71149336462753,311.2558689123341
8,533,354.4421057490499,311.3978926858935
8,534,354.0880615523988,311.6399737857401
8,535,353.7777311217335,311.89913064241273
8,536,353.542127894209,312.12500773161344
8,537,353.3664876622217,312.2752828142018
8,538,353.22160177664335,312.3294903449354
8,539,353.07052695883215,312.3245612637961
8,540,352.8432736171032,312.33226465684805
8,541,352.53767928466146,312.36562033613984
8,542,352.1897484221847,312.45033043231774
8,543,351.8553577551212,312.60307463413824
8,544,351.5655000437358,312.79723499005263
8,545,351.37076198852503,312.98462340396355
8,546,351.3083458385496,313.12940562307574
8,547,351.3840784462497,313.1962358795353
8,548,351.57536347031925,313.18086030571345
8,549,351.8461606083771,313.0877425045129
8,550,352.1688318974508,312.93540104879344
8,551,352.47199795028484,312.77486102195684
8,552,352.6555621099757,312.66963509680795
8,553,352.65827396846527,312.63933410508434
8,554,352.5158330025233,312.68484144179956
8,555,352.26588574159604,312.80049829048505
8,556,351.99999404954883,312.93782825280516
8,557,351.828704646006,313.04853991338894
8,558,351.8209223844956,313.107331398233
8,559,351.9699399252213,313.094036736951
8,560,352.21629714142654,313.01316534240505
8,561,352.49390171249,312.9033530368829
8,562,352.73157880221265,312.79386681234354
8,563,352.8484885201209,312.7198567345597
8,564,352.77723037256396,312.74089438623685
8,565,352.521980384448,312.85818091005854
8,566,352.10750676627345,313.0435334200957
8,567,351.6063697381646,313.26018383070857
8,568,351.13407424748834,313.4744928849465
8,569,350.7947960839894,313.6356247274593
8,570,350.64958885332385,313.7423425285259
8,571,350.6919033366806,313.81289060901474
8,572,350.86291317064905,313.8661195649087
8,573,351.08427110720356,313.90278392747075
8,574,351.28327685222496,313.93975684369576
8,575,351.39147426621105,313.9743509352353
8,576,351.38540982793427,313.99968223952175
8,577,351.2933398176804,314.01555761506904
8,578,351.15411323271223,314.03317133115127
8,579,351.0269207050025,314.04027982539185
8,580,350.9852138156611,314.02283128488324
8,581,351.07535160666754,313.9638881303615
8,582,351.2773474362408,313.85586242279453
8,583,351.54425007983025,313.7019672900998
8,584,351.808615317135,313.52455562655996
8,585,351.98803738824427,313.35646870266277
8,586,352.0382986866875,313.2273621379601
8,587,351.9668872929385,313.15032929986137
8,588,351.8021269091505,313.1066158779961
8,589,351.59914451290194,313.07048167525284
8,590,351.419591070095,313.02504895830833
8,591,351.30906246312827,312.9664557934292
8,592,351.29153604201815,312.88270358084344
8,593,351.36360016533985,312.79482511274136
8,594,351.4928832006365,312.7231108261287
8,595,351.64935210501807,312.6827719034261
8,596,351.8067390061602,312.6646806369013
8,597,351.94064489432566,312.6769283818334
8,598,352.0695328699927,312.7026727920594
8,599,352.23142689065406,312.7367211127439
8,600,352.4729664419161,312.74325787589737
8,601,352.77803037945426,312.7008613911655
8,602,353.13060178410194,312.59946406327686
8,603,353.5013352881393,312.45544040938216
8,604,353.80955278268857,312.26842433740313
8,605,353.972506093768,312.0689874482781
8,606,354.00811821433444,311.9084189773754
8,607,353.9414407953642,311.8216554474001
8,608,353.78963289929305,311.81425331701263
8,609,353.6284249790075,311.8829466211226
8,610,353.52853707207623,312.0141972110389
8,611,353.5110804111934,312.1641876585152
8,612,353.5819795157847,312.2902019009738
8,613,353.73885866587784,312.3718584982729
8,614,353.93546741159605,312.4071377188293
8,615,354.1083976748571,312.39512388261915
8,616,354.2262983863605,312.344686462281
8,617,354.3085408621422,312.23653713375194
8,618,354.3595819005488,312.0690754689956
8,619,354.42602852070735,311.8365061421911
8,620,354.5576155162562,311.5426774150318
8,621,354.75226682749087,311.21468081678813
8,622,354.9431531383011,310.9471506248383
8,623,355.1129864665888,310.76138081692955
8,624,355.2418626058478,310.6532629437967
8,625,355.3289186283955,310.63384209915955
8,626,355.39075501929494,310.6743451623307
8,627,355.4635247824373,310.6813189549975
8,628,355.5899641760185,310.6359578587627
8,629,355.7959928879293,310.5735134472823
8,630,356.0642090883053,310.4879218228812
8,631,356.3663118550451,310.4047839054848
8,632,356.68236369072173,310.3907394526757
8,633,356.9669947637685,310.45226765706474
8,634,357.1444321356226,310.5809788059578
8,635,357.15094231072163,310.7864391554064
8,636,356.9700434628777,311.0591871843152
8,637,356.61370305507916,311.35612471182014
8,638,356.07021151598184,311.67036287437435
8,639,355.41056645651435,311.9819639677578
8,640,354.8109795114939,312.24267528224067
8,641,354.394586720494,312.41946624366994
8,642,354.22395594591364,312.49791780740094
8,643,354.3405393168215,312.47237049533317
8,644,354.7063551310556,312.34407197976935
8,645,355.1864671401976,312.15287326825944
8,646,355.6622063044391,311.932075515396
8,647,356.01893225506035,311.7320450015038
8,648,356.2216174750696,311.5901311182955
8,649,356.26613437048934,311.5313832863827
8,650,356.153481794777,311.57126190671244
8,651,355.8979764520821,311.71638792539864
8,652,355.5849154852229,311.9426962736086
8,653,355.2714067990954,312.19135811863373
8,654,355.0500688949956,312.39104637936197
8,655,354.99603680789573,312.50152201018795
8,656,355.13502329718733,312.49804569210005
8,657,355.4104844211979,312.3841898654533
8,658,355.76558353157554,312.2243098356191
8,659,356.07410648709504,312.0932115426625
8,660,356.21123392066545,312.0399498281982
8,661,356.15853238176106,312.085985783935
8,662,356.0021336035358,312.212466738823
8,663,355.7695216888167,312.3742335912676
8,664,355.51638021259043,312.5378723431071
8,665,355.3684302129189,312.64842770221793
8,666,355.3480783876712,312.7003192540509
8,667,355.3566223517752,312.7274813435033
8,668,355.3876797268214,312.7505078099304
8,669,355.4356745699027,312.7751043568243
8,670,355.42648007660466,312.8204313388726
8,671,355.35541055493644,312.8719598392255
8,672,355.26863119632185,312.91613504795873
8,673,355.1242160163257,312.96998951210867
8,674,354.93981121638166,313.0428552325974
8,675,354.7922927308508,313.13415633284995
8,676,354.6801011845701,313.2509441124342
8,677,354.59735932009824,313.36958997300513
8,678,354.6346159133857,313.4354465048069
8,679,354.76767658158735,313.4357078912771
8,680,354.8764710505939,313.40936485298266
8,681,354.9461075563619,313.35037090488913
8,682,354.96437887563826,313.28736642035085
8,683,354.83982257305934,313.2823678766606
8,684,354.57260576177384,313.37003242671875
8,685,354.25474590071946,313.51082000222317
8,686,353.9064427148617,313.70253324359646
8,687,353.5561634308979,313.915377982077
8,688,353.2590189960446,314.1012567354839
8,689,353.0401718892855,314.21143418296947
8,690,352.8865178409662,314.24489852954923
8,691,352.78815621173237,314.2197905049458
8,692,352.7317002794605,314.164968592052
8,693,352.6928282136451,314.1031080986501
8,694,352.6393350945066,314.06806397401374
8,695,352.55617768913874,314.0896698266264
8,696,352.45663197961693,314.1709925833103
8,697,352.34988649908405,314.30383149155335
8,698,352.28366321873744,314.46547631099855
8,699,352.3364027789566,314.58823426303644
8,700,352.54359606036047,314.6097050287031
8,701,352.8763101849292,314.5013711232907
8,702,353.3221051949224,314.2535484593699
8,703,353.8320931339101,313.8936599501093
8,704,354.35067079695096,313.4960948841342
8,705,354.8294699601919,313.12236954902363
8,706,355.26925094226425,312.79719496579975
8,707,355.6519015406051,312.52956114855374
8,708,355.9941831943238,312.2870809794264
8,709,356.2633343292939,312.04186658807185
8,710,356.4641933636875,311.7618174301644
8,711,356.6484005192965,311.4305514729063
8,712,356.82257603335825,311.07723201124463
8,713,356.9191331862755,310.77572995483206
8,714,356.8950858821805,310.5986370544956
8,715,356.7543957570506,310.57245055235103
8,716,356.4748460674027,310.70350362485783
8,717,356.0965899227093,310.952063495896
8,718,355.7207761131853,311.2499753845431
8,719,355.4509465254591,311.5067528465553
8,720,355.3085031584609,311.7113698730242
8,721,355.2711501181506,311.86889360551805
8,722,355.3164876128177,311.95696335050064
8,723,355.3566642069749,311.9986566117304
8,724,355.3148982382683,312.02614644887313
8,725,355.1910104147782,312.02620535957897
8,726,355.0043482031388,312.01121064487666
8,727,354.759515784172,312.03383344715945
8,728,354.5299163070021,312.09297603166766
8,729,354.3801859016484,312.17662690704276
8,730,354.290159025195,312.30008766276205
8,731,354.23469900451613,312.4604317579912
8,732,354.20032148520283,312.6395836992916
8,733,354.1589546372501,312.83320809971235
8,734,354.08335773724366,313.0438135370199
8,735,353.9652571948546,313.23903476775433
8,736,353.8032704092186,313.3862701477188
8,737,353.65252774309675,313.41980903285315
8,738,353.6350946778405,313.27475212987565
8,739,353.82555564186305,312.93116400051446
8,740,354.25739292937493,312.4440904224647
8,741,354.88646415678045,311.8672381138566
8,742,355.56493254034933,311.35090285926566
8,743,356.0637680518522,311.0093375683959
8,744,356.2067156921728,310.90812620667174
8,745,355.97132133564537,311.02006810393254
8,746,355.55532850934526,311.2657251019373
8,747,355.1514640442897,311.5115592363243
8,748,354.91547445703327,311.69125699152625
8,749,355.0213541156972,311.7378339492258
8,750,355.4527174576177,311.6485234864338
8,751,355.95679267042203,311.50186256508175
8,752,356.34737713074395,311.37272844636
8,753,356.52052160732995,311.3076089361415
8,754,356.36155332906134,311.36147558485703
8,755,355.89521580726,311.5432124230188
8,756,355.29598450786773,311.7750964583188
8,757,354.7122713648645,311.98878886911854
8,758,354.2108618387609,312.1568679764813
8,759,353.82182801901047,312.25883042236273
8,760,353.5453984038833,312.2926372276906
8,761,353.34148250522384,312.3212397241027
8,762,353.2059384530328,312.37205032433127
8,763,353.1389055385839,312.43901423725316
8,764,353.19355216340335,312.5142131637726
8,765,353.38151566131125,312.57894300249217
8,766,353.6806294607495,312.6108786605988
8,767,354.01625785695,312.62260433277623
8,768,354.3782826900073,312.6157423457353
8,769,354.6979868039265,312.5775569691156
8,770,354.9336438478777,312.51007713840477
8,771,355.05635262609064,312.4192919005586
8,772,355.0467540619376,312.34192204229225
8,773,354.9056778266257,312.30278445654284
8,774,354.67879059520493,312.31005958966716
8,775,354.3986556002106,312.38056835020694
8,776,354.07975463425635,312.53208396545654
8,777,353.7348100459582,312.7423716619501
8,778,353.37889835072326,312.97011955857295
8,779,353.03949376347475,313.2101717469445
8,780,352.7585851937245,313.45170942079574
8,781,352.58490849730384,313.6919970039829
8,782,352.5994981145414,313.8949323809379
8,783,352.78039782475054,314.05858961338936
8,784,353.0562236743921,314.17175345343645
8,785,353.32937932624566,314.2291880076238
8,786,353.5536328356136,314.2117485644789
8,787,353.66419561950386,314.15472352799844
8,788,353.67882756824764,314.0716073560352
8,789,353.60711223765264,313.99581975142996
8,790,353.47403515772635,313.96373622540955
8,791,353.2802038188531,313.9740214032378
8,792,353.03043841726094,314.0121370781535
8,793,352.71153275616416,314.0987014736326
8,794,352.3621636069995,314.2295377535669
8,795,352.06871023672824,314.3419896920528
8,796,351.87548266142596,314.4069201657941
8,797,351.7992491842879,314.3904246562102
8,798,351.8435063361467,314.2580694421426
8,799,351.98072342867437,314.0123749559851
8,800,352.11688524989177,313.7223937239675
8,801,352.2160526707267,313.45111026480384
8,802,352.2758523276902,313.2540692586501
8,803,352.2754216910001,313.195225753833
8,804,352.2309711345097,313.267909379671
8,805,352.19025926851396,313.4301775011589
8,806,352.170130156778,313.63051876643
8,807,352.16627234304826,313.8330511327379
8,808,352.2257786984497,313.954291760872
8,809,352.35081012333615,313.94923253146715
8,810,352.5063893615527,313.82214886390216
8,811,352.6446823528426,313.6220529594154
8,812,352.75431378784543,313.39478319558464
8,813,352.83260119197854,313.1949538049142
8,814,352.8867525562461,313.0738045827401
8,815,352.9441522949944,313.0512220697702
8,816,353.0859566641699,313.0787061911227
8,817,353.36257928355775,313.07271752525526
8,818,353.757969202826,312.9935435292584
8,819,354.2478798642134,312.83779925202236
8,820,354.8079614066956,312.58847957146577
8,821,355.3285325638133,312.3069286101614
8,822,355.7016292631796,312.1061128692374
8,823,355.86930423288504,312.0439237267788
8,824,355.8038190419937,312.09568046602755
8,825,355.54011159046536,312.2416870322945
8,826,355.17732372383153,312.4312539394661
8,827,354.7703350402795,312.6099692907119
8,828,354.3527541683708,312.7553223161333
8,829,353.9636042314057,312.9088819391917
8,830,353.5803037059032,313.110703500708
8,831,353.17958724283056,313.35791966377906
8,832,352.77931384040687,313.62680576551105
8,833,352.4225925670688,313.8952566565871
8,834,352.1469467892588,314.11555969567996
8,835,351.9806869301439,314.26822520353824
8,836,351.89258929172786,314.38489256881746
8,837,351.8843888023546,314.488967017134
8,838,351.92269703499636,314.5921440746454
8,839,351.93813293549965,314.7174670258926
8,840,351.87437332884275,314.8580375682988
8,841,351.77554992920386,314.9589804151153
8,842,351.6856520793347,314.9524654871277
8,843,351.62692420183987,314.78426477959584
8,844,351.6328063639275,314.4287030788785
8,845,351.7440835113871,313.8852201808752
8,846,351.9320739718446,313.2187631744165
8,847,352.1441597253042,312.56959345427686
8,848,352.4090855465316,312.039153291815
8,849,352.68646630995624,311.72045451648955
8,850,352.9267675267409,311.66247863663585
8,851,353.1654934309945,311.83264342344296
8,852,353.40514423491186,312.1114188617299
8,853,353.5891982520809,312.4410455857199
8,854,353.79719822702265,312.7162757882665
8,855,354.07224949200116,312.8914271716802
8,856,354.3387250061466,312.97176881346564
8,857,354.5745133985196,313.0015975456266
8,858,354.79023713257635,312.9840631481221
8,859,354.954423109883,312.95568902745
8,860,355.0508651923763,312.94330740311966
8,861,355.06134353876814,312.97363108069175
8,862,354.96693723681346,313.04282666082537
8,863,354.76481268991364,313.1461633771603
8,864,354.43217895861847,313.28829430768167
8,865,354.026626633609,313.43167955030566
8,866,353.7016869067993,313.51553533585906
8,867,353.5276480540863,313.5484974133631
8,868,353.4834530951285,313.57098760902693
8,869,353.56092036027667,313.5859059211126
8,870,353.70257531636753,313.6076772001865
8,871,353.7821570827072,313.6838400841259
8,872,353.7606776684724,313.81394265684725
8,873,353.63515893097974,313.9922690497028
8,874,353.4364579412412,314.2086093386549
8,875,353.18220147562255,314.45885522299994
8,876,352.9266405129355,314.7180138348325
8,877,352.6969721441518,314.9510872284036
8,878,352.55353341991474,315.1147626856628
8,879,352.4705358479311,315.22512929770267
8,880,352.4338433199219,315.29304528623584
8,881,352.41857644828343,315.323070189522
8,882,352.42775209741137,315.31025711937195
8,883,352.45440949242095,315.25810729298587
8,884,352.5292576502586,315.15087757359765
8,885,352.66651621979724,314.96156147300326
8,886,352.8536007109412,314.67754458910537
8,887,353.0182424231019,314.3333082522465
8,888,353.1284773728987,313.8894292855628
8,889,353.176963796947,313.3149007564031
8,890,353.17857448078166,312.67827738316953
8,891,353.1932424558711,312.0414227668953
8,892,353.2885002356086,311.46841590148375
8,893,353.43962858849864,311.121731132384
8,894,353.63149601758664,311.07879509285596
8,895,353.8476897816194,311.2697470090193
8,896,354.0262053393419,311.63561656476213
8,897,354.13980860145216,312.0832374867982
8,898,354.2495892499877,312.4454582629
8,899,354.3579037081879,312.6416503632654
8,900,354.47775194200796,312.67813990861333
8,901,354.61852978416766,312.5878467243516
8,902,354.78162318836235,312.4097767833614
8,903,354.91454879698495,312.23577966666414
8,904,355.0126770484058,312.1388716824764
8,905,355.034888407766,312.15867190054934
8,906,354.9867939704622,312.27764867920666
8,907,354.875208478607,312.47511543782394
8,908,354.72349255346296,312.73408976844166
8,909,354.5209390545415,313.0105050822226
8,910,354.2695714963306,313.28935561540607
8,911,353.9933669470678,313.5661034407467
8,912,353.73529987695395,313.8382122035175
8,913,353.5406635277138,314.0560681431525
8,914,353.4485833748503,314.21763468422967
8,915,353.49157317634644,314.3036936477957
8,916,353.6359733138565,314.32258593102324
8,917,353.7936594404481,314.30063212435965
8,918,353.86938220207065,314.28334631856853
8,919,353.83084539010696,314.28222194464695
8,920,353.67424357393475,314.296310612947
8,921,353.43570577233766,314.31621106747025
8,922,353.1987892841598,314.3200841554681
8,923,353.01661358351384,314.318336949157
8,924,352.8774222281724,314.3447269305329
8,925,352.770789839816,314.4238518846206
8,926,352.69454693431277,314.50366748621786
8,927,352.62655185466525,314.5347113339463
8,928,352.6348172442755,314.41917551935006
8,929,352.81886737096414,314.05598025290027
8,930,353.1628171102046,313.449003688992
8,931,353.54719884560734,312.74425697852905
8,932,353.9207331487081,312.0719079852425
8,933,354.19150126581553,311.57654659098984
8,934,354.2951896048516,311.3679357373866
8,935,354.2770138252872,311.44058353004795
8,936,354.30425643111766,311.65287179376713
8,937,354.43751959660585,311.9126382527236
8,938,354.64579950662176,312.15766872656343
8,939,354.83221392947974,312.36083922014814
8,940,354.94954742197575,312.499620857586
8,941,354.8861858678185,312.65679451762594
8,942,354.5792582235195,312.8413228279948
8,943,354.1262870844457,313.0158549494411
8,944,353.6662703548436,313.142842415256
8,945,353.25241746235645,313.2316231938264
8,946,352.93809789770177,313.2493741004623
8,947,352.7577511187993,313.22252613830943
8,948,352.61723848021336,313.23408019822443
8,949,352.44455417488285,313.31681572131487
8,950,352.23303326102865,313.4696644458295
8,951,352.0229637497743,313.6850651360195
8,952,351.83394990896966,313.9390653016078
8,953,351.73519938651395,314.1678305928305
8,954,351.75660686868923,314.36208778092225
8,955,351.8804300379693,314.49873583566966
8,956,352.0706399755484,314.540744178012
8,957,352.3333801089023,314.47464649744467
8,958,352.65091266669475,314.3022839894614
8,959,352.9674858628401,314.0361422436325
8,960,353.2264993207281,313.7533009321552
8,961,353.37926520230224,313.5530404687723
8,962,353.3841705052845,313.47801995500976
8,963,353.23084815301775,313.5439540805183
8,964,352.9640879839502,313.72354513710417
8,965,352.6414795872531,313.95483353654095
8,966,352.2980745143681,314.18691070402775
8,967,351.9829934149245,314.38148187352635
8,968,351.7755833692526,314.49512430182335
8,969,351.7468945013845,314.4778845565713
8,970,351.9183431964119,314.27836339933947
8,971,352.2772590748074,313.8865429698628
8,972,352.76443468732106,313.3407250749995
8,973,353.2278855604297,312.7604643838755
8,974,353.52703992600107,312.3216229464623
8,975,353.5873626207361,312.19509714128117
8,976,353.4135588901081,312.43493947024245
8,977,353.0635672299983,312.9944866626448
8,978,352.67431170712456,313.70071889189364
8,979,352.34122042177074,314.3590614619284
8,980,352.12475868326754,314.8176117200463
8,981,352.051953724925,314.9935373124173
8,982,352.0825420609113,314.9082563173729
8,983,352.08647504748484,314.7366013975297
8,984,352.00220535304265,314.6135831173375
8,985,351.7976245805221,314.5824184802899
8,986,351.4795463516259,314.6532397770187
8,987,351.05893808632516,314.843604019003
8,988,350.6557224639067,315.0500909752846
8,989,350.36721713794645,315.17154007423
8,990,350.26743634576275,315.1958584526312
8,991,350.3214587115571,315.18625469336956
8,992,350.52238524219587,315.1350863547812
8,993,350.8072202329173,315.0564849667078
8,994,351.0830454985896,315.0072267566102
8,995,351.2782363492061,314.97773147357816
8,996,351.40877500847375,314.92899228054245
8,997,351.50621504158556,314.84426857760246
8,998,351.60886705067594,314.72466709229406
8,999,351.756449444894,314.55825918255334
8,1000,351.9651491348095,314.3862498969985
8,1001,352.2260467876503,314.2032831475545
8,1002,352.4785478616679,314.0233690957099
8,1003,352.65645342946743,313.87987996174036
8,1004,352.71632025022456,313.80542398128824
8,1005,352.6288755618705,313.7982233764206
8,1006,352.37218182665265,313.8881402733201
8,1007,351.98881953752436,314.0646911522653
8,1008,351.54398828899497,314.304016061016
8,1009,351.06567304924846,314.5628069219143
8,1010,350.5929442199931,314.8307619967127
8,1011,350.19962315995554,315.0855793846708
8,1012,349.94824245334723,315.2989655415466
8,1013,349.832775384331,315.4085390616437
8,1014,349.90302138207437,315.3842006875728
8,1015,350.17370498761363,315.20889967562965
8,1016,350.56133745491866,314.92347308755774
8,1017,350.94487966076946,314.6240791539515
8,1018,351.30806706807937,314.40263009168444
8,1019,351.57746019221713,314.3618678286766
8,1020,351.70460693769854,314.5098323052618
8,1021,351.74284973284904,314.73958207828986
8,1022,351.75670216189894,314.94524368640765
8,1023,351.73327522043155,315.0850155905854
8,1024,351.703086732481,315.07796677484805
8,1025,351.68158822138514,314.92651265513985
8,1026,351.66327685269397,314.7108025679882
8,1027,351.66535278287347,314.4758242267349
8,1028,351.7390949856246,314.24473182198994
8,1029,351.90880528086916,314.02027436823766
8,1030,352.19015029463924,313.794036910252
8,1031,352.52975408939136,313.5826716935033
8,1032,352.85272890607473,313.4146801746217
8,1033,353.1000005623931,313.26732877284053
8,1034,353.2198249362184,313.1804840653122
8,1035,353.1919206862389,313.18495214217353
8,1036,353.08136124059865,313.2529038364363
8,1037,352.95738947533994,313.34125180437354
8,1038,352.8383001932534,313.46472928120636
8,1039,352.7458553004724,313.5997445692198
8,1040,352.70547138013586,313.6990910088981
8,1041,352.68854149783306,313.750451273181
8,1042,352.64170955721306,313.7822703317103
8,1043,352.5489296033599,313.80940325199686
8,1044,352.4175645303111,313.84723102719806
8,1045,352.2385708063782,313.94154560384777
8,1046,352.02730952644185,314.10610283036226
8,1047,351.82936884844923,314.3215567279174
8,1048,351.68278707281775,314.55299587814864
8,1049,351.5967968068973,314.76383350605994
8,1050,351.5627388598333,314.90755071293404
8,1051,351.5744742035945,314.9591803092923
8,1052,351.6331694867749,314.90371385650894
8,1053,351.6980504711439,314.75984333276415
8,1054,351.7507746252902,314.5647116612345
8,1055,351.81111319646357,314.35699512365363
8,1056,351.8643851877981,314.1766553364157
8,1057,351.88306079428367,314.0465618141791
8,1058,351.90941196367373,313.9445800995365
8,1059,351.968061629221,313.8453416350365
8,1060,352.01973964668707,313.75729038885675
8,1061,352.06092975098926,313.67842487528156
8,1062,352.10691210630466,313.60742288908784
8,1063,352.1299580702147,313.5649590334521
8,1064,352.1012190505787,313.5707750011844
8,1065,352.08185105527616,313.5768238269708
8,1066,352.1167586603037,313.55752073483103
8,1067,352.2028616700177,313.52568427397784
8,1068,352.34377581656656,313.48855825046144
8,1069,352.53007216582455,313.4370657032191
8,1070,352.6984879989573,313.40755469902035
8,1071,352.80523075130384,313.40513295884847
8,1072,352.83772793094954,313.42207868098956
8,1073,352.79138768572807,313.45734418509295
8,1074,352.6808555268663,313.5284791088254
8,1075,352.52394293622893,313.64437981903654
8,1076,352.329501551854,313.8206178260198
8,1077,352.12603756530024,314.0369676650158
8,1078,351.9606812368254,314.25539709113565
8,1079,351.8725084280742,314.41193056964306
8,1080,351.88568246679824,314.4622806062125
8,1081,351.99825618145394,314.3942132571047
8,1082,352.186014917486,314.2263982354574
8,1083,352.3865262383354,314.0105381583566
8,1084,352.52506890035687,313.84677162992244
8,1085,352.55467771361816,313.7925092409314
8,1086,352.4812954800908,313.86144876788296
8,1087,352.3152723869042,314.04852863258486
8,1088,352.09215704548154,314.3115416297255
8,1089,351.8841869305994,314.5610579899742
8,1090,351.75371622276583,314.73067465777024
8,1091,351.7102519997803,314.79444073794457
8,1092,351.75265266946343,314.75031325615953
8,1093,351.8706012900609,314.6354932271644
8,1094,352.0335104113933,314.50281008760055
8,1095,352.20562730398115,314.39575577755846
8,1096,352.368240126977,314.32295798262123
8,1097,352.5051473887743,314.2858486385133
8,1098,352.5893815251049,314.2760048266596
8,1099,352.60060340236316,314.2775172021503
8,1100,352.53781348741296,314.2855417381549
8,1101,352.41275147854196,314.3125515892844
8,1102,352.2789109064139,314.34432854593416
8,1103,352.1619491956228,314.3715199552494
9,0,374.0923778009461,304.5468533402978
9,1,374.12350726841936,304.673985554597
9,2,374.15327269816646,304.8141896303177
9,3,374.18634493011467,304.95705914205143
9,4,374.2109812324632,305.0608788422595
9,5,374.21880881320044,305.1204619124014
9,6,374.21085771459866,305.1402749139153
9,7,374.197461906916,305.1450982191893
9,8,374.16731373717226,305.140199703799
9,9,374.1213177611191,305.1226804715899
9,10,374.0728967253598,305.0918854675299
9,11,374.03354083135906,305.0474353588678
9,12,374.0110728103474,304.9906260650028
9,13,374.02208702583505,304.9311868389025
9,14,374.07237513712795,304.8752643756786
9,15,374.15177976030384,304.8310770877322
9,16,374.24325031502894,304.8063846798154
9,17,374.3311437497937,304.8052366602141
9,18,374.4004913597286,304.82333768890135
9,19,374.4445222081345,304.8560202724648
9,20,374.4600806858525,304.8956590532319
9,21,374.4533101826229,304.9331160926553
9,22,374.43445395318605,304.9607663508636
9,23,374.40665467865296,304.97700370376
9,24,374.3723527570449,304.9841069838875
9,25,374.3402066399958,304.98321515457934
9,26,374.31010088101,304.98174273228807
9,27,374.27641975815516,304.9846183669602
9,28,374.24186091646317,304.9952192443644
9,29,374.20531012348516,305.0120156016213
9,30,374.16324337423123,305.03539771536407
9,31,374.1182883808442,305.05947973214256
9,32,374.0678758624367,305.0779764403616
9,33,374.0142089007778,305.0860563426659
9,34,373.96642871667103,305.0846259650066
9,35,373.93315886723525,305.0722204430884
9,36,373.92048731005787,305.0523938802197
9,37,373.9468419278245,305.0346522897335
9,38,374.006025358632,305.02204461249505
9,39,374.0771495728919,305.0104891078905
9,40,374.1426912313522,305.00012604471425
9,41,374.1885826235331,304.99050584003777
9,42,374.1974100704023,304.97834039079794
9,43,374.18093229264105,304.9639872726607
9,44,374.1690411156221,304.9518475525922
9,45,374.17589417433805,304.9433514227765
9,46,374.2093601751413,304.9364688508781
9,47,374.27640611211666,304.93002550939593
9,48,374.3635236425246,304.9236603274201
9,49,374.4462553951071,304.91664549842267
9,50,374.52071941647864,304.90893143561266
9,51,374.5872985656924,304.9040692587167
9,52,374.63628294378736,304.90262634980286
9,53,374.66680966382506,304.90501018513925
9,54,374.67826230906945,304.91115219013085
9,55,374.66503952816413,304.92067146594417
9,56,374.62578185718377,304.92938826465746
9,57,374.57503921388974,304.9356818676003
9,58,374.5187968204158,304.9397973473867
9,59,374.4651635115008,304.94403278246637
9,60,374.4194211302781,304.9492689910427
9,61,374.38248395531843,304.9583193630062
9,62,374.3459340540668,304.97233456664503
9,63,374.3139798403166,304.98835486487644
9,64,374.287936826973,305.0054519678465
9,65,374.2713994161296,305.0248284136357
9,66,374.2650591574384,305.0464025761829
9,67,374.2700383876468,305.071265522428
9,68,374.271749167819,305.1060142781171
9,69,374.2664250288731,305.14469084503605
9,70,374.2448920825153,305.17959038005165
9,71,374.20293552740486,305.2062580275972
9,72,374.14286459256346,305.22180274832886
9,73,374.08676599587886,305.2197300414755
9,74,374.0415106826586,305.2080912377176
9,75,374.01221614641145,305.19608992730406
9,76,374.0037862011749,305.19055514443846
9,77,374.0142175914646,305.1917540338645
9,78,374.02859647981535,305.19758084251447
9,79,374.03983073155405,305.2008415272504
9,80,374.0506034595692,305.19428868996624
9,81,374.0594251640871,305.1728600079776
9,82,374.0669347708514,305.139927222203
9,83,374.07668490632255,305.101322880628
9,84,374.0947783725636,305.0611327317602
9,85,374.1192157386777,305.02637743237045
9,86,374.14920295200096,305.0026074726847
9,87,374.1856521735434,304.9876612204507
9,88,374.2288826945212,304.9798605570079
9,89,374.2704063908246,304.9806701119737
9,90,374.3076663527596,304.9893620755763
9,91,374.33883959122556,305.0033889747636
9,92,374.3594594659292,305.0269661045562
9,93,374.3636769321989,305.06086001302697
9,94,374.35498244869984,305.1007616120166
9,95,374.3300173056643,305.141797937601
9,96,374.28853788706584,305.17991808174077
9,97,374.23282875600177,305.2072471276491
9,98,374.16991094385946,305.2216446687123
9,99,374.10508681704215,305.22762301911763
9,100,374.046582616732,305.2276116948688
9,101,373.99653165240545,305.225466458778
9,102,373.9605758232692,305.22450557946036
9,103,373.9422932697759,305.2259192210077
9,104,373.9355106111621,305.2244946156882
9,105,373.94019530155754,305.21692256964343
9,106,373.96137429106676,305.19843137458474
9,107,373.9867971013476,305.1714933303318
9,108,374.0053332819548,305.1402570936183
9,109,374.0184657730521,305.11224088435387
9,110,374.02371580169324,305.0937147130294
9,111,374.014441051214,305.08998404944714
9,112,374.0012916896831,305.09684766415205
9,113,373.9888638085316,305.10654137484545
9,114,373.97935626218725,305.11319276033595
9,115,373.96837366225725,305.11322620672894
9,116,373.9588145582268,305.1023463303005
9,117,373.9541845111053,305.08212381736666
9,118,373.96188956655976,305.0563060979067
9,119,373.982909405439,305.0247517728913
9,120,374.02433910172874,304.98792553644694
9,121,374.0863919254356,304.9542370749187
9,122,374.1560481164013,304.9253021079319
9,123,374.22090064493057,304.90190986176157
9,124,374.27303670486276,304.88898824935984
9,125,374.3053382892806,304.88855137406705
9,126,374.3132536616278,304.8935554170166
9,127,374.30431155283316,304.90259533234456
9,128,374.28862364151985,304.9148934625403
9,129,374.27227514981377,304.9268801027895
9,130,374.26173270386136,304.9388769542975
9,131,374.2612583497665,304.95386110084473
9,132,374.26868154965024,304.972254289543
9,133,374.2753818915285,304.99373635747565
9,134,374.2812869629616,305.0184576796551
9,135,374.28479709353854,305.04205990178923
9,136,374.2896563653976,305.06597577098864
9,137,374.2993809443016,305.09149519665397
9,138,374.3206377855928,305.11760312295064
9,139,374.35361239364454,305.1435942358293
9,140,374.39687373171876,305.1693953647139
9,141,374.4404182440715,305.18773356212955
9,142,374.47633708828823,305.1962175364664
9,143,374.50403003602315,305.1952257147821
9,144,374.52430504419834,305.18297252270605
9,145,374.53350530532924,305.1611556261107
9,146,374.53380189673584,305.13377339258386
9,147,374.5297759724492,305.1019910444662
9,148,374.5168324687939,305.06736339445627
9,149,374.4880846461549,305.0353715535335
9,150,374.44679996809134,305.00815351147855
9,151,374.39879229657055,304.9859350852206
9,152,374.35349063375327,304.96904745212777
9,153,374.32736580135656,304.9560606685701
9,154,374.334127190614,304.9443637188439
9,155,374.37768927293735,304.9327883825518
9,156,374.45503243403436,304.923296233139
9,157,374.55311777231503,304.91622246243645
9,158,374.64974765666364,304.9140891685147
9,159,374.73422055203804,304.9144643902878
9,160,374.8011780871377,304.91703701729773
9,161,374.84818192319216,304.9222806368474
9,162,374.87690646651873,304.93031974097676
9,163,374.88784546522754,304.93906070512
9,164,374.8742464640378,304.9496437910225
9,165,374.83573023267763,304.9604416225512
9,166,374.77493821481403,304.9664884232778
9,167,374.69507668402844,304.97010403382825
9,168,374.6128496749354,304.9721589368384
9,169,374.5487010662095,304.975234411054
9,170,374.5119618586302,304.9797705313914
9,171,374.5100145402464,304.9872958057722
9,172,374.54300144129627,304.99026398230353
9,173,374.5971905298611,304.98651698996036
9,174,374.65460219352144,304.974977957519
9,175,374.7026842903539,304.95756964851256
9,176,374.72478894929407,304.93895537216696
9,177,374.7167854944872,304.92146098899553
9,178,374.69209126624503,304.90650008420073
9,179,374.6679792213355,304.8936598776544
9,180,374.657358068683,304.8830760931851
9,181,374.67008484816535,304.87073854272
9,182,374.71074596738026,304.8619808081327
9,183,374.7586966486931,304.86028810245665
9,184,374.7916702681138,304.86789399215826
9,185,374.80058346281476,304.8856498295821
9,186,374.7884629794948,304.9162202422902
9,187,374.75269563770644,304.9562575242873
9,188,374.69942208207056,304.9942994585904
9,189,374.6389917386404,305.02240122138016
9,190,374.5703936797819,305.0348870671414
9,191,374.4900626060722,305.0251723901501
9,192,374.40253895690233,304.9924218959994
9,193,374.32616649992804,304.9508287514784
9,194,374.26559684669513,304.9102222689419
9,195,374.2266808873518,304.8780736551283
9,196,374.20691603966816,304.863250726911
9,197,374.2028067850606,304.869580951164
9,198,374.20345670301685,304.8915218694749
9,199,374.2047728538806,304.92655252909583
9,200,374.2008801655366,304.9725869882853
9,201,374.1991465489254,305.0210763145668
9,202,374.2064966625155,305.0664897355483
9,203,374.2191951819176,305.1066571942722
9,204,374.2351084258403,305.1366879322412
9,205,374.2556598970251,305.1508821142798
9,206,374.2724792502238,305.15409022653336
9,207,374.2787654416091,305.15007092388186
9,208,374.2826147820674,305.14307440945583
9,209,374.2933412967167,305.13883828008903
9,210,374.3114886966922,305.1423972386735
9,211,374.3365945311248,305.151523815588
9,212,374.3608358586313,305.1605016127553
9,213,374.3744254564474,305.1647018281421
9,214,374.3644806531904,305.15884401457686
9,215,374.3352211114564,305.1408904239797
9,216,374.29451498849176,305.1141536785067
9,217,374.25452212055893,305.08632710130223
9,218,374.22082676833725,305.0604218495846
9,219,374.2053645261917,305.04217870365244
9,220,374.20672281290194,305.03433201719986
9,221,374.2209413719709,305.0361643006255
9,222,374.2406018790089,305.04644274400795
9,223,374.26314582751917,305.0644772168459
9,224,374.2793507964948,305.08427048236825
9,225,374.2881413046278,305.09940740421695
9,226,374.2922472923219,305.1058665389568
9,227,374.2988710047483,305.10024667938444
9,228,374.3077840203906,305.08224990747925
9,229,374.3221073516818,305.05769433194024
9,230,374.33738440024786,305.0367855135374
9,231,374.34851915117343,305.0248523151139
9,232,374.34972272629886,305.0222980464661
9,233,374.3405577664121,305.0280664782106
9,234,374.32177618710085,305.03947983949683
9,235,374.3022563221988,305.04760781256414
9,236,374.293451824488,305.04498576527305
9,237,374.3001013441259,305.0353015534404
9,238,374.33042074297526,305.0230096527922
9,239,374.38758585111935,305.0090367851043
9,240,374.4686982812723,304.99889452452106
9,241,374.5581063445499,305.0008862193213
9,242,374.65181627654454,305.0118708828792
9,243,374.7441166993678,305.02738875040177
9,244,374.8344638168936,305.046000532899
9,245,374.9177943452086,305.0650095661431
9,246,374.99806144464173,305.0794373144592
9,247,375.06683968244533,305.0877006852302
9,248,375.09992954280307,305.0879927108818
9,249,375.0812702742078,305.0816734152321
9,250,375.0071328222157,305.07216794018643
9,251,374.8819365129995,305.0637602139125
9,252,374.72271853537876,305.0607812102663
9,253,374.5746735709966,305.067059562359
9,254,374.46011030585476,305.0791601120878
9,255,374.3886486438201,305.0920063787678
9,256,374.3552208416545,305.1038755964292
9,257,374.3541698329824,305.11303633059003
9,258,374.36749702058023,305.1222627437753
9,259,374.39926556473887,305.1323332418014
9,260,374.4794109775566,305.1275739186515
9,261,374.6499404964482,305.05772389911715
9,262,374.92881197902074,304.88752666635685
9,263,375.29866702022593,304.6078562425288
9,264,375.6772032570065,304.2318039977506
9,265,375.9910325640967,303.8193923619162
9,266,376.13401962998944,303.5037078668559
9,267,376.0835089935003,303.3600961243342
9,268,375.89741538714117,303.39887530841366
9,269,375.71613803421764,303.6062433940525
9,270,375.5977544086929,303.93471187641785
9,271,375.65542600140475,304.2735851687875
9,272,375.8973767737104,304.5767628990133
9,273,376.2688827582401,304.8276704356185
9,274,376.6913056495072,305.0056359165529
9,275,377.13247829821233,305.09941643638973
9,276,377.5236410943639,305.14376616132364
9,277,377.8237485366685,305.1432617755086
9,278,378.01302507950726,305.11878003909953
9,279,378.0915972396623,305.1158969308477
9,280,378.09003222722885,305.1466818099693
9,281,378.0616805680098,305.18806540965693
9,282,378.0784943659052,305.238997837064
9,283,378.1849639987663,305.28377889043
9,284,378.3879001815354,305.2950630134542
9,285,378.6508535715318,305.29006666348846
9,286,378.91756164499475,305.2921528484969
9,287,379.14175031060233,305.29673102638293
9,288,379.3152301265229,305.3046981296077
9,289,379.43156806749266,305.31870625355657
9,290,379.4902483838483,305.3132891659411
9,291,379.4836044463812,305.2810396775659
9,292,379.3872710665976,305.24459680599705
9,293,379.1731906530957,305.21609499728413
9,294,378.85981687996724,305.1869537509865
9,295,378.49697034377147,305.17625397433983
9,296,378.1648734840267,305.18447181539324
9,297,377.93463108218384,305.19461564846074
9,298,377.84809582834447,305.20424515193514
9,299,377.8773126634708,305.2287534253228
9,300,377.9635437762275,305.25835273352266
9,301,378.0165349224883,305.2891828847871
9,302,377.9709176314419,305.31729853970273
9,303,377.7959213211431,305.33956436099226
9,304,377.5149382884099,305.35613602847576
9,305,377.1629850507809,305.37102666305896
9,306,376.7891072064624,305.37617078084514
9,307,376.4259155349673,305.3685848256139
9,308,376.08768632798854,305.34191846155306
9,309,375.79733021201207,305.29168092395395
9,310,375.5897756504894,305.22108845323436
9,311,375.50120091671016,305.14992616061477
9,312,375.5499369617586,305.09952486283265
9,313,375.7349775618352,305.0823111475295
9,314,375.99767385297696,305.0984875174944
9,315,376.27765064095934,305.1363538566789
9,316,376.52776792761443,305.18222930606413
9,317,376.72247664987304,305.2245265437944
9,318,376.84940332644715,305.25025608137065
9,319,376.92052020029166,305.25010439429377
9,320,376.94213456925405,305.22734462865697
9,321,376.8925940435694,305.18589553381196
9,322,376.7631473730872,305.1146116757883
9,323,376.5729689322693,305.023951874414
9,324,376.36303119605117,304.94372994756804
9,325,376.18930810644025,304.8883834808748
9,326,376.1053290012844,304.86579130605276
9,327,376.1146596354266,304.89750692415646
9,328,376.1910099159568,304.980869786999
9,329,376.2919390442933,305.08052870522124
9,330,376.3458913316948,305.18394517531243
9,331,376.3238743616704,305.28004158561015
9,332,376.2501119293701,305.34539836077926
9,333,376.1509788115073,305.3748062483081
9,334,376.0295312339122,305.3837957852363
9,335,375.9101616557931,305.37137376743135
9,336,375.798876037525,305.3401704240391
9,337,375.68814492407046,305.3031879263591
9,338,375.5834320201776,305.2671086714388
9,339,375.53702591339555,305.2391077624251
9,340,375.5695483007983,305.2359915478452
9,341,375.66246394084857,305.2624164629848
9,342,375.7905442160518,305.3168889448638
9,343,375.9321269835783,305.38428956348497
9,344,376.0415997656439,305.44304651470634
9,345,376.0947781468167,305.46963720802216
9,346,376.11895421386174,305.44875208235527
9,347,376.13907414755516,305.3748508368639
9,348,376.11530348354626,305.2928254061212
9,349,376.0121919886549,305.24785766378795
9,350,375.87454860573774,305.2435058951379
9,351,375.7337183696502,305.27860108583343
9,352,375.6113502885919,305.3454708947887
9,353,375.58227517171986,305.4039629036384
9,354,375.7124266995362,305.41697347735555
9,355,375.93559119594323,305.40714011605417
9,356,376.2203458843724,305.37937376991096
9,357,376.5207286438856,305.34970150491216
9,358,376.7617449215532,305.334183074756
9,359,376.882246462395,305.341836723713
9,360,376.9466245387664,305.3286980826835
9,361,376.97712456765294,305.2780244787991
9,362,376.9835590201409,305.1986714699693
9,363,377.006053002158,305.09819963374684
9,364,377.0826614185514,304.99231519575716
9,365,377.1785899316257,304.92635876273283
9,366,377.26617665538464,304.9314156176316
9,367,377.3854131644979,304.9639303194304
9,368,377.52530333977455,305.0106939301702
9,369,377.64159926666673,305.0619464855776
9,370,377.711290918847,305.09947072448074
9,371,377.7717233689982,305.0758169957858
9,372,377.7789950495642,305.0222215171129
9,373,377.71487156789175,304.95211999975203
9,374,377.5872945082021,304.88259853286013
9,375,377.4118885097365,304.83736575193967
9,376,377.2047717623489,304.8376089260828
9,377,377.0234302285251,304.85709514717075
9,378,376.9272387283215,304.8674570827493
9,379,376.9542656815074,304.85031125793813
9,380,377.06448731892937,304.7966884217375
9,381,377.1666248262461,304.71146533515605
9,382,377.2048494399626,304.6157186548293
9,383,377.13235241632907,304.52708954740666
9,384,376.94541699059243,304.44020230301015
9,385,376.7002040654994,304.3447355759983
9,386,376.43478175297093,304.2716624314303
9,387,376.1503837130387,304.23531900175044
9,388,375.90901728122503,304.23313196486043
9,389,375.72026343111037,304.25896046790893
9,390,375.5509233200264,304.30758228888436
9,391,375.4011740446851,304.3583815697599
9,392,375.2863235616302,304.4021866946025
9,393,375.1463275009179,304.4292263950511
9,394,374.9692164448442,304.44166569453046
9,395,374.7967461236817,304.4489480885071
9,396,374.63012998822677,304.4573519571387
9,397,374.4739821114654,304.4625402493674
9,398,374.3556329533754,304.4696703339612
9,399,374.28206138152575,304.47983905752847
9,400,374.2443723172695,304.47698414453
9,401,374.2478659517032,304.449874606125
9,402,374.2914232347414,304.4095492912026
9,403,374.38878114658525,304.3733959940263
9,404,374.58406765354425,304.3429908449648
9,405,374.87664576223654,304.32784931341644
9,406,375.2020574940166,304.34296686865997
9,407,375.5086710976079,304.3765976723229
9,408,375.7432798009264,304.3963135670716
9,409,375.8192643015653,304.398772743395
9,410,375.7325365820102,304.38034446157315
9,411,375.5476712934142,304.3346499789157
9,412,375.312391773011,304.26950213238877
9,413,375.0760802132718,304.2054358212439
9,414,374.89881163216603,304.14530550520766
9,415,374.7769119087708,304.11055937019864
9,416,374.72409841700494,304.11433332743746
9,417,374.7651403844248,304.1560630549716
9,418,374.89855832239,304.22585434591787
9,419,375.0726089534346,304.30707626298243
9,420,375.24286925135993,304.34911898802744
9,421,375.35558955311967,304.32684652910257
9,422,375.36276545815485,304.2296193356093
9,423,375.23201240997895,304.0647377107716
9,424,375.00203471340086,303.8673095535101
9,425,374.75847283129457,303.69960816124825
9,426,374.56017511194796,303.59405560374586
9,427,374.4501575904021,303.5681022022209
9,428,374.4566885668041,303.6326373967903
9,429,374.58736192700724,303.7750232732038
9,430,374.768491768741,303.96209975082746
9,431,374.91315115939017,304.16524095281267
9,432,374.96234614943944,304.35331027688056
9,433,374.96178655479815,304.4746361325679
9,434,374.9435933324357,304.5008320281592
9,435,374.95519179408166,304.41962807722973
9,436,375.07041650449696,304.23508225069014
9,437,375.328102010792,303.9895249778833
9,438,375.6210448713898,303.7552156603024
9,439,375.87824511675035,303.5682196200794
9,440,376.10572904865717,303.46497222513807
9,441,376.2812491223369,303.45474761911976
9,442,376.3577336509442,303.5143420938825
9,443,376.38577699969795,303.57950061289904
9,444,376.36878528654336,303.6050760745757
9,445,376.2816496898271,303.56626035314997
9,446,376.1721579138649,303.4560837591048
9,447,376.13573732781515,303.2765760405615
9,448,376.1716348048832,303.097469149041
9,449,376.3019047555914,302.98406640618697
9,450,376.5116803423177,302.945933331294
9,451,376.7148676235751,302.9916015311596
9,452,376.8551950541762,303.1218171382212
9,453,376.94886433501074,303.28522762396085
9,454,377.012200942915,303.4307468810701
9,455,377.08631793879135,303.52523430665156
9,456,377.2183154371981,303.5660868098663
9,457,377.39581042536764,303.57804384175165
9,458,377.58726800152,303.56083504045625
9,459,377.769178195664,303.5229991550161
9,460,377.9119680830986,303.5001743235906
9,461,377.99399521483747,303.4995096385098
9,462,377.99694541810794,303.4906942232751
9,463,377.91474239525337,303.5013280905841
9,464,377.7418067302292,303.54426564148235
9,465,377.5004874249964,303.614525463951
9,466,377.2398703086738,303.68552226053794
9,467,377.0139011650362,303.739832646895
9,468,376.8372147371577,303.7671070318091
9,469,376.6822887168693,303.779662271375
9,470,376.4689485796311,303.78431586873586
9,471,376.13996520295484,303.79232060811677
9,472,375.68414237332024,303.84029141214074
9,473,375.16186273392844,303.92609527432916
9,474,374.6515228749945,304.01202950251565
9,475,374.242366728202,304.074689877631
9,476,373.97659947324166,304.13790588830256
9,477,373.85654616612845,304.1927848032229
9,478,373.7675793407911,304.2234215193691
9,479,373.65872471212464,304.2626134501113
9,480,373.5267068297574,304.33379975704827
9,481,373.37084551563044,304.40716204772167
9,482,373.1982947766506,304.4706787194295
9,483,373.13723422595757,304.5470950028117
9,484,373.2334844500746,304.60726497303557
9,485,373.478582745641,304.6205615543087
9,486,373.8365065230967,304.5884465077115
9,487,374.2380081196767,304.5000666364979
9,488,374.5482562388545,304.34515368350986
9,489,374.68852378484064,304.1724043783814
9,490,374.63053036848373,304.02706974383585
9,491,374.37868285828597,303.93394648825495
9,492,373.9901839779207,303.9234556205579
9,493,373.5735688048776,304.0079727542093
9,494,373.21008453401805,304.1490251127631
9,495,372.9347523439073,304.3082576520078
9,496,372.7612884198756,304.4615934533564
9,497,372.67952174279094,304.5997953128899
9,498,372.665046841685,304.68205911167206
9,499,372.6902871563617,304.68245588493954
9,500,372.6987891637688,304.61431302897444
9,501,372.6787240543803,304.5025290363629
9,502,372.6430524610257,304.3539974027172
9,503,372.5785154901689,304.22454667550994
9,504,372.44169892752757,304.1839616085857
9,505,372.27623079417634,304.2347010190173
9,506,372.08818886050716,304.3378769244018
9,507,371.87506517345116,304.4521969117403
9,508,371.65685589669357,304.52342719231854
9,509,371.5129254968749,304.514846289708
9,510,371.46680880904546,304.4374207197761
9,511,371.524203149679,304.3304565715565
9,512,371.66839729951346,304.23962640498473
9,513,371.8676506000463,304.20594215552114
9,514,372.068036484484,304.1981655014313
9,515,372.239471287347,304.18545364324643
9,516,372.4193552981426,304.1488763051291
9,517,372.6396687594812,304.0981498896534
9,518,372.8941408046515,304.03211161035836
9,519,373.1543220904657,304.00659263858375
9,520,373.412909422812,304.0538890585166
9,521,373.6363887636899,304.1761342860369
9,522,373.803373258364,304.3399544779342
9,523,373.9359630061305,304.5148879068005
9,524,374.12406360776043,304.65438899979347
9,525,374.39704647137984,304.7257740412379
9,526,374.7439467282141,304.7285324728726
9,527,375.11281023694704,304.6799413007193
9,528,375.4774352028881,304.6088855519421
9,529,375.76348221106446,304.53798178469526
9,530,375.9338386690637,304.49727966569134
9,531,375.9944254097856,304.49576366837744
9,532,376.0045806149474,304.52246986852055
9,533,375.98894006304977,304.56996428937566
9,534,375.9602095917918,304.6381337147535
9,535,375.9169781409925,304.7060485849039
9,536,375.83322772688996,304.7626710206622
9,537,375.677592845802,304.8019260916333
9,538,375.4394967237471,304.80970020477565
9,539,375.1335803143136,304.78496541363126
9,540,374.7873045681298,304.7352147017998
9,541,374.43937022029104,304.66032512269743
9,542,374.1423127395775,304.5766458056762
9,543,373.9190205916895,304.50278862452586
9,544,373.7654719734043,304.440383950976
9,545,373.6711107382432,304.3981979884323
9,546,373.62672576128404,304.3829699180535
9,547,373.610354445126,304.38523258437976
9,548,373.62046399320434,304.40105857642055
9,549,373.6537869956484,304.4254719809864
9,550,373.7075651936024,304.44269346993934
9,551,373.7673096074421,304.4517622273054
9,552,373.79610822309684,304.4579719727026
9,553,373.7579960879789,304.456033053762
9,554,373.6621849855295,304.4576593965613
9,555,373.52862391116196,304.4791872730558
9,556,373.4062737147426,304.51648746847746
9,557,373.3548725694154,304.57044641023583
9,558,373.4058810602698,304.643977153632
9,559,373.5534036103085,304.7143421744957
9,560,373.7656516643168,304.7684359342179
9,561,374.00104308020286,304.80399699610757
9,562,374.1877316251353,304.81565769135176
9,563,374.27804700504015,304.80150342828654
9,564,374.24301272207464,304.786799702437
9,565,374.0887969268691,304.77763264904473
9,566,373.81173956101196,304.77995073051756
9,567,373.48695697512176,304.79651864278395
9,568,373.20339836305016,304.8391867178194
9,569,373.0228315072157,304.9000374958522
9,570,372.98428133448306,304.97764630440116
9,571,373.10270808237107,305.0704422035708
9,572,373.3140636751167,305.1758930142771
9,573,373.52732072782453,305.27032379491766
9,574,373.6794045066193,305.33495073061016
9,575,373.7129673388861,305.36293190373163
9,576,373.6079382334867,305.3559235247795
9,577,373.41938424318596,305.32025998018116
9,578,373.21019565360996,305.2728070388674
9,579,373.0228903793836,305.2355782656238
9,580,372.91340663172406,305.21826508417723
9,581,372.91341886269254,305.2092008144475
9,582,372.9907364813185,305.1966565686599
9,583,373.112942559961,305.1759080532997
9,584,373.24751977889775,305.14268029891593
9,585,373.34589065487506,305.0960037784371
9,586,373.37272696109466,305.0427986383174
9,587,373.3239958825386,304.99685781078114
9,588,373.1978029965158,304.9491129494744
9,589,373.02095296294385,304.89146625367437
9,590,372.7786982244791,304.82271651653355
9,591,372.4837419355712,304.7593293881598
9,592,372.1961079548093,304.6966115408103
9,593,371.9389877149999,304.6484114880397
9,594,371.74182455091784,304.6223363958197
9,595,371.68149186326843,304.6207893351846
9,596,371.778848593616,304.6248757638341
9,597,371.9495498971029,304.62856536228185
9,598,372.18202396821187,304.6318800101317
9,599,372.42708241033654,304.646454862169
9,600,372.6815783897922,304.6674627656235
9,601,372.9281824876475,304.6975168528186
9,602,373.155795553879,304.72394291464275
9,603,373.35999646803,304.72778666140437
9,604,373.5188113827974,304.68345211825385
9,605,373.5217090544919,304.59153837113263
9,606,373.38219665551685,304.45944885802726
9,607,373.1896462836129,304.33045089305955
9,608,372.9425120562264,304.2475117643426
9,609,372.67338712285766,304.2217473020074
9,610,372.47193283660596,304.25530517688827
9,611,372.36794877637567,304.35164689047565
9,612,372.3528598337907,304.484713759446
9,613,372.4118598563481,304.6213433047468
9,614,372.4753909698714,304.75442511353504
9,615,372.4910513967123,304.8758290672003
9,616,372.42757168945576,304.9699132466048
9,617,372.26709891635426,305.01517666714176
9,618,372.07221288436705,305.0080863983602
9,619,371.9630741298567,304.9640184543957
9,620,372.0178763298584,304.88096487925816
9,621,372.2046726979089,304.7463229600235
9,622,372.47892553776575,304.58904948788387
9,623,372.76118629031413,304.4256090496167
9,624,372.9969553947536,304.23269463497587
9,625,373.15028234586896,304.03176290825076
9,626,373.2666880837936,303.8577204034865
9,627,373.41564639716546,303.7036357911375
9,628,373.68019690312,303.55764183497354
9,629,374.107566220342,303.44593880478584
9,630,374.6969817303039,303.358556056946
9,631,375.4067726432673,303.29310239175277
9,632,376.154515814764,303.25902086301926
9,633,376.86146151601713,303.26671812343875
9,634,377.42308219564796,303.325265180864
9,635,377.74823819771234,303.4441473570157
9,636,377.7489904602313,303.60605093481854
9,637,377.44681907088176,303.7819891292395
9,638,376.87956960573655,303.9485487704235
9,639,376.1784260546467,304.0821532442071
9,640,375.55128662993445,304.15269413543984
9,641,375.2284955559735,304.1596123975132
9,642,375.22250803986793,304.13737391903896
9,643,375.48931065611174,304.1162023323008
9,644,375.9428610464712,304.0905974432681
9,645,376.45628223967543,304.0870768981611
9,646,376.88149077911993,304.1142500847543
9,647,377.22672013618455,304.1500667628253
9,648,377.5439827523212,304.17330988523065
9,649,377.8525458636947,304.2054071950903
9,650,378.08961239383643,304.24219110385224
9,651,378.22431396963543,304.28679575152626
9,652,378.24158289425657,304.3566120251671
9,653,378.14326913946167,304.45355870441
9,654,377.98781603193316,304.5337659991279
9,655,377.9253661277739,304.5674776789502
9,656,378.05723269829195,304.5410805485843
9,657,378.3495887728361,304.4520134158347
9,658,378.70672956776696,304.32957425362673
9,659,379.0264631570711,304.222714227499
9,660,379.17663557683574,304.18155737399354
9,661,379.1265576248811,304.222467210152
9,662,378.96107213749735,304.3310638268249
9,663,378.79572039524226,304.4673705481521
9,664,378.6971918103026,304.6038379758616
9,665,378.72735467865186,304.71197352111096
9,666,378.82776466617855,304.7799150149004
9,667,378.94072868322576,304.81356988119705
9,668,379.02376921638336,304.8297054946041
9,669,379.045033814135,304.83717952111635
9,670,378.97359378116283,304.8210301082479
9,671,378.85091777562855,304.7835834932347
9,672,378.6713878772581,304.7409781455622
9,673,378.38647221806406,304.7191551837143
9,674,377.9904722530081,304.736405014061
9,675,377.52860968101817,304.80714132472457
9,676,377.05238813933227,304.9139918381234
9,677,376.61470471827596,305.01890139406146
9,678,376.330435903198,305.07023540272957
9,679,376.2045162422846,305.0471129869642
9,680,376.1847467067321,304.97016155393817
9,681,376.1864844343696,304.8695853766922
9,682,376.1720806040711,304.7636271942414
9,683,376.0556403201548,304.7014625715553
9,684,375.84870264878,304.7087437728757
9,685,375.5744321440677,304.77504399395485
9,686,375.28953259695464,304.8813323127938
9,687,375.0146273370004,305.03583279696204
9,688,374.7954423953303,305.2081366432842
9,689,374.6396703561958,305.3555544206969
9,690,374.55652507454664,305.4634997183268
9,691,374.5272990933456,305.54091277239786
9,692,374.5452048236474,305.5809585638369
9,693,374.58815113048814,305.57887294133025
9,694,374.63803968159334,305.5488369088957
9,695,374.69580733849534,305.50837978773393
9,696,374.77589550978746,305.44932821008325
9,697,374.8821889669576,305.37099145235504
9,698,375.0508110738702,305.2959843965366
9,699,375.3169218250103,305.23972812139954
9,700,375.65201508344137,305.18424843659125
9,701,376.05534526221254,305.13072856963595
9,702,376.5272336376721,305.081974203115
9,703,376.97804295425084,305.01389051772713
9,704,377.3542495718348,304.9197412475578
9,705,377.6769043515903,304.80653805608534
9,706,377.8926640118683,304.68546021939636
9,707,377.9688196196985,304.57585484717697
9,708,377.9501764900087,304.4971194315725
9,709,377.86451868664403,304.4193945491841
9,710,377.6954029576044,304.3434408074259
9,711,377.52188958202635,304.2775222709557
9,712,377.3383243591786,304.20633659018205
9,713,377.13075915645675,304.1260562469138
9,714,376.856791869093,304.0876799621112
9,715,376.5359428954313,304.1000624256185
9,716,376.1519379566912,304.1471178989719
9,717,375.7872474553747,304.2094023979025
9,718,375.49843668731864,304.29164944275783
9,719,375.31153390630004,304.37977802129217
9,720,375.22554521142786,304.4761863516993
9,721,375.2383916618912,304.57552198979084
9,722,375.33438268539044,304.6752051326648
9,723,375.4843535642087,304.7445690986391
9,724,375.65074169609824,304.75547297517767
9,725,375.7992755988979,304.68653240420537
9,726,375.9073307456691,304.5646859395769
9,727,375.94632940183504,304.42732752656025
9,728,375.9247070970548,304.302406824107
9,729,375.9501203086883,304.2243226087614
9,730,376.0611249161614,304.2253643523703
9,731,376.2301156327166,304.2879909719187
9,732,376.4297852676065,304.3933795141206
9,733,376.6335523394598,304.5566337095766
9,734,376.7419328285297,304.7575614999913
9,735,376.68750478648894,304.95761320073547
9,736,376.4607005336361,305.123072839203
9,737,376.12573429807077,305.2121987091247
9,738,375.79678328314685,305.1585819990398
9,739,375.61804740471325,304.9622818842015
9,740,375.68469117936917,304.6479722036003
9,741,376.00809219875623,304.2698633616461
9,742,376.44715446419434,303.91064185823114
9,743,376.7918040616761,303.65037219899546
9,744,376.86491418207436,303.50706948205317
9,745,376.6073457415818,303.46840089303885
9,746,376.10516835617534,303.5089136621637
9,747,375.5130546254636,303.5676663751028
9,748,375.039515290455,303.6120947098655
9,749,374.8594788158417,303.63993433548177
9,750,375.0075552064882,303.6640101940201
9,751,375.3278694989245,303.69278812681125
9,752,375.6742277762015,303.76362436408635
9,753,375.90133182271734,303.8816462196151
9,754,375.8620177799313,304.0227554023271
9,755,375.5383693425629,304.17001573149344
9,756,375.08597344727747,304.30782903135247
9,757,374.67803552582484,304.4124023453245
9,758,374.3762005994064,304.4716591985839
9,759,374.190358004131,304.48945017893476
9,760,374.12876802452485,304.47231922776916
9,761,374.1489642148706,304.4261593229817
9,762,374.21652393292925,304.33371765403655
9,763,374.3390431284029,304.2013225549885
9,764,374.5744982484757,304.074846132932
9,765,374.93189680859115,303.9840770998402
9,766,375.4440711896006,303.9313935601056
9,767,375.99068817621134,303.95179702851283
9,768,376.53353913286713,304.0396320344381
9,769,377.0583761217835,304.1289865597749
9,770,377.54149325388187,304.1601794174999
9,771,377.8675582549781,304.1389502200235
9,772,378.09025495637843,304.0650539634364
9,773,378.2098307076598,303.94473931771216
9,774,378.18144277506985,303.8105767318029
9,775,378.01237938156675,303.72071973219613
9,776,377.7562327089287,303.6888042051572
9,777,377.3930588314608,303.71970566961625
9,778,376.9208130344071,303.8245715316286
9,779,376.42595838615307,304.0061564080179
9,780,375.9479166570681,304.23872416072413
9,781,375.51505057820407,304.49694054159954
9,782,375.2056027745805,304.74826616763175
9,783,375.0572792291064,304.96445653573187
9,784,375.00240039499397,305.13382158165933
9,785,374.9696986103678,305.2366309763495
9,786,374.92529847639855,305.2756948216937
9,787,374.8189181851675,305.27512219245256
9,788,374.65864747570737,305.2595425308536
9,789,374.4784609026089,305.23665148932315
9,790,374.3202666247242,305.2334827613025
9,791,374.1876335692782,305.2511373959195
9,792,374.0667456021554,305.2787577139401
9,793,373.89996562961994,305.30952581702775
9,794,373.67440273525574,305.34242405973805
9,795,373.40270352646036,305.3700694927464
9,796,373.1142397329912,305.3801842459918
9,797,372.84859378299944,305.3412275524417
9,798,372.69081003633283,305.2247237808657
9,799,372.6520378388928,305.03719838569896
9,800,372.69496060380044,304.79656163655017
9,801,372.80872139225437,304.5466504706578
9,802,372.98563742763815,304.3508658569849
9,803,373.1656090442231,304.2686308698062
9,804,373.3580585813401,304.2943899119807
9,805,373.62532644163406,304.3936216408028
9,806,373.9424488156821,304.5202318795016
9,807,374.27461432629025,304.64434588832705
9,808,374.58220678453165,304.7139714604733
9,809,374.8119407735318,304.69953369892977
9,810,374.90433039602146,304.6319057519786
9,811,374.86622017764546,304.5501127809375
9,812,374.71796206164106,304.4706512375572
9,813,374.60182658232634,304.42096639730227
9,814,374.616345381898,304.43819017840013
9,815,374.77662591132014,304.4995585056644
9,816,375.0747396319526,304.58301827837835
9,817,375.52867776982384,304.6577939918217
9,818,376.01459981961096,304.70098730409484
9,819,376.4567313070273,304.7056232911531
9,820,376.8679635306893,304.6869845647148
9,821,377.2304113436851,304.64951252592726
9,822,377.45365480559576,304.6321303238184
9,823,377.5236655648264,304.66076201702543
9,824,377.406680966193,304.7279888286079
9,825,377.07384692726504,304.8216056330655
9,826,376.5761725975713,304.94163317150225
9,827,375.9858236527938,305.06254458947956
9,828,375.35073791450407,305.17540212229824
9,829,374.73453536557037,305.28778047837636
9,830,374.1749308665852,305.3975649344679
9,831,373.69970936836614,305.4850108140357
9,832,373.3436628322038,305.5416708904672
9,833,373.1175961249288,305.5733853351853
9,834,373.034083149613,305.5805752235541
9,835,373.08470515876905,305.5798671512084
9,836,373.19681253978865,305.5947046796535
9,837,373.3105955544061,305.63383989250127
9,838,373.37465246182364,305.6807719037834
9,839,373.3094754307274,305.72813186061865
9,840,373.07624476923735,305.76106057122377
9,841,372.74936391053785,305.75409259260596
9,842,372.4035466821924,305.68935902829827
9,843,372.08441146871047,305.55247395585536
9,844,371.83122810842616,305.3194648075912
9,845,371.65959547918953,304.9720465411878
9,846,371.50418548848006,304.5452300491845
9,847,371.32275668598277,304.1144118254941
9,848,371.1154121847852,303.73797244677
9,849,370.89573564861615,303.4986309852652
9,850,370.73764270987647,303.45551930089533
9,851,370.7357648709375,303.5989432781906
9,852,370.9160825482838,303.8432418805235
9,853,371.29267429057415,304.1520170369044
9,854,371.8630631941877,304.45678196758365
9,855,372.5138352755615,304.7185338624014
9,856,373.12302070912733,304.91763364533267
9,857,373.6050300687917,305.08077250900385
9,858,373.9290102626304,305.19438838755264
9,859,374.1235540526392,305.2644067807555
9,860,374.2369371323045,305.3064005321485
9,861,374.23887623123096,305.34519431760435
9,862,374.16576683284796,305.37400715702563
9,863,374.0193624695489,305.39921249838994
9,864,373.76562660639325,305.4310629935053
9,865,373.44481671488717,305.456377292948
9,866,373.2221712870478,305.4511899528133
9,867,373.1523482155471,305.4340480632693
9,868,373.24720615088063,305.4280013685837
9,869,373.4995386446179,305.43326884969935
9,870,373.8453707725017,305.449424523059
9,871,374.16305174997126,305.48079327798666
9,872,374.40802137056835,305.50992118781477
9,873,374.53790061496477,305.52576072002233
9,874,374.57365185760943,305.52922340890393
9,875,374.54831516182185,305.52092440223845
9,876,374.4989967440362,305.51410901015277
9,877,374.4496804349597,305.52366861172925
9,878,374.4648640824841,305.5449825477446
9,879,374.51918579118626,305.5805149228358
9,880,374.5882260631127,305.63768044088926
9,881,374.67318605118214,305.699094026529
9,882,374.77743004483216,305.73942540090644
9,883,374.885169320313,305.7541656984115
9,884,374.98830830335055,305.7472864040241
9,885,375.07765095317586,305.7063746864389
9,886,375.1257763833886,305.61831478925353
9,887,375.04389169187544,305.48422722540687
9,888,374.74693598335347,305.2771331634343
9,889,374.20370780161124,304.9647390525573
9,890,373.4608570810637,304.5653083848933
9,891,372.6150356425207,304.1350313474039
9,892,371.81636135331814,303.76894236166174
9,893,371.1999371587144,303.5652504246885
9,894,370.91568251524865,303.5660503430972
9,895,370.99416091372717,303.7546408992441
9,896,371.3096523761092,304.11585362172923
9,897,371.74447967167623,304.5242659058439
9,898,372.22447107881254,304.86250386809564
9,899,372.6545010766031,305.087821210134
9,900,372.9820882466066,305.2109597211275
9,901,373.2705864052384,305.20912095286667
9,902,373.55638629264,305.1409163591435
9,903,373.83348445025825,305.0824359407513
9,904,374.0706640990088,305.07871072877697
9,905,374.23616725850445,305.12298251633285
9,906,374.2910371634093,305.21440032963187
9,907,374.24616629116304,305.3340125921263
9,908,374.1228893408514,305.45503561480234
9,909,373.94481613683,305.55159623658903
9,910,373.7523257249133,305.62269212554986
9,911,373.6052739767441,305.67592865202477
9,912,373.5305408133619,305.722856004048
9,913,373.5637150603041,305.7618544522795
9,914,373.73932631218855,305.79341821864995
9,915,374.0458898517394,305.8227034491315
9,916,374.42404861739783,305.8477800901291
9,917,374.7763044536507,305.86182401323856
9,918,375.00082263489173,305.85801866957405
9,919,375.0351821761059,305.8364924425042
9,920,374.88994018253715,305.79236198444045
9,921,374.59723799241067,305.7267210302008
9,922,374.243292893476,305.647666810149
9,923,373.9040035635065,305.58022200642165
9,924,373.6245803569036,305.5494786639047
9,925,373.4117069308805,305.55715560281055
9,926,373.29628141509045,305.57629053669774
9,927,373.26983221462535,305.5535978226331
9,928,373.3419684458989,305.416760623115
9,929,373.53178478266506,305.1386379798296
9,930,373.7608521953574,304.6550646612757
9,931,373.8840081349816,304.1151621159325
9,933,373.9321595121265,303.64277176742513
9,934,373.92128215504215,303.3838917789456
9,935,373.85964756114384,303.36600540834417
9,936,373.8644159297616,303.6243159847988
9,937,374.0857595125852,304.01431912806885
9,938,374.4340156038625,304.44101555169084
9,939,374.8082554370086,304.79053259076306
9,940,375.13367140817246,305.02491176756337
9,941,375.3026427325254,305.1799690784246
9,942,375.22176233594143,305.2735706523619
9,943,374.9744983990176,305.31983132785115
9,944,374.66676924423217,305.3436381501588
9,945,374.37403669168543,305.36694256514045
9,946,374.17568214714163,305.3790681128593
9,947,374.1552991563949,305.37644823481486
9,948,374.2051791559393,305.376003101383
9,949,374.2577270198037,305.37958009903866
9,950,374.27881982997405,305.37232285427257
9,951,374.24220846707624,305.3639616049179
9,952,374.10373524059685,305.3726729303856
9,953,373.97652385305236,305.38366745208884
9,954,373.91041532009564,305.40080983468243
9,955,373.9043954006155,305.43407456014
9,956,373.9981932610449,305.4608162298007
9,957,374.2377957776598,305.4565492487825
9,958,374.5688393926653,305.42058451513526
9,959,374.9165174615159,305.3405011006956
9,960,375.2402951608263,305.2277675653256
9,961,375.4519012438393,305.12036325438453
9,962,375.46469839298896,305.05271331446266
9,963,375.27094534452874,305.0354465818661
9,964,374.91683830372904,305.0829258690351
9,965,374.4420678601279,305.17807468665154
9,966,373.92098125241915,305.2981689559781
9,967,373.4645230243815,305.41477241063365
9,968,373.18989370687535,305.4925357327236
9,969,373.1490978384942,305.47503907892656
9,970,373.33942370298115,305.3257921979907
9,971,373.73331869768845,305.0368543014275
9,972,374.28107294967737,304.6328784382394
9,973,374.7883676212253,304.2029872480592
9,974,375.15004469856797,303.87388731772774
9,975,375.3231285749114,303.7408945022691
9,976,375.2692063545954,303.8329651231454
9,977,374.9585206829636,304.1214916975848
9,978,374.52946330301825,304.5053567411281
9,979,374.06786854003377,304.8751378846359
9,980,373.6679773361513,305.1666704136841
9,981,373.4316142360191,305.3424930840109
9,982,373.38057675567046,305.40583551625224
9,983,373.4140062003973,305.41651983293906
9,984,373.4882716141023,305.42251749312356
9,985,373.5441475101428,305.43210185822164
9,986,373.4955596054024,305.45202074163115
9,987,373.32551539052577,305.50567750193034
9,988,373.1268187485824,305.57727529346187
9,989,372.9627118242039,305.63348550677625
9,990,372.8403343095453,305.6854752676493
9,991,372.7879366898859,305.7696770819353
9,992,372.8368907879988,305.86460217301357
9,993,372.9282679556811,305.95016023577364
9,994,372.9664127578175,306.03452259700714
9,995,372.953738257923,306.0862387552988
9,996,372.9155401312687,306.0718325828877
9,997,372.8591849906066,305.9964293052156
9,998,372.83625470784654,305.8672173915833
9,999,372.92047772132884,305.702984349635
9,1000,373.1184199752062,305.5429545074692
9,1001,373.41462411886766,305.39561659910345
9,1002,373.7545190950048,305.26616937204096
9,1003,374.05717408385163,305.18028809426886
9,1004,374.24940814893216,305.13827602527687
9,1005,374.29902214507234,305.1201506567773
9,1006,374.17149920455785,305.1359252217951
9,1007,373.9128271217683,305.1780775776177
9,1008,373.60988304346137,305.2253754034234
9,1009,373.27682463570886,305.25031026854765
9,1010,372.9007026893144,305.2543618844922
9,1011,372.5223772860567,305.2145875143315
9,1012,372.1884741363935,305.13602264048296
9,1013,371.8956724028817,305.0293614308471
9,1014,371.7126536760234,304.93470083197286
9,1015,371.72115425141857,304.8612828601444
9,1016,371.95759586421855,304.8334187446269
9,1017,372.32944812222115,304.86811299931003
9,1018,372.78933019615846,304.9709122338298
9,1019,373.298570564254,305.1183289319826
9,1020,373.8038545927286,305.2875417355827
9,1021,374.19207671074525,305.4470570180608
9,1022,374.48034324518034,305.567710673875
9,1023,374.6595859756807,305.62048595666647
9,1024,374.72292850901886,305.58857115019885
9,1025,374.6699652743943,305.4807037172049
9,1026,374.5767980126495,305.33404470102005
9,1027,374.49705756250614,305.17270363835274
9,1028,374.48336136948654,305.03111987135514
9,1029,374.5468847136061,304.94033745943113
9,1030,374.70239425316987,304.9127822324624
9,1031,374.92816198258083,304.9254343401815
9,1032,375.1316155188552,304.9653545706928
9,1033,375.261661340992,305.0115964074052
9,1034,375.3080685023054,305.04219456444997
9,1035,375.2422690776427,305.0591380952238
9,1036,375.0747778281868,305.07129596867577
9,1037,374.89301165715153,305.0753374652037
9,1038,374.70222564243727,305.08443647816455
9,1039,374.4978454301114,305.1200929034608
9,1040,374.32175088563736,305.1688628262789
9,1041,374.18403131070306,305.2360885636694
9,1042,374.04781362278135,305.32980168764095
9,1043,373.9370170500244,305.44213447369043
9,1044,373.8553209325722,305.55465726318437
9,1045,373.7779379602896,305.6729568247046
9,1046,373.6876724501425,305.78302445746374
9,1047,373.5815475258458,305.8785204677332
9,1048,373.4499430041807,305.95195226898807
9,1049,373.3149343135092,306.00004033598174
9,1050,373.1895213119142,306.015190037651
9,1051,373.07976973075887,305.99095061604214
9,1052,372.9898749380365,305.9334643113177
9,1053,372.91751937351,305.85765322131994
9,1054,372.8572155761554,305.78165499878264
9,1055,372.81120960850774,305.71658853722334
9,1056,372.7670395235065,305.68802755928846
9,1057,372.7262930466554,305.68386794163104
9,1058,372.70364400201964,305.686805578638
9,1059,372.68443911197807,305.68395246231387
9,1060,372.6453340367596,305.68013511102157
9,1061,372.5940700248649,305.66697020636616
9,1062,372.54184684916925,305.6552109030564
9,1063,372.4878406893988,305.65935857508265
9,1064,372.4402025883899,305.6910049870155
9,1065,372.4360484310433,305.73778974933987
9,1066,372.5032991291152,305.78798698723864
9,1067,372.63959290292695,305.83571590120056
9,1068,372.8390606803872,305.8704717336905
9,1069,373.07793729757753,305.87769580964084
9,1070,373.3090571481232,305.8594418567132
9,1071,373.4754151654367,305.82318270835685
9,1072,373.54790915121276,305.78187678358677
9,1073,373.50409937407045,305.7551026784124
9,1074,373.36855394943655,305.7612912906774
9,1075,373.16007315172186,305.81243542841923
9,1076,372.9159344788417,305.91384212063923
9,1077,372.6818895492533,306.04434222785176
9,1078,372.5053850904139,306.17248993624315
9,1079,372.4122180640042,306.2681877662058
9,1080,372.43996996726275,306.30553847139817
9,1081,372.59793548019644,306.2727757717062
9,1082,372.85778140610785,306.18571734865264
9,1083,373.1665308272829,306.0719138385019
9,1084,373.4423034826525,305.97118297562554
9,1085,373.6049706783896,305.915961182909
9,1086,373.62065121261134,305.9197553971468
9,1087,373.4950738197237,305.97978395445546
9,1088,373.2787745388412,306.0773048334214
9,1089,373.0691187554065,306.17727701521295
9,1090,372.9453445675846,306.2498425414197
9,1091,372.941078338817,306.28282674246634
9,1092,373.06061699625775,306.27490221967014
9,1093,373.2726539738711,306.2438667849337
9,1094,373.51627644947865,306.2076631638529
9,1095,373.7407193910986,306.17912145702235
9,1096,373.90850980705886,306.1602357330603
9,1097,373.99641469607855,306.15456155407895
9,1098,373.9947372554527,306.1618269420966
9,1099,373.91333719640164,306.1803570337492
9,1100,373.77726213357647,306.2153269345495
9,1101,373.6194288557151,306.27193726225374
9,1102,373.48207521819154,306.3279259614856
9,1103,373.3811369705429,306.3743740561653
10,0,392.52217065127087,306.9766663584711
10,1,392.5851008207383,307.05760308961266
10,2,392.64753864853714,307.13914881308244
10,3,392.7068767023092,307.21489912222
10,4,392.73682940808175,307.25870681555193
10,5,392.7361294714584,307.2653897295594
10,6,392.71470407468246,307.2421159500661
10,7,392.68977486886246,307.21431533388903
10,8,392.6651799981756,307.19066812040563
10,9,392.64688985866064,307.17241803224704
10,10,392.6416806189957,307.1612881640736
10,11,392.65361953769104,307.1573628257296
10,12,392.68645794424003,307.1556020781613
10,13,392.73776813151085,307.15134696544635
10,14,392.8028616605177,307.1400946969902
10,15,392.87078047105905,307.12634953464993
10,16,392.9277483487166,307.112218040789
10,17,392.9603669860604,307.1009146019025
10,18,392.9666227716542,307.0953760431514
10,19,392.951442575011,307.0962468531508
10,20,392.92372847667053,307.0951323804586
10,21,392.89570741940713,307.0882268637951
10,22,392.88530461882135,307.07089984072275
10,23,392.89861226816214,307.04166751852284
10,24,392.93249048976867,307.0034290665865
10,25,392.98158170939223,306.9632976359336
10,26,393.0380142723723,306.92605334101546
10,27,393.0874956824847,306.89798968030186
10,28,393.12781953241176,306.8821086544147
10,29,393.1573775889815,306.8792372861501
10,30,393.1733640211707,306.888870288782
10,31,393.17568615775036,306.91003741681254
10,32,393.16149375482735,306.9427318655506
10,33,393.1310631998973,306.9848606424538
10,34,393.08817034721415,307.03294591747994
10,35,393.0418470918164,307.08006656944895
10,36,393.00196083374783,307.11881367043145
10,37,392.9840862027467,307.143129110469
10,38,392.9855870414692,307.152109526529
10,39,393.00100819449034,307.14465777048963
10,40,393.0206071322031,307.1259020546115
10,41,393.0341890035926,307.1047854884156
10,42,393.0349746864243,307.0860034656512
10,43,393.0290580688808,307.07294620096815
10,44,393.026402521026,307.0701300577403
10,45,393.0331112816076,307.07732198793985
10,46,393.0524448491055,307.08643204442626
10,47,393.0868540856738,307.0922028816258
10,48,393.133580747333,307.09100051885616
10,49,393.18621916096174,307.08051334268896
10,50,393.2458592436333,307.06290522998813
10,51,393.3127195074908,307.0504351056984
10,52,393.3741087863679,307.05107617101044
10,53,393.4177591938598,307.0660879660719
10,54,393.4373093218402,307.0936281038844
10,55,393.42628321090797,307.1273650233586
10,56,393.3857737666749,307.1552957888543
10,57,393.33097040722237,307.1695982463797
10,58,393.2752452599266,307.1698855527627
10,59,393.2244888620434,307.1585531679637
10,60,393.1818074572115,307.1378789904326
10,61,393.1455708170529,307.1106060454757
10,62,393.1103371202836,307.08239483778704
10,63,393.0721127979974,307.0525492667114
10,64,393.03074434981835,307.0220755412401
10,65,392.9898203763287,306.9968742214171
10,66,392.9521959198984,306.98235080040865
10,67,392.91653878104665,306.9788411684011
10,68,392.878076718496,306.99528711311984
10,69,392.8365977942864,307.03125061996127
10,70,392.78961031775697,307.07856906505873
10,71,392.73405439394276,307.13169172989456
10,72,392.67290476248206,307.18630272920626
10,73,392.6274463289109,307.2272410772959
10,74,392.6044610004666,307.2538166032511
10,75,392.60192699547474,307.2731492219071
10,76,392.6203801501933,307.28839985741325
10,77,392.65717800529546,307.30037339300276
10,78,392.6903793293228,307.31431867454023
10,79,392.71117628987975,307.3253745066346
10,80,392.72320348326696,307.3277747541709
10,81,392.7275700172539,307.32018964052077
10,82,392.7241542105489,307.301914136241
10,83,392.7200980055426,307.27490040356565
10,84,392.72296367102894,307.24424250091045
10,85,392.73161038162834,307.2137334858465
10,86,392.7457164821069,307.18364076022914
10,87,392.7690900253987,307.1565992860013
10,88,392.80207137575945,307.13314073296806
10,89,392.83417621051797,307.1118461023291
10,90,392.86548788408635,307.09132824071946
10,91,392.8956974400256,307.0727622831098
10,92,392.9169812399146,307.0625166285456
10,93,392.92584282767837,307.0653535455775
10,94,392.92817968295606,307.0829128473569
10,95,392.9211368112914,307.1124428127595
10,96,392.9046565538325,307.1477565800142
10,97,392.88483424599985,307.1747102424819
10,98,392.8627919766541,307.1837731730842
10,99,392.8390665997322,307.17582517176646
10,100,392.8160538699907,307.1573225178747
10,101,392.7929001949264,307.1379991050818
10,102,392.77291356692604,307.12721121949346
10,103,392.7645812770245,307.13070308060736
10,104,392.7683716087147,307.1454062799444
10,105,392.7854052873182,307.1628510992805
10,106,392.81376922413824,307.1730688105315
10,107,392.84004383105696,307.171998421835
10,108,392.8526513654782,307.1569532669125
10,109,392.850587831545,307.12926503138243
10,110,392.83330596330205,307.0966430493719
10,111,392.805809729928,307.0655410015228
10,112,392.7848088442687,307.03733641654264
10,113,392.77624310540784,307.0122026056027
10,114,392.779123357794,306.99029285883387
10,115,392.7885379623701,306.96995072305754
10,116,392.7994766719045,306.9522411562303
10,117,392.8059996092506,306.93693146812905
10,118,392.8102596103455,306.92655969908776
10,119,392.8125401238527,306.91764352798606
10,120,392.8201380694076,306.90711003637637
10,121,392.8422262813718,306.8930808824197
10,122,392.8750359770119,306.8755509019088
10,123,392.91092507577383,306.8504562426909
10,124,392.9473813949815,306.8243081369735
10,125,392.97872271015115,306.80160848278706
10,126,392.9951969184393,306.78244058092696
10,127,392.99728156724865,306.7729626403082
10,128,392.9883492048508,306.78479865620255
10,129,392.97449699376,306.8168575937246
10,130,392.9588070666457,306.86740950140177
10,131,392.94425431674216,306.935137213709
10,132,392.932848255869,307.0102482130195
10,133,392.9269632650575,307.0744694110063
10,134,392.92141036482565,307.1245952319263
10,135,392.92034087419637,307.15804658783503
10,136,392.93322804820565,307.1748664728684
10,137,392.96152560929204,307.1806466348051
10,138,393.0016807956533,307.1884137618663
10,139,393.0545358642622,307.2013858293408
10,140,393.10790933475135,307.2241896353737
10,141,393.1442338938756,307.2545154076532
10,142,393.1583105347554,307.2860110516021
10,143,393.1556573564647,307.31024875546143
10,144,393.14058648766013,307.3203445097993
10,145,393.12378794445954,307.3073368166997
10,146,393.11469991342335,307.27412911646786
10,147,393.11676557892497,307.2287273898599
10,148,393.12438924425743,307.1759893460371
10,149,393.13155738505645,307.12077146239704
10,150,393.131334716315,307.06946723114476
10,151,393.12087522840767,307.02354501444347
10,152,393.1026197799433,306.9815474294662
10,153,393.0866632122427,306.94637299129914
10,154,393.0794761506375,306.9188904917832
10,155,393.0870346517336,306.899541465062
10,156,393.11182221653996,306.8859050840573
10,157,393.1523792878442,306.8753317220247
10,158,393.1942717503006,306.8629487475971
10,159,393.23205609667264,306.8471746170194
10,160,393.2610201173036,306.8281597677431
10,161,393.28183841981206,306.8122052080315
10,162,393.29041356832283,306.8011148044468
10,163,393.29054308386753,306.79719840525286
10,164,393.2783849530793,306.7998802419728
10,165,393.25192335588815,306.8075160871203
10,166,393.20579090616883,306.8142948822839
10,167,393.1481432878127,306.82202981530145
10,168,393.0875781731135,306.83241290362224
10,169,393.0386920759519,306.8504337218998
10,170,393.01509492748187,306.8762373180017
10,171,393.0250768591162,306.908917616453
10,172,393.0601711634501,306.941502999873
10,173,393.1111048286078,306.96673355961167
10,174,393.16403715336287,306.97890137159027
10,175,393.20292645407426,306.97829934004335
10,176,393.21450653091665,306.96796553650086
10,177,393.2025712284193,306.9512638668582
10,178,393.1735979262574,306.9348930345674
10,179,393.1411150470735,306.9230864347285
10,180,393.11832621154167,306.9169030776021
10,181,393.12091386172415,306.9099353534891
10,182,393.1467394093695,306.9020267169079
10,183,393.184838406812,306.8917183648886
10,184,393.2186816990711,306.87386748957374
10,185,393.24172211747157,306.84769990609533
10,186,393.2505545366188,306.824293289126
10,187,393.2425643298785,306.81293802517587
10,188,393.21421075593076,306.81441802326316
10,189,393.16869731777865,306.83047345445283
10,190,393.10407675940013,306.85988774548866
10,191,393.01697065476975,306.8905195974407
10,192,392.91742892609994,306.9071084578682
10,193,392.8331001753679,306.90929669860446
10,194,392.7739516608052,306.89981099774735
10,195,392.74277090370833,306.879438129652
10,196,392.73734436355784,306.85684660630386
10,197,392.7508445274403,306.8432992713301
10,198,392.7687892750635,306.83908017948403
10,199,392.78657523895635,306.8456390264851
10,200,392.8033358743696,306.86927037347294
10,201,392.8262923861829,306.90635338265173
10,202,392.8613893357175,306.9488017401997
10,203,392.903717119254,306.9929553260616
10,204,392.951662952653,307.0313174780232
10,205,393.00527148372504,307.051521428253
10,206,393.0546355403414,307.05361461108026
10,207,393.0898668685381,307.0443935974787
10,208,393.11540765472563,307.02989528736623
10,209,393.1338461442533,307.02001980016246
10,210,393.14181517534433,307.0235208810287
10,211,393.1427347083786,307.04034884826314
10,212,393.1368013228952,307.06389509765086
10,213,393.1192959895768,307.0860128858993
10,214,393.0859774833546,307.09543466626553
10,215,393.04435754297936,307.0890608789311
10,216,393.0000231253042,307.0704629702784
10,217,392.96349715053975,307.0473760863164
10,218,392.94147876457464,307.02864871824585
10,219,392.9392999665015,307.0257782596452
10,220,392.95372665104645,307.0411657135082
10,221,392.9778147452223,307.07160155360566
10,222,393.0008626643323,307.1125545482679
10,223,393.01502515762263,307.1575581873276
10,224,393.00989562074557,307.19289888048615
10,225,392.9816265710588,307.2106944177789
10,226,392.93598957839833,307.2097728547054
10,227,392.8808098459423,307.1904167063147
10,228,392.8232318626463,307.1561007701732
10,229,392.7779208243269,307.1211337402088
10,230,392.75052684197846,307.0963537235588
10,231,392.7415096482372,307.0824780870366
10,232,392.7515090015753,307.076443397899
10,233,392.7780026792476,307.07589115611006
10,234,392.8123076991391,307.07262884058514
10,235,392.85063441378344,307.0603490626901
10,236,392.8849314307569,307.0372130119209
10,237,392.9092165590556,307.0095812898801
10,238,392.92486133463717,306.9829265773169
10,239,392.9384800436283,306.9626647559092
10,240,392.9590891400071,306.9509353695766
10,241,392.9993616535126,306.9515735404647
10,242,393.0656592224315,306.9621908603245
10,243,393.1598113921267,306.97704504970864
10,244,393.2760588603799,306.99001725507054
10,245,393.3997286987562,307.00014592813756
10,246,393.51437438491985,307.00770618687136
10,247,393.603580144545,307.01022069885295
10,248,393.64365209361847,307.00715517523724
10,249,393.6239127849186,307.0003219800671
10,250,393.5484233040071,306.98878950079126
10,251,393.4276566137706,306.9708619275395
10,252,393.2823277417155,306.95006848605084
10,253,393.1520379784205,306.9290287680718
10,254,393.0632797343742,306.90981012386567
10,255,393.0233619843394,306.89658740842935
10,256,393.0286673247308,306.8919675138402
10,257,393.0694080961215,306.8955789704271
10,258,393.12973638064835,306.9122159262923
10,259,393.1957613079693,306.94643608151534
10,260,393.2740496530424,306.9830152024385
10,261,393.3875729481713,306.98462809057065
10,262,393.54294281584737,306.9132147585277
10,263,393.69680523996476,306.7394622651537
10,264,393.7982997480298,306.43246941579156
10,265,393.8039225937224,306.02105192947664
10,266,393.6695346640849,305.58493461713005
10,267,393.41572821896807,305.2254686716687
10,268,393.14562102206145,305.00178442226
10,269,392.974513323652,304.9666795315611
10,270,392.9766823326512,305.11677555696804
10,271,393.21866891511394,305.4159626272763
10,272,393.6752215154838,305.79497385098955
10,273,394.27382235635037,306.2065477293907
10,274,394.9378159392561,306.60733441484746
10,275,395.5954482413857,306.9578768026617
10,276,396.167928197547,307.24238212676113
10,277,396.60784991598626,307.4448241934012
10,278,396.8805884809246,307.5680490106493
10,279,396.96787083573,307.6284644965937
10,280,396.9010937316085,307.6534128020362
10,281,396.7356053337271,307.6439109949287
10,282,396.5600805063504,307.62162810299867
10,283,396.4534622530921,307.6027686622805
10,284,396.46563464072364,307.585839656306
10,285,396.5887644899136,307.57009462125944
10,286,396.78674518994313,307.55678844020156
10,287,397.01823099399354,307.541103469863
10,288,397.24946474869046,307.517740951727
10,289,397.4457775851654,307.4913853726937
10,290,397.590791421786,307.4578311175378
10,291,397.66376557760714,307.4260190921969
10,292,397.6208418080453,307.4111821571635
10,293,397.43842905404136,307.4063026772261
10,294,397.1502460939105,307.400720424518
10,295,396.81868268595804,307.4037001832909
10,296,396.52645192099874,307.4180925172509
10,297,396.3540862909408,307.4325302243119
10,298,396.34143856366745,307.45521542375633
10,299,396.4488538544124,307.49483282164215
10,300,396.60408116434496,307.5450117387544
10,301,396.7273439388367,307.60143140151524
10,302,396.75568023764475,307.6556922480581
10,303,396.66544563510945,307.6902296468663
10,304,396.47740016772093,307.69417435182373
10,305,396.2205543417284,307.6613128271581
10,306,395.9295658725872,307.57599326342495
10,307,395.6351616452206,307.43700397881844
10,308,395.3481061377618,307.27292700042494
10,309,395.08924324669863,307.11037388924404
10,310,394.8971546111959,306.97175289044895
10,311,394.8138828423681,306.8858773271226
10,312,394.8569491440527,306.8826511669607
10,313,395.02187571851806,306.95102315924623
10,314,395.2806796141613,307.06971893889187
10,315,395.58643369412107,307.214009342476
10,316,395.8797243871404,307.35501366421755
10,317,396.1213737355656,307.460570344391
10,318,396.30185042889286,307.52417745071347
10,319,396.40734537723785,307.53993924151297
10,320,396.42290747725923,307.51066848034026
10,321,396.3374896247355,307.44048738731806
10,322,396.16418623529614,307.3376710889907
10,323,395.9246797852354,307.21113676393793
10,324,395.66610934030064,307.0892257874786
10,325,395.4538575022833,306.9977108280584
10,326,395.3395421984747,306.96470172883573
10,327,395.3285210527155,307.0116541354662
10,328,395.3926893238284,307.13128918538575
10,329,395.4810246849525,307.2868848708901
10,330,395.53217728704766,307.4447048439071
10,331,395.5135694324841,307.5715503241434
10,332,395.42882254704506,307.6375334204125
10,333,395.3001978580865,307.6410046740698
10,334,395.1508848374899,307.5968249345525
10,335,395.01466161933183,307.5268605022809
10,336,394.9140732655776,307.45379444242235
10,337,394.8579957120279,307.39486600619387
10,338,394.8586792046891,307.3593627925944
10,339,394.9303131934188,307.36331490920816
10,340,395.0675137110662,307.4053698774597
10,341,395.2424283613203,307.47538543841404
10,342,395.4191021029579,307.5588125426887
10,343,395.5564660436236,307.6350386874391
10,344,395.63136470114443,307.6759918258128
10,345,395.6234239229812,307.6664690946076
10,346,395.54083163433324,307.60002553757766
10,347,395.4085458227641,307.49014103291347
10,348,395.25382269302355,307.37017205466725
10,349,395.0938526217486,307.27486300822017
10,350,394.9701540587193,307.2225822234531
10,351,394.914267451844,307.22793159634676
10,352,394.93490855377894,307.2849113059882
10,353,395.02788527684464,307.3752726668594
10,354,395.1893731559301,307.4748366256298
10,355,395.37715923145316,307.5701627032927
10,356,395.55967561067695,307.6510361106492
10,357,395.7190266864518,307.7147910374384
10,358,395.8328187301761,307.75029087345206
10,359,395.86722745505483,307.74949009391264
10,360,395.8345021590583,307.70607381731696
10,361,395.74670543963776,307.61763844904556
10,362,395.621732181582,307.5011480870067
10,363,395.50638570347564,307.38985786073494
10,364,395.46297761648975,307.3197704369193
10,365,395.50968004635666,307.31561225218985
10,366,395.6427561644844,307.38984345441145
10,367,395.8437840091872,307.52219932300824
10,368,396.07339770983384,307.67718805840656
10,369,396.2704338595443,307.8139849998653
10,370,396.4004074174013,307.9046218434801
10,371,396.45602096846727,307.92488332966326
10,372,396.4361142457659,307.8752833279835
10,373,396.335289252832,307.77547403500284
10,374,396.179341364944,307.65853697814987
10,375,395.9998502643974,307.5517120447787
10,376,395.8368836015028,307.480038983163
10,377,395.7259036297846,307.45017456116966
10,378,395.7031689977448,307.45765751090255
10,379,395.7716288898314,307.4924796107069
10,380,395.8987398236941,307.54236256535444
10,381,396.0145471295243,307.5882779911914
10,382,396.06273140444864,307.6143052400728
10,383,396.01734744790144,307.60855007855673
10,384,395.88927402342097,307.56125462541326
10,385,395.7153328313882,307.4703849811182
10,386,395.54268584351706,307.3539214621936
10,387,395.41041524221316,307.2416933872983
10,388,395.3265785256762,307.1461741160436
10,389,395.25560599852946,307.0605856374789
10,390,395.16854352765637,306.9850826612179
10,391,395.05758436714274,306.91386837546855
10,392,394.91538949842305,306.83666542361414
10,393,394.7365555708543,306.7528591837769
10,394,394.54893576424286,306.67800737261075
10,395,394.3714102803254,306.61196904631834
10,396,394.1971667107374,306.55320013178977
10,397,394.02575249592815,306.4956189476858
10,398,393.8789504873722,306.4336933556261
10,399,393.7675730582072,306.36411571492226
10,400,393.6932721651418,306.2902091721086
10,401,393.66337736818093,306.2133041298123
10,402,393.68073913296007,306.1523689330396
10,403,393.7333641153384,306.13963084643564
10,404,393.830347933133,306.18743008286356
10,405,393.97110754148036,306.2920043020556
10,406,394.1386631037012,306.4424388227277
10,407,394.3015353705189,306.58983767119173
10,408,394.4399516052207,306.676266264075
10,409,394.51089574484536,306.67364649376873
10,410,394.4973457820618,306.5867526888721
10,411,394.4207187097432,306.4456070188733
10,412,394.3287416521579,306.3060222120533
10,413,394.2442262449563,306.20007376943926
10,414,394.1889151726119,306.14372773076127
10,415,394.1770979486326,306.1444149083633
10,416,394.20570838101975,306.18300022484607
10,417,394.264288241796,306.244718975941
10,418,394.3527733129743,306.3340325831427
10,419,394.4486968242928,306.43710394782323
10,420,394.5213086918006,306.5082817367121
10,421,394.5432073168896,306.5296455219327
10,422,394.4989273243151,306.4794456796092
10,423,394.3767067678488,306.3426688025608
10,424,394.221568161782,306.14867632351616
10,425,394.0983094617427,305.96750137195767
10,426,394.05348860557154,305.8394981146509
10,427,394.0911324984098,305.78331080034104
10,428,394.22398752628953,305.81574878232476
10,429,394.42643749337066,305.9224210094841
10,430,394.63928639900087,306.056951639791
10,431,394.8101143196818,306.1840139224705
10,432,394.91837674531234,306.28710418731134
10,433,394.96634453037336,306.34800936060947
10,434,394.9720541774327,306.3613358316697
10,435,394.96319369104765,306.33616477449925
10,436,394.9698010912573,306.2840344094973
10,437,395.019856535116,306.2209377267829
10,438,395.1035610890043,306.1642038207076
10,439,395.2057831624166,306.1208214375798
10,440,395.3053409206745,306.0971215145056
10,441,395.39448672104515,306.07832718320634
10,442,395.4765846592519,306.05178574775056
10,443,395.55615666993737,305.9877828322192
10,444,395.6033982933623,305.84481038202387
10,445,395.61615076015084,305.62242533047345
10,446,395.6045817566531,305.3584680585808
10,447,395.55942349948,305.0697336247735
10,448,395.4718465288126,304.81709288693736
10,449,395.3953373603555,304.6788461329096
10,450,395.3720621232567,304.6623397966343
10,451,395.4047034031976,304.7487635357079
10,452,395.49962746326077,304.9436500677206
10,453,395.65941815246714,305.19839533290394
10,454,395.84542637647627,305.4497407441028
10,455,396.0328518913104,305.6644611231829
10,456,396.20842300564834,305.83677275828165
10,457,396.35369735321996,305.95389006984067
10,458,396.4697163779493,306.0119828357911
10,459,396.5787157448634,306.0361213946774
10,460,396.6743317543044,306.0501412578797
10,461,396.7345958021473,306.0392245897162
10,462,396.74119910766785,305.97310783157286
10,463,396.67602566076766,305.8653497089354
10,464,396.5333216906593,305.7410437387348
10,465,396.33673661449455,305.61274236221243
10,466,396.1499022276073,305.51759168772946
10,467,396.0126822428148,305.4928609460401
10,468,395.9331340068318,305.533134037309
10,469,395.8734395900386,305.5883487648695
10,470,395.7731208299186,305.63638572584773
10,471,395.563474760477,305.65261223302076
10,472,395.2531098471584,305.64233312687173
10,473,394.8836239582522,305.6313078682912
10,474,394.5016034518924,305.63277237307716
10,475,394.1533612369245,305.62598395106363
10,476,393.91090669671325,305.6157381077144
10,477,393.7918059873534,305.59430564812516
10,478,393.738820228304,305.5223815889426
10,479,393.7435792187518,305.42204756304216
10,480,393.83934991940265,305.37248694628295
10,481,393.98092833777196,305.3821383931195
10,482,394.1029482533726,305.4445447187291
10,483,394.2595129959105,305.59641874115533
10,484,394.4645012424329,305.8246898087475
10,485,394.6680898889793,306.0568936218535
10,486,394.8595929244792,306.26217381729975
10,487,395.02576705888254,306.40859079616183
10,488,395.1020668033379,306.4488650973889
10,489,395.02261774992,306.38505475811814
10,490,394.77943064791225,306.2431289306476
10,491,394.392637625962,306.04047005945466
10,492,393.9434882519747,305.8136834157592
10,493,393.51395323367433,305.6348939716667
10,494,393.20202657061367,305.51643791055346
10,495,393.0521342984955,305.4605322265233
10,496,393.0537048856857,305.49116813618184
10,497,393.1556850179822,305.61328197550034
10,498,393.30382100529715,305.73634840782313
10,499,393.44329468914486,305.8130715940806
10,500,393.52033806990676,305.82199734165226
10,501,393.52563840708075,305.73314534656146
10,502,393.45834510999634,305.54173422474304
10,503,393.32938368205424,305.31987917543546
10,504,393.1401566273026,305.1174486584195
10,505,392.92691653487196,304.95478743178376
10,506,392.7039699542165,304.8440725810382
10,507,392.4998129263096,304.7546214111885
10,508,392.32049681565627,304.63538058155297
10,509,392.2012384410791,304.4852736986324
10,510,392.148309696418,304.32415601410094
10,511,392.16663557020837,304.1732722763676
10,512,392.22780509385075,304.09051954537006
10,513,392.31946687322915,304.1180992931533
10,514,392.40176392285434,304.2078194946456
10,515,392.4801247656961,304.30911551330246
10,516,392.5822504296108,304.39933539883185
10,517,392.73572209257793,304.4620287593979
10,518,392.94420549454145,304.4879607115652
10,519,393.19141912067664,304.519767013752
10,520,393.453792046299,304.59622203272903
10,521,393.70467150124216,304.7202585764824
10,522,393.94928592891193,304.8729729923633
10,523,394.18702478392356,305.04963372486816
10,524,394.46017960781893,305.24286702394494
10,525,394.7745327765522,305.435113094675
10,526,395.1052083853674,305.61479480490925
10,527,395.3890007979843,305.78248196817987
10,528,395.5994227034317,305.92364118054263
10,529,395.70235802235413,306.0293421689528
10,530,395.69470845864674,306.109769362572
10,531,395.60034854731515,306.178671363522
10,532,395.4801929205802,306.2341311223358
10,533,395.3913556321174,306.2981022818476
10,534,395.3602703480881,306.37608839607117
10,535,395.36874809033424,306.44752200466326
10,536,395.3803316695677,306.4991834337826
10,537,395.35768674319536,306.53128622906655
10,538,395.266480420063,306.53262911076786
10,539,395.0959136190779,306.5035784896548
10,540,394.8732825263072,306.46086260970065
10,541,394.6457318457177,306.4107410647095
10,542,394.43891140999034,306.3588059994346
10,543,394.26235043064037,306.30935069080437
10,544,394.11923491743255,306.2596517062142
10,545,393.9983848294047,306.204514402648
10,546,393.89558380008367,306.14808645201583
10,547,393.82241604224583,306.0901588811995
10,548,393.78907838442206,306.03436124243956
10,549,393.79098247412986,305.98454640481447
10,550,393.83918672029006,305.9474383224941
10,551,393.9156251832484,305.9187862095478
10,552,393.9935423724945,305.89868928619654
10,553,394.04197489071515,305.87574016767337
10,554,394.06183750650484,305.852288464441
10,555,394.05327680565364,305.83041196918384
10,556,394.03767248791263,305.8226587937407
10,557,394.03005932494875,305.83953957742216
10,558,394.0551590635248,305.89540086425325
10,559,394.1187618415265,305.98036625536014
10,560,394.2069953284846,306.0814347792399
10,561,394.3008245268243,306.1762308781781
10,562,394.37441354736046,306.23402153897706
10,563,394.4040945954763,306.2340469266191
10,564,394.37832352475823,306.18770486983357
10,565,394.3043128915225,306.10757518227274
10,566,394.18753392107806,306.0158877388818
10,567,394.06530766002305,305.95404914177925
10,568,393.9770843757404,305.9465730871861
10,569,393.95092289400276,305.9935770187474
10,570,394.00280831746727,306.09545551222925
10,571,394.13232155573024,306.24026308679674
10,572,394.30360010994013,306.39805950061987
10,573,394.46686723387444,306.54674447761136
10,574,394.5728889822649,306.6664623061689
10,575,394.58630209301936,306.739076672214
10,576,394.512856608694,306.7617258271134
10,577,394.3885445405451,306.7412161890104
10,578,394.2563966710179,306.68813619997513
10,579,394.16419060321357,306.6197098244872
10,580,394.1504875754872,306.55372878907724
10,581,394.20877690770084,306.49275890230376
10,582,394.31439857096586,306.43409799385665
10,583,394.43917372255174,306.38004483079646
10,584,394.54750364117945,306.3324216898743
10,585,394.6038341680673,306.28745789049094
10,586,394.5938844407228,306.241644152487
10,587,394.50494940403104,306.2023964179581
10,588,394.33791872529895,306.16264561433945
10,589,394.0893097105827,306.11417441720545
10,590,393.7244199223272,306.06070360237084
10,591,393.2759720797594,306.027068061297
10,592,392.8109554346175,306.0026152548861
10,593,392.3900706630702,305.99545947928925
10,594,392.0895128536541,306.0094559161417
10,595,392.0140401884259,306.02313331134684
10,596,392.1568165025003,306.0171858256198
10,597,392.45921137965024,306.0150784751338
10,598,392.8117417011563,306.0213816705523
10,599,393.11828251676883,306.04774406114905
10,600,393.359640373194,306.13489499183754
10,601,393.47250359985884,306.22818979718096
10,603,393.39724430055753,306.30069058981326
10,604,393.2006560979389,306.32321373966363
10,605,392.9637901779698,306.27462906177857
10,606,392.7254164080361,306.19723109929254
10,610,392.68224520058567,306.2429997377875
10,611,392.8119038911693,306.36958896247086
10,614,393.1699317344516,306.62206838946395
10,615,393.7116510351528,306.8949273807944
10,622,394.2290179983001,307.099648763818
10,623,394.5423161550802,307.1272281976434
10,624,394.71829522541907,307.0198840530525
10,625,394.68876786662406,306.7527710194005
10,626,394.4797670132226,306.4493145905127
10,627,394.2749958591725,306.14663495206497
10,628,394.1483108037772,305.8690707476335
10,629,394.17219853335774,305.64885292797544
10,630,394.4018768698712,305.47655406108385
10,631,394.8138406164983,305.35783567606563
10,632,395.3350150414872,305.294043116833
10,633,395.8975370558946,305.2578012940057
10,634,396.41846397277993,305.25577755082116
10,635,396.7852886854404,305.3141811662478
10,636,396.8754243322325,305.3860475262458
10,637,396.7351221306733,305.43458210959363
10,638,396.6211030249848,305.5474397919622
10,644,396.5251570082137,305.6652075793927
10,646,396.47107751253463,305.7698077676418
10,647,396.6339648833748,305.9079518739542
10,648,397.03241386967716,306.098465963408
10,649,397.43039772842366,306.2513675962817
10,650,397.81970530439327,306.37224814650745
10,651,398.2021328713149,306.4707672475198
10,652,398.4180725158523,306.54253688079075
10,653,398.51134458433825,306.5326610538992
10,654,398.56735211650823,306.4809253675842
10,658,398.5491256431693,306.4617100976918
10,659,398.4474209831184,306.4751366817643
10,660,398.3864977541016,306.55612867011655
10,661,398.35620851400665,306.70476048734
10,664,398.29851742242846,306.8992256947901
10,665,398.32551191669904,307.0755204306746
10,666,398.45158331979457,307.20274114459716
10,667,398.66079306369363,307.23077779424597
10,668,398.858636066462,307.2122431061361
10,669,399.0026221992488,307.133810809531
10,670,399.03216768448294,306.97195861528087
10,671,398.9745621774027,306.74731457926185
10,672,398.8072162173319,306.51488158352896
10,673,398.5003186188233,306.32349501906873
10,674,398.0694758417652,306.2097380749337
10,675,397.57206047906845,306.21711780229754
10,676,397.0588232974328,306.35853742004576
10,677,396.5647793386588,306.54074334064904
10,678,396.1832473031055,306.6786249667147
10,679,395.9266492983107,306.73652726165733
10,680,395.7810555599667,306.7148122811393
10,681,395.69457762223647,306.58594486981946
10,682,395.68773178778605,306.3856846535095
10,683,395.7181710777233,306.1864895850412
10,684,395.7701641405556,306.04530188270064
10,685,395.8089549520437,305.9839407970426
10,686,395.83694020246594,306.0408495120723
10,687,395.79584760271825,306.233345017722
10,688,395.6922770908123,306.50798205351737
10,689,395.5578434827978,306.7770291111277
10,690,395.450741450412,306.9894339030219
10,691,395.3912542495752,307.12453485002277
10,692,395.4185187982911,307.1794538984999
10,693,395.5256732527817,307.18223849575946
10,694,395.69654786026024,307.1871195949496
10,695,395.9115841269516,307.21754821973263
10,696,396.1283969344681,307.26091355938735
10,697,396.2988899505216,307.30554935663577
10,698,396.4363511897217,307.3525315884948
10,699,396.50942437069654,307.38621535761683
10,700,396.6284639974221,307.4221001522752
10,701,396.8275849135457,307.46068976916985
10,704,397.09487028844717,307.49500286935955
10,705,397.39408650391266,307.5129308969873
10,706,397.7395656659657,307.5443965452914
10,707,397.99283875034104,307.59075033062874
10,708,398.0963797500655,307.6411089202924
10,709,398.0312796526223,307.6730328584329
10,710,397.8302377406186,307.6868764446588
10,711,397.5524327759645,307.66115393580037
10,713,397.15699909894545,307.5334907412077
10,714,396.72946293067713,307.3357928673423
10,715,396.3532981057702,307.1306422387147
10,716,396.02509645432747,306.93449851636694
10,717,395.7486995834023,306.7453643409506
10,718,395.6256176224365,306.62986395830285
10,719,395.5923756149726,306.58019636823536
10,720,395.642694094702,306.5704056257358
10,721,395.80526519897325,306.5970942116013
10,722,396.0443177262459,306.6570720176798
10,723,396.3149380707238,306.7026594445361
10,724,396.50091931111126,306.72367864731154
10,725,396.65662702320583,306.6322182184156
10,726,396.63423637227066,306.5198697688759
10,746,396.56605687969443,306.36722905665823
10,748,396.39958379560903,306.2520815129776
10,752,396.2065852045007,306.1998207349144
10,753,395.9143880432949,306.2872662005714
10,754,395.6324212028923,306.37799065142457
10,755,395.23658433077003,306.4739936341215
10,756,394.8524575160367,306.53629878931895
10,757,394.63153963044834,306.5588427415164
10,758,394.6025980890865,306.56560230346673
10,759,394.70382149320847,306.57955979513275
10,760,394.89097097654474,306.6034907583713
10,761,395.09217616382296,306.6145069148991
10,762,395.22479623377427,306.5821893535203
10,763,395.27521871327514,306.4872945647832
10,764,395.3260269167299,306.37360957471213
10,765,395.62157927495724,306.3176864272913
10,766,396.1185247059826,306.3055158857958
10,768,396.72201293656013,306.3273265600119
10,769,397.3375815090002,306.3808081398629
10,770,397.914294931948,306.41654068150683
10,771,398.1807934513794,306.35914378227267
10,772,398.17600995431394,306.2419401513441
10,773,398.02385112867984,306.11194246471416
10,774,397.8624991695369,305.97136522920596
10,775,397.74778651424225,305.86226940483186
10,776,397.71536559802155,305.8125121688411
10,777,397.74343437330685,305.8122064149229
10,778,397.75605426505683,305.84453573189853
10,779,397.69586941801936,305.92967254812527
10,780,397.55459836763026,306.0431959992659
10,781,397.3498543914039,306.1791489599067
10,782,397.11750809211674,306.34447254365267
10,783,396.91900457424543,306.5295254004582
10,784,396.7648033435775,306.6820014371036
10,785,396.62081466074864,306.7492191625704
10,786,396.47167886270495,306.69998403961563
10,787,396.300353728251,306.5438511592813
10,788,396.1220163200838,306.31909547960197
10,789,395.94560293107014,306.10053248962816
10,790,395.79736996981114,305.98318686444503
10,791,395.6936670745047,306.0007899855965
10,792,395.64382068777394,306.12705345948194
10,793,395.61072639092896,306.3122031672704
10,794,395.56037129257334,306.5092637493499
10,795,395.4725217914751,306.6607552525506
10,796,395.34042734505925,306.74506336500235
10,797,395.1711168928931,306.75148075239923
10,798,395.03501876621584,306.6849570375993
10,799,394.9847736371889,306.55125244017177
10,800,395.0471629031436,306.37284142601584
10,801,395.2444482603357,306.1981578612141
10,802,395.6601752423272,306.0963392725343
10,803,396.2237635909391,306.1139025183502
10,804,396.8841337397337,306.2493735473916
10,805,397.5975388774062,306.48824715697265
10,806,398.30085899777634,306.77077049431693
10,807,398.7541188240215,307.016146563005
10,808,398.89791431014567,307.1608938768305
10,809,398.73251748093253,307.1773301758584
10,810,398.3158887930054,307.06974153156074
10,811,397.66367658904704,306.8895414253354
10,812,397.1714483406439,306.68454917241627
10,813,396.98823179621866,306.51095700142463
10,817,397.0445234175537,306.42180964699173
10,818,397.256813944646,306.4097141587037
10,819,397.62642225427214,306.4391761523084
10,820,397.909692022439,306.48867140985107
10,821,398.0233559307453,306.51920625723517
10,822,398.0498329336114,306.5257222549533
10,823,398.0251715020747,306.5256446539867
10,824,397.94566685507795,306.5233052266464
10,825,397.7754574734757,306.536995981677
10,826,397.50468718414777,306.5968062881466
10,827,397.12692215559855,306.66556730879154
10,828,396.70296442278914,306.73016000847815
10,829,396.2544132840906,306.7971185961853
10,830,395.89787630812117,306.7923268649416
10,831,395.718313934002,306.70023049877653
10,833,395.6862927664767,306.57023831489926
10,834,395.72380180652897,306.4361579936141
10,835,395.82908510861364,306.31680220693363
10,836,395.91552104632285,306.3146963630376
10,837,395.9069836194007,306.4228933006991
10,838,395.8258182131064,306.5840012217487
10,839,395.6668400732677,306.7309361532373
10,840,395.42232701843784,306.8164780405234
10,841,395.1117329603838,306.7754257809908
10,842,394.7423663696479,306.59617497539614
10,843,394.3245826686873,306.2921951583307
10,844,393.9075407848993,305.8970933020061
10,845,393.49263871526796,305.4395310005582
10,846,393.0466421231963,304.9687327866372
10,847,392.58533823715715,304.5565739396233
10,848,392.1606966308576,304.2487986420006
10,849,391.80717892073375,304.086918882782
10,850,391.6287073627457,304.0910519659475
10,851,391.7244055902914,304.26997780741135
10,852,392.0843481151198,304.56476599623034
10,853,392.6529253180043,304.9604101607349
10,854,393.3564749859968,305.410528407093
10,855,394.0315933947257,305.87204733302656
10,856,394.52295000767856,306.27093277554474
10,857,394.80915267423177,306.58022808032155
10,858,394.91892943753965,306.7582753551848
10,859,394.9118590093739,306.81708176398683
10,860,394.8865491322366,306.79593853167074
10,861,394.9245136558958,306.7358030782749
10,862,395.024419876609,306.67077902265794
10,863,395.15137773116624,306.6370439129309
10,864,395.2786394828204,306.6315894611496
10,865,395.38798785634805,306.61534599616175
10,866,395.48279258828126,306.5997241602692
10,867,395.59315248760765,306.5965553307877
10,868,395.75286328259944,306.6113650183029
10,869,395.95658605235343,306.65250680799295
10,870,396.1897780530328,306.7440709766199
10,871,396.41763077663234,306.8613750665573
10,872,396.5900657742406,306.9766622216038
10,873,396.6711049999579,307.06262463569396
10,874,396.6681174046186,307.10184320866404
10,875,396.61062237130614,307.08183067996424
10,876,396.5463853687687,307.02996159645113
10,877,396.527905972384,306.96874248699726
10,878,396.5886342080961,306.9210522148534
10,879,396.72366723507105,306.90632707154003
10,880,396.8892894745913,306.9321036974265
10,881,397.0567892826198,306.97697873234694
10,882,397.2006492496897,307.01969367224365
10,883,397.2955524373089,307.04560573655164
10,884,397.3125974528843,307.0562640472315
10,885,397.239980645543,307.04546331184537
10,886,397.0577266436271,307.0011452440033
10,887,396.7816208298711,306.9104431977658
10,888,396.4176848293523,306.7458494268751
10,889,395.9867086358207,306.45245099466695
10,890,395.51860044284865,306.0354470904328
10,891,395.0439869694584,305.55998448769765
10,892,394.55797608631974,305.1247667920807
10,893,394.1054855029721,304.8241531825273
10,894,393.74376144206525,304.7474592419974
10,895,393.52953154880197,304.9107924119633
10,896,393.4689296205462,305.262210519407
10,897,393.5475095258786,305.6801724934878
10,898,393.68903901511936,306.0560034168714
10,899,393.8630527656857,306.34016551410537
10,900,394.0400282636489,306.5168575042785
10,901,394.2261672915691,306.5920665833814
10,902,394.44423935310164,306.62473040299375
10,903,394.7365271013315,306.65658871862814
10,904,395.0455342051305,306.67203038693066
10,905,395.29715183841836,306.6709135537544
10,906,395.4474163411993,306.65108982434765
10,907,395.50115483348793,306.59843186012546
10,908,395.46164966938227,306.5330251508898
10,909,395.3824514715221,306.49513969905934
10,910,395.34284672761913,306.4870743802278
10,911,395.38930241586195,306.5142565977602
10,912,395.49681779492676,306.5893542297621
10,913,395.67084444491735,306.6946804375329
10,914,395.9133200166202,306.8104273479569
10,915,396.19193831435797,306.9166557428358
10,916,396.4603761345369,306.9855590302432
10,917,396.6988644238446,306.9953913763047
10,918,396.8672318303843,306.9440369176242
10,919,396.931401411498,306.8197859400594
10,920,396.89659472012335,306.64712366615464
10,921,396.7872690976542,306.46735356578955
10,922,396.63765965634053,306.32048899812133
10,923,396.48233425358177,306.226370649881
10,924,396.34793885837,306.20716189559556
10,925,396.2367336654038,306.25404611139834
10,926,396.17652272942155,306.3554091220913
10,927,396.1699587699694,306.4482951147856
10,928,396.19860555790615,306.49490936842517
10,929,396.25722981028105,306.4730000786232
10,930,396.2874995972888,306.3545141321473
10,931,396.1912097306024,306.1095124155702
10,932,395.9453686036561,305.78150865335977
10,933,395.6080781347523,305.42080813215773
10,934,395.224083045838,305.1133238637279
10,935,394.92755678674735,304.9563031943214
10,936,394.83805895430737,305.00171209404346
10,937,394.984505403893,305.24996872186665
10,938,395.2772351809575,305.65800484776605
10,939,395.6216164286385,306.09777623978016
10,940,395.91610555612056,306.47421655806136
10,941,396.09419678664244,306.75144725012603
10,942,396.1245037994932,306.9159399087729
10,943,396.07236430993214,306.98289063400046
10,944,396.0155159445406,307.01118161561567
10,945,396.00441802352543,307.0307964045396
10,946,396.0696096459049,307.04613241094046
10,947,396.2214380021171,307.04675587500896
10,948,396.38795131137493,307.0194394182188
10,949,396.51156417343435,306.9591513719272
10,950,396.55194422606564,306.86519729729616
10,951,396.47930804604664,306.7597159308316
10,952,396.3006929002389,306.6735613317948
10,953,396.10739078500865,306.6418073891123
10,954,395.9445338235324,306.66162966973786
10,955,395.83266806081315,306.72180414440396
10,956,395.8050107927962,306.783783424445
10,957,395.87183914768633,306.8132312077333
10,958,395.97850343692414,306.7710178423765
10,959,396.0933893650986,306.6621352116954
10,960,396.1885299262759,306.5129346669665
10,961,396.2164343346134,306.3562901097229
10,962,396.13657533907656,306.2229918497374
10,963,395.945506268017,306.12450939217035
10,964,395.65959047262766,306.06251763159634
10,965,395.3097192365909,306.0077776658543
10,966,394.9569256345129,305.9498858792118
10,967,394.66868330168404,305.88855413995753
10,968,394.5043590337907,305.84145878954644
10,969,394.4795913306627,305.78095760974344
10,970,394.5947409633616,305.70571770351955
10,971,394.83552799891265,305.605746379363
10,972,395.17151768859145,305.47822224889273
10,973,395.5260243229776,305.3374708514764
10,974,395.8415299913778,305.23999892025046
10,975,396.0300394422517,305.20180932872506
10,976,396.02729405436446,305.2075094749645
10,977,395.80596241408773,305.2236298988988
10,978,395.42028530917935,305.20366827741697
10,979,394.9501032523451,305.1185260489078
10,980,394.54306094153355,304.9976957242851
10,981,394.28759843473017,304.8944373810456
10,982,394.21241103079586,304.8528985822639
10,983,394.27617629137995,304.898806073473
10,984,394.43534350754277,305.01776576300085
10,985,394.6176128313255,305.1657109809576
10,986,394.765316711957,305.32723251284534
10,987,394.84051785428073,305.48022129378955
10,988,394.8569379405109,305.6093047759686
10,989,394.83978213664534,305.72874709339965
10,990,394.7945794704817,305.85022314199847
10,991,394.7469694075206,305.9617843500519
10,992,394.7448907288759,306.0732086763494
10,993,394.8027799729832,306.18522045426766
10,994,394.8679951569796,306.27915802054923
10,995,394.9321960608887,306.3478557441817
10,996,394.99874818673214,306.3889237172281
10,997,395.06244938425874,306.388394309381
10,998,395.11857407407143,306.3587020618488
10,999,395.2078042144991,306.32729116469716
10,1000,395.33941745601106,306.30378243718644
10,1001,395.5004951913278,306.2873446604432
10,1002,395.65543745602173,306.2849675413592
10,1003,395.77435931241814,306.28853631329065
10,1004,395.8213546300507,306.27437492659834
10,1005,395.7648551003307,306.23690763098057
10,1006,395.5906153011166,306.18659421781393
10,1007,395.33331512900645,306.1314158902422
10,1008,395.01319022918847,306.1041339972066
10,1009,394.58500866112513,306.11881895211485
10,1010,394.34458415290567,306.28547723922804
10,1011,394.23706098010877,306.46113218131353
10,1023,394.2242101036985,306.64709640932074
10,1024,394.33416405636655,306.7834810259553
10,1025,394.6564714740789,306.86473520686036
10,1026,394.905167019784,306.789247084621
10,1027,395.13098587618964,306.6863343490035
10,1028,395.34175150636713,306.5487763445787
10,1029,395.49255532515457,306.4145046539412
10,1030,395.56292996282053,306.29829475986253
10,1031,395.57499524497473,306.1946144155124
10,1032,395.5405346353906,306.1061940429903
10,1033,395.4727686046125,306.038869646737
10,1034,395.40557162889473,305.99423931317
10,1035,395.33355892423504,305.9484658996646
10,1036,395.2494370249358,305.9052387573087
10,1037,395.18040518273915,305.8751768686537
10,1038,395.1299719222442,305.85811089438215
10,1039,395.0728986447803,305.85531675568086
10,1040,395.03031018255587,305.8878640309918
10,1041,395.025004903414,305.96692914237696
10,1042,395.0338675102636,306.08740726096954
10,1043,395.04495953925476,306.22465979626617
10,1044,395.0619092583032,306.3465712782412
10,1045,395.06059021628846,306.43525696461535
10,1046,395.0226405947884,306.47396877009095
10,1047,394.9548324440565,306.4596927604008
10,1048,394.8771131848606,306.4217863593412
10,1049,394.80768603294473,306.39294168785227
10,1050,394.76761827798873,306.38326262506354
10,1051,394.745249564052,306.3846797407633
10,1052,394.72770956122656,306.39486085997817
10,1053,394.7109105169064,306.40665011160684
10,1054,394.7041935367862,306.41435656463545
10,1055,394.699622222066,306.41753631176783
10,1056,394.706819540152,306.43206242738006
10,1057,394.743606851402,306.4624575933238
10,1058,394.805569717722,306.49336805053315
10,1059,394.86088174783663,306.5167469516486
10,1060,394.9007914897343,306.5315200254846
10,1061,394.9228039043826,306.53303866796597
10,1062,394.92356651786326,306.52641632629604
10,1063,394.9080829432692,306.5330041326963
10,1064,394.8931657911778,306.57379723813534
10,1065,394.8960273901954,306.6629885034494
10,1066,394.93374592803457,306.8043375414456
10,1067,395.00715491459005,306.9766889786531
10,1068,395.10807303436434,307.15238877692093
10,1069,395.2318932199471,307.29415898236834
10,1070,395.3606949416313,307.37742283673674
10,1071,395.4656549208899,307.39904010849295
10,1072,395.53177384725535,307.38830398645246
10,1073,395.55784592534144,307.3759614745064
10,1074,395.5413926536221,307.39311337532564
10,1075,395.4780920422927,307.45035962859384
10,1076,395.38140284929875,307.53879151406795
10,1077,395.2682920543345,307.63097504131804
10,1078,395.1653780652024,307.70232699690655
10,1079,395.09954608617676,307.73102889201976
10,1080,395.1094647666532,307.7135086222191
10,1081,395.20929657168716,307.6603827815093
10,1082,395.3892804060901,307.5900645005905
10,1083,395.60961734697753,307.5197739788082
10,1084,395.81808617892807,307.4727066907215
10,1085,395.95957970720474,307.4585727697788
10,1086,396.0121433156059,307.47499817987466
10,1087,395.98424796121265,307.51579490378754
10,1088,395.9049229872196,307.5748896899406
10,1089,395.8258129116497,307.634774235527
10,1090,395.79218391434284,307.6869089694691
10,1091,395.82348377483675,307.7311535575461
10,1092,395.91946562049947,307.7650811581629
10,1093,396.0655565435335,307.7854731414734
10,1094,396.2337835465812,307.79362951778137
10,1095,396.3969952268664,307.79191351521683
10,1096,396.5271409112962,307.779946803156
10,1097,396.60437165476355,307.7684572701895
10,1098,396.61745565095396,307.76602300023524
10,1099,396.567490478212,307.77911781320256
10,1100,396.46965619184493,307.80816115237053
10,1101,396.34978647898265,307.854961289704
10,1102,396.2423427220243,307.899026847089
10,1103,396.1625484000896,307.9343758319295
11,0,409.62229415600495,313.10000546903836
11,1,409.70548779653626,313.10931116663573
11,2,409.783702304447,313.1021984190178
11,3,409.8454498409975,313.0845782417594
11,4,409.85745820181717,313.0553501362343
11,5,409.82544192157167,313.0107797619049
11,6,409.7608673203654,312.9613831534717
11,7,409.6947378906109,312.9238068588024
11,8,409.6509179908744,312.89326133872146
11,9,409.63745772763406,312.8661706758669
11,10,409.6545550348835,312.8431607686168
11,11,409.7023676672225,312.82003905993855
11,12,409.77857203112893,312.79511938146203
11,13,409.8625440612216,312.7681929977734
11,14,409.94404348543355,312.7375542212463
11,15,410.0145868758823,312.7042764384685
11,16,410.0644717861865,312.6677058455549
11,17,410.08752796114743,312.62553593202904
11,18,410.0895414226674,312.57600631667236
11,19,410.07415200452454,312.5235514026607
11,20,410.0476145433524,312.47084725730616
11,21,410.0201997786247,312.4204616652244
11,22,409.99776270102564,312.3675450930768
11,23,409.9827033444344,312.3098459912371
11,24,409.9745338397866,312.2440878847751
11,25,409.96877951722036,312.1670415474949
11,26,409.95975571502714,312.0811097550024
11,27,409.94475051089535,312.00235704169705
11,28,409.9243455871714,311.93651380386916
11,29,409.8996598237174,311.88945147464085
11,30,409.8714189717511,311.864736906718
11,31,409.8415005023088,311.8639418541951
11,32,409.8129406896539,311.88653748691445
11,33,409.7866994413968,311.9373944850601
11,34,409.7625564581281,312.01519863415433
11,35,409.7458148638166,312.11669615664033
11,36,409.73980300219404,312.22679592155504
11,37,409.73992983814253,312.32451308096927
11,38,409.7486759223543,312.3959698445534
11,39,409.76841113490167,312.43152217428764
11,40,409.7906330249852,312.4281291750717
11,41,409.8072690281822,312.39953138487886
11,42,409.81906473318463,312.3632986018495
11,43,409.8197677407011,312.32919534158583
11,44,409.8102788916366,312.3171473144282
11,45,409.7955707675924,312.33138618996145
11,46,409.78414468409346,312.36366182642536
11,47,409.7803799965235,312.4000796740721
11,48,409.79009521939537,312.4352316077678
11,49,409.80754600653006,312.44163661070945
11,50,409.8344263936751,312.42002478037335
11,51,409.8681536495834,312.3839516683257
11,52,409.90266539425454,312.35321254924116
11,53,409.92617093083555,312.3307454595609
11,54,409.9370599466866,312.33296491140715
11,55,409.9343978864033,312.36001109504423
11,56,409.9237218411393,312.40810493194897
11,57,409.9121884653376,312.46300938568044
11,58,409.91053314990256,312.5225122223414
11,59,409.92272550930335,312.5789422504659
11,60,409.9465120337481,312.62231005265477
11,61,409.96909765302604,312.6378874089108
11,62,409.98436218630246,312.6326037367105
11,63,409.987286898481,312.60573396062443
11,64,409.9765585859035,312.5620973017762
11,65,409.95266143166475,312.5131589226579
11,66,409.9202285519118,312.47297005698
11,67,409.87824696553497,312.43887792442274
11,68,409.823876838771,312.4271178872065
11,69,409.75664163467326,312.44158909383475
11,70,409.6745506600387,312.47759370932243
11,71,409.5763640613877,312.52883850270393
11,72,409.4703757172733,312.59230762749
11,73,409.3751508873505,312.64108260341516
11,74,409.2992932556223,312.6715626216977
11,75,409.2494278188864,312.69173497072325
11,76,409.2312503307747,312.70569981625215
11,77,409.2366739898381,312.71330922991297
11,78,409.2472527040745,312.72490462546165
11,79,409.2563054475526,312.73297358510735
11,80,409.26386824760834,312.72423702493376
11,81,409.2689653576502,312.7002095995764
11,82,409.2735065850162,312.6658334381651
11,83,409.2832620957531,312.6267228501796
11,84,409.29895111008636,312.5935041395632
11,85,409.31256727609457,312.57866957918924
11,86,409.32256288837374,312.5782947684252
11,87,409.33515472828645,312.58846955665115
11,88,409.35198497924796,312.6018173476618
11,89,409.3715017316213,312.61158079118434
11,90,409.39929615180955,312.6107351657347
11,91,409.4333163985034,312.599229649909
11,92,409.4663218494085,312.5892618931639
11,93,409.49519587427625,312.5980261390442
11,94,409.5177552868316,312.6292138634117
11,95,409.5311026680219,312.6777359797524
11,96,409.53772213981836,312.73422042634354
11,97,409.53796844464614,312.7714700004253
11,98,409.5310163764422,312.7668354255306
11,99,409.5212910260041,312.7261573695118
11,100,409.5105761996977,312.6637208370519
11,101,409.4975901794145,312.5985617148767
11,102,409.48733379633353,312.55414181396526
11,103,409.485809563388,312.5419010709193
11,104,409.49387610018164,312.5555138093332
11,105,409.5113565032368,312.58079218743035
11,106,409.5375070455076,312.6011396303709
11,107,409.56529903147884,312.6061850025508
11,108,409.5897144145465,312.5908154752042
11,109,409.60565023844237,312.5485320755682
11,110,409.6125142795742,312.48918604669564
11,111,409.61180975427055,312.4245103806594
11,112,409.61030196078383,312.3589213143074
11,113,409.60662955990074,312.29653809516844
11,114,409.60066082762245,312.24543750104704
11,115,409.5894212835375,312.2026985624415
11,116,409.57227461529277,312.1720113341464
11,117,409.54509956609115,312.15190383898687
11,118,409.512480518202,312.1438903483691
11,119,409.4807718248557,312.1417529125416
11,120,409.4572954407413,312.1437147195352
11,121,409.44557952101724,312.1369043323104
11,122,409.44647956717995,312.12121506487654
11,123,409.4544462828856,312.08840866530284
11,124,409.4628525259307,312.0468773714381
11,125,409.4654877083085,312.00261971217884
11,126,409.45671825551517,311.96403293244197
11,127,409.4374643753175,311.9404156201081
11,128,409.41478261862596,311.9535213658048
11,129,409.3950498760544,312.0027066173967
11,130,409.38091074322375,312.0826624850426
11,131,409.3766127231481,312.18844298509197
11,132,409.3817192131933,312.3016745334402
11,133,409.3866383535842,312.38428614267633
11,134,409.38776829928815,312.4299024816066
11,135,409.3909620650882,312.43985210127016
11,136,409.40120013345995,312.41049892173186
11,137,409.4209123521856,312.35140882872764
11,138,409.45835333415516,312.2972643762423
11,139,409.51371945293096,312.259101147074
11,140,409.5806699205144,312.2454829918594
11,141,409.6461520247473,312.26724609672056
11,142,409.70292358276504,312.3226341291748
11,143,409.74851500906584,312.3974974062291
11,144,409.7824620196012,312.4789064245536
11,145,409.7997840112789,312.54326985833245
11,146,409.80827302873104,312.5755771980329
11,147,409.8155406928892,312.5767631239471
11,148,409.81953701081426,312.54254274577517
11,149,409.81771721195133,312.47291395072307
11,150,409.81240531997827,312.3810037276756
11,151,409.7996518062411,312.28349251080084
11,152,409.78033091483184,312.1909001932866
11,153,409.7619473468644,312.1184516839067
11,154,409.7517404256453,312.07598866457334
11,155,409.75376149337876,312.06642741088024
11,156,409.77184233900505,312.07871693720466
11,157,409.79908683223584,312.09663945652903
11,158,409.82750397230103,312.1033521897763
11,159,409.85111869417426,312.09204403730047
11,160,409.8683220329115,312.0618255163761
11,161,409.8805343606248,312.0252682474202
11,162,409.88949983237666,311.9890852683165
11,163,409.8948098182592,311.9638810965114
11,164,409.8931303829539,311.949220922789
11,165,409.8779484915,311.9446053675666
11,166,409.8413451186876,311.9424843014515
11,167,409.7868206524488,311.94737089978884
11,168,409.72101439453763,311.960060625771
11,169,409.655851438495,311.99071712606815
11,170,409.6053611906069,312.03715215550335
11,171,409.5774028943097,312.0930455598044
11,172,409.569508455828,312.14622856417424
11,173,409.5740525473558,312.181752700896
11,174,409.58101241502834,312.18653059304495
11,175,409.5801945281734,312.1622545736571
11,176,409.5636398253364,312.1092003928762
11,177,409.5283010185816,312.03695204691184
11,178,409.48022046529775,311.96671104385416
11,179,409.43098084849464,311.9108891105413
11,180,409.3906694828457,311.8731559239043
11,181,409.37033519394504,311.8591160494679
11,182,409.3751248839563,311.86060766022376
11,183,409.40033157373153,311.8630657012079
11,184,409.43095105798676,311.8528135935662
11,185,409.4588895090693,311.8230130721281
11,186,409.47961433571294,311.77975945218486
11,187,409.48972878210185,311.74243855516846
11,188,409.4860520600444,311.72140658784014
11,189,409.47509290868084,311.7237065752238
11,190,409.4505720477289,311.74974548556526
11,191,409.4103975849336,311.7859171840393
11,192,409.359731134296,311.8080025547047
11,193,409.3126355895055,311.8059975494393
11,194,409.2697770787519,311.7800059578611
11,195,409.24308937816784,311.7335502482923
11,196,409.2336987244195,311.67966292025284
11,197,409.2384799767954,311.63603652737334
11,198,409.25254151664666,311.61021165960835
11,199,409.27568774301506,311.6097339927342
11,200,409.3016965034113,311.64574924682
11,201,409.3301085714257,311.7087108640886
11,202,409.35978068436077,311.7835955282372
11,203,409.38449038218323,311.86138673178993
11,204,409.40520600745174,311.92577489914106
11,205,409.42333126562875,311.95529348968614
11,206,409.43900463579325,311.95118217032325
11,207,409.4529428797473,311.9241120197867
11,208,409.46642651544596,311.88004878481644
11,209,409.47554673471933,311.8338958987807
11,210,409.4791656800825,311.80033030886085
11,211,409.4771436727185,311.7884308924735
11,212,409.47582581557356,311.8109331706697
11,213,409.4791922737853,311.87081737464024
11,214,409.48895173885836,311.9563064715825
11,215,409.5084717425354,312.05995749865656
11,216,409.5401011597218,312.17189168698917
11,217,409.5733419735426,312.2642125862293
11,218,409.6046238052238,312.33528521692097
11,219,409.63888251090543,312.4007820904873
11,220,409.6740784105572,312.46580289129463
11,221,409.70268099513765,312.5306309188692
11,222,409.72203749807784,312.6065136115897
11,223,409.72483489501417,312.6855671988144
11,224,409.6917126842039,312.7425062571018
11,225,409.61990341369466,312.76315759301156
11,226,409.5177034707169,312.74567150724977
11,227,409.39415581071705,312.6899428518758
11,228,409.263386766211,312.60449592488476
11,229,409.1547833514791,312.51212154068503
11,230,409.0758547814275,312.4325200213018
11,231,409.02842329005125,312.372953635563
11,232,409.0153869131124,312.33287376217163
11,233,409.03278738273195,312.30956114417444
11,234,409.06433853864985,312.29308813996056
11,235,409.1038683818736,312.2735066840026
11,236,409.1482644463317,312.25151183392666
11,237,409.1894988779117,312.237353346047
11,238,409.2244146623294,312.2403147886775
11,239,409.2582996748549,312.267188372704
11,240,409.2946215661654,312.3153999111356
11,241,409.3276132170698,312.3654291660628
11,242,409.36433045119645,312.4005390447414
11,243,409.40910512049186,312.4038138810382
11,244,409.4596213862231,312.36483192438055
11,245,409.5106659593262,312.2897437979161
11,246,409.56370752307373,312.2061464760894
11,247,409.6057215867686,312.1279510687201
11,248,409.62468559324736,312.0671023902906
11,249,409.61034834036957,312.03030193056
11,250,409.5630237135777,312.01392432676266
11,251,409.487310389959,312.0055824413411
11,252,409.3975478149894,311.9998730842382
11,253,409.31351654749636,311.98743938192825
11,254,409.2589751024892,311.97039003787546
11,255,409.2421293239096,311.95627042284883
11,256,409.2590201147365,311.94741964554476
11,257,409.3016962760389,311.9428353810843
11,258,409.35824239840616,311.9514272928068
11,259,409.4164302774009,311.972262183098
11,260,409.48168413512724,311.99964427098365
11,261,409.56790155029483,312.0155292924708
11,262,409.675555705041,311.9864514604856
11,263,409.7798045086337,311.8735246109635
11,264,409.84379733238444,311.65910583090135
11,265,409.8098856615999,311.3439551065439
11,266,409.6777755576071,310.9790341121491
11,267,409.49392364886336,310.6667604224357
11,268,409.3444014143329,310.5031466320178
11,269,409.32223336640504,310.56671426648717
11,270,409.4611021092797,310.80543821590635
11,272,409.74673511587946,311.1918757121002
11,273,410.09796156520105,311.63358241668027
11,274,410.42863564035366,312.05622808215355
11,275,410.69087126836376,312.38841250221833
11,276,410.89990341981775,312.66978803080883
11,277,411.04048227040755,312.880424136108
11,278,411.1381202377063,313.03229156354354
11,279,411.21307884028647,313.1278649449812
11,280,411.2587811699608,313.1730560192908
11,281,411.28971900182717,313.1773091629001
11,282,411.3384015503076,313.15125348919526
11,283,411.4343531961639,313.1145884269263
11,284,411.58271056659515,313.08185495812074
11,285,411.7673905735204,313.0521994241192
11,286,411.95728290931214,313.01895581697
11,287,412.1395981271555,312.9774206639749
11,288,412.2923964463215,312.9177023718649
11,289,412.4172735637263,312.84097888320963
11,290,412.5015655394707,312.758551324666
11,291,412.5196815998601,312.6912724274788
11,292,412.4365881708531,312.6571334363242
11,293,412.24428441818435,312.66433348623485
11,294,411.95381368103887,312.70071550506674
11,295,411.6282080353953,312.7479749707682
11,296,411.3683074479312,312.79629274304443
11,297,411.24733566744777,312.8419084719628
11,298,411.29526691662517,312.8826440948124
11,299,411.4900529338313,312.9247381416769
11,300,411.77134551656434,312.97971185204995
11,301,412.04228246549144,313.0419715082507
11,302,412.24042666867626,313.0968550803011
11,303,412.3289432094551,313.12447073611344
11,304,412.30018618051383,313.1166709567697
11,305,412.1655045129853,313.06585045439397
11,306,411.9619944430045,312.9728829737113
11,307,411.72006506717594,312.8397220322711
11,308,411.473352767208,312.69864328412245
11,309,411.2692986492958,312.5793680350596
11,310,411.1540661897331,312.5106872805897
11,311,411.1486512611702,312.5072038776344
11,312,411.2551139502601,312.5850455087801
11,313,411.4537276840663,312.72610551337243
11,314,411.69995867256904,312.90152077548294
11,315,411.944798005602,313.07120262826993
11,316,412.15350248005046,313.2108170588037
11,317,412.29669254903763,313.2966287463931
11,318,412.36553517487295,313.32605239953136
11,319,412.3680636916618,313.30450510363096
11,320,412.30166958161243,313.24223287453674
11,321,412.1675796515939,313.1405129763209
11,322,411.9913179266903,313.01196386925926
11,323,411.8031878238368,312.865958293124
11,324,411.6233851047258,312.7155993667125
11,325,411.4924400800197,312.5867470652437
11,326,411.4385257277173,312.512188746623
11,327,411.456939974442,312.51358366878827
11,328,411.51903953368753,312.5894640570344
11,329,411.5936582511639,312.7213963794014
11,330,411.6350474820556,312.8797826657416
11,331,411.61258432730335,313.02591753439026
11,332,411.52155640296917,313.1266295889411
11,333,411.3806107771985,313.177724876005
11,334,411.21716828481124,313.18607747790304
11,335,411.0686159810919,313.16230073199534
11,336,410.9665415650672,313.12889403777586
11,337,410.92736400882916,313.0954657005883
11,338,410.95345548764516,313.062205437167
11,339,411.0495704024858,313.03612313179184
11,340,411.2075523310775,313.0234573424539
11,341,411.40123423316356,313.0176784417629
11,342,411.5978147032271,313.0174626626395
11,343,411.77281270668254,313.01902503795145
11,344,411.8944069673083,313.0189291447632
11,345,411.93135050817375,313.00724397150407
11,346,411.88136622729667,312.98618450791406
11,347,411.7615492575816,312.96967058531834
11,348,411.59006683489565,312.9665588395226
11,349,411.39054424207205,312.9753013986283
11,350,411.20502279796415,313.00628850561895
11,351,411.06742031405855,313.065480827656
11,352,411.007828944755,313.1381460940074
11,353,411.03459408699507,313.22088709022535
11,354,411.14890549261185,313.31085147176657
11,355,411.32930941883603,313.39750334562564
11,356,411.5466031187732,313.4623243514588
11,357,411.76051434234734,313.5056603220138
11,358,411.94332604528336,313.52540597162124
11,359,412.06768751841935,313.5152716958471
11,360,412.12024580908803,313.4743337992179
11,361,412.0941521431364,313.41502182913433
11,362,412.0007384019417,313.351392791805
11,363,411.86105749522346,313.2921858392953
11,364,411.7109840735981,313.2574569330466
11,365,411.5885390250098,313.2590104750551
11,366,411.52407296636375,313.3006683438208
11,367,411.52412664037405,313.3651486430095
11,368,411.5900976141563,313.4390139807682
11,369,411.69692116761325,313.5085488619985
11,370,411.80625287734773,313.5638549632284
11,371,411.8869880564571,313.5929325650893
11,372,411.9234769327159,313.5981442889166
11,373,411.8920844634621,313.5828211561479
11,374,411.79738879451895,313.54829969598643
11,375,411.6673032744713,313.49829115689045
11,376,411.5360668637941,313.4445041454709
11,377,411.43279929475494,313.39596807009104
11,378,411.38722253902347,313.35959042722976
11,379,411.40676145694044,313.34475810981877
11,380,411.47042804386365,313.36029729262236
11,381,411.54590848878394,313.3953532450273
11,382,411.60632740557224,313.43714116673135
11,383,411.6400432405111,313.4815969814877
11,384,411.64835925633264,313.51564566639087
11,385,411.6515217543593,313.52043999326355
11,386,411.6574692994352,313.49540128881347
11,387,411.66650912941907,313.4432863909707
11,388,411.66473944207905,313.3526056029408
11,389,411.6370894086068,313.21648942859923
11,390,411.57144154138706,313.0434525086025
11,391,411.47692483753065,312.848573481559
11,392,411.3641162329424,312.65734103843073
11,393,411.2458006117106,312.49130966539803
11,394,411.1311160711804,312.3699209473437
11,395,411.0183029296744,312.2913545463028
11,396,410.8965264522235,312.2414689101096
11,397,410.76477793460276,312.1825087457411
11,398,410.63306053148074,312.0987503880035
11,399,410.5119296312983,311.985046798131
11,400,410.40631056320655,311.84749163867934
11,401,410.32475244716267,311.6955042430937
11,402,410.2668820598816,311.5655273401502
11,403,410.22760491275614,311.4885891200509
11,404,410.2170925326925,311.46779015564357
11,405,410.2404395061743,311.5000860979979
11,406,410.29145836933105,311.5882151910566
11,407,410.3634683293949,311.70028755213247
11,408,410.4382926290595,311.7918084956676
11,409,410.4734243327699,311.85087013383344
11,410,410.4605328378725,311.88332102023094
11,411,410.4137998185437,311.88181872962303
11,412,410.34740704787646,311.86866835429294
11,413,410.2818758921018,311.86384966552885
11,414,410.24253847073874,311.8762872454996
11,415,410.2277149590402,311.90308998743467
11,416,410.22973248400785,311.95040213234256
11,417,410.2383400368305,312.0131383719317
11,418,410.24326612632285,312.09020892476354
11,419,410.23440952785916,312.1688236653832
11,420,410.2162621966794,312.2174447887429
11,421,410.19120990723593,312.21918557873755
11,422,410.17452451629845,312.16469302861475
11,423,410.1778614361373,312.0485206449216
11,424,410.22304526190976,311.8890999862923
11,425,410.3111863919196,311.73941936850326
11,426,410.4220623916332,311.62192857745305
11,427,410.5257484972452,311.5511763198449
11,428,410.61393038327907,311.55535668554603
11,429,410.6712370861711,311.63709297784357
11,430,410.69296812926143,311.7733130864983
11,431,410.68574072512683,311.9452457638649
11,432,410.6675129197798,312.12737611341277
11,433,410.6464844696093,312.27577779976696
11,434,410.6259033572409,312.36989374797184
11,435,410.6090028808497,312.39989933196796
11,436,410.6154486168272,312.37543598666826
11,437,410.64354820900695,312.3164093942057
11,438,410.6834036139709,312.2442085843326
11,439,410.7410092752913,312.1779665608916
11,440,410.810783688122,312.1351822135444
11,441,410.87348629265307,312.10605824222085
11,442,410.94398713519774,312.0823700857079
11,443,411.0214376396501,312.0489019914255
11,444,411.0796679247793,311.9737412719186
11,445,411.1037757413051,311.84358172931275
11,446,411.08914276190666,311.67248107846547
11,447,411.01230251250604,311.4769712314197
11,448,410.8840230606935,311.30307339010847
11,449,410.74764606082465,311.19417652308226
11,450,410.6661734060128,311.1613514504036
11,451,410.6923069120157,311.22010838790953
11,452,410.84384607796915,311.3777975422453
11,453,411.1061417034599,311.6036479749238
11,454,411.4370401293462,311.85766666237527
11,455,411.771460262684,312.104756587697
11,456,412.04435253287124,312.2880547343256
11,457,412.23046853327713,312.36173404696274
11,458,412.3274368811029,312.3202680388954
11,459,412.35575412836226,312.1952346796533
11,460,412.33147577878754,312.0316656930476
11,461,412.2628895988493,311.87394724155934
11,462,412.15197805041885,311.7481798381712
11,463,412.01225906962276,311.6567047678809
11,464,411.8605315909311,311.60801646264633
11,465,411.73478100874235,311.59864690705126
11,466,411.6785697766971,311.6304069896073
11,467,411.70624728878573,311.7111313782108
11,468,411.7973961719014,311.8388153084546
11,469,411.907413536234,311.95959098815047
11,470,411.98122927487987,312.03689707445096
11,471,411.9770338905867,312.05733155651353
11,472,411.9066597685036,312.01956915170933
11,473,411.79549602269884,311.94671266114796
11,474,411.6625493153602,311.8866328294567
11,475,411.5208886318541,311.8643801541961
11,476,411.40496756351064,311.8681134743742
11,477,411.3382944053047,311.8855720680297
11,478,411.3100140730417,311.88404095870743
11,479,411.3222008303989,311.8391701927725
11,480,411.3777597701499,311.7669834666911
11,481,411.4325836059945,311.70074763154224
11,482,411.4174941505541,311.6719842237502
11,483,411.3404863896131,311.71203660280236
11,484,411.23101332536044,311.8398944049618
11,485,411.124967046349,312.04038264943915
11,486,411.0442449108659,312.2841801569855
11,487,410.99997623907166,312.5026276327942
11,488,410.9727245121291,312.64346645926196
11,489,410.92090528871756,312.6840194483279
11,490,410.8098361131721,312.61192215462967
11,491,410.66844019152495,312.43603155552654
11,492,410.55776539501306,312.22295631905195
11,493,410.5207557928992,312.04278832421744
11,494,410.5826421684336,311.9260928611902
11,495,410.7384601035749,311.8905936614872
11,496,410.9344673756255,311.94663773572233
11,497,411.10892539759493,312.0586912887954
11,498,411.2113975790453,312.1599039524742
11,499,411.218406388067,312.2188178584758
11,500,411.123310124495,312.2307962561117
11,501,410.9457645240282,312.17770082530024
11,502,410.7019867171578,312.07325977144575
11,503,410.4237942578443,311.96776068259635
11,504,410.1431084835645,311.885139831405
11,505,409.89962200318297,311.81739830723194
11,506,409.7200943397946,311.77453259345884
11,507,409.6429968946235,311.75253958076337
11,508,409.6614110085776,311.71557850217374
11,509,409.7534251202886,311.64312551558896
11,510,409.8939707156767,311.55427290632707
11,511,410.04524405831484,311.45989393537224
11,512,410.1375997293369,311.3793199325441
11,513,410.1481038096264,311.3565512851134
11,514,410.077294594968,311.4137117537196
11,515,409.92480563065703,311.50761183054874
11,516,409.7165851785915,311.6142149621637
11,517,409.52224106646156,311.7125048241222
11,518,409.3795741207292,311.76125564306096
11,519,409.29999246643354,311.7388155215276
11,520,409.3055763716575,311.68165958058063
11,521,409.4176337295061,311.61122578041864
11,522,409.62793890106025,311.5411654723933
11,523,409.9184516644365,311.50098918850614
11,524,410.28279688690134,311.49961911135756
11,525,410.69143041510654,311.5289320301217
11,526,411.0934560133924,311.5778047179433
11,527,411.42511180190047,311.63024218988704
11,528,411.6538504438012,311.6686163529569
11,529,411.7597873239738,311.7001152434725
11,530,411.75743695594315,311.7288868208976
11,531,411.6763286988137,311.75592067804615
11,532,411.57288276310226,311.7892449126455
11,533,411.5035501254374,311.82491564724296
11,534,411.4904236821267,311.8494285350821
11,535,411.5070653622636,311.8545668826437
11,536,411.5181375032415,311.8485325938633
11,537,411.4830981790758,311.8285795748782
11,538,411.36846933290747,311.8047971458118
11,539,411.1785647731788,311.78579237031784
11,540,410.94971851079083,311.7805310977205
11,541,410.7249644626688,311.7813088917725
11,542,410.5355389451147,311.7926630085623
11,543,410.39229842815155,311.810100891502
11,544,410.29372025588856,311.83483868839676
11,545,410.2269457104288,311.86028440511944
11,546,410.182582782037,311.8813055552362
11,547,410.1701137627552,311.8877867821777
11,548,410.1943161782482,311.87561630977746
11,549,410.2400622311617,311.84411964314586
11,550,410.30175548577034,311.80365083809227
11,551,410.3715916533414,311.76241365764406
11,552,410.4307769745556,311.73331398371295
11,553,410.46690502464077,311.72854666440173
11,554,410.4919551496521,311.7439130989897
11,555,410.51789991632023,311.76240525213814
11,556,410.55137499999785,311.7834355917756
11,557,410.5949082254861,311.8023646208929
11,558,410.65708550210724,311.81753191114257
11,559,410.7317398952142,311.8280151881843
11,560,410.80586902883664,311.8431401618334
11,561,410.87372811550085,311.85799351025616
11,562,410.92548623339826,311.8628643198722
11,563,410.94800599545226,311.8462771177724
11,564,410.9420493058163,311.81921926378686
11,565,410.91306814471824,311.78159662486985
11,566,410.8610343606531,311.7385318534207
11,567,410.807272433648,311.71087555984474
11,568,410.77350896330245,311.71276078187844
11,569,410.7711873775568,311.7342624371149
11,570,410.8077786472767,311.77680180852343
11,571,410.88663025840157,311.84066111748416
11,572,410.99660284498765,311.9131559489027
11,573,411.11088596717894,311.9886691012698
11,574,411.1990719804619,312.06285519569286
11,575,411.2388269923788,312.1221468759726
11,576,411.2237604332253,312.1517163904683
11,577,411.1498613359463,312.14715462661735
11,578,411.04708294369146,312.1030751874008
11,579,410.9561506254692,312.0330597483184
11,580,410.91132613167116,311.9615253157484
11,581,410.9260919197234,311.90863187995564
11,582,411.0037821160441,311.87998662131605
11,583,411.1141266530735,311.88093405774964
11,584,411.22311083125226,311.90301217565786
11,585,411.2996227763858,311.93710899816296
11,586,411.3190746148889,311.98162241461716
11,587,411.2716845101494,312.0321887190671
11,588,411.16638006708115,312.0843077272389
11,589,411.0045321538173,312.14745546343494
11,590,410.76273890215356,312.224274061896
11,591,410.46228082785893,312.3028559470788
11,592,410.1510944179972,312.3894215871288
11,593,409.8679662460591,312.48481346385677
11,594,409.65257731571995,312.5595625594841
11,595,409.58866835343053,312.56501277067264
11,596,409.692950346336,312.49782749389414
11,597,409.9016904777801,312.37821567256964
11,598,410.149825450885,312.21128440617053
11,599,410.38352960632045,312.0400060924072
11,600,410.5292615146682,311.94199974952835
11,601,410.53959284891585,311.93395135638934
11,602,410.40384360101825,311.9548126363519
11,603,410.1302200227463,311.96193842763495
11,604,409.7598945223736,311.9030998698133
11,605,409.34187328619316,311.74430461874186
11,606,408.93288562428734,311.47838945652825
11,607,408.6299840988948,311.17445355220934
11,608,408.48625684154933,310.9282347744617
11,609,408.5009507098588,310.80112147821234
11,610,408.62342366317864,310.7792273379668
11,611,408.85851695964027,310.87069956626675
11,612,409.1662406935838,311.0645816609195
11,613,409.46113955261035,311.32661032014676
11,614,409.8575168648421,311.53539489702325
11,615,410.19992336636113,311.6551706136689
11,624,410.4524806684318,311.7090692250423
11,625,410.5534112514787,311.6593992385732
11,626,410.53182114129163,311.4860040231289
11,627,410.27575840863966,311.29101352891826
11,628,409.95522294169456,311.09807732755394
11,629,409.5551159476373,310.8802893910963
11,630,409.18881965140065,310.67450825204554
11,631,408.9258636581366,310.49221811098164
11,632,408.7733599077429,310.348872868793
11,633,408.7842955648323,310.2876079585236
11,634,409.0091162012126,310.3195218886234
11,635,409.32330067218055,310.40774113805713
11,636,409.6581526287139,310.51322397179956
11,637,409.95285144967227,310.5879615423524
11,638,410.1506182114023,310.605107911877
11,639,410.24714860867715,310.5621412541413
11,640,410.32822998857614,310.5057207470719
11,641,410.4464567121627,310.48484401398946
11,642,410.63554804367664,310.5197500620358
11,643,410.87555163676734,310.6300795644203
11,644,411.1321036308251,310.82354939848346
11,645,411.39791631031153,311.06703035542887
11,646,411.65753664295596,311.3248256288221
11,647,411.9349546988821,311.5872114003088
11,648,412.2980153839671,311.8376915963689
11,649,412.72066653080907,312.02541101023223
11,650,413.1221591137264,312.141155267871
11,651,413.45235614033277,312.2028846577497
11,652,413.65106238678914,312.2314762495244
11,653,413.6400665497341,312.2211651550468
11,654,413.4767018782856,312.2014419235103
11,655,413.27885296907493,312.17154648486024
11,656,413.1172824259711,312.11870926671145
11,657,412.98893597327645,312.060686185616
11,658,412.94102797940315,312.0534240242125
11,659,413.0213467965539,312.099763403793
11,660,413.2068987893968,312.26146369437043
11,661,413.41254341854506,312.48861443801
11,665,413.7293244120212,312.73810809361896
11,666,414.14114978692197,312.9289230993192
11,667,414.51886447625145,313.0449325690346
11,668,414.74683976595645,313.0357892151948
11,670,414.8549707663578,312.9493848158739
11,671,414.78489832748056,312.79677213522973
11,672,414.53769056571167,312.6226623245217
11,673,414.13883169799766,312.4570662465413
11,674,413.65223386574786,312.31246638555564
11,675,413.1044103314011,312.2113911119267
11,676,412.5351862975375,312.16900602999755
11,677,411.9826876689512,312.1753049728113
11,678,411.49959376481104,312.18865412687444
11,679,411.1194581559929,312.1959479318281
11,680,410.8676592845202,312.18044022464676
11,681,410.7273911022881,312.13266684725056
11,682,410.6877127268092,312.054749539644
11,683,410.75460090686806,311.99061402213266
11,684,410.90980096552045,311.9813664035845
11,685,411.09556886443573,312.0490635492208
11,686,411.29661425579746,312.19382619389467
11,687,411.49375021672023,312.41891859492176
11,688,411.6459311088233,312.69457965760466
11,689,411.7661786033206,312.9518645838606
11,690,411.9132953755839,313.1549439423178
11,691,412.0927974062394,313.2984897917722
11,692,412.30659284518384,313.3698050212503
11,693,412.54456141062735,313.38333359959563
11,694,412.7702215868683,313.38174305282797
11,695,412.9646613625026,313.38771171160556
11,696,413.10217169427665,313.3919630569786
11,697,413.1282319152872,313.3938096838324
11,698,413.04871011095474,313.3994805561446
11,699,412.92761185459227,313.4016190902656
11,700,412.7140367002311,313.39970777565827
11,701,412.46523039192545,313.4113164492772
11,702,412.2991674922965,313.4369528108156
11,703,412.2257487227722,313.44691702965605
11,704,412.1367546651049,313.4259157380212
11,705,412.08622514918903,313.3745072664724
11,706,412.1298079070289,313.32003707465645
11,707,412.1928852303573,313.2951798329124
11,708,412.156243082246,313.2882278615755
11,711,412.12500119068994,313.30265445905036
11,713,412.10698789535536,313.293809146949
11,714,412.02187651365557,313.22684967009036
11,715,411.85037797294444,313.0932136629289
11,716,411.6847950259396,312.9221536283407
11,717,411.50861147297576,312.73215916610025
11,718,411.31805409994985,312.60285140371246
11,719,411.1000911433691,312.54475613381345
11,720,410.9164088394968,312.5405752530729
11,721,410.8410960114812,312.5956099411328
11,722,410.8568207023208,312.7022964711084
11,723,410.91361106184155,312.78503241757414
11,724,410.98065058263523,312.8199579065771
11,725,410.8847546806969,312.7612113959276
11,726,410.68107141098403,312.6438387464698
11,728,410.41501872489954,312.48335787366636
11,729,410.13010896735796,312.3406796019152
11,730,409.8748700025096,312.2321157517312
11,733,409.8938428523685,312.2411305995565
11,734,410.07098741358084,312.3437717183464
11,735,410.5823609993422,312.39680953290605
11,736,411.1285144681747,312.4286509539951
11,746,411.6632513744081,312.4294812901411
11,748,412.0486102846056,312.3540052273039
11,749,412.3383374637502,312.19708489520735
11,750,412.3255195346686,312.10069050403365
11,751,412.2363183485678,312.03513885266
11,752,412.0551914144198,312.03103622825074
11,753,411.8166559221768,312.08884305700184
11,754,411.51248753064306,312.1811288427313
11,755,411.15466140355886,312.262763166436
11,756,410.8644000479434,312.308025787259
11,757,410.72312938821193,312.2861404207814
11,758,410.7466731550423,312.2139386373725
11,759,410.8710457432036,312.10525012572197
11,760,411.0294596166966,311.984677613584
11,761,411.14940994708763,311.85978995106404
11,762,411.18580026017844,311.7401977533625
11,763,411.13580031734995,311.6189727557031
11,764,411.0828991736148,311.53701919289813
11,765,411.1022944992308,311.5299144565828
11,766,411.25473704761606,311.5863852420253
11,767,411.5345497978158,311.6883304872866
11,768,411.8928164746445,311.8097699009851
11,769,412.2142403210529,311.8746390495579
11,770,412.4264455979744,311.83140237343633
11,771,412.46132045800846,311.6782897172786
11,772,412.36004069820024,311.4598013488037
11,773,412.1821676789187,311.2290109732252
11,774,412.02270608482905,311.03176334841794
11,775,411.9297660058053,310.8941604635062
11,776,411.928166961609,310.8345625173403
11,777,411.975592177438,310.8213283913068
11,778,412.04350819992584,310.84219506906584
11,779,412.1015916273544,310.92792242940084
11,780,412.12386799334604,311.08717938747236
11,781,412.0943246328787,311.32162369170027
11,782,412.0377094154004,311.64172359290893
11,783,411.95759480773745,312.01334353708324
11,784,411.8564373186439,312.3509395508369
11,785,411.7402560881585,312.5943280803719
11,786,411.63773858651797,312.70233808013796
11,787,411.54355916068,312.66588928677743
11,788,411.48750960259855,312.523223976433
11,789,411.49212862970285,312.35644516084875
11,790,411.5725721608346,312.2332376424318
11,791,411.7005679351332,312.1840814002961
11,792,411.8597831741236,312.20556784754206
11,793,411.9942331710372,312.26607244006874
11,794,412.0467826611438,312.32766412281603
11,795,411.97805289094276,312.3580600950472
11,796,411.80440456835737,312.34731877757827
11,797,411.55738733584036,312.29608661625724
11,798,411.3120687456066,312.19027536865184
11,799,411.1515561877336,312.0224833201084
11,800,411.14635507114417,311.7818001363097
11,801,411.2573723871646,311.51247205301206
11,802,411.5629301677392,311.32554168465043
11,803,412.1281143966956,311.37378754580726
11,804,412.5544959581255,311.5378223388383
11,807,412.74189464260206,311.816736663023
11,809,412.828345884893,312.1589459049047
11,810,412.7030008593365,312.4235124013393
11,811,412.28242757605875,312.4921412771185
11,812,411.98418865220003,312.46298939299027
11,813,411.8930638193041,312.4120440804056
11,817,411.8685309325785,312.39701274335283
11,818,411.9004597912511,312.44284876063494
11,819,411.9422061167892,312.52450229251383
11,820,411.9455926944217,312.6876581805285
11,821,411.8879463256578,312.86929475485044
11,822,411.82023062485064,313.00541058070803
11,823,411.7675530224867,313.0926990538369
11,824,411.7293652796239,313.13806856519153
11,825,411.6755837101266,313.12380222631793
11,826,411.6038459693237,313.0606222959211
11,827,411.5124109634692,312.9753350810225
11,828,411.464061178325,312.8856056891474
11,829,411.52298227850315,312.7964012524448
11,830,411.70027325633976,312.7009771311398
11,831,412.0121565273653,312.58416619372906
11,832,412.42214271810644,312.4517450014371
11,833,412.78714872565735,312.3128052875689
11,834,413.01290864284886,312.19374732437535
11,835,413.089345556446,312.11435569267735
11,836,413.00383995050345,312.11207837731484
11,837,412.7808708739801,312.1698014642135
11,838,412.50503866412106,312.2593209257759
11,839,412.22038299725244,312.33239214071955
11,840,411.9402691316721,312.37153697853154
11,841,411.6749264144,312.32482186043126
11,842,411.4548863268736,312.18819338791207
11,843,411.3001772716467,311.9597682095048
11,844,411.2268025821436,311.6639454846551
11,845,411.19737405065666,311.31575163344604
11,846,411.1458688996678,310.96190453515
11,847,411.0083428046088,310.6442290984536
11,848,410.7518907765459,310.4192498916514
11,849,410.3901519582512,310.30715662767807
11,850,410.0161548460983,310.3188196346639
11,851,409.7500271550476,310.45967776754395
11,852,409.66027293545125,310.70139023414106
11,853,409.74233116760627,311.01400328617206
11,854,409.94289934948677,311.3869851604397
11,855,410.16050140260245,311.79969876768246
11,856,410.27831682711235,312.19545021775457
11,857,410.25255062982785,312.544369762339
11,858,410.1415529798912,312.818277751046
11,859,410.02388159596563,313.00585349825343
11,860,409.9644353644458,313.08838435758645
11,861,410.0068487281113,313.07707744941945
11,862,410.1490927756156,312.9856117083759
11,863,410.3320315045461,312.83489752801614
11,864,410.4922300146908,312.62753522990727
11,865,410.59793005153017,312.41332043615364
11,866,410.6669581874667,312.24151942822317
11,867,410.72279425880146,312.14460907812014
11,868,410.78255098804146,312.12526364074006
11,869,410.8617870969359,312.1950214750696
11,870,410.97559498182756,312.3233493661091
11,871,411.10016625692793,312.461794296667
11,872,411.21932674609974,312.58343657903436
11,873,411.34126450556926,312.683529150121
11,874,411.4792935452579,312.7367976691484
11,875,411.6416484373076,312.7312106660508
11,876,411.8446244373054,312.6913615266099
11,877,412.0784312382302,312.6284522872979
11,878,412.31693142366424,312.5448705314774
11,879,412.55093706648495,312.4689728019286
11,880,412.755822988153,312.4322092928566
11,881,412.9067225257247,312.41707159084876
11,882,413.0054070102469,312.3952354283802
11,883,413.05051504444265,312.3664814887569
11,884,413.00619295686823,312.32871083817025
11,885,412.85296480566984,312.2651812610509
11,886,412.60258392360055,312.1848824139584
11,887,412.29541133849045,312.10464135038205
11,888,411.9723354493857,312.0092340198934
11,889,411.6754955909634,311.86726584874214
11,890,411.45116419577647,311.679290116845
11,891,411.3035127815225,311.4865763815536
11,892,411.1960161921346,311.33774788331675
11,893,411.11685150417435,311.2824458606648
11,894,411.07821833154014,311.35908583967273
11,895,411.06684600369044,311.5879835805277
11,896,411.08217848130005,311.9189047929783
11,897,411.126503032207,312.2847341405684
11,898,411.17556720162736,312.61730324971893
11,899,411.20844132525303,312.8873109079575
11,900,411.2387883433211,313.06154811774445
11,901,411.28534236806564,313.1404668741048
11,902,411.3603004163634,313.15684140985223
11,903,411.48107102622214,313.1516265046005
11,904,411.63595671911474,313.1180884391192
11,905,411.782026936848,313.07419133568453
11,906,411.8806261582382,313.0329799117843
11,907,411.9269053311717,312.97746038856206
11,908,411.909549582022,312.8939471950243
11,909,411.84021335134724,312.8182870248187
11,910,411.76054887816684,312.7435348404896
11,911,411.69879954912676,312.67964330531066
11,912,411.6434843046842,312.65626301481404
11,913,411.6063672595626,312.6823579802617
11,914,411.6038574099803,312.73054558704985
11,915,411.629047848504,312.78693363559233
11,916,411.6778250001362,312.816464056152
11,917,411.756619397558,312.77921446950666
11,918,411.84819409645354,312.6764893961391
11,919,411.9270962162748,312.53475731493813
11,920,412.00328814613664,312.39449451106316
11,921,412.0770513237658,312.29844368983237
11,922,412.1471239846103,312.2832087021726
11,923,412.2235045969883,312.34942522397574
11,924,412.3117482523033,312.4645680129792
11,925,412.36367385511835,312.5852493681358
11,926,412.36334668135896,312.683625707548
11,927,412.31519717340893,312.7232855037614
11,928,412.2213593561644,312.6749871909152
11,929,412.09757766070106,312.55005154486213
11,930,411.98744488385626,312.38858435807686
11,931,411.9067282701931,312.2021045641493
11,932,411.8321690896695,312.0098017788107
11,933,411.77027194618216,311.8410619477974
11,934,411.6998108677046,311.74243166323294
11,935,411.5968331788368,311.71282515676785
11,936,411.4638993464628,311.7599710414498
11,937,411.3485054846029,311.904657350474
11,938,411.2357859014101,312.1478956940306
11,939,411.1301701751441,312.40739355820534
11,940,411.04836581107713,312.6330792764519
11,941,410.97728011167635,312.8039181103554
11,942,410.8973757204403,312.9002712493551
11,943,410.8324405977366,312.9284046519144
11,944,410.8080457279706,312.93584913819836
11,945,410.8359570077346,312.93555921970597
11,946,410.93052742408827,312.9319109733319
11,947,411.0816278506215,312.9107799012047
11,948,411.2533724587804,312.8422345702963
11,949,411.4115398402812,312.7225349217995
11,950,411.51817321427455,312.59845491605694
11,951,411.557299877619,312.4891964100146
11,952,411.53794059476087,312.41303860666403
11,953,411.4981412844973,312.40434496790994
11,954,411.4630913874366,312.45837202632794
11,955,411.4512117251029,312.5282357938207
11,956,411.4692259723523,312.58074062188234
11,957,411.5058103850342,312.58739302231953
11,958,411.53645560113745,312.510765196751
11,959,411.53745761606154,312.3555622692894
11,960,411.50925982714546,312.1533493840971
11,961,411.4463548075649,311.94265776805474
11,962,411.3489532425132,311.76986355141474
11,963,411.21950158341554,311.6637955267345
11,964,411.0703882637557,311.6160696802703
11,965,410.9060275654694,311.60786707625334
11,966,410.74467110548534,311.6154003625953
11,967,410.6151855832919,311.6242456944757
11,968,410.5426021321081,311.6407731159791
11,969,410.53602430100597,311.66373142130675
11,970,410.5975126569167,311.68461377016695
11,971,410.72832499329087,311.6977976902666
11,972,410.91407411886036,311.68977808243926
11,973,411.1261576333502,311.6360723303517
11,974,411.3307451654725,311.5475031163501
11,975,411.480602906162,311.45033266298515
11,976,411.54089357340735,311.3761610092819
11,977,411.4950121381578,311.32802291989395
11,978,411.3521387989576,311.3214742833994
11,979,411.16624221667917,311.3569855384842
11,980,411.01459821275415,311.4292783534628
11,981,410.9285117664821,311.51200481605304
11,982,410.91400768053404,311.61209167101106
11,983,410.97064320832084,311.714022705659
11,984,411.0719765015202,311.8017565915591
11,985,411.1904980075668,311.85347218102936
11,986,411.30719819038484,311.88136358327813
11,987,411.40626018149305,311.8849555472035
11,988,411.4713560081731,311.8797319203596
11,989,411.49388405344337,311.87983061517366
11,990,411.464744082436,311.9092615952221
11,991,411.4138238483513,311.96717146662735
11,992,411.3795704829566,312.0494554997309
11,993,411.3840349895587,312.14702859598856
11,994,411.424149694411,312.25466079067553
11,995,411.4986125592837,312.35284456454946
11,996,411.5885368690893,312.41822622267813
11,997,411.6739592056261,312.4387524802213
11,998,411.7463682133939,312.41365796166406
11,999,411.8106238698152,312.34919024894657
11,1000,411.86606354531364,312.26351352036806
11,1001,411.90609037947013,312.17914954348834
11,1002,411.92335816017567,312.1160426073841
11,1003,411.91618810048124,312.08351245056116
11,1004,411.8833444401142,312.07519748383726
11,1005,411.8149706516341,312.0698624641848
11,1006,411.70180270838745,312.07025372529534
11,1007,411.55186225465883,312.0672217291597
11,1008,411.3489709878485,312.0528382509899
11,1009,411.05496707763797,311.99931803503864
11,1010,410.65825694457465,311.8865715533906
11,1011,410.1949245480075,311.7009326937069
11,1012,409.7341289237866,311.47207062240057
11,1013,409.3287976331759,311.2441875934115
11,1014,409.0429508038545,311.103252397453
11,1015,408.98393783099124,311.20001482429177
11,1016,409.13470927198745,311.47148603816106
11,1018,409.37205263854645,311.87672127988264
11,1019,409.6563367953158,312.32302833634213
11,1020,409.96384496435803,312.7133221363461
11,1021,410.20247256412,312.88368883991143
11,1022,410.34297923777734,312.9063863800075
11,1023,410.46016690640874,312.8085424626072
11,1024,410.5835492044886,312.644714920581
11,1025,410.7322406975726,312.46584540612866
11,1026,410.9035658311816,312.3267217774061
11,1027,411.1074615129145,312.225944065206
11,1028,411.316507043511,312.1517630266802
11,1029,411.4934055778326,312.11377994491255
11,1030,411.629154304386,312.11148726021554
11,1031,411.7445505540991,312.1318575387718
11,1032,411.84632017234316,312.1612173040281
11,1033,411.9326882152299,312.19275961242624
11,1034,412.01864776580885,312.2101902478926
11,1035,412.07444498404334,312.19691097544865
11,1036,412.0831037971308,312.1630239961573
11,1037,412.0749108182477,312.12553390566734
11,1038,412.0614796817864,312.0942387038772
11,1039,412.03282473150415,312.0798364121265
11,1040,412.00610539412844,312.08760054421464
11,1041,412.0122232661383,312.1181663372074
11,1042,412.0252641033154,312.17690064306595
11,1043,412.01989850806086,312.244318001
11,1044,411.99755849751824,312.30015941940286
11,1045,411.9745648741133,312.3405045278513
11,1046,411.9143186452968,312.3539552786695
11,1047,411.81255394166044,312.3258087131162
11,1048,411.70195093675983,312.28040502107785
11,1049,411.60646937769286,312.24002015684414
11,1050,411.52592628500526,312.22128761740987
11,1051,411.4808905023483,312.22302104321335
11,1052,411.4842479162911,312.24943536843807
11,1053,411.5272808469907,312.2883292333803
11,1054,411.5959754032965,312.33032456525615
11,1055,411.6768881228443,312.36070274732725
11,1056,411.75941256699406,312.39171650988146
11,1057,411.84132884504845,312.4189936051038
11,1058,411.9159342093926,312.4398413021714
11,1059,411.96849963885217,312.45004856505625
11,1060,411.99724252437994,312.44499225264707
11,1061,411.9991074500771,312.4178554438439
11,1062,411.9698425216558,312.3797464001535
11,1063,411.9160269484004,312.34514214174044
11,1064,411.85094327881984,312.33086134401395
11,1065,411.7877864764886,312.360439638379
11,1066,411.74607876191607,312.4361080039645
11,1067,411.7376399067385,312.54472981716617
11,1068,411.76539262715914,312.6684541045332
11,1069,411.835567384562,312.78085649786186
11,1070,411.9330731104639,312.8593515827945
11,1071,412.0370392696724,312.90752317756096
11,1072,412.12579293581507,312.93730397177444
11,1073,412.1884196862361,312.9492749959892
11,1074,412.20527267585624,312.95550509952454
11,1075,412.17629581524756,312.95844316975524
11,1076,412.1095669296533,312.9427371531541
11,1077,412.01980750242126,312.9006759781039
11,1078,411.9218862572048,312.84122755920566
11,1079,411.84767617615057,312.7651160611697
11,1080,411.82112876082033,312.6762295415942
11,1081,411.8535120961601,312.59059067669386
11,1082,411.94346149701835,312.51522256679857
11,1083,412.0766347591294,312.454726351485
11,1084,412.2154007007241,312.41644122804706
11,1085,412.322782576496,312.4054778055679
11,1086,412.37136465218714,312.4150807121087
11,1087,412.3590761361587,312.43813116942266
11,1088,412.2965787973535,312.4680456582806
11,1089,412.21336058373464,312.5012989986987
11,1090,412.13909697794213,312.5372733781433
11,1091,412.0991790977364,312.58037027074863
11,1092,412.0981269432904,312.63112401199066
11,1093,412.1317499691852,312.6860875478483
11,1094,412.190058605176,312.7346671677639
11,1095,412.2621774771393,312.7667825742479
11,1096,412.3367951754834,312.7788712226784
11,1097,412.4005008777467,312.78478347627345
11,1098,412.4422757824499,312.7928603691633
11,1099,412.4585581530645,312.80909069248276
11,1100,412.45013147940057,312.84071619556136
11,1101,412.4188751515317,312.8891124534434
11,1102,412.3839156608102,312.93138888991894
11,1103,412.3557161458283,312.96261439120144
12,0,262.8322057399748,272.108639661023
12,1,262.9172398317941,272.2769416630267
12,2,263.0162642177913,272.48627154005305
12,3,263.12356442192396,272.7205293206449
12,4,263.21764593745684,272.92243204478774
12,5,263.2877819335365,273.07837890688177
12,6,263.33013950274074,273.1801939530612
12,7,263.3610009346361,273.2346976664676
12,8,263.3858109346805,273.2415486127391
12,9,263.4023439599814,273.20309002946834
12,10,263.41450093840996,273.1108003660179
12,11,263.424419469199,272.9662149618534
12,12,263.42998797216137,272.78965876419187
12,13,263.4302392520925,272.6144756184147
12,14,263.4216488858611,272.4499679964485
12,15,263.40541409384394,272.316425878577
12,16,263.38633685117543,272.22964835144
12,17,263.3663111075683,272.1852105489426
12,18,263.346847772424,272.16707372902806
12,19,263.33527106081937,272.1749807190392
12,20,263.3434260447442,272.20717395051076
12,21,263.36958166979184,272.2559462400472
12,22,263.41218782221625,272.3151865032161
12,23,263.46986717068694,272.38520618777557
12,24,263.5347148417018,272.4653858440817
12,25,263.5780415471976,272.5423663044412
12,26,263.59300732865944,272.6139843859387
12,27,263.5826460660338,272.68644707379514
12,28,263.55064816218794,272.76016775548396
12,29,263.5021633152651,272.8294784068987
12,30,263.45381454528547,272.8982261217675
12,31,263.416134913334,272.9620201037684
12,32,263.3917551114686,273.01095520763926
12,33,263.37464221180636,273.04053049638725
12,34,263.3618350702302,273.05427694113314
12,35,263.3544956303533,273.05582229513243
12,36,263.34812131326146,273.0542925115839
12,37,263.33721433499585,273.0650598184354
12,38,263.33020639440275,273.0940950178123
12,39,263.330722676199,273.14573337391096
12,40,263.33290798035006,273.2239423280149
12,41,263.33138292317466,273.3156424060178
12,42,263.3264513997775,273.4018137491119
12,43,263.31734088882473,273.4749521227921
12,44,263.3137227332905,273.525996651079
12,45,263.3250287899655,273.5485150990793
12,46,263.3588091823659,273.55636482260167
12,47,263.41658345562763,273.5593213374599
12,48,263.4898410501246,273.5631949420866
12,49,263.55711246019115,273.5722790129947
12,50,263.6105554589787,273.5842390196291
12,51,263.6466749660382,273.59112265576397
12,52,263.66093492390115,273.5924496448059
12,53,263.651359626608,273.58207080802487
12,54,263.6238428388436,273.55804582211084
12,55,263.5828814240336,273.5254454542091
12,56,263.5364759315073,273.48978643870845
12,57,263.4915001413019,273.4538419218334
12,58,263.45893943852866,273.43245909583663
12,59,263.44621535573265,273.43442101013
12,60,263.44776403793185,273.46199093831297
12,61,263.4496377275384,273.5103508530209
12,62,263.4521857681384,273.5784616891991
12,63,263.4530153903561,273.64847203072475
12,64,263.4484173248064,273.7044148082979
12,65,263.44269472411554,273.73514251766926
12,66,263.44558188756605,273.7408368754114
12,67,263.4557577909035,273.7216092881955
12,68,263.4787180127338,273.69632184031326
12,69,263.5154097414708,273.6741471951154
12,70,263.56419983758417,273.6628416887563
12,71,263.62141540224195,273.6614437126807
12,72,263.68215552460174,273.66844348338367
12,73,263.72783566935493,273.66431411526196
12,74,263.75182515962075,273.65415670285665
12,75,263.75258424028146,273.6431016298354
12,76,263.72978125221664,273.63491334834396
12,77,263.68515787143406,273.6235799897386
12,78,263.62916431527157,273.6138989480921
12,79,263.5757095685034,273.59512442042103
12,80,263.54062517010937,273.5530010430849
12,81,263.5313242619666,273.48932995140433
12,82,263.5529568847419,273.41563548137697
12,83,263.60894870282436,273.34126142483944
12,84,263.6869551883347,273.27706926694987
12,85,263.7604238917127,273.23850156873226
12,86,263.816306342197,273.221831441678
12,87,263.8481962946114,273.21870136407176
12,88,263.8503110856817,273.21784187094016
12,89,263.8266479042844,273.209428520031
12,90,263.7900351119768,273.1853233303767
12,91,263.74886296902264,273.1459720620351
12,92,263.7083659280911,273.0974499799275
12,93,263.67022772927675,273.06153617292256
12,94,263.6320316508734,273.05204209863257
12,95,263.5917018310965,273.0776581689792
12,96,263.54961015465346,273.1439412353842
12,97,263.5023958404113,273.24650157928556
12,98,263.4545765142984,273.3548249244318
12,99,263.4207983198639,273.4544270600114
12,100,263.4096057575032,273.532434609815
12,101,263.4142314822919,273.5774649647185
12,102,263.4342177209002,273.58784837968625
12,103,263.4655785920073,273.57934476808083
12,104,263.4911208421177,273.5490110498475
12,105,263.50064391339174,273.49554542318515
12,106,263.50345833938286,273.4229167367585
12,107,263.5100899191015,273.33776333743555
12,108,263.52042264022475,273.2357482226065
12,109,263.5357715430391,273.12834987337465
12,110,263.5622999045537,273.0259773484359
12,111,263.5962092656427,272.93407899046474
12,112,263.6203974523239,272.84851916974935
12,113,263.6335214955213,272.7763396475609
12,114,263.63974902634607,272.7241445763818
12,115,263.6353330175345,272.70484303956954
12,116,263.617124919825,272.73444313494736
12,117,263.5911761585271,272.8170634233154
12,118,263.5576875477277,272.94318016793807
12,119,263.51269207218,273.0907941481894
12,120,263.45386006135504,273.2278243531048
12,121,263.3913433531171,273.3235158638312
12,122,263.33258801884807,273.3691906024525
12,123,263.2804744663928,273.3679549365161
12,124,263.2404419186834,273.3325926532526
12,125,263.220362628282,273.28643721548156
12,126,263.2050482689723,273.23791106916883
12,127,263.18641198519924,273.1935050892862
12,128,263.1743172217905,273.16508926514047
12,129,263.1726135240344,273.16065288824586
12,130,263.1797812043639,273.17290404508543
12,131,263.20106065963523,273.2018299733303
12,132,263.2414934095225,273.2422193960346
12,133,263.28537865979285,273.28230328919085
12,134,263.3284179879722,273.3136420137742
12,135,263.3719960877751,273.3370442075196
12,136,263.42176034596775,273.3574840333099
12,137,263.470064469667,273.3796047572581
12,138,263.51359721737333,273.3993169783364
12,139,263.5423487519329,273.4046519003189
12,140,263.5452407288775,273.37619019623696
12,141,263.5219360307731,273.3017400980683
12,142,263.4787146703679,273.1766168803636
12,143,263.424540198707,273.00884193627496
12,144,263.3696910914765,272.8187356924983
12,145,263.3200844209325,272.6432107021018
12,146,263.2695308106546,272.502881737909
12,147,263.2179059989794,272.40652661520124
12,148,263.16557429167744,272.35540274210524
12,149,263.112807461799,272.3417010040683
12,150,263.0642783313971,272.34719126150117
12,151,263.0303783007221,272.36217155369775
12,152,263.02202141461885,272.37960557378955
12,153,263.04311924694923,272.3996513592552
12,154,263.09078017087825,272.42305002824213
12,155,263.159251271776,272.4499387164983
12,156,263.235702843342,272.4818170917998
12,157,263.30001324949296,272.533460945274
12,158,263.344738635818,272.600550267419
12,159,263.37518189917637,272.67508420334565
12,160,263.3923666667737,272.7445264694678
12,161,263.3983694831578,272.7922063100678
12,162,263.3971694581463,272.7902456313985
12,163,263.3901644545192,272.74046598282973
12,164,263.37236574975475,272.6636285113717
12,165,263.34911407543416,272.58621787538635
12,166,263.3306639708733,272.5352741595078
12,167,263.32371050129643,272.5295458668186
12,168,263.32716612415715,272.57025990222724
12,169,263.34017086428753,272.63747066099154
12,170,263.35764625941385,272.71183321065206
12,171,263.3660462399239,272.77449491430673
12,172,263.36039881120416,272.819289569248
12,173,263.3419982877848,272.83986177249284
12,174,263.31251083395443,272.83850058017435
12,175,263.27260678194256,272.8255356101356
12,176,263.2397656864825,272.8212208756127
12,177,263.2182663219384,272.82257528678997
12,178,263.2169178306645,272.83769662571075
12,179,263.24252332130135,272.8751289961214
12,180,263.29947114759193,272.9282522397288
12,181,263.3683536470285,272.96515845273836
12,182,263.44806448013844,273.0006443656635
12,183,263.5252046359556,273.0339697620916
12,184,263.59022581299416,273.06334903040687
12,185,263.6322752101685,273.08546213018565
12,186,263.66049598675085,273.11930473844217
12,187,263.6686908512651,273.1426778661685
12,188,263.658702049238,273.1373872135185
12,189,263.6268231988658,273.08561225598066
12,190,263.5800969927368,272.98994739981464
12,191,263.52008832537945,272.8582542484053
12,192,263.4560039007134,272.7185166325502
12,193,263.3922667328858,272.59502776423983
12,194,263.338096891639,272.51080231593016
12,195,263.2974440145346,272.47560820687454
12,196,263.2703086174815,272.478213436945
12,197,263.257708926276,272.49938493097784
12,198,263.26026201688387,272.53264237083096
12,199,263.2751033809261,272.5686351112962
12,200,263.29254521319206,272.597316013749
12,201,263.30823520704706,272.6194874110923
12,202,263.315280528794,272.63714269282497
12,203,263.31250742175223,272.6483228279663
12,204,263.30138461041605,272.6612148284081
12,205,263.2930384760394,272.68279276889825
12,206,263.29124643084566,272.71765398370496
12,207,263.29542153332557,272.7663586526363
12,208,263.30229365886197,272.8193465765049
12,209,263.30704395774,272.85624846445864
12,210,263.3040052698782,272.87015108820515
12,211,263.29754750927657,272.86784523868903
12,212,263.30747602335026,272.865566350386
12,213,263.3412235589402,272.8777942016985
12,214,263.4034835891472,272.9222512404668
12,215,263.49119230802364,273.0030883238984
12,216,263.59337419193645,273.1016754886322
12,217,263.68146586788646,273.1969647287484
12,218,263.75272987542087,273.2863879196068
12,219,263.80427104460415,273.3621119023172
12,220,263.83314335459545,273.4063557401317
12,221,263.835182880064,273.41370380880085
12,222,263.81608531934984,273.38237294070905
12,223,263.76829407618567,273.30573678803614
12,224,263.6973116358926,273.1887711577568
12,225,263.61681057155073,273.0627257419983
12,226,263.5469445487309,272.95930911750236
12,227,263.4970006904979,272.89131049199455
12,228,263.4756426258965,272.86051744135005
12,229,263.4765758515222,272.865564397921
12,230,263.49250465214806,272.8865396162594
12,231,263.5114007589424,272.89862308953946
12,232,263.530406838725,272.8959580979462
12,233,263.544009793319,272.88412544893976
12,234,263.5554836433621,272.8652298235343
12,235,263.5605632069406,272.8453643983767
12,236,263.5540547269386,272.8297208861216
12,237,263.5328887905323,272.8145623066048
12,238,263.49524805469406,272.79563438306457
12,239,263.43936590409066,272.7696266024832
12,240,263.370694253992,272.7342876655025
12,241,263.301989418414,272.69663744018874
12,242,263.2401444723007,272.66707180644084
12,243,263.19698365437904,272.6479872202726
12,244,263.1782521847205,272.6428424710857
12,245,263.18398329584284,272.65189345319794
12,246,263.2089159839071,272.667863232651
12,247,263.2516621048962,272.68856075764336
12,248,263.30467270634955,272.71759793896723
12,249,263.35689119308574,272.75336446996766
12,250,263.4032159321775,272.80099804813307
12,251,263.4431812747844,272.862864086868
12,252,263.47291410842877,272.9328016546288
12,253,263.49165472890854,272.99306506510965
12,254,263.50889128893124,273.03361045423617
12,255,263.530555582618,273.0445146350808
12,256,263.5532903108891,273.0289505120424
12,257,263.5701115253938,272.9900658330528
12,258,263.5764272097376,272.94316902017005
12,259,263.56573861957395,272.8785098767245
12,260,263.5564940879257,272.7164436917837
12,261,263.6267132692703,272.3589240799007
12,262,263.86903233874267,271.76985275213804
12,263,264.3618106814125,271.0375104986142
12,264,265.1449056373131,270.37898043109243
12,265,266.1450615918746,270.10206600829827
12,266,267.1216062855085,270.42578356452185
12,267,267.7532525402637,271.35819855430407
12,268,267.68284500747313,272.5690321811381
12,269,266.70208645600997,273.530758215477
12,270,264.92419753763136,273.8670007605685
12,271,262.6885364055735,273.4674760515757
12,272,260.4938508944096,272.5035178469392
12,273,258.92556602102934,271.43168297778425
12,274,258.31186652235135,270.76536793998906
12,275,258.51953359534673,270.6074319275285
12,276,259.26149090366596,270.85952908014406
12,277,259.91871159963455,271.102828529581
12,278,260.36801912370584,271.3175309305235
12,281,260.6330136461017,271.4071907592253
12,282,260.7987795186802,271.5224252325567
12,284,261.08752443075366,271.7542695617341
12,285,261.7375425407201,272.2371006515292
12,286,262.46462928519145,272.65328505421957
12,287,262.99885867012387,272.80085244870503
12,288,263.32493313982764,272.5406213761982
12,289,263.36089725567285,271.98149850696933
12,290,263.2784594195078,271.41205457781075
12,291,263.20716840906124,271.04043790414283
12,292,263.2673924495146,271.03230770114624
12,293,263.4395224373819,271.42840838368534
12,294,263.6553596364452,272.0289810690906
12,295,263.82601731197104,272.56530443405586
12,296,263.93531134083,272.9316553664883
12,297,263.93839860703685,273.05589714661
12,298,263.8375383927264,272.9270284827525
12,299,263.67614504107667,272.64372592339373
12,300,263.5396981512157,272.39033483761307
12,301,263.4156663093528,272.152433637574
12,302,263.3138149930228,271.93993711449883
12,303,263.285385643458,271.80998804052365
12,304,263.34228274887306,271.80195558826017
12,305,263.42182241692973,271.8584861351281
12,306,263.5269896763196,272.0261145467486
12,307,263.63363059987284,272.2994444321348
12,308,263.6836221453664,272.58916312543647
12,309,263.6496545925288,272.8066745280865
12,310,263.53782700775145,272.92063999961044
12,311,263.3528728353445,272.89976170801583
12,312,263.18569401821037,272.803074170946
12,313,263.13430940993493,272.73846762030576
12,314,263.22306197077046,272.74133860620736
12,315,263.43423907546315,272.81437673984334
12,316,263.72618720558,272.9401190628615
12,317,263.98942154934684,273.04021075240803
12,318,264.10043906384755,273.034746590944
12,319,264.0382184301982,272.9509760094725
12,320,263.84838760149637,272.8235172988803
12,321,263.6037766122778,272.70551077575044
12,322,263.3637628679047,272.6297237957846
12,323,263.1859873208797,272.58980152771585
12,324,263.09714240920425,272.5459977976483
12,325,263.10538943420045,272.5147602433685
12,326,263.191200793883,272.49073084067834
12,327,263.34439100949857,272.48523303684266
12,328,263.55943395923975,272.53277127851635
12,329,263.80335590303184,272.6525059452009
12,330,264.00823767353756,272.80911799852254
12,331,264.12385892350426,272.9762570201643
12,332,264.1337227329094,273.1208026316246
12,333,264.02849071095056,273.19756101470284
12,334,263.8217535833245,273.1755537495883
12,335,263.563063795926,273.05922842864044
12,336,263.3352644542557,272.9047844292593
12,337,263.2034533056483,272.7985314826948
12,338,263.20940933741934,272.8033742809097
12,339,263.3597087065932,272.95637556007364
12,340,263.625483765828,273.26024709193524
12,341,263.9294852615501,273.64128658009304
12,342,264.18738419554666,273.99696766925865
12,343,264.33242782534205,274.26429603163785
12,344,264.35007852440754,274.3763035122016
12,345,264.27026957890087,274.295668813493
12,346,264.12857143922633,274.0449807608573
12,347,263.96109832649114,273.68878821177617
12,348,263.8232053640234,273.3073835458621
12,349,263.74382039576193,273.02035702064654
12,350,263.72903889121983,272.8962160772153
12,351,263.7982416573285,272.9631885071201
12,352,263.9671390341077,273.19983811536656
12,353,264.21118666694133,273.53106757586
12,354,264.49537424692613,273.8674084806555
12,355,264.76255355128416,274.1560310013781
12,356,264.94540971295686,274.33175361192156
12,357,264.9964353606959,274.35104719576105
12,358,264.90404266485814,274.2207677614291
12,359,264.6916965441644,273.97458144940975
12,360,264.42087673507456,273.67033659753395
12,361,264.1680257175193,273.4033940623301
12,362,263.98946762573235,273.24974424968707
12,363,263.9301727432752,273.25035674267707
12,364,263.9932650068992,273.3964654796942
12,365,264.1558204873396,273.6343763617807
12,366,264.3621005004638,273.88804164575816
12,367,264.55188111294893,274.09945079118927
12,368,264.6597615486952,274.22338957318505
12,369,264.66072735741784,274.22823695630086
12,370,264.5554306306034,274.1090353443461
12,371,264.3764609293441,273.89069626954165
12,372,264.1844204616426,273.6032372130794
12,373,264.0659181531621,273.3047457591706
12,374,264.09025349853965,273.06500542778076
12,375,264.2936057951295,272.9201141537729
12,376,264.6786513465735,272.8541254563061
12,377,265.20718489806075,272.84458553899606
12,378,265.7622751107627,272.7871479746168
12,379,266.2751891409398,272.64384025391865
12,380,266.59511277810253,272.14536900219224
12,381,266.60098572469855,271.25941376690525
12,384,266.4516740078696,270.31184567970433
12,386,266.31349196647096,269.5262882462463
12,387,266.2660813406918,269.05356280582015
12,388,266.3243496956367,269.1098925608172
12,389,266.4945937350731,269.5056895885465
12,392,266.65682015151225,269.9431205685662
12,393,266.72580331845717,270.28126889752855
12,394,266.6420900042832,270.3483749460229
12,395,266.52249669426544,270.163309068974
12,396,266.45571315357694,269.9071818206279
12,397,266.39896881592296,269.5287528901215
12,398,266.3585019956236,269.01863019764835
12,399,266.37558153656386,268.4438713830839
12,400,266.46406554877154,267.9161405498612
12,401,266.66308669530633,267.6176412103961
12,402,266.9904773627021,267.6875225178071
12,403,267.3819641407736,268.12130832971775
12,404,267.7272922700391,268.76960455796836
12,405,267.94723834325555,269.4093131628363
12,406,267.98251155217696,269.7636618882037
12,407,267.82561924877785,269.6469916874271
12,408,267.5501538468311,269.0778565623336
12,409,267.2484029652888,268.2119468865792
12,410,267.01648534907343,267.2614641579802
12,411,266.92129855761095,266.461548863736
12,412,266.968965850062,265.91996045594146
12,413,267.09087700247267,265.59255552887566
12,414,267.205961401316,265.40468145313764
12,415,267.19483656333955,265.2273908315449
12,416,266.97474299405684,264.9578080213629
12,417,266.53055134132137,264.59104392435654
12,418,265.9168079620926,264.19633229392764
12,419,265.2347147385523,263.8253993709487
12,420,264.60849764399075,263.52639837220136
12,421,264.1606690196569,263.3217828909285
12,422,263.95120129003135,263.1842323591335
12,423,264.012437398673,263.09236845313734
12,424,264.30398230187757,263.0668237363612
12,425,264.74590035343084,263.1821473953391
12,426,265.21776124267785,263.45047620884856
12,427,265.654161518229,263.89997941565457
12,428,265.9918334071841,264.486557718344
12,429,266.23621734796313,265.1614326007058
12,430,266.4466062392584,265.8287310414014
12,431,266.6688617802982,266.4202762823825
12,432,266.88201115854554,266.84515242057165
12,433,267.11914835128783,267.13671005092476
12,434,267.3534964326391,267.25724328728245
12,435,267.5210039293769,267.179490383086
12,436,267.5909207503038,266.9902738294452
12,437,267.6063304993126,266.83982574030347
12,438,267.5247447348515,266.73586632615826
12,439,267.3733044276532,266.7348106105804
12,440,267.2323340294531,266.9442964068822
12,441,267.1857032902718,267.3366707203021
12,442,267.27273096007985,267.8014131963709
12,443,267.52814428577074,268.3066382176702
12,444,267.9130635544027,268.8102068829679
12,445,268.32571064928345,269.19963015611586
12,446,268.6580156507159,269.41073437597845
12,447,268.8328735045201,269.4816051707103
12,448,268.8155622054982,269.4367148328746
12,449,268.6415990866006,269.3362710765041
12,450,268.3952593326223,269.3059685754096
12,451,268.1669518959596,269.46468000557775
12,452,267.98031270709293,269.7479702465021
12,453,267.8345075456834,270.04447409538955
12,454,267.6774553390394,270.1989786949174
12,455,267.45976291863406,270.04640851770904
12,456,267.1637264813802,269.5212040938207
12,457,266.8430947588562,268.78123119168765
12,458,266.5508059984884,268.01284598905886
12,459,266.3537240942004,267.4079119050736
12,460,266.25214157339076,267.05669845298485
12,461,266.14603450905577,266.84779942527064
12,462,265.95522647707537,266.59569582531236
12,463,265.6745306359855,266.2124263103681
12,464,265.31319959795974,265.61318909444003
12,465,264.9319947016849,264.8520197721503
12,466,264.67675635314936,264.1655901698471
12,467,264.60902825263236,263.711735902572
12,468,264.6925308851011,263.49958586799323
12,469,264.8481525107776,263.5420070764783
12,470,265.00560855087315,263.7605476400041
12,471,265.10811335831204,264.0220432238669
12,472,265.15357961653484,264.25578608612085
12,473,265.1817061456067,264.4680280303704
12,474,265.2658837774715,264.6433670877989
12,475,265.4548897841009,264.79893099463914
12,476,265.76224191027256,264.92628987616695
12,477,266.14215572921427,264.97271157819483
12,478,266.5292925243196,264.8807315295889
12,479,266.87421695899667,264.6978560646406
12,480,267.15790321280605,264.5328066388337
12,481,267.3711095462429,264.51795247930136
12,482,267.55251738394617,264.77851302314536
12,483,267.73066401898666,265.3061352669357
12,484,267.91227544855144,265.9561402346316
12,485,268.0930157411757,266.5203972156803
12,486,268.2431716097168,266.7936852043649
12,487,268.34502098414634,266.6801255254029
12,488,268.40743348933756,266.30761254001004
12,489,268.4420265687797,265.84943370375754
12,490,268.4641186270307,265.4986192976738
12,491,268.4998057244359,265.41195592455875
12,492,268.5324438291635,265.659064464923
12,493,268.56583614203305,266.1880760188552
12,494,268.5988288775652,266.9323776970112
12,495,268.5731715259398,267.7053854219905
12,496,268.4520244772468,268.2977540058039
12,497,268.24888950459547,268.5111388620936
12,498,267.9853152862643,268.25992396316747
12,499,267.7178519305009,267.62841317796165
12,500,267.5625973328146,266.8984003477957
12,501,267.5830086383917,266.40057477383704
12,502,267.7843253137095,266.4206404648122
12,503,268.0934292152697,266.9815487901276
12,504,268.42416417367934,267.92289280905186
12,505,268.6389341999757,268.85526577781883
12,506,268.6542420984104,269.4061785325329
12,507,268.47305219640583,269.43016358191926
12,508,268.1945096157435,269.10425098139524
12,509,267.8656597741251,268.5931983974902
12,510,267.56246481158087,268.2734748164744
12,511,267.3184965984538,268.4395608235564
12,512,267.07566147954157,269.04614354426224
12,513,266.73274330992336,269.8550922843053
12,514,266.23986432286466,270.7186569157829
12,515,265.5962863903902,271.47698746239575
12,516,264.8994157432501,272.0556343569342
12,517,264.3360795333384,272.59509699329163
12,518,264.03236395795966,273.27276617284645
12,519,263.9852895975521,274.0768943397842
12,520,264.1083527982668,274.84380465418576
12,521,264.31371209274255,275.50424436726985
12,522,264.4003251753502,275.8546670776034
12,523,264.25351650499357,275.71670010154253
12,524,263.9288417152844,275.15353289583226
12,525,263.5768844181114,274.39490986757295
12,526,263.19779487765936,273.4962072489178
12,527,262.8742045695603,272.66786386197265
12,528,262.6611840248626,272.03236420104645
12,529,262.56751430717867,271.6699899114216
12,530,262.5358675134153,271.5452147235368
12,531,262.5503951524191,271.6159372976033
12,532,262.590142111571,271.77535458458874
12,533,262.6723692861709,272.0803563605507
12,534,262.80173797677816,272.4792627304948
12,535,262.9681256971582,272.92198740822704
12,536,263.2230561924051,273.39816731001156
12,537,263.57028220768353,273.82564912623843
12,538,263.8957431569206,274.00416527060764
12,539,264.1157639764368,273.87655409098653
12,540,264.2415662707659,273.4862521931778
12,541,264.2698599238071,272.9442179567642
12,542,264.24040878519884,272.48848463795593
12,543,264.30095278485476,272.33534744983956
12,544,264.52491935436433,272.4983584909871
12,545,264.8733544119264,272.9006112306915
12,546,265.27287073680947,273.4033524422061
12,547,265.66477679942403,273.79547223585547
12,548,265.9478565058384,273.94514007978495
12,549,266.0928404079747,273.9039123149551
12,550,266.1066639108559,273.73531537889676
12,551,266.04715395685594,273.49892270760574
12,552,265.92734052244236,273.2663580671107
12,553,265.79618676291744,273.09153863979486
12,554,265.67348786909963,272.97069847423893
12,555,265.590852230121,272.91893328147285
12,556,265.52802344461014,272.98076123338734
12,557,265.5025266958573,273.1814486720378
12,558,265.5089190291678,273.4986513286872
12,559,265.55366888009223,273.85267015765646
12,560,265.6401647458925,274.1944658564672
12,561,265.78700697205596,274.47505223295576
12,562,265.968603711251,274.6861384126105
12,563,266.1454284731852,274.8256276689736
12,564,266.2833126897998,274.963656194835
12,565,266.33607212368423,275.07711101409603
12,566,266.2901020360771,275.1776080833067
12,567,266.19080576461545,275.2619747162004
12,568,266.0904971206943,275.34403811372204
12,569,266.02093827063095,275.3984168469622
12,570,266.0274122965734,275.4515258926608
12,571,266.12598466451396,275.5026066042434
12,572,266.28083182018054,275.52737341659787
12,573,266.47130600016453,275.5099507607299
12,574,266.67060807502077,275.45579498340106
12,575,266.8298111444563,275.41679630276775
12,576,266.90960471853725,275.399502713147
12,577,266.89431689005323,275.43268031003464
12,578,266.7634910754018,275.4718054398468
12,579,266.49878933232753,275.4494976501943
12,580,266.1415124592016,275.2891468753433
12,581,265.7658446306426,274.9810664434632
12,582,265.4350025828082,274.5046448465357
12,583,265.17059882984614,273.94522825972183
12,584,265.02239801849237,273.42166778647777
12,585,264.9789061905728,272.9934011717593
12,586,264.97629629765413,272.6361290901551
12,587,264.9692026418877,272.3257192925011
12,588,264.97933196387874,272.0465953689235
12,589,264.998991433514,271.7926142760193
12,590,265.03888254836374,271.5827138844467
12,591,265.12071023302445,271.4812417128605
12,592,265.24517976313314,271.52605079861496
12,593,265.37810291449176,271.7140801004398
12,594,265.50058286160373,272.0010659188664
12,595,265.5839533414494,272.298087852554
12,596,265.6158679732946,272.53119218484454
12,597,265.60266259717076,272.65805544919664
12,598,265.55938889630215,272.6404462412885
12,599,265.4916497741438,272.488658333546
12,600,265.41535316471897,272.2813354506585
12,601,265.31808360286226,272.05822946588256
12,602,265.1809417078941,271.8828766167961
12,603,264.9827072151108,271.7986652091321
12,604,264.73810080309994,271.79381617672675
12,605,264.47997929818365,271.83710369088436
12,606,264.26751591834335,271.92412030776575
12,607,264.1419550217072,272.0209683966308
12,608,264.13692283833626,272.12538107803516
12,609,264.24319984272546,272.26246175734036
12,610,264.41693346458334,272.4316897082748
12,611,264.597942338105,272.6158270331106
12,612,264.7436971846687,272.78337017969204
12,613,264.8306185309471,272.8874197684502
12,614,264.83594894883356,272.89140076947626
12,615,264.7710689654783,272.7947562202669
12,616,264.6518716726718,272.6126591621243
12,617,264.4772320325658,272.38111958161176
12,618,264.23313592224144,272.12410162735813
12,619,263.9446288625358,271.83006373857035
12,620,263.6198197834838,271.4815278586784
12,621,263.28388876657095,271.09065398047926
12,622,262.9894725637062,270.6873077602271
12,623,262.7777963601204,270.31204105457107
12,624,262.63888559814427,270.04152624858
12,625,262.55648943305084,269.91396535138813
12,626,262.5166276817859,269.9303410989031
12,627,262.51030507219485,270.0793428416507
12,628,262.553403489096,270.3689015162149
12,629,262.6778901999792,270.74367321510357
12,630,262.9032656100272,271.15367881884396
12,631,263.2094454939936,271.549331220286
12,632,263.5314073802852,271.8488978648399
12,633,263.79992307867985,271.9641813016303
12,634,263.96679113141465,271.91250201490317
12,635,263.99727336481845,271.74693082527097
12,636,263.879912519533,271.5041574180558
12,637,263.65359296072955,271.24925982801307
12,638,263.34755862937703,271.02124508544625
12,639,262.9828794562393,270.779511534638
12,640,262.6261842086751,270.5191264434277
12,641,262.35026873217095,270.2588869143203
12,642,262.2076424983809,270.03616240780275
12,643,262.23863692826654,269.9002884352854
12,644,262.4519722831333,269.9157855913339
12,645,262.78275490275706,270.0704889551251
12,646,263.16552683386215,270.3448389975457
12,647,263.5215870889476,270.6716344524328
12,648,263.76210430854223,270.9723825591477
12,649,263.85080575267284,271.19934538939356
12,650,263.82571981774487,271.34411489507505
12,651,263.73930669327495,271.43469723955445
12,652,263.6495998986103,271.52322286863347
12,653,263.6388701732835,271.65138197852355
12,654,263.73163472116573,271.8169295339332
12,655,263.8986895524332,272.028980344391
12,656,264.0547034383942,272.22098891615167
12,657,264.13130096710836,272.3414136982096
12,658,264.0884063827122,272.3934140745012
12,659,263.9255545804573,272.3945720442145
12,660,263.6660066961317,272.32092898052645
12,661,263.40102172073523,272.2264065930864
12,662,263.2131649005871,272.13183462077313
12,663,263.13666617721316,272.0131077288982
12,664,263.2053516180715,271.89335899812943
12,665,263.4258897215444,271.8463174682463
12,666,263.74326100995603,271.8851855414069
12,667,264.0838014024073,272.0444721888356
12,668,264.38737677975564,272.3550700022166
12,669,264.601519706894,272.7833380758358
12,670,264.6737217036196,273.2132078114971
12,671,264.59318750060686,273.5459823912235
12,672,264.36936729680195,273.675728164214
12,673,264.03622196313125,273.5939420041418
12,674,263.631549221661,273.3802590522867
12,675,263.24699547824355,273.1714558009483
12,676,263.00748813572767,273.1101443525128
12,677,263.01490286668053,273.30503729671443
12,678,263.28517436286165,273.6912987569548
12,679,263.7344899253897,274.04424472336024
12,680,264.2508330620095,274.2026643000552
12,681,264.6676322055829,274.0636219335594
12,682,264.8831068997374,273.65260801335455
12,683,264.9329459700086,273.17112274608155
12,684,264.95456126354566,272.88162021861376
12,685,265.0334802368763,272.92082385160325
12,686,265.22637229814984,273.27799900363
12,687,265.3525042277618,273.59741281940944
12,688,265.40026555975913,273.93680086918
12,698,265.25415686365125,274.0397435405365
12,699,264.89138061924615,273.7777852593442
12,700,264.3721432581172,273.1879882457681
12,701,263.96842289850474,272.6351630122159
12,702,263.691010883392,271.9729291480915
12,703,263.60711107925704,271.4182469101015
12,704,263.70050845222966,271.0877294203196
12,705,263.8797105891507,270.9638581029982
12,706,264.0347901606047,270.92314113159574
12,707,264.1226447718672,270.8987017092715
12,708,264.17480405532217,270.83327491116637
12,709,264.25791434666843,270.70547765169545
12,710,264.4464515733562,270.55903026935823
12,711,264.77941484785316,270.3928493441201
12,712,265.2308225415678,270.13546618657944
12,713,265.6325649777093,269.65308412419665
12,714,265.8866285176434,268.9519811841341
12,715,265.9294154770711,268.1035977837278
12,716,265.77820776025015,267.3806121120268
12,717,265.4051661683721,267.04814583472154
12,718,264.95970084829366,267.29247553780664
12,719,264.53080499697904,268.31217037764907
12,720,264.3058815577229,269.75138877808786
12,722,264.2909989246481,271.2364378117505
12,723,264.57214853201947,272.52827854789507
12,724,265.13442939130255,273.6363868468166
12,725,265.84343728603426,274.2633574719754
12,726,266.4408240162771,274.623371815195
12,727,266.8185488427569,274.8620157500452
12,728,266.88801567211897,274.99456673027714
12,729,266.61357332370557,274.96403482942014
12,730,266.13633908174717,274.8959998591731
12,731,265.62261392090704,274.9033197553017
12,732,265.2328332620978,275.053590457234
12,733,265.0504119815679,275.36554123190183
12,734,265.0675872841041,275.67382613711465
12,735,265.17776915752836,275.79702597015023
12,736,265.2822217806283,275.5723002678052
12,737,265.2790618165902,274.8958615700868
12,738,265.1588119920933,273.83179260203434
12,739,265.0052779111912,272.6524520656298
12,740,264.9476283998184,271.62924486343627
12,741,265.0628525604058,270.9765124643125
12,742,265.3853983166679,270.7827809029446
12,743,265.88463647515186,270.93182625610507
12,744,266.4576947042756,271.2315447489374
12,745,266.94581840821274,271.4478244350463
12,746,267.21571564451375,271.3614173100687
12,747,267.2660856085514,270.9516491872098
12,748,267.09318817958234,270.3656289740661
12,749,266.734286145287,269.73851365872963
12,750,266.3460240172508,269.2744514365595
12,751,266.1160426941451,269.1854893404417
12,752,266.02968042053766,269.4561074108431
12,753,266.0577186448146,270.0228677406663
12,754,266.20376845775644,270.8524090443709
12,755,266.34161980845295,271.73567777027074
12,756,266.3251996215672,272.45372802918854
12,757,266.1788853257902,272.97824455941065
12,758,265.9934309778284,273.3454897655868
12,759,265.8073520737157,273.5084448344405
12,760,265.6971712276317,273.6239077683366
12,761,265.70312908284455,273.8591877701592
12,762,265.76233249670054,274.26985716066196
12,763,265.79014026893424,274.77105312719794
12,764,265.68061696792415,275.20221878875674
12,765,265.3645183853995,275.41966898524197
12,766,264.8724670154937,275.3770860992164
12,767,264.2940933901477,275.00410020169306
12,768,264.0210617530212,274.6821593240084
12,769,264.03038834965025,274.67667398501965
12,776,264.360706132509,275.0536866290983
12,777,264.9342516790363,275.6901965044349
12,778,265.52118297917264,276.41246095671835
12,780,265.71208595531544,276.81942647384585
12,781,265.6238898154697,276.8119077757814
12,782,265.27768310396704,276.4221463494914
12,783,264.8252027139522,275.84602627079045
12,784,264.5400609310762,275.3486058576105
12,785,264.51751213305505,274.9662818846475
12,786,264.7001071535482,274.66867802779063
12,787,265.0353112117861,274.4509540412657
12,788,265.31403437164414,274.19418444963264
12,789,265.3776457058117,273.8976378657517
12,790,265.18923630413207,273.6084956684383
12,791,264.6499982431105,273.37536155428165
12,792,263.9517183832473,273.0561556170272
12,798,263.2655382789414,272.66204627177945
12,799,262.7601575702111,272.14490754254814
12,800,262.53580196213267,271.63795315144785
12,801,262.759898524403,271.2353965432415
12,802,263.27068038559327,271.20586494328984
12,803,263.9390255370319,271.617444734052
12,804,264.54603011119065,272.4230689053154
12,805,264.86521013691356,273.3528352761532
12,806,264.8157968962159,274.1277818263243
12,807,264.43225991980216,274.5466726876022
12,808,263.8574291518368,274.2240597568289
12,809,263.3229039001229,273.56917262531783
12,814,262.9830286844424,272.76602554235694
12,815,262.8665874402414,272.0732486569983
12,816,262.91718107802143,271.58304859909094
12,817,262.98088904482125,271.5525711338136
12,818,262.8679899249235,271.50173773621066
12,819,262.58006778254685,271.33736687131426
12,820,262.1824283664439,271.0458241473993
12,821,261.7781540380362,270.5286684381593
12,822,261.45964944297793,269.99563514939064
12,825,261.39449005213004,269.7138672600193
12,826,261.56246404291943,269.7854937202359
12,827,261.9024416303872,270.1579443869806
12,828,262.34107327410504,270.8916735203244
12,829,262.86887134704364,271.80120281824077
12,830,263.29209014654265,272.53494018639424
12,831,263.49291190601355,272.87488260724876
12,832,263.4779356345675,272.78897144547204
12,833,263.33094680052625,272.3279462737196
12,834,263.1633365137688,271.6546646246835
12,835,263.15941261402713,271.09606557354425
12,836,263.43335628846967,270.83517605221635
12,837,263.9477295192513,270.8718113077188
12,838,264.518073608269,271.1333613450222
12,839,264.92143749435803,271.4420515201979
12,840,265.0309459797322,271.6087879953194
12,841,264.825709947812,271.4964710948696
12,842,264.3849280866416,270.95618932171345
12,843,263.90952297895547,269.91374237677434
12,844,263.66102793478314,268.5161929953737
12,845,263.7984470635253,267.0293878393861
12,846,264.358662126504,265.81329725233036
12,847,265.23618082381324,265.3234588321228
12,848,266.2783546203667,265.8371045988501
12,849,266.5268183835907,267.2495414909025
12,850,266.4262532628451,268.94245526857185
12,857,265.9105977629493,270.627134028848
12,858,264.9479917061996,271.63831186900927
12,859,263.8137782313731,272.0772748178385
12,865,263.3023228100572,271.9154254307651
12,866,262.8812171861765,271.5758149715577
12,867,262.62009572184155,271.152117441246
12,868,262.6840099165879,271.10016750227015
12,869,262.68705049261956,270.990794829363
12,872,262.60681235696813,270.8511937366073
12,876,262.477881575798,270.7533811949734
12,877,262.33791662747643,270.6728937847457
12,878,262.2060476852682,270.6459686790585
12,879,262.26432111165104,270.8459545516828
12,880,262.5239380561604,271.26578484745477
12,881,262.865430725346,271.7515660558451
12,882,263.1308365591729,272.1577457827983
12,883,263.16488602015187,272.2485822782346
12,884,262.9062847698647,271.8939798619263
12,885,262.4516882264768,271.05102832528087
12,886,262.0489826068938,269.7677865834759
12,887,261.97512998931376,268.17338514044434
12,888,262.4744721006602,266.5480948803582
12,889,263.6592320730345,265.3033063290236
12,890,265.254038805906,264.8489000176033
12,891,266.9269610751901,265.305632327873
12,892,266.9858321146586,267.1998880545326
12,893,266.65417883654834,269.6560570226023
12,900,265.8488943959999,272.3505254592259
12,901,264.9047971498746,274.73073841200693
12,902,263.9340230327558,276.60724066559726
12,903,264.26913409576264,277.2613972386191
12,904,264.2232969946946,277.43019040833855
12,905,263.9993895563552,277.3618099721122
12,908,263.55191248797166,277.31770286600675
12,909,263.0731820274692,277.51078955355445
12,910,262.85651988108214,278.13735504720853
12,911,263.2299931193189,279.0121050566717
12,912,263.94713931156275,279.73600408329537
12,913,264.8640431444576,280.1454186708941
12,914,265.6161603498238,280.06124897736095
12,916,265.98405871086334,279.35396833230254
12,917,265.8713724437232,278.2021823925956
12,918,265.36127532548034,276.8339170040758
12,919,264.5483839641964,275.4030854945633
12,920,263.67706136310005,274.0670762940506
12,921,262.93941543551466,272.99068084713895
12,922,262.44108452159827,272.1742830995788
12,923,262.11983049541675,271.53121583470164
12,924,261.954620982307,271.0532901124547
12,925,261.91102439124086,270.62134975916626
12,926,261.92878161441115,270.0960416625392
12,927,262.0380987475091,269.4049390007817
12,928,262.43090200914514,268.6555769191555
12,929,263.1748547746778,267.9071304482724
12,930,264.29188515658836,267.2697282410431
12,931,265.656768746597,266.9149547009793
12,932,267.0620320106507,267.0586520074259
12,933,268.0992991770097,267.57268369273964
12,934,268.4221027799695,268.2057651621594
12,935,267.8397144363711,268.7132765859186
12,936,266.419884569083,268.91158014594583
12,937,264.3498698417334,268.5867776581362
12,938,262.0685985486986,267.9415158503975
12,939,260.0522161965618,267.2752273226467
12,940,258.6693317757375,266.8662084393519
12,941,258.09692889037007,266.89293365991557
12,942,258.3248088337651,267.37353817726506
12,943,259.1055663136627,268.0717676734251
12,944,260.15777336730406,268.8599047500435
12,945,261.1974799796397,269.620684507331
12,946,261.95140459295015,270.18042686334053
12,947,262.35014602446694,270.5881153870097
12,948,262.4046424839933,270.9627455918686
12,949,262.24600754013437,271.3145723286705
12,951,262.02694999106444,271.6322825236272
12,952,261.9164448550292,272.04596616540664
12,953,261.9289316088878,272.5160432256873
12,954,262.12507398160193,272.98050662969206
12,955,262.43932289767656,273.37788574734
12,956,262.77443043817163,273.6867539539879
12,957,263.05519350095375,273.78573406372163
12,958,263.28794488708303,273.69052048465403
12,959,263.4917796230777,273.4859563059985
12,960,263.67289732219695,273.2088664779225
12,961,263.85927408947015,272.84747636713314
12,962,264.07789423317973,272.47979395418406
12,963,264.3177167285188,272.16369005810566
12,964,264.50869104208874,271.8746698566848
12,965,264.62777980795687,271.68722636289016
12,966,264.6764141840775,271.681985731156
12,967,264.6345847110448,271.78089562645545
12,968,264.57715218302855,271.74128319029006
12,969,264.6961258404678,271.45943494813196
12,970,265.1587917125865,270.8871692741694
12,971,266.0340206854097,270.08881684561686
12,972,267.2655635999007,269.26654399636243
12,973,268.47067062401146,268.7698058276709
12,974,269.3607660628529,268.78756261134464
12,975,268.9512043975963,269.4528361810947
12,976,267.8615864408827,270.04865737896637
12,984,266.2250424142727,270.56763410202836
12,985,264.48395160961866,270.90448866340876
12,986,262.8540553627816,270.9548099233457
12,987,261.877326105267,270.2853339686234
12,988,261.16509453098513,269.79937519836614
12,994,260.7512144332867,269.4090266251413
12,995,260.70221990092926,269.1553160751158
12,996,260.8203933434029,269.3980803952413
12,997,261.2287395809644,270.00862109074063
12,1005,261.6005490926531,270.6459086551356
12,1006,261.8225375684114,271.20062971902007
12,1007,261.69902229385497,271.5418837401579
12,1008,261.3521964314191,271.2784836182547
12,1009,261.008209016876,270.85376276716715
12,1010,260.7361453152513,270.3285016465565
12,1011,260.60442470633666,269.80311874111857
12,1012,260.7148964092012,269.3943516886758
12,1013,261.15599949832097,269.2178678617117
12,1014,261.8684391242841,269.28371977292073
12,1015,262.7537588536613,269.6177989853309
12,1016,263.6656246845687,270.2373233233291
12,1017,264.3810940434895,271.01211120047924
12,1018,264.6788923538437,271.7425298859688
12,1019,264.5071603122689,272.2980409664982
12,1020,263.957900265176,272.56983376240373
12,1021,263.1903397159611,272.44758702144816
12,1022,262.40435289742106,272.027678545081
12,1023,261.8079234003751,271.4871011413926
12,1024,261.52375253600906,270.9883885879543
12,1025,261.52910537112797,270.66931783289084
12,1026,261.7785427127278,270.6639950817534
12,1027,262.2011963320389,270.993292898257
12,1028,262.69294086849135,271.6016940096858
12,1029,263.1156522101026,272.34072366074236
12,1030,263.40221923896684,273.1036446544415
12,1031,263.5387345235399,273.7810929816054
12,1032,263.49457404305195,274.1727760161744
12,1033,263.32688995040115,274.2453893217044
12,1034,263.17865077727333,274.1730236669825
12,1035,263.11021875242716,273.97065504625414
12,1036,263.07249689143265,273.65631768946986
12,1037,263.13861140623703,273.4325023030508
12,1038,263.259343435701,273.3008202182744
12,1039,263.33881282066716,273.136959024446
12,1040,263.3981940591583,272.98552499976404
12,1041,263.54445794752087,272.933194658974
12,1042,263.7238503397718,272.903894130425
12,1043,263.9618534070501,272.91283841721776
12,1044,264.2855563677337,272.99801222307076
12,1045,264.63183909499406,273.14893151800004
12,1046,264.89038250861904,273.2358464337076
12,1047,265.0218660830112,273.2466195702436
12,1048,265.00211168416934,273.17478643120575
12,1049,264.86619374574497,273.0318765272372
12,1050,264.6869240591898,272.8132150332524
12,1051,264.5540330565381,272.6271781575939
12,1052,264.5714582800398,272.534573900485
12,1053,264.75883942471637,272.57461401771775
12,1054,265.04613515145,272.72782191568695
12,1055,265.3845139218771,273.00953877886
12,1056,265.7276329836122,273.38339127704955
12,1057,266.0134837978709,273.81731579776635
12,1058,266.23735541322037,274.277137979153
12,1059,266.41649144552537,274.7396524781169
12,1060,266.5148464388982,275.11704221563326
12,1061,266.5089855915087,275.3366128907205
12,1062,266.4069704533955,275.36007914261705
12,1063,266.231738896922,275.2101342868703
12,1064,266.03213776287305,274.97172875348656
12,1065,265.8857099433405,274.7603220172196
12,1066,265.8570905218354,274.6986719401919
12,1067,265.9485141420287,274.8495506923508
12,1068,266.1251528150645,275.1878359723161
12,1069,266.3469999923606,275.61386667736775
12,1070,266.56149972613747,276.0733370831877
12,1071,266.7212280898367,276.5024544914003
12,1072,266.8132856817142,276.8578671832998
12,1073,266.8461346167714,277.1343593614435
12,1074,266.82987873041327,277.37631860796637
12,1075,266.8001869458741,277.5878273452172
12,1076,266.76386814696036,277.76405703279704
12,1077,266.73142023179304,277.8982890629993
12,1078,266.70454394825566,277.98809569718054
12,1079,266.6904579012127,278.0234520086517
12,1080,266.6751058813024,278.01198864646034
12,1081,266.66773824791784,277.9576385187316
12,1082,266.6515375875656,277.8754661143896
12,1083,266.6257305936874,277.7711532647636
12,1084,266.5695359634208,277.6495063540004
12,1085,266.48201843172086,277.4883729799758
12,1086,266.3748689227339,277.2953280728292
12,1087,266.28272816933276,277.09961817216447
12,1088,266.2217708948974,276.9691202389222
12,1089,266.2113578102957,276.9281745050945
12,1090,266.2541165157267,276.9985896792249
12,1091,266.3384584501506,277.1737376255336
12,1092,266.450546265964,277.4175175575783
12,1093,266.5848044213144,277.6568997806312
12,1094,266.7347285083055,277.8589201646054
12,1095,266.89099627359815,278.0291508841787
12,1096,267.04337689195995,278.19525869100016
12,1097,267.1843074469501,278.38479051069254
12,1098,267.30277134073765,278.5898338251689
12,1099,267.3978353340282,278.80596903729804
12,1100,267.4719166222047,279.0100855910735
12,1101,267.5318324156231,279.16641860895515
12,1102,267.5739912505671,279.2557326383412
12,1103,267.6032474937697,279.301410315989
13,0,250.91992107262837,260.5312034610173
13,1,250.9983029740227,260.69774412918474
13,2,251.08974949192475,260.89087795418936
13,3,251.18715147911377,261.10011818789593
13,4,251.2613091750401,261.26676073977285
13,5,251.30373413653206,261.3799463796974
13,6,251.3133365461558,261.4414198880927
13,7,251.30271205922446,261.4702884774695
13,8,251.2825064719171,261.46809456674555
13,9,251.25932375682436,261.4371144183119
13,10,251.23885366447456,261.37681398276095
13,11,251.22605738731195,261.29020121930273
13,12,251.22062769797202,261.19198407515574
13,13,251.21595874268814,261.09882973444263
13,14,251.20874205765173,261.01397117956833
13,15,251.1990494977919,260.94614188173176
13,16,251.18640392847163,260.90221321577735
13,17,251.17135722738664,260.877452455179
13,18,251.15858060582312,260.8654148224576
13,19,251.1522968178143,260.86906892609454
13,20,251.1556186030043,260.8818862779284
13,21,251.16701979768348,260.8993004140643
13,22,251.18406665873542,260.9189111438909
13,23,251.20274287906284,260.9404438387414
13,24,251.2169650936263,260.96204905880035
13,25,251.21611209932834,260.9853239234003
13,26,251.19857098025378,261.00774998919366
13,27,251.1677845230468,261.0305616530625
13,28,251.1277430444193,261.05193743464685
13,29,251.0826686822894,261.06993707564857
13,30,251.04032503594073,261.08506418179684
13,31,251.00782777632352,261.09702906707025
13,32,250.9942612718611,261.10050361230265
13,33,250.99819515233781,261.0950725279388
13,34,251.01714694142444,261.0805506625746
13,35,251.04933168435775,261.0561448005559
13,36,251.08733404238976,261.0259022253497
13,37,251.11221603480143,261.00063505918746
13,38,251.1246988489435,260.9832989122408
13,39,251.1290829411666,260.979821612525
13,40,251.12468997246964,260.9941762448519
13,41,251.11205663760535,261.01976374974765
13,42,251.09925638617997,261.04522951984035
13,43,251.08865862703482,261.06945106627666
13,44,251.08733110819813,261.09426449891595
13,45,251.10134808617735,261.121256990136
13,46,251.13299187173521,261.15926525604397
13,47,251.18116509722446,261.21202206716197
13,48,251.2392317496944,261.27535010503584
13,49,251.2893349727938,261.33431250396075
13,50,251.3229869907173,261.3778681452482
13,51,251.33805541477315,261.3987099643556
13,52,251.33574087456458,261.39937747506616
13,53,251.31563479930347,261.38427111669205
13,54,251.28186343470293,261.3621362220009
13,55,251.2372629962136,261.33872692788543
13,56,251.18565697407416,261.31667093881487
13,57,251.1286228749932,261.2995266551124
13,58,251.0702991009714,261.29456523091096
13,59,251.0159375646994,261.30405365536
13,60,250.9710008008515,261.33477731460243
13,61,250.93768986962039,261.39251624996155
13,62,250.91967936703432,261.47164552522855
13,63,250.92231104679936,261.5561884867129
13,64,250.94626569590545,261.6378181810743
13,65,250.98318624540292,261.7019372535874
13,66,251.02668191040246,261.7387274944824
13,67,251.07249896030584,261.7483201424815
13,68,251.12202870046607,261.7383746224003
13,69,251.17547660776984,261.7162456009354
13,70,251.23373603800744,261.689814495031
13,71,251.29597127514114,261.6606220114263
13,72,251.35881812618715,261.6291984334808
13,73,251.4055779850479,261.5963440923532
13,74,251.4297008116562,261.56225106250594
13,75,251.43533886139235,261.5311872133695
13,76,251.42776364928588,261.50948120633313
13,77,251.40875815361522,261.49729506128745
13,78,251.38897179117922,261.49514977383785
13,79,251.3764985703407,261.4984033512698
13,80,251.37248010424562,261.497513015565
13,81,251.37306019836598,261.4909314246417
13,82,251.37854158830427,261.47930797089344
13,83,251.38807046636805,261.461833702188
13,84,251.39577718680076,261.4442506010198
13,85,251.39599885344117,261.4373491349117
13,86,251.3906067614691,261.43725351632946
13,87,251.37953452365798,261.4407937139861
13,88,251.36093730080725,261.44391825596574
13,89,251.3362785698433,261.4403180310865
13,90,251.30960363456686,261.42161391018374
13,91,251.28175700792747,261.38888076393425
13,92,251.25839042458395,261.3465222879594
13,93,251.24285020404415,261.30539915643425
13,94,251.234326761342,261.27097679041015
13,95,251.22735004767156,261.2487801232656
13,96,251.21829080763575,261.2418814283106
13,97,251.19825929176153,261.24889174797204
13,98,251.16825006784998,261.25968020392855
13,99,251.1408276910483,261.27940239410884
13,100,251.12731163826726,261.30737158771046
13,101,251.1298816576235,261.34060265908744
13,102,251.15170427740938,261.3783091178369
13,103,251.18634934346034,261.4225542052345
13,104,251.21618774054937,261.4600382941216
13,105,251.23045436103575,261.4837958450036
13,106,251.23431938990225,261.4909299976323
13,107,251.23971845708752,261.4852991830167
13,108,251.2532192322676,261.4655677060792
13,109,251.28029843559133,261.43493830971585
13,110,251.32627989055334,261.3957525283828
13,111,251.38528153125014,261.3540156357904
13,112,251.43794035310285,261.3043251411731
13,113,251.47753412223122,261.2522336912359
13,114,251.50246356437805,261.206133062878
13,115,251.51022288856936,261.1801005735793
13,116,251.5013530781436,261.17978317568054
13,117,251.48253306705323,261.2076814713979
13,118,251.45797571540018,261.25508578388656
13,119,251.4308666573681,261.3072693705462
13,120,251.40192450623056,261.3447702087716
13,121,251.37479288749165,261.35676808181944
13,122,251.3536556794961,261.33985808709184
13,123,251.33745655911397,261.29607916175553
13,124,251.32433440999083,261.23541320171597
13,125,251.3128146868837,261.16793034131683
13,126,251.29261413667416,261.0957241728791
13,127,251.2588326052991,261.0267209268415
13,128,251.2177950014281,260.9761008398434
13,129,251.17629224541426,260.954613960339
13,130,251.14135044792482,260.96739341116944
13,131,251.11949122007536,261.0117076754331
13,132,251.11454305295644,261.0764682161016
13,133,251.1193820194266,261.14508949846976
13,134,251.1294641276776,261.20252880559974
13,135,251.14212809428943,261.24125088175555
13,136,251.16207128159823,261.26859227419925
13,137,251.1849346895417,261.29151259024997
13,138,251.20486856971488,261.3104285457282
13,139,251.2169673749368,261.32235620274156
13,140,251.2158369894585,261.31810731370064
13,141,251.19607034662465,261.28391203734475
13,142,251.16287202580764,261.2167932167827
13,143,251.1285181113525,261.1263405679194
13,144,251.09717293520637,261.02661705377284
13,145,251.06749729127455,260.9375997620936
13,146,251.04199146182654,260.8793998416802
13,147,251.01930609953956,260.8598430169236
13,148,250.99378708597328,260.8738275201342
13,149,250.96619952059413,260.91260151066797
13,150,250.94308053008746,260.9625142775303
13,151,250.92533376663482,261.00612492274206
13,152,250.91708102279625,261.0264857917876
13,153,250.920661426757,261.0256179768306
13,154,250.93413299086694,261.00613132597624
13,155,250.9543355530841,260.97299491806774
13,156,250.9788781517616,260.94031445045636
13,157,251.0022699649492,260.93417169292246
13,158,251.02534970284944,260.9531095035269
13,159,251.05240647009367,260.99116877814987
13,160,251.08429709173467,261.03955457152574
13,161,251.1173412184122,261.080163988055
13,162,251.1446862538404,261.08870201611614
13,163,251.1611908591405,261.0605661149804
13,164,251.1676555636501,261.0029296262403
13,165,251.16776244711644,260.93218332737644
13,166,251.17030463695727,260.870133507854
13,167,251.18563133445994,260.8287096635965
13,168,251.21530447011511,260.81728574239247
13,169,251.24717422283354,260.8365501560754
13,170,251.27291156023634,260.8750640292631
13,171,251.28484877961736,260.91699124735226
13,172,251.2783225357744,260.9596068741986
13,173,251.2541466267846,260.993847592416
13,174,251.22245845860132,261.01408687070284
13,175,251.1896368785763,261.0260032567585
13,176,251.1592615385963,261.04154287985057
13,177,251.13429624414889,261.05606128299434
13,178,251.12350522665147,261.0773023252894
13,179,251.12709482950189,261.111621504731
13,180,251.14222441715654,261.15374213977907
13,181,251.16252686534108,261.18478017243285
13,182,251.1850463462829,261.2119706075255
13,183,251.1949070180928,261.2293488859889
13,184,251.19279869911645,261.2351846658956
13,185,251.1816780584935,261.22939028253205
13,186,251.1710368536386,261.2271917930775
13,187,251.15924336457854,261.2201122618331
13,188,251.15164472502582,261.19241981564073
13,189,251.1386088182555,261.13037433923245
13,190,251.1158682616994,261.04057346652644
13,191,251.0799495034223,260.93077455589736
13,192,251.03867536326229,260.8200898770418
13,193,250.99477662760978,260.7410149431994
13,194,250.95783427923953,260.7131080363051
13,195,250.93250875771264,260.7307567159926
13,196,250.9216017182893,260.77675828722784
13,197,250.92259912929535,260.8324886381715
13,198,250.93377890862413,260.8830870906996
13,199,250.95277509861285,260.91994036232086
13,200,250.9779627984584,260.9449691984652
13,201,251.0050971781672,260.967903557848
13,202,251.0295051638851,260.99537129818145
13,203,251.051134566776,261.0287395097447
13,204,251.0691996887261,261.06904827715675
13,205,251.08209562619194,261.1138874427893
13,206,251.0898366359262,261.1545017324367
13,207,251.09343364459556,261.1855805853247
13,208,251.09455731160858,261.20096086751585
13,209,251.09474104232555,261.1982019162027
13,210,251.0957747667849,261.18047812073684
13,211,251.10043684388137,261.16334664379093
13,212,251.11411253043147,261.1591195811647
13,213,251.13477081869178,261.1734894036135
13,214,251.15816272156357,261.2075095522611
13,215,251.1817234467134,261.25892753515745
13,216,251.20417097936627,261.31184155318806
13,217,251.222117983975,261.3573809409986
13,218,251.24062604285768,261.39542826143565
13,219,251.26475359640207,261.424482587021
13,220,251.29263497072188,261.43858659063574
13,221,251.31517568478546,261.43388544225985
13,222,251.32772768821678,261.4072178989506
13,223,251.32031510950165,261.3584358443826
13,224,251.29136589511668,261.28836321070787
13,225,251.24805386085168,261.2111678895502
13,226,251.2066696399709,261.1476081540876
13,227,251.1750494142646,261.1036289121299
13,228,251.16050780906994,261.0735633091042
13,229,251.1592125746747,261.0595384312521
13,230,251.16809655429066,261.0492301145451
13,231,251.17888407632654,261.0266309323409
13,232,251.1864096359174,260.98933957914124
13,233,251.1868871705365,260.9477364618176
13,234,251.18504535045776,260.9059256654007
13,235,251.1787101718942,260.87101960068264
13,236,251.16440433134358,260.8512585726304
13,237,251.14404317881656,260.8473457356263
13,238,251.11737630234023,260.85682018538574
13,239,251.08086059678985,260.87523768903316
13,240,251.03779739335351,260.8985396796604
13,241,250.99735738835045,260.9200302664023
13,242,250.96073899975278,260.9378459581276
13,243,250.9361942622399,260.94759682399064
13,244,250.93348421988844,260.95227101572556
13,245,250.9517237830417,260.9560523196066
13,246,250.9847375775579,260.96467758366884
13,247,251.03196632310986,260.9846900422475
13,248,251.08597612302768,261.0234096544285
13,249,251.13351347236784,261.07785259016975
13,250,251.16970166325692,261.1466215037745
13,251,251.19807840188633,261.2237332382549
13,252,251.2215172671264,261.2988678201254
13,253,251.24255186612484,261.3533897286499
13,254,251.26482231566825,261.38032571507426
13,255,251.29311609290502,261.37592261472855
13,256,251.32153809702578,261.3459647650776
13,257,251.34174345660142,261.2960050304148
13,258,251.35974133431029,261.23140318323675
13,259,251.40024699549127,261.1074430059062
13,260,251.49430991062638,260.82982789926825
13,261,251.71734328790603,260.2936307741146
13,262,252.18005568581165,259.47726974674754
13,263,252.98701910494952,258.520157780241
13,264,254.19029555926917,257.78243951353454
13,265,255.7378072807141,257.66696598014704
13,266,257.3774171000314,258.43665446339264
13,267,258.69226898509737,260.01631417612555
13,268,259.23299154314185,262.01797455014776
13,269,258.6777352765227,263.728787261723
13,270,256.97948363843375,264.5481919371476
13,271,254.49275208906354,264.2706077989909
13,272,251.91149260939108,263.2332194875088
13,273,249.9286848574125,261.93208687478807
13,274,248.98078444416092,260.93557099466364
13,275,249.16371768598884,260.554011441687
13,276,250.12805077144247,260.7105709820797
13,277,251.2591062394922,261.0305675999768
13,278,251.93544128429417,261.0296569862547
13,279,252.31955482161356,260.92560598139477
13,284,252.40104702819482,260.78311691286126
13,285,252.31652067853565,260.6134515598441
13,286,252.22856528470155,260.40175838223024
13,287,252.32223331399325,260.24642468581044
13,288,252.2765026852344,259.7649462059444
13,289,252.1673720962095,259.0400714504174
13,290,252.1079658033185,258.37205967403855
13,291,252.15491517423033,258.01482950202876
13,292,252.40393395194022,258.1957331586442
13,293,252.76799951347869,258.87898166695925
13,294,253.060459678219,259.75574450534907
13,295,253.1654941774611,260.4898937332324
13,296,253.1183670844916,260.9216467869068
13,297,252.910525093982,260.9520185054624
13,298,252.6040336136141,260.6469426423277
13,299,252.311864811331,260.19365017769053
13,300,252.113175582141,259.8034704436542
13,301,251.9878081494297,259.5324277607251
13,302,251.940371502502,259.38723577231883
13,303,251.98461812340418,259.3696310518106
13,304,252.0889996708,259.4859101940203
13,305,252.1826618598558,259.67475722220934
13,306,252.2524248358862,259.95185702230674
13,307,252.26477720522786,260.31588690452634
13,308,252.18513725014938,260.68807426776146
13,309,252.02372882877313,260.9664497760939
13,310,251.8150867273669,261.1058075809659
13,311,251.56777957016783,261.05078789724456
13,312,251.33671194613675,260.8316211448744
13,313,251.17844196252872,260.5648715815496
13,314,251.11642202184373,260.34246268816656
13,315,251.14818294774406,260.2097051082265
13,316,251.2648613934041,260.1931638791554
13,317,251.40797389482694,260.2517677432836
13,318,251.49758574526476,260.28704185479813
13,319,251.48746682125378,260.27105392424886
13,320,251.395539822592,260.22656752893124
13,321,251.24623887055031,260.1930996776957
13,322,251.07089374677355,260.1924503208086
13,323,250.92524592213266,260.2475043891243
13,324,250.8555725264081,260.34091047083155
13,325,250.85432933679,260.44800069327033
13,326,250.91457897110814,260.5387824153526
13,327,251.0409737345271,260.62166492345654
13,328,251.2109478061347,260.698980724196
13,329,251.3887744935737,260.7688932567291
13,330,251.53414235788625,260.8206216396901
13,331,251.61899308075408,260.84727876234075
13,332,251.62179130724175,260.8297470895388
13,333,251.53634134786068,260.76242475179953
13,334,251.36733113618084,260.6445856619495
13,335,251.16091906153525,260.4995174422136
13,336,250.96951252113584,260.37373349991464
13,337,250.829951350658,260.30540590437164
13,338,250.7775876042187,260.3168750170428
13,339,250.83877834992626,260.4272727297161
13,340,250.99627615332707,260.61424077718675
13,341,251.2055725684134,260.8147155897641
13,342,251.42559059877934,260.982480163723
13,343,251.61339170044897,261.09026434321987
13,344,251.73705593349928,261.1085995234467
13,345,251.794013131948,261.02445321455593
13,346,251.78844478644066,260.8674408326902
13,347,251.7286125740942,260.6754215984571
13,348,251.63733054889838,260.48304245672034
13,349,251.53940810908185,260.3398662861877
13,350,251.45899437784396,260.28729285488976
13,351,251.42950253294507,260.3266771451594
13,352,251.48076126488021,260.4352511051502
13,353,251.6148860428718,260.5892103575662
13,354,251.81352871677188,260.75431546725366
13,355,252.02826961434852,260.90759502314575
13,356,252.21002071155317,261.03173071488084
13,357,252.31309523927138,261.1191907317285
13,358,252.31556070798308,261.15868460196754
13,359,252.2238764422538,261.1477211954101
13,360,252.0815602391377,261.0905329240819
13,361,251.92444405890407,261.00321877051704
13,362,251.79078238440525,260.90676244068595
13,363,251.71531849065116,260.82859806030075
13,364,251.70708730813504,260.7788309991902
13,365,251.7498253338922,260.7575432628581
13,366,251.8213661464761,260.7629624394732
13,367,251.89074116949055,260.7853046329023
13,368,251.92785171454193,260.81187486378604
13,369,251.92197824799288,260.83139317935695
13,370,251.88120302806996,260.8303334685182
13,371,251.8342185042251,260.80215070848755
13,372,251.8264292879592,260.742471868084
13,373,251.9063177673973,260.64714496310063
13,374,252.12739686022846,260.5400522172944
13,375,252.53968017294414,260.4361631468679
13,376,253.17285817604366,260.33159171920005
13,377,254.0215870802762,260.2551375565945
13,378,255.02692397126867,260.22798343236093
13,379,256.0752638020724,260.2133734073792
13,380,257.03025657400804,260.1918253906485
13,381,257.73907852882047,260.1036826923516
13,382,258.09799854374575,259.82612500589903
13,383,258.15807771575226,259.3147927294992
13,384,258.0200667715729,258.65964549776135
13,385,257.8459457417682,258.0232896761302
13,386,257.81001135532955,257.6319538237334
13,387,258.0048071187681,257.67041151990685
13,388,258.33157312655544,258.0947695090475
13,389,258.6375301847495,258.6545677642269
13,390,258.72630977202016,259.04459572442227
13,391,258.4891085513375,259.0495472583076
13,392,257.9588602000633,258.6265208771027
13,393,257.28953026415496,257.96746397119915
13,394,256.68791726636186,257.3350456767902
13,395,256.32143211288474,256.9475964819852
13,396,256.197156948522,256.80083510280326
13,397,256.21628114170437,256.7399050539562
13,398,256.2879658138398,256.58236521201695
13,399,256.34360184645095,256.25886742516104
13,400,256.3620694228659,255.76872509573545
13,401,256.43472091437906,255.3328573715241
13,402,256.6486364401754,255.21928795018925
13,403,256.9824872658159,255.49572639407563
13,404,257.34498085866176,256.04796410017684
13,405,257.620762505055,256.6499491197223
13,406,257.70905716630665,256.9798811965965
13,407,257.56789533051307,256.7740648678688
13,408,257.27095634172144,256.0808837086581
13,409,256.9524230196481,255.1095071986595
13,410,256.7668782365271,254.14089958025403
13,411,256.7717564722799,253.3993895791772
13,412,256.9623278154299,253.01355641676997
13,413,257.2432239017801,252.89464347950695
13,414,257.48163543093494,252.89652068246676
13,415,257.55013235946376,252.88065386155958
13,416,257.40100546309867,252.80536325860055
13,417,257.03162931645426,252.67177292571682
13,418,256.5161819817683,252.57351269065703
13,419,255.98896440745492,252.58706320260038
13,420,255.56033089856436,252.72119435435795
13,421,255.3471276672897,252.9520532011574
13,422,255.41236393431336,253.2245499414327
13,423,255.7374613548964,253.4485824500137
13,424,256.2095820831234,253.5940844258128
13,425,256.7121567754153,253.71701374964184
13,426,257.0919226707087,253.81448955941067
13,427,257.2809437912861,253.93685811201917
13,428,257.2829513004863,254.10809905378014
13,429,257.18863928119276,254.33442225353565
13,430,257.0961632523289,254.56215291509136
13,431,257.0940682427195,254.76264516711944
13,432,257.19915611415325,254.8825877580046
13,433,257.40868508177084,254.92985688402493
13,434,257.63979057524773,254.86267775568604
13,435,257.82380104155396,254.67057125246382
13,436,257.90706176513294,254.41240410693626
13,437,257.87063243202834,254.18921895327466
13,438,257.68927488092277,254.02661697345553
13,439,257.42279699360506,253.9711866641941
13,440,257.14214201281686,254.06867894522279
13,441,256.92469059143014,254.28937417492762
13,442,256.8302577479673,254.53242351695562
13,443,256.88825835115415,254.75626855176193
13,444,257.0639151946043,254.93340846723012
13,445,257.2898281581287,255.0324399371095
13,446,257.4781146821839,255.03607886676468
13,447,257.5506860813154,254.9832403399557
13,448,257.4786978109388,254.90433079966397
13,449,257.28364803843635,254.84572036132838
13,450,257.03320467248517,254.87728790927508
13,451,256.81233570327475,255.05342736688885
13,452,256.6639760535525,255.32064396901654
13,453,256.5735354000833,255.56783562306836
13,454,256.4979817784126,255.65003803869706
13,455,256.37816304849673,255.42776596890826
13,456,256.1888414200646,254.89403969848308
13,457,255.97311261671703,254.20941559929156
13,458,255.81944506445294,253.59039541214443
13,459,255.79470359738747,253.25141140945573
13,460,255.9050556018791,253.2705328304163
13,461,256.0635786735474,253.49683726302425
13,462,256.18554619520927,253.70233582610436
13,463,256.2161233994785,253.71074545547438
13,464,256.1383132308984,253.40436144778425
13,465,256.01236685711984,252.85725319413913
13,466,255.969164430826,252.33442050990104
13,467,256.07531217019886,252.05017427525735
13,468,256.31409921768164,252.08217927035273
13,469,256.6066885003389,252.389255493972
13,470,256.85035739454116,252.81649487982895
13,471,256.96095965120776,253.17873417631986
13,472,256.9206850630351,253.37817171295205
13,473,256.7729174036979,253.42085151557163
13,474,256.6358504229639,253.39318827138246
13,475,256.6048782440681,253.39264842147793
13,476,256.7229757896834,253.4181715163146
13,477,256.94804925367384,253.3906721633238
13,478,257.20650098880776,253.23631041760265
13,479,257.4248534349382,252.96147952222992
13,480,257.57130694763515,252.65484534298685
13,481,257.6466693406648,252.4809855784708
13,482,257.7046821651211,252.58233073500585
13,483,257.7788118700251,252.94102273491433
13,484,257.8833634567955,253.39848690336683
13,485,258.0114251093464,253.72994284019637
13,486,258.1495695448033,253.75465367880489
13,487,258.2831552074198,253.43777899002217
13,488,258.439963865736,252.95957529819515
13,489,258.6191427799433,252.52905243496352
13,490,258.81091663886866,252.34446953285575
13,491,258.9787757495899,252.49752183602192
13,492,259.0895222147946,252.9580273520516
13,493,259.1170670694009,253.58824394145498
13,494,259.05467053835747,254.26524041295818
13,495,258.8868181573212,254.83782241247522
13,496,258.6241087701893,255.17630437471064
13,497,258.2854251761416,255.16675748927156
13,498,257.90711154602343,254.78583603274026
13,499,257.55748869570675,254.13539501386816
13,500,257.32530348539217,253.4378050929571
13,501,257.2791038717978,252.95895642899788
13,502,257.45951323183124,252.93289311673306
13,503,257.8028235645809,253.3456832402549
13,504,258.17722342993403,254.0068584553552
13,505,258.4508148179339,254.6009882687752
13,506,258.53043053895567,254.83031484907593
13,507,258.3822930404634,254.59013584792476
13,508,258.0963837802049,254.11794005904534
13,509,257.78304586798737,253.6658672142883
13,510,257.51157395707526,253.5323335598042
13,511,257.27853625011085,253.9128702147554
13,512,256.99646071327516,254.7374682015962
13,513,256.5427466490107,255.72004042039856
13,514,255.85270878561266,256.67558137476186
13,515,254.95873703257632,257.4581863983733
13,516,254.00163308370912,258.02865042103804
13,517,253.19109947289004,258.4833341586637
13,518,252.69163542818242,258.9959343293187
13,519,252.5900362060066,259.6721255632773
13,520,252.80326259150178,260.44647862866515
13,521,253.1911515741321,261.21368916918675
13,522,253.57074060239052,261.84415129807377
13,523,253.77864708010725,262.1565012934837
13,524,253.69408642882655,262.0006240984018
13,525,253.41129107893047,261.49879268388764
13,526,253.03692780580224,260.8095551757948
13,527,252.68947616525884,260.13439594318197
13,528,252.4684727093188,259.64310168263614
13,529,252.47567449972064,259.4552043578019
13,530,252.66380660920146,259.49508791635856
13,531,252.9316166795941,259.6278632354696
13,532,253.16745198343455,259.69341892584015
13,533,253.31985306370885,259.6481648271208
13,534,253.362210251294,259.530010914455
13,535,253.3225459895268,259.40249477389614
13,536,253.2491033295742,259.3058117528781
13,537,253.22189888616245,259.24307635580556
13,538,253.277873586238,259.19065177960573
13,539,253.37579284556392,259.06210038330005
13,540,253.4683801851872,258.8402502442237
13,541,253.56154046050506,258.60522079479915
13,542,253.63557785097987,258.492665289934
13,543,253.68669324157116,258.52919267249735
13,544,253.75294393810282,258.69073785658884
13,545,253.8598527241697,258.9160774542263
13,546,253.98756334748,259.09383616929216
13,547,254.0994758549418,259.05900830002844
13,548,254.1505736397532,258.7664182121774
13,549,254.1265120936755,258.31659823310696
13,550,254.00799234349802,257.78669638832974
13,551,253.7999203079897,257.2688050328925
13,552,253.55018140473572,256.8911226263524
13,553,253.29673409241474,256.70399852396463
13,554,253.0458915343371,256.6528568702711
13,555,252.83351382001828,256.7523361672236
13,556,252.6801662377026,256.9978997488214
13,557,252.587950352576,257.3303065422741
13,558,252.57733343515756,257.6999422157134
13,559,252.6614765025531,258.06338200070655
13,560,252.81281797839415,258.32720954193303
13,561,252.99602153644008,258.406476954449
13,562,253.15324006287733,258.2907633472473
13,563,253.22439684710218,258.02878258231505
13,564,253.1831640808765,257.71606399648505
13,565,253.03482044138678,257.4086345378525
13,566,252.80475857271784,257.16490245104546
13,567,252.571014847555,257.0424498650593
13,568,252.39680889636782,257.0606487760349
13,569,252.32479257081084,257.1936968151134
13,570,252.37329887690447,257.4258270953669
13,571,252.53286871046325,257.7219410226621
13,572,252.74389586588325,257.9940015099253
13,573,252.9623427167123,258.1606093721014
13,574,253.12878253120164,258.1747480132467
13,575,253.2262586150502,258.08555287075217
13,576,253.26506777563594,257.97440673666
13,577,253.28093861020284,257.9343491691508
13,578,253.29435748227917,258.01319017872095
13,579,253.32223090108988,258.2254161251658
13,580,253.35724539994274,258.5104764814495
13,581,253.4040672720839,258.792581616279
13,582,253.4544207017278,259.0203673957449
13,583,253.48420269824896,259.1791828022615
13,584,253.5035927266025,259.270726648851
13,585,253.50508409596017,259.2946922293214
13,586,253.44878065733195,259.2265540738703
13,587,253.31343545019976,259.04338591305367
13,588,253.1383737206818,258.76574969504804
13,589,252.95066849697855,258.43713479347656
13,590,252.79012398538973,258.11830993387
13,591,252.705737153188,257.9096068179296
13,592,252.72031242264586,257.87678011238745
13,593,252.8133124276534,258.0364353841787
13,594,252.94687218308357,258.3424661796733
13,595,253.07511070557746,258.71017862663234
13,596,253.15383623123378,259.02096293107905
13,597,253.16903729067116,259.1937584310358
13,598,253.12398440786728,259.16988485201205
13,599,253.0322548716525,258.97144636077894
13,600,252.91727062678405,258.6765689960242
13,601,252.78899094847802,258.3751402474557
13,602,252.6421263061455,258.1451354329007
13,603,252.4629129950331,258.03675248531624
13,604,252.26553998535863,258.02899564103484
13,605,252.07250783422595,258.0680412387583
13,606,251.9307382559491,258.10818986105096
13,607,251.8728163370688,258.097467923861
13,608,251.92010519779734,258.0114249271112
13,609,252.05223063150092,257.87120661844847
13,610,252.23016469042815,257.7210743801038
13,611,252.4014685961493,257.59757609791546
13,612,252.52676465281945,257.5224878362835
13,613,252.5839770064134,257.4942026286772
13,614,252.5745828306488,257.5010277609065
13,615,252.51115012520555,257.50430386027153
13,616,252.40203341492577,257.4702394180813
13,617,252.26053007410678,257.3966948602987
13,618,252.08759641657525,257.28756136592256
13,619,251.885379877083,257.13054906261357
13,620,251.6703476621134,256.9435801741457
13,621,251.47119504456376,256.75815245428834
13,622,251.3079483013439,256.59557295858036
13,623,251.20657863930484,256.49118498172373
13,624,251.16355611209474,256.48195916619517
13,625,251.15394573622626,256.5741257522285
13,626,251.17052445664106,256.7778752508228
13,627,251.2238693269053,257.1002552421762
13,628,251.339978586871,257.54641990605035
13,629,251.55849279524614,258.09921729396734
13,630,251.89634756608618,258.71322510336114
13,631,252.31237803081981,259.2935606242759
13,632,252.73365010923897,259.72287495264555
13,633,253.06358647346127,259.8991003388409
13,634,253.24189099357164,259.8109957631784
13,635,253.24470516047577,259.5300159194209
13,636,253.08713051394432,259.15265870181815
13,637,252.8098657599532,258.79018425713866
13,638,252.47965728723827,258.50628015319063
13,639,252.13161246155337,258.28418732032594
13,640,251.80780318934927,258.08456470985925
13,641,251.56698676279348,257.88820908619243
13,642,251.46741342547665,257.70579792292506
13,643,251.53278078876022,257.5780450823712
13,644,251.75657788299716,257.5654106526671
13,645,252.09551512534912,257.68277359350793
13,646,252.47916839996614,257.91247847673685
13,647,252.81626048779822,258.19422018835064
13,648,253.01844769021142,258.4507012180282
13,649,253.06885783495565,258.6255474419098
13,650,252.99812775206178,258.6974752065121
13,651,252.85595140729095,258.6873850148792
13,652,252.72570058750136,258.6573881946103
13,653,252.69894762446944,258.6629479050293
13,654,252.7761794004235,258.7136608920104
13,655,252.9480939050232,258.8543300580008
13,656,253.14645007445915,259.05516851436124
13,657,253.2929696594018,259.27219476087856
13,658,253.34560832912683,259.4961730836672
13,659,253.3248092790019,259.7397930101138
13,660,253.20006683807026,259.8913216227337
13,661,253.0454276735502,259.95182880710894
13,662,252.9117597312287,259.89509912719257
13,663,252.80697014315888,259.6912679663343
13,664,252.7566988970399,259.3514597492315
13,665,252.8401327878393,259.0435163643151
13,666,253.0194732267274,258.83958664028677
13,667,253.2588433790961,258.8218521042595
13,668,253.53867022262466,259.0498838365363
13,669,253.8087309277443,259.51522304301477
13,670,253.9753114457761,260.08070911387193
13,671,254.02073844703602,260.62120422079244
13,672,253.9559565770657,261.02209717787105
13,673,253.79599269692474,261.2153312583945
13,674,253.57101053352926,261.20392660562925
13,675,253.360915502571,261.02404796587365
13,676,253.25201524323512,260.77181631325834
13,677,253.28328678311,260.53175820268393
13,678,253.4318638462317,260.3056354427408
13,679,253.60651871441308,260.07238731331194
13,680,253.74012735244128,259.86672036072434
13,681,253.75885566781065,259.67522424827007
13,682,253.65235674883104,259.54668320303534
13,683,253.50929150162642,259.6070343936925
13,684,253.5062852018189,259.88304416363377
13,685,253.72035596687692,260.3422723968679
13,686,254.14754972693711,260.93876012126566
13,687,254.67325334836437,261.4808941538217
13,688,255.1354926547391,261.74121839852273
13,689,255.37862288245958,261.64349739048623
13,690,255.31516854927256,261.1814121312357
13,691,254.96189667737795,260.3748682260051
13,692,254.47743038671067,259.3867176454721
13,693,254.00041456877685,258.40054145077545
13,694,253.5758603199655,257.5608666453905
13,695,253.2448235479469,256.96197244122175
13,696,253.00528745523567,256.66763524369424
13,697,252.76510454735708,256.613295732708
13,698,252.48556794072448,256.7312518202184
13,699,252.2315078517234,256.89062220406004
13,700,252.03518971408937,256.98428465297377
13,701,251.9428314654161,256.9916683956287
13,702,252.00089234526774,256.9751905385981
13,703,252.1982649538795,256.966428197273
13,704,252.44832723959897,257.02458330796424
13,705,252.68426250525744,257.1599454550453
13,706,252.8254339384812,257.2913878050979
13,707,252.85578419876086,257.34672466681354
13,708,252.83676552738822,257.2992401604316
13,709,252.88966977501883,257.19141882974617
13,710,253.09978324403528,257.0780135593682
13,711,253.49626112940012,256.9463221162396
13,712,254.0031934577409,256.7341122857503
13,713,254.4847014999783,256.46507077554753
13,714,254.78574103892672,256.23153490074696
13,715,254.835840889513,256.10926339272396
13,718,254.60903172699693,256.1917618773769
13,719,254.20846987221097,256.57131591501826
13,720,253.7412908816322,257.1547345102859
13,721,253.32887274410302,257.6797188264745
13,722,253.04411833300153,258.0062369009787
13,723,252.9836860101987,258.17317383884074
13,724,253.16254130140186,258.2984900207689
13,725,253.56601760979606,258.50209613138395
13,726,254.0532895092562,258.86198574697903
13,727,254.46369262095772,259.3461806363934
13,728,254.65016116613867,259.8405756274975
13,729,254.5519912452775,260.2522360078405
13,730,254.15875955932603,260.51804683517383
13,731,253.59503864722146,260.67530549259845
13,732,253.03376354776864,260.8058681458243
13,733,252.60705033208762,260.91771280660083
13,734,252.32912842432012,260.86383713358856
13,735,252.1652328895968,260.5651405596922
13,736,252.07360082443398,260.00933720981175
13,737,252.00253839418383,259.19054465473
13,738,251.9321611293639,258.19235345405787
13,739,251.92144110698598,257.25031399090915
13,740,252.0858485715772,256.60378459608694
13,741,252.48714564254462,256.3733025692057
13,742,253.08074369042635,256.5109032654224
13,743,253.83113541518594,256.9044292827879
13,744,254.6113984948643,257.38690056757775
13,745,255.24990114287144,257.70940465327095
13,746,255.59391609192164,257.6495654661233
13,747,255.67054125125787,257.2229487429762
13,748,255.50657974527192,256.55009406560805
13,749,255.19027131434842,255.74597177569282
13,750,254.83220584773207,255.0150282164712
13,751,254.59193185058712,254.58602524887417
13,752,254.51177876387692,254.55230107912453
13,753,254.47735503193758,254.83092287465553
13,754,254.43746415285,255.35769293932748
13,755,254.3377428861855,255.974980336611
13,756,254.0829570170066,256.459837398158
13,757,253.62453098522258,256.68262927788845
13,758,253.1213972225525,256.68008789640504
13,759,252.65937659341608,256.49594326044513
13,760,252.37307004188804,256.3601157484901
13,761,252.29819209882828,256.43804527551345
13,762,252.40697785163974,256.79269239259213
13,763,252.58097030042254,257.39809365912214
13,764,252.6497985944629,258.0488209204172
13,765,252.3613395686618,258.3590223906516
13,766,251.6809053452563,258.24843269117815
13,767,250.7246265282397,257.7416835858338
13,768,249.5947766391832,256.9014497714917
13,769,248.5779617564814,256.08876231841975
13,770,247.90843116598435,255.50645033653598
13,771,247.72487060232623,255.2384983433069
13,772,247.99968333316536,255.32872375615355
13,773,248.7302495933908,255.7774320158027
13,774,249.70184434335923,256.3697640213213
13,775,250.89317508405244,257.2683785373459
13,776,252.1695845128814,258.4065600357236
13,777,253.33764224335195,259.55252956716475
13,778,254.16782360744435,260.4794682175565
13,779,254.622591652963,261.10327214681877
13,780,254.61316616130858,261.2369279892405
13,781,254.19846207940293,260.8668303567481
13,782,253.5810096713713,260.15589867801395
13,783,253.0827530056991,259.41403614686885
13,784,252.8433367380288,258.82821192592894
13,785,252.89856093995866,258.44493374384354
13,786,253.15853270718392,258.2659829302406
13,787,253.52130369688595,258.308968964188
13,788,253.78541334929054,258.41826602870947
13,789,253.8705912181969,258.5202065893927
13,790,253.79275292134372,258.6501458476707
13,791,253.64749989250436,258.85505304937703
13,792,253.50058768131007,259.1101470825229
13,793,253.39650258677756,259.3967492362407
13,794,253.32584735362715,259.6430440674477
13,795,253.1918257613493,259.7389469790364
13,796,252.9434718886789,259.62495231053197
13,797,252.59551311044055,259.30502956328684
13,798,252.2353838925798,258.84667569532036
13,799,251.97753286696988,258.3704615145682
13,800,251.9887227447166,257.9998762337974
13,801,252.3313070947854,257.84342841444595
13,802,252.93729606064022,257.984056519059
13,803,253.62746869647336,258.4346960313885
13,804,254.18100062563894,259.12196503784514
13,805,254.39686849536957,259.93338625086176
13,806,254.17617664530974,260.679091157092
13,807,253.57528176246396,261.1989632702274
13,808,252.80556597301174,261.4466695623
13,809,252.09533548977038,261.38333200719063
13,810,251.57886638776046,260.98736407570135
13,811,251.2825843510892,260.3494605521581
13,812,251.18272923531273,259.55956029052174
13,813,251.196307803681,258.7096714334268
13,814,251.24630535101934,257.97193273373165
13,815,251.32097850060248,257.54931137109213
13,816,251.45346782245088,257.5110135992339
13,817,251.5612445813929,257.76646192870163
13,818,251.53987488316014,258.1208389300565
13,819,251.4042361747775,258.43911271200653
13,820,251.16559908791598,258.5200277313924
13,821,250.8812479271853,258.32169057503984
13,822,250.71808106420013,257.94076801543474
13,823,250.7704713975824,257.5417140888951
13,824,250.96061336553618,257.14096955173477
13,825,251.29423864250552,256.9693773866868
13,826,251.71152894464916,257.1028836008249
13,827,252.08976391911241,257.5117128737557
13,828,252.43222008112204,258.1090017213527
13,829,252.77564012230602,258.8489654532767
13,830,252.99299968833947,259.4266097568058
13,831,252.98481214275785,259.652017193788
13,832,252.78216899124448,259.53886716458925
13,833,252.43134272541408,259.12457291929394
13,834,252.02965735545155,258.49078123926427
13,835,251.74903186641174,257.8982952919752
13,836,251.68712461430601,257.49295341281663
13,837,251.82535376067477,257.27962526976427
13,838,252.06662074539176,257.27037114306694
13,839,252.27026942479824,257.4444259026561
13,840,252.3145143695346,257.6275928775062
13,841,252.1969290268603,257.67904453325224
13,842,251.97641496904174,257.41233156982946
13,843,251.75996211084754,256.66091406852473
13,844,251.74538796294433,255.4404435634581
13,845,252.1285832694454,254.05221554951677
13,846,253.01285282986595,252.9617087423128
13,847,254.37378903027303,252.66655892034905
13,848,256.03785777420586,253.47106599676817
13,849,257.6238875244733,255.2505813457331
13,850,258.68704662081956,257.4391756290995
13,851,258.90308734792393,259.3234865518582
13,852,258.1940975698668,260.4062743855708
13,853,256.76260816194474,260.546759400026
13,854,255.049978592632,260.00021952303143
13,855,253.5236321380533,259.25435403874275
13,856,252.4955629345522,258.78356682752434
13,857,252.04287512591924,258.7330404140981
13,858,251.99279152820571,258.9646757391405
13,859,252.06209965334784,259.183778700185
13,860,252.03775604268196,259.17886276957586
13,861,251.83121936721042,258.8740193503428
13,862,251.47669447254282,258.41434389864366
13,863,251.1308608208702,258.0393938641135
13,864,250.89491803874733,257.89698761355766
13,865,250.80025562757038,257.9926405722487
13,866,250.82181290329885,258.21107243409165
13,867,250.91154485199374,258.3945772070458
13,868,251.03402649607105,258.4709356287276
13,869,251.18714934057738,258.47883205008964
13,870,251.4274678320528,258.54196204848756
13,871,251.79795924165188,258.7650832409462
13,872,252.2513913115614,259.1462596545896
13,873,252.63431477457638,259.530796669628
13,874,252.87208290414307,259.801708956901
13,875,252.87691428587627,259.87344190692187
13,876,252.64176230139637,259.73877698313805
13,877,252.29290330527112,259.52132731624545
13,878,252.03382228058217,259.45865424684774
13,879,251.96873764126684,259.6800832292768
13,880,252.1028886092414,260.1296046505403
13,881,252.3470790893138,260.6852824079021
13,882,252.53822212802717,261.14581822238773
13,883,252.50645533916372,261.2367297533236
13,884,252.1532007472879,260.73267439445374
13,885,251.58944133056303,259.6077408003514
13,886,251.08718092127316,257.94265495507307
13,887,250.94801077874624,255.88189214885094
13,888,251.46314720871555,253.7562086535791
13,889,252.8561804693047,252.1188501583573
13,890,255.00278617197324,251.45055826157315
13,891,257.47595936188236,252.00122044112908
13,892,259.79850597410075,253.8573975248452
13,893,261.4147390048558,256.69638061085345
13,894,261.7611398004138,259.6725750863836
13,895,260.5827817661878,261.9235816107239
13,896,258.0592532267302,262.9043879467456
13,897,254.64815915970541,262.35211306674245
13,898,251.11240081238492,260.6442814718483
13,899,248.2341328943842,258.74022788514094
13,900,246.80725434125475,257.5663826256643
13,901,246.75253166449113,257.51206664231205
13,903,247.66228108212505,258.5325791346453
13,909,249.44065603575802,260.55488111806056
13,910,251.39608899351637,262.48663514643766
13,913,252.9357099805188,263.7467603757392
13,914,254.02458190795798,264.11958529718044
13,915,254.70439827993354,263.75919864656544
13,916,254.56886254820557,262.5283109691421
13,917,253.92803370956668,261.0696194097149
13,918,252.9841457269955,259.6853913270734
13,919,251.99348289978462,258.630520809134
13,920,251.23005592612435,258.0546221712142
13,921,250.86249630084603,257.98933889415457
13,922,250.87132095717794,258.3282734676745
13,923,251.08464644353353,258.76422440207057
13,924,251.36107424806238,259.0921873448691
13,925,251.54503463275938,259.1148900422741
13,926,251.5695031348235,258.71324848233
13,927,251.57746022221056,257.9243686018331
13,928,251.83376583427244,256.9583593609035
13,929,252.53593833197817,256.0105449305514
13,930,253.8205758837375,255.33347854692124
13,931,255.59807663762385,255.15408126539242
13,932,257.548384849688,255.6110853389728
13,933,259.16263148298594,256.52021615284747
13,934,259.94622456712284,257.55061798111035
13,935,259.55730571170653,258.2893663615443
13,936,257.9720899759836,258.4051116255361
13,937,255.4964820359436,257.7603038880386
13,938,252.68829203261672,256.6570048481129
13,939,250.17515674289933,255.57892551647348
13,940,248.4690626969886,254.95008619880835
13,941,247.83137813752973,255.0473384074698
13,942,248.16733902157165,255.8197110611066
13,943,249.13982798743922,256.9331974946298
13,944,250.38786873239036,258.0019234968584
13,945,251.55405816391217,258.80304067996957
13,946,252.35087425140534,259.1526393451613
13,947,252.7136384668106,259.142120412539
13,948,252.7718228241464,258.95742409498916
13,949,252.61646551227378,258.7500872645706
13,950,252.36713796583888,258.5845295746311
13,951,252.1760674713202,258.5466263858468
13,952,252.1214030870284,258.61732904822577
13,953,252.15623656992702,258.78778306135166
13,954,252.23419796141337,259.03361176737485
13,955,252.33551379265774,259.3348895601334
13,956,252.44168444721197,259.67073652557394
13,957,252.49704599143706,260.00151985672943
13,958,252.50019405411066,260.22018238015085
13,959,252.4953397707029,260.2511555079486
13,960,252.46800516609343,259.98584919171117
13,961,252.38809937958894,259.36297865531515
13,962,252.26442399576635,258.4157900380342
13,963,252.10675365215315,257.3105653362363
13,964,251.91105390852468,256.27478550416527
13,965,251.71252288506886,255.56613703915008
13,966,251.52886933755389,255.29173128923588
13,967,251.37473629755053,255.37477568373262
13,968,251.35100205397003,255.52750953427727
13,969,251.61674719487692,255.44061018377238
13,970,252.3315133949708,254.97153289037934
13,971,253.60796460508854,254.290161685332
13,972,255.33391618013437,253.69773560525303
13,973,256.9885869508694,253.497431226245
13,974,258.22997511295716,253.8923000855628
13,975,258.04220125696963,255.20767095198602
13,976,257.0288977303941,256.5606522768932
13,983,255.2898032993086,257.68297980235855
13,984,253.5492415554229,258.53861419954103
13,985,252.02658087039882,259.09145218806873
13,986,251.5121696317029,258.9323248398904
13,987,251.1470703207736,258.7486197601728
13,988,250.92331700638968,258.6223066700905
13,991,250.47246686022294,258.27912530262324
13,992,249.8670992515571,257.70218914659426
13,993,249.31897618375845,257.12026561587123
13,994,249.1382208473293,256.6858857436698
13,995,249.44588832687376,256.4588833324965
13,996,250.27123194955868,256.58358395341014
13,997,251.33972756349868,256.95080618252075
13,998,252.38131862212822,257.27801894961846
13,999,252.9738015906862,257.31200291394293
13,1001,252.9573972319326,256.9719997992069
13,1002,252.4940349373583,256.5774549272012
13,1003,251.8783835892059,256.41158716790534
13,1004,251.3024726853519,256.67999133665285
13,1005,251.01096530558408,257.40217506396675
13,1006,250.9960379741648,258.38628628729
13,1007,251.0446697432846,259.17314523098986
13,1008,250.96026379449495,259.4368461820071
13,1009,250.67870396831773,259.09534736451246
13,1010,250.2790752942289,258.2977852130172
13,1011,249.92461523112615,257.318180522194
13,1012,249.8342663152082,256.460357548808
13,1013,250.18880266378653,256.00301464288043
13,1014,250.95643735633809,256.00831203601126
13,1015,252.00870088611103,256.44673945932317
13,1016,253.12251592434612,257.2261892194921
13,1017,253.9965570941463,258.16888030931614
13,1018,254.34633045780066,259.00206799007617
13,1019,254.08381372352284,259.53460211663037
13,1020,253.28987652050068,259.6249347738154
13,1021,252.17833694959916,259.2524185789057
13,1022,251.04765767150053,258.5809779040355
13,1023,250.207815733003,257.9262067192972
13,1024,249.8732677251794,257.5414952132006
13,1025,250.02281881598503,257.57569972262985
13,1026,250.52223449064775,258.02274582660993
13,1027,251.20020444072009,258.71768317425136
13,1028,251.83317549861258,259.3571102354514
13,1029,252.25059138288256,259.7553169561399
13,1030,252.40322370258684,259.802226288949
13,1031,252.3329823834183,259.54224487943964
13,1032,252.08388949619166,259.05413666983566
13,1033,251.76975928754547,258.54107337739896
13,1034,251.46857576292948,258.10366309462177
13,1035,251.23669486870406,257.7989877020229
13,1036,251.0554077286895,257.58475639909784
13,1037,250.94131354355204,257.4761878637967
13,1038,250.86059147457183,257.4038374603378
13,1039,250.79612747408234,257.3516403968849
13,1040,250.78870650574993,257.3659651311991
13,1041,250.92845996431117,257.5105667816098
13,1042,251.18640946604177,257.71218114820033
13,1043,251.53611496727146,257.9287017978975
13,1044,251.93730444751705,258.1328438907501
13,1045,252.28774899710226,258.28303173658145
13,1046,252.47703314602236,258.32882764427774
13,1047,252.51002706148034,258.3567862633331
13,1048,252.41970492294288,258.42919953895944
13,1049,252.278288248458,258.5573072551653
13,1050,252.164024745282,258.70174993283734
13,1051,252.13374054346755,258.85915966522447
13,1052,252.22076893921212,259.0166677027249
13,1053,252.42520305717207,259.19321916516
13,1054,252.68545102392102,259.4055731134666
13,1055,252.97362231022157,259.68807607932047
13,1056,253.254415026232,260.0153104753472
13,1057,253.47444587675545,260.31736760045544
13,1058,253.6005934850333,260.5291127228001
13,1059,253.6463709365733,260.6410682500408
13,1060,253.60023330629193,260.6504353200404
13,1061,253.47793704240343,260.5959410811719
13,1062,253.32345412661113,260.5227417156156
13,1063,253.18982370367368,260.44361146104404
13,1064,253.10063707432067,260.3366135892921
13,1065,253.07333656913343,260.20144508737405
13,1066,253.11661548285363,260.0625098526359
13,1067,253.2127992642645,259.9625747494357
13,1068,253.33194355903032,259.96506247740155
13,1069,253.45800297108622,260.09244423256087
13,1070,253.56572471505586,260.33782209874187
13,1071,253.64695018850367,260.6532596082646
13,1072,253.70405864762327,260.97008997494936
13,1073,253.72867526201995,261.2179356310818
13,1074,253.73002302784045,261.4001967433167
13,1075,253.74544415393387,261.53186373342066
13,1076,253.7687808883724,261.62459397982093
13,1077,253.77786598447784,261.6920677030553
13,1078,253.76959926803337,261.726459115888
13,1079,253.72742710070867,261.70497223239937
13,1080,253.62607362149623,261.62544601610256
13,1081,253.48212816836747,261.5054584627512
13,1082,253.32691730830393,261.36312415006734
13,1083,253.18037114244277,261.22967289502947
13,1084,253.04887383554617,261.11089801467085
13,1085,252.93840071631584,260.98680267651054
13,1086,252.8508478654332,260.8449201283227
13,1087,252.77550760062556,260.70051022224567
13,1088,252.69543610776407,260.58707689691477
13,1089,252.6250128346025,260.54462356459084
13,1090,252.5790609859942,260.60666082240357
13,1091,252.55103208430037,260.7736905721864
13,1092,252.54780155882872,260.998771626105
13,1093,252.59434188393496,261.2185833625971
13,1094,252.6779435252124,261.3853182367559
13,1095,252.77705853829465,261.48840918310304
13,1096,252.88111840610395,261.5455005668404
13,1097,252.9794930184396,261.6017684497648
13,1098,253.05236297465405,261.6855868850714
13,1099,253.1016186749375,261.80890794086963
13,1100,253.13479365388702,261.9481937883181
13,1101,253.15634273542705,262.0747857765837
13,1102,253.16946662794174,262.16474702882607
13,1103,253.17860549448525,262.21741257935975
14,0,239.33724209663745,242.15064064827283
14,1,239.42637463291447,242.26591547020553
14,2,239.53330906043104,242.39285169119518
14,3,239.6469085091671,242.52706865890568
14,4,239.73266581634996,242.6236730995497
14,5,239.78223431989997,242.68346556760633
14,6,239.793337715995,242.71448854969228
14,7,239.77745459318558,242.72847492349726
14,8,239.74718356834512,242.71657273113638
14,9,239.7098989345516,242.68046778252747
14,10,239.66888023919972,242.6121312011722
14,11,239.6253534196518,242.5149087674574
14,12,239.5794855025918,242.40376722760166
14,13,239.53077787669724,242.30108417867598
14,14,239.47906412595685,242.20965108198962
14,15,239.4279583583587,242.13790006573836
14,16,239.38207251514197,242.08872543044114
14,17,239.34426376927001,242.05994271423728
14,18,239.31470853434638,242.0450641803085
14,19,239.29804019315472,242.04863135049771
14,20,239.2977823573289,242.0736531227043
14,21,239.3128185198997,242.11828703511236
14,22,239.34066802569146,242.17735786700615
14,23,239.37958582728876,242.24679992019523
14,24,239.42252434545634,242.32071695565546
14,25,239.4569420236276,242.38372423626691
14,26,239.48009436113455,242.43054221750484
14,27,239.49399475352337,242.46336204449017
14,28,239.4994462082139,242.48472373467573
14,29,239.49758460450994,242.49602908481293
14,30,239.49438840476316,242.50920569840486
14,31,239.49268057353675,242.5253356626978
14,32,239.4961510222724,242.54059308712783
14,33,239.50546075989314,242.5537379423731
14,34,239.52069736825004,242.5641781212271
14,35,239.53943451340297,242.564370502929
14,36,239.5556304405006,242.5535371465678
14,37,239.55803729772794,242.5384238198523
14,38,239.54529580913726,242.51828834773838
14,39,239.520354740306,242.49364810618857
14,40,239.4884434226309,242.47450159617836
14,41,239.45506797277716,242.46285680499923
14,42,239.42667737825332,242.4512572072992
14,43,239.40657724408555,242.44083950652174
14,44,239.402661306544,242.43688998526898
14,45,239.41630725634886,242.43799510825644
14,46,239.44695239168593,242.4496226647321
14,47,239.49315318131198,242.47788025747525
14,48,239.55013633740137,242.5219278707579
14,49,239.59993445141788,242.57039048030066
14,50,239.63374838982895,242.6127926664256
14,51,239.6490915916881,242.63981847476373
14,52,239.64745433897065,242.64878413603088
14,53,239.62842548726508,242.63978590312774
14,54,239.5987359412083,242.62085982435602
14,55,239.5638681022305,242.60111694081468
14,56,239.52685894089555,242.58830822113535
14,57,239.48847664055256,242.58577148492668
14,58,239.45000995705198,242.59903486346434
14,59,239.41240792149253,242.62478293203247
14,60,239.37781081960225,242.66352338182875
14,61,239.34906906930001,242.7139612945539
14,62,239.33060614752907,242.77641509204565
14,63,239.32915630787014,242.84159964969368
14,64,239.3486428916607,242.90941371439294
14,65,239.38538749902781,242.97231180882056
14,66,239.4325966833157,243.0232498643183
14,67,239.48336029149857,243.0523116565118
14,68,239.53538415614645,243.05691366877187
14,69,239.5866697543181,243.03793887558476
14,70,239.63544987173069,243.0025567962848
14,71,239.6824702425182,242.95863739452807
14,72,239.72490840309115,242.91140723678635
14,73,239.75185473509725,242.87132873371976
14,74,239.7587709377445,242.84133877683476
14,75,239.75057671262522,242.8194353510738
14,76,239.7327719230343,242.80234083774232
14,77,239.712190922474,242.79595063486988
14,78,239.69764492746853,242.80010278431033
14,79,239.69318025009082,242.81326784973538
14,80,239.69518418032322,242.83660547139712
14,81,239.69748695470955,242.8726149611399
14,82,239.69351834358218,242.9148411346083
14,83,239.68046845414713,242.95627556179107
14,84,239.65630053013365,242.99402559147316
14,85,239.62332691887912,243.02311743682333
14,86,239.58388039782693,243.03800008826127
14,87,239.541895659999,243.0385298316467
14,88,239.50003385762454,243.02923038013074
14,89,239.46127404094022,243.0112002496327
14,90,239.42549204919283,242.984905826931
14,91,239.39439579596367,242.94813509207623
14,92,239.3749298149511,242.90218569459762
14,93,239.37004340911557,242.84921685411956
14,94,239.37619187924977,242.79278907842001
14,95,239.39021418426404,242.73818359639432
14,96,239.41090876637764,242.69709641257546
14,97,239.42908085177166,242.67341775320037
14,98,239.44123970247375,242.66359989819267
14,99,239.45479258874656,242.67215943827605
14,100,239.47585977115315,242.6997242047157
14,101,239.5034288188612,242.74053550930762
14,102,239.53763801649234,242.79408935771718
14,103,239.57417240382028,242.85880957867107
14,104,239.6035215944231,242.91696241875567
14,105,239.61914618509817,242.95978872931994
14,106,239.62285498585038,242.986199148623
14,107,239.61952122275363,242.99379533543473
14,108,239.61459782265158,242.98298056477975
14,109,239.61355385176444,242.96505870334818
14,110,239.6191434671623,242.94116704132676
14,111,239.62906525840194,242.90993522337317
14,112,239.63741988146205,242.8720899543079
14,113,239.63880751862817,242.83278389404603
14,114,239.63146872785256,242.79490272064476
14,115,239.62120804565785,242.77310883938966
14,116,239.61924781877096,242.7777123557359
14,117,239.63212246625778,242.80965977708448
14,118,239.66399483216102,242.858999673188
14,119,239.71275869343626,242.91346243072468
14,120,239.76773379378938,242.9518736746122
14,121,239.81155610512357,242.9624801517825
14,122,239.8386800738703,242.93984086180225
14,123,239.85166791774466,242.88867593470007
14,124,239.85512237985427,242.8202459090188
14,125,239.85298454761698,242.74947288482147
14,126,239.85002325001938,242.6780278276887
14,127,239.84756437646337,242.60871581974396
14,128,239.8418826528573,242.5499901551463
14,129,239.82911038897052,242.50772801704022
14,130,239.81301891664094,242.49002295578532
14,131,239.79483502819468,242.50170342862958
14,132,239.7744733431602,242.5387914859797
14,133,239.75255095356974,242.58998886686504
14,134,239.73436873400223,242.64403754444143
14,135,239.72054177349284,242.68698526033324
14,136,239.71718740788572,242.720260843311
14,137,239.72596912827552,242.75451582930134
14,138,239.74403295239028,242.79294304702256
14,139,239.7648082753306,242.83369231890975
14,140,239.77779528209382,242.8673670088934
14,141,239.77120317232783,242.8703002581334
14,142,239.74320072300668,242.8295985524066
14,143,239.69790593392494,242.7485676277041
14,144,239.6378342405939,242.63644550044523
14,145,239.5736016053461,242.51224798554236
14,146,239.5215442626694,242.41014808433397
14,147,239.4860091038392,242.34667242097973
14,148,239.46550079117065,242.3246282768603
14,149,239.46014451841668,242.34089485478032
14,150,239.4657968851927,242.38502124520676
14,151,239.46932551404586,242.43262322883575
14,152,239.4629437742455,242.4544346253931
14,153,239.44672460623622,242.44379645010162
14,154,239.42251860558093,242.40053045595727
14,155,239.39317787689555,242.32979319048295
14,156,239.36623344837767,242.2502347752328
14,157,239.35311716741904,242.20305618273454
14,158,239.35697640350307,242.19371131628733
14,159,239.37528157329356,242.21926087132127
14,160,239.40411183702764,242.27164340931614
14,161,239.43773686092138,242.3300657820077
14,162,239.46522614417825,242.36439370984755
14,163,239.4836546074898,242.3675563021539
14,164,239.49801565714003,242.34185332857996
14,165,239.51174920482558,242.29771171954283
14,166,239.52754604177665,242.25357294530215
14,167,239.55127067565914,242.21997170846555
14,168,239.5813607364414,242.2021028018128
14,169,239.60881708449443,242.20039201116975
14,170,239.6290601381559,242.21061659424052
14,171,239.64013645919172,242.22632821438657
14,172,239.64011417335772,242.24818824044155
14,173,239.6306438406867,242.2747388890028
14,174,239.618116712772,242.3036623438916
14,175,239.6065374930364,242.33431215018948
14,176,239.59562684488412,242.36896188045205
14,177,239.58315173517872,242.4015134632632
14,178,239.570986352391,242.43355650415594
14,179,239.55619503359588,242.46837460886007
14,180,239.53682501918001,242.50491648532312
14,181,239.5132426948785,242.53068572419028
14,182,239.48807992576792,242.54895386792543
14,183,239.45745607585818,242.55418493657197
14,184,239.42554859503358,242.5470693835199
14,185,239.39359652741052,242.52940244644083
14,186,239.36643892408557,242.51267537344629
14,187,239.3440619531095,242.49115079888708
14,188,239.324798002926,242.4557829410414
14,189,239.30229182944925,242.39480461939468
14,190,239.27939989117863,242.30671280638114
14,191,239.25373587492177,242.19928816771994
14,192,239.22800174477499,242.09383282638615
14,193,239.21140553326128,242.01667428113197
14,194,239.21202010648753,241.9827212721134
14,195,239.22607153750977,241.99352901471195
14,196,239.2538631817079,242.03504252222655
14,197,239.2928014113652,242.08597926057905
14,198,239.33618713028258,242.13223413661655
14,199,239.37936550807373,242.16915594375388
14,200,239.42788322003543,242.20553695632594
14,201,239.48119745488398,242.2530591712429
14,202,239.5355908100458,242.31887664586725
14,203,239.59020979474658,242.40208678014983
14,204,239.64258603144523,242.49834074009783
14,205,239.67911468016817,242.58872985297842
14,206,239.6941611890583,242.65630449524912
14,207,239.68972748815125,242.6936247219774
14,208,239.66868200056626,242.69791789723698
14,209,239.63494538376548,242.67154165843726
14,210,239.59937614005065,242.62492859690343
14,211,239.56945627268678,242.57637074818908
14,212,239.5478492991261,242.5419002936711
14,213,239.5321458962231,242.52908630121766
14,214,239.5193526544,242.53789385472209
14,215,239.50704334670837,242.5648947513439
14,216,239.49508943974806,242.596006336278
14,217,239.4877845912406,242.62036793470344
14,218,239.49000637652733,242.63464473897082
14,219,239.50382494765933,242.63963016174586
14,220,239.5258348572359,242.6388576367341
14,221,239.54760731236425,242.63614206979454
14,222,239.55927337804306,242.62981942043328
14,223,239.55593995108268,242.62065937326926
14,224,239.5405409838693,242.60184859058586
14,225,239.51914024222808,242.57220011461447
14,226,239.49894394206964,242.5367983893621
14,227,239.48361613817463,242.49819965349272
14,228,239.4753475166873,242.45231795642448
14,229,239.46665977864143,242.41182228218108
14,230,239.45491878991743,242.3746729744461
14,231,239.43917864461943,242.33422551698055
14,232,239.4207196193519,242.29078728175844
14,233,239.39922501954092,242.25050761107104
14,234,239.3808266518642,242.21114705580732
14,235,239.36525650991692,242.1797807534032
14,236,239.3516010601156,242.16853774993768
14,237,239.33944663814947,242.17692624591513
14,238,239.32695276009468,242.20288371492987
14,239,239.31169081169617,242.24486568280471
14,240,239.29627997336044,242.29591959005904
14,241,239.28453296065936,242.3381333464119
14,242,239.2765643452465,242.3712459977358
14,243,239.2750509171814,242.3947784191312
14,244,239.28236132145082,242.4084559328002
14,245,239.29548443486826,242.414657703917
14,246,239.30971951930155,242.42703974183763
14,247,239.32757368641919,242.45160045174927
14,248,239.3535885563117,242.4904168026867
14,249,239.38747248456568,242.5425078455984
14,250,239.4320061388267,242.6129890075281
14,251,239.48946941833356,242.6976001778039
14,252,239.5562495655125,242.786674226122
14,253,239.62241633192718,242.8714603764729
14,254,239.6833985746671,242.94297935196366
14,255,239.73448157668815,242.98767097766057
14,256,239.77388405609824,243.0023075687349
14,257,239.80230594462424,242.98879661519877
14,258,239.83657623130733,242.94400338095576
14,259,239.9040096148993,242.8138942231101
14,260,240.0287158490356,242.49192648745324
14,261,240.28415809552112,241.8664074901852
14,262,240.78067884142814,240.90136909088577
14,263,241.62196252900372,239.75240397784833
14,264,242.83362231393752,238.78781844417597
14,265,244.37049792709604,238.45092912970426
14,266,246.0018369181227,239.08907140304785
14,267,247.37386609788138,240.81048943570323
14,268,248.15027691810883,243.40048137122184
14,269,248.11984401664802,246.26087574586396
14,270,247.30155598011027,248.7807776276569
14,271,245.956070116099,250.56747052554056
14,272,244.56240441849803,251.55725040744036
14,273,243.44672674662482,251.6727047899833
14,274,243.1068696980816,251.26995820141215
14,275,243.24874941926373,250.6902200477317
14,277,243.45702074445938,249.66957126911012
14,278,243.34275573007346,248.0968617924336
14,279,242.96958607179252,246.34986617007965
14,286,242.01833667867837,244.40144498562086
14,288,240.94343626127667,242.26145399160953
14,289,240.22596849883138,240.65326436120472
14,290,240.09132734268184,239.88975348680543
14,291,240.2890675259075,239.78719573592824
14,292,240.75114167549447,240.34677678356985
14,293,241.2612463944508,241.41148371840782
14,294,241.58560517816147,242.5061563363417
14,295,241.60414913626593,243.2407123566236
14,296,241.42087384981036,243.4869513758856
14,297,241.07828335037772,243.14308083527638
14,298,240.64966345134587,242.3487930453417
14,299,240.21918753680623,241.38354590738112
14,300,239.8713300036534,240.55343983124322
14,301,239.62682020546242,240.01358569515298
14,302,239.53649984400232,239.88227859269452
14,303,239.60633889485177,240.14220186460685
14,304,239.80842019734558,240.70060469206842
14,305,240.0760967412202,241.41812525680103
14,306,240.3340256619464,242.20493771999628
14,307,240.51929950621232,242.96804152825513
14,308,240.5976460757879,243.62343202761045
14,309,240.57153938509182,244.07449337129043
14,310,240.4660008296041,244.24302730099168
14,311,240.30017581713383,244.07122444433844
14,312,240.0728665118874,243.59015447194366
14,313,239.8063253528024,242.9280969049507
14,314,239.53000732996279,242.26647434247684
14,315,239.27548704191324,241.76034841710612
14,316,239.086564763823,241.52019264339677
14,317,239.0050881793419,241.56510311400754
14,318,239.02334285048633,241.7565192661069
14,319,239.1088481097095,241.95254376024408
14,320,239.22185533263797,242.10792224869158
14,321,239.3142552311774,242.22096039500576
14,322,239.3652178735444,242.29220572462611
14,323,239.38796883269842,242.38337961404972
14,324,239.39974801736807,242.54069051966
14,325,239.41761836312475,242.7413664293909
14,326,239.45459961172713,242.91277244408207
14,327,239.5120257696977,243.02843605502767
14,328,239.56926282009147,243.0877768882166
14,329,239.60467331812418,243.08601850362575
14,330,239.60666418680003,243.02119716464725
14,331,239.5795142902544,242.93875697450022
14,332,239.52214072156974,242.85136838647668
14,333,239.4329880966236,242.75878249549393
14,334,239.32512332789327,242.6599605313119
14,335,239.2142134369231,242.57769421396262
14,336,239.11675147788813,242.5292897089155
14,337,239.0516976220688,242.53322947790755
14,338,239.04579115493024,242.5822539418824
14,339,239.10802995119863,242.68945969516227
14,340,239.2291767654294,242.84175663508512
14,341,239.38266719104817,242.9967018855341
14,342,239.53287252839402,243.10927032673996
14,343,239.65304432202896,243.1674009136258
14,344,239.73554820012325,243.155816813767
14,345,239.78107853234974,243.05388108244563
14,346,239.79108580156299,242.87578992741015
14,347,239.77505605166945,242.6683972734109
14,348,239.7421716083566,242.4766434338729
14,349,239.69466279427576,242.32182595272047
14,350,239.6435211386812,242.2356908524775
14,351,239.6113306420068,242.23050633568897
14,352,239.62348744179542,242.2965157614089
14,353,239.69093545797685,242.41445385469345
14,354,239.80878828681247,242.57498277434178
14,355,239.95483901924285,242.77384713061736
14,356,240.1075357832098,242.9861653042225
14,357,240.23465667624177,243.18802987148266
14,358,240.31316395896678,243.3556762019738
14,359,240.34016498727885,243.46347750870666
14,360,240.3321561680945,243.48095940373776
14,361,240.29149596177893,243.41347972780602
14,362,240.23468277516685,243.26632689532323
14,363,240.18048695164686,243.0578771844923
14,364,240.13462886856044,242.81532276827653
14,365,240.09093242791346,242.57522333209096
14,366,240.05494084779355,242.3682280626997
14,367,240.02556909625847,242.2276550116753
14,368,240.0029472409338,242.17142508643687
14,369,239.9944501788819,242.20593163497907
14,370,240.00883998333433,242.3151653942669
14,371,240.05595659041037,242.46963681245424
14,372,240.15554821580065,242.62644249632223
14,373,240.32225031887003,242.72436374816195
14,374,240.5944278669366,242.72110250629365
14,375,241.0186984441873,242.58518757826096
14,376,241.62689429639198,242.28466233820478
14,377,242.4487113461904,241.92566581355152
14,378,243.49129268088072,241.61653917853832
14,379,244.65872720367554,241.36176553101643
14,380,245.8158222080654,241.22303306086945
14,381,246.79704317733433,241.22668073556693
14,382,247.49547872830726,241.0725838746771
14,383,247.909174191095,240.76504132045298
14,385,248.07591583454263,240.44501821854655
14,386,248.05256936960723,240.0977153657148
14,387,247.962265640302,239.74982016979223
14,388,247.84962589443177,239.54457179138723
14,389,247.69208813069037,239.42502009616766
14,392,247.43951104624145,239.26187748877976
14,393,247.19243887079784,239.06702711661944
14,394,247.03666650626224,238.91301116168017
14,396,246.92440239735646,238.84049634909513
14,397,246.8083784111159,238.70744956811345
14,398,246.7847359623359,238.45900182584052
14,399,246.79988040213908,238.08745468494294
14,400,246.79132840833836,237.5726844199216
14,401,246.87286370309448,237.11739202415166
14,402,247.12524787888,237.02508466918664
14,403,247.4603705389465,237.3929078283129
14,404,247.79732940095298,238.10795728316165
14,405,248.04306218483822,238.93221904568887
14,406,248.09244726788492,239.49387772425695
14,407,247.88833277809297,239.47860283927457
14,408,247.5267911251859,238.88631786429494
14,409,247.1303977445178,237.90844207412715
14,410,246.82922010041528,236.81000079104405
14,411,246.69974528108972,235.82563722429413
14,412,246.76783735144386,235.12856847826322
14,413,246.9925658722878,234.7049884447885
14,414,247.27121451609645,234.4828494783107
14,415,247.51399003820615,234.41157788623224
14,416,247.66703768945155,234.53414427289917
14,417,247.68340542052502,234.83738298473116
14,418,247.51829009844553,235.29153637748357
14,419,247.23221332724415,235.8238354755847
14,420,246.89154164666883,236.32054962516017
14,421,246.60947640411106,236.68465732263454
14,422,246.50115779249637,236.87941364916995
14,423,246.64042493559714,236.9092071456251
14,424,246.97982975054722,236.85985672424857
14,425,247.41753353719295,236.85342983542947
14,426,247.79531804653058,236.90554490985497
14,427,248.0184446208414,237.04653010654144
14,428,248.0633040356095,237.28163695560252
14,429,247.977868600654,237.53323892095088
14,430,247.84920957536363,237.70254291351347
14,431,247.7721840089277,237.73816508153854
14,432,247.763488342821,237.58601805158935
14,433,247.80810766098753,237.25185902439353
14,434,247.8638802037206,236.7959230102547
14,435,247.89582590970144,236.2985351743463
14,436,247.85753624374703,235.8579123537941
14,437,247.7493364322272,235.60743201796296
14,438,247.58144672649894,235.59150916923738
14,439,247.3918204438767,235.7860698699561
14,440,247.21872448595258,236.13965033259146
14,441,247.1166927414958,236.58530297228393
14,442,247.09832621710046,236.95452161668481
14,443,247.15802460147424,237.1659430401843
14,444,247.26261802607053,237.21553168142827
14,445,247.37451213315572,237.14199857204162
14,446,247.4391691003161,236.96054401256626
14,447,247.41891829517272,236.7415223009158
14,448,247.29799632779262,236.53438198952097
14,449,247.10842448435005,236.40743489550067
14,450,246.88480507742696,236.38169352730404
14,451,246.67502368119904,236.4891475091212
14,452,246.5112354427838,236.68830526825514
14,453,246.40023116275887,236.88497635619532
14,454,246.2949732217268,236.89708652079474
14,455,246.1518521440099,236.6056088796299
14,456,245.96302637695248,236.01564522356506
14,457,245.7711411252707,235.2929051615477
14,458,245.63582861952446,234.65521781970756
14,459,245.61361554690626,234.336642845076
14,460,245.7199657168886,234.43501364257025
14,461,245.8993316334479,234.8127855761089
14,462,246.06549961534606,235.22178496538186
14,463,246.17363701557184,235.44034024935928
14,464,246.22277312565262,235.35522411779638
14,465,246.2634028460779,235.01194713401782
14,466,246.376114346,234.6427572306292
14,467,246.62584214644724,234.47762870461938
14,468,246.99830610856708,234.64517245212426
14,469,247.41295114116815,235.08555204026288
14,470,247.7618824596098,235.63731536490445
14,471,247.97308412071771,236.09875571379476
14,472,248.02384886104497,236.3557566284509
14,473,247.9421048710554,236.38697462005373
14,474,247.8157966290345,236.27893640148244
14,475,247.74166110664115,236.1475888341667
14,476,247.7647672486946,236.04569456742627
14,477,247.8682827767319,235.92221876157564
14,478,248.01079198064045,235.71522087166232
14,479,248.15572173412403,235.42984642609903
14,480,248.2715173928354,235.1533365730596
14,481,248.35563029004575,235.0200157451614
14,482,248.43400620706868,235.14800243746635
14,483,248.51735864587812,235.49029799202816
14,484,248.60218608550412,235.89762095932443
14,485,248.69597057567543,236.1515438435071
14,486,248.79921551102325,236.08316606016677
14,487,248.90382869474834,235.6538241915094
14,488,249.05076842246964,235.0753168466994
14,489,249.24571501950572,234.56699759381868
14,490,249.4618081746063,234.32157269363185
14,491,249.67052057612554,234.4342492784425
14,492,249.85269224887398,234.8896079300433
14,493,249.95556499292414,235.53630036894555
14,494,249.95922984278755,236.23939266572134
14,495,249.8477005497552,236.83822142419285
14,496,249.60014307816706,237.1910719917804
14,497,249.22108096591495,237.1853644728327
14,498,248.77297726291704,236.80844096301212
14,499,248.3332251553692,236.1452068156263
14,500,248.00300985771992,235.40702923720755
14,501,247.88248493920554,234.87096973718786
14,502,248.02793318834807,234.77283008259005
14,503,248.37938033584663,235.10346067038506
14,504,248.83084244249562,235.72997632692517
14,505,249.25284575200328,236.38143402663292
14,506,249.52109149736322,236.71916616442792
14,507,249.5648558144996,236.60839943337214
14,508,249.41666615090986,236.2616854391246
14,509,249.11447381123614,235.85586598069997
14,510,248.6933241754642,235.6372942672594
14,511,248.16385762595579,235.89484144636438
14,512,247.4873263438639,236.59982738406714
14,513,246.61053420748635,237.48338871777824
14,514,245.53692621916562,238.3846688741701
14,515,244.33853461877575,239.1758476008032
14,516,243.16343017196337,239.71656883341382
14,517,242.16932076199163,240.05835321290795
14,518,241.4840724421785,240.36784137412062
14,519,241.1818030454909,240.79697138832978
14,520,241.21824561504638,241.3443324408302
14,521,241.46373591810186,241.97099308252595
14,522,241.79809534338307,242.6238284781518
14,523,242.08746454619592,243.14921506135863
14,524,242.20538440012206,243.35724281548346
14,525,242.1543310467756,243.26171164707586
14,526,241.99376967389387,242.94190037502102
14,527,241.75340518407842,242.44290997811993
14,528,241.49649350635846,241.86965054634456
14,529,241.32133989712415,241.3461908808634
14,530,241.2311106603306,240.8783836354645
14,531,241.18573676427292,240.43854655770318
14,532,241.17961426337394,240.05443750141265
14,533,241.20202185177146,239.75698247508885
14,534,241.20609966162039,239.5797929614359
14,535,241.18284517529693,239.52845783081492
14,536,241.15220686031384,239.5956510889913
14,537,241.1276376515529,239.71675057245804
14,538,241.11842218564317,239.83287582775998
14,539,241.13602017356487,239.87284941506272
14,540,241.16225565359565,239.83816600984753
14,541,241.18850757901112,239.7447752398704
14,542,241.20226647123988,239.66645902466706
14,543,241.1999989424018,239.62018372751442
14,544,241.19528227694056,239.59096001052342
14,545,241.22521302455877,239.5640022278199
14,546,241.28868631923388,239.5373140183541
14,547,241.3767941534387,239.43324285351196
14,548,241.4678378786174,239.2484333033366
14,549,241.53160767331207,239.03173322144465
14,550,241.5334478878915,238.78650073856437
14,551,241.47612411424922,238.52537500412782
14,552,241.36784356659288,238.31328849428303
14,553,241.21229565720554,238.16227783051514
14,554,241.01912145225543,238.06258681152096
14,555,240.81540941219873,238.05255330729364
14,556,240.61976637803548,238.13667748392862
14,557,240.46709628957453,238.29163074555163
14,558,240.40198059860745,238.49796952665287
14,559,240.45267183975415,238.7323080342046
14,560,240.61940947418464,238.94094583942817
14,561,240.86876377540474,239.08420328805295
14,562,241.12964805044948,239.13935262105204
14,563,241.33488889889202,239.10957235552735
14,564,241.44149237236866,239.0323061048161
14,565,241.42713247204114,238.93543439914868
14,566,241.31181995834748,238.84715287425996
14,567,241.16796712866443,238.80713842856045
14,568,241.04485822442678,238.83710838685357
14,569,240.970096145662,238.919341502514
14,570,240.9661858328658,239.04015836936776
14,571,241.03444603446545,239.18622550984537
14,572,241.13121144820354,239.32281582641468
14,573,241.23619593585258,239.4289572193382
14,574,241.3394555299414,239.49315165223592
14,575,241.43639972626224,239.55551471794462
14,576,241.52103775716577,239.65715482711616
14,577,241.5954473239477,239.8237723285047
14,578,241.67090491079108,240.0519458192016
14,579,241.7545369208265,240.35017471194038
14,580,241.8337160511332,240.67875217814384
14,581,241.90828316484573,241.0022150927002
14,582,242.00000570564538,241.29761921651385
14,583,242.08079678508258,241.54475073835178
14,584,242.1241681120536,241.71483945380427
14,585,242.11432557688968,241.77893699093835
14,586,242.03636972715674,241.67692605097915
14,587,241.8651783176835,241.38982475428654
14,588,241.6311913806427,240.97313161827714
14,589,241.3712242241591,240.49209504941672
14,590,241.1334742052357,240.03411521648954
14,591,240.95559710462953,239.73265557582556
14,592,240.87222222468552,239.67726536348292
14,593,240.88539890658342,239.87326070631204
14,594,240.97508363200103,240.26919596502336
14,595,241.10481851307802,240.7670920926602
14,596,241.2356232314925,241.2391140817723
14,597,241.33102348454398,241.57317301214493
14,598,241.3786406480118,241.68962742590992
14,599,241.3790019890472,241.60648924089904
14,600,241.33362485959734,241.3977654398377
14,601,241.24812848428755,241.13418568589734
14,602,241.1312819697065,240.87654253058946
14,603,240.98258829326107,240.6774612965543
14,604,240.82672024929235,240.5264381551279
14,605,240.69661060872812,240.37335001462986
14,606,240.62561542682616,240.18085468460208
14,607,240.62093336548918,239.91146010653102
14,608,240.68592287761885,239.5552389133071
14,609,240.7839460014734,239.1225268924889
14,610,240.87928805902249,238.66602819101124
14,611,240.94921299418948,238.24375461718606
14,612,240.99122394843926,237.92204619722554
14,613,240.98931711334052,237.71914131334367
14,614,240.9540853151825,237.63093184753322
14,615,240.88397821069117,237.60298606676622
14,616,240.75878984565443,237.56521272918823
14,617,240.56720626789064,237.46886549541972
14,618,240.32437531414496,237.28916455556453
14,619,240.04050135123015,237.01809556709392
14,620,239.75904130054522,236.71110210093104
14,621,239.51510133184388,236.43975912186227
14,622,239.34321286845199,236.25035221556504
14,623,239.26395452169947,236.19848410363034
14,624,239.2697626228696,236.31574886081458
14,625,239.31757407325557,236.5817605424666
14,626,239.41490664222684,236.99227115152556
14,627,239.56614405093035,237.54043595882527
14,628,239.7764130588814,238.19718736719778
14,629,240.0792146919126,238.9459603912282
14,630,240.4855387589947,239.73211723421352
14,631,240.93863425845933,240.45292734364608
14,632,241.36743335719126,240.98137906495015
14,633,241.68807453904844,241.24959940385662
14,634,241.83591816682187,241.24231383437058
14,635,241.80445156924026,241.03236136454194
14,636,241.62188661257662,240.70918262173245
14,637,241.32125129443554,240.39374623413215
14,638,240.96421632561947,240.09820075751372
14,639,240.59191967072007,239.79145084792916
14,640,240.2428592378761,239.4539100802697
14,641,239.9768409640948,239.09997406295523
14,642,239.8526890082829,238.7479128302523
14,643,239.91242621989707,238.52731641064662
14,644,240.17104680462683,238.56056726250955
14,645,240.5864661404514,238.86261366536684
14,646,241.06773558771152,239.37686932087757
14,647,241.51257545251715,240.0257574979992
14,648,241.8281842982309,240.6594456408351
14,649,241.97278001441904,241.14891356421435
14,650,241.94795093127172,241.41392415914672
14,651,241.79631273049003,241.46559764527115
14,652,241.61163963130195,241.3620394838032
14,653,241.46884228140766,241.19013536728315
14,654,241.38681859450048,241.0083564361732
14,655,241.39555054820477,240.91885776796167
14,656,241.4605823019486,240.92444084243232
14,657,241.51745520370594,240.97872451377677
14,658,241.52837852238736,241.04565014304575
14,659,241.50750093999997,241.14367252193813
14,660,241.4189482822125,241.1945357424168
14,661,241.3191647716652,241.2073746550646
14,662,241.238071656358,241.18903241469718
14,663,241.18305211316886,241.1249366467112
14,664,241.14454206876195,240.95128106655733
14,665,241.16433016032045,240.74364898019067
14,666,241.21723996652295,240.5170954587155
14,667,241.30993407948046,240.34297942969636
14,668,241.4490200112171,240.30679445824902
14,669,241.63759893142554,240.48766580335737
14,670,241.84408506338673,240.8300112484051
14,671,242.03034848443536,241.28338599464308
14,672,242.15480640164833,241.73293907193195
14,673,242.20329814737755,242.08228888557568
14,674,242.15331552299267,242.24883270482283
14,675,242.00126068086598,242.20220317646132
14,676,241.82143169898364,241.96441454744826
14,677,241.66534795204936,241.59229795182554
14,678,241.53986261804295,241.10398622086427
14,679,241.4428759767152,240.54286268084394
14,680,241.37146760156065,239.98661858457407
14,681,241.28655233979768,239.50086131384955
14,682,241.19454876096245,239.15988858777527
14,683,241.1405085095522,239.04611722659158
14,684,241.20064835865566,239.17991477573324
14,685,241.4283129364286,239.51806598986155
14,686,241.80173138069878,239.97128258628405
14,687,242.23483771220836,240.41999778300087
14,688,242.6256088504427,240.73337905832375
14,689,242.85506905106183,240.8256928031735
14,690,242.84525927274274,240.67508490696116
14,691,242.63411534049055,240.3035044351579
14,692,242.3072175596964,239.74554551580476
14,693,241.9389862226725,239.05234649680344
14,694,241.59027930602596,238.3506914337254
14,695,241.29354415913053,237.74570809349407
14,696,241.03150580155116,237.31721650780693
14,697,240.78840452013895,237.10787321590323
14,698,240.57363442777432,237.17568670853166
14,699,240.4233460807842,237.41641893031837
14,700,240.37009686557744,237.70931724519042
14,701,240.43837546570256,237.98252061966127
14,702,240.61553271266695,238.23134771120675
14,703,240.86070567827795,238.41809114185057
14,704,241.09812891577948,238.58036846834528
14,705,241.27638096321618,238.76541743069302
14,706,241.3497686114122,238.9328046658672
14,707,241.31726401149166,238.98606879198346
14,708,241.2244673252974,238.88062955771818
14,709,241.1860800984721,238.64003032160164
14,710,241.29091512737284,238.25484668001783
14,711,241.54997489405048,237.6956254238383
14,712,241.9092112068206,237.0813565084625
14,713,242.31885456531012,236.53590477800532
14,714,242.162752779373,236.33644069108323
14,716,241.754474612967,236.04877998837102
14,723,241.1958718137305,235.95000842321485
14,724,240.6462791257275,236.09101863839783
14,725,240.1788356242791,236.45983163325894
14,726,240.26944943893477,236.74069522762193
14,727,240.4624723283221,237.34667278506126
14,728,240.623994013441,238.085696368928
14,729,240.63332865015227,238.8471172712456
14,730,240.4251046987784,239.497585378721
14,731,240.07405666660986,239.97310057444426
14,732,239.65901736081855,240.225232485751
14,733,239.21722232119618,240.13276195541044
14,734,238.8177097782946,239.65620148755627
14,735,238.47958321547173,238.7891445401198
14,736,238.21249340353904,237.696570334197
14,737,238.07604063100666,236.569185942005
14,738,238.14177906535372,235.62670170331822
14,739,238.37427043304288,234.99529276541176
14,740,238.82641073223897,234.8814420305481
14,741,239.54234905270454,235.27321769150066
14,742,240.4449530138668,236.03170718492268
14,743,241.42817441984047,236.9472042017524
14,744,242.3645667742542,237.82157661122943
14,745,243.03982036784137,238.38395784894277
14,746,243.37312380142066,238.47850480739427
14,747,242.68811305394274,238.25884789211304
14,748,241.96063468026637,238.00406169119205
14,774,241.3481382053232,237.93342558235895
14,775,241.1243948856271,238.26025642926714
14,776,241.25232783447137,239.02353579468016
14,777,242.2497886702065,240.0117909529419
14,778,243.02326026533544,240.97054738712444
14,779,243.44050089174374,241.70456646860748
14,780,243.3561007266104,242.04370750846323
14,781,242.8661970888965,241.96686558878346
14,782,242.22678821795003,241.48343321578125
14,783,241.67303036889294,240.7146927716618
14,784,241.33030379213685,239.86261217082745
14,785,241.239494531113,239.09522186812578
14,786,241.35542176077288,238.5603898488197
14,787,241.58325895945688,238.45189191295378
14,788,241.81344903149727,238.68615117960226
14,789,241.99741807300725,239.14561043392513
14,790,242.12212445069474,239.7331338185211
14,791,242.15363275850385,240.27945818082557
14,792,242.11507107338224,240.6463003981335
14,793,242.04346426038842,240.85744535820578
14,794,241.9104928392891,240.8783142369246
14,795,241.67069926085338,240.686649167983
14,796,241.36860626840237,240.3970592980167
14,797,241.02104237434625,240.01716911759337
14,798,240.66785971432247,239.54343629635926
14,799,240.39704385046448,238.99850247417635
14,800,240.3042854323394,238.46592738277556
14,801,240.4209165569639,237.97740958342828
14,802,240.7271794113393,237.67381495929283
14,803,241.13719245556098,237.70134996893796
14,804,241.52483182527692,238.2205297119758
14,805,241.78478967073198,239.15416552935667
14,806,241.82417931702813,240.35400357455086
14,807,241.6212118002429,241.55459887487322
14,808,241.24966513671168,242.50848870989847
14,809,240.8405769047538,242.9058626178454
14,810,240.46545628844822,242.64736929162055
14,811,240.18683669833982,241.7807974171824
14,812,240.03967078430225,240.50246567260976
14,813,240.01111731567514,239.08666834252747
14,814,240.07332685006674,237.93262590008754
14,815,240.22821241871023,237.36277451730743
14,816,240.45249358959364,237.46046522617394
14,817,240.63750622401153,238.08930469382406
14,818,240.68817107261594,238.98144178686715
14,819,240.54225123084046,239.7824148584596
14,820,240.16722707772448,240.16282605265963
14,821,239.63560869525526,240.0608931218032
14,822,239.13927149657388,239.6187367406953
14,823,238.81318577416198,238.99329861687448
14,824,238.71739569009247,238.36510252675254
14,825,238.9071750538837,238.03604703309557
14,826,239.34772332417504,238.1550844633201
14,827,239.89943858435925,238.63788525047528
14,828,240.4620095493311,239.39551821594
14,829,240.9668220133573,240.34488346581588
14,830,241.30168572010663,241.19333790280436
14,831,241.37579988179246,241.65506499411777
14,832,241.20877521213052,241.70343386862965
14,833,240.8641202600322,241.37078776758068
14,834,240.42538450118798,240.68614540514227
14,835,240.0120449982956,239.85895203245047
14,836,239.7242062745064,239.15741063212693
14,837,239.59414150177557,238.69812754488535
14,838,239.60765784698955,238.53335790388599
14,839,239.7122140806016,238.70433934870965
14,840,239.84049347438355,239.08247613887391
14,841,239.93857441304357,239.38717025871867
14,842,240.01786649178837,239.3303529716622
14,843,240.1378089610131,238.6829780512651
14,844,240.408182804474,237.37217840544145
14,845,240.96163302600192,235.65008612419496
14,846,241.8461594911365,234.0800282649912
14,847,242.9905377273829,233.104732176258
14,848,243.89768670198234,233.93572950874278
14,849,244.3112912740359,235.50479789746322
14,853,243.88332354383004,237.40580080551948
14,854,242.81730194200966,238.89931358961348
14,856,241.1761910508849,239.67248873133286
14,857,239.45458350590528,238.71382821734713
14,858,237.8313818107224,237.13211457057054
14,859,236.60322782200404,235.2202660515764
14,860,235.6574787353336,233.53660417898422
14,861,235.0738776833451,232.38371390633372
14,862,234.8572319795112,231.94105748303375
14,863,235.01050986484984,232.29062218901672
14,864,235.4403205617758,233.268162505835
14,865,236.00566831288157,234.54316359955584
14,866,236.59256621287489,235.8051073564011
14,867,237.09166352696158,236.75965466320258
14,868,237.49506702765373,237.31281358493447
14,869,237.8481160402504,237.58887230335282
14,870,238.17328001488195,237.77510562892402
14,871,238.49869272918374,238.0091266135154
14,872,238.87561669505223,238.40535117019763
14,873,239.23949634726205,238.9044685257512
14,874,239.54163629461584,239.41898980770452
14,875,239.77796434206044,239.8683850612569
14,876,239.9353913093743,240.1990021062217
14,877,240.02034550945407,240.43568062661402
14,878,240.13024728060074,240.74907201925748
14,879,240.30310434672958,241.20864231513298
14,880,240.4932439496761,241.74934193822764
14,881,240.64069434701437,242.28290734940873
14,882,240.68024266211006,242.66469302974718
14,883,240.5311814482866,242.63250027686365
14,884,240.18766820971152,242.0191552553136
14,885,239.79445814832815,240.79062964532872
14,886,239.58344465552773,238.97603753036293
14,887,239.80774607569174,236.67347088171925
14,888,240.6793360477909,234.1908424464521
14,889,242.33308070495391,232.00237640749287
14,890,244.58453325961992,230.63068795766245
14,891,246.85140994525634,230.3929444810675
14,892,248.6651291550943,231.39442612207216
14,893,248.7256611875621,233.58402607153835
14,894,247.83786145039875,235.80610622166142
14,916,245.94673773067143,237.67210342640107
14,917,243.64981097025168,238.9554194560161
14,918,241.3645773565586,239.69957947125522
14,919,240.29909078903688,239.84876674920346
14,920,239.55147069783135,240.16336412260947
14,921,239.32707545989877,240.60893365903112
14,922,239.4619815061866,241.1380167527591
14,923,239.7462689894732,241.52742275894346
14,924,240.0559949819392,241.65974656709247
14,925,240.33042292788622,241.53562769068182
14,926,240.53665232759266,241.09421056978366
14,927,240.76845116525055,240.31020952183266
14,928,241.22666814487008,239.25826963859637
14,929,242.0810626350073,238.0990403795814
14,930,243.4363891941808,237.06485855229292
14,931,245.1842475913967,236.46247807259522
14,932,247.00584830099328,236.4572128181302
14,933,248.21349033393545,237.17724758072467
14,934,248.4127106813054,238.12547780093715
14,936,247.37260907806677,238.9133369274722
14,937,245.25330119080385,239.16540500094308
14,938,242.48257030697891,238.86478255196195
14,939,239.89781481898785,238.11577490119282
14,940,238.02624693902766,237.49343507629666
14,941,237.16800203162316,237.33172360346336
14,942,237.2594356537235,237.7296801240173
14,943,238.00131097818354,238.4838436867809
14,944,239.01915086276279,239.28136508186142
14,945,239.96458281834242,239.92785664923576
14,946,240.62916236675605,240.23561730503653
14,947,241.00167320852103,240.27421430619043
14,948,241.119492124769,240.1682998395903
14,949,241.08207330909,239.96901036259936
14,951,240.99529194530083,239.76702342452424
14,954,240.89630624378802,239.68525277206467
14,955,240.7510913243214,239.7276719444892
14,956,240.62321757244752,239.9241824310401
14,957,240.48913906548773,240.28520732265974
14,958,240.31390650379757,240.66135779179962
14,959,240.144860513513,240.91930069884586
14,960,240.05211714989636,240.93762862874433
14,961,240.02134814973218,240.602185744655
14,962,240.05871619442698,239.96565849094236
14,963,240.1474506982741,239.17034003165813
14,964,240.21260825137924,238.39656896169643
14,965,240.1525791276481,237.7729496701251
14,966,239.9328713642041,237.38145627306847
14,967,239.5904573694872,237.11071382395116
14,968,239.3184297992598,236.7747420874867
14,969,239.3988425224706,236.16452907581424
14,970,240.12770179372848,235.3093034839501
14,971,241.68827941189224,234.43264935384974
14,972,243.95602211990848,233.86299698170512
14,973,246.33064792286518,233.67432531319997
14,974,248.25837284355876,233.97391547897416
14,975,248.57002867447133,235.0969244876756
14,976,247.9113862184579,236.19986701900737
14,1001,246.1954823845406,236.99342000421382
14,1002,244.0897837119854,237.82771930074273
14,1003,242.0744787433438,238.7973583205941
14,1004,241.1416245630009,239.46381956263969
14,1005,240.48849917767734,240.35944213657328
14,1006,240.23989705001657,241.36069321283932
14,1007,240.0723986045768,241.9727330536275
14,1008,239.772949888919,241.93572694591953
14,1009,239.34366066880563,241.2797879776807
14,1010,238.85821540388548,240.1562244065402
14,1011,238.46869568988382,238.8716906405271
14,1012,238.3972513218061,237.75878069900108
14,1013,238.81432681222427,237.11602703838378
14,1014,239.6456960402159,237.03401304924782
14,1015,240.75652152555978,237.50401380738046
14,1016,241.93808490764894,238.4112790518367
14,1017,242.88509458429468,239.56142757596314
14,1018,243.3034564351804,240.6424051690599
14,1019,243.11709211211962,241.39241500066152
14,1020,242.38039173922738,241.59402384579445
14,1021,241.24262589258487,241.17815323768687
14,1022,239.9977987678029,240.2807756165404
14,1023,238.97558718152436,239.2736883589106
14,1024,238.37956062897157,238.49824197333282
14,1025,238.23981101715745,238.226781050115
14,1026,238.52019598026027,238.53635977055495
14,1027,239.09705181627675,239.32088046769238
14,1028,239.75348592012557,240.26476478627725
14,1029,240.3170179305206,241.09365965314967
14,1030,240.7249439438631,241.58923001350908
14,1031,240.93129274498807,241.68399041537882
14,1032,240.88959432164103,241.35018201523434
14,1033,240.6220734688476,240.61955722181605
14,1034,240.18515036242525,239.58402752651295
14,1035,239.6166017972678,238.36501254717356
14,1036,238.97973564655368,237.11431795518146
14,1037,238.3785745160617,236.0218653822916
14,1038,237.94193878615832,235.3297433057404
14,1039,237.73858759383518,235.14394333521213
14,1040,237.82849540329173,235.49661077295394
14,1041,238.20201763318966,236.23510753872029
14,1042,238.79537393676443,237.17469165080377
14,1043,239.48998173691714,238.11194706390054
14,1044,240.16144231834812,238.8843828380849
14,1045,240.67502043336341,239.3757983946715
14,1046,240.9757039522175,239.6177922758144
14,1047,241.0438323755687,239.692066298111
14,1048,240.90861916825753,239.65093572969806
14,1049,240.65686940314072,239.57822279582274
14,1050,240.4038998987337,239.53135805686426
14,1051,240.2296856733969,239.56388968101635
14,1052,240.20131173554,239.72690755608494
14,1053,240.3339321224492,240.06408890526967
14,1054,240.5867337211459,240.58355751095985
14,1055,240.90934380441038,241.27204576625945
14,1056,241.2369919210941,242.01046207163355
14,1057,241.49123879318284,242.59743577030815
14,1058,241.62690643615116,242.92302891021305
14,1059,241.64832279485714,242.94621252699892
14,1060,241.53856078909874,242.6759102516354
14,1061,241.30516638934097,242.1933979328974
14,1062,241.01664593906983,241.66876158897827
14,1063,240.74306904924777,241.1894807676929
14,1064,240.51850306643217,240.80004179151027
14,1065,240.3925309239504,240.54649784473912
14,1066,240.39985607229286,240.46812913190823
14,1067,240.522157393716,240.56840578981405
14,1068,240.71643922218908,240.8429582372271
14,1069,240.9430487644034,241.24035112180752
14,1070,241.15912923221998,241.6739451700617
14,1071,241.33150360749684,242.05036099048314
14,1072,241.43345681465064,242.28457769951206
14,1073,241.45527628851406,242.33991494064045
14,1074,241.41171748814864,242.25304451778305
14,1075,241.3298143732198,242.08662098448852
14,1076,241.23038095602055,241.91750926530088
14,1077,241.13128668998846,241.80184700095174
14,1078,241.04776980656413,241.75419239503705
14,1079,240.9722674557244,241.75143108664287
14,1080,240.9001533805638,241.7783387199757
14,1081,240.83152027391745,241.8097562866833
14,1082,240.76902671777083,241.81880262223729
14,1083,240.71086313675454,241.77436021195683
14,1084,240.66531091142915,241.6550401982219
14,1085,240.60680229520023,241.41492993653085
14,1086,240.5099224521118,241.03481068734382
14,1087,240.3647252079596,240.5526298999653
14,1088,240.17927986552266,240.06023790896487
14,1089,239.96873536203847,239.65697971084296
14,1090,239.77177570672455,239.43065341697633
14,1091,239.61687813010354,239.4162202430354
14,1092,239.5260856171602,239.57455543305232
14,1093,239.51288288495658,239.83348255353795
14,1094,239.57037927437148,240.11291017544778
14,1095,239.68220031970512,240.37760412041268
14,1096,239.83229088819522,240.61253278951756
14,1097,239.99358808576093,240.82725093366437
14,1098,240.12798946745747,241.02191676194485
14,1099,240.2116255243582,241.18875467228293
14,1100,240.23783100391955,241.29133674415925
14,1101,240.2185249333447,241.32303037870534
14,1102,240.1782638255807,241.31230766355756
14,1103,240.13587332598559,241.27292316686317
15,0,228.45097366867694,224.79811069366338
15,1,228.4672713931183,224.8503376890074
15,2,228.49061251288012,224.9066070184357
15,3,228.51371025019208,224.96523874051746
15,4,228.5329654334216,225.00188403535486
15,5,228.54785904935778,225.02056492852464
15,6,228.55533283938172,225.0282384220007
15,7,228.55657009916945,225.0299882647183
15,8,228.56387684386743,225.0249256829739
15,9,228.57461604306923,225.01799812284756
15,10,228.58282675425426,224.99766305665833
15,11,228.58554524771307,224.96323681790363
15,12,228.5792506583215,224.92238907880954
15,13,228.55778366590152,224.8793093919419
15,14,228.5251062217933,224.83362478661445
15,15,228.48797144180998,224.79579100436243
15,16,228.45305076185872,224.76925539725517
15,17,228.42422080137007,224.7518396402906
15,18,228.40267622026838,224.74478973285343
15,19,228.38797167390797,224.75082472741073
15,20,228.3774112404094,224.76557884642287
15,21,228.3671365298406,224.78250570934455
15,22,228.35383518904874,224.79731353783808
15,23,228.33609374897725,224.80393994230144
15,24,228.31269902347532,224.79862759177138
15,25,228.28508174158947,224.7821756390265
15,26,228.25855690278445,224.76038337721036
15,27,228.23818719062248,224.73895519169372
15,28,228.2260714628738,224.72278403440438
15,29,228.22095429396938,224.71392939794947
15,30,228.22087257139182,224.71518592862418
15,31,228.223797669195,224.72418657882997
15,32,228.23662894097356,224.7412208811054
15,33,228.2609485718746,224.7654887082581
15,34,228.29783766088119,224.7955892501936
15,35,228.34584947960133,224.8246033462467
15,36,228.39643554809066,224.84738990869204
15,37,228.42596473659827,224.85764624142823
15,38,228.4305717107609,224.8527254370683
15,39,228.41169806851113,224.83371510778736
15,40,228.37582572201364,224.810246147686
15,41,228.33346292743136,224.79011696054934
15,42,228.30018857210848,224.77580294972663
15,43,228.2797246895581,224.76868841742385
15,44,228.2808666315195,224.76889410608834
15,45,228.301984430173,224.76908067617077
15,46,228.33668371102328,224.7665928187582
15,47,228.37970794193924,224.76475150504055
15,48,228.42485750797306,224.76498035745902
15,49,228.4533018668241,224.76739679052727
15,50,228.4609733331197,224.77448365606904
15,51,228.45355464170993,224.78543843113135
15,52,228.4384815405661,224.79398756443487
15,53,228.422100463821,224.79668510215623
15,54,228.4140961191485,224.7938881644278
15,55,228.41504037930764,224.7870933069372
15,56,228.42088967731678,224.7811649677605
15,57,228.42833678796669,224.78442941255778
15,58,228.43217003115274,224.8046593451774
15,59,228.42769690091052,224.83974857745284
15,60,228.41400440674948,224.8866688785393
15,61,228.39083368421595,224.93786022807197
15,62,228.3564118515204,224.9877699142496
15,63,228.31696516078676,225.02715180522955
15,64,228.28128428111154,225.0570223533944
15,65,228.2545058829438,225.07694215257158
15,66,228.23876039134697,225.08754549280224
15,67,228.23613445057282,225.08477906646726
15,68,228.24558250386758,225.0672256274517
15,69,228.26313889211622,225.03567970036198
15,70,228.2831648493979,224.99534825040152
15,71,228.3032691374607,224.95140903964995
15,72,228.32117461532852,224.90845134475768
15,73,228.330777005316,224.87761174956913
15,74,228.3297127626721,224.85962126220588
15,75,228.32166593386071,224.84895453818663
15,76,228.30930001892582,224.84216947098264
15,77,228.29313071927896,224.84240934225002
15,78,228.27702060883968,224.8442884257751
15,79,228.26521016058416,224.84844340518447
15,80,228.26371082913158,224.86373483915776
15,81,228.27319139265532,224.89584904297095
15,82,228.29486706187487,224.9433587191171
15,83,228.3305163622553,225.00361168822215
15,84,228.37426475621038,225.06944142235147
15,85,228.41255489750495,225.12530383694371
15,86,228.4417846500045,225.16021936857365
15,87,228.46135795936544,225.17105389786067
15,88,228.46884075967444,225.16124047729988
15,89,228.46913104954916,225.13696790134708
15,90,228.46934427752893,225.10692752490556
15,91,228.4710885076982,225.07564068172212
15,92,228.47331675294805,225.04245666403995
15,93,228.4752219041368,225.00810249516482
15,94,228.47148128963036,224.9728366638344
15,95,228.45845146044033,224.93633055907262
15,96,228.4358990525131,224.90256761030452
15,97,228.40553675518166,224.8760430176369
15,98,228.37116691200518,224.85379305540405
15,99,228.3400558626479,224.8391653608535
15,100,228.31786656911314,224.83689586614346
15,101,228.30329531371189,224.84590085007017
15,102,228.2965484225966,224.86709824423025
15,103,228.2950517943065,224.89991616279374
15,104,228.2998010894491,224.9331782090572
15,105,228.30828307031715,224.9605669156386
15,106,228.32360567649852,224.9840477445704
15,107,228.34494344533937,225.00201476363725
15,108,228.3707690825502,225.01626346425923
15,109,228.39279991714756,225.03449930833497
15,110,228.41338288979847,225.05559004021802
15,111,228.43166901513348,225.0721235121789
15,112,228.44590240180156,225.08069162674636
15,113,228.45567830847133,225.0825292813286
15,114,228.4635122964591,225.07684663824207
15,115,228.46837111914428,225.06991768762626
15,116,228.47836236818796,225.06910663144046
15,117,228.49846815859468,225.07580309500338
15,118,228.53201246819367,225.08315237321298
15,119,228.57832024833237,225.08684807776078
15,120,228.63000998067463,225.08055621178812
15,121,228.6680373479648,225.06037671591002
15,122,228.6864028022601,225.027652450395
15,123,228.68554975872573,224.98803166770082
15,124,228.6719190654872,224.94753140017602
15,125,228.65381631713575,224.91054238648496
15,126,228.64198465539295,224.87749546844825
15,127,228.63761966150943,224.84575826980952
15,128,228.6335193689016,224.81440883631822
15,129,228.6212825304197,224.78369620255467
15,130,228.6004398566198,224.75919966816113
15,131,228.5691230847757,224.74242984598152
15,132,228.53023122814503,224.73581878370595
15,133,228.49442507839694,224.74380102191793
15,134,228.46854594007553,224.76633553477916
15,135,228.44984203876268,224.7934029252356
15,136,228.4428304727914,224.8236941435062
15,137,228.4472106218987,224.85638510433122
15,138,228.4573333647951,224.88536272988364
15,139,228.46894503145285,224.90463625316752
15,140,228.4810874369803,224.91240984969417
15,141,228.48696521340867,224.90084190643853
15,142,228.4834793988461,224.869419140451
15,143,228.470702241252,224.81983764319534
15,144,228.44809457658215,224.75654106899697
15,145,228.41696352800201,224.6897056029644
15,146,228.38407116856908,224.63522083243532
15,147,228.35332277387616,224.5987406326286
15,148,228.32597435582895,224.5852533365636
15,149,228.30502454165315,224.59382288342871
15,150,228.29352360198382,224.61647206522886
15,151,228.2876909555442,224.64087511044318
15,152,228.28204821955174,224.65489765567162
15,153,228.2727194475486,224.65652846242767
15,154,228.25765848898658,224.64913954023183
15,155,228.23221221913803,224.63495734154486
15,156,228.19900357906016,224.62262299353887
15,157,228.16752004889645,224.627665476837
15,158,228.14548269696922,224.64683823649884
15,159,228.1362720395214,224.67441755423795
15,160,228.14459055005514,224.70985115723045
15,161,228.16757066092785,224.74212591688683
15,162,228.1963167901768,224.75896676002782
15,163,228.2257565760635,224.7608667697858
15,164,228.25432518619243,224.7513381763846
15,165,228.27859091647215,224.7328697843711
15,166,228.29907034030515,224.7165841583018
15,167,228.32104366618566,224.7060954436886
15,168,228.3455191603763,224.7012936768653
15,169,228.36754071720512,224.70202282905026
15,170,228.38511188827533,224.70818186730224
15,171,228.39820965326078,224.71583055831024
15,172,228.40480457029295,224.72760529134368
15,173,228.4035746553348,224.74434217057595
15,174,228.40019378480514,224.7649386776549
15,175,228.3998056873122,224.78741605584983
15,176,228.40490723115232,224.80844378457
15,177,228.4128611151084,224.82241827335426
15,178,228.42242631340935,224.8291505365361
15,179,228.4302908314604,224.82852733883155
15,180,228.43214559793986,224.81819584859116
15,181,228.4231286740943,224.79846658806008
15,182,228.40727978380372,224.77367395550908
15,183,228.38890315392416,224.74170820111706
15,184,228.37047824102888,224.70599804695522
15,185,228.3542263163196,224.67399991082786
15,186,228.34615369111492,224.6481447860108
15,187,228.3430431326114,224.624331630232
15,188,228.34142541042291,224.59918811500714
15,189,228.3393446102373,224.5669771122249
15,190,228.3355402665607,224.52323248372514
15,191,228.32301221960688,224.4758942996231
15,192,228.30237844226332,224.43941518168097
15,193,228.27589875653518,224.428669884988
15,194,228.249139720399,224.44962603092523
15,195,228.2281413126552,224.50051392451456
15,196,228.21995593815475,224.5697675596084
15,197,228.2274951088105,224.63974445498442
15,198,228.24807558893713,224.6971972880239
15,199,228.27367800719108,224.7357373971314
15,200,228.2983181682028,224.75960050003016
15,201,228.31779633215186,224.77412146007882
15,202,228.3291212080331,224.78454359456688
15,203,228.33377104960098,224.79353231198783
15,204,228.33259991218563,224.8031348050856
15,205,228.32049049095625,224.80661582205155
15,206,228.29554151529607,224.79887459372964
15,207,228.25704846089937,224.77990804763195
15,208,228.20461724627043,224.75055223695261
15,209,228.1459551988629,224.71342978558562
15,210,228.095426385309,224.67744715650386
15,211,228.05961859431304,224.65136210822726
15,212,228.0459670589899,224.6359191249685
15,213,228.05720861907685,224.63053586067076
15,214,228.08623729201668,224.6318174664941
15,215,228.11990000623553,224.63153957594255
15,216,228.15452177696028,224.6221972653127
15,217,228.18241436329976,224.60970452436808
15,218,228.20020668150826,224.5978042940537
15,219,228.20963588867633,224.58989441493623
15,220,228.21500138755118,224.59044014885512
15,221,228.21468983639815,224.60143752745182
15,222,228.209595858037,224.616392049365
15,223,228.20144224328507,224.63280379165727
15,224,228.19430526027665,224.64870069702664
15,225,228.19017335935789,224.66623314746832
15,226,228.19073535492976,224.68790235645704
15,227,228.19523784520206,224.71416367897325
15,228,228.20256903306512,224.74119010331248
15,229,228.20541347308313,224.76507773005375
15,230,228.2039896747268,224.77535264182126
15,231,228.1987697278977,224.76491561042153
15,232,228.19347208525156,224.73394042499683
15,233,228.18937765951463,224.68820344561516
15,234,228.1907624604735,224.63777179842648
15,235,228.19412227853584,224.59798103469538
15,236,228.2011863718229,224.5799912996496
15,237,228.21170875422888,224.58428572026898
15,238,228.22284616755513,224.60852327605602
15,239,228.23288471792625,224.64860910050348
15,240,228.24589844023996,224.69519289060716
15,241,228.25772816843246,224.73546818803163
15,242,228.26464016643067,224.76865541718115
15,243,228.26989173278125,224.79634579675138
15,244,228.27383514506974,224.81801413830624
15,245,228.27316876979776,224.83355728926227
15,246,228.2705468100784,224.8536536329241
15,247,228.2714774331153,224.8792593912921
15,248,228.27979772219507,224.9052253556787
15,249,228.29781836121154,224.92494091818165
15,250,228.32659336971602,224.93949519767386
15,251,228.3652382105889,224.9445743811583
15,252,228.40839875420474,224.93958695326083
15,253,228.4477186644973,224.92809643711138
15,254,228.4819640246784,224.9152600444007
15,255,228.5103070950267,224.9004819247097
15,256,228.53273794121262,224.8817990931743
15,257,228.55310073067253,224.85914736502295
15,258,228.58258071729432,224.81969499821435
15,259,228.62872995298508,224.6920243449386
15,260,228.7056181681022,224.33415000847359
15,261,228.87983163741225,223.61006013554305
15,262,229.25901889997832,222.4171043620525
15,263,229.9345184264058,220.82053065663405
15,264,230.92429509214605,219.08962928238716
15,265,232.1539145059317,217.67679015807317
15,266,233.41959443895547,217.10800839152375
15,267,234.42351570370346,217.79400160899806
15,268,234.91745221930032,219.74914578863684
15,269,234.79798868200277,222.59271205168872
15,270,234.10212683540308,225.5770922426476
15,271,233.0226838194853,228.0177429549119
15,272,232.04074593938043,228.93599154300583
15,273,231.15218502497422,228.42712944879258
15,277,230.35199375141264,226.81850194838182
15,279,229.80671128511642,225.1202019687356
15,280,229.46004362665388,223.36192618611574
15,286,229.02702825496456,222.13644515846414
15,287,228.55849546147454,221.1434353878394
15,288,228.16891584235316,220.38183666485546
15,289,227.8326858441497,219.6053491430324
15,290,227.6571378386684,219.33553260798314
15,291,227.63496306192744,219.68082890427195
15,292,227.92145977692277,220.80680138428448
15,293,228.45802448693763,222.41900625592547
15,294,229.04909236099007,224.00149088670585
15,295,229.48706650971013,225.09347350036015
15,296,229.71829257858602,225.57258039093267
15,297,229.61380867284623,225.29341571420312
15,298,229.20647422597443,224.4371187152624
15,299,228.62095975118552,223.25964367802857
15,300,228.033984765878,222.13276599794153
15,301,227.58687972462215,221.29734968561
15,302,227.44169726187312,220.9870724990421
15,303,227.62196676117313,221.2308559996519
15,304,228.06673829928081,221.99683814153437
15,305,228.66173413497182,223.08782149248233
15,306,229.26465913985228,224.31215330628896
15,307,229.7393984841368,225.47562634526022
15,308,230.0160927407667,226.42191284309175
15,309,230.0696025787143,226.98968199738522
15,310,229.9088169545255,227.08725193829792
15,311,229.56692903469076,226.65417714500978
15,312,229.08568729289829,225.77587723688006
15,313,228.53276906544068,224.61284393382618
15,314,227.99535166954607,223.3775451550776
15,315,227.54567590658706,222.30086312662678
15,316,227.2575948868311,221.62734795311954
15,317,227.18727676515329,221.44544718746738
15,318,227.32700606142734,221.73786430829549
15,319,227.623118312155,222.4164744012049
15,320,228.00985335876874,223.33868245267564
15,321,228.40483906662678,224.282302682966
15,322,228.7389084428971,225.06172983486016
15,323,228.97458488569828,225.56393871303317
15,324,229.10328365977335,225.76716971536854
15,325,229.15054388175764,225.70268767187275
15,326,229.14930140196003,225.4574258048769
15,327,229.10897438994334,225.12931465375445
15,328,229.03820844881136,224.82149456483322
15,329,228.96005341022286,224.5963912951903
15,330,228.89103252399073,224.50073471472882
15,331,228.83860982253685,224.5467841915988
15,332,228.8185636584032,224.73140663254662
15,333,228.83219994365527,225.0033947032633
15,334,228.8568425851163,225.29615251725156
15,335,228.85838979780573,225.53153232332915
15,336,228.82083654751253,225.66539975588836
15,337,228.75738510454752,225.66999261807865
15,338,228.68955456123206,225.54401781070442
15,339,228.64698244646164,225.3262126822601
15,340,228.64994334410332,225.07805453700172
15,341,228.70728712375043,224.86596993251527
15,342,228.79448315177936,224.7446595667129
15,343,228.89221122028704,224.74471778209653
15,344,228.97754253805365,224.850477397651
15,345,229.03938529173382,225.00714419619993
15,346,229.05691016899436,225.1389614960825
15,347,229.0247834806169,225.1937834098125
15,348,228.9446236261614,225.14955853855324
15,349,228.82308269206564,225.00320907570713
15,350,228.67700795519838,224.782492492625
15,351,228.54863820872868,224.55033002207583
15,352,228.47570786185105,224.36847642144215
15,353,228.48324751479026,224.27621181415876
15,354,228.58460905073434,224.31616658068052
15,355,228.76260207574208,224.51505357114058
15,356,228.98122783821444,224.82740484637293
15,357,229.1931477185015,225.18077011597782
15,358,229.35336400493384,225.5232088752573
15,359,229.43695899893655,225.7827746131681
15,360,229.436837839258,225.89192785615558
15,361,229.35023806743703,225.84408546894508
15,362,229.20394816057592,225.65087823189953
15,363,229.02563479203363,225.320868813863
15,364,228.83284442224118,224.90358368399185
15,365,228.6611669877268,224.46766030342735
15,366,228.5488093080359,224.09049692194682
15,367,228.5052839026403,223.85052239473066
15,368,228.54049721257584,223.80865333689005
15,369,228.65832402605432,223.9801082118136
15,370,228.83607933961136,224.33682836014623
15,371,229.0463995717409,224.79088890960296
15,372,229.27857982042968,225.22303010319177
15,373,229.52038048279388,225.50784194275107
15,374,229.77210245478898,225.55573360467713
15,375,230.0474781599483,225.31980519945012
15,376,230.3744958361895,224.82339895681798
15,377,230.77683463420522,224.1784989461367
15,378,231.28441428412015,223.53882768216437
15,379,231.90055432988456,223.04437716258994
15,380,232.6108976002174,222.82211990770296
15,381,233.3518166584511,222.87571174760816
15,382,234.05029975502353,223.0969474511523
15,383,234.65813523546228,223.33984824090936
15,384,235.13726297718674,223.46399373795828
15,385,235.47044434321785,223.36687746929692
15,386,235.6759169165146,223.02960169811658
15,387,235.80524973645103,222.52764141284774
15,388,235.89140639864132,221.9727600317603
15,389,235.97164840416082,221.47435422324463
15,390,236.04180595402053,221.0911620649284
15,391,236.1094559499414,220.9376402064215
15,392,236.141417663116,221.00400849621832
15,393,236.09902164397872,221.20317764015803
15,394,235.96965109883865,221.41026501608414
15,395,235.77518723433036,221.52449122911733
15,396,235.50137254167043,221.39658803599912
15,397,235.18928415131356,220.96200112293155
15,398,234.9203703314986,220.26319089708073
15,399,234.7529929418451,219.45043763536478
15,400,234.740002284862,218.68416240803418
15,401,234.95153610030798,218.1511566103423
15,402,235.35657727193487,218.02663565490934
15,403,235.8436328728772,218.38494835267616
15,404,236.304853175399,219.1151848355848
15,405,236.62597962389702,219.9874543438055
15,406,236.7281503714765,220.70833338549522
15,407,236.63652877625225,221.0436800667743
15,408,236.43314586942924,220.85751694892383
15,409,236.2025832296676,220.19741187373995
15,410,236.05025085536948,219.25061586915314
15,411,236.0655439042255,218.24507620577074
15,412,236.26378454857158,217.36072201634468
15,413,236.61129981825172,216.75049842787382
15,414,237.05068372033818,216.48336735648462
15,415,237.51575677439894,216.59689474477523
15,416,237.8872601703245,217.0774862362608
15,417,238.07857033538693,217.84297134865898
15,418,238.0424468633765,218.72715324517685
15,419,237.79135564335374,219.54746892365512
15,420,237.36363032293394,220.04297542871126
15,421,236.8944051606051,220.071553550449
15,422,236.54038644052707,219.6251759730875
15,423,236.40410940210458,218.80887555795562
15,424,236.5001815270202,217.85997569055525
15,425,236.78673128193242,217.13472667730272
15,426,237.1599099982097,216.85742371062764
15,427,237.48325025250458,217.09937471205558
15,428,237.67956138407547,217.80484386434622
15,429,237.7402874301065,218.70611696248852
15,430,237.67732335033938,219.4665149558688
15,431,237.52091465126534,219.8314350766792
15,432,237.3074238419543,219.6663348430764
15,433,237.06985599887682,218.98813439073126
15,434,236.81750930753074,218.00026238373357
15,435,236.5854558473542,216.96406464005443
15,436,236.37237683572877,216.12042024451782
15,437,236.1924057535992,215.70439857979756
15,438,236.05243760062845,215.8160981640343
15,439,235.96979729007734,216.39123584761697
15,440,235.95128869996267,217.26517911580189
15,441,236.0080610301499,218.2359781653084
15,442,236.1194606915564,219.03092603276943
15,443,236.24752436679884,219.47461698904615
15,444,236.34943415956326,219.53592417820704
15,445,236.37607678518575,219.27224456764907
15,446,236.30430688432767,218.80473762361999
15,447,236.1295873561454,218.31012194173627
15,448,235.8809910211152,217.89914257219075
15,449,235.6056765536847,217.6408098683337
15,450,235.32196944091962,217.56728585157035
15,451,235.06063616806398,217.64987976343625
15,452,234.8719561801601,217.8167508230461
15,453,234.7577422480303,218.00947648934084
15,454,234.6851088314546,218.11443428381472
15,455,234.66751415099444,218.04021644612303
15,456,234.68067709338783,217.78757912435069
15,457,234.68507652089966,217.41935133371987
15,458,234.6486403712633,217.02091474683797
15,459,234.57256681732954,216.75021002353583
15,460,234.45151525678145,216.6987869007991
15,461,234.3281444745869,216.82675590710377
15,462,234.23070936444225,217.03671024057124
15,463,234.2432388632673,217.22617015870884
15,464,234.3971919651505,217.24044267296193
15,465,234.711148272839,217.02819402286983
15,466,235.1435336551438,216.68280351713648
15,467,235.65519332635301,216.32409175731422
15,468,236.15795128275994,216.08748613873775
15,469,236.59660234584305,216.10673176116103
15,470,236.90547165268543,216.40425004440937
15,471,237.07330342454728,216.86961983444257
15,472,237.1116204433333,217.38782904803014
15,473,237.03800494467754,217.81773178770035
15,474,236.89256656238092,218.03808158412787
15,475,236.75699630321867,218.01058341005208
15,476,236.6846813297842,217.7662387731839
15,477,236.70167126833007,217.36170453601497
15,478,236.84099772937432,216.89537179122826
15,479,237.09109727013146,216.4825870780832
15,480,237.38329647148072,216.2464557943062
15,481,237.66289700433808,216.3084130641989
15,482,237.89609958343135,216.6699280375732
15,483,238.04734804946204,217.13652257437855
15,484,238.11596726149673,217.52865532278446
15,485,238.14959431915275,217.6552026057899
15,486,238.20093671831447,217.3524276642341
15,487,238.29744631488285,216.63271225432484
15,488,238.4643915733222,215.7261699452193
15,489,238.69517536307063,214.90197775595882
15,490,238.9533374514395,214.38797783924647
15,491,239.16677758566837,214.3344176982508
15,492,239.29536601250575,214.7605632766033
15,493,239.29949339454504,215.58889329462409
15,494,239.16116566434488,216.57222764927081
15,495,238.86422735750287,217.46160128716664
15,496,238.4328534565363,218.05026632775855
15,497,237.91470786935605,218.19104269191251
15,498,237.38564534964854,217.83866134976046
15,499,236.93159476404972,217.13596898972597
15,500,236.64599268460833,216.32117755362293
15,501,236.60129467443429,215.6656143257574
15,502,236.79599535487912,215.4012368244053
15,503,237.18351122409038,215.60650150195
15,504,237.68687590454002,216.24377271445783
15,505,238.2166004560849,217.1073850413063
15,506,238.66963396126326,217.89275722315136
15,507,238.9765710044289,218.3911533073956
15,508,239.07797389436095,218.57105155147718
15,509,238.91627858669517,218.4208611948787
15,510,238.4614301584838,218.09468827349627
15,511,237.69845492540878,217.8326202153994
15,512,236.65128716366118,217.790247238529
15,513,235.38021599751357,218.00028911719653
15,514,233.9979747832339,218.48012337666876
15,515,232.62608476994805,219.13672140847387
15,516,231.42458930532266,219.85087162075212
15,517,230.49650469744816,220.4839569381237
15,518,229.90179927714087,220.98777072351862
15,519,229.64574068062046,221.37441923126718
15,520,229.68057241093243,221.6809637375809
15,521,229.9013192955142,221.975015480625
15,522,230.2025012844208,222.38075780953108
15,523,230.48864741827649,222.8894595557304
15,524,230.68256035502884,223.41964345569968
15,525,230.74505339915612,223.93307673874315
15,526,230.64922092406644,224.3117380126114
15,527,230.4341002952396,224.40095153872227
15,528,230.14771833015078,224.17436789957688
15,529,229.84384852977158,223.68790683195047
15,530,229.57537612735754,222.986672000349
15,531,229.4177402864957,222.21322669640156
15,532,229.36038640313456,221.565643622513
15,533,229.38500718119644,221.19687426901498
15,534,229.46573427590877,221.17027385594986
15,535,229.56684473277562,221.48012675521133
15,536,229.64095534042832,222.04966593955862
15,537,229.6862887236132,222.703305080063
15,538,229.70313885904324,223.2489140191965
15,539,229.68528764863265,223.55806798883998
15,540,229.62753862383155,223.60082675644912
15,541,229.53292225677075,223.3751709191116
15,542,229.42111517966822,223.0028374642476
15,543,229.3153515154022,222.6210054425625
15,544,229.24896081580553,222.31528199548353
15,545,229.26233027797144,222.126123913172
15,546,229.3560500090373,222.10944723093556
15,547,229.48986156682395,222.21053886243882
15,548,229.63086015992917,222.39279519293225
15,549,229.74870937842263,222.64359520643998
15,550,229.79149421476902,222.8986858731434
15,551,229.7495921689733,223.06324449083675
15,552,229.61791601517277,223.11712141731996
15,553,229.38747660434436,223.0085074608815
15,554,229.0667154452923,222.73013113159655
15,555,228.7105218555869,222.36200304678047
15,556,228.37399580032803,222.01436579573883
15,557,228.14144850615264,221.75416013232743
15,558,228.08307781630586,221.64821281602173
15,559,228.23080861019528,221.7045088464479
15,560,228.546940544052,221.8803857527207
15,561,228.94790025130564,222.09876126759565
15,562,229.33187612068016,222.3035796154268
15,563,229.6138973644706,222.44802671597097
15,564,229.73613927518818,222.52449205473545
15,565,229.70018574452877,222.53248545947514
15,566,229.5620665229981,222.50106311755707
15,567,229.39613575970765,222.46447057960108
15,568,229.26096412957148,222.4569565011003
15,569,229.19395002633073,222.48449619609102
15,570,229.21053085938746,222.54571109242207
15,571,229.3009429538587,222.64220371447095
15,572,229.42312556777455,222.76399474683217
15,573,229.55116833478894,222.9071787204424
15,574,229.6731341720351,223.05733243766161
15,575,229.77805850438742,223.2198748424807
15,576,229.85608848688997,223.3663116511827
15,577,229.92509223314633,223.47185128856285
15,578,229.9910524050228,223.50344537247506
15,579,230.0545022807717,223.46997969314248
15,580,230.12422483318446,223.4049874676617
15,581,230.20969433019982,223.3546812668685
15,582,230.3146096569641,223.35261458295534
15,583,230.43600052211494,223.4187389408106
15,584,230.56822965056173,223.5533413425796
15,585,230.68111525051594,223.6973381663973
15,586,230.74792185538118,223.78692812275105
15,587,230.73547227925272,223.76901734831637
15,588,230.6317210850211,223.64261284529562
15,589,230.4431222035594,223.4095181080865
15,590,230.21248222158894,223.13926378968765
15,591,229.98679843255138,222.9182603542502
15,592,229.8295131214634,222.82732404357762
15,593,229.78036745897055,222.8987034646631
15,594,229.84756929753175,223.13130889005612
15,595,230.0125975227471,223.44206615597633
15,596,230.24160212598093,223.75269760286196
15,597,230.47161083254727,223.98968586414156
15,598,230.66233771546467,224.0931314318122
15,599,230.79069381093262,224.05600828880702
15,600,230.83129199360172,223.9293653346279
15,601,230.7763921997614,223.75564209024947
15,602,230.65279914047042,223.57582959096482
15,603,230.47408720558897,223.4078882873055
15,604,230.27481384245672,223.2464156962705
15,605,230.11412744778733,223.0721523713125
15,606,230.02890926954123,222.8423809615485
15,607,230.01889219942612,222.51361752533387
15,608,230.0786872263263,222.10200433178312
15,609,230.1711172308969,221.61520017941945
15,610,230.2372950206869,221.06818758671267
15,611,230.24907201636836,220.53439631182403
15,612,230.20120141494368,220.10509522476357
15,613,230.10497774807183,219.80584036443233
15,614,229.97457172809987,219.66330266311178
15,615,229.8184608109338,219.65609402504822
15,616,229.6343310133471,219.6937252690661
15,617,229.41850410623357,219.65557911487906
15,618,229.15308140700284,219.46268484402822
15,619,228.84707595225967,219.0672237283738
15,620,228.57222119331695,218.52570235725662
15,621,228.35277560734184,217.9388904509279
15,622,228.20249604380876,217.45023975896265
15,623,228.16533979355233,217.2028571266755
15,624,228.2314287837131,217.25144282628693
15,625,228.30689186502906,217.57392504242563
15,626,228.39306699615366,218.14797985245752
15,627,228.52043937837016,218.90841173977768
15,628,228.69118896393564,219.7396452149157
15,629,228.95116557959997,220.6006288023392
15,630,229.35274635998078,221.40382242655582
15,631,229.85901996964796,222.0634688745007
15,632,230.3958228217748,222.51160130769324
15,633,230.85873998216113,222.74458823602566
15,634,231.16003514237286,222.78095568476894
15,635,231.25499256440122,222.7454934232896
15,636,231.1311290010951,222.6841455108647
15,637,230.777505414037,222.60544276297486
15,638,230.2716236804873,222.46532019641788
15,639,229.68665454667135,222.21089540362982
15,640,229.1200731115332,221.76120173493854
15,641,228.68778932749038,221.179684900646
15,642,228.51975787822533,220.61704378924793
15,643,228.65743700576994,220.2748909627723
15,644,229.08263629647413,220.31925686627568
15,645,229.6841627504371,220.84051283075448
15,646,230.3365532667245,221.77876725163992
15,647,230.91630700588,222.94746998561163
15,648,231.3210894534347,224.09959584652032
15,649,231.51654492761455,224.99428725533423
15,650,231.5357844382911,225.45715685650362
15,651,231.41159015335572,225.44212423974903
15,652,231.18794808708458,225.0378903725017
15,653,230.9375289239701,224.40900356128796
15,654,230.6886592585381,223.7369300410357
15,655,230.47219444765878,223.21085621739428
15,656,230.30903842366865,222.91243237452866
15,657,230.19960374090013,222.82781067104418
15,658,230.13916278701367,222.91699797436468
15,659,230.14122132235372,223.1299001294189
15,660,230.17680463536587,223.3620243414487
15,661,230.2342065969577,223.5774402660525
15,662,230.30106198162792,223.74227162909202
15,663,230.3459449294699,223.77207986474582
15,664,230.33411474243366,223.5878116342196
15,665,230.27734339386146,223.20321262429644
15,666,230.18472144139582,222.66189742690767
15,667,230.0894419874403,222.07584865656017
15,668,230.02011544449374,221.62016980690856
15,669,230.00555062908722,221.45587638851651
15,670,230.05183601906253,221.63898807955124
15,671,230.139304396233,222.09783033980912
15,672,230.21287442433612,222.73005416669557
15,673,230.26731655376895,223.40323062083317
15,674,230.29322019447676,223.97326526574705
15,675,230.256533318491,224.3308861709038
15,676,230.16496602352797,224.48854157340023
15,677,230.06609358390176,224.45605843769516
15,678,229.946779576092,224.23997507320925
15,679,229.8046400899343,223.87234743034463
15,680,229.6664495088241,223.4429941391627
15,681,229.5364533073975,222.99586330874493
15,682,229.41264497146182,222.60088951750254
15,683,229.32449471757278,222.34212294734306
15,684,229.29405867868923,222.29073184036008
15,685,229.34993919943804,222.42984860821224
15,686,229.4986913689416,222.7318288827818
15,687,229.6878660288781,223.092199070561
15,688,229.85914184729933,223.40222860506347
15,689,229.96636612732237,223.5563499679678
15,690,229.95500614530903,223.4963530870957
15,691,229.81933238688828,223.19682054979125
15,692,229.6252824743625,222.71878946628257
15,693,229.42461171486704,222.11679454349243
15,694,229.23869704098087,221.4843601780088
15,695,229.0827127265642,220.92163134232285
15,696,228.95773403320743,220.50514365906272
15,697,228.85473665588543,220.24526407693165
15,698,228.7774370920966,220.15520861427356
15,699,228.760943581296,220.17687602563436
15,700,228.85482303463368,220.2436975158118
15,701,229.07170755922567,220.312081705733
15,702,229.36884605711305,220.38893252705623
15,703,229.69445372880273,220.47081112615373
15,704,229.96845161303335,220.58136177183292
15,705,230.12086963456056,220.74272846382274
15,706,230.12443133005735,220.91358728330448
15,707,230.01102862990558,220.97253734378836
15,708,229.85798362263142,220.82894973661917
15,709,229.7866726060313,220.4386212862709
15,710,229.894484307786,219.77015926678507
15,711,230.2373581745218,218.86453702588813
15,712,230.8381184473208,217.90901993249426
15,713,231.6420169255173,217.1354374002791
15,714,232.5542010005061,216.72082052506778
15,715,233.45725216974262,216.7970160233035
15,716,234.19517967703317,217.46021520721402
15,717,234.61106307636297,218.6081299210492
15,718,234.62606501573137,219.92084209622072
15,719,234.19522807453228,221.05354821353555
15,720,233.35798244556918,221.7111293790044
15,721,232.27213408394633,221.5930818230125
15,722,231.15446782544694,220.66810069561205
15,723,230.18718286506257,219.21894285690604
15,724,229.50012942726036,217.62153626205367
15,725,229.150945598344,216.2448079980258
15,726,229.1067085552292,215.51170802689327
15,727,229.2431307219475,215.64426591247994
15,728,229.44184904678133,216.6357020409732
15,729,229.6357323285591,218.36614016103238
15,730,229.76009948997202,220.57706363794418
15,731,229.7794343712618,222.83903306339135
15,732,229.69575944266066,224.71790648612327
15,733,229.4945484449272,225.82825542855466
15,734,229.18051242464404,225.90106895555576
15,735,228.76175636026406,224.90738387330356
15,736,228.27614298667243,223.11240765837957
15,737,227.82400902449157,220.93882495704392
15,738,227.54309197238103,218.88470945185077
15,739,227.49412950828216,217.36119061056993
15,740,227.76161381589858,216.65836304569234
15,741,228.4069364654128,216.85650645190822
15,742,229.35150534282013,217.77143437354607
15,743,230.43362598928272,219.04900690220052
15,744,231.49921627733173,220.34587911921943
15,745,232.40082730427767,221.28518565883874
15,746,232.9969682581295,221.4979006877546
15,747,233.28080372368092,220.91007881771762
15,748,233.33409301572894,219.66524508112448
15,749,233.27950622764428,217.9949115099724
15,750,233.19438274263797,216.22963393453495
15,751,233.14085629644433,214.78842471062615
15,752,233.1238129149512,213.88261454446916
15,753,233.0698143801587,213.5361265974097
15,754,232.87171289443222,213.62959418257242
15,755,232.4457967327712,213.96725956718612
15,756,231.77121596801913,214.28881080183268
15,757,230.85159512126458,214.40367288402402
15,758,229.81991951927972,214.26837970401843
15,759,228.8964382945263,214.03524126638683
15,760,228.28211570517203,213.93537395539877
15,761,228.06046037128098,214.16152618006566
15,762,228.30091380669802,214.87334146847434
15,763,228.90230785932226,216.1816216096925
15,764,229.623087295239,217.92252629684972
15,765,230.24711061150148,219.7697956641112
15,766,230.65466844020332,221.4915743806169
15,767,230.73050413089416,222.85596799522216
15,768,230.44752865905946,223.57896749194364
15,769,229.89854814731098,223.6138345317477
15,770,229.2058613285829,223.09266939971025
15,771,228.50852142476458,222.19817695048258
15,772,227.9418053082749,221.2053064112401
15,773,227.6305985073263,220.46638656253876
15,774,227.67774096060145,220.2396248255318
15,775,228.12762531530043,220.6499237917769
15,776,228.86311595899272,221.5853102160762
15,777,229.7025797563927,222.81092761955586
15,778,230.4760375714057,224.06229641504166
15,779,230.9936526620666,225.04870774176868
15,780,231.12469126375436,225.5318758815112
15,781,230.91567371171976,225.48578633926817
15,782,230.49750208280838,224.97780091784102
15,783,230.00588748375887,224.1008845377395
15,784,229.572623264445,223.06034833664467
15,785,229.30130637474758,222.1154241872407
15,786,229.20727248518983,221.44983774604782
15,787,229.27293633486104,221.2180991269904
15,788,229.4468065997589,221.4442906442665
15,789,229.68600282891146,222.02961753212122
15,790,229.9247899339715,222.76450379440823
15,791,230.10593551097455,223.43897700426265
15,792,230.19688225993414,223.8727968451465
15,793,230.19206517093107,223.97017811158307
15,794,230.062028474681,223.71757886433147
15,795,229.80117841911454,223.2025155021472
15,796,229.44890287412647,222.53704187636689
15,797,229.06526326642447,221.77212334763163
15,798,228.72563248227215,220.98409399256477
15,799,228.5306307292982,220.20825309004897
15,800,228.5604237553933,219.49631104774946
15,801,228.83191832910813,218.9161361898304
15,802,229.28933132195786,218.62696810907394
15,803,229.82987699836175,218.7839037012599
15,804,230.32135170257231,219.52179365157437
15,805,230.6434406154067,220.75612128493898
15,806,230.72888821988076,222.29561579590276
15,807,230.5692682156682,223.80238020528466
15,808,230.1983091234124,224.88277877027772
15,809,229.7157099617702,225.18083516562547
15,810,229.23862190241599,224.65575420479794
15,811,228.8608995298185,223.44625460900915
15,812,228.65630829203235,221.8744959237025
15,813,228.66985678012256,220.41189155716444
15,814,228.86171276225278,219.52870966160788
15,815,229.1656613936259,219.4509720888556
15,816,229.5061858482385,220.16556394779045
15,817,229.76207175539065,221.41746473333367
15,818,229.85557291461703,222.8094050324119
15,819,229.7760197777435,223.90778073272423
15,820,229.50143177951267,224.37893019158184
15,821,229.05948526152437,224.1286784715435
15,822,228.5693082833054,223.3323362795099
15,823,228.1277068349087,222.21544902178215
15,824,227.8003966580504,221.11452039253803
15,825,227.69643098278803,220.41417157663778
15,826,227.85134905976568,220.33782040014495
15,827,228.21581529109562,220.86123063683556
15,828,228.71005720956964,221.9062327695249
15,829,229.241924715656,223.2354242409112
15,830,229.67425930930617,224.4890897026715
15,831,229.920225833285,225.33772866121944
15,832,229.94051314332947,225.62334968064053
15,833,229.73518068474303,225.32143437687134
15,834,229.35871314100132,224.51524528226182
15,835,228.91166884063472,223.42001031561009
15,836,228.47511250937467,222.33555902425394
15,837,228.13483368504316,221.5227343501511
15,838,227.96724816278788,221.065901292263
15,839,227.97973521833654,221.02258422193808
15,840,228.13265352978152,221.3130190115308
15,841,228.403353324135,221.70579769896975
15,842,228.77338701784083,221.84030710024223
15,843,229.246812058993,221.4235177196987
15,844,229.87253692597184,220.20485465562012
15,845,230.71615321682472,218.2188016228367
15,846,231.77266373377566,215.80737258068257
15,847,232.9650586436467,213.58171267362988
15,848,234.16085019568237,212.18555282744194
15,849,235.16036653313216,212.16454685533
15,850,235.75210407894699,213.58256547061328
15,851,235.82954677909538,216.1014336023385
15,852,235.37879627420145,219.07390911797967
15,853,234.4388649100291,221.78807338870305
15,854,233.12056232174234,223.56470356012167
15,855,231.54371813239294,224.08074689138385
15,856,229.83723098413506,223.3365225523705
15,857,228.15435618610107,221.63182679273595
15,858,226.6155313180611,219.3722847736538
15,859,225.34589609007378,217.10110564552897
15,860,224.50297263145256,215.31290656104244
15,861,224.16541465352387,214.34307331800366
15,862,224.297909269836,214.32611327543663
15,863,224.81369624656296,215.19915211222755
15,864,225.56137826068553,216.62680110078938
15,865,226.37311610172415,218.2137069799473
15,866,227.0704350600031,219.54807800543267
15,867,227.50384274931255,220.27341065290142
15,868,227.64715926320883,220.29977183052083
15,869,227.5520273259452,219.79658214156655
15,870,227.2945671575293,218.99723828561062
15,871,227.00355493721204,218.23344661016606
15,872,226.82353483260488,217.7904267724175
15,873,226.7931063257694,217.785303869402
15,874,226.94359261471453,218.23746935264927
15,875,227.237507695272,219.08080691743532
15,876,227.60906957676653,220.08890071483629
15,877,228.01272542075893,221.1238772552948
15,878,228.44941232514554,222.12313273655684
15,879,228.83051092029342,222.9260297330611
15,880,229.08226226240745,223.3918592456228
15,881,229.1517266920617,223.54477826326962
15,882,228.9980564296795,223.38206448198588
15,883,228.6147089743671,222.8420878691289
15,884,228.08449040535663,221.93128603199676
15,885,227.61238394110734,220.67077471958677
15,886,227.4654597508322,219.007681948089
15,887,227.90529497199768,216.93575438686244
15,888,229.09815645681343,214.58668307092847
15,889,231.08853532168774,212.30050327109757
15,890,233.59289147946492,210.5318782384628
15,891,236.01977860616265,209.86747738910762
15,892,237.84742780284654,210.5127019103997
15,893,237.75498574878807,212.76164694027352
15,894,236.11723279312105,215.42489810872712
15,897,233.23516579690252,218.01244119519754
15,898,229.88239154994628,219.7880460080115
15,899,226.72469975797028,220.6034134843618
15,900,225.18997792899987,220.23844825922748
15,901,224.95470373114694,219.76502018148244
15,902,225.85355243677253,219.41089765499385
15,903,227.32492767733933,219.49012885419413
15,904,228.82023887247928,220.0278215755018
15,905,229.91798440572526,221.20616385186457
15,906,230.49030462026775,222.69197322379372
15,908,230.60324756759331,224.3487062717207
15,909,230.53515149458954,225.99012450421134
15,910,230.49234386591934,227.30906916307183
15,911,230.5917881908881,227.71354627083502
15,912,230.81422290368968,227.32489830648296
15,913,231.05832417124483,226.15959077631564
15,914,231.144379846964,224.44270109203444
15,915,230.99663206265424,222.75930299682696
15,916,230.61603779685262,221.58152016132757
15,917,230.05451660894522,221.04078972471854
15,918,229.47389188528044,221.21947570127202
15,919,229.04374234052415,221.97979637747642
15,920,228.845920346798,222.8641906614542
15,921,228.91123137370838,223.5669193567612
15,922,229.16214540732992,223.9480423579282
15,923,229.40809627801542,223.86447296118195
15,924,229.51353265911973,223.3285407714343
15,925,229.42125106722682,222.46906481507978
15,926,229.2130769999383,221.39316561365976
15,927,229.1076165641065,220.16744933602783
15,928,229.37905920936748,218.83642777474847
15,929,230.21870912260465,217.46003459380148
15,930,231.7324898945959,216.19002158257
15,931,233.77196196679722,215.24421590501768
15,932,235.98874348830586,214.96287841657025
15,933,237.9234548906254,215.59258285538638
15,934,239.13471193213428,217.1129761439217
15,935,239.3005035339312,219.25968371672923
15,936,238.3676688866639,221.57238366974462
15,937,236.5238352644679,223.43593609669108
15,938,234.14088597778078,224.41550214582458
15,939,231.71714862200696,224.4680447337766
15,940,229.71489079129373,223.76939248131944
15,941,228.41960823194913,222.65796078173787
15,942,227.89797443142743,221.50673862771242
15,943,228.07589708357017,220.68317336923778
15,944,228.69348493249308,220.26384401080455
15,945,229.4461907896951,220.26011289986388
15,946,230.0865465602286,220.60255113831477
15,947,230.52967868864252,221.23563090021642
15,948,230.70153095995786,222.00688604540102
15,949,230.69484092031507,222.72132653453062
15,951,230.55058674796823,223.19718788884478
15,952,230.36859759702253,223.3395747008407
15,953,230.14784714751858,223.06258501502958
15,954,229.95571268721136,222.42828213249055
15,955,229.7597663276362,221.72998239929686
15,956,229.63510275513735,221.2642276079416
15,957,229.51735406722167,221.1425874718772
15,958,229.37542174665137,221.39813794332588
15,959,229.21882591313712,221.97790537681507
15,960,229.12242472321336,222.7251375505823
15,961,229.08330097157545,223.3693017532566
15,962,229.14818649674982,223.79937941777357
15,963,229.30056477522263,223.96373119594364
15,964,229.40549532443373,223.7500539410009
15,965,229.2767693766438,223.07481843477652
15,966,228.8519999396816,222.0115790759306
15,967,228.19485538211242,220.58319921780685
15,968,227.594038422934,218.82418082127612
15,969,227.42599166911603,216.84355986291666
15,970,228.08322005908408,214.8802584226174
15,971,229.7772094870283,213.2170391677478
15,972,232.31455820814614,212.11835180028842
15,973,234.9126281253069,211.7031125986819
15,974,237.09647502431875,211.94052792640545
15,975,237.16797661213434,213.24972279531022
15,976,235.983218861313,214.6053153648405
15,983,233.94705667845898,215.6810565165943
15,987,231.78450861546867,216.81839652990465
15,988,229.61440304818737,217.96830154413135
15,991,228.81805514981824,218.419207700887
15,992,228.49324307439147,218.79197963107615
15,995,228.47023211395305,219.15208874675884
15,996,228.6026388687347,219.11635524731037
15,997,228.95109633485885,218.90351923799417
15,998,229.52272530233898,218.82883661715252
15,999,230.20601106474513,219.17684953679176
15,1000,230.77424343762246,219.95660263900723
15,1001,231.10694496225256,221.06281766789556
15,1002,231.2659857486738,222.3663761529188
15,1003,231.3270671113258,223.61691135428185
15,1004,231.2378432084202,224.54544499951697
15,1005,231.0240814645159,225.05740524863057
15,1006,230.6844167089268,225.12265484972667
15,1007,230.11707131909185,224.68641043444217
15,1008,229.26861317365226,223.79595969303523
15,1009,228.26444167238105,222.5952186949966
15,1010,227.3320672165106,221.30165928306317
15,1011,226.72496763081435,220.12072118067542
15,1012,226.6296148200972,219.1767145557339
15,1013,227.10712373355528,218.58087374063894
15,1014,228.03266705182423,218.42461094823767
15,1015,229.21082395772856,218.74925251097258
15,1016,230.3781515822158,219.56271882990964
15,1017,231.27188563558997,220.7746296789129
15,1018,231.68201636927685,222.16030980882772
15,1019,231.5514163087937,223.412362289655
15,1020,230.93303650213753,224.17523851756442
15,1021,229.93867340137228,224.1422525129173
15,1022,228.76514459923413,223.24308629655116
15,1023,227.68896973670869,221.741180938661
15,1024,226.94860655481398,220.06522832873307
15,1025,226.637219695727,218.65822008378703
15,1026,226.80388313830872,217.94265602825178
15,1027,227.40874449613656,218.1973180299984
15,1028,228.27490294856315,219.36073971882607
15,1029,229.15374663380564,221.1200210544824
15,1030,229.87628342007045,223.05646347806527
15,1031,230.32852092797665,224.7083703876141
15,1032,230.43377634632895,225.63137026750513
15,1033,230.20159541417405,225.6041181317779
15,1034,229.70673191303942,224.62072452489716
15,1035,229.0266755516218,222.89723512517116
15,1036,228.23181175922505,220.81522554943052
15,1037,227.45509974674894,218.85448793663227
15,1038,226.84318327235746,217.424132609627
15,1039,226.5080089278946,216.79825089504374
15,1040,226.5414350940578,217.0846602488904
15,1041,226.97154861267597,218.1698062458912
15,1042,227.69803146908924,219.75783599524448
15,1043,228.55504204570428,221.47156204334502
15,1044,229.36459606382635,222.95783474505865
15,1045,229.93724628268913,223.9430740257378
15,1046,230.15776644038954,224.2828687651444
15,1047,230.013776715756,224.0250498444535
15,1048,229.5660190145565,223.33362452370693
15,1049,228.9435932415727,222.45001922608836
15,1050,228.32002764968976,221.6050065226772
15,1051,227.84111497141976,221.0204742788192
15,1052,227.5954396485127,220.80535116972007
15,1053,227.61473682863897,220.99495007246585
15,1054,227.8731910119153,221.54281400635762
15,1055,228.28176393480143,222.34895152753563
15,1056,228.730420192681,223.2512982073747
15,1057,229.11656899825667,224.06429938477677
15,1058,229.36279661412723,224.6498863936127
15,1059,229.4127454056504,224.92253539780287
15,1060,229.27383342787286,224.84143285861268
15,1061,228.99376329023892,224.42561787493622
15,1062,228.64883506319916,223.78346288766932
15,1063,228.32738957758335,223.05205882354224
15,1064,228.10489377803566,222.38146964222955
15,1065,228.01956855952164,221.93987317274522
15,1066,228.07753515007454,221.8383263216729
15,1067,228.2696932880193,222.10528739894656
15,1068,228.54042290561534,222.67321930814742
15,1069,228.83401756527596,223.39641920378165
15,1070,229.0969294323794,224.06744901260407
15,1071,229.27897131436544,224.53278581746974
15,1072,229.32419807620343,224.70696856927913
15,1073,229.2255571375182,224.5733056940831
15,1074,229.0033521592446,224.18876541828797
15,1075,228.69672205589092,223.68686452177062
15,1076,228.36777296915736,223.20716579498455
15,1077,228.10022972655008,222.8687806201893
15,1078,227.9435939082289,222.73431864399234
15,1079,227.92325803199654,222.8093331726749
15,1080,228.0454143272392,223.06510019835102
15,1081,228.27458987169575,223.4171634537208
15,1082,228.53891495848694,223.7429100696805
15,1083,228.78355315189452,223.95725160722816
15,1084,228.95737480745885,224.01799247674901
15,1085,228.99585585665028,223.86850420869982
15,1086,228.86993350414627,223.51470130251403
15,1087,228.59427032330876,223.03009083707985
15,1088,228.20506722561413,222.5111517709054
15,1089,227.76784754114573,222.05760982051814
15,1090,227.38449391467873,221.77789436401136
15,1091,227.1314420603887,221.73356155241876
15,1092,227.05121261632343,221.91462571358113
15,1093,227.15444141290155,222.27698740768037
15,1094,227.40577359634472,222.72696913801562
15,1095,227.72323775596774,223.17985135751468
15,1096,228.04066283730305,223.54980788179125
15,1097,228.29684346396417,223.78512606005506
15,1098,228.43679018216332,223.83923581975992
15,1099,228.44065407590676,223.7270367790572
15,1100,228.34363648073628,223.46871562364296
15,1101,228.18545585117218,223.12062011346367
15,1102,228.02738210429789,222.7985184386143
15,1103,227.9028625342331,222.54633972154005
16,0,222.2085213737565,205.46266533581496
16,1,222.22358440258017,205.5387632466096
16,2,222.2374119531301,205.62740601583954
16,3,222.24931173926527,205.72173419729216
16,4,222.25920983387545,205.7926176736231
16,5,222.27038296484437,205.83825428249148
16,6,222.28242124228134,205.85885596748977
16,7,222.29961402254276,205.86722381529125
16,8,222.32660833308285,205.87430216154792
16,9,222.35537280834288,205.88359281716714
16,10,222.37350120975316,205.88642617338104
16,11,222.38008218151776,205.88163956321495
16,12,222.3762461866409,205.86815747165772
16,13,222.35736247052756,205.83845783610354
16,14,222.32795717913132,205.79618603247306
16,15,222.29987487604603,205.75281407046552
16,16,222.27752653676498,205.71473332690914
16,17,222.26273363091792,205.68517932840052
16,18,222.255229521564,205.6716445991462
16,19,222.25379462055503,205.67386112450333
16,20,222.24679090081136,205.68632215567203
16,21,222.23193512149166,205.7042936921806
16,22,222.20883743455485,205.72120914524842
16,23,222.17748669917913,205.73009568018546
16,24,222.14135587989153,205.72796554686994
16,25,222.11490968678578,205.71712385881412
16,26,222.1007126966302,205.70239914220815
16,27,222.09599388448362,205.69274762290235
16,28,222.09890069394848,205.69213283670246
16,29,222.1028830972715,205.70072770411178
16,30,222.0994059700309,205.71950073485036
16,31,222.0878522232779,205.74449767128493
16,32,222.0806112749781,205.76923210754455
16,33,222.0855823834485,205.7919279069272
16,34,222.10715685687438,205.81419501334818
16,35,222.1458927608797,205.8289393158435
16,36,222.19643615559272,205.83150781342485
16,37,222.23752409298305,205.82287868632073
16,38,222.2610447665458,205.80362453757527
16,39,222.26694947639712,205.7725571747388
16,40,222.2590728661126,205.7360754415555
16,41,222.24360930553374,205.70222166509518
16,42,222.23336813970423,205.67257609482772
16,43,222.23302361620753,205.64783753667714
16,44,222.24319698274405,205.6322142959877
16,45,222.25857082818328,205.62650965410558
16,46,222.2725558211704,205.6261831323534
16,47,222.27926836954592,205.6321274339166
16,48,222.2746077572782,205.6454884546143
16,49,222.255573037032,205.66228842620163
16,50,222.22601479822177,205.68129866476158
16,51,222.1929965765376,205.70534509055202
16,52,222.1645510343941,205.72819479635618
16,53,222.14611349898584,205.74621495964502
16,54,222.1410408999532,205.7597011957334
16,55,222.14826098863898,205.7687699415554
16,56,222.16707596793984,205.77009858827228
16,57,222.19442355015985,205.76775405465173
16,58,222.22721795161536,205.7642871394368
16,59,222.25868356590976,205.75804452477377
16,60,222.2852793569268,205.74814926404602
16,61,222.3017562613653,205.74255687932651
16,62,222.30466738660573,205.7442267489325
16,63,222.2930603997587,205.75278142474463
16,64,222.27566465386184,205.77265826513425
16,65,222.25978184596815,205.80241282878364
16,66,222.24965536619496,205.83086657136226
16,67,222.24663429767017,205.8501309097494
16,68,222.24674951650414,205.8502169225337
16,69,222.24452699510846,205.8245742627434
16,70,222.23253137585812,205.77738450167897
16,71,222.2069101876759,205.71667680803154
16,72,222.16886157325496,205.64943641953226
16,73,222.1265996381777,205.59407760350678
16,74,222.08036104094919,205.5566474603394
16,75,222.03083745680476,205.52964543195208
16,76,221.98181847413525,205.50598365400916
16,77,221.93415237633303,205.48470495000242
16,78,221.88691410119162,205.45891216256814
16,79,221.84593381202282,205.43259242120737
16,80,221.82302719908608,205.43054252817018
16,81,221.82280001535702,205.4686002720656
16,82,221.84647926906808,205.5507023103629
16,83,221.893676012355,205.672623382352
16,84,221.95725900558136,205.82045523839818
16,85,222.0213228254054,205.95491274179568
16,86,222.07394145881042,206.05457687457024
16,87,222.11080272400028,206.11086525747416
16,88,222.12859494448742,206.12619682776096
16,89,222.13161540992687,206.1075556336343
16,90,222.12841531168291,206.0719786584387
16,91,222.1243033611145,206.02723169718277
16,92,222.11870423189438,205.96858798259933
16,93,222.11509156163595,205.89407709659352
16,94,222.11132358363312,205.8058009406465
16,95,222.10262727669652,205.7103079703187
16,96,222.09001130055796,205.61371577325312
16,97,222.07730839160197,205.53448205352092
16,98,222.06088354541782,205.47929056196722
16,99,222.04204329871098,205.45238505968064
16,100,222.02672003982616,205.45002714226345
16,101,222.01525485087603,205.47303513704443
16,102,222.00820375919227,205.51455087608198
16,103,222.00664329657718,205.5676867495084
16,104,222.01166951621676,205.61927663564583
16,105,222.02084690900836,205.66768494272776
16,106,222.03504031136734,205.7076653810285
16,107,222.05281336363933,205.73634578269517
16,108,222.07277107444935,205.75646703569558
16,109,222.09236554834592,205.777570661342
16,110,222.11224775230494,205.80166014894252
16,111,222.13032994526822,205.82323856168955
16,112,222.14567490763187,205.83577210727762
16,113,222.1599416768622,205.8394615772335
16,114,222.1711209918217,205.8350399467549
16,115,222.17789546784047,205.8210109999186
16,116,222.1869320399637,205.80650298215252
16,117,222.19946615429825,205.80001824126677
16,118,222.21738223494782,205.79643172219232
16,119,222.24273681349393,205.78891002892982
16,120,222.27049150703496,205.77869374916816
16,121,222.28485710320462,205.76908251923953
16,122,222.28473328682287,205.75949227541707
16,123,222.26848601501092,205.75653928464826
16,124,222.24343751945628,205.76827010565577
16,125,222.219853861599,205.79264617018185
16,126,222.21212419481054,205.81501900071518
16,127,222.21819848820007,205.8291298356359
16,128,222.23155531015792,205.8236445844446
16,129,222.237217337169,205.78792484688427
16,130,222.2305013123827,205.72422688036065
16,131,222.2048239493912,205.64283038855302
16,132,222.16569391863865,205.5565416916088
16,133,222.12788584280872,205.4875759090748
16,134,222.10604470863072,205.45210701074024
16,135,222.0978443338729,205.45008413153593
16,136,222.105515558658,205.4791280846206
16,137,222.12379480251803,205.52548741338734
16,138,222.1410710440721,205.57209588277976
16,139,222.14968825372085,205.60575907811022
16,140,222.15381892784137,205.6253667760504
16,141,222.15176067150213,205.63031436215664
16,142,222.14636045768017,205.62930183098257
16,143,222.1421323014292,205.6247705172689
16,144,222.13664703473881,205.61825871953138
16,145,222.12242106401544,205.61159808210877
16,146,222.10100286559006,205.60949860324882
16,147,222.07361396283977,205.60905936363326
16,148,222.0390195173873,205.61483211305875
16,149,222.00274799201267,205.62810570288548
16,150,221.9745736206607,205.6447482744148
16,151,221.95815863290835,205.6617654702124
16,152,221.95171284256975,205.68752733734556
16,153,221.95517078993487,205.7250258981315
16,154,221.96553348073653,205.78038392782364
16,155,221.97398638544408,205.85282104482766
16,156,221.97706627891077,205.93953193563982
16,157,221.97811925576806,206.02467762600944
16,158,221.97946101668003,206.0995668682192
16,159,221.98531122632266,206.15477034308304
16,160,222.00277528016136,206.1969110238216
16,161,222.0281635202494,206.22478616198543
16,162,222.05261082523953,206.24403977390642
16,163,222.07169472337313,206.25333502838234
16,164,222.08126533057248,206.24499421226506
16,165,222.07916262659418,206.20937918444295
16,166,222.07121757671024,206.14948024287736
16,167,222.06612806397578,206.06410266993333
16,168,222.06902207102002,205.95998521522637
16,169,222.08043002210107,205.86308443583454
16,170,222.09562457655508,205.78540838740741
16,171,222.10918725515776,205.7296865401408
16,172,222.11604872957452,205.70303660250227
16,173,222.11239996529318,205.70206585737193
16,174,222.10176668367578,205.71497456252277
16,175,222.0928218245408,205.73797075982316
16,176,222.09441737842587,205.76611392056475
16,177,222.11070735031626,205.79139511423813
16,178,222.14232563757255,205.8126310710635
16,179,222.186292400926,205.8244964286183
16,180,222.23356625875354,205.82248182445866
16,181,222.27402127999505,205.81181662991878
16,182,222.3042204472581,205.79840803598023
16,183,222.3235443823217,205.7840022694757
16,184,222.33010209775927,205.77321344691057
16,185,222.33057015063508,205.7725757816177
16,186,222.32877123855104,205.7742000245051
16,187,222.322936103046,205.76859886335012
16,188,222.30934781572776,205.74976958932982
16,189,222.28938254747885,205.71474942336718
16,190,222.2599246489888,205.6595677632449
16,191,222.2208303339997,205.59764649004507
16,192,222.17674237509976,205.54864649336884
16,193,222.1374158042226,205.52906501284377
16,194,222.10475810677204,205.54475871305118
16,195,222.0801489271421,205.5930780868543
16,196,222.0649973694795,205.6597867716838
16,197,222.05776963611385,205.72628168786434
16,198,222.05161168503605,205.7773153023797
16,199,222.04322296253832,205.80260271986407
16,200,222.031581905339,205.80379431433408
16,201,222.01583505213733,205.790401173081
16,202,221.9973590097187,205.77161253508538
16,203,221.9795020188593,205.75466663505006
16,204,221.96387205863493,205.74615534153048
16,205,221.94987420900705,205.74904971652046
16,206,221.9360420455702,205.75767583944815
16,207,221.91875649613553,205.76424370386607
16,208,221.89430808455398,205.7638915394612
16,209,221.8666632330726,205.75733547823054
16,210,221.8445652991972,205.74284986761413
16,211,221.83185647409573,205.72334590249167
16,212,221.83020017386755,205.7003454057349
16,213,221.84488428607435,205.6747546661217
16,214,221.87115533551224,205.64434548798553
16,215,221.89668759177155,205.60760870792816
16,216,221.92015619569824,205.5655253234063
16,217,221.9434038602264,205.53355393814232
16,218,221.96275854805765,205.51320900828412
16,219,221.98070241877355,205.50204387888732
16,220,222.00034889493574,205.50026204606917
16,221,222.01977831423068,205.50362651158838
16,222,222.0388355885675,205.4953261717118
16,223,222.05654377653522,205.4785596392046
16,224,222.07315840599017,205.46067423999347
16,225,222.09108543996155,205.44807268585393
16,226,222.11105651993861,205.44779558342262
16,227,222.1281519251124,205.4673362122256
16,228,222.14383215264166,205.5028826565386
16,229,222.15109152633784,205.5460253041007
16,230,222.14965923804144,205.5846102403383
16,231,222.13790416296848,205.60907876740893
16,232,222.12073884879254,205.61520757977252
16,233,222.0982594079494,205.6057074341153
16,234,222.07849807280553,205.59034943944874
16,235,222.05968179871923,205.58418154811275
16,236,222.05117823490514,205.5976535569445
16,237,222.0564911312971,205.62814460704524
16,238,222.074642395492,205.67054007606694
16,239,222.10302257114932,205.71867990333283
16,240,222.14505127450684,205.76074980496193
16,241,222.1878033222811,205.7867691768419
16,242,222.22304372300442,205.80129833487553
16,243,222.2530588454111,205.80985754384199
16,244,222.2772751063391,205.8153669214878
16,245,222.292080896024,205.8210397930852
16,246,222.3030569907642,205.83404432329087
16,247,222.31393423700746,205.85467874348413
16,248,222.32211689082354,205.87679561707233
16,249,222.32618248002774,205.89279285475322
16,250,222.32808973600743,205.90065471509809
16,251,222.32897626427592,205.89752765617357
16,252,222.32918295600572,205.88465885272478
16,253,222.33276827632616,205.8673820898698
16,254,222.3451378768118,205.85236139825346
16,255,222.36379882525435,205.84265714827274
16,256,222.3870826750013,205.83455237530478
16,257,222.42072302450336,205.82137243420746
16,258,222.48986488930166,205.78444233397684
16,259,222.64132916226274,205.67041725776676
16,260,222.83266850122874,205.24972354226554
16,261,223.34966900728426,205.061215995218
16,262,223.6281052516777,204.46906480455056
16,271,223.86568287836275,203.38609793215895
16,277,223.8781483659659,202.11559976387935
16,279,223.82240982147707,201.36196767146924
16,280,223.37899667286223,200.88732272218272
16,281,223.15200215028221,200.87716206988682
16,284,222.98527559415422,201.37268154093115
16,285,223.04642312518408,202.00210296254264
16,286,223.22884426316563,202.1776780399956
16,287,223.4694868894149,201.53480579010727
16,288,223.68624445631525,200.6662823694601
16,289,223.8008971390658,199.8490949484009
16,290,223.80987650282168,199.38620256038624
16,291,223.68823056069166,199.46097597823268
16,292,223.5991653540671,200.168869714499
16,293,223.59601299933922,201.30229494383568
16,294,223.67163387585327,202.57804245886427
16,295,223.74566826306693,203.66281994838255
16,296,223.75987309327252,204.32025780328857
16,297,223.58295133154962,204.38030907747378
16,298,223.19962003118096,203.88983006044396
16,299,222.67172949042254,202.96477028490986
16,300,222.0950185813017,201.90472928852262
16,301,221.63689053879799,201.05952390987434
16,302,221.4414980693138,200.72525194009893
16,303,221.5469284794922,200.97424346434786
16,304,221.90211651738957,201.77843747952812
16,305,222.4461116395346,202.98526726778837
16,306,223.05768054618372,204.33214766121876
16,307,223.60741918666974,205.56184514652904
16,308,224.00288203989527,206.53565847872974
16,309,224.19676625899297,207.10167733790934
16,310,224.16854282560016,207.13774475036675
16,311,223.91498240025274,206.65494265588114
16,312,223.48522710591686,205.78858480328938
16,313,222.95059020162202,204.67118186630708
16,314,222.3979855162302,203.50616665956113
16,315,221.89773432128732,202.53032157122507
16,316,221.52549288159912,201.93183579849298
16,317,221.33226643852254,201.7494673159852
16,318,221.32883228750248,202.02926443248074
16,319,221.48573765219828,202.71331853526416
16,320,221.7541054085852,203.6085922670366
16,321,222.08218254084764,204.49969865625278
16,322,222.39243190923335,205.22759503668016
16,323,222.6360766710367,205.60099649728582
16,324,222.79140637587508,205.56841951255691
16,325,222.8752087785043,205.24137544683674
16,326,222.88606843412705,204.75619790332007
16,327,222.84151806364832,204.23580976950947
16,328,222.75538428522364,203.84249562067077
16,329,222.64889708590792,203.67387924179712
16,330,222.5182581328351,203.74096045440052
16,331,222.38919958900252,204.00591746434563
16,332,222.28403674585638,204.43499345460893
16,333,222.20470100109233,204.9592325873577
16,334,222.14520034639074,205.49190127775177
16,335,222.12101371926005,205.9633676758575
16,336,222.1210416030639,206.3251505519445
16,337,222.14031967661808,206.51813608865592
16,338,222.1938114036719,206.50145459678416
16,339,222.2792061318676,206.28514625287522
16,340,222.372608611138,205.9046036038373
16,341,222.46725528994395,205.4556940631334
16,342,222.5537190431171,205.05585337102272
16,343,222.61049739237325,204.7926372925443
16,344,222.63590897050176,204.70124996729518
16,345,222.62641603155745,204.76741653601403
16,346,222.58093573777256,204.90858157814355
16,347,222.49694395568224,205.0466159344641
16,348,222.38414299060776,205.12910563230557
16,349,222.25329820346133,205.12047838067102
16,350,222.13703094347377,205.01819052281786
16,351,222.05801501184322,204.8776071482643
16,352,222.0387253428318,204.759890748231
16,353,222.0896105326321,204.70140189284734
16,354,222.20371387545842,204.75065484891223
16,355,222.34713641758208,204.95225891619663
16,356,222.48947979577486,205.277735481983
16,357,222.5970055177912,205.64901785301038
16,358,222.64604319456552,206.03088405329703
16,359,222.637028767483,206.35268295129737
16,360,222.58112121090437,206.5336103150743
16,361,222.48414081257758,206.53094595363567
16,362,222.3595855461592,206.35499177563534
16,363,222.23031226873405,206.00070061677422
16,364,222.1083773448472,205.51994836215923
16,365,222.01992949446418,204.98236247619047
16,366,221.9883507337114,204.49213675168426
16,367,222.02709952145835,204.14893118143218
16,368,222.12022799557732,204.03132062479185
16,369,222.24974851402843,204.16072698225977
16,370,222.38298196537383,204.5252249938947
16,371,222.49845464347274,205.03898970496294
16,372,222.58711068386347,205.53982986742068
16,373,222.67498575929542,205.85843560967035
16,374,222.78588549028112,205.87451202025122
16,375,222.95242979208817,205.52030783747819
16,376,223.20749789620692,204.81131115584844
16,377,223.57552025731334,203.89578862549664
16,378,224.0554924215651,202.98619752747075
16,379,224.64607876103798,202.27041197009578
16,380,225.33022096595545,201.88348075518837
16,381,226.0567006425329,201.8195271148547
16,382,226.77190825531844,201.95197388182066
16,383,227.42988098062824,202.0947422408303
16,384,228.0034641451609,202.08987645968517
16,385,228.46124141177114,201.80405823081077
16,386,228.83078720838245,201.2545132286843
16,387,229.14871934437247,200.53861892813484
16,388,229.43429233764903,199.80123211518793
16,389,229.67624892087008,199.13661432090916
16,390,229.88991156143345,198.64808511167982
16,391,230.0452206835163,198.4018901052803
16,392,230.11019817317904,198.3470585670733
16,393,230.08231472735383,198.3895596668273
16,394,229.98209661109976,198.4532743754516
16,395,229.82191751990396,198.46433744275873
16,396,229.63321150880444,198.32819156695797
16,397,229.45424601138123,198.0769636371539
16,398,229.3394930568956,197.72485454681402
16,399,229.33354445872817,197.31943396441562
16,400,229.459338760584,196.91302553115156
16,401,229.70703048438156,196.58498540667338
16,402,230.02951541640581,196.38814498812022
16,403,230.34074950997714,196.4054841546339
16,404,230.5615207396305,196.6603033285005
16,405,230.6525927401432,197.07964421631127
16,406,230.62055532689755,197.54459557285412
16,407,230.52517629050396,197.9170477162535
16,408,230.43138391155594,198.058948697005
16,409,230.39264718311063,197.89130710730782
16,410,230.44671942262565,197.4515971556823
16,411,230.62650293381748,196.80327080162064
16,412,230.9079906515083,196.06021504483806
16,413,231.25598308263068,195.35146271277816
16,414,231.63492161109394,194.77999871252544
16,415,231.9929997523103,194.45887166563153
16,416,232.22680549993896,194.47623011718417
16,417,232.27968172902905,194.79251266319525
16,418,232.136340875642,195.31938054013742
16,419,231.81671598358892,195.94314916918574
16,420,231.38164128893803,196.39276485885404
16,421,230.9571449229759,196.49094202816636
16,422,230.66687201001844,196.16311267112428
16,423,230.60055581813245,195.4300978963192
16,424,230.7446786951039,194.45993653245523
16,425,231.02395963960336,193.59609608720245
16,426,231.34840933498765,193.05867995719848
16,427,231.61167533587823,193.0273245265835
16,428,231.71554938536383,193.52912393434167
16,429,231.6895636739329,194.35758606563974
16,430,231.58775702644022,195.20691637696189
16,431,231.4472868993441,195.80014957106923
16,432,231.3010492475387,195.94245415354206
16,433,231.18935901169746,195.60898842824076
16,434,231.09123307561478,194.9344771803652
16,435,230.9822801614041,194.12267915883774
16,436,230.85162371425457,193.45582512569803
16,437,230.6961588566958,193.1643404957645
16,438,230.50470973242614,193.36323316542752
16,439,230.2911288153639,194.0064105323715
16,440,230.1015591564222,194.97492256722174
16,441,229.9585637914924,196.04209365243534
16,442,229.8880461124746,196.90890670101135
16,443,229.90234313244602,197.36456366254254
16,444,229.9983141657113,197.40722643456758
16,445,230.1255547767862,197.09068724053773
16,446,230.22904454188372,196.53949624414793
16,447,230.25825371493363,195.98171090236937
16,448,230.19121014342215,195.51997068480716
16,449,230.029298242125,195.1931239055736
16,450,229.78273140227967,195.01939965185363
16,451,229.5166503439827,194.98548036649515
16,452,229.29294575360012,195.02739428558954
16,453,229.156353666178,195.18298493370878
16,454,229.08636887747014,195.37888405277587
16,455,229.11477519057172,195.5381858773313
16,456,229.1848456650648,195.62431043193928
16,457,229.2462680048232,195.61523087883256
16,458,229.21306449695652,195.48125330707327
16,459,229.0904800364311,195.32992570058582
16,460,228.86069741042567,195.24528166116693
16,461,228.63060590266284,195.25911184865006
16,462,228.44804440178766,195.39392817784722
16,463,228.43872371275256,195.6075752494877
16,464,228.645501646615,195.75283965272666
16,465,229.08270585404983,195.73498065422092
16,466,229.63696721358068,195.54029181647138
16,467,230.2435502441596,195.15363454633436
16,468,230.8086680153762,194.68223801668668
16,469,231.2755056080131,194.30863700964
16,470,231.5771745046667,194.21381472194872
16,471,231.73188095072143,194.4162722705438
16,472,231.77765406312966,194.88948198217787
16,473,231.71650158423495,195.47504638731766
16,474,231.55875890536274,195.99303864113642
16,475,231.39061952807373,196.23255002471154
16,476,231.2832873234058,196.15930424492637
16,477,231.2865090249704,195.85157321598467
16,478,231.47656161961578,195.44323354575312
16,479,231.8497155158431,195.04293196739005
16,480,232.32735981082521,194.77705208000816
16,481,232.8127514688963,194.7561447631473
16,482,233.19079140286544,194.79410476484128
16,483,233.41736733337447,194.67411457080235
16,485,233.56163950919637,194.39188576216264
16,486,233.68791325143135,193.93417436147394
16,487,233.84230633272102,193.20612947867244
16,488,234.1070613979522,192.37801400410194
16,489,234.421368072568,191.7002266882353
16,490,234.6614746159277,191.25706183792596
16,491,234.7495326653906,191.13098761418368
16,492,234.64908192244823,191.3986085795281
16,493,234.30530210076697,192.04846856167566
16,494,233.79295927810463,192.92272622986712
16,495,233.17611197807486,193.8022026017702
16,496,232.51841904698068,194.44934493605018
16,497,231.89417087367798,194.69071209204992
16,498,231.38637345869296,194.46824005870224
16,499,231.0306826789413,193.86836230024227
16,500,230.86843940105067,193.1022772220019
16,501,230.92280366016377,192.41239802805563
16,502,231.17309384408534,192.00671479644825
16,503,231.5824666589403,191.98448922091714
16,504,232.05295178118814,192.42020510326822
16,505,232.5326699248062,193.13932730295733
16,506,232.9638627086961,193.9289305931443
16,507,233.28140345996772,194.61195601156712
16,508,233.43331662728107,195.0944586207213
16,509,233.3988956464978,195.23161224653785
16,510,233.10706843471442,195.13984349702457
16,511,232.46974292053247,194.98801119397794
16,512,231.48697773639051,194.93041855094378
16,513,230.16061405613985,195.0838659781517
16,514,228.5888773000739,195.56237236350643
16,515,226.95521574931385,196.31445316618064
16,516,225.52730466387408,197.24967372251027
16,517,224.4413059953705,198.1892688816348
16,518,223.83462137541224,199.0057296711987
16,519,223.70745166950422,199.6511321550679
16,520,223.95233398944254,200.16241315885782
16,521,224.36835557187104,200.5921928732221
16,522,224.82127132316373,201.08571908343615
16,523,225.13743242428876,201.65759760424078
16,524,225.2484958466316,202.24939866154915
16,525,225.1416756437801,202.7907950515981
16,526,224.82697707695525,203.1591169829673
16,527,224.35770466822188,203.21758405372202
16,528,223.8519725923611,202.9660446531179
16,529,223.3657663609275,202.46259116061591
16,530,222.96882732568812,201.76642506100586
16,531,222.76015920982002,201.03037183642567
16,532,222.73449666088356,200.43952467867584
16,533,222.8127754446593,200.14270531196144
16,534,222.95031359911042,200.1878689074166
16,535,223.09486933099524,200.5630481119041
16,536,223.1827765413342,201.20725779327955
16,537,223.233854368727,201.93496177954518
16,538,223.3138262582812,202.50966267129354
16,539,223.41941368318192,202.80478135743297
16,540,223.5157109464007,202.80690752263445
16,541,223.58930081218332,202.50079627594664
16,542,223.64281743917826,202.0502012917646
16,543,223.63523621962548,201.64735266616873
16,544,223.58694909070036,201.39769495461945
16,545,223.543741065118,201.31764393515834
16,546,223.48693896996573,201.4764433121162
16,547,223.33407080904254,201.7743964749678
16,548,223.09416912019475,202.1531940376541
16,549,222.81383721453258,202.55900970441047
16,550,222.5283522776719,202.95081370025488
16,551,222.30861458089316,203.18788506694955
16,552,222.19185316622696,203.25162319746897
16,553,222.14737031343083,203.0864375772308
16,554,222.12464951847488,202.7327632812861
16,555,222.09459013695198,202.2551927333453
16,556,222.01773466419795,201.81072629002287
16,557,221.95756115763888,201.48177393373885
16,558,222.01584308012963,201.33749386420095
16,559,222.2214033459133,201.37380658082947
16,560,222.5305850862103,201.56094420550107
16,561,222.89332292042064,201.80461709500813
16,562,223.20685679015298,202.0366688143854
16,563,223.36256932094295,202.2109692195119
16,564,223.3237329409796,202.3018015793405
16,565,223.14483029861572,202.3068778267641
16,566,222.9174352564021,202.26763789939145
16,567,222.73920855322532,202.2349991167796
16,568,222.67301476904862,202.22907493324558
16,569,222.74461477231253,202.25379516129917
16,570,222.93010960181857,202.28845868266583
16,571,223.18158298018298,202.32550991366568
16,572,223.4404316601075,202.36775170393884
16,573,223.66954500463552,202.4315918313319
16,574,223.8436274754434,202.53768748785635
16,575,223.9590250778761,202.7055251887444
16,576,224.0131553598037,202.8863253287247
16,577,224.04023336179065,203.01288442956763
16,578,224.0672056054554,203.04330582690687
16,579,224.10402138109993,202.96315899206996
16,580,224.14934653163726,202.80213154961734
16,581,224.2083169655965,202.61438094771992
16,582,224.26310145169316,202.4439477203351
16,583,224.31180761802074,202.33201758098735
16,584,224.38265309874188,202.28499311941474
16,585,224.47756917906125,202.2805582916451
16,586,224.58710203551527,202.2939422927161
16,587,224.6756593363061,202.27530458128663
16,588,224.68764533083257,202.17876578769932
16,589,224.55586201052176,201.9970589953728
16,590,224.2762447440007,201.7519904355971
16,591,223.8843117393609,201.47671554915786
16,592,223.48635696181583,201.23023734400212
16,593,223.1904465645885,201.060277459137
16,594,223.05486099094264,200.9769639843539
16,595,223.1169973801133,200.9136390344196
16,596,223.36359530961678,200.8379954129529
16,597,223.6889558509742,200.76759646483774
16,598,223.97321985015265,200.6851401264767
16,599,224.19872273885036,200.59717115398917
16,600,224.32514026105096,200.56967677466943
16,601,224.32463047341415,200.62494222592355
16,602,224.23866201937545,200.7172842107305
16,603,224.12589300481517,200.82272299086708
16,604,224.01077823136478,200.9072748090115
16,605,223.95889831365682,200.9369787308198
16,606,224.01760993988458,200.86340475512503
16,607,224.17919910334192,200.66921494760277
16,608,224.44019089105194,200.373287543219
16,609,224.73809825853104,199.96701901284933
16,610,224.95792661341966,199.4361123403836
16,611,225.0378029364334,198.86676195585505
16,612,224.98217247942742,198.35167832301167
16,613,224.8190096058941,197.93211931741826
16,614,224.606348163074,197.6728671168168
16,615,224.39697498287745,197.60510905939083
16,616,224.23959230770592,197.64830077246035
16,617,224.1190462893019,197.68748365549254
16,618,223.9924617803953,197.648943456271
16,619,223.85609703380123,197.49157165851528
16,620,223.76161444988156,197.2275467819382
16,621,223.64623931407226,196.91053239697644
16,622,223.52109851348567,196.6680529935141
16,623,223.42726837445795,196.595509603233
16,624,223.32368885149106,196.70694346326405
16,625,223.12282682126695,197.00868079327117
16,626,222.9176783105887,197.49509836285145
16,627,222.76618944263876,198.09098275431143
16,628,222.6900220643911,198.71250390036536
16,629,222.7839559234147,199.31557411746155
16,630,223.119505485686,199.7988753842801
16,631,223.663781072165,200.12762873748244
16,632,224.33074764503417,200.29991035356625
16,633,224.99267480181436,200.34513172306174
16,634,225.51086028458062,200.342245943547
16,635,225.83361238063145,200.41811433423177
16,636,225.88241894186612,200.58618732569136
16,637,225.61581910349233,200.79579651633222
16,638,225.12323860051424,200.94719684455384
16,639,224.52277112188972,200.91240036208973
16,640,223.91336666717083,200.60724252536903
16,641,223.47245634013927,200.07511023316886
16,642,223.36266684160958,199.45874944033756
16,643,223.59305504854885,198.97312577545398
16,644,224.092097413835,198.84151760147583
16,645,224.73631829021912,199.16699367759824
16,646,225.35671533814246,199.8987581119538
16,647,225.84316441746523,200.89041645394047
16,648,226.1523429468761,201.94653362202132
16,649,226.30421495865687,202.83091376129255
16,650,226.33384181193577,203.3889142470789
16,651,226.26668457665562,203.56815215726652
16,652,226.09168666967247,203.39857067102716
16,653,225.85205985220142,202.96995913697572
16,654,225.5449150900829,202.42190533792837
16,655,225.21913847527046,201.91244168536247
16,656,224.92042538080742,201.56666391695364
16,657,224.71055606859048,201.43301778985494
16,658,224.58856557963512,201.50306860065908
16,659,224.6028138048193,201.72081207936287
16,660,224.68771356546188,201.96778666239112
16,661,224.84538899467694,202.1787447772958
16,662,225.02985272762672,202.30618748919076
16,663,225.19438977888672,202.29631414053776
16,664,225.24881534549442,202.13287335270437
16,665,225.22521214552086,201.8466833460464
16,666,225.13251381649545,201.4460767967033
16,667,225.02250045901033,201.00072646226891
16,668,224.90710995138443,200.6548345152778
16,669,224.83180968057647,200.48265128329584
16,670,224.7897866124619,200.54412783571712
16,671,224.711618641267,200.8460131558776
16,672,224.52836318044507,201.38242070950292
16,673,224.36546761980486,201.99571220358945
16,674,224.28274033818485,202.60677984784593
16,675,224.26759299924856,203.17428552498342
16,676,224.35464098630214,203.66908532813653
16,677,224.59160941037842,203.98423204327517
16,678,224.79824789706691,204.17038750948996
16,679,224.8797928673539,204.23400243574915
16,680,224.84160708293987,204.10373102496362
16,681,224.67925270581173,203.77894995920437
16,682,224.35265650256986,203.39610987005304
16,683,223.94428079784254,203.00699740515165
16,684,223.50334375384068,202.70865766213046
16,685,223.0965240274926,202.6286110376382
16,686,222.7783097475297,202.78576125718592
16,687,222.58692995324827,203.0572036891112
16,688,222.51266997865756,203.37395159097323
16,689,222.5458255776299,203.6250948251324
16,690,222.6018988075704,203.70296822154694
16,691,222.63165108411732,203.58457340928456
16,692,222.6266276377234,203.32267124650213
16,693,222.59856413690522,202.9453595696457
16,694,222.56823892183945,202.51602128333255
16,695,222.5696234121894,202.09534431620867
16,696,222.61508940698621,201.72489902013288
16,697,222.71339391303374,201.40622583815218
16,698,222.86513552213918,201.13006309876127
16,699,223.04765544448964,200.85522653937196
16,700,223.28730103122797,200.5629727918563
16,701,223.58445846912616,200.25196114272148
16,702,223.91244001693912,199.9633215673462
16,703,224.20633445710789,199.7316739766975
16,704,224.37568575147472,199.58878745833545
16,705,224.34950893380636,199.5721549656837
16,706,224.1289027315482,199.62846055909915
16,707,223.75951025021942,199.61992026212403
16,708,223.36148601884045,199.45751340056398
16,709,223.15428476456586,199.0857477785713
16,710,223.30537271512938,198.39544556568637
16,711,223.86257239372944,197.44361350693566
16,712,224.78991340817007,196.4208062796457
16,713,225.98535056190934,195.49525819240122
16,714,227.25166835500025,194.78898818457532
16,715,228.34373340502833,194.47445002419272
16,716,229.09328376522996,194.6188077165873
16,717,229.36325326411307,195.16688263535988
16,718,229.12154214335575,195.92256192903767
16,719,228.40213462935532,196.74417537136586
16,720,227.30890362413663,197.4514219560976
16,721,226.02120528176633,197.80665752042137
16,722,224.82816350048356,197.6503004910866
16,723,223.88504121839574,197.1054494116484
16,724,223.28685095058302,196.29757443317772
16,725,223.0896466408289,195.41703830927727
16,726,223.22798704870416,194.80427268374194
16,727,223.48354302179345,194.79048303122315
16,728,223.69311420969467,195.50179130151304
16,729,223.74739049225698,196.96111742933115
16,730,223.58341824720702,199.01449606400533
16,731,223.20428722980338,201.27703020643983
16,732,222.70985502561467,203.30062599577485
16,733,222.21048403103575,204.63769312851377
16,734,221.80267727351725,204.9615736438993
16,735,221.52344346044228,204.23521780634061
16,736,221.36875379821575,202.68207720402793
16,737,221.32794953118446,200.66204153355184
16,738,221.40555471939064,198.6737733415389
16,739,221.57369368381467,197.14032884469978
16,740,221.8812839658042,196.24434918471528
16,741,222.3823264919594,196.03471054486238
16,742,223.04862796391896,196.398801974085
16,743,223.7798046697506,197.11729426772865
16,744,224.4992758368769,197.89724085677648
16,745,225.11703674238748,198.50195924645783
16,746,225.59045580775614,198.71889237982498
16,747,225.95589558327404,198.43065596290083
16,748,226.32295810369388,197.5784881209538
16,749,226.75240927258585,196.39206550441054
16,750,227.25491250856223,195.14406145068338
16,751,227.76220613861506,194.0714706680887
16,752,228.18447894127837,193.36788943277628
16,753,228.39812534657142,193.10356866038717
16,754,228.32408702881642,193.06750317675082
16,755,227.87822143044264,193.08181951773238
16,756,227.07832816307516,193.07775329718015
16,757,225.98766884238523,192.98189518191816
16,758,224.77639561742538,192.8284893631285
16,759,223.69296799752502,192.835283534108
16,760,222.9491462080026,193.18133961685737
16,761,222.6306600831196,193.88611361058992
16,762,222.79893296393288,195.02035288524164
16,763,223.3724788060276,196.58893444738226
16,764,224.08797208718156,198.36978878963183
16,765,224.7188402204374,200.17394806380645
16,766,225.16645593760276,201.86164699668365
16,767,225.3276562796528,203.1821497450074
16,768,225.11631177864805,203.9565817530805
16,769,224.6038650542034,204.22919985074037
16,770,223.9727312823478,203.91439691400223
16,771,223.30802288563044,203.10098319005547
16,772,222.67107071108015,202.07704640811795
16,773,222.20900195363296,201.11934040393646
16,774,222.03193526539206,200.42792534272743
16,775,222.12845415868156,200.29443958001164
16,776,222.48143738585622,200.75323771656775
16,777,223.0189779996059,201.64413192315675
16,778,223.6030752233597,202.75387157631158
16,779,224.05348487238217,203.8161666020683
16,780,224.27136485280278,204.52732770961376
16,781,224.24102646460858,204.76671353293128
16,782,223.99454093515448,204.54014946401685
16,783,223.58951580522313,203.9388079343911
16,784,223.13971364386435,203.1306422181297
16,785,222.7206038341793,202.38824817453917
16,786,222.3743836015306,201.87237040874905
16,787,222.16656908377198,201.69849988240674
16,788,222.10708281185626,201.8562538021768
16,789,222.18059673143665,202.27683670220955
16,790,222.3533788413646,202.7676095697692
16,791,222.55422789722022,203.1946765642948
16,792,222.7131074157052,203.44067335319667
16,793,222.82402968431643,203.45659845536667
16,794,222.85422819900168,203.23626683779253
16,795,222.7714984055673,202.82213505160883
16,796,222.59956103680858,202.27443201136538
16,797,222.39613826930022,201.60108018772132
16,798,222.2182627633626,200.82450429652795
16,799,222.16665285020807,199.961534948446
16,800,222.34697034616246,199.1117287152352
16,801,222.79105305210908,198.3480018905528
16,802,223.4330368606952,197.83217262036104
16,803,224.14114407295008,197.73820625363797
16,804,224.7188607633122,198.1787948755935
16,805,224.9908991224358,199.07501572424172
16,806,224.90640755990725,200.286021020073
16,807,224.496192405986,201.55637062086166
16,808,223.86418047002937,202.55288758910154
16,809,223.19837956553974,202.9939914317296
16,810,222.67146453210879,202.7986487867061
16,811,222.35055403307695,202.0311858504793
16,812,222.29297420524804,200.88057561013687
16,813,222.4517894011961,199.7044384495636
16,814,222.7221322425329,198.92803115500004
16,815,222.98607418808948,198.803101910452
16,816,223.1743853789481,199.3840937976474
16,817,223.19152926962195,200.56863145313122
16,818,223.09954687827954,202.06020718835015
16,819,222.9471763949199,203.3922278594007
16,820,222.76981483020813,204.2315203924429
16,821,222.57362516651378,204.4277134646971
16,822,222.40948052330424,203.98936500135684
16,823,222.24211484776504,203.066830026052
16,824,222.08249683976595,202.03257507022238
16,825,221.9923534205865,201.23522025798692
16,826,222.0227205999923,200.91096471723625
16,827,222.15831648252714,201.14966204644486
16,828,222.38769449116327,201.92730999651593
16,829,222.6814078207325,203.01212362672908
16,830,222.95701458720154,204.09852389653398
16,831,223.16663075939744,204.88692574724357
16,832,223.29305270190977,205.2316917649605
16,833,223.2849614261276,205.0944682092878
16,834,223.13532802323692,204.52895113886353
16,835,222.88823285979353,203.68899857349666
16,836,222.56989609934024,202.82011997339174
16,837,222.22698390706282,202.08975811690607
16,838,221.98224281282413,201.580456423897
16,839,221.88021854424557,201.37500909234407
16,840,221.91723367372555,201.43242238765635
16,841,222.1174231097958,201.56214656739277
16,842,222.50830357086278,201.48931661613085
16,843,223.1359268749861,200.92116545081245
16,844,224.08531410585897,199.61991841337039
16,845,225.412818380761,197.62756991358802
16,846,227.0489396954176,195.21583410738518
16,847,228.8423742092918,192.90270733593482
16,848,230.48808795549508,191.32239352859722
16,849,231.6311994600067,190.97389233682443
16,850,232.02404666464338,191.90689257247507
16,851,231.63646253204874,193.93394760883746
16,852,230.51888968065765,196.53166768261596
16,853,228.8605562727285,199.02363236504056
16,854,226.94842577688019,200.82279881897213
16,855,225.00983177049116,201.66511990156923
16,856,223.16344190001482,201.42387064686358
16,857,221.58450243898474,200.2912500564447
16,858,220.41813882458467,198.672883085055
16,859,219.71923070595096,197.05478922573064
16,860,219.52208954373918,195.80444945303927
16,861,219.8171432821573,195.26006231684158
16,862,220.44979852214473,195.53346915571785
16,863,221.20777617532343,196.49367205985516
16,864,221.92921149775813,197.81716595413792
16,865,222.52405614698915,199.21994182415727
16,866,222.90355931711557,200.3084060869813
16,867,223.03378459517526,200.82088309893896
16,868,222.94134463668615,200.7245160364472
16,869,222.69637365717148,200.140341094933
16,870,222.34538069370507,199.21279384173863
16,871,221.96412448347957,198.32624598155857
16,872,221.64322986192695,197.73056326742204
16,873,221.45493791386264,197.501502732409
16,874,221.41386867001904,197.67762533633083
16,875,221.48900255324983,198.30603601978933
16,876,221.68340430226527,199.1585064131689
16,877,222.00407261090146,200.10650163463114
16,878,222.43632129344982,201.09071900601938
16,879,222.9185308471287,201.97569339118198
16,880,223.37335217486395,202.51032388587367
16,881,223.70020680201063,202.6697572163551
16,882,223.79487217220012,202.4665140532127
16,883,223.61737085957063,201.88196197592328
16,884,223.2308964606225,200.9221397964253
16,885,222.82680535970377,199.64255883300987
16,886,222.7224093604167,198.01335678331736
16,887,223.22999218407926,195.98745569163071
16,888,224.57497449479007,193.6547683355285
16,889,226.80448498915655,191.29406889222523
16,890,229.67099616783577,189.3614473868459
16,891,232.51940636162865,188.48088680463883
16,892,234.68110853368466,189.00171581521485
16,893,235.18616550916897,191.17960845217382
16,894,234.06000448152045,194.0907030387142
16,896,231.37382055360376,197.28052904391672
16,897,227.73605431995125,199.69808616873678
16,898,224.35281609267008,201.0063341041078
16,900,222.77758936834252,200.84213046348793
16,901,222.18599856043073,200.32174453627636
16,905,222.57026865911334,199.73589637408782
16,906,223.56004966648464,199.73751725724435
16,907,224.32834782301748,200.36809578525182
16,908,224.21713733249572,201.6654013976217
16,909,224.07982511324963,203.05154652570923
16,910,224.01742536784175,204.03369283383591
16,911,224.1893178402814,204.28479360276862
16,912,224.5957377325721,203.77133243748668
16,913,225.009958141838,202.53749326834048
16,914,225.20189190751825,200.90372883285903
16,915,225.10002533633602,199.50264575569895
16,916,224.70878923815525,198.74144205537314
16,917,224.12592954487758,198.75550131275975
16,918,223.56864360096262,199.49886172932779
16,919,223.2151204526317,200.75813452279624
16,920,223.13978129268264,202.02386087121772
16,921,223.3491478209916,203.00608305553618
16,922,223.7286806762024,203.52059526207893
16,923,224.03995563341047,203.52136693043028
16,924,224.15869242147488,203.03491364522654
16,925,224.05932939302738,202.23173174828557
16,926,223.81376959359517,201.160846618124
16,927,223.67982841197912,199.86806603360475
16,928,224.0386802778701,198.37389118117915
16,929,225.11666879778653,196.75549744053055
16,930,226.96068903483132,195.13988869238554
16,931,229.41935705769492,193.75860297915685
16,932,232.03368387465795,192.93045048724366
16,933,234.18236118930918,192.94330770425242
16,934,235.36641948638643,193.84067640956673
16,935,235.29422322197252,195.53499049867344
16,936,233.94835834197968,197.67347911123883
16,937,231.63510140903824,199.75118804716075
16,938,228.88821485408718,201.29422655661057
16,939,226.26768199675095,202.09347167247233
16,940,224.2360871389962,202.12428358246018
16,941,223.2370894638498,201.47531316493948
16,942,223.14742619172873,200.58225429474484
16,944,223.7503726033445,199.8521397323263
16,945,224.68649799852687,199.61705691471616
16,946,225.5448659077738,199.87704605399978
16,947,225.70751645512374,200.65320738340617
16,948,225.48736466350275,201.36672596877585
16,952,225.00821255152488,201.83710813533702
16,953,224.4263134960313,201.76262525376114
16,954,223.95686334481326,201.1600738425423
16,955,223.86675515143457,200.2307959096376
16,956,223.92290380513634,199.5412834296322
16,957,223.9248237343081,199.2000030137089
16,958,223.79500121775115,199.39924471649627
16,959,223.5516508742902,200.1883995523779
16,960,223.32012971642183,201.39740003874866
16,961,223.16524072586446,202.69280119975468
16,962,223.20121270010347,203.81977632476216
16,963,223.39894899478008,204.54557077372795
16,964,223.61075048469215,204.65634363921382
16,965,223.60429228707557,204.0961183595409
16,966,223.30908471971,202.98108839129577
16,967,222.82534629827398,201.41481656662896
16,968,222.4521904361123,199.48122447396955
16,969,222.55410944666224,197.34546285858977
16,970,223.5179802582348,195.194374905589
16,971,225.4904052861495,193.22747652694395
16,972,228.29774037500894,191.63916359107216
16,973,231.39819406035548,190.5636193116266
16,974,234.15547530856597,190.06716213122732
16,975,235.85945500296253,190.1876849924331
16,976,235.98076063219676,190.8446024074679
16,977,234.6232928129761,191.9151478454023
16,978,231.83712369230807,193.16031962712268
16,979,228.81218160130848,194.35108077675628
16,982,226.18322076579636,195.2036828673189
16,983,224.5645253772751,195.40785312744646
16,987,223.88385448866725,195.24241623975826
16,988,224.1173108078921,195.218657763678
16,989,224.3921532057122,195.516109056594
16,990,224.38237729000747,196.18389053688367
16,991,224.0627477102493,197.1209067978766
16,994,223.5197103412159,198.06478649312982
16,995,223.17883515756304,198.55019714896002
16,996,223.1427153930326,198.56037754106973
16,997,223.45635343495084,198.31844267877096
16,998,223.88916372894934,198.34641599094698
16,999,224.42775211174066,198.69156312405187
16,1000,224.89160171730717,199.48336076300745
16,1001,225.16214171876194,200.6129448017715
16,1002,225.3788491385406,201.87805554713557
16,1003,225.57613929480914,202.9654183797012
16,1004,225.68404374215206,203.69102443997193
16,1005,225.61650972564843,203.96836661799938
16,1006,225.32619717466386,203.87232465295335
16,1007,224.70648525976475,203.49051424167118
16,1008,223.8076306031182,202.91923767963516
16,1009,222.7759360954541,202.21791905745027
16,1010,221.87789057736703,201.45679845049324
16,1011,221.39601418029866,200.68072480334203
16,1012,221.49664441858576,199.87662678722194
16,1013,222.15778276608143,199.1177414548776
16,1014,223.25182772382783,198.5506356618425
16,1015,224.5628401358195,198.36987411818336
16,1016,225.7796479652661,198.67855457448314
16,1017,226.62211128483753,199.49459237941227
16,1018,226.9059664658201,200.67221879797916
16,1019,226.56303529365516,201.93859887458962
16,1020,225.67069549197296,202.87664365271496
16,1021,224.4311150370195,203.18185866417525
16,1022,223.10598638144415,202.75789312795857
16,1023,221.99381252595072,201.81599018469566
16,1024,221.42525060085504,200.7199203434352
16,1025,221.3771832196958,199.89256618483614
16,1027,221.7933991636924,199.69888627946798
16,1028,222.5338562166495,200.33576824895016
16,1029,223.34064633253573,201.62167688478897
16,1030,223.89433388512754,203.21196391828408
16,1031,224.18339141277366,204.71500793282502
16,1032,224.1941103548771,205.70842077087863
16,1033,223.9379014093389,205.83397360998902
16,1034,223.5128807234736,205.05389221611216
16,1035,222.9928394873275,203.51961603056643
16,1036,222.39215109963104,201.57721354693774
16,1037,221.75377587799235,199.67472023506434
16,1038,221.1799293083879,198.281957344104
16,1039,220.80592536625576,197.6751894518278
16,1040,220.7253323011176,197.95792682039564
16,1041,220.99901811056836,198.98775358437524
16,1042,221.59425925429713,200.44067233695787
16,1043,222.39169235060623,201.9282656730578
16,1044,223.15500275062323,203.13999060965818
16,1045,223.7169439900391,203.8705689851553
16,1046,223.98204379711527,204.0535105531107
16,1047,223.91798488451195,203.7912279689246
16,1048,223.56455188322943,203.2314074519815
16,1049,223.07354223151108,202.56809218487393
16,1050,222.570907740614,201.97266856009972
16,1051,222.14831023934013,201.56248292771093
16,1052,221.87329678742236,201.40380520940312
16,1053,221.7988686180131,201.55567766684874
16,1054,221.90403616771349,201.98399847360156
16,1055,222.13928376036043,202.59559483254904
16,1056,222.45004383636115,203.30419237346666
16,1057,222.75761518788295,203.98226923980994
16,1058,222.96096771760187,204.49558146559707
16,1059,223.00237001922855,204.75619031023334
16,1060,222.88463005830556,204.73271767067706
16,1061,222.6597503204291,204.41525520071707
16,1062,222.40150820886424,203.8472773223303
16,1063,222.19804030873397,203.15163887893183
16,1064,222.1258375869147,202.46910961714622
16,1065,222.19515363179417,201.947284957108
16,1066,222.34647285464595,201.71793085603537
16,1067,222.55852566278327,201.8566451711762
16,1068,222.77535273832174,202.31137308300856
16,1069,222.93003147988355,202.95438096582356
16,1070,223.00274539017846,203.60293092173117
16,1071,223.00772113733768,204.08535863980268
16,1072,222.9190662298311,204.30271943647318
16,1073,222.75297162663813,204.2326790215761
16,1074,222.53770191160777,203.92247460425065
16,1075,222.29159539694282,203.4936059297965
16,1076,222.03766655395734,203.08509202367657
16,1077,221.8203006767977,202.80076087292588
16,1078,221.68346317024293,202.6915835274282
16,1079,221.66536385013444,202.76227032505233
16,1080,221.8039615932492,202.98829818573213
16,1081,222.09090691391646,203.2882416741337
16,1082,222.4708398087692,203.56661004461344
16,1083,222.8695369871939,203.77160470082097
16,1084,223.21312089598766,203.87736713753043
16,1085,223.39019043911617,203.8484398060146
16,1086,223.3337926108913,203.693110440397
16,1087,223.04577199739947,203.44252414651928
16,1088,222.58327289390058,203.1433387352053
16,1089,222.0250529348118,202.85332951734944
16,1090,221.4922035107037,202.6355962516378
16,1091,221.0912185286939,202.54116345005124
16,1092,220.89155116947526,202.59438093102608
16,1093,220.90142386142344,202.76541792132775
16,1094,221.10121709492208,202.99689626251262
16,1095,221.4346814914837,203.23137417002366
16,1096,221.84825045021938,203.4047650449529
16,1097,222.2643583474945,203.46767885770058
16,1098,222.5977898148734,203.39367362656236
16,1099,222.78904878663397,203.20089971166328
16,1100,222.84385544291112,202.91012902923342
16,1101,222.78134300121076,202.56266539606335
16,1102,222.66625489354936,202.25694606535575
16,1103,222.55387196537126,202.02798857401567
17,0,215.49767668303275,177.07148999639284
17,1,215.50263180754934,177.1790230124862
17,2,215.50640500874266,177.30240098205917
17,3,215.51071124037003,177.43432813248404
17,4,215.51743938451372,177.5359222004962
17,5,215.52500848088042,177.60218076867017
17,6,215.53072007098325,177.63955113266942
17,7,215.53492708307,177.6702618590992
17,8,215.53760648924663,177.7017092525429
17,9,215.53562932320492,177.73476008566615
17,10,215.52298478709085,177.7650500464991
17,11,215.50281586828152,177.78854187105546
17,12,215.47816909424975,177.79880558113922
17,13,215.44459709566524,177.79333945391443
17,14,215.40137046162707,177.776918276205
17,15,215.35667986941172,177.75665408164627
17,16,215.31412294414227,177.73611105713212
17,17,215.2766689072297,177.71796124210803
17,18,215.25037645309652,177.70681446859874
17,19,215.2420777937961,177.70223020418592
17,20,215.24981033355633,177.70133729113388
17,21,215.273821709201,177.69968224238175
17,22,215.3128646817545,177.69464616046406
17,23,215.3584896539312,177.68115704108877
17,24,215.40249709742073,177.65796270322443
17,25,215.44203179162056,177.62917417716824
17,26,215.4679973708045,177.60535429357756
17,27,215.47124549135842,177.5903001175196
17,28,215.45338155454263,177.58804110617518
17,29,215.41846979891477,177.5941373893407
17,30,215.3679860417568,177.6031029303365
17,31,215.31116382409311,177.60679521811795
17,32,215.26561542769582,177.60515515872046
17,33,215.24357460688134,177.59723965967638
17,34,215.24462266389938,177.5934190618724
17,35,215.26997871776376,177.59570785398353
17,36,215.3135279072677,177.60352096692034
17,37,215.35687401364643,177.61488255890632
17,38,215.38604692514642,177.63083719636842
17,39,215.39936085101556,177.64540908408193
17,40,215.39762565487086,177.65916665333066
17,41,215.38696363867604,177.6739953734636
17,42,215.37934294422996,177.68990663356462
17,43,215.38213561797775,177.70495970535922
17,44,215.39403038148544,177.71679226828098
17,45,215.4090613768086,177.72531850890132
17,46,215.42113477271232,177.72881445543942
17,47,215.42504190979477,177.72604883589332
17,48,215.4202709088086,177.71661053764439
17,49,215.41398001655725,177.70494254737216
17,50,215.412950022978,177.6888246338876
17,51,215.41924255067437,177.67003180703523
17,52,215.4341195126208,177.64902971309448
17,53,215.455472099217,177.6270078471635
17,54,215.4783163009422,177.6025480203422
17,55,215.4991676976053,177.57952825808056
17,56,215.51809787931973,177.55678455527766
17,57,215.53871074828172,177.53661071885142
17,58,215.56266077167328,177.51904151855575
17,59,215.58480314378,177.50299352772845
17,60,215.60179136579367,177.4852671299471
17,61,215.61128941935516,177.46927388979606
17,62,215.6056862898592,177.4540481962494
17,63,215.58216619815857,177.43993049203596
17,64,215.5506898548254,177.43008458604353
17,65,215.5229745350938,177.42716747146645
17,66,215.5057227799993,177.4274591502483
17,67,215.5007764722801,177.43144379920273
17,68,215.49932555922922,177.43737187040608
17,69,215.4903762580795,177.43983892038634
17,70,215.46172020810235,177.43624953051685
17,71,215.40465329683073,177.42789644452327
17,72,215.32138030669518,177.41189871063986
17,73,215.23128029731365,177.38949771434494
17,74,215.1451544398796,177.36472709383787
17,75,215.06754999874903,177.34009777656448
17,76,215.00613273654125,177.31497011993636
17,77,214.96486312866443,177.29277705050248
17,78,214.93754424438717,177.2753435574433
17,79,214.92074618298426,177.26650466630298
17,80,214.919399804206,177.27363571986177
17,81,214.9342014781576,177.30090069944717
17,82,214.96370829474867,177.34678953143242
17,83,215.00794873747228,177.40788042101235
17,84,215.0680743453715,177.47363456948702
17,85,215.13440238162116,177.52558370161796
17,86,215.19343954824288,177.55742503990683
17,87,215.2361399512897,177.57075414479743
17,88,215.25580676320277,177.56831423470538
17,89,215.24942190794303,177.55630739384367
17,90,215.22485489254552,177.54206676649702
17,91,215.1986266699298,177.52750103887308
17,92,215.18120122991178,177.51094491808962
17,93,215.181295227274,177.49101025922897
17,94,215.19880433427608,177.46630222889883
17,95,215.2240021123178,177.4429341336382
17,96,215.2461227994148,177.42298378602635
17,97,215.25665147921907,177.4075154397911
17,98,215.24573653364166,177.39790976950093
17,99,215.21548313208714,177.3966964546676
17,100,215.1792391146416,177.39988827778242
17,101,215.14258908927533,177.40962037201422
17,102,215.11194817446835,177.42737794235444
17,103,215.0947058876267,177.4501582586692
17,104,215.09489597060846,177.4735811350799
17,105,215.10952380405138,177.49946072300776
17,106,215.14009527164723,177.52409302179547
17,107,215.185705491918,177.54305547402063
17,108,215.24062480524844,177.55946496629517
17,109,215.2945432834534,177.58211207944657
17,110,215.34017006967753,177.61058701174437
17,111,215.3754881487321,177.64064646429551
17,112,215.40371234526106,177.6722542577909
17,113,215.43177931899825,177.70288326326533
17,114,215.46253689337698,177.7232286214399
17,115,215.49716305777102,177.73009576350847
17,116,215.5296760085508,177.72797061431552
17,117,215.54939543828593,177.7195336962651
17,118,215.54948081279224,177.70353954196435
17,119,215.53167107470097,177.67976446226706
17,120,215.49832513896698,177.64837273370986
17,121,215.45437781751068,177.6136918671643
17,122,215.40834345376672,177.5762083136656
17,123,215.36491463097354,177.5402714640441
17,124,215.3299701191595,177.5124981361774
17,125,215.31126709368567,177.49625216093835
17,126,215.31465558615335,177.48447692089567
17,127,215.33471887164993,177.47525673459575
17,128,215.36216692441425,177.46450474455378
17,129,215.38482105655643,177.44879793604073
17,130,215.38870584657334,177.4280725354124
17,131,215.36232197078226,177.40715042745663
17,132,215.31022080294235,177.39180926241048
17,133,215.2503174440615,177.38944023302423
17,134,215.19467896305582,177.40155537093545
17,135,215.1514515323977,177.42492563100137
17,136,215.12786873860205,177.45474528536522
17,137,215.12391674057827,177.48236397078574
17,138,215.1273512928238,177.50034611361738
17,139,215.1341360311605,177.50617670401752
17,140,215.14842684548873,177.50229161599304
17,141,215.16946788138398,177.49349276819075
17,142,215.19540709946284,177.48423086212347
17,143,215.2293293017045,177.47604481168827
17,144,215.2664278610416,177.46879254645032
17,145,215.29086322746468,177.46298087095207
17,146,215.29779906182557,177.4585720552793
17,147,215.28872496300374,177.4573708600263
17,148,215.26200669031593,177.46407267481482
17,149,215.22203018540935,177.48157947898585
17,150,215.18437528163327,177.50827232460853
17,151,215.157723910181,177.54254441478943
17,152,215.14317976622596,177.58298022847458
17,153,215.1408180141932,177.62609844685892
17,154,215.14582902872698,177.67207824349285
17,155,215.14770253775825,177.71999958027217
17,156,215.1432319728221,177.7673290989856
17,157,215.13589647382614,177.8115827344998
17,158,215.13287121565904,177.85095384829228
17,159,215.14466441708058,177.88196017683717
17,160,215.17858512115365,177.90827086896763
17,161,215.22838316218315,177.9314318837076
17,162,215.27934224964588,177.95151186781112
17,163,215.31755906231527,177.96544011135907
17,164,215.3294743915186,177.9605599408973
17,165,215.3150659995409,177.92692689364912
17,166,215.28327803383235,177.864079804909
17,167,215.24784065044673,177.77425578438618
17,168,215.2194241829073,177.66675156824255
17,169,215.20904099469243,177.5697253708352
17,170,215.2086357172945,177.49578164326607
17,171,215.20885798964133,177.44456546388324
17,172,215.20237729501864,177.41454195087357
17,173,215.18554075446227,177.39967731114376
17,174,215.15782168639765,177.38845492285338
17,175,215.13073561736616,177.37893227024537
17,176,215.11679182551762,177.37808441498635
17,177,215.12313083465665,177.38943542806092
17,178,215.15227970344336,177.41546016791457
17,179,215.19894443169426,177.45495603560988
17,180,215.251933711926,177.5039672357862
17,181,215.29883209177046,177.553657596796
17,182,215.33204749639526,177.59880668189413
17,183,215.34813069355536,177.63530797796167
17,184,215.35010693415603,177.65956843617033
17,185,215.34559568731657,177.6728418240503
17,186,215.3393274545021,177.67818513936024
17,187,215.33391889807464,177.67545791506384
17,188,215.3273636876204,177.6673451369333
17,189,215.31759725584283,177.6571895452492
17,190,215.30312881051597,177.64555667549243
17,191,215.28705490818567,177.63531861309144
17,192,215.27178150431197,177.63437877774814
17,193,215.2617332437288,177.64553725972405
17,194,215.2561549902846,177.66680213683128
17,195,215.25327591003258,177.69475933212075
17,196,215.2489549593701,177.72205605263935
17,197,215.24293420362375,177.73847130519198
17,198,215.2353346468888,177.7381828721521
17,199,215.22873771639783,177.72030006962396
17,200,215.22338317461913,177.68371058026904
17,201,215.21946027966675,177.6338060507226
17,202,215.21549279705803,177.57790121940897
17,203,215.21100327339434,177.52154838002085
17,204,215.2047145104329,177.46808138744683
17,205,215.19818961559514,177.42469575534204
17,206,215.193466278165,177.3935313854498
17,207,215.1909689113921,177.37274343570346
17,208,215.19118928574204,177.35881162224518
17,209,215.1974045777197,177.35108378526448
17,210,215.21129397031115,177.3463561898068
17,211,215.2312543452236,177.34211717566666
17,212,215.2540112362693,177.34445581576867
17,213,215.274755905769,177.35997519761128
17,214,215.28935341610136,177.39091604773097
17,215,215.29288408898307,177.43763526575077
17,216,215.2866779730273,177.49911033192424
17,217,215.27432753850601,177.56402595769188
17,218,215.26218235530808,177.62079628598167
17,219,215.25253437357895,177.6627741040548
17,220,215.24719122776878,177.6865113611994
17,221,215.2450702913959,177.69074143293588
17,222,215.24724171305854,177.67771747262725
17,223,215.25210997015142,177.65459392512562
17,224,215.26331995465495,177.6253802211946
17,225,215.28389240214017,177.59929936899587
17,226,215.31450514675348,177.58128608118804
17,227,215.35106191427883,177.57510065827958
17,228,215.38959602755313,177.5791011115101
17,229,215.4172842052235,177.59040194111736
17,230,215.42847376116254,177.59599272881943
17,231,215.4217797574015,177.5918407914678
17,232,215.39999881542985,177.57765625436906
17,233,215.36815954761374,177.55691186876976
17,234,215.33785760035548,177.53736351541968
17,235,215.31366450697317,177.5304190723794
17,236,215.3028099138003,177.53832169872325
17,237,215.30890046389146,177.55860927182985
17,238,215.32909536267601,177.58462867102605
17,239,215.3609144279927,177.61071935960618
17,240,215.40406209878608,177.6304944464081
17,241,215.44747071476462,177.64129394864898
17,242,215.48356108232343,177.64444305821175
17,243,215.51208966599606,177.6466310028936
17,244,215.53213411947104,177.6497476132717
17,245,215.54139051799035,177.65485926265106
17,246,215.5436949403648,177.6631685798389
17,247,215.5412232141039,177.67074904006103
17,248,215.5285625479237,177.66944994491428
17,249,215.50269727345653,177.65444248903137
17,250,215.4645274801862,177.62871466466413
17,251,215.41512090792992,177.59543400966788
17,252,215.35980641882892,177.56203104727945
17,253,215.31381720212838,177.53675510917455
17,254,215.27930240950909,177.5265157230609
17,255,215.25454860060253,177.52662621951083
17,256,215.24203300399503,177.52923247638563
17,257,215.24161058508352,177.52632694935255
17,258,215.25672406078712,177.49202461293117
17,259,215.31015811324062,177.36031886024733
17,260,215.44362194924514,177.0377449047154
17,261,215.75924595452153,176.41281890540586
17,262,216.4156409969716,175.3909393691513
17,263,217.53599356137988,174.02645876463922
17,264,219.10186736149674,172.50891294385164
17,265,220.93546122385868,171.13554971010961
17,266,222.66475320163923,170.3105177623747
17,267,223.77321444842678,170.33967011415734
17,268,223.81105366863756,171.2006086143784
17,269,222.65814083065914,172.70551822248657
17,270,220.51557863070954,174.59328805893534
17,271,217.86129099890877,176.32450149042376
17,272,215.47343546256099,177.47121299465306
17,273,213.98796810669864,177.9296642704653
17,274,214.02706329240607,177.4831086929078
17,275,214.89814547459065,176.59531869794614
17,278,216.31926477662358,175.63331022046862
17,279,217.67721400766416,174.9692619131846
17,280,218.5567181828255,174.71232870420548
17,281,218.36097839399682,175.15050169832836
17,282,217.9027536745848,175.75765846995571
17,284,217.35850269656913,176.3102083281257
17,285,216.97274394246472,176.57332644898656
17,286,216.87508153532042,176.4979050492339
17,287,217.099626085589,176.05854234014274
17,288,217.4446844416887,175.44533823891697
17,289,217.75139331088312,174.85680644696086
17,290,217.92383618344795,174.48147180969295
17,291,217.90139993003447,174.39830355167328
17,292,217.7555895038243,174.6531248450833
17,293,217.52302808638046,175.17354456778475
17,294,217.28994527332748,175.8537949050591
17,295,217.08660495666373,176.53248901982454
17,296,216.8963585823168,177.0863855356268
17,297,216.65855797165864,177.40073375073067
17,298,216.34187958570672,177.4481443167598
17,299,215.9162684297968,177.243609348674
17,300,215.42950287823365,176.89492656664385
17,301,215.00016681669183,176.54621356076362
17,302,214.77586320858518,176.3615727589114
17,303,214.81642075235837,176.4027996773633
17,304,215.1273381919487,176.66147035407153
17,305,215.65949418698295,177.05618891798395
17,306,216.28352548303488,177.48323950282423
17,307,216.83991027875396,177.81026550905833
17,308,217.22976274874387,177.97735909284035
17,309,217.39376573281783,177.96006389619646
17,310,217.31134741937333,177.76628326634975
17,311,217.02446049178025,177.44696662063214
17,312,216.57564659659795,177.09145654113172
17,313,216.03927249647623,176.7627728301349
17,314,215.51588283391607,176.53050913113134
17,315,215.07337364116802,176.43950910551317
17,316,214.74619924804762,176.4894525148176
17,317,214.60125161076502,176.63483801162397
17,318,214.6307899520859,176.8434031982459
17,319,214.76848773706027,177.0692314555408
17,320,214.95943928215286,177.27337193551125
17,321,215.18418006993699,177.39466357837654
17,322,215.37657444973024,177.4087768661828
17,323,215.5184220378099,177.2901952227511
17,324,215.63579636421608,177.04553037759555
17,325,215.77001113537204,176.71054200600875
17,326,215.89600459584685,176.37272066981072
17,327,216.00696397982455,176.09229484980986
17,328,216.09402826894177,175.92284846954522
17,329,216.12377517175977,175.90320248597402
17,330,216.0421191876817,176.03111714775517
17,331,215.86925574976766,176.27655005708522
17,332,215.63960871041945,176.61573991134102
17,333,215.37568155966264,177.00696189714046
17,334,215.14108584147112,177.3742847682176
17,335,215.00914796646975,177.68098274611174
17,336,215.00844944113845,177.90271616445838
17,337,215.1372725775686,178.02358903232948
17,338,215.37533602435886,178.0398725791673
17,339,215.6506706189609,177.98390071365753
17,340,215.8875344396315,177.86440314575253
17,341,216.0331998604018,177.69191023343646
17,342,216.0685352154113,177.47938851504762
17,343,216.00662323555076,177.25444257291878
17,344,215.87256259481862,177.05409026505697
17,345,215.69806528420585,176.91115966716927
17,346,215.514116790846,176.84980709463446
17,347,215.33148671785324,176.8784130523595
17,348,215.15660281866718,176.99306924478944
17,349,215.01146598077364,177.1470315777891
17,350,214.90793075396394,177.2972327108193
17,351,214.84538393113195,177.4107249564321
17,352,214.83930631604562,177.47963592611038
17,353,214.88906484926775,177.4914017344033
17,354,214.99306777483108,177.46585630432895
17,355,215.14607656688702,177.4436069276768
17,356,215.33363365461776,177.45135995192499
17,357,215.52501918643114,177.48597738819984
17,358,215.69805539689358,177.5587589467356
17,359,215.8284318529486,177.66362854178092
17,360,215.89354407878892,177.75939146329543
17,361,215.8783812670255,177.81460407897947
17,362,215.7760691071828,177.8209585947014
17,363,215.60305883117772,177.75741319161276
17,364,215.38034764934633,177.6312627525701
17,365,215.1507225622739,177.4768310606172
17,366,214.9691087716577,177.33221406832544
17,367,214.88221394191314,177.23232314212348
17,368,214.90385165717748,177.2103768792101
17,369,215.02888208232054,177.27819085732327
17,370,215.22485838090384,177.42946315297897
17,371,215.44051239195636,177.63406203709883
17,372,215.62441206413172,177.82953834389897
17,373,215.77056305752893,177.95582904158
17,374,215.9032761663054,177.94121676943712
17,375,216.05736525899357,177.74522995685592
17,376,216.29288576331362,177.36696654256863
17,377,216.6800755256728,176.8547910072443
17,378,217.21208156709736,176.260264053926
17,379,217.85450791261667,175.68888079730132
17,380,218.57649564498905,175.222090812775
17,381,219.30931653063334,174.85629241729333
17,382,219.9753287115575,174.5483463456081
17,383,220.56968177313234,174.27388879788194
17,384,221.11439387644404,173.94579468651153
17,385,221.6126416763518,173.45094355823255
17,386,222.11442637250104,172.78467234063578
17,387,222.6635784630543,171.99734809204264
17,388,223.21634762812644,171.15284466669073
17,389,223.7067621228259,170.2943948328999
17,390,224.1090219566828,169.52756501812954
17,391,224.34915878735072,168.95585113214494
17,392,224.38684893063888,168.60305234049383
17,393,224.27430145811564,168.40697629800204
17,394,224.06154529388334,168.39135108120988
17,395,223.79452336376767,168.52702939367487
17,396,223.56806125832833,168.71607962748598
17,397,223.43255227133147,168.8946267189894
17,398,223.43674933702547,169.03447196703655
17,399,223.6474161550357,169.06370906442095
17,400,224.05103147327827,168.95362296975472
17,401,224.55522926317488,168.7329250068734
17,402,225.06082672289426,168.45587391216284
17,403,225.4464357572552,168.21446696300836
17,404,225.59788696976344,168.09844860133936
17,405,225.50649995448953,168.1559387843991
17,406,225.27506068562062,168.36290955175215
17,407,225.04694245871408,168.64949451273245
17,408,224.92546663171242,168.91309293252618
17,409,224.98246867683127,169.0499769496442
17,410,225.25670601524575,168.9766794221014
17,411,225.7042867046489,168.6570994247191
17,412,226.25310663025897,168.13297460597443
17,413,226.82664694712915,167.48493426501227
17,414,227.36157722400054,166.83482907009764
17,415,227.7658961561507,166.34455600430246
17,416,227.96631011371574,166.16152478440978
17,417,227.91032059729127,166.30873330038418
17,418,227.62625912299444,166.75666870443862
17,419,227.17631866163666,167.3939274611738
17,420,226.68006085434064,167.98404432082242
17,421,226.27040961519,168.31160928845375
17,422,226.0769864532478,168.28394033586522
17,423,226.1451261125609,167.89558524129404
17,424,226.42431154843197,167.2606749381121
17,425,226.78704660662638,166.6359246061978
17,426,227.10230964323816,166.25296490717994
17,427,227.265468406281,166.26988946931522
17,428,227.22916871875975,166.70448659372707
17,429,227.0387296429221,167.43187239614724
17,430,226.78472844254162,168.22519913900632
17,431,226.56442091973983,168.84222895665215
17,432,226.4284048237278,169.0989845558221
17,433,226.40068823909357,168.9392755823178
17,434,226.45675209464687,168.43962122504962
17,435,226.53808629140607,167.77015541354666
17,436,226.56326920761376,167.15894704427197
17,437,226.49319824772846,166.79406703233934
17,438,226.311175520412,166.8082114567655
17,439,226.05727076160173,167.18412717200601
17,440,225.79562000529515,167.8126203233631
17,441,225.60790601472283,168.5329638049186
17,442,225.53816112555452,169.16338334925302
17,443,225.58410524871582,169.54368647541307
17,444,225.69225263032834,169.65207734873283
17,445,225.82282768222575,169.52075519755812
17,446,225.9357762277695,169.22468866393186
17,447,225.99073217806324,168.88228091056527
17,448,226.00123539577365,168.58879736965937
17,449,225.96974931082514,168.41382728561808
17,450,225.87642565058852,168.38807485416663
17,451,225.73118483499624,168.48882706007035
17,452,225.56776610128736,168.70138103750568
17,453,225.3818889494681,169.00060970157548
17,454,225.2190590116454,169.28985824286713
17,455,225.14315577092262,169.5070526598726
17,456,225.13018553624704,169.65898270852318
17,457,225.16275213265112,169.71018557511738
17,458,225.2236972747204,169.66410670588323
17,459,225.2641758900981,169.60654145467493
17,460,225.24338252636142,169.60781217346283
17,461,225.19151870600726,169.65130122381106
17,462,225.13203038557955,169.73452382212685
17,463,225.12565476799222,169.8333779794903
17,464,225.23226908687116,169.83264556836423
17,465,225.48070302416525,169.6509716308867
17,466,225.87280775864446,169.31677129264742
17,467,226.34174194579506,168.877238519323
17,468,226.78710257749339,168.40927479780217
17,469,227.13216422136654,168.09143056641406
17,470,227.33129571579735,168.03768201691844
17,471,227.36611817249835,168.23998056954423
17,472,227.2951096011034,168.64599132559567
17,473,227.18393821032953,169.1359480082263
17,474,227.08631709074035,169.52751666739624
17,475,227.04517822468108,169.6873584202158
17,476,227.08382287349562,169.60361641967637
17,477,227.21211787737107,169.33969330798232
17,478,227.43000870093206,169.01507874952776
17,479,227.6924666024823,168.74133179775686
17,480,227.93464559560704,168.6430843240618
17,481,228.09932626133573,168.74774746472804
17,482,228.12545566717574,168.97429345570052
17,483,228.01311308018336,169.1534686320203
17,484,227.84084944097262,169.20212650217834
17,485,227.7182119693898,169.01635422993684
17,486,227.7322381559764,168.56321536442462
17,487,227.9490235646213,167.89268007959083
17,488,228.35429079577713,167.16662503374567
17,489,228.85986858953586,166.5271381404179
17,490,229.32894085702605,166.11203142532077
17,491,229.65193643922444,165.99494453409613
17,492,229.74561449018427,166.24228623787923
17,493,229.5850817496256,166.81591829399503
17,494,229.19010584995607,167.53877994004642
17,495,228.64585695530405,168.23875125930448
17,496,228.0479510629542,168.77056517912786
17,497,227.50784830827226,168.95778301025456
17,498,227.0975534825428,168.75392015433295
17,499,226.87731128230953,168.2861555115008
17,500,226.84772043585556,167.69104646571782
17,501,226.98466361677808,167.1324856849351
17,502,227.23297758182065,166.7960492815416
17,503,227.55019629056605,166.76815644761606
17,504,227.8871217599062,167.03888646969207
17,505,228.2054581488934,167.49646968276593
17,506,228.46710840224512,167.9717708495935
17,507,228.63854092118072,168.34137697663883
17,508,228.66514784743393,168.53544304842484
17,509,228.47254573757397,168.51250104806533
17,510,228.01374988093932,168.38913223063312
17,511,227.22727685423718,168.37764066073203
17,512,226.07650950413878,168.59640843701538
17,513,224.60018142966808,169.11024614450997
17,514,222.92403993422653,169.92627990298095
17,515,221.2118815718905,170.9410169845005
17,516,219.6668441181699,171.94704591548233
17,517,218.45042383052942,172.7915194663017
17,518,217.67587484670798,173.3939481702997
17,519,217.3652415227485,173.77229276907713
17,520,217.41337394274265,174.00255736256565
17,521,217.68300534686506,174.18849970555092
17,522,218.05553702931712,174.40997275578405
17,523,218.35131281668242,174.66589520751714
17,524,218.43436887385803,174.90913746709114
17,525,218.28924895030576,175.08491142860262
17,526,217.92208998393863,175.1478425045627
17,527,217.39162223937805,175.06627920362507
17,528,216.84526244743904,174.88332156658407
17,529,216.40116619792056,174.6258907481546
17,530,216.12131605128062,174.31733952074052
17,531,216.06492787734024,174.01446375529486
17,532,216.18011382394494,173.80289827470483
17,533,216.36748416167603,173.7401037438229
17,534,216.55313997284654,173.83984310159045
17,535,216.697327059293,174.07700881364093
17,536,216.75424230024848,174.39395757707982
17,537,216.75311132432697,174.68358794971905
17,538,216.7248711677195,174.83789150936738
17,539,216.68269744942984,174.86565691979177
17,540,216.60720976323591,174.8153243864751
17,541,216.51277824466058,174.72201715338858
17,542,216.41648935761813,174.66240324237376
17,543,216.31010628404564,174.70688146296897
17,544,216.20572701102697,174.8315464849111
17,545,216.1348172386339,174.99794785605783
17,546,216.07547600452224,175.18963993260672
17,547,215.95497744547725,175.362144584579
17,548,215.7890619024222,175.50071355376508
17,549,215.60296767987523,175.61844864559902
17,550,215.42085518189177,175.73675004652947
17,551,215.25198155251155,175.83556411981218
17,552,215.1453864550241,175.90669684555138
17,553,215.0940946468012,175.890512686812
17,554,215.07132456108428,175.76420589745612
17,555,215.03061561731613,175.52294120697766
17,556,214.98268738761752,175.24625728543276
17,557,214.94537363974678,174.99093863499448
17,558,214.96063237180658,174.82575057519355
17,559,215.05493042032012,174.77635218401042
17,560,215.2534179211181,174.84735936541787
17,561,215.51165512715946,174.97641064364564
17,562,215.7590167998876,175.12134527852314
17,563,215.90882301061112,175.26379533834717
17,564,215.9195295190653,175.390393356731
17,565,215.78536004251436,175.4824371871058
17,566,215.5830312316233,175.53889799914435
17,567,215.39903164101895,175.5640022255028
17,568,215.30238374228458,175.54991507175444
17,569,215.310722571751,175.49157025251355
17,570,215.41034442960725,175.38680019522545
17,571,215.558638523399,175.248331972786
17,572,215.71981977596968,175.10245292280737
17,573,215.87631152416643,174.96135077679605
17,574,216.02945216038466,174.8446400830004
17,575,216.18001582366693,174.76311960110698
17,576,216.29938113681084,174.72152173741432
17,577,216.37090222850708,174.7130485854811
17,578,216.36547321922592,174.7404727910904
17,579,216.2703462543365,174.78328444780198
17,580,216.10239395913175,174.8447650926256
17,581,215.9334856469027,174.8919243869642
17,582,215.8067880173708,174.8964279431448
17,583,215.7702460054161,174.85470023786226
17,584,215.86115296185778,174.79028369048862
17,585,216.06768736372481,174.72710723572948
17,586,216.3160908342271,174.69915088349637
17,587,216.55776411282852,174.6900214183454
17,588,216.7475718795593,174.6763169409401
17,589,216.8340015351101,174.65658229889658
17,590,216.81468322553516,174.60461436979787
17,591,216.7427194063987,174.50178273948933
17,592,216.67089971754154,174.34446979170133
17,593,216.64054647507535,174.1488463629756
17,594,216.67867514271592,173.92367333325845
17,595,216.78975787083374,173.67547865798326
17,596,216.94027662541532,173.44335805234113
17,597,217.07788257044137,173.3055745946874
17,598,217.17705943101467,173.27827271660698
17,599,217.2410259589937,173.32163504069166
17,600,217.2843972667698,173.42098303376423
17,601,217.33202600887233,173.5485740369648
17,602,217.39583269422067,173.66420909465606
17,603,217.46516799619695,173.7394135545987
17,604,217.5286264167614,173.78392279154104
17,605,217.59188961362034,173.79492394478893
17,606,217.6448959684738,173.75712092226672
17,607,217.6990553373102,173.6556841832209
17,608,217.78357453717564,173.50869863383605
17,609,217.91264780290896,173.31102763911673
17,610,218.03852478685448,173.07083336018553
17,611,218.14369893397128,172.8199021974272
17,612,218.2138357277914,172.58384624024833
17,613,218.22458774883057,172.37151523546402
17,614,218.16459308310985,172.21803365816018
17,615,218.05936063885355,172.13643991816386
17,616,217.93883890363813,172.0976173700552
17,617,217.82634734329343,172.07307149746921
17,618,217.7327645937586,172.04610340144083
17,619,217.66208534296874,171.99239075503556
17,620,217.61970623714143,171.88918483146716
17,621,217.55720493999354,171.75292394380776
17,622,217.452852380225,171.6055624712534
17,623,217.32940476636023,171.46202627245566
17,624,217.18419716150683,171.3657457317213
17,625,217.00023399329302,171.39415077038376
17,626,216.83867408369207,171.54614916075107
17,627,216.73205828402436,171.80292615716522
17,628,216.67162198807014,172.13280784456973
17,629,216.6951540885493,172.43620358123383
17,630,216.85686079718693,172.58603568212334
17,631,217.15039792511618,172.5853949496309
17,632,217.556537610327,172.46148109981365
17,633,218.02766798541865,172.26759075738343
17,634,218.4665143787718,172.11465434758767
17,635,218.79466024390388,172.11082003111048
17,636,218.94644343401,172.24574832308184
17,637,218.87732633383746,172.47983819787612
17,638,218.60694179873533,172.74852852229847
17,639,218.24839182227305,172.94487201705408
17,640,217.88857726823224,172.97583993686493
17,641,217.61208017862808,172.85235885465016
17,642,217.48375651041187,172.62622323959732
17,643,217.55232007919966,172.34628594344488
17,644,217.75181530782925,172.11496826967067
17,645,218.01186258564846,172.01564224885027
17,646,218.2820003235542,172.0498366018524
17,647,218.5371876281169,172.18315529663977
17,648,218.72516430360233,172.4059995459482
17,649,218.85433353232415,172.65556909391802
17,650,218.9412551317622,172.86557807300804
17,651,218.98473130814588,173.0035173070927
17,652,218.97040973180617,173.06186327332796
17,653,218.91323536373005,173.02779164975016
17,654,218.81522126398164,172.93780405892844
17,655,218.6765588430815,172.86684868870347
17,656,218.49524603526763,172.88243459028675
17,657,218.31331170973328,173.00222827848157
17,658,218.152630507808,173.2296709947682
17,659,218.02207933429094,173.55240770046532
17,660,217.93736116839437,173.91120196212543
17,661,217.94185942283175,174.22465298254622
17,662,217.98784209764312,174.47528418460513
17,663,218.0349363368287,174.6550218844498
17,664,218.06751659160508,174.7181708645952
17,665,218.07816165622532,174.6459055003722
17,666,218.0361407195236,174.47839831239526
17,667,217.9789865193831,174.23660984754568
17,668,217.93474503482057,173.94042196223833
17,669,217.92253714616263,173.6143830953901
17,670,217.9299310801174,173.35942133106855
17,671,217.93383702953741,173.23353080541622
17,672,217.88693470227523,173.2676925252499
17,673,217.78586099631457,173.46454184752932
17,674,217.61793813708346,173.88067762923484
17,675,217.36664993038124,174.41473262180335
17,676,217.0753938401961,174.960467389913
17,677,216.8110071184458,175.43767950650164
17,678,216.58823659007984,175.8192627639662
17,679,216.42176860229847,176.0367508864354
17,680,216.35399714452512,176.11126501072414
17,681,216.3303236824187,176.09613022144347
17,682,216.28711599391724,176.06131904135015
17,683,216.18103156896512,176.03898226145287
17,684,216.00390911213492,176.0690725348969
17,685,215.77613129945135,176.18514399272232
17,686,215.54532282169578,176.36945355155245
17,687,215.34251089090426,176.54987430387166
17,688,215.21057002451255,176.68455042334222
17,689,215.13716191720573,176.75011278724313
17,690,215.04754255906948,176.70447291314412
17,691,214.95273719409406,176.54535376847392
17,692,214.88346212552045,176.3283818679335
17,693,214.84109943432006,176.09422091594033
17,694,214.86021925713112,175.8481066666638
17,695,215.00786168270096,175.59673237785262
17,696,215.27102746418453,175.34183618164084
17,697,215.58825849649514,175.06328551053488
17,698,215.9302531430184,174.73411930608427
17,699,216.28068971077235,174.3508151635187
17,700,216.61524775076987,173.95365920510625
17,701,216.9151782006543,173.57564853348975
17,702,217.19687443223108,173.25303764389085
17,703,217.43285903197614,173.03729723187843
17,704,217.55670933966084,172.98804666631142
17,705,217.5352691412726,173.09123214922033
17,706,217.38704807579927,173.2902950486415
17,707,217.1664459218054,173.49086476890537
17,708,216.98871925188232,173.55566537393213
17,709,217.01111127057868,173.33444554649986
17,710,217.3508778401228,172.74832363937182
17,711,218.06015066127074,171.85052189342082
17,712,219.10988682780197,170.76340076202246
17,713,220.3928295334083,169.66301827319162
17,714,221.74365548340273,168.6982870218539
17,715,222.9552307074852,168.00321128510674
17,716,223.80974411062866,167.66149298551292
17,717,224.12652817622748,167.71952541868154
17,718,223.85586784324607,168.08702438961666
17,719,223.03479070924226,168.71590308789214
17,720,221.82083903556023,169.50943463752893
17,721,220.4731331413554,170.24501722283804
17,722,219.308898934153,170.65668119124535
17,723,218.4970704126702,170.72834227511512
17,724,218.12317653854535,170.43242695228747
17,725,218.1379924554746,169.86444472306007
17,726,218.3940279046931,169.28009544108724
17,727,218.65988862640472,169.01910308101716
17,728,218.72370247447725,169.29849648428527
17,729,218.43655827144892,170.26357570616727
17,730,217.7958783543059,171.81301202572064
17,731,216.90373838552887,173.6712314289503
17,732,215.9614576857031,175.47051929912345
17,733,215.18770501212833,176.7694290637452
17,734,214.77371020394958,177.25483163648573
17,735,214.7895497332383,176.88751370644673
17,736,215.16992953883894,175.82141585775503
17,737,215.72704752579932,174.34980027810587
17,738,216.3563696414318,172.86642624094253
17,739,216.94827421330876,171.70582169562996
17,740,217.46213745515436,171.03891092543665
17,741,217.91633607353674,170.89017002769543
17,742,218.38155690067418,171.13656602807922
17,743,218.8308727017108,171.6480765955084
17,744,219.26403842073563,172.1829778778806
17,745,219.6647727921787,172.49087197170758
17,746,220.0728940289618,172.4283832325327
17,747,220.5541459763374,171.9313676608363
17,748,221.20594280358432,170.9180436765505
17,749,222.0377315769415,169.6067741922837
17,750,223.00989686018542,168.2998460613676
17,751,223.97508876680877,167.23147399800865
17,752,224.74609397772537,166.59278290526004
17,753,225.16250131606367,166.46632121092082
17,754,225.12491012344174,166.67246055529625
17,755,224.59762703969307,167.03794590948394
17,756,223.6590191195433,167.44391778511405
17,757,222.45804206029666,167.7600207691029
17,758,221.16639674707721,167.9885406288157
17,759,220.00978864488255,168.27285075290345
17,760,219.13846251762294,168.7374754127872
17,761,218.60196665390913,169.40399885032042
17,762,218.3764114429389,170.3426607646679
17,763,218.3743770981685,171.5718575321215
17,764,218.42764805633146,172.9325419099942
17,765,218.3948741921846,174.24175204739032
17,766,218.23350648426134,175.3928748711553
17,767,217.96590537987785,176.2109809113421
17,768,217.6017626123723,176.554719445894
17,769,217.16581635674828,176.49701154632731
17,770,216.78153686477543,176.09483980231613
17,771,216.46541452260902,175.41404889221275
17,772,216.18210545950367,174.6890593887817
17,773,215.9923441369069,174.13307037751645
17,774,215.97931914072217,173.81044010465607
17,775,216.10548361929844,173.813915118995
17,776,216.3493092143133,174.1779810846554
17,777,216.66743959127453,174.76434089688775
17,778,216.94314744542595,175.4215673992141
17,779,217.0760267139957,176.01322143632203
17,780,217.0436512092541,176.3728196453389
17,781,216.8772268773626,176.45692273919266
17,782,216.61348762337556,176.3011083168704
17,783,216.3321724940646,175.96729165395328
17,784,216.07271164783208,175.58326743965466
17,785,215.84394737548692,175.32744413554562
17,786,215.6445297445401,175.23821272066846
17,787,215.5108657482868,175.32964710576283
17,788,215.41637272919263,175.60324392329977
17,789,215.37187417140888,175.9748429362042
17,790,215.37662973927343,176.30761850061356
17,791,215.41948668020473,176.55441937388048
17,792,215.47197423669013,176.66434269987786
17,793,215.55163074367317,176.56912100797695
17,794,215.65703487383624,176.30507437070384
17,795,215.77702247897702,175.9480738254171
17,796,215.88793924336787,175.54023365792136
17,797,216.03066332522894,175.09978938820768
17,798,216.229512047308,174.64452218343402
17,799,216.50846172218127,174.13217659015666
17,800,216.90899741321152,173.563607811797
17,801,217.46937800711896,172.94752124835577
17,802,218.1164782388433,172.3708566984947
17,803,218.72642091843753,171.96326999234583
17,804,219.13813547791173,171.85646653865015
17,805,219.22743232204328,172.0557672361937
17,806,218.9509886262088,172.52383679353142
17,807,218.34910448258043,173.14431452970624
17,808,217.571420418489,173.76376155848948
17,809,216.84446233343135,174.19979680588702
17,810,216.3416838421927,174.37605504154442
17,811,216.13570671552216,174.27287607827694
17,812,216.24879803692178,173.92648617333867
17,813,216.5912177138236,173.45658067383332
17,814,216.99637337112793,173.05996187707913
17,815,217.31044189632217,172.8919822051919
17,816,217.44509749431927,173.06041081455825
17,817,217.36530076001227,173.59570123374993
17,818,217.1152457547682,174.38693005258472
17,819,216.77598273794962,175.2382847367685
17,820,216.4402998225236,175.9496135210954
17,821,216.16154046144635,176.33633235813195
17,822,215.94538759436358,176.33907305598976
17,823,215.80531998009624,175.99375909943242
17,824,215.76434223263095,175.42987837954968
17,825,215.79657698310297,174.84782444306506
17,826,215.87948831334236,174.4922423869752
17,827,215.9846900668667,174.4619359001642
17,828,216.0639159700117,174.79069362820584
17,829,216.0755050531795,175.39999520178216
17,830,216.0300660888788,176.1065752482933
17,831,215.95461313579244,176.67204147266085
17,832,215.88644362787585,176.9736108465253
17,833,215.81215751430284,176.98481912205776
17,834,215.7039583405185,176.7417271729493
17,835,215.53105918161688,176.34337181103768
17,836,215.27607027461323,175.9411340529091
17,837,214.9823616069342,175.647704805128
17,838,214.7644503641081,175.49047161370825
17,839,214.68367157375675,175.4627078271371
17,840,214.80914036824765,175.48837979792498
17,841,215.16845189414914,175.4274024310368
17,842,215.7728973725388,175.09727971470863
17,843,216.63865162445236,174.28593218822493
17,844,217.86530836966662,172.91559642089376
17,845,219.46512168054466,171.10438813735266
17,846,221.3865033585341,169.0802713306386
17,847,223.43735722609512,167.17636264328615
17,848,225.29346908053878,165.8554342932908
17,849,226.52542790339513,165.44640844561604
17,850,226.8622916010214,165.97045380676192
17,851,226.2514079214738,167.28325120546572
17,852,224.80137987873815,169.07501099188735
17,853,222.75924455460625,170.9392401887859
17,854,220.57219293212364,172.43581481951696
17,855,218.55681356570662,173.34124350621946
17,856,216.8752271866154,173.58030539841963
17,857,215.83546999280432,173.21413284557633
17,858,215.48869652570167,172.73411898867514
17,861,215.63205699065946,172.38992852592767
17,862,216.1296747207614,172.38269826734063
17,863,216.82311736823894,172.76543918727285
17,864,217.35333928971622,173.5458665576138
17,865,217.63070224672506,174.27967201460774
17,866,217.71348179984471,174.78410606348496
17,867,217.61754842153817,174.90596732708727
17,868,217.38297987362367,174.66542434940294
17,869,217.09956556395045,174.09959764772105
17,870,216.80474897714322,173.3351990255573
17,871,216.48698571582094,172.59585281637965
17,872,216.17638099793749,172.01726866503154
17,873,215.9328727825261,171.64217795403567
17,874,215.76592933604923,171.54058846802792
17,875,215.6785706002447,171.75385666262352
17,876,215.72479850513452,172.18594095482257
17,877,215.90577572080474,172.77769797415132
17,878,216.19271949722446,173.4649693021546
17,879,216.52843677480328,174.10653487436264
17,880,216.84140793644175,174.53091936929053
17,881,217.04129558399094,174.6979235790189
17,882,217.0618877027125,174.61760252000303
17,883,216.91856118063666,174.29966696039378
17,884,216.66330289920603,173.73377683835366
17,885,216.44897502342286,172.9046805995527
17,886,216.54276209590387,171.76354564063791
17,887,217.27068020130284,170.2418060493113
17,888,218.81181353855976,168.37726007473793
17,889,221.2490691501604,166.40383821008567
17,890,224.35767367949921,164.6534150326064
17,891,227.49781157251738,163.50069997156626
17,892,229.8173312710548,163.34863430981937
17,893,230.75371150608953,164.2421585217378
17,894,229.2952786756607,166.27041922309098
17,895,226.16085024048107,168.75169535500856
17,897,222.02507212613892,171.22577439770143
17,898,218.0214268324843,173.06140715562708
17,899,214.9110809602542,174.07129703916735
17,900,214.12611195154062,173.93397050976205
17,901,214.75956124509057,173.27844448232085
17,903,216.40130544697575,172.33152909784673
17,904,218.2349973303155,171.5823980592384
17,905,219.63729156917492,171.2928979039409
17,906,219.9608165622964,171.60121500587212
17,907,219.52500107695016,172.31672193752334
17,908,218.6079977278745,173.35276593504688
17,909,217.62685370623132,174.39815614898345
17,910,216.94862536470583,175.08700583860158
17,911,216.76168673052604,175.2171396434223
17,912,217.0294842214241,174.80352546106243
17,913,217.55458953978672,173.89518569064177
17,914,218.06054961257047,172.6962858397319
17,915,218.30365653540264,171.64125529519944
17,916,218.2319442928262,171.02358852714525
17,917,217.9476491843697,170.8637491986423
17,918,217.5960176272493,171.14044944504306
17,919,217.38305548265646,171.74720038845985
17,920,217.38724342223367,172.38452853539962
17,922,217.54580221893286,172.92150586866308
17,923,217.7183922522908,173.33718956172922
17,924,217.81949000604794,173.57982911171916
17,925,217.77042977765404,173.59947061622813
17,926,217.68997207000106,173.36517813882205
17,927,217.8025071241989,172.76456777949164
17,928,218.38882535539153,171.72321238826135
17,929,219.63261169162502,170.33062941148626
17,930,221.6069386002952,168.7827493687526
17,931,224.1272157374701,167.39624725630915
17,932,226.74185635832134,166.4760845511834
17,933,228.81365098656198,166.28943056299775
17,934,229.79812217166946,166.91522657706776
17,935,229.37326152718865,168.27269956222142
17,936,227.59514043242353,170.0492218352033
17,937,224.91186913127532,171.7643061472883
17,938,222.0155115084234,173.04681390446683
17,939,219.59215063331442,173.55919606431004
17,940,218.0993485727742,173.4671106774833
17,943,217.64934785853006,172.96862806682452
17,944,217.9765574274672,172.51002721939793
17,945,218.6480200027364,172.3286989671662
17,946,219.21761986124463,172.63076191499385
17,947,219.42198423837408,173.19642316458297
17,948,219.17646436866409,173.9366381039273
17,949,218.62182863015758,174.58626135580994
17,950,218.00952667842898,175.01916712406333
17,951,217.50429698556053,175.21764555207912
17,952,217.2076650912635,175.15996229245457
17,953,217.17980302528596,174.77298487992886
17,954,217.3559519596609,174.19297130395591
17,955,217.57894985123625,173.59314671059417
17,956,217.79661593962936,173.11751282998316
17,957,217.89746832643377,172.88185737948382
17,958,217.78940920580888,173.0098522394423
17,959,217.53737131328245,173.4369409997048
17,960,217.31805668686636,174.0221597994026
17,961,217.20485765141316,174.5979283935143
17,962,217.23419987301014,175.00226853932745
17,963,217.40806578763755,175.19531162222785
17,964,217.60584815722854,175.19222491896565
17,965,217.65635457378022,175.0106037040078
17,966,217.54946739959718,174.6382623156059
17,967,217.47058777985288,174.00509939337002
17,968,217.67541042347557,172.98997127721182
17,969,219.01653019246456,171.25965968429335
17,970,221.2956587867829,169.22333311366
17,972,224.37615804733406,167.06256741923912
17,973,227.76519102639816,165.13051260765266
17,974,230.7525128300731,163.83325110074819
17,975,232.1490036038683,163.6709468466063
17,976,231.3054817809939,164.66024918161307
17,977,228.845421163968,166.39178474651774
17,979,225.2429746299764,168.4520150430949
17,980,221.39346148767189,170.24243625896207
17,981,217.96811260094748,171.65387268859448
17,982,216.43614311662952,172.0947835467002
17,983,215.65919212613647,172.5578573630599
17,987,215.63498485459286,172.85529297971812
17,994,215.93895322474512,173.28307753806263
17,995,216.44498406392373,173.5866541442755
17,996,216.61035567405654,173.92711210186283
17,997,217.1011211262861,173.77989944375543
17,998,217.77932989564812,173.8596272822582
17,1000,218.46383017556215,174.0659671116186
17,1003,218.88766254287088,174.4212334421512
17,1006,218.95333103525513,174.8917028431105
17,1007,218.56467041329813,175.2897230853588
17,1008,217.75118454683076,175.25957195830838
17,1009,216.8125841413094,174.87830413923623
17,1010,216.02970984908,174.3290881147786
17,1011,215.63010444014918,173.68570351717332
17,1012,215.75186793566922,172.9868404097724
17,1013,216.39066727068746,172.32345362159074
17,1014,217.42907579016315,171.8120562769817
17,1015,218.61152211568654,171.58155086503606
17,1016,219.62352204627413,171.7376145126062
17,1017,220.19025138279105,172.31291822834393
17,1018,220.16161093325468,173.20301444125124
17,1019,219.51433124252335,174.18547460469279
17,1020,218.4012054238932,174.96076585269455
17,1021,217.12134460322963,175.31916202608588
17,1022,215.99768899826176,175.19021708239939
17,1023,215.26398299809355,174.69190850016045
17,1024,215.0336368143586,174.14557270808365
17,1025,215.30500159063843,173.79909828187576
17,1026,215.92087071659788,173.77638914756025
17,1027,216.66847906083453,174.12935094087462
17,1028,217.35966915381334,174.8057816276778
17,1029,217.88507747089432,175.55645583103663
17,1030,218.1472188867295,176.2198749170234
17,1031,218.1460132701327,176.68345575389807
17,1032,217.93656720405943,176.85769061153434
17,1033,217.5900148375055,176.7033005037782
17,1034,217.16962929728103,176.30338986503153
17,1035,216.7065343611626,175.7490798974441
17,1036,216.225373022897,175.16547139861228
17,1037,215.7527986903666,174.68530602968383
17,1038,215.32982014949908,174.40708385728752
17,1039,214.991540019334,174.35089121661625
17,1040,214.82078257120062,174.55955027407603
17,1041,214.8372391985405,175.00543663745302
17,1042,215.06042190786965,175.54835900723896
17,1043,215.44641325986458,176.06193799921587
17,1044,215.89593213979822,176.46215813582694
17,1045,216.3035178929594,176.65668713169254
17,1046,216.6148610190651,176.6288455191383
17,1047,216.7628701867963,176.48133889762138
17,1048,216.70863542520556,176.29767972470597
17,1049,216.48396234559817,176.18312796096708
17,1050,216.14300504498522,176.18349998770873
17,1051,215.7722253909346,176.27096855497805
17,1052,215.45355225189712,176.39440998650022
17,1053,215.3021408751296,176.50716481471449
17,1054,215.35711002099075,176.53749725969567
17,1055,215.60731076024086,176.4572121523364
17,1056,215.973840197349,176.3194753872445
17,1057,216.34681741397029,176.16725968724356
17,1058,216.6014017043991,176.05361725551745
17,1059,216.69561702713895,176.02180132249276
17,1060,216.62358614850012,176.09689020900586
17,1061,216.4512420750089,176.18851325591507
17,1062,216.25978059523385,176.2233185784565
17,1063,216.1123376834575,176.16942947056245
17,1064,216.03187523588747,176.00895363012137
17,1065,216.03794255999418,175.7621637318276
17,1066,216.070791828921,175.54728053899416
17,1067,216.10595419411916,175.45283312875105
17,1068,216.12266754179961,175.50545436656154
17,1069,216.09538255556546,175.7268089273709
17,1070,216.00931586672948,176.0780725187416
17,1071,215.8899031552966,176.4806660737685
17,1072,215.7221690286546,176.87389353414204
17,1073,215.5271817632171,177.20821903039229
17,1074,215.34060321588342,177.44971740636407
17,1075,215.14144418368366,177.60140694947933
17,1076,214.92291796860883,177.6622266018359
17,1077,214.7315633112615,177.64333714216062
17,1078,214.5726931196741,177.5656873524352
17,1079,214.44952943344822,177.43703478393815
17,1080,214.43752514559228,177.27523766906893
17,1081,214.543535808571,177.12038931670068
17,1082,214.7250431334209,176.9941847927082
17,1083,214.9569105589584,176.89871795660858
17,1084,215.20389926404135,176.83177588824273
17,1085,215.36059485665868,176.79285863180786
17,1086,215.3678092968953,176.7724961797515
17,1087,215.22123964315875,176.75689269826796
17,1088,214.96956365064045,176.75119229240235
17,1089,214.6668090836353,176.77936327759937
17,1090,214.40074730822124,176.83372960996473
17,1091,214.25303425478518,176.89084086107994
17,1092,214.2506700197164,176.94999514306937
17,1093,214.34871662269103,177.0028572379842
17,1094,214.50757728246475,177.00921192397539
17,1095,214.71342927417098,176.9532296058204
17,1096,214.94718715963361,176.8473015172943
17,1097,215.18987605087378,176.69033815098604
17,1098,215.40012408788016,176.48999563294655
17,1099,215.55217033384145,176.26750626914634
17,1100,215.61734473884616,176.04283976030902
17,1101,215.5986020954184,175.83079057898502
17,1102,215.52737216429483,175.66498797576824
17,1103,215.4504809513069,175.54364157915725
18,0,217.05628204567725,162.99753669594745
18,1,217.10485117383902,163.1217285435032
18,2,217.16083974957422,163.25644598845645
18,3,217.2199079213877,163.39669144544033
18,4,217.2640675574887,163.49915997173997
18,5,217.29101141881907,163.55801760229042
18,6,217.2979869310991,163.58149729641949
18,7,217.28908395793562,163.60190357312607
18,8,217.26817496854244,163.6261429277674
18,9,217.23604381590349,163.65524451557872
18,10,217.19113943368137,163.6866835123522
18,11,217.13927030529481,163.71707979736448
18,12,217.0850425233704,163.73820517180653
18,13,217.02913320125887,163.74269807253526
18,14,216.97329047144464,163.72987383610223
18,15,216.92462862693276,163.70378331989104
18,16,216.8873531897834,163.66444766578877
18,17,216.86307395533476,163.6153462713596
18,18,216.85459965150739,163.56483148207926
18,19,216.8663809252971,163.5184902313828
18,20,216.89628638386836,163.48037120319998
18,21,216.93587285665834,163.4570661214318
18,22,216.98213347863822,163.4495987818584
18,23,217.02737299509852,163.45149878323105
18,24,217.06344058810686,163.4565670993768
18,25,217.0827147548568,163.45964806813402
18,26,217.0886105015488,163.45764431787345
18,27,217.07851484978772,163.4473562043481
18,28,217.05571168126679,163.4347388705775
18,29,217.02354737800292,163.42164327492034
18,30,216.98612241367397,163.40702181581005
18,31,216.94677033388803,163.3886605740618
18,32,216.919934438507,163.36722779690055
18,33,216.91230971103647,163.34085545020366
18,34,216.9234345883059,163.31462879530747
18,35,216.95383214772747,163.2921174575848
18,36,216.99614722188323,163.27596177578178
18,37,217.0280067216067,163.27260363920055
18,38,217.0397470555902,163.28347807446454
18,39,217.03333820365324,163.30212670615165
18,40,217.01372647662646,163.32369678347564
18,41,216.98747852584432,163.34587943615907
18,42,216.96924927580926,163.36340418751217
18,43,216.96661874470112,163.37515088492472
18,44,216.97843058690637,163.38727986650625
18,45,216.99490804034116,163.40670338060767
18,46,217.0093774224032,163.43244778811794
18,47,217.0179366910051,163.46145262224928
18,48,217.01620247126684,163.48951300684197
18,49,217.0030955817674,163.50856198838926
18,50,216.98443982022118,163.51098936093987
18,51,216.96546190077873,163.49996360910416
18,52,216.94880929722612,163.47825261678486
18,53,216.93828673536098,163.4479318313406
18,54,216.93578967624583,163.41297628121842
18,55,216.94317156413427,163.37766661862437
18,56,216.96451096238553,163.34051729642624
18,57,217.0004624072512,163.30447008412955
18,58,217.046190374079,163.27300188776465
18,59,217.094289091375,163.24749372165178
18,60,217.13609555250943,163.2275013313479
18,61,217.15976805328555,163.21312793235597
18,62,217.15874993918857,163.20005802237839
18,63,217.1361772784718,163.1848405098753
18,64,217.10381370718005,163.1687111307342
18,65,217.0751426310229,163.1538580221004
18,66,217.0600847735118,163.14106289673126
18,67,217.06071901751736,163.13452860652194
18,68,217.06875839338576,163.13695600678662
18,69,217.07259659397744,163.14367470032863
18,70,217.06119201421757,163.14849300436097
18,71,217.0262333855108,163.14847432582638
18,72,216.96899297898716,163.13970831777124
18,73,216.90143905407734,163.11824638609772
18,74,216.83149547419796,163.08541662761044
18,75,216.76099761906372,163.04974311809033
18,76,216.69802411139278,163.01706083461684
18,77,216.64777083119532,162.98980826112376
18,78,216.61044855388812,162.97306974400146
18,79,216.58921305356813,162.9724867560027
18,80,216.59094997658102,162.98905340816884
18,81,216.61345309855082,163.0218473825309
18,82,216.64904855688462,163.0702882027088
18,83,216.6906704518356,163.1328230217564
18,84,216.73178662288666,163.20100710715346
18,85,216.76192999696525,163.26115217211387
18,86,216.77232542053775,163.30703358104773
18,87,216.76362112199814,163.3385005108097
18,88,216.73841633300677,163.35195905226752
18,89,216.7001701230367,163.35066202208398
18,90,216.6584000980587,163.34140983367465
18,91,216.6301082185173,163.3288696652848
18,92,216.62320998912216,163.31605000995478
18,93,216.63745354205406,163.3071577254383
18,94,216.66673435514105,163.3029746631316
18,95,216.7006155752009,163.30756564059095
18,96,216.724604517876,163.31836399054617
18,97,216.72627999317933,163.32817733149133
18,98,216.7038051589463,163.33448153560502
18,99,216.66401280802404,163.33649428561117
18,100,216.61909086130782,163.3326110705639
18,101,216.5730479394185,163.32772009026849
18,102,216.5339357332392,163.32709214490043
18,103,216.5074890804015,163.3306160164831
18,104,216.50093526474964,163.33849907743038
18,105,216.51395382794166,163.35203446014845
18,106,216.55312769335123,163.36789900441022
18,107,216.61702850950138,163.38327731412357
18,108,216.6961144267947,163.40097788730017
18,109,216.76965385239112,163.42589634468334
18,110,216.82555860994208,163.45627645945817
18,111,216.85827318257532,163.48981929370922
18,112,216.87369077029334,163.52737561751658
18,113,216.88240028096106,163.56559394551715
18,114,216.89503229919978,163.5971229268401
18,115,216.91717434381007,163.61865159120268
18,116,216.94799893463184,163.63084232213123
18,117,216.97753233195175,163.63459905602164
18,118,216.9967058355671,163.62881929024692
18,119,217.0036594960763,163.61564732961187
18,120,216.99792966401438,163.59679512155435
18,121,216.97973111391178,163.57611707704638
18,122,216.95343073459,163.55364659913596
18,123,216.924043429775,163.53411116444244
18,124,216.89862999669649,163.51846346302858
18,125,216.88558665657354,163.50720536114042
18,126,216.8891782849217,163.4967217039959
18,127,216.90828591954983,163.4861488082761
18,128,216.9391934816639,163.46934350869452
18,129,216.97356183876138,163.44613457953358
18,130,216.99842498258306,163.4200035224225
18,131,217.00570995051487,163.39528796500747
18,132,216.99507818586395,163.37688503575876
18,133,216.9719229974652,163.37451310887343
18,134,216.93998955445483,163.38762483580962
18,135,216.90643634630737,163.40995248916212
18,136,216.87644231179087,163.43420815204726
18,137,216.852203529542,163.4527604318997
18,138,216.83206421287392,163.4590245245675
18,139,216.82018302361482,163.4543836577959
18,140,216.82234092950225,163.44175553548212
18,141,216.83842889130682,163.42737228720648
18,142,216.86586579615835,163.41571513726907
18,143,216.9043772059762,163.40559535250736
18,144,216.94475852546785,163.39250442318297
18,145,216.97113457512552,163.37796588601844
18,146,216.98221649741095,163.36007710800047
18,147,216.9798258563855,163.33926568880025
18,148,216.95966406403664,163.3237132383103
18,149,216.9264223797797,163.3210960364873
18,150,216.89360539483795,163.32985612662245
18,151,216.86457854899044,163.3525684294769
18,152,216.84283823663995,163.3898501970636
18,153,216.83235671029914,163.43450073804505
18,154,216.8285469966856,163.482021406817
18,155,216.8223733145137,163.53183598694815
18,156,216.81367355240715,163.57852517018003
18,157,216.80256658839966,163.61581158086378
18,158,216.7937923477519,163.64418029994002
18,159,216.79763272736483,163.66356899548992
18,160,216.81985887475386,163.6762097831734
18,161,216.85365816116735,163.6848625836984
18,162,216.88806189831817,163.6941553199165
18,163,216.91172136760534,163.7006502084302
18,164,216.91642350795428,163.69067037280178
18,165,216.90224947354662,163.65432195514012
18,166,216.8754505990653,163.5878493997894
18,167,216.84566293075864,163.48969224626973
18,168,216.82086077806065,163.36724511990127
18,169,216.80355898680529,163.24706222673038
18,170,216.7916162159473,163.1445876667733
18,171,216.78127993188934,163.06401759223678
18,172,216.76861724589085,163.00670571928902
18,173,216.75263186009101,162.96858401342655
18,174,216.73715543332497,162.93850538734523
18,175,216.7254215279704,162.91291131618658
18,176,216.72421032935216,162.90165026343158
18,177,216.73842693833421,162.9101226253641
18,178,216.76787559301954,162.9425141409973
18,179,216.8040687077583,163.00087367036184
18,180,216.8387334427636,163.08118951500373
18,181,216.86102441645127,163.1662048863674
18,182,216.86474071079536,163.24487144767724
18,183,216.85081827306738,163.3102692559521
18,184,216.82986922352796,163.35611204992045
18,185,216.81235606748032,163.38342870549894
18,186,216.80722891985639,163.39952459887684
18,187,216.8183031165866,163.40848712598194
18,188,216.8443166719397,163.41061968258452
18,189,216.8764164533797,163.40888254068216
18,190,216.9062868972423,163.40329521178455
18,191,216.92906677722826,163.39576421108563
18,192,216.94238551542782,163.39137561116587
18,193,216.9426844353918,163.39798012928253
18,194,216.9311184536771,163.41307778388492
18,195,216.91343877937732,163.4326074978947
18,196,216.89322214984225,163.44894320489072
18,197,216.8732354016315,163.45358445418418
18,198,216.85675074098364,163.43930256601055
18,199,216.84610774886283,163.4089671708016
18,200,216.83918707131963,163.36673357338321
18,201,216.8332918523271,163.31882159201206
18,202,216.82538689331557,163.27340016241803
18,203,216.81654769932885,163.2339474158822
18,204,216.8052051917876,163.19971677147285
18,205,216.7907818710085,163.17074822893608
18,206,216.7763095288876,163.14953563343295
18,207,216.76643390872042,163.13223008531838
18,208,216.7615828863047,163.11814689469998
18,209,216.76562955365213,163.10859811016797
18,210,216.78012360860595,163.1033727075548
18,211,216.80065028724593,163.10114668869974
18,212,216.82050328260553,163.11193647645007
18,213,216.83570279590344,163.1401151325209
18,214,216.84220869674616,163.18641153356313
18,215,216.8390974181441,163.25039140276814
18,216,216.83009882760643,163.32637517766557
18,217,216.82061904786093,163.39477268974002
18,218,216.81486726619022,163.44519439679036
18,219,216.81487674073617,163.47353217158846
18,220,216.81936254365084,163.4783754929153
18,221,216.82675293433354,163.46126857638413
18,222,216.83659623099976,163.43184822141777
18,223,216.84740362500332,163.3995049565396
18,224,216.85898403690797,163.3723300907925
18,225,216.87405562294404,163.3594814122362
18,226,216.8924469356969,163.36742513890957
18,227,216.9095180500309,163.39683984075208
18,228,216.923576684183,163.44260525966584
18,229,216.93076166320193,163.4929478840647
18,230,216.92922770967363,163.5325741269672
18,231,216.91976021089758,163.55566720700654
18,232,216.90676227670014,163.56379640868133
18,233,216.8915474812515,163.56042600999123
18,234,216.87858313915257,163.55369068339706
18,235,216.8697882313484,163.55516726012237
18,236,216.8731149441343,163.5661455028395
18,237,216.89108398915755,163.58310808261086
18,238,216.9227358675339,163.60064714420307
18,239,216.9659759461082,163.6155725305187
18,240,217.01725203838728,163.62127983115053
18,241,217.0595958844679,163.61688148046352
18,242,217.08564948186708,163.60453447990392
18,243,217.09554124439043,163.5886575960111
18,244,217.08999555683147,163.5691686018167
18,245,217.06923928631454,163.54582597294817
18,246,217.04114915890986,163.51640451830593
18,247,217.0106577656514,163.47666278743034
18,248,216.98028335518114,163.42465288785183
18,249,216.95229148307732,163.36300477192174
18,250,216.9300243896264,163.29982727385254
18,251,216.9132306211618,163.244689896081
18,252,216.90041800957266,163.20329351041107
18,253,216.89251553996587,163.17541701834793
18,254,216.8832986527931,163.16080964048552
18,255,216.86849451125545,163.15489773328758
18,256,216.85162542272116,163.14933202543597
18,257,216.83457418370418,163.1409986768524
18,258,216.81472472538366,163.11743592588977
18,259,216.82051426887884,163.02410907878416
18,260,216.9273053717309,162.7658601352203
18,261,217.28589601620783,162.2087663315001
18,262,218.10500396942203,161.25325332428773
18,263,219.52541054053194,159.91508375461922
18,264,221.51240993168656,158.351124896344
18,265,223.80884356308198,156.85084644782563
18,266,225.9252171135371,155.80526847022412
18,267,227.2304436789011,155.5238848255522
18,268,227.25796268724952,156.06232026097314
18,269,225.88824921538497,157.2819960753813
18,270,223.37615241353797,158.89523471651424
18,271,220.2938632806584,160.46187555283564
18,272,217.4869368957853,161.5539238284622
18,273,215.64142142180754,162.02051309578198
18,274,215.09020476256643,161.8622960665498
18,275,215.8376981039785,161.16907964787285
18,276,217.5662358030767,160.23020203104554
18,277,219.5900543239678,159.3842409914227
18,278,221.32203700061658,158.8139085138645
18,279,222.4055120756411,158.62815176606625
18,280,222.70739421533105,158.8866966058189
18,281,222.21630792118518,159.57589475072047
18,282,221.3846419742729,160.3853209789905
18,284,220.51623968102248,161.19095226899984
18,285,219.84209791792463,161.84090725452768
18,286,219.42544759969434,162.2192805787078
18,287,219.32856875242692,162.19608462243968
18,288,219.37366999182893,161.97829119109645
18,289,219.44869033282765,161.63116947363196
18,290,219.42605124949,161.3092567813656
18,291,219.29460783884844,161.11463078474864
18,292,219.13201975898895,161.1221780667209
18,293,218.933088023951,161.3590348564608
18,294,218.75414903835915,161.81373896789657
18,295,218.65812152893153,162.37966320920103
18,296,218.6120607071617,162.96741648541118
18,297,218.50064305172802,163.490688995787
18,298,218.29550812170905,163.8647293329632
18,299,217.98029981793871,164.03464213284352
18,300,217.56267338418445,164.03211731611808
18,301,217.1547998257495,163.9295408801223
18,302,216.9219899878639,163.80010127820157
18,303,216.93342865002398,163.7023921015982
18,304,217.18762198166633,163.6672073436443
18,305,217.64522333377332,163.66667148196498
18,306,218.18552027674792,163.64340552409382
18,307,218.65806750748763,163.56708763234315
18,308,218.96916519303755,163.4143761968424
18,309,219.08473373843248,163.1844360533939
18,310,219.01191997603397,162.91858010656148
18,311,218.78903750017753,162.69638684496508
18,312,218.45903017767498,162.56348039080882
18,313,218.08173847722966,162.55044472583057
18,314,217.72924571647027,162.68703064527494
18,315,217.44249188929996,162.96142805223238
18,316,217.2554234403028,163.2883776597564
18,317,217.21120341519293,163.58078691379407
18,318,217.2953190457802,163.78239071250724
18,319,217.43793293695273,163.85159285458127
18,320,217.5837678204127,163.78002211448484
18,321,217.7183396265547,163.5916821654115
18,322,217.8163522973527,163.33291089298717
18,323,217.89378022905737,163.0428803968554
18,324,217.99616365887206,162.7476616772198
18,325,218.16698554828838,162.45448411872133
18,326,218.3736597117537,162.189474008646
18,327,218.5761266983352,161.97907546681094
18,328,218.72525014395586,161.83853407393212
18,329,218.7657610724584,161.79099147280067
18,330,218.64118186584147,161.8652049623112
18,331,218.37271365068273,162.069911938599
18,332,218.01078207951477,162.37399127348797
18,333,217.609576564802,162.73263112132497
18,334,217.2656573778939,163.06758749661225
18,335,217.07703555599582,163.31745497384665
18,336,217.0761939684982,163.4472090087654
18,337,217.250011583856,163.4637854186608
18,338,217.56269904641206,163.39014345315113
18,339,217.91193346936444,163.28074968674645
18,340,218.19998158348227,163.1611686988526
18,341,218.36628239088185,163.03959482678587
18,342,218.39651045098321,162.92603594716613
18,343,218.30250700349376,162.83644917082933
18,344,218.12817136511953,162.78391222831905
18,345,217.917622081958,162.79423138071084
18,346,217.7143208340054,162.88732379976162
18,347,217.5375846806034,163.0528069201035
18,348,217.40011908229062,163.26623582782804
18,349,217.30924472275942,163.48463803409842
18,350,217.25740266719282,163.66301769265448
18,351,217.23463999242614,163.76833059336963
18,352,217.25137719233476,163.78565943055483
18,353,217.31067324301608,163.71252683972074
18,354,217.42029399785386,163.5730986907009
18,355,217.59692371903526,163.4014248919024
18,356,217.83558229832943,163.22947207826667
18,357,218.09841187590416,163.09088940848306
18,358,218.3471798124705,163.01961192573577
18,359,218.5449631620118,163.0262405538734
18,360,218.65162313624023,163.09721193378678
18,361,218.63792206552148,163.21108005352934
18,362,218.50528358161466,163.3423673185657
18,363,218.28425147262828,163.4477646034868
18,364,218.00981658822164,163.50433608215639
18,365,217.73016501400522,163.51323129162165
18,366,217.5060835833997,163.4821862930147
18,367,217.38087613716976,163.42058347647315
18,368,217.37189744170448,163.35045548697468
18,369,217.47485117580842,163.28823308590182
18,370,217.66000137782564,163.24116643521995
18,371,217.87833735291622,163.21672538066855
18,372,218.08052789294388,163.21516895593663
18,373,218.24100518321652,163.22131936545222
18,374,218.36875078093914,163.18877290265715
18,375,218.49312667709634,163.0837590122147
18,376,218.67307348547357,162.87758484063272
18,377,218.97351964330042,162.551985199686
18,378,219.40365395716378,162.1052022212656
18,379,219.95638877864246,161.5961227292206
18,380,220.615618262354,161.08784203318683
18,381,221.29985741654625,160.59716011523943
18,382,221.95725409406458,160.11878588477708
18,383,222.6088298506101,159.66704622372635
18,384,223.24830024792877,159.20569792758138
18,385,223.8695130399684,158.65786911390825
18,386,224.58048120342167,157.9736291476408
18,387,225.41653167551337,157.1604958096596
18,388,226.29026702313809,156.23572292306542
18,389,227.14660732325672,155.24108405935706
18,390,227.92932226846833,154.27193820274874
18,391,228.43070807001297,153.5275081856133
18,392,228.5421502903198,153.06566470471805
18,393,228.23006569232103,153.076693956903
18,394,227.7707402709102,153.4139531100927
18,398,227.25144889840396,153.9822859515316
18,399,226.921672021033,154.52881377593366
18,400,226.8935997483433,154.95422894090623
18,401,227.21028792168386,155.0498576646323
18,402,227.5478079163579,154.96699130136807
18,403,227.8092460441829,154.77925165399193
18,404,227.8612815465476,154.60851081595584
18,405,227.68430909002615,154.54301809017414
18,406,227.38830742525053,154.58637838677822
18,407,227.16872449249678,154.68592580528596
18,408,227.15002297858499,154.7749011373238
18,409,227.37364549138036,154.81235879964413
18,410,227.84075453884418,154.720913917776
18,411,228.4940439075023,154.4482706961153
18,412,229.2210425836061,154.00656597280116
18,413,229.90475665490476,153.4545005027812
18,414,230.46923115003148,152.86858462480498
18,415,230.85753215963524,152.38280289051082
18,416,231.0070658921465,152.1335732145222
18,417,230.89514213754637,152.16702737202223
18,418,230.59279619418407,152.45786413751972
18,419,230.19952288303307,152.9279955265406
18,420,229.81098527673296,153.39063761626232
18,421,229.5522106224539,153.67330468993507
18,422,229.51247727370654,153.68174764358884
18,423,229.69403461213557,153.41055805320036
18,424,230.0310339803022,152.92561031714504
18,425,230.41594319587625,152.42009703127738
18,426,230.70140456064405,152.0875257675799
18,427,230.77792245015215,152.07486174313075
18,428,230.6143637463192,152.40765117524884
18,429,230.26209534481768,153.01631367813093
18,430,229.82143561731382,153.74027870673137
18,431,229.44415396705716,154.36481112312345
18,432,229.23361439782602,154.69899875301547
18,433,229.23391979927786,154.66828344423834
18,434,229.404800488549,154.3101128803583
18,435,229.65960183971043,153.7361538161823
18,436,229.87331304141532,153.13309574002776
18,437,229.95885394469246,152.69849311140882
18,438,229.85998919432134,152.58065072708905
18,439,229.61165658569038,152.78940087918997
18,440,229.29555051570395,153.25908631940433
18,441,228.99898474967392,153.87456359009792
18,442,228.7890992424292,154.48164918153503
18,443,228.7026822622141,154.92351708257647
18,444,228.71900806701348,155.14918790272984
18,445,228.8023003141688,155.15886291214989
18,446,228.91369716891091,154.99493483900233
18,447,229.00941681786088,154.73386561959444
18,448,229.0785371184237,154.46331225931573
18,449,229.0894573548832,154.26670088257129
18,450,229.00768719817736,154.19359215949876
18,451,228.8452736279595,154.2367860949323
18,452,228.64727783153683,154.40245459383547
18,453,228.43864602641662,154.65757517650596
18,454,228.28102667807138,154.9279093024269
18,455,228.23045632155578,155.16040422015098
18,456,228.2789573924905,155.35929348374782
18,457,228.38400433441416,155.48077713063452
18,458,228.493266865771,155.53552717369215
18,459,228.5499622570419,155.57106505851044
18,460,228.53263530053286,155.62939806935177
18,461,228.45873034933442,155.69409803601636
18,462,228.36840478430605,155.77192102505597
18,463,228.32456529859797,155.84156853732878
18,464,228.4160150814588,155.81073737995504
18,465,228.6757495351153,155.6161241771361
18,466,229.09153071935765,155.27989818064032
18,467,229.59301386435197,154.84179171786212
18,468,230.0866796253726,154.37825634809084
18,469,230.44317212915385,154.06559565993055
18,470,230.5920154005068,154.0083400366631
18,471,230.5280967556614,154.19793032982153
18,472,230.3195509395255,154.58429008615988
18,473,230.06178646040007,155.05072776181424
18,474,229.8600062944961,155.40726510161048
18,475,229.78340263397817,155.5181733926348
18,476,229.8498056106733,155.37018152369748
18,477,230.05969274340046,155.0275117370198
18,478,230.3767297993304,154.62132673449202
18,479,230.71657461512876,154.2971918221253
18,480,230.98020844899412,154.19235319768742
18,481,231.09207220062598,154.33640906589193
18,482,231.00317687197156,154.6449427128026
18,483,230.7338147692901,154.97480034510764
18,484,230.40007020463548,155.19318291985832
18,485,230.15947583427473,155.17925587704457
18,486,230.13894870930633,154.8980251247703
18,487,230.4063798694883,154.3928948984379
18,488,230.9298021247721,153.76448284996087
18,489,231.59043782545325,153.16307982432056
18,490,232.2186737167544,152.7315437727355
18,491,232.68510701063389,152.54751926507257
18,492,232.8654042983079,152.68594700358005
18,493,232.7380528098255,153.14197446265334
18,494,232.34261216370209,153.7776704276536
18,495,231.76675644141702,154.4396648474097
18,496,231.1149755874103,154.9735477637648
18,497,230.547124656306,155.19765058032536
18,498,230.15296755835914,155.0449932715349
18,499,229.97072725674494,154.60167403887527
18,500,229.9956329162505,153.98806163614302
18,501,230.17521635736443,153.37784237420425
18,502,230.41165721351805,152.96173401763755
18,503,230.65355448013287,152.82146954379846
18,504,230.86802367925233,152.95366351091295
18,505,231.04935235679585,153.24205469243435
18,506,231.1985163667285,153.53972502049976
18,507,231.31929493492288,153.72932775780623
18,508,231.3448592032938,153.76179190310546
18,509,231.21101233946396,153.61672970991916
18,510,230.8392222719168,153.43677226348672
18,511,230.13119173382498,153.40557060590714
18,512,228.99761976786897,153.64536009106382
18,513,227.47996276208713,154.2090307437934
18,514,225.70079636906874,155.0669427928232
18,515,223.8445259069559,156.0682075297854
18,516,222.16115863975045,157.00724226502894
18,517,220.89130851128994,157.73278226447562
18,518,220.15893682387215,158.15808134892092
18,519,219.95480011307978,158.32691330414795
18,520,220.14526759103728,158.37724976670023
18,521,220.55428532983757,158.43054276837708
18,522,221.02407598963615,158.54365639861606
18,523,221.40062655659324,158.72669494337515
18,524,221.5556110991584,158.95867667286706
18,525,221.46972619781576,159.16212971740404
18,526,221.123648981947,159.31056584224555
18,527,220.5467519872587,159.41552747388477
18,528,219.8522996329054,159.50939270766696
18,529,219.17967917997294,159.56443951934702
18,530,218.64046211069552,159.5740245860417
18,531,218.37969722709227,159.51681712950358
18,532,218.41136220496338,159.39502099981146
18,533,218.61235115519727,159.28540645524055
18,534,218.88429771416114,159.26629136631644
18,535,219.1256539496871,159.3378556878453
18,536,219.2282197893227,159.493682321884
18,537,219.15195789031125,159.71262808797815
18,538,218.96790800344039,159.89431531687796
18,539,218.73654999216802,160.01510046380477
18,540,218.4992591708281,160.14818971850667
18,541,218.26006724084522,160.34972418068392
18,542,218.06448759651903,160.6364261453871
18,543,217.89530874376982,161.0232098104899
18,544,217.71563237797034,161.43986540207607
18,545,217.51727464413494,161.7971005969345
18,546,217.31362162719952,162.04447036869277
18,547,217.07209772594797,162.1751774935187
18,548,216.8114912973795,162.23844994337924
18,549,216.58017725212716,162.30634518139414
18,550,216.41193369531953,162.4170522628214
18,551,216.32615276354093,162.56161922347906
18,552,216.32542334197512,162.73257795860064
18,553,216.4121952349548,162.83196857795443
18,554,216.5660683589955,162.80728060285108
18,555,216.74467801443984,162.66882804543633
18,556,216.91446707508652,162.489859093535
18,557,217.0798329453788,162.3030041113424
18,558,217.2222077769909,162.18902632239838
18,559,217.3144183401357,162.18287937643228
18,560,217.37864103315883,162.25763846887992
18,561,217.4075084608752,162.3438583761681
18,562,217.3796123814301,162.40924196298812
18,563,217.28128465064378,162.43638645270755
18,564,217.15163347960188,162.43168515758106
18,565,217.00801554887056,162.41265290483997
18,566,216.9097518867988,162.39421032223186
18,567,216.90118853573526,162.37567476804966
18,568,217.02193040854053,162.34428686344987
18,569,217.24337321767248,162.2757934311166
18,570,217.5113916915045,162.15886575736016
18,571,217.7655706051437,162.00320974827963
18,572,217.97506172800385,161.83560701043112
18,573,218.11073857637126,161.65950798105933
18,574,218.19219977662135,161.4694361394499
18,575,218.25943951613482,161.2620163808615
18,576,218.3229003780699,161.05696946406698
18,577,218.37639539614128,160.88213830543825
18,578,218.42667251793364,160.770433869253
18,579,218.45259842119154,160.74667184336164
18,580,218.43083384679713,160.82397716014435
18,581,218.39130450384772,160.94835193065947
18,582,218.3677019533255,161.04226941380836
18,583,218.37208389941875,161.07847162634857
18,584,218.41929723477705,161.05773220710788
18,585,218.52639479301956,160.99955097687925
18,586,218.67841868866932,160.9313870596945
18,587,218.85726797658523,160.8773891186816
18,588,219.04427441040391,160.8223087905426
18,589,219.2227277946474,160.77225829393862
18,590,219.35938891986237,160.72027967421445
18,591,219.4537078720299,160.6678592551011
18,592,219.51842800875679,160.62179815033699
18,593,219.56966088833155,160.5782637747275
18,594,219.60566848238759,160.5247085251167
18,595,219.65306589759862,160.43738072410795
18,596,219.6980231637107,160.33577408582175
18,597,219.71686035224187,160.23154974697377
18,598,219.69805416872768,160.17664044383667
18,599,219.66770884744852,160.15864269488088
18,600,219.64689227663317,160.16824508094103
18,601,219.65608069785452,160.18225162737696
18,602,219.7024052965562,160.19264333681892
18,603,219.78939003937217,160.14344271706494
18,604,219.89632215243873,160.03993541227575
18,605,220.00030316633746,159.91387075364995
18,606,220.08033432624063,159.78156861412955
18,607,220.12687411321667,159.63977805136426
18,608,220.14706929080404,159.51613298003656
18,609,220.17141934209818,159.39512634027693
18,610,220.2056062950101,159.24044675197206
18,611,220.2602081827859,159.04885178909393
18,612,220.3494716496778,158.83554219734327
18,613,220.45203223303685,158.605170125157
18,614,220.5241180128333,158.40291838181113
18,615,220.5533488220848,158.27424093974994
18,616,220.54141269067236,158.19513830446544
18,617,220.49125139296126,158.15552292015607
18,618,220.41275925835063,158.1581732996653
18,619,220.32939432384546,158.1752176047494
18,620,220.25091491665893,158.1680169497905
18,621,220.16414262900844,158.16961949016175
18,622,220.06962887556676,158.18138425215716
18,623,219.98562010127796,158.17519153709992
18,624,219.9041151470695,158.18081422876855
18,625,219.8172418372183,158.27811535685728
18,626,219.7578001449907,158.43069790557473
18,627,219.71845751658003,158.59567825497086
18,628,219.69348831300252,158.77703080782464
18,629,219.72207257831815,158.9075456695925
18,630,219.83226370817124,158.86736758954132
18,631,220.02526366903086,158.6895834358767
18,632,220.32525550115403,158.44445848926404
18,633,220.7095949593154,158.18035788444234
18,634,221.10324672980258,157.96860624015366
18,635,221.4669501421281,157.87073283926642
18,636,221.71103316329015,157.89976358722686
18,637,221.7672976933698,158.04526398351413
18,638,221.62426038360002,158.27260214785156
18,639,221.3429203128671,158.50823474178364
18,640,220.96926072815606,158.7145364724865
18,641,220.62846673169742,158.83797222087418
18,642,220.40942752588882,158.83985757583162
18,643,220.38621255710123,158.68611020780799
18,644,220.53461150666007,158.44846754315293
18,645,220.82022762089193,158.19630868392895
18,646,221.17545494344424,157.97337632243583
18,647,221.5415033634904,157.81382310125045
18,648,221.85410400342263,157.77019631550158
18,649,222.1109855863039,157.8073907199637
18,650,222.28241795641372,157.875863763119
18,651,222.35899757443363,157.93819556818192
18,652,222.33819194852376,157.96764854368078
18,653,222.21726555654965,157.94203144120866
18,654,221.99750877285385,157.89200715806945
18,655,221.7281562458175,157.87021490080514
18,656,221.4142898575484,157.9511165643706
18,657,221.099087180023,158.144173666836
18,658,220.81989961446087,158.43639279437355
18,659,220.59449800375887,158.7910935440381
18,660,220.40832081047418,159.16283099962314
18,661,220.31395768248208,159.45999782397678
18,662,220.27252627496657,159.6868767342677
18,663,220.25371795231177,159.86774253766123
18,664,220.24046030527043,159.99719459037587
18,665,220.25606005133235,160.01864634603805
18,666,220.26904868196857,159.94900403689556
18,667,220.3134676143054,159.7726482586689
18,668,220.40019130220506,159.4795001611536
18,669,220.5222484906676,159.0824561562007
18,670,220.6338629781474,158.7140522606856
18,671,220.7071585694982,158.45902204516867
18,672,220.7114169644193,158.36160759589978
18,673,220.62226570822273,158.47157558971017
18,674,220.40456008760532,158.84545109693775
18,675,220.06430020161932,159.38277079996
18,676,219.6277361406425,159.97626453570052
18,677,219.10967437907948,160.57329006707013
18,678,218.57668853934908,161.07234714554548
18,679,218.1300844245237,161.3902544860108
18,680,217.81325771191595,161.57589463544798
18,681,217.5967645813103,161.70500994548902
18,682,217.46181739056937,161.81124964546544
18,683,217.36240028068462,161.9510470010639
18,684,217.24832246236696,162.14004722393497
18,685,217.1046039370248,162.35201936204012
18,686,216.95871951422856,162.54336152831564
18,687,216.8299381608627,162.67150008910647
18,688,216.7238992804623,162.72464616627184
18,689,216.6306681866781,162.719363589709
18,690,216.52564564470927,162.63953098194764
18,691,216.4333370657671,162.4838756902787
18,692,216.367529953569,162.3077381721167
18,693,216.3520870114712,162.14307520840424
18,694,216.42438970634308,161.99162399318053
18,695,216.62144030001545,161.84610391253517
18,696,216.9237834879312,161.68627362905852
18,697,217.30694362317533,161.47821003524118
18,698,217.74088621599867,161.1759709027588
18,699,218.19235369795024,160.7606104911575
18,700,218.6361721249784,160.28195146328488
18,701,219.04965172409527,159.80325642919541
18,702,219.42408937515563,159.36609773601904
18,703,219.7260598222268,159.03862472545424
18,704,219.9068400727001,158.89385153858132
18,705,219.94498896040713,158.9308731182812
18,706,219.8699033032908,159.0979727971476
18,707,219.74058937883788,159.28116132895283
18,708,219.66766097423917,159.343678440491
18,709,219.79216696775467,159.1495512450574
18,710,220.22246628873108,158.6450264995295
18,711,221.01057228710556,157.8764414112613
18,712,222.0850382022099,157.00513814784364
18,713,223.32529232253702,156.1962552087096
18,714,224.57040888256248,155.5342581520777
18,715,225.63202814696484,155.0785572157962
18,716,226.3199797750888,154.85603998493895
18,717,226.5413839519333,154.85217673851585
18,718,226.28382884770411,155.02042050811303
18,719,225.58393199973608,155.40572888593218
18,720,224.57069702635272,155.9805982626114
18,721,223.42877082610192,156.6056931829802
18,722,222.41109300176848,157.09843731659885
18,723,221.6653900919832,157.37416669085496
18,724,221.31345828269082,157.3034023387049
18,725,221.32200922484589,156.93258672961304
18,726,221.58272489145253,156.47492490030268
18,727,221.89032143234041,156.1687504825691
18,728,222.01622851502947,156.24275337034177
18,729,221.71864190094323,156.93932684680004
18,730,220.94593550959104,158.23033706034616
18,731,219.78449339100484,159.92851583023582
18,732,218.43640141886914,161.77654691949013
18,733,217.2161422441302,163.32259268037424
18,734,216.43773079152365,164.18450066104404
18,735,216.2803806501375,164.2151330815414
18,736,216.73786816175146,163.40213982356096
18,737,217.59925053892903,161.9697027323659
18,738,218.64272420173882,160.35702317767738
18,739,219.66189778076247,158.92480851656657
18,740,220.504264323625,157.90432063259914
18,741,221.11567945836163,157.4332968744349
18,742,221.60649819001986,157.3914811009014
18,743,222.00985814973262,157.59758265513364
18,744,222.4048580560519,157.8085234287274
18,745,222.86751383487524,157.80948666236552
18,746,223.45677261721391,157.4773941135693
18,747,224.1722739253623,156.79868684211613
18,748,225.06574002721467,155.79000087721545
18,749,226.07959272607798,154.6645875616992
18,750,227.10892516064746,153.653107411611
18,751,228.01446760470765,152.90417980508906
18,752,228.64737107962623,152.55583595765575
18,753,228.87251162560204,152.6248240509643
18,754,228.60625620531607,152.94894829242583
18,755,227.8611519691071,153.37820531163305
18,756,226.75586473345686,153.82227771098795
18,757,225.4804485703368,154.16071724839998
18,758,224.2202142906795,154.39080104756908
18,759,223.18594916790664,154.63650880010857
18,760,222.48730594930197,155.01340769067605
18,761,222.1286606682111,155.5398200619903
18,762,222.00312072239515,156.27303861931864
18,763,221.9901281007793,157.2022173059311
18,764,221.93443304353417,158.22015670003532
18,765,221.72837217323308,159.2177145879347
18,766,221.34756217925138,160.1425667162298
18,767,220.86517392345058,160.85107026164616
18,768,220.3373180774439,161.28560762826305
18,769,219.8424641721147,161.4817673848393
18,770,219.47834000927884,161.42284228848519
18,771,219.2981633926418,161.10502612589246
18,772,219.2390893121452,160.74110617049385
18,773,219.27268987900342,160.46121028436067
18,774,219.3751031789002,160.28265281933054
18,775,219.4746786285949,160.305244386473
18,776,219.4512931153358,160.6127658273732
18,777,219.34679641162202,161.0843780836629
18,778,219.17259867869072,161.62128256436353
18,779,218.90969878677882,162.14150911382734
18,780,218.60960384487504,162.49200983997835
18,781,218.37035788732848,162.59756623827815
18,782,218.15759691825028,162.48728218372426
18,783,217.97852422938388,162.2045830000217
18,784,217.88575278212465,161.85604109950168
18,785,217.83494568233925,161.61257217645164
18,786,217.79100411582903,161.51702149431958
18,787,217.79793094079764,161.55394221395196
18,788,217.82165318684625,161.71638121621135
18,789,217.79137269808535,161.94398427274118
18,790,217.71456533233246,162.12033707170212
18,791,217.6218070851614,162.2356426332661
18,792,217.48474513954605,162.3036416590267
18,793,217.35102277032323,162.2882721256049
18,794,217.3011433874086,162.18368157053033
18,795,217.38223340847938,162.02621400696648
18,796,217.54331055090705,161.8493177250409
18,797,217.80933284868934,161.611465289097
18,798,218.18704920833696,161.30186187109175
18,799,218.662461349835,160.9237689755728
18,800,219.2007075974274,160.51723486554255
18,801,219.85979632846502,160.00905891456117
18,802,220.57612203147755,159.48801180257263
18,803,221.2229231453855,159.0801401402954
18,804,221.62715400478947,158.88019470688656
18,805,221.69156746718235,158.87263278200672
18,806,221.34851155638006,159.1109077798594
18,807,220.66700772106145,159.53033271159165
18,808,219.81181539263702,160.01054385963272
18,809,219.05911660811913,160.41480621857727
18,810,218.5860825594363,160.68607844934053
18,811,218.46712208625945,160.75898954182836
18,812,218.6987925940939,160.61652595289715
18,813,219.1710629568285,160.29822357641694
18,814,219.64149204268338,159.93241346964606
18,815,219.95557545113337,159.62101831930562
18,816,220.03347445057764,159.51709489016457
18,817,219.82628112865157,159.7014120647908
18,818,219.39241351206923,160.16405383255824
18,819,218.87969909721454,160.8139153640449
18,820,218.41830058516305,161.57924122445212
18,821,218.11136944254469,162.25613540516795
18,822,217.98628197558435,162.70285169150682
18,823,218.04020198151792,162.86057365708422
18,824,218.25629171876966,162.73363284325382
18,825,218.55025797184337,162.3496720902803
18,826,218.80449551126694,161.90596212302762
18,827,218.96347507969395,161.60231086801477
18,828,218.97691160266416,161.56076657931436
18,829,218.82886479305324,161.78472560354965
18,830,218.5577217862356,162.19780249899222
18,831,218.25770527264902,162.63468927531792
18,832,218.03434080750958,162.938992284279
18,833,217.92050460921632,163.0613947323344
18,834,217.86089739129693,163.03812917192315
18,835,217.7722223766502,162.95563398702683
18,836,217.57342273822107,162.9160453587253
18,837,217.2476765848072,162.97900823203818
18,838,216.88696062984374,163.11193716481645
18,839,216.6206882147875,163.2483663894522
18,840,216.61645696620317,163.28798073810378
18,841,216.97431835079578,163.10552037940676
18,842,217.70838422823064,162.5827893164769
18,843,218.8447244770037,161.60628096445208
18,844,220.42447908237452,160.1939735243091
18,845,222.38175691956982,158.49548879765325
18,846,224.60456946934013,156.7377207724274
18,847,226.90897333220778,155.17720565079452
18,848,228.88547849741596,154.21430530617823
18,849,230.07931255392245,154.05330929391758
18,850,230.23926423107787,154.646484456726
18,851,229.3678611040897,155.828076419521
18,852,227.5934107810807,157.39030338102228
18,853,225.24801226232933,158.9434438367112
18,854,222.79070094217232,160.12629756719278
18,855,220.5551978129883,160.818065795065
18,856,218.69641233837046,160.99594083874945
18,857,217.3459916391094,160.75532850054776
18,858,216.61460919417158,160.26847776919735
18,859,216.47785786886232,159.81717516081156
18,860,216.8664810141942,159.52264092311373
18,861,217.63162306106344,159.46014916279756
18,862,218.53462444332888,159.5922928400586
18,863,219.32699714409623,159.84238997945153
18,864,219.82750741158767,160.11680679767943
18,865,219.9548053052174,160.35300952743944
18,866,219.78170167358007,160.47601743263394
18,867,219.48000565877973,160.42738662222877
18,868,219.16152475337304,160.24544038070235
18,869,218.9376197138526,159.9112518003815
18,870,218.8328214489714,159.49091320691886
18,871,218.79696279237385,159.09104905288945
18,872,218.74491163183234,158.77515807852805
18,873,218.67142237365016,158.5411923898788
18,874,218.54558108548264,158.48037284620605
18,875,218.42213553261092,158.6319966537782
18,876,218.35415085577955,158.94626575103004
18,877,218.38667618740203,159.39915000352553
18,878,218.52782971256372,159.95452932288785
18,879,218.75982983414542,160.4816600909793
18,880,218.998730594324,160.8444935906464
18,881,219.18322736650126,161.01897044906036
18,882,219.24969533427898,161.04967093701467
18,883,219.1709935757659,160.96948857939302
18,884,218.9995634769007,160.75409130212083
18,885,218.88360545070196,160.3106999667562
18,886,219.11602341372512,159.53680101902188
18,887,220.02747113172185,158.32387576669186
18,888,221.82014860991075,156.65683257049682
18,889,224.52085182786763,154.6970451707593
18,890,227.88206899413714,152.81286381004844
18,891,231.20676614217837,151.37343669429842
18,892,233.7076302976636,150.6725336119007
18,893,234.7283518580609,150.8622580330089
18,894,233.89237903646122,151.89933346165947
18,895,231.24197514837388,153.53513358075685
18,896,227.3389840168802,155.4288590992059
18,897,222.9753145030922,157.24961639798798
18,898,219.08866106271068,158.66889961176304
18,899,216.42753574135241,159.4885838074132
18,900,215.35130439374274,159.6862062704751
18,901,215.8253973988443,159.35759035376088
18,902,217.50029970824707,158.6277096786988
18,903,219.69082836349585,157.75180363398982
18,904,221.6987082252963,157.02497791059895
18,905,222.989811813146,156.63914249246733
18,906,223.3293434431281,156.63822741784267
18,907,222.77127256185224,157.0426539783986
18,908,221.62217448576158,157.8002620518674
18,909,220.3157320799748,158.72618976721452
18,910,219.32312658773347,159.49034140701139
18,911,218.9036085848075,159.92444034745472
18,912,219.07234246149193,159.96469504969903
18,913,219.70686878397268,159.5578494178336
18,914,220.53218872043328,158.77035619497647
18,915,221.2127514591176,157.97596080512884
18,916,221.58230220084005,157.41972450659784
18,917,221.66809912777592,157.13624995247747
18,918,221.54004864695278,157.13429088893247
18,919,221.3393963092624,157.3707793137555
18,920,221.22166920090123,157.61529192262407
18,921,221.23050886610793,157.78336307472037
18,922,221.30350287009463,157.95175426399365
18,923,221.3868516051317,158.17484110630653
18,924,221.44079366770217,158.42513333578398
18,925,221.45661878170972,158.65973224348744
18,926,221.5248954248462,158.66229281035882
18,927,221.8552737136646,158.2140619151234
18,928,222.65442194237983,157.22879333105072
18,929,224.0752625089318,155.8244051013544
18,930,226.16488796186474,154.2320572866954
18,931,228.72491382787607,152.82130993566278
18,932,231.2258877626657,151.95695675523112
18,933,233.04593039658644,151.86482759900366
18,934,233.68954087200015,152.53275040413325
18,935,232.86856088114024,153.84434344282923
18,936,230.65940939614012,155.515361414984
18,937,227.61030432263018,157.08966954242663
18,938,224.44270383385515,158.26314645200023
18,939,221.75483633303267,158.86862064963475
18,940,219.99120083154259,158.92448579867525
18,942,219.31223944746176,158.53406109850394
18,943,219.5137524674628,158.04730981770743
18,944,220.22242184860886,157.6934995584727
18,945,221.03405072473524,157.58961993349766
18,946,221.59980522253298,157.66907979827917
18,947,221.71613837475658,157.93918024466694
18,948,221.36348467914996,158.31681730105768
18,949,220.65602286535704,158.6614138127395
18,950,219.82516871136895,158.97665874380414
18,951,219.12280900702552,159.27440781811868
18,952,218.7084338200314,159.50970805716452
18,953,218.63754648801154,159.55704692659305
18,954,218.86181388771286,159.50337039230809
18,955,219.2373924056842,159.37964922948706
18,956,219.5920767075362,159.23872928534178
18,957,219.82492102989272,159.12045189515143
18,958,219.90526126886363,159.1295204971067
18,959,219.88528403582046,159.18881197637583
18,960,219.89156094093588,159.2157795251547
18,961,219.99340778831524,159.16919367601236
18,962,220.18867518827352,159.04936499071718
18,963,220.390316746032,158.93166919792182
18,964,220.476154336803,158.92877188763111
18,965,220.36568532759384,159.10481786678366
18,966,220.14536525065878,159.37627635714227
18,967,220.0171425348987,159.5851984388513
18,968,220.28083251040067,159.50675378493355
18,969,221.2642703950238,158.97092693830047
18,970,223.2058785876247,157.86907848681417
18,971,226.03065429179608,156.33395947065517
18,972,229.3973920863427,154.60847804402036
18,973,232.78782777933304,152.9520931881608
18,974,235.53504975019487,151.66524362454834
18,975,236.9731204995299,151.13426295569653
18,976,236.72266542266763,151.46979248443648
18,977,234.7425488986039,152.6585594237507
18,978,231.33957446954952,154.55545413302337
18,979,227.15075047407754,156.75278312368914
18,980,222.9825717426817,158.6434419264129
18,981,219.58868950242723,159.868255342076
18,982,217.4912384722338,160.25460190393875
18,983,216.8038234170856,159.86959558091326
18,984,217.29438748764147,159.0763483599026
18,985,218.5587751709777,158.2567522696727
18,986,220.0890239065818,157.61229552875793
18,987,221.4136549085632,157.27827685898
18,988,222.2507657768363,157.2630806144691
18,989,222.531171203549,157.43992490290793
18,990,222.19185225755234,157.8583723714405
18,991,221.40115514017882,158.5458924945525
18,992,220.4304474802234,159.37085079527614
18,993,219.55487315234288,160.20545943572623
18,994,218.90335088883486,160.9338004344679
18,995,218.65806494377503,161.28406090075012
18,996,218.78084753314783,161.23278601609857
18,997,219.1271931103284,160.9657550347518
18,998,219.56550265508835,160.6362357911447
18,999,220.0844784732741,160.32811428617902
18,1000,220.53893035886531,160.32353642501482
18,1001,220.7547324906099,160.54145176183638
18,1005,220.73532692676076,160.84629802206103
18,1006,220.48105760594973,161.12343234470237
18,1007,219.93861762614802,161.3695060236031
18,1008,219.1810436604152,161.43974625745255
18,1009,218.40771337717,161.38189593746714
18,1010,217.7664594206825,161.20076853265294
18,1011,217.41987533495706,160.90753722287758
18,1012,217.52953637998456,160.48489904238662
18,1013,218.15647669241122,159.95421802745304
18,1014,219.23219362022527,159.37571767496843
18,1015,220.5373750134327,158.87624797119616
18,1016,221.7342524123781,158.58119938251204
18,1017,222.4505299428103,158.6139123992924
18,1018,222.51802208763937,158.9616576603157
18,1019,221.9095315878164,159.48655052712087
18,1020,220.76335664411477,160.00856761013637
18,1021,219.42992923282378,160.39573081295669
18,1022,218.3200446118658,160.50106265217232
18,1023,217.63303519135508,160.37439345074824
18,1024,217.46649902343756,160.25779666570463
18,1025,217.8032665322716,160.27503613077036
18,1026,218.44821924889223,160.44185369508796
18,1027,219.1703130012125,160.76525700883244
18,1028,219.78066367138877,161.1404170044226
18,1029,220.21969231205046,161.35999550175626
18,1030,220.43384836937912,161.3601803866645
18,1031,220.44410541644464,161.1794052215719
18,1032,220.28350113487429,160.91682278137148
18,1033,220.04835283718683,160.67533342344692
18,1034,219.77222686663373,160.5630923726033
18,1035,219.47816743694835,160.59737813169494
18,1036,219.18028830627628,160.71397638625368
18,1037,218.90680521157296,160.81831013328622
18,1038,218.67134847564984,160.89139426867968
18,1039,218.45236214226216,160.92017918478317
18,1040,218.2780759039729,160.96884367008545
18,1041,218.17227274258576,161.14654285745456
18,1042,218.15766401760135,161.45383799824057
18,1043,218.23574915628643,161.8137799056295
18,1044,218.39411212794423,162.15894778986473
18,1045,218.59283867973204,162.39860004529015
18,1046,218.79464554025026,162.4581354762278
18,1047,218.955815243087,162.39865099340062
18,1048,219.02682797244347,162.2970507680937
18,1049,218.98973303506068,162.23044068987704
18,1050,218.8484931112435,162.23953486167008
18,1051,218.62119568090466,162.3282307453188
18,1052,218.3926568126132,162.44967643619293
18,1053,218.23711697115613,162.52672841122308
18,1054,218.1983019113516,162.48180512148332
18,1055,218.30824007070518,162.26618437425478
18,1056,218.57685845513828,161.90656025889365
18,1057,218.86592800009623,161.4732610133712
18,1058,219.11233115988907,161.08886446553004
18,1059,219.2970986557792,160.87768673530678
18,1060,219.35013635612847,160.9390178066813
18,1061,219.26895198898396,161.20145316824028
18,1062,219.14079074992495,161.55052647744756
18,1063,218.98349944139414,161.89748245583985
18,1064,218.81557643532418,162.13383893259055
18,1065,218.73986902767786,162.17243860593635
18,1066,218.7401513860986,162.09681580794094
18,1067,218.77587373445434,162.00207608392276
18,1068,218.8267720128435,161.93436589249268
18,1069,218.8388432007548,161.9640740298575
18,1070,218.75258345386575,162.13311764492084
18,1071,218.60155302280452,162.38922836011528
18,1072,218.41970736115036,162.68386862604768
18,1073,218.25150539099505,162.9681046522512
18,1074,218.14098508717186,163.19268385293805
18,1075,218.06786426958075,163.33338506248722
18,1076,217.98835295317178,163.41462152213794
18,1077,217.8868266067995,163.46180688420353
18,1078,217.74177453405264,163.49735125921475
18,1079,217.56459135943004,163.52067534189575
18,1080,217.4155728609377,163.54143226302412
18,1081,217.30440661236625,163.56087329916696
18,1082,217.22862392656816,163.57456651087705
18,1083,217.18956523825022,163.57793683987722
18,1084,217.16988614052258,163.57667347087965
18,1085,217.1083576293843,163.58237144167597
18,1086,216.98728392328582,163.60298576625507
18,1087,216.81675025091658,163.6416799084102
18,1088,216.63944766074317,163.68813897629258
18,1089,216.4925209388256,163.74706650087177
18,1090,216.4378470611636,163.79688499343035
18,1091,216.5055340753674,163.8152408253211
18,1092,216.6748958910117,163.79982113632303
18,1093,216.8648372986701,163.76163693827542
18,1094,217.02069086215997,163.68264746655393
18,1095,217.1111903317772,163.56774274023977
18,1096,217.1487983104339,163.42736923360528
18,1097,217.15651657238965,163.24658812204893
18,1098,217.1619557249844,163.03945445553566
18,1099,217.1840954382203,162.84617150424364
18,1100,217.2283406103554,162.67424600686846
18,1101,217.2864098505792,162.5175121304025
18,1102,217.33070614006195,162.41107220467086
18,1103,217.36971945666832,162.34517607488783
19,0,221.14483349991383,150.1622906736313
19,1,221.20957548988744,150.28828519199095
19,2,221.2792488471772,150.41535728193583
19,3,221.3502933217102,150.53773283055887
19,4,221.40029682879197,150.61047224025572
19,5,221.42686205319282,150.63245593993074
19,6,221.42753181621288,150.6177437009331
19,7,221.41428338451874,150.60782012503972
19,8,221.39289555049157,150.6183951263353
19,9,221.36480971207834,150.65572490380353
19,10,221.3323100211312,150.71797279500072
19,11,221.30566187657394,150.801069296951
19,12,221.28963645540244,150.89463694950234
19,13,221.2804601122639,150.9770069536765
19,14,221.27548616242782,151.0356651913848
19,15,221.274981724505,151.06895400218403
19,16,221.2768327857261,151.07330099478162
19,17,221.27833473588507,151.04717973055116
19,18,221.28120979846338,151.0012909500808
19,19,221.29073379184354,150.94267973238604
19,20,221.30653877737123,150.87805103306945
19,21,221.32108764635746,150.8170744487894
19,22,221.3342829588347,150.76684723247607
19,23,221.34487615550984,150.72748855583973
19,24,221.34736453502103,150.69914819509964
19,25,221.3376512296947,150.6758400066633
19,26,221.3236134554497,150.65337566611666
19,27,221.30640824027083,150.6288233378746
19,28,221.28707506702304,150.60679904226993
19,29,221.26757604099447,150.58927470970215
19,30,221.24996048186728,150.5779981867593
19,31,221.2327928588077,150.570569866453
19,32,221.22042117449737,150.561621536453
19,33,221.2134389879036,150.5441976464545
19,34,221.2103241120338,150.5141798416709
19,35,221.21309660702715,150.47151730451932
19,36,221.21913847911517,150.42054774884608
19,37,221.2182569407713,150.37570971620394
19,38,221.20897028306842,150.34565430101688
19,39,221.19651186946015,150.333238525011
19,40,221.18225901812028,150.3352167860344
19,41,221.168185226337,150.3474869082996
19,42,221.16068273537388,150.3630275399219
19,43,221.1614753195583,150.3779334145929
19,44,221.1644442968977,150.39667244252448
19,45,221.16209502153666,150.4285001930395
19,46,221.15140272708607,150.47588466565873
19,47,221.13258902082777,150.53325590082306
19,48,221.10564146195915,150.59437734713492
19,49,221.0744113964035,150.64717221234145
19,50,221.04637190315978,150.6800193678077
19,51,221.02634198652504,150.69214369186406
19,52,221.01495691042567,150.6877561462853
19,53,221.01339816439548,150.66994764365904
19,54,221.02153243176932,150.64556500948612
19,55,221.04048896284786,150.61908189654406
19,56,221.07503419304123,150.58927742868406
19,57,221.1264767808631,150.5560421829006
19,58,221.18937211353273,150.52196409347863
19,59,221.2557123645783,150.48639719526074
19,60,221.31354746871258,150.45278077123328
19,61,221.34565870573903,150.4222585391805
19,62,221.34473958400133,150.39276229070848
19,63,221.31764512919338,150.36223100432076
19,64,221.27793903627241,150.3352227435627
19,65,221.24227537444162,150.30962356434935
19,66,221.22595548198166,150.28516464130922
19,67,221.23381308749225,150.26595647256525
19,68,221.2584743147761,150.2550784611418
19,69,221.28867672815878,150.24620098833455
19,70,221.31144447814106,150.23777518525714
19,71,221.31619498081423,150.22964982439018
19,72,221.3012552341203,150.2195457377004
19,73,221.27187103064946,150.20591998890097
19,74,221.2317352569774,150.19212328139437
19,75,221.1834607862487,150.18230570980504
19,76,221.13380839316324,150.18072300667387
19,77,221.08458621987262,150.18813992903867
19,78,221.0374378557222,150.2032815235895
19,79,220.99889575659554,150.22676346012946
19,80,220.9771690908598,150.26310466152924
19,81,220.9749497177623,150.31120261549685
19,82,220.99364140781057,150.3699363197624
19,83,221.0298735334495,150.44107208196488
19,84,221.07461452196327,150.52141388377257
19,85,221.11485331241732,150.5930992042387
19,86,221.1393817826487,150.64739742495482
19,87,221.14324552190914,150.68432189188619
19,88,221.12616448608563,150.70148150858432
19,89,221.09437593274876,150.6974622659521
19,90,221.05996542891205,150.68099199438666
19,91,221.03650777164773,150.66029291389276
19,92,221.03120099548454,150.63946099364534
19,93,221.04195952510744,150.6223831034805
19,94,221.05977418055608,150.61351578755992
19,95,221.0732026427023,150.61796783728914
19,96,221.0709901472266,150.6323065549318
19,97,221.04312013575537,150.64842052531293
19,98,220.99281334127596,150.66317775441868
19,99,220.9297602359386,150.67497269980834
19,100,220.86510240603457,150.67999951151086
19,101,220.8032322384317,150.68289506268007
19,102,220.7512992521557,150.69002759795362
19,103,220.71252066069417,150.7014977017157
19,104,220.68766879247642,150.71806599468704
19,105,220.6754093049095,150.74035647164987
19,106,220.68018977607863,150.76310054527886
19,107,220.70086692502713,150.78217475737944
19,108,220.73044004295585,150.79914916880432
19,109,220.75937136254328,150.81529753199587
19,110,220.77978184661407,150.83209758524063
19,111,220.7876223498549,150.84973855489363
19,112,220.78581313702568,150.86841090823003
19,113,220.7814511470695,150.88475229170484
19,114,220.78069484854677,150.89356835963287
19,115,220.78896126401105,150.88846471028955
19,116,220.81144598179696,150.86573398660389
19,117,220.84589624112232,150.82590721959934
19,118,220.88742367242776,150.76786515245132
19,119,220.9340353345022,150.6956851414674
19,120,220.983543841334,150.61676795627338
19,121,221.02478153325973,150.54200891512636
19,122,221.05393393673572,150.47617390814318
19,123,221.0705164125875,150.42744532179805
19,124,221.07656406017566,150.39563909668468
19,125,221.07649339613886,150.37640970043103
19,126,221.07908148188616,150.36333070894142
19,127,221.08761302567868,150.3548935636631
19,128,221.10543509161215,150.3498659292128
19,129,221.13159555849484,150.35043834629175
19,130,221.15799286397223,150.36336547563482
19,131,221.17801381921797,150.39320652731388
19,132,221.18999820788036,150.4409910224535
19,133,221.190764892758,150.50244965731488
19,134,221.17830082714977,150.57299185962728
19,135,221.15744760519146,150.64406744302138
19,136,221.1313568506289,150.7083769066059
19,137,221.10036634287695,150.75892866575037
19,138,221.06644634380382,150.79421868584453
19,139,221.0356092275042,150.81513272234523
19,140,221.01401996414504,150.82400178001004
19,141,221.0031151089803,150.82464176685684
19,142,221.00327084996255,150.8228041491847
19,143,221.01598654247732,150.81736621023038
19,144,221.03470039088108,150.80668846246778
19,145,221.04748867493356,150.79246766024772
19,146,221.0546063488748,150.77485773555122
19,147,221.05677705405125,150.75023404136417
19,148,221.04891303532165,150.72747141249974
19,149,221.03252364924472,150.71164281061453
19,150,221.01521501120718,150.70053495575087
19,151,220.9966523902923,150.69546650021084
19,152,220.9798960859152,150.70202503691928
19,153,220.96990251065662,150.71507535864478
19,154,220.966377339421,150.73172449363372
19,155,220.96658291447434,150.75456764444266
19,156,220.97174379113622,150.77923157632245
19,157,220.98080612722433,150.7981664683682
19,158,220.99364177913603,150.810643559265
19,159,221.01355181656558,150.8168054204615
19,160,221.04066400349842,150.81593522870423
19,161,221.0700096196971,150.81184690693328
19,162,221.0947575665311,150.80998944938955
19,163,221.10899305238215,150.80800100213267
19,164,221.1097201923588,150.79448717781509
19,165,221.0972518119176,150.75969752540593
19,166,221.07531239542885,150.69796172390988
19,167,221.05037102790237,150.60553362009017
19,168,221.02756544060603,150.48735827664095
19,169,221.00692096873402,150.3664103699932
19,170,220.99020838543862,150.25943757284892
19,171,220.97561191530963,150.17322174710787
19,172,220.95950641298035,150.1112369550014
19,173,220.94236252289983,150.0708255970751
19,174,220.9281102974762,150.0412488208081
19,175,220.91553737600543,150.01902157853695
19,176,220.90857973340894,150.0110105154824
19,177,220.91101810026743,150.02069314257048
19,178,220.92237084220127,150.05133871874807
19,179,220.93632127628422,150.10610709252865
19,180,220.94947371485227,150.18141266895896
19,181,220.95612415435667,150.26269485021015
19,182,220.9527821302445,150.34200441392497
19,183,220.9394670700269,150.414269049334
19,184,220.92534386024474,150.47270503150875
19,185,220.91764525655634,150.51693127027133
19,186,220.92214937484803,150.55161819947764
19,187,220.94215954923612,150.57882127958698
19,188,220.9760713917109,150.6011237494622
19,189,221.01381440636405,150.62129607560888
19,190,221.04772772214596,150.63769527993065
19,191,221.0733173852746,150.65181219633874
19,192,221.0868902553025,150.66724979139025
19,193,221.08715772122417,150.68495737662053
19,194,221.07730754548467,150.70191206035608
19,195,221.06242808223888,150.7170280224574
19,196,221.04464183762002,150.7253936376568
19,197,221.02684726593105,150.71993962828364
19,198,221.01047329111785,150.69689600946018
19,199,220.9969679293293,150.66150803473076
19,200,220.9843646571306,150.61967543064847
19,201,220.97207634002064,150.57671938264534
19,202,220.95964149451945,150.53802123988282
19,203,220.9500050779077,150.50537314485257
19,204,220.94330447467365,150.47695908345244
19,205,220.94069903080313,150.44989194759563
19,206,220.94276697158213,150.42634623055295
19,207,220.9506383487825,150.40801565324432
19,208,220.96235766511202,150.396557810105
19,209,220.97771367472228,150.39075029487492
19,210,220.99516629550098,150.38916982542142
19,211,221.01259528828558,150.39068234858502
19,212,221.02515975367464,150.39972776895766
19,213,221.02880505124315,150.41713928116897
19,214,221.02203597369305,150.44335612051492
19,215,221.00640453086535,150.47699327409484
19,216,220.9847912197017,150.51100348221087
19,217,220.96088688123945,150.52909984504174
19,218,220.94071976586125,150.52663711048893
19,219,220.9278416910165,150.504090909904
19,220,220.92190771927818,150.46456517860665
19,221,220.92245916898628,150.41263319002
19,222,220.9309237297855,150.3595080247505
19,223,220.94543693177224,150.31140606879922
19,224,220.96234156521774,150.27350130038343
19,225,220.97887807360485,150.25198070324177
19,226,220.9909247335582,150.24968344542307
19,227,220.99436854882313,150.26551115256257
19,228,220.98817939669453,150.2957873690988
19,229,220.97296814368653,150.33344308080848
19,230,220.95450159248122,150.36829281724897
19,231,220.93811880564107,150.3973426132292
19,232,220.92499682566947,150.42105048908985
19,233,220.91369498309763,150.44049676403242
19,234,220.90463325114007,150.45648919573227
19,235,220.89518598535798,150.4744207244497
19,236,220.89133098952306,150.49664984216753
19,237,220.8996793855258,150.52027853682193
19,238,220.92274373969764,150.54312861068067
19,239,220.96111722202716,150.56645793543137
19,240,221.01270160478308,150.58458149713627
19,241,221.0632567616946,150.5906958662659
19,242,221.10240288007702,150.58843004413993
19,243,221.12728735331441,150.5796627918919
19,244,221.13661866976673,150.56206414639675
19,245,221.12988099328572,150.53635229748565
19,246,221.1114764866999,150.5067991856342
19,247,221.08794671976165,150.46890524722411
19,248,221.06663916293564,150.42399720794714
19,249,221.05322996683037,150.37502065876745
19,250,221.05094692451806,150.32934354885126
19,251,221.05863200097974,150.29243859088973
19,252,221.07132550905746,150.26895085689466
19,253,221.08175863641657,150.25286565592586
19,254,221.0788996244658,150.24433040247774
19,255,221.05856391628927,150.2421165399747
19,256,221.02759507419862,150.23946277174014
19,257,220.99260819325707,150.23269476415874
19,258,220.96300649972525,150.21686522872957
19,259,220.99207229258025,150.14147745933224
19,260,221.19442928889143,149.87256136139223
19,261,221.76797319960608,149.26428807304816
19,262,222.92283432080984,148.23721059990612
19,263,224.7734905931748,146.80214405696495
19,264,227.22357915054636,145.12342596815563
19,265,229.91941026739636,143.54664977413665
19,266,232.24244987462635,142.46639625601514
19,267,233.53535466528757,142.14433878703315
19,268,233.33856345314027,142.6523666575025
19,269,231.58844967168065,143.8198779587831
19,270,228.6211319250773,145.38820646376055
19,271,225.11088955247607,146.9969853145394
19,272,221.9321119475419,148.2689484520859
19,273,219.81232275920348,148.98902574513681
19,274,219.0913650832892,149.17234646126877
19,275,219.74975442404428,148.81348219885663
19,276,221.46293830872324,148.0561815191934
19,277,223.55295434786456,147.228087433243
19,278,225.4052674345825,146.60772915728828
19,279,226.6716087404871,146.31199278644408
19,280,227.23021204290308,146.41730809259016
19,281,227.18629288077832,146.8963596313812
19,282,226.80108785834784,147.61132508630217
19,283,226.2949408070094,148.3677118407016
19,284,225.8077890993249,149.06876763540654
19,285,225.397500279681,149.65714028976683
19,286,224.99023634204968,150.10665597998783
19,287,224.54636711917183,150.38360344306508
19,288,224.0997751456723,150.5261289272255
19,289,223.61228946473972,150.54416312780268
19,290,223.0753603744364,150.49595618221622
19,291,222.57998404839026,150.41257914987986
19,292,222.23131720582,150.33178908167218
19,293,222.0207267607485,150.304895798362
19,294,221.99712986523969,150.3573659497041
19,295,222.17283432202657,150.43927595968623
19,296,222.44754976236086,150.5328537751032
19,297,222.67318079522482,150.6463860932342
19,298,222.81441959843454,150.74845119076582
19,299,222.83574019568294,150.8081730945926
19,300,222.72969249813116,150.84880828698306
19,301,222.6006716962806,150.8805534791266
19,302,222.5885083079902,150.9027162790323
19,303,222.72843869572355,150.91190117916676
19,304,223.02065831015008,150.91356497087938
19,305,223.4302553860661,150.8944379522823
19,306,223.82705471562423,150.84105666458194
19,307,224.08841573848673,150.74509050610433
19,308,224.16361613781405,150.60310579750038
19,309,224.03948786624076,150.41704234373572
19,310,223.75076388921417,150.2110057233135
19,311,223.37560838101467,150.0487955621284
19,312,222.98182181938176,149.97438688146394
19,313,222.639674944484,150.0161228499371
19,314,222.4156239243399,150.2017121178938
19,315,222.32895367352535,150.5148619414267
19,316,222.39709692809066,150.8484431782975
19,317,222.61336577848957,151.08815538530473
19,318,222.9124694389732,151.16873499271742
19,319,223.1856112723741,151.07557627959707
19,320,223.35046192545602,150.83143073892091
19,321,223.389308194568,150.49994725105142
19,322,223.32228507321008,150.17269425726334
19,323,223.2190903329461,149.91228593709707
19,324,223.18566964825533,149.7132884543399
19,325,223.3079550270966,149.54658904523217
19,326,223.54765239016405,149.3959716954479
19,327,223.81859652158644,149.2450382621385
19,328,224.01948672608404,149.0888311676126
19,329,224.0587848092584,148.9617097808282
19,330,223.8827232751286,148.9199490000611
19,331,223.53251698878324,149.01345417364416
19,332,223.0924012867713,149.24167779645106
19,333,222.6506723476354,149.5726264949848
19,334,222.31529362927304,149.92569503473692
19,335,222.1648334275118,150.2116991848512
19,336,222.21334821721007,150.37651469930103
19,337,222.43630864561962,150.43502291238724
19,338,222.76851971662438,150.4120891339135
19,339,223.1010325138469,150.3617242392222
19,340,223.34113405709138,150.32568377130985
19,341,223.4374484608425,150.30721126127958
19,342,223.3723852161853,150.28830743204026
19,343,223.1946194464237,150.26915078970904
19,344,222.96472676856544,150.24980910241692
19,345,222.72975390177302,150.2448528393645
19,346,222.5373272547741,150.27268617146137
19,347,222.4134587154431,150.33295020274252
19,348,222.34603588117167,150.41214992599154
19,349,222.3234433441567,150.49512585229465
19,350,222.3292349584181,150.55765059440444
19,351,222.3411546187176,150.5810929533696
19,352,222.3581622818591,150.5549256798593
19,353,222.39150550882164,150.4773049706771
19,354,222.46158277227715,150.36323608430257
19,355,222.60121278505076,150.23083625776667
19,356,222.82673147487338,150.09474064733172
19,357,223.11471341787282,149.98391024972298
19,358,223.42371448735742,149.93170282558145
19,359,223.70044777105753,149.94052064731122
19,360,223.8735127705898,150.00202776811926
19,361,223.8837365313577,150.1151914128723
19,362,223.73247379429563,150.2622749754148
19,363,223.45581433361295,150.40172517569295
19,364,223.100791295214,150.51410128671108
19,365,222.74838600696205,150.59288015663307
19,366,222.4864999826919,150.6269112194679
19,367,222.35965623324603,150.61633194014715
19,368,222.37825293986373,150.5801852427441
19,369,222.52528593253442,150.53749207160757
19,370,222.74937224970603,150.5085319515615
19,371,222.97853754375714,150.5094771651797
19,372,223.13608101766786,150.54768639002654
19,373,223.21961999288777,150.60728127528327
19,374,223.27992350931626,150.64131787079026
19,375,223.36701319379603,150.6177211586841
19,376,223.5738061635042,150.51318153549212
19,377,223.9988966522492,150.29832885726702
19,378,224.62018220660656,149.96142132302643
19,379,225.36761889505416,149.53170590447297
19,380,226.19462100022116,149.0347261697259
19,381,226.96161928133748,148.49612896588334
19,382,227.58014558931748,147.91903068533924
19,383,228.0590075669381,147.31934322568353
19,384,228.44040519853962,146.71240246736696
19,385,228.76670343137243,146.0674858014188
19,386,229.19413210466044,145.28758882813943
19,387,229.8132641838574,144.35232793623274
19,388,230.61093274588808,143.2865047235557
19,389,231.50809010698546,142.11421974438835
19,390,232.39734925331658,140.91330871472542
19,391,233.09855759362898,139.85344905771524
19,392,233.46703807650442,139.04606591519268
19,393,233.4926316127506,138.50295837437395
19,394,233.22867338175618,138.27841633740735
19,395,232.780432790643,138.37931265029883
19,396,232.30741866435292,138.74989593571854
19,397,231.93259763566545,139.31291049627188
19,398,231.76364869608543,140.02326709573083
19,399,231.84231450446978,140.6183269314356
19,401,232.10220539729474,141.03285453732386
19,402,232.3792345531571,141.29102181994523
19,403,232.58029920339538,141.44169637539392
19,404,232.6050973814081,141.50582664080025
19,405,232.4184356237449,141.67542177510984
19,406,232.13186115044894,141.923248858324
19,407,231.95423821104396,142.14681423001775
19,408,232.0153788956332,142.264534365296
19,409,232.35450129101235,142.24580620056156
19,410,232.99935035947283,142.02974710233184
19,411,233.87245529959046,141.6140367140676
19,412,234.85139409922223,141.0487802939627
19,413,235.78607990517096,140.40141800982119
19,414,236.5672057645308,139.7509678254503
19,415,237.10477677530812,139.22560478065392
19,416,237.34468727079977,138.93872737714034
19,417,237.25297575175472,138.92632088800642
19,418,236.92081337309176,139.16283992572755
19,419,236.47567815474875,139.5774340732948
19,420,236.02615059424556,140.01823034155626
19,421,235.700049789898,140.33688480776658
19,422,235.59813457162656,140.43241962242942
19,423,235.72408733928648,140.2890885080944
19,424,236.01000021403965,139.9515581897339
19,425,236.3389468646949,139.54526871113046
19,426,236.5525944054708,139.2208735951097
19,427,236.54342130766835,139.12102496062536
19,428,236.26764641352887,139.2731978928467
19,429,235.76932968913914,139.63348014984842
19,430,235.18021336162047,140.1171019721796
19,431,234.68801813106603,140.55351215570158
19,432,234.4104606247057,140.7779059052607
19,433,234.40598194781097,140.73321848908714
19,434,234.6479414546249,140.4380937976497
19,435,235.0215049497055,139.95130227730579
19,436,235.33420761164058,139.4383787316067
19,437,235.47897274187392,139.07386034089566
19,438,235.38915725532237,138.98018115075104
19,439,235.07647269474603,139.166567923028
19,440,234.6380939762636,139.5868164119747
19,441,234.2244959147926,140.1283634843818
19,442,233.91347371553906,140.65619643414848
19,443,233.76215240612817,141.03772955953133
19,444,233.77853951333194,141.24037902988533
19,445,233.91147056499258,141.2685990316401
19,446,234.0821462887016,141.1709284575383
19,447,234.22855470411415,141.00960102382874
19,448,234.3157614360405,140.8578336275296
19,449,234.2958288997714,140.76449418025143
19,450,234.14356104093525,140.76125366943234
19,451,233.89769349648464,140.83163323618442
19,452,233.6181241259828,140.99092598381318
19,453,233.35095466588024,141.21423626045592
19,454,233.14999877001722,141.45617446774222
19,455,233.06754207987697,141.68487460881553
19,456,233.07858714682115,141.90716554048717
19,457,233.16256882731037,142.05227373408135
19,458,233.24694788669802,142.12331488384055
19,459,233.2854017397572,142.16163613745312
19,460,233.24601990430267,142.1998100901325
19,461,233.16063804944224,142.23316066030378
19,462,233.05462743748996,142.3082511067022
19,463,233.02748405702172,142.40860496448994
19,464,233.16215956739157,142.4572363717122
19,465,233.51232760294099,142.39362149289985
19,466,234.05286808381106,142.2149399176459
19,467,234.6760763413224,141.91809473458397
19,468,235.23089730516926,141.5481346770912
19,469,235.6058646759808,141.23779130570492
19,470,235.72705745210098,141.08138699372898
19,471,235.59789682348128,141.09490874229024
19,472,235.3226249180239,141.27599969386807
19,473,235.03879846333936,141.56834957145568
19,474,234.85382042129095,141.81509710660993
19,475,234.85047660744516,141.8859882239906
19,476,235.0488953003912,141.75108784260232
19,477,235.43716801121056,141.43649290258517
19,478,235.9542559528929,141.03408783033504
19,479,236.48529650989968,140.6846345806558
19,480,236.89685416267324,140.5168413014603
19,481,237.103010337694,140.5681757134545
19,482,237.05837264109067,140.78017521614117
19,483,236.79337021874042,141.0421422110947
19,484,236.4354520637255,141.2376296600746
19,485,236.15295533823127,141.26076435931535
19,486,236.09219469616238,141.0688607775832
19,487,236.34248416710486,140.6711432457811
19,488,236.90202626259293,140.12305163274607
19,489,237.6353096041951,139.562725629076
19,490,238.36814821486627,139.12714268809964
19,491,238.9259420917666,138.90373686215548
19,492,239.1432117856184,138.9970036126093
19,493,238.95494764164232,139.4341169140502
19,494,238.4504662116974,140.05905846098864
19,495,237.73689256437996,140.728527994373
19,496,236.96760117404483,141.2957438076931
19,497,236.3364431787618,141.58748080022644
19,498,235.94196601821278,141.5157193107592
19,499,235.7771518427651,141.17460650040596
19,500,235.81387731085752,140.679702738064
19,501,235.95892069599773,140.1895026095358
19,502,236.09255600912653,139.8653972232384
19,503,236.180855998432,139.7879650551912
19,504,236.24610837519705,139.9311015486252
19,505,236.32882466013228,140.1790728514537
19,506,236.46351028900582,140.4013956604075
19,507,236.65738503157039,140.4949276299567
19,508,236.82077823321993,140.43032558537303
19,509,236.79528970024407,140.24339205883368
19,510,236.44097612476614,140.06586480587464
19,511,235.66243290304342,140.05017225389116
19,512,234.38276806121542,140.33555164562216
19,513,232.68107543524255,140.9481969216624
19,514,230.76204093711763,141.81578821663751
19,515,228.87874918261895,142.74565935361176
19,516,227.2514445657671,143.54522455654148
19,517,226.1161977520324,144.0381751491883
19,518,225.5477854479611,144.2048472178924
19,519,225.51776610602286,144.10864752265996
19,520,225.85846511145007,143.97604017205464
19,521,226.41235489080657,143.9531856567526
19,522,227.01910691898553,144.08839075550443
19,523,227.53911853700683,144.3111789451582
19,524,227.8073205834072,144.59907862467975
19,525,227.76543324396215,144.84703845908572
19,526,227.3824676440111,145.0303870780881
19,527,226.66651312400091,145.19563865730447
19,528,225.74212320778065,145.3960175375475
19,529,224.81497136431062,145.58149846006162
19,530,224.04930604817486,145.71279189675408
19,531,223.6298517923336,145.7135137884907
19,532,223.60635894494806,145.55623229295048
19,533,223.85356009685563,145.3403498253908
19,534,224.1908523360935,145.2018183418528
19,535,224.48562121754537,145.1918100276649
19,536,224.58800765659674,145.35044609309577
19,537,224.44483384128466,145.66870119695375
19,538,224.14777080529586,146.0404623903006
19,539,223.85449464466717,146.36630416056352
19,540,223.61055072354318,146.66932655781866
19,541,223.3907174841842,146.98811592834065
19,542,223.21962300955084,147.32197935505673
19,543,223.058709106984,147.6825856944867
19,544,222.81122379746057,148.07084038730494
19,545,222.48537645957057,148.43654327795304
19,546,222.17293841642575,148.7194094168674
19,547,221.90337116807805,148.92890835689693
19,548,221.70051358274094,149.10079885394128
19,549,221.62025589101125,149.26301730866598
19,550,221.68286115745212,149.41544325237763
19,551,221.84179505812017,149.58901101176986
19,552,222.0299104826517,149.78492917443657
19,553,222.22944335578,149.92339286398277
19,554,222.41214158505647,149.94822572579048
19,555,222.53479380853435,149.8915217203845
19,556,222.6035822127048,149.78340555386853
19,557,222.6627407603174,149.63770250322924
19,558,222.73158848210207,149.5170551250598
19,559,222.79169638267996,149.46354615153703
19,560,222.86719420579058,149.45183418322463
19,561,222.94245203149853,149.45179849954346
19,562,222.97630992699635,149.45304742498385
19,563,222.9179619609025,149.45578261587173
19,564,222.8091372125714,149.47340471488639
19,565,222.67740706426233,149.50848947597925
19,566,222.57030634136092,149.5470551601138
19,567,222.5261510142987,149.57830642978402
19,568,222.5890984817587,149.5929179612612
19,569,222.72965600408833,149.5770967383179
19,570,222.89589634095088,149.5358626640742
19,571,223.0494685356499,149.48544670697817
19,572,223.1922383110678,149.43984866979503
19,573,223.32328607220313,149.37677184768722
19,574,223.45129742805676,149.27131299031822
19,575,223.60321052096407,149.12573498933128
19,576,223.76956450950345,148.9703212981846
19,577,223.92539699429187,148.8374576122559
19,578,224.06051383894726,148.77612547898346
19,579,224.1568040462695,148.82111584457263
19,580,224.18194371252872,148.95253412921238
19,581,224.16402397730482,149.08792597360633
19,582,224.13628749060177,149.14465041396352
19,583,224.11265614322022,149.07281485202313
19,584,224.14374511490144,148.8477523844288
19,585,224.27501020135506,148.52362829538743
19,586,224.5082501563466,148.1693917626197
19,587,224.81908876655723,147.8477707123283
19,588,225.18678638295773,147.59571014767175
19,589,225.53425798286767,147.4696190285769
19,590,225.80261560987455,147.4376482721331
19,591,225.96507829544126,147.48500673867292
19,592,226.0319457252901,147.58830893352498
19,593,226.01878312217238,147.6992360837
19,594,225.9541049313426,147.76943172360484
19,595,225.87584803928593,147.78044310172572
19,596,225.80032055718246,147.72339018863906
19,597,225.724206609255,147.6044418346233
19,598,225.62499004585425,147.48804677504154
19,599,225.54561523156906,147.3688420586585
19,600,225.50288212667374,147.26228650063427
19,601,225.50780508496916,147.1864004711478
19,602,225.55756902712216,147.14044902544327
19,603,225.67007134686693,147.0725924186935
19,604,225.81250761825,146.9878768677363
19,605,225.96727586979068,146.9011845545634
19,606,226.08843804464897,146.7997246112669
19,607,226.1554319303149,146.68633408154648
19,608,226.1632661203878,146.57835895732606
19,609,226.1199063866449,146.4532630459663
19,610,226.0347067163891,146.26025665109745
19,611,225.95846353847975,146.01269067454785
19,612,225.92052326470542,145.71766011545995
19,613,225.9115989758683,145.40303666676218
19,614,225.91000742996394,145.13783684447307
19,615,225.90341411736443,144.9860283431228
19,616,225.88844348398464,144.91528652508032
19,617,225.84754890740243,144.91885070824088
19,618,225.77786256433274,144.98684755421021
19,619,225.7008086021593,145.0750828854887
19,620,225.62226488511297,145.14472418506162
19,621,225.4757959395654,145.24261941157368
19,622,225.271689264989,145.36176635479956
19,623,225.08410126947032,145.4655986371429
19,624,224.9426478629827,145.57856778789824
19,625,224.8514246754447,145.71904997742325
19,626,224.8857980403115,145.82595721203108
19,627,225.02155850539117,145.89557260972094
19,628,225.1727250100091,145.9369230110255
19,629,225.30523595068533,145.8930472904589
19,630,225.40355366534135,145.75533886726186
19,631,225.48519283835236,145.57256036189577
19,632,225.6486689733366,145.36041052527847
19,633,225.92891979946526,145.14896709209654
19,634,226.29314972641728,144.99256473786102
19,635,226.73335468967218,144.88060155001267
19,636,227.13273129883163,144.84300704348658
19,637,227.35582987056796,144.91469533742446
19,638,227.35985527658443,145.09920436075544
19,639,227.18030872789734,145.34206974564196
19,640,226.88022447412223,145.62012264040172
19,641,226.5940162819459,145.83762501779003
19,642,226.42923172976333,145.8905037809904
19,643,226.45827835371395,145.71665314458332
19,644,226.6847465151112,145.38304970414296
19,645,227.04607640606105,144.9681199877666
19,646,227.46382090937726,144.5527168656969
19,647,227.85969726488494,144.23782483242735
19,648,228.17600460301503,144.0822640453064
19,649,228.3969331285516,144.04379847586466
19,650,228.50948153644126,144.06869374212278
19,651,228.51115277996757,144.09902230650422
19,652,228.41571479119597,144.09281611751769
19,653,228.22393840755723,144.04841846497658
19,654,227.93381983443982,144.01502713301068
19,655,227.56971848183815,144.0376030240503
19,656,227.1381292639608,144.19348795137705
19,657,226.6964272819558,144.47128773407792
19,658,226.285002649207,144.82702626052992
19,659,225.9404644153023,145.19722582458485
19,660,225.67943247869158,145.55079123664086
19,661,225.5824241776903,145.81840088099761
19,662,225.60681694903613,146.02310653381417
19,663,225.71812117216132,146.20053946511476
19,664,225.85655737857985,146.370830344999
19,665,226.03206802766053,146.46850192216158
19,666,226.17036433056853,146.4763825083377
19,667,226.27363232261143,146.36591740870531
19,668,226.3600063539072,146.13944199323944
19,669,226.46632547199178,145.80631005847582
19,670,226.56937294881283,145.4788181026493
19,671,226.64509646347102,145.2371454657909
19,672,226.66891548937826,145.14054612252764
19,673,226.5959429545336,145.22292839030567
19,674,226.37404293503738,145.51139581320396
19,675,225.9481165103044,145.92941576146407
19,676,225.3480398052923,146.40284500368702
19,677,224.60531070330103,146.8725114749995
19,678,223.80957991011786,147.2517150319897
19,679,223.06801121603257,147.50898561105188
19,680,222.47454179701128,147.70861027125812
19,681,222.04015474765606,147.91642237202802
19,682,221.7791283019977,148.16096949076058
19,683,221.6636152320385,148.47764325735767
19,684,221.64338693189677,148.83951125319408
19,685,221.67679844701397,149.18768999685304
19,686,221.73895332337548,149.4755501128305
19,687,221.78797562574997,149.6705638868578
19,688,221.772133062467,149.7757176535817
19,689,221.684476322969,149.81676727362702
19,690,221.535975691529,149.79631671382617
19,691,221.3730452611658,149.7241824603866
19,692,221.2372278218022,149.64743271792702
19,693,221.1964810388116,149.58702486133376
19,694,221.30864823927226,149.53423859935836
19,695,221.57406555790607,149.4811378216426
19,696,221.95834354323455,149.3866056919696
19,697,222.43355244653395,149.20572812717842
19,698,222.9470331958927,148.90962427964092
19,699,223.41185760889095,148.49909478842807
19,700,223.83720893915495,147.9985527281704
19,701,224.22540462205868,147.47015539750797
19,702,224.59718187981068,146.95818296075288
19,703,224.95727690091013,146.51353151737933
19,704,225.28063260815682,146.23126443234813
19,705,225.50759623009554,146.1651650319759
19,706,225.67922239284948,146.26856893646436
19,707,225.81160609525034,146.4192556276925
19,708,225.9441324626229,146.48228798254976
19,709,226.19920326561237,146.28520197685685
19,710,226.71412470179956,145.7362175013682
19,711,227.4918121832443,144.9234552765394
19,712,228.48548289817575,144.0755893296581
19,713,229.63030793373954,143.37965246987446
19,714,230.81891578287903,142.90018640326042
19,715,231.8731534907805,142.64908734958286
19,716,232.61398741418915,142.58838930668142
19,717,232.90793325095424,142.62572442664273
19,718,232.725896817147,142.65931744085094
19,719,232.10040819519793,142.78393368204567
19,720,231.10589748421415,143.11450998000126
19,721,229.91491770779402,143.5969937546687
19,722,228.81075840393922,144.09407474975364
19,723,227.92310979584798,144.60358663399768
19,724,227.29328277280007,144.9759306295997
19,725,226.94760913569064,145.1087072503155
19,726,226.85494683491103,145.07385865120307
19,727,226.8536012021965,145.05487746669692
19,728,226.75467347167455,145.2154345245903
19,729,226.36356639246594,145.78411196004134
19,730,225.5952675895743,146.8007684597061
19,731,224.4955902424851,148.19040314432215
19,732,223.19021877221638,149.76693260817217
19,733,221.97735494237253,151.12856706559057
19,734,221.22643363494848,151.9423660531499
19,735,221.1576056599768,152.02934761793307
19,736,221.7337089211928,151.360967474331
19,737,222.78409843302384,150.10113911019937
19,738,224.07996706475313,148.61222412045626
19,739,225.33606426430484,147.1551457420296
19,740,226.32890312837876,145.97899000231314
19,741,227.03184046031282,145.18307112137347
19,742,227.54911637765397,144.64584808153592
19,743,227.93428322121667,144.28203819047735
19,744,228.29205362677098,144.0066518689814
19,745,228.70164912672726,143.68091023937004
19,746,229.19102187148312,143.26460819244642
19,747,229.74848409423896,142.8338111278866
19,748,230.41139920007458,142.33817202999313
19,749,231.12811724085893,141.85015190016037
19,750,231.89604577728795,141.44179085023902
19,751,232.6039722426361,141.17510314803224
19,752,233.1223712859999,141.09975662238102
19,753,233.31024130061036,141.2638290906928
19,754,233.10547317156156,141.52035499673568
19,755,232.4615422451194,141.82063606137507
19,756,231.50669424716904,142.09972264230748
19,757,230.4056884214768,142.2828306939992
19,758,229.33044672237637,142.35379139093396
19,759,228.43620029241916,142.5069171249666
19,760,227.79268483551746,142.86442069194905
19,761,227.41430350927956,143.4553234998511
19,762,227.23226457604102,144.2960188978169
19,763,227.14601017352376,145.33992427031123
19,764,227.02221505715056,146.3895518686868
19,765,226.784605782929,147.30600000968462
19,766,226.3783222018511,148.01161285403586
19,767,225.83825807161293,148.44729852583126
19,768,225.2246484232174,148.63819340442245
19,769,224.6420398930577,148.6956048153926
19,770,224.18482540292484,148.6092664020656
19,771,223.92230544242017,148.40841308331034
19,772,223.84068307751812,148.19380702163494
19,773,223.90713854854877,148.02479659347
19,774,224.0830796360822,147.8826040632119
19,775,224.31865812275032,147.849626122978
19,776,224.45798811110896,148.00402164318746
19,777,224.47044709058747,148.28217575299578
19,778,224.36403120414855,148.6095656893689
19,779,224.13046297917666,148.93678174275644
19,780,223.7860442499519,149.172685500098
19,781,223.46481759243844,149.24531296177824
19,782,223.17260619214554,149.2040400302667
19,783,222.91427891234207,149.1121146194517
19,784,222.74778950101498,149.04078680106016
19,785,222.66206977989978,149.07254384675565
19,786,222.6144740559623,149.2258925970721
19,787,222.66718429387277,149.4291649881547
19,788,222.82057114355442,149.64606593096664
19,789,222.95635748065482,149.8252103491794
19,790,223.02823606733722,149.92286722582764
19,791,223.02596981499704,149.95102815497
19,792,222.9012417106761,149.96058453497966
19,793,222.64314313599624,149.92572358530788
19,794,222.37488570158334,149.85731461887883
19,795,222.2365604928059,149.77675878935668
19,796,222.26041457431648,149.69807572324166
19,797,222.45207588536772,149.59792896398477
19,798,222.8261200267835,149.4785231377572
19,799,223.35331431837838,149.33373564354605
19,800,223.93509077606518,149.1597864070978
19,801,224.582848875799,148.9016316558832
19,802,225.28591166464767,148.58368289916456
19,803,225.95878023901753,148.27948686942997
19,804,226.4108673868413,148.04255108105625
19,805,226.52434259023653,147.8876447831414
19,806,226.2383997113007,147.8394551277505
19,807,225.5986010520533,147.87811061399435
19,808,224.7553171980365,147.95149767831586
19,809,224.03636451708653,148.0155158452166
19,810,223.6895138054319,148.0285683958477
19,811,223.7865826139546,147.961501365689
19,812,224.28626915453412,147.78346717239992
19,813,225.0572385226353,147.49603561909439
19,814,225.8175359379895,147.12762712601693
19,815,226.3255583644329,146.76796342033617
19,816,226.4388152256948,146.5749578946731
19,817,226.13166176355085,146.64507156496677
19,818,225.4818993801945,146.9836820744404
19,819,224.64388553562566,147.57621020188694
19,820,223.84081863992893,148.352270562826
19,821,223.3069107464958,149.10634225910695
19,822,223.107338494934,149.6907272979628
19,823,223.21616320896698,150.03365026472233
19,824,223.60526378208044,150.08168278197394
19,825,224.1154480000833,149.86978516787306
19,826,224.54343766495032,149.5493584861184
19,827,224.76593816090144,149.29445902409628
19,828,224.7559007155292,149.22195701252033
19,829,224.50191150863327,149.37931610731474
19,830,224.07172116233684,149.68275369510584
19,831,223.57328086533582,150.01664818471065
19,832,223.17788141511022,150.27458935692366
19,833,222.92911817599685,150.43334001447488
19,834,222.7984509941457,150.50510794433652
19,835,222.72687372779188,150.5518853027548
19,836,222.639628564928,150.64042306604676
19,837,222.47006621466085,150.8012268474892
19,838,222.2893759211799,150.96618167519523
19,839,222.2123783720645,151.07445179243928
19,840,222.37606079352605,151.06642891510455
19,841,222.8503644961981,150.83737128970665
19,842,223.67042714829483,150.27581621258096
19,843,224.85921150276175,149.32872452509525
19,844,226.46281127859893,148.01949892968935
19,845,228.41270041286688,146.44653156946063
19,846,230.62890035096234,144.82128297289643
19,847,232.93806517609556,143.39852963942258
19,848,234.97045617008706,142.48025778128022
19,849,236.25691026649866,142.2242174046996
19,850,236.5283938445538,142.61715589024266
19,851,235.76679975228942,143.50713886521348
19,852,234.08049724155802,144.69417443756743
19,853,231.7800048862475,145.9136574404792
19,854,229.33530043395484,146.90233312890174
19,855,227.15205223330187,147.5197008254515
19,856,225.39147782810107,147.77589099154756
19,857,224.1397786852,147.76995116857702
19,858,223.44427061401558,147.57850150342557
19,859,223.2806500579789,147.36998898928243
19,860,223.5268548520189,147.29416722645064
19,861,224.08195919546893,147.33599382409577
19,862,224.83808882830667,147.40143947905207
19,863,225.60196124083603,147.45793675760223
19,864,226.1518849310139,147.50310484877716
19,865,226.40952803295284,147.49139165262108
19,866,226.41436754163516,147.40430087549825
19,867,226.23447165281922,147.23376402536613
19,868,225.9531346820085,146.99881397480863
19,869,225.68991017483282,146.67300369383548
19,870,225.45504666489182,146.30920829384348
19,871,225.15736094622133,146.04192691344227
19,872,224.74552097063568,145.9384069970024
19,873,224.28883483963313,145.9875783196178
19,874,223.79535256853114,146.22296003586382
19,875,223.33578600000905,146.612995922332
19,876,223.04310507104157,147.02138887547216
19,877,222.98678733467202,147.39654472654172
19,878,223.15259255032475,147.70905371224825
19,879,223.54854700243246,147.86072594081725
19,880,224.0858866391668,147.82391459614735
19,881,224.61128712309602,147.69363108597062
19,882,224.98739717818154,147.55966793416357
19,883,225.13340564372703,147.47803961737773
19,884,225.08799871212008,147.42161845648562
19,885,225.01639383977596,147.2595724089128
19,886,225.25745936306174,146.80031041018964
19,887,226.21270666439256,145.86499855987975
19,888,228.12344198400208,144.40008273438085
19,889,230.94774207171182,142.58265561750218
19,890,234.41760336759816,140.73147323117925
19,891,237.86926233799903,139.2191785761552
19,892,240.49319872534716,138.38607814391807
19,893,241.57781474395705,138.4233149688795
19,894,240.7179039980056,139.2837474056111
19,895,237.94533233423357,140.76160727650299
19,896,233.82628074729433,142.57207298341123
19,897,229.1794315745635,144.37672184091537
19,898,224.99721364452094,145.86925024894234
19,899,222.13853737626167,146.8478023103438
19,900,221.01595023210928,147.24277529157337
19,901,221.5498004231172,147.04984791479995
19,902,223.30797114432008,146.40387142359364
19,903,225.58333246213405,145.50454645130952
19,904,227.62975965153856,144.64481652774413
19,905,228.8590526629108,144.0700125888342
19,906,229.03088383075624,143.90013967695413
19,907,228.25176694041335,144.14695053459886
19,908,226.86379940986237,144.7938757026817
19,909,225.36903831248935,145.6406362225188
19,910,224.31846617446018,146.36179258282144
19,911,224.00532673714375,146.7969691749728
19,912,224.44752891868364,146.88883277677934
19,913,225.44003849398263,146.5694624298645
19,914,226.58405419283116,145.91865367308486
19,915,227.46817416101402,145.25436726373383
19,916,227.89373507477353,144.79047676582044
19,917,227.8817251089609,144.5612739560429
19,918,227.57378069992268,144.56263196044262
19,919,227.2040326263698,144.7472270227005
19,920,226.9797663206381,144.95384964475292
19,921,226.97288459555,145.0906084668008
19,922,227.12437676394612,145.20851990049204
19,923,227.3670841951805,145.36613928351494
19,924,227.6352115804646,145.57998215299054
19,925,227.91128856398177,145.84947862558548
19,926,228.27175150651814,146.01358399380217
19,927,228.92705572661933,145.8332713609712
19,928,230.06764164219882,145.23550204502982
19,929,231.8317641924593,144.25590720831136
19,930,234.18501105980636,142.96294402678748
19,931,236.90689490935728,141.6675201786187
19,932,239.45892493529294,140.79577581240048
19,933,241.25836252930725,140.54527467525958
19,934,241.7995368683945,140.95362094754142
19,935,240.83320248054167,142.0039936187312
19,936,238.43363098706442,143.42969219116554
19,937,235.09239534718452,144.7988418942541
19,938,231.45130512175365,145.79413936759988
19,939,228.4830971684455,146.3885419409293
19,942,226.5389269563496,146.48624871898662
19,943,225.7586199799147,146.24019497428299
19,944,225.95280572363305,145.92047826149215
19,945,226.71613183122707,145.71086686763982
19,946,227.2906462905176,145.54821977339708
19,947,227.50766572166697,145.49260051391659
19,948,227.283198488455,145.51566151881235
19,949,226.69797779712022,145.5268070797771
19,950,226.01303036275405,145.53402908379593
19,951,225.46300664087286,145.5767845756897
19,952,225.13417669401684,145.67257611045667
19,953,225.04365102517937,145.73314928064397
19,954,225.15833726200708,145.78397996387332
19,955,225.30578383169896,145.82471567426143
19,956,225.40133166693764,145.84352649996546
19,957,225.424422404972,145.8464028737315
19,958,225.3667602630009,145.90089683517516
19,959,225.24751889435868,145.94627235407336
19,960,225.19844787008847,145.91060848757212
19,961,225.24305264093292,145.79470257116154
19,962,225.36888226268465,145.60222152650167
19,963,225.50650893106427,145.4126079465105
19,964,225.55651532740993,145.35095231439428
19,965,225.4573543175115,145.51889420197065
19,966,225.27334329905366,145.8924778253399
19,967,225.17513552166497,146.37396965576696
19,968,225.4877711980543,146.75909380714182
19,969,226.58143823166031,146.86529849758904
19,970,228.69703766238212,146.50519700565016
19,971,231.7608528327109,145.677956844988
19,972,235.43559584836458,144.4802979460743
19,973,239.0998142449294,143.11198149859658
19,974,242.00986806187706,141.83385515134404
19,975,243.4714131928036,141.08868357356238
19,976,243.11563122187084,141.0965869825793
19,977,240.88406844509328,141.92490708816814
19,978,237.1526299706561,143.49881554351055
19,979,232.6266380105924,145.51260032719674
19,980,228.11383796193263,147.40235997407774
19,981,224.40305546998428,148.729776151667
19,982,222.11624103165227,149.30325518960407
19,983,221.4007413494416,149.11293967564143
19,984,222.02797045458985,148.43881155265603
19,985,223.61456412371848,147.61318463062665
19,986,225.50943776040552,146.93294141182753
19,987,227.12657635085185,146.55232264568343
19,988,228.14243251586254,146.50759289531285
19,989,228.42505411893387,146.68199199768128
19,990,227.93672525856078,147.07873180606595
19,991,226.98641898937169,147.67234588521194
19,992,225.89870016907125,148.32978770990073
19,993,224.94063432786731,148.95325526458592
19,994,224.27715216898122,149.4355406904384
19,995,224.05148886301546,149.58659424858956
19,996,224.2194049836966,149.3805639031265
19,997,224.64171425626503,148.97612400198972
19,998,225.23670960258428,148.47183397969476
19,999,225.94705771361134,147.98742380543337
19,1000,226.6413058761469,147.7053433628531
19,1001,227.2026230791299,147.61788118458804
19,1002,227.60333266731436,147.61586018623032
19,1003,227.7947635265426,147.6497191677022
19,1004,227.74010037422403,147.74743763120117
19,1005,227.46621683884425,147.83203628084482
19,1006,226.9801225160692,147.92024792628698
19,1007,226.2674171799668,148.0749069257463
19,1008,225.3563867297617,148.32157526654746
19,1009,224.3947632036775,148.53273902287293
19,1010,223.56283479015693,148.6492498007699
19,1011,223.08334175560753,148.60790060845898
19,1012,223.14845438227852,148.35317620489613
19,1013,223.81378422098652,147.87070277188096
19,1014,224.9288692669949,147.24322577236904
19,1015,226.25507247542603,146.60146918721685
19,1016,227.45219339971652,146.08093760837016
19,1017,228.14103594426626,145.81884422280285
19,1018,228.15827665313577,145.84085880707966
19,1019,227.50738908405458,146.0764391607997
19,1020,226.3168325300692,146.43511027299922
19,1021,224.907721841545,146.80866822169583
19,1022,223.7467440365628,147.02500844373674
19,1023,223.04389463294854,147.10354747776378
19,1024,222.86064702599074,147.21768982869085
19,1025,223.23012090713914,147.39400323155468
19,1026,224.01009098322473,147.62051982043224
19,1027,224.88800710988764,147.9149650568487
19,1028,225.66457231471207,148.17872125446087
19,1029,226.31188177843387,148.23350307644623
19,1030,226.71577835381774,148.07650563021556
19,1031,226.85031545727443,147.77991256449022
19,1032,226.79516184143554,147.43729508877954
19,1033,226.6250794198634,147.1900858772444
19,1034,226.37971602275422,147.1437747107377
19,1035,226.10258320212634,147.30738126679438
19,1036,225.83622108419053,147.58767204558836
19,1037,225.59290406998775,147.89774932005682
19,1038,225.42720757962735,148.1212612128354
19,1039,225.29497683354214,148.23680141788
19,1040,225.2234135952919,148.3063605674147
19,1041,225.2057174078352,148.45721494330462
19,1042,225.24641797494866,148.69108736483165
19,1043,225.3384543984311,149.0017415235805
19,1044,225.47673449416666,149.32378548363408
19,1045,225.61196880233805,149.53697673355208
19,1046,225.71863298166642,149.5527845447388
19,1047,225.8029209799513,149.4416940008269
19,1048,225.81487944365352,149.2623035051482
19,1049,225.7566460123906,149.0777672425743
19,1050,225.64365814351598,148.9507688158181
19,1051,225.47927568559618,148.91996197157067
19,1052,225.31885931682524,148.96085944883038
19,1053,225.21720405269093,149.034127472328
19,1054,225.1840400129389,149.07940369001568
19,1055,225.23874745275543,149.0576042391502
19,1056,225.42841206122438,148.94474251007233
19,1057,225.61422195531622,148.7340494810602
19,1058,225.77523735086885,148.46260841565515
19,1059,225.9294054838017,148.23737425366457
19,1060,225.99364807226723,148.1656059123163
19,1061,225.9296858196722,148.23063053635187
19,1062,225.82442500541302,148.3931424109147
19,1063,225.61350744125528,148.65292167019564
19,1064,225.28783220803592,148.9289242476966
19,1065,224.99962096560873,149.10015284291518
19,1066,224.7489146427022,149.19554135381216
19,1067,224.50950349295988,149.26184409547017
19,1068,224.33688274510445,149.29548856511946
19,1069,224.19785660815356,149.32930368514798
19,1070,224.03938081339294,149.41220136683006
19,1071,223.9491073443199,149.4907213462098
19,1072,223.97307330691865,149.5324795053064
19,1073,224.13149531442585,149.51072726235614
19,1074,224.45354502180763,149.40908189450082
19,1075,224.83148578878243,149.24943854847402
19,1076,225.08415494001295,149.13559305489883
19,1077,225.1310341755105,149.1086935984853
19,1078,224.93741079259115,149.17511467601864
19,1079,224.5048443169411,149.32938680828633
19,1080,223.9646520852005,149.526092340323
19,1081,223.4542327416889,149.69880049049107
19,1082,223.02228840712976,149.83495570129244
19,1083,222.69087077079968,149.93721238800157
19,1084,222.4732113583454,149.99789380953882
19,1085,222.31356714235548,150.0399421849679
19,1086,222.15818252128915,150.09196427528096
19,1087,222.03143141944042,150.14085514903692
19,1088,221.96248625984023,150.17418963076526
19,1089,221.95659686459703,150.2102220936968
19,1090,222.04020294623592,150.24168849081406
19,1091,222.21644191076086,150.24532796436088
19,1092,222.43323013832227,150.2341667426843
19,1093,222.63303749639593,150.22285612730306
19,1094,222.78016261991647,150.19421755272083
19,1095,222.85885939785695,150.13532996999945
19,1096,222.90621688852332,150.02851573622038
19,1097,222.94033762264183,149.86125272767194
19,1098,222.95904081074542,149.66244799981058
19,1099,222.97676735937972,149.46196099298442
19,1100,223.00396030409385,149.2739638089186
19,1101,223.02896479677347,149.12234763834303
19,1102,223.04016626177886,149.02971127133097
19,1103,223.0577373475007,148.9716811293424
