parent,child,frame,length_px
0,12,0,11.353271141471756
0,12,1,11.277003597220848
0,12,2,11.181904066071883
0,12,3,11.080201993243765
0,12,4,10.995036450986818
0,12,5,10.93777382128517
0,12,6,10.909458150900203
0,12,7,10.904021411366353
0,12,8,10.915486045640028
0,12,9,10.940269190746582
0,12,10,10.974634340611427
0,12,11,11.0157508498814
0,12,12,11.060585855849707
0,12,13,11.103791735920781
0,12,14,11.13953484234193
0,12,15,11.164697952602152
0,12,16,11.178546718174038
0,12,17,11.182259494470394
0,12,18,11.17987341823317
0,12,19,11.17556573931448
0,12,20,11.171949170760438
0,12,21,11.170614678840874
0,12,22,11.171962977540536
0,12,23,11.175328673776386
0,12,24,11.181657794051036
0,12,25,11.193297042497681
0,12,26,11.210576356825472
0,12,27,11.232296839673884
0,12,28,11.256750345128973
0,12,29,11.28021790951776
0,12,30,11.298185439035187
0,12,31,11.30866584239213
0,12,32,11.31199738523609
0,12,33,11.309385042221857
0,12,34,11.303250024487639
0,12,35,11.296907498208967
0,12,36,11.29320676346351
0,12,37,11.293990045216681
0,12,38,11.299569522713442
0,12,39,11.308787440924979
0,12,40,11.319463916590626
0,12,41,11.329639199732759
0,12,42,11.337743299116346
0,12,43,11.343010927266336
0,12,44,11.344539268970255
0,12,45,11.341868033681525
0,12,46,11.33415210777457
0,12,47,11.321076936776603
0,12,48,11.303219166388274
0,12,49,11.283320262055977
0,12,50,11.263358389310868
0,12,51,11.244690362602025
0,12,52,11.228126336389405
0,12,53,11.214650512360963
0,12,54,11.20418006236459
0,12,55,11.197505996713831
0,12,56,11.19625354211845
0,12,57,11.200819020657235
0,12,58,11.209183666899978
0,12,59,11.218413809249517
0,12,60,11.224415034305068
0,12,61,11.222614588458741
0,12,62,11.211403660670161
0,12,63,11.192972586622465
0,12,64,11.171473570876682
0,12,65,11.152065977847174
0,12,66,11.139088153019724
0,12,67,11.133863085003911
0,12,68,11.134880928390897
0,12,69,11.141102452590907
0,12,70,11.15209216175076
0,12,71,11.168349485449095
0,12,72,11.190599853003535
0,12,73,11.219777974224833
0,12,74,11.253284000993592
0,12,75,11.286559495511106
0,12,76,11.315587698115067
0,12,77,11.338583394213476
0,12,78,11.354577627328359
0,12,79,11.36580461484715
0,12,80,11.376849933727225
0,12,81,11.38969063394455
0,12,82,11.404351918397694
0,12,83,11.420239785065615
0,12,84,11.434026805305267
0,12,85,11.44028520055018
0,12,86,11.43802287799717
0,12,87,11.42815699332431
0,12,88,11.412607854215203
0,12,89,11.395460782769968
0,12,90,11.38170765496739
0,12,91,11.37267213253353
0,12,92,11.367500068852177
0,12,93,11.363586301888743
0,12,94,11.35794116493444
0,12,95,11.347635292633822
0,12,96,11.331518529841594
0,12,97,11.30953300672229
0,12,98,11.28279405892977
0,12,99,11.251740396283893
0,12,100,11.218527133282935
0,12,101,11.185273338175527
0,12,102,11.154183905440059
0,12,103,11.127360190016013
0,12,104,11.108452616162477
0,12,105,11.099216554288622
0,12,106,11.099707884679036
0,12,107,11.108504312981871
0,12,108,11.124518632899543
0,12,109,11.144408567534207
0,12,110,11.163521529353174
0,12,111,11.178797316796713
0,12,112,11.188963576740521
0,12,113,11.192777146880582
0,12,114,11.190534604621917
0,12,115,11.183016143323457
0,12,116,11.170344685891894
0,12,117,11.15511323048676
0,12,118,11.141357361258201
0,12,119,11.132661867898948
0,12,120,11.13276181793714
0,12,121,11.142931996572313
0,12,122,11.159944583390967
0,12,123,11.178256326283176
0,12,124,11.192154060564357
0,12,125,11.198529522258909
0,12,126,11.200764475098962
0,12,127,11.2026401298438
0,12,128,11.20593483425239
0,12,129,11.211688890207617
0,12,130,11.219238824078692
0,12,131,11.224627340234338
0,12,132,11.225021407933848
0,12,133,11.220335506573075
0,12,134,11.211757711170886
0,12,135,11.200292115666542
0,12,136,11.186131973819421
0,12,137,11.169346424404962
0,12,138,11.15055163396753
0,12,139,11.132772561697346
0,12,140,11.121582342087507
0,12,141,11.122623769701683
0,12,142,11.14013662379035
0,12,143,11.175393389086437
0,12,144,11.223705811484265
0,12,145,11.275521675580624
0,12,146,11.321248339384029
0,12,147,11.3541316858632
0,12,148,11.371824601176238
0,12,149,11.375760672785752
0,12,150,11.370075738487053
0,12,151,11.361097907405862
0,12,152,11.354944131758819
0,12,153,11.353087316335339
0,12,154,11.356359219765382
0,12,155,11.36431764287526
0,12,156,11.373110220317967
0,12,157,11.376796155212283
0,12,158,11.37470404597697
0,12,159,11.36750940649118
0,12,160,11.357517217354964
0,12,161,11.347858883892524
0,12,162,11.341998586868389
0,12,163,11.338879363971825
0,12,164,11.334630380984525
0,12,165,11.325120428085548
0,12,166,11.30861808219836
0,12,167,11.284781670078416
0,12,168,11.254733078427671
0,12,169,11.221588470822203
0,12,170,11.188006670274586
0,12,171,11.155136320433398
0,12,172,11.123331623025638
0,12,173,11.094409958910706
0,12,174,11.070112180646376
0,12,175,11.051868477455475
0,12,176,11.04066406464372
0,12,177,11.03830886572624
0,12,178,11.043682644447896
0,12,179,11.054459633553716
0,12,180,11.069394127341159
0,12,181,11.087564184735562
0,12,182,11.106057029557952
0,12,183,11.123497433152275
0,12,184,11.139418558766158
0,12,185,11.15317009145992
0,12,186,11.164545020705535
0,12,187,11.174201816271951
0,12,188,11.183403989644368
0,12,189,11.19410683918929
0,12,190,11.206014186712473
0,12,191,11.21773425132254
0,12,192,11.228562048467015
0,12,193,11.23742475737041
0,12,194,11.24222073215809
0,12,195,11.243737997329264
0,12,196,11.243209586999425
0,12,197,11.241242368555879
0,12,198,11.238501443038512
0,12,199,11.236102282687806
0,12,200,11.23424397610289
0,12,201,11.233266460677156
0,12,202,11.233593759033546
0,12,203,11.234597614777474
0,12,204,11.23550557856691
0,12,205,11.235527637704552
0,12,206,11.23475385431723
0,12,207,11.233445791315871
0,12,208,11.23248668400676
0,12,209,11.231945843938012
0,12,210,11.230159924101766
0,12,211,11.223418556887307
0,12,212,11.208154275344171
0,12,213,11.183949161877308
0,12,214,11.152912754220305
0,12,215,11.119405712394583
0,12,216,11.088894521326365
0,12,217,11.06643155174736
0,12,218,11.05290415753751
0,12,219,11.046679371769619
0,12,220,11.045888346267345
0,12,221,11.049150825429507
0,12,222,11.055247233720328
0,12,223,11.065225625280425
0,12,224,11.08269091069693
0,12,225,11.10821937361781
0,12,226,11.140368897115826
0,12,227,11.1771715980681
0,12,228,11.21440120927684
0,12,229,11.244277812788452
0,12,230,11.26370304659768
0,12,231,11.273309740648813
0,12,232,11.274658594107162
0,12,233,11.270300298363798
0,12,234,11.264685755076687
0,12,235,11.260290657706523
0,12,236,11.256620204958896
0,12,237,11.252767374082856
0,12,238,11.248673648778665
0,12,239,11.24413766920702
0,12,240,11.23900334402073
0,12,241,11.234359834602342
0,12,242,11.23182790437586
0,12,243,11.231485365670906
0,12,244,11.232559629427682
0,12,245,11.234110849250053
0,12,246,11.234743226935379
0,12,247,11.232071752029503
0,12,248,11.22498117224632
0,12,249,11.214301956638915
0,12,250,11.201014475036478
0,12,251,11.186768078176929
0,12,252,11.173980844930519
0,12,253,11.165412051270957
0,12,254,11.162364912540566
0,12,255,11.16508187344619
0,12,256,11.17307937347526
0,12,257,11.187432087543826
0,12,258,11.209539369094891
0,12,259,11.244798083506986
0,12,260,11.305256013231794
0,12,261,11.39532887192375
0,12,262,11.500669229037676
0,12,263,11.569689597096044
0,12,264,11.522213966722475
0,12,265,11.302608750334391
0,12,266,10.92084057526693
0,12,267,10.441682391199093
0,12,268,9.989592465185874
0,12,269,9.709294979717937
0,12,270,9.690960816119293
0,12,271,9.936637977711463
0,12,272,10.491313499249909
0,12,274,11.40272876783318
0,12,275,11.356361921868599
0,12,276,11.429077564833628
0,12,281,11.471422663038311
0,12,284,11.727397383223547
0,12,285,11.718985134995123
0,12,286,11.741648479917526
0,12,287,11.777252328745494
0,12,288,11.871061714728867
0,12,289,12.001781953234099
0,12,290,12.125664271698351
0,12,291,12.171757011377096
0,12,292,12.081235051469653
0,12,293,11.861547297538493
0,12,294,11.579654390155676
0,12,295,11.307754981424146
0,12,296,11.136519108837925
0,12,297,11.143524228317176
0,12,298,11.333701545326667
0,12,299,11.645139382580103
0,12,300,11.997272286245146
0,12,301,12.300160236506459
0,12,302,12.481129890640084
0,12,303,12.516774268680171
0,12,304,12.425964021724802
0,12,305,12.237574234885027
0,12,306,11.985105493930442
0,12,307,11.715785398749684
0,12,308,11.485423416490955
0,12,309,11.335699928678885
0,12,310,11.295344414911225
0,12,311,11.364229032857088
0,12,312,11.505294550517593
0,12,313,11.65058629947194
0,12,314,11.743653600958885
0,12,315,11.7504395183308
0,12,316,11.688855999710759
0,12,317,11.601190167809605
0,12,318,11.52574440077601
0,12,319,11.474021706315773
0,12,320,11.442238587596883
0,12,321,11.409897088163659
0,12,322,11.361244090299694
0,12,323,11.294925290231149
0,12,324,11.230199248929974
0,12,325,11.194326796086356
0,12,326,11.198924901708512
0,12,327,11.238593335772025
0,12,328,11.310133875788177
0,12,329,11.410699037879006
0,12,330,11.517208703139286
0,12,331,11.598850227745789
0,12,332,11.632585488508889
0,12,333,11.600102778087482
0,12,334,11.492236704137897
0,12,335,11.329224476156597
0,12,336,11.155272940508707
0,12,337,11.016490438637748
0,12,338,10.949508418737052
0,12,339,10.967671839659134
0,12,340,11.061144467276721
0,12,341,11.205378909153726
0,12,342,11.368328385787704
0,12,343,11.51036757212778
0,12,344,11.599014648004443
0,12,345,11.615104728891511
0,12,346,11.555952217614028
0,12,347,11.438193745871374
0,12,348,11.296555231621488
0,12,349,11.173059702673264
0,12,350,11.103787482114011
0,12,351,11.107618970872716
0,12,352,11.181469983001305
0,12,353,11.305988486781068
0,12,354,11.448334736470606
0,12,355,11.575961169753427
0,12,356,11.659331708517133
0,12,357,11.679478063636175
0,12,358,11.63209839898537
0,12,359,11.536218328457693
0,12,360,11.419522998709452
0,12,361,11.318485254635554
0,12,362,11.268135211931053
0,12,363,11.29435609269122
0,12,364,11.395788150782375
0,12,365,11.547700150887266
0,12,366,11.714292068723099
0,12,367,11.856973286521862
0,12,368,11.937230230859141
0,12,369,11.937912223726325
0,12,370,11.870970970724159
0,12,371,11.760727259552388
0,12,372,11.639197624291288
0,12,373,11.546431388546614
0,12,374,11.510214573086554
0,12,375,11.540060374547954
0,12,376,11.637900650091943
0,12,377,11.806792790691683
0,12,378,12.042436502017829
0,12,379,12.332936522753153
0,12,380,12.68694371323766
0,12,381,12.932038172791549
0,12,384,12.587603078714983
0,12,386,12.403786320511092
0,12,387,12.55291705269555
0,12,388,12.661399888589669
0,12,389,12.673096775188036
0,12,392,12.918054365390168
0,12,393,12.844533297674534
0,12,394,12.661422046318831
0,12,395,12.490205522236893
0,12,396,12.292274602642507
0,12,397,12.065538876532822
0,12,398,11.830746586966233
0,12,399,11.620726102444934
0,12,400,11.482721208166517
0,12,401,11.44439903866082
0,12,402,11.499677278906564
0,12,403,11.616909749096948
0,12,404,11.770947884224904
0,12,405,11.952970486451235
0,12,406,12.165092548938226
0,12,407,12.40348684263649
0,12,408,12.641572048385088
0,12,409,12.840036150302453
0,12,410,12.944960524392103
0,12,411,12.927748725970451
0,12,412,12.79840945776217
0,12,413,12.617530940935865
0,12,414,12.439220806182062
0,12,415,12.302753055475602
0,12,416,12.208394920044435
0,12,417,12.131681860023367
0,12,418,12.030945129701623
0,12,419,11.881802663689854
0,12,420,11.673416708469663
0,12,421,11.413151260173064
0,12,422,11.128416515459167
0,12,423,10.85828581085141
0,12,424,10.636069717128228
0,12,425,10.485207523817285
0,12,426,10.426370622517695
0,12,427,10.461514318057478
0,12,428,10.572272578002439
0,12,429,10.72573656059404
0,12,430,10.898214347541167
0,12,431,11.07732889840884
0,12,432,11.260233689581362
0,12,433,11.442374605744508
0,12,434,11.642287841310027
0,12,435,11.865267910597602
0,12,436,12.086651468184742
0,12,437,12.266462886160031
0,12,438,12.389353944488976
0,12,439,12.434881487626393
0,12,440,12.410975678071686
0,12,441,12.35366694243958
0,12,442,12.316494295593932
0,12,443,12.33271284031787
0,12,444,12.418300506612988
0,12,445,12.553377653753627
0,12,446,12.703057942292322
0,12,447,12.835683136223565
0,12,448,12.931040829808225
0,12,449,12.982285365119631
0,12,450,12.996588643843491
0,12,451,12.993596527649165
0,12,452,12.984256818135869
0,12,453,12.983316241301637
0,12,454,13.005568976540907
0,12,455,13.05261532970584
0,12,456,13.088189110700876
0,12,457,13.053411125339684
0,12,458,12.869022179571836
0,12,459,12.475986479740515
0,12,460,11.892598359925513
0,12,461,11.211059083903494
0,12,462,10.556938840971625
0,12,463,10.059621360465114
0,12,464,9.798430786394563
0,12,465,9.75240857494988
0,12,466,9.848314415271545
0,12,467,10.01293203204124
0,12,468,10.191562912759608
0,12,469,10.360561536048316
0,12,470,10.537433461289428
0,12,471,10.7404750772437
0,12,472,10.968881645302615
0,12,473,11.203223475345313
0,12,474,11.416538466523933
0,12,475,11.595022550763067
0,12,476,11.760498579150257
0,12,477,11.940645129476414
0,12,478,12.146526995431454
0,12,479,12.378600749797112
0,12,480,12.616005337869817
0,12,481,12.816393432055124
0,12,482,12.952113983253808
0,12,483,13.026790236938188
0,12,484,13.054892925879642
0,12,485,13.0544176384522
0,12,486,13.042401330927781
0,12,487,13.016059800350048
0,12,488,12.956236574675698
0,12,489,12.847326288363835
0,12,490,12.69419278842099
0,12,491,12.522522952453855
0,12,492,12.370568528325647
0,12,493,12.272489482028597
0,12,494,12.246316092718068
0,12,495,12.277124413938171
0,12,496,12.325144599941357
0,12,497,12.362378213553614
0,12,498,12.373008578948054
0,12,499,12.34336599054086
0,12,500,12.270917611611456
0,12,501,12.160902839635066
0,12,502,12.015231227079358
0,12,503,11.859353182108723
0,12,504,11.738234611977157
0,12,505,11.70970466524268
0,12,506,11.805597385899635
0,12,507,12.007815631188254
0,12,508,12.250963458351467
0,12,509,12.48101364709079
0,12,510,12.633900926156347
0,12,511,12.668068105080163
0,12,512,12.598622105402002
0,12,513,12.475455883579235
0,12,514,12.316265637756535
0,12,515,12.149219054223444
0,12,516,12.019662607235182
0,12,517,11.938637233745359
0,12,518,11.875070589422203
0,12,519,11.781316663220448
0,12,521,11.409006901969422
0,12,522,11.344617122542866
0,12,523,11.37335832878057
0,12,524,11.422470119548668
0,12,525,11.47233167031567
0,12,526,11.491031265166848
0,12,527,11.437040722260663
0,12,528,11.300000051990574
0,12,529,11.111655323919996
0,12,530,10.946464531472447
0,12,531,10.875296908837884
0,12,532,10.957889487391737
0,12,533,11.198954888483103
0,12,534,11.557512424692332
0,12,535,11.970875581497957
0,12,536,12.391107419461244
0,12,537,12.762332933227732
0,12,538,13.039941314557282
0,12,539,13.211389210450966
0,12,540,13.28679921517181
0,12,541,13.271797366491695
0,12,542,13.195034335728945
0,12,543,13.105329760191932
0,12,544,13.038599073267786
0,12,545,13.013952003148502
0,12,546,13.046723175973177
0,12,547,13.14170204929236
0,12,548,13.281597390677454
0,12,549,13.427391747271987
0,12,550,13.497900385904487
0,12,552,13.752933723995147
0,12,553,13.851028767333556
0,12,554,13.819146687618582
0,12,555,13.75575727537622
0,12,556,13.55509951123979
0,12,560,13.125901053031468
0,12,561,13.268113673615337
0,12,564,13.797350620106611
0,12,565,14.215800277181467
0,12,566,14.443356294543449
0,12,567,14.46133627644437
0,12,568,14.30986265724867
0,12,569,14.032107165488208
0,12,570,13.682971461495455
0,12,571,13.331884929763186
0,12,572,13.052669300773642
0,12,573,12.894572090662148
0,12,574,12.879435486242633
0,12,575,12.91857857252519
0,12,577,13.201819328278546
0,12,578,13.405408474146144
0,12,579,13.468674296216852
0,12,580,13.411067678497465
0,12,581,13.266838423643465
0,12,582,13.076230487414971
0,12,583,12.88284337172415
0,12,584,12.737388467034707
0,12,585,12.667727774963737
0,12,586,12.676556088661798
0,12,587,12.75221664336154
0,12,588,12.871165000217088
0,12,589,12.990988497380446
0,12,590,13.073992401303764
0,12,591,13.094963589119116
0,12,592,13.043280614368614
0,12,593,12.927529821078755
0,12,594,12.77607349456661
0,12,595,12.621523415155725
0,12,596,12.494766760013807
0,12,597,12.417319445771595
0,12,598,12.395762512904104
0,12,599,12.413052979356799
0,12,600,12.443024019717125
0,12,601,12.459596262385562
0,12,602,12.441054355235066
0,12,603,12.376596973313639
0,12,604,12.28053305131954
0,12,605,12.177240735807876
0,12,606,12.090552009446492
0,12,607,12.038132532744228
0,12,608,12.026932436149574
0,12,609,12.049236499050846
0,12,610,12.092924944403427
0,12,611,12.140800469024033
0,12,612,12.184696589410517
0,12,613,12.225695245339404
0,12,614,12.266383934140464
0,12,615,12.302811754942203
0,12,616,12.333586567595917
0,12,617,12.352798294344078
0,12,618,12.351162892200806
0,12,619,12.314567073816338
0,12,620,12.234767768745863
0,12,621,12.113259309580037
0,12,622,11.955524035523442
0,12,623,11.765396056511214
0,12,624,11.5589723322947
0,12,625,11.35827595317162
0,12,626,11.168789109382777
0,12,627,10.99269517261057
0,12,628,10.839091545059558
0,12,629,10.714030148101427
0,12,630,10.61736938621091
0,12,631,10.562315094184106
0,12,632,10.558605672978864
0,12,633,10.606705756994621
0,12,634,10.700103947864704
0,12,635,10.822646187983082
0,12,636,10.946650056201591
0,12,637,11.052822622053126
0,12,638,11.13136586707341
0,12,639,11.177604856130099
0,12,640,11.201334480274387
0,12,641,11.217910266725593
0,12,642,11.230267344683039
0,12,643,11.228791278349624
0,12,644,11.214230180484162
0,12,645,11.194857022630998
0,12,646,11.184275339074222
0,12,647,11.200375446514913
0,12,648,11.2646887809288
0,12,649,11.36790035289942
0,12,650,11.477051018557795
0,12,651,11.55360708226859
0,12,652,11.570489000372373
0,12,653,11.512289656241318
0,12,654,11.392086068937848
0,12,655,11.239535052103875
0,12,656,11.089361589564549
0,12,657,10.957962269670544
0,12,658,10.841694066173416
0,12,659,10.730928223993219
0,12,660,10.632204225354672
0,12,661,10.55409709576214
0,12,662,10.514801806566842
0,12,663,10.541195950630494
0,12,664,10.644696549490822
0,12,665,10.790661704395898
0,12,666,10.934087918184028
0,12,667,11.041397790588016
0,12,668,11.091325671758472
0,12,669,11.074019469592013
0,12,670,11.014000930651267
0,12,671,10.94818447157725
0,12,672,10.904361172234802
0,12,673,10.900923308194464
0,12,674,10.964408121876206
0,12,675,11.111006084463433
0,12,676,11.336313038476536
0,12,677,11.622322596520386
0,12,678,11.93764290742192
0,12,679,12.224162726319818
0,12,680,12.420342339300635
0,12,681,12.489552989835317
0,12,682,12.414873705730342
0,12,683,12.20399182716492
0,12,684,11.906018964097663
0,12,685,11.592616553076002
0,12,686,11.352847351457797
0,12,687,11.306650943580928
0,12,688,11.464392131858208
0,12,698,12.803167020513328
0,12,699,12.372690467520833
0,12,700,12.093388890395191
0,12,701,11.801663946438069
0,12,702,11.548839089606574
0,12,703,11.35364804659996
0,12,704,11.226033126661708
0,12,705,11.166001471009826
0,12,706,11.174071091711344
0,12,707,11.237858123012524
0,12,708,11.32895091326026
0,12,709,11.419231644904892
0,12,710,11.495195354490086
0,12,711,11.550678248098325
0,12,712,11.595573009572666
0,12,713,11.660029856553969
0,12,714,11.755250297582895
0,12,715,11.875995037484872
0,12,716,12.002452654035961
0,12,717,12.078949388868972
0,12,718,12.0796651052168
0,12,719,11.988469469595746
0,12,720,11.934305980490373
0,12,722,12.289578707740137
0,12,723,12.252617901355626
0,12,724,12.17072543109841
0,12,725,12.12499013812426
0,12,726,12.070833568340694
0,12,727,11.996876976104067
0,12,728,11.93136485899556
0,12,729,11.91430367241075
0,12,730,11.969014219890791
0,12,731,12.1017081279675
0,12,732,12.28334056725996
0,12,733,12.478331260922163
0,12,734,12.669076503207002
0,12,735,12.852717969916322
0,12,736,13.02201843476368
0,12,737,13.17787029403444
0,12,738,13.309644099289297
0,12,739,13.388181666831379
0,12,740,13.377956344975008
0,12,741,13.272305375306383
0,12,742,13.095811888218849
0,12,743,12.889010091212244
0,12,744,12.698273282561086
0,12,745,12.585255417456294
0,12,746,12.58539055793745
0,12,747,12.676615348582107
0,12,748,12.834892810982081
0,12,749,13.02613781060667
0,12,750,13.16770790084448
0,12,751,13.221588591250175
0,12,752,13.227148152800853
0,12,753,13.202981738394266
0,12,754,13.185918450106174
0,12,755,13.269733019823244
0,12,756,13.491593760175643
0,12,757,13.816820599991225
0,12,758,14.222040716714206
0,12,759,14.666782259643215
0,12,760,15.07510986893211
0,12,761,15.410183667564318
0,12,762,15.682334322961673
0,12,763,15.916447108445016
0,12,764,16.15160698912621
0,12,765,16.40088327134791
0,12,766,16.611550013186864
0,12,767,16.64540824215492
0,12,768,16.312224318834335
0,12,769,15.674168024398233
0,12,776,15.039192174213452
0,12,777,15.06943346360982
0,12,778,14.990129761460546
0,12,780,14.584663232514817
0,12,781,14.285190501048733
0,12,782,14.073424100183303
0,12,783,13.943492137877133
0,12,784,13.831254656645557
0,12,785,13.723136753940947
0,12,786,13.591273983224319
0,12,787,13.415192736774868
0,12,788,13.20706627469206
0,12,789,13.022553411199736
0,12,790,12.917713435188457
0,12,791,12.944204269080073
0,12,792,13.085123444054258
0,12,798,13.178205083494829
0,12,799,12.826520849848713
0,12,800,12.438658519864838
0,12,801,12.06531573367982
0,12,802,11.72974280085227
0,12,803,11.486885261705353
0,12,804,11.384689742833642
0,12,805,11.44500273069028
0,12,806,11.672736772438542
0,12,807,12.036337342677106
0,12,808,12.512491074779325
0,12,809,12.822887788946565
0,12,815,12.813659524812854
0,12,816,12.648186448485637
0,12,817,12.460462063093091
0,12,818,12.390654441971279
0,12,819,12.429971987153412
0,12,820,12.542572033974853
0,12,821,12.690114855231881
0,12,822,12.754927919501547
0,12,825,12.75316016054755
0,12,826,12.792123662595941
0,12,827,12.739724871700341
0,12,828,12.642705703976505
0,12,829,12.54586205944966
0,12,830,12.480783731328042
0,12,831,12.453313680126982
0,12,832,12.449477910501164
0,12,833,12.448177207377851
0,12,834,12.453388549262199
0,12,835,12.479214986045926
0,12,836,12.524222396270057
0,12,837,12.567855699559292
0,12,838,12.586069218144234
0,12,839,12.557163999528743
0,12,840,12.495854064045053
0,12,842,12.656536023659998
0,12,843,12.879385254483772
0,12,844,13.143308663261848
0,12,845,13.432391198548824
0,12,846,13.688470498214032
0,12,847,13.85187064333371
0,12,848,13.873506366170094
0,12,849,13.798034658447406
0,12,850,13.529084641383808
0,12,857,13.912545100784648
0,12,858,13.99234794398001
0,12,859,13.861312609715213
0,12,865,12.575091290590356
0,12,866,12.340417655098099
0,12,867,12.283567855082023
0,12,868,12.299942991250386
0,12,869,12.41192571440278
0,12,872,12.905654833305489
0,12,876,12.148507975168581
0,12,877,11.901354207962195
0,12,878,11.616645724002373
0,12,879,11.304366232930452
0,12,880,10.962002077388068
0,12,881,10.642830289899159
0,12,882,10.406528727588489
0,12,883,10.326023075618227
0,12,884,10.456413169666781
0,12,885,10.781040875496043
0,12,886,11.227058446390712
0,12,887,11.704826249897431
0,12,888,12.078467711669033
0,12,889,12.181022431317045
0,12,890,11.948677611235707
0,12,891,11.429032936847522
0,12,892,10.720873965337756
0,12,893,10.236945184868622
0,12,904,10.687173303888553
0,12,905,10.673440245157636
0,12,908,10.649148209057161
0,12,909,10.591700527283654
0,12,911,10.526490850186537
0,12,912,10.953850230064866
0,12,913,11.696453299481021
0,12,914,12.44489750324242
0,12,916,13.683143535404799
0,12,917,14.3523045289189
0,12,918,14.72359109386478
0,12,919,14.670122849929772
0,12,920,14.28533702766556
0,12,922,13.708792773999786
0,12,923,13.206644948543286
0,12,924,12.733428848118296
0,12,925,12.564558537678437
0,12,926,12.639859111462917
0,12,927,12.863528812286141
0,12,928,13.08033521861359
0,12,929,13.160405534902734
0,12,930,13.058737878553389
0,12,931,12.817051005343322
0,12,932,12.515449227589412
0,12,933,12.259859454557063
0,12,934,12.148383093334356
0,12,935,12.23039569464779
0,12,936,12.509391694064911
0,12,937,12.958933443408036
0,12,938,13.489747388944812
0,12,939,13.955923166869004
0,12,940,14.226323311077307
0,12,941,14.175841989852088
0,12,942,13.80402918283826
0,12,943,13.231583991895263
0,12,944,12.639968508766339
0,12,945,12.160565870772107
0,12,946,11.915298010072409
0,12,947,11.907253020442695
0,12,948,12.058446140195251
0,12,949,12.254270309942935
0,12,951,12.729914720756746
0,12,952,12.885132132557853
0,12,953,12.951098123067046
0,12,954,12.949978672098744
0,12,955,12.876697280232056
0,12,956,12.725196956044966
0,12,957,12.531494085124374
0,12,958,12.335893148211923
0,12,959,12.214285268382914
0,12,960,12.23177018213661
0,12,961,12.411328214593722
0,12,962,12.731561715592633
0,12,963,13.124181579520165
0,12,964,13.474288351755446
0,12,965,13.644103757610397
0,12,967,13.676965725202557
0,12,968,13.618271175301711
0,12,969,13.484367807123895
0,12,970,13.379129696800495
0,12,971,13.305105336252893
0,12,972,13.242051260912808
0,12,973,13.21198457173311
0,12,974,13.253649923188807
0,12,975,13.503988064418245
0,12,976,13.988266732903929
0,12,984,14.165897701866053
0,12,988,14.193586331802916
0,12,995,14.605074489894482
0,12,1005,14.28937018308698
0,12,1006,13.602517645963973
0,12,1007,12.753709745212214
0,12,1008,12.143101339113697
0,12,1009,11.851889343717488
0,12,1010,11.849221817254582
0,12,1011,12.012417232101022
0,12,1012,12.197933864954736
0,12,1013,12.313402197516874
0,12,1014,12.333815577652123
0,12,1015,12.274443138084457
0,12,1016,12.178549075842106
0,12,1017,12.106819622859502
0,12,1018,12.107026934822954
0,12,1019,12.193367994981491
0,12,1020,12.351146110157103
0,12,1021,12.544171593300025
0,12,1022,12.724705213175598
0,12,1023,12.837093636235341
0,12,1024,12.82487670195239
0,12,1025,12.679691699016697
0,12,1026,12.444530175687179
0,12,1027,12.178140919973089
0,12,1028,11.952442098203344
0,12,1029,11.863691869716842
0,12,1030,11.95763310545805
0,12,1031,12.201676627521042
0,12,1032,12.530165114787128
0,12,1033,12.85829107650233
0,12,1034,13.087431833872019
0,12,1035,13.170498309857953
0,12,1036,13.131241801422208
0,12,1037,13.00772209667837
0,12,1038,12.845897401967553
0,12,1039,12.687478541346344
0,12,1040,12.546164620598814
0,12,1041,12.410317889087048
0,12,1042,12.288833876513381
0,12,1043,12.198801374129442
0,12,1044,12.15563914638868
0,12,1045,12.154779137846685
0,12,1046,12.168497224999303
0,12,1047,12.158504173907065
0,12,1048,12.096129013208737
0,12,1049,11.968208230329767
0,12,1050,11.79631906849112
0,12,1051,11.63080991204352
0,12,1052,11.502837729950322
0,12,1053,11.417182927846671
0,12,1054,11.366371081480864
0,12,1055,11.34036006725882
0,12,1056,11.332376692650943
0,12,1057,11.351263369729997
0,12,1058,11.407913506354596
0,12,1059,11.499198206213698
0,12,1060,11.604320644494473
0,12,1061,11.685731132545515
0,12,1062,11.708844757927677
0,12,1063,11.664723887646831
0,12,1064,11.57753121982386
0,12,1065,11.473265648780504
0,12,1066,11.37501632868535
0,12,1067,11.296718086392069
0,12,1068,11.237765610141533
0,12,1069,11.1889859533483
0,12,1070,11.144525940314779
0,12,1071,11.09825109204501
0,12,1072,11.049677865538753
0,12,1073,11.00412996848926
0,12,1074,10.959602736393068
0,12,1075,10.91413924988985
0,12,1076,10.880482818500248
0,12,1077,10.8697624059038
0,12,1078,10.886708555389847
0,12,1079,10.93486916545964
0,12,1080,11.021750747474632
0,12,1081,11.141893693140704
0,12,1082,11.284190964607989
0,12,1083,11.432889404839258
0,12,1084,11.57378278542735
0,12,1085,11.6865162875958
0,12,1086,11.761042380705227
0,12,1087,11.801109080043663
0,12,1088,11.822442219280571
0,12,1089,11.836602741663468
0,12,1090,11.855827975632852
0,12,1091,11.884743302749559
0,12,1092,11.921438113435142
0,12,1093,11.956323708295367
0,12,1094,11.98897162358419
0,12,1095,12.019422631527931
0,12,1096,12.048945864522771
0,12,1097,12.075045014603347
0,12,1098,12.098933397781224
0,12,1099,12.119479589301264
0,12,1100,12.13782567620758
0,12,1101,12.153006099693377
0,12,1102,12.165462473147109
0,12,1103,12.175532289539293
1,0,0,16.86825305839929
1,0,1,16.869919683803847
1,0,2,16.86322597909745
1,0,3,16.847195499615626
1,0,4,16.822543930449267
1,0,5,16.793735395196403
1,0,6,16.76846517706436
1,0,7,16.7552347493474
1,0,8,16.752918411876827
1,0,9,16.756810779893193
1,0,10,16.764908144077022
1,0,11,16.775609203921814
1,0,12,16.78684493095865
1,0,13,16.79877447021442
1,0,14,16.811682213910547
1,0,15,16.822299805210726
1,0,16,16.826443178789326
1,0,17,16.823008270291073
1,0,18,16.81276019903991
1,0,19,16.795754375274342
1,0,20,16.77193829642527
1,0,21,16.7437937278703
1,0,22,16.712976748559875
1,0,23,16.679450367301136
1,0,24,16.645635938787734
1,0,25,16.617151129913182
1,0,26,16.595538005830758
1,0,27,16.579283695625893
1,0,28,16.566059601624413
1,0,29,16.552046092951976
1,0,30,16.533511284463046
1,0,31,16.51055901100085
1,0,32,16.48665891611132
1,0,33,16.46646740029783
1,0,34,16.45392208092006
1,0,35,16.45017252734799
1,0,36,16.453394369805576
1,0,37,16.4596183307691
1,0,38,16.46427922522092
1,0,39,16.463615401811904
1,0,40,16.455733898262146
1,0,41,16.44209443623784
1,0,42,16.425874453943827
1,0,43,16.410059077272432
1,0,44,16.396915762342136
1,0,45,16.387987280062532
1,0,46,16.382726690425006
1,0,47,16.380118235363668
1,0,48,16.37984217491312
1,0,49,16.382642962652852
1,0,50,16.38933625532236
1,0,51,16.400304163612798
1,0,52,16.414762833670025
1,0,53,16.431321037008956
1,0,54,16.44774353822153
1,0,55,16.46070277900889
1,0,56,16.466578135116098
1,0,57,16.464027729891658
1,0,58,16.452755633137244
1,0,59,16.43332866106965
1,0,60,16.408368926262757
1,0,61,16.382737239100965
1,0,62,16.35865703974923
1,0,63,16.338113867150106
1,0,64,16.322651322732224
1,0,65,16.312019846913152
1,0,66,16.303337394115616
1,0,67,16.294953650830738
1,0,68,16.284381777909836
1,0,69,16.269815536487084
1,0,70,16.251457338552207
1,0,71,16.23179333540782
1,0,72,16.213780466843037
1,0,73,16.200606913907674
1,0,74,16.193664473220696
1,0,75,16.19244554781095
1,0,76,16.19533449919156
1,0,77,16.200315792658014
1,0,78,16.206477403066422
1,0,79,16.21474146871906
1,0,80,16.227429274533907
1,0,81,16.246666454724842
1,0,82,16.27267780860363
1,0,83,16.302697712907243
1,0,84,16.332357993794602
1,0,85,16.35673232323478
1,0,86,16.37222764280306
1,0,87,16.378919541903468
1,0,88,16.380593886243133
1,0,89,16.38222192366225
1,0,90,16.388073991521736
1,0,91,16.40095108895763
1,0,92,16.421250695194896
1,0,93,16.445353248903167
1,0,94,16.468145101474978
1,0,95,16.48405221448547
1,0,96,16.487548608551858
1,0,97,16.4745063193464
1,0,98,16.445509714946006
1,0,99,16.40374295775695
1,0,100,16.355717083631518
1,0,101,16.310051683186
1,0,102,16.27386576069171
1,0,103,16.251299989456022
1,0,104,16.24567620886368
1,0,105,16.256807176936885
1,0,106,16.280299950077108
1,0,107,16.31101830639951
1,0,108,16.345348892448463
1,0,109,16.37814809830859
1,0,110,16.405844295225307
1,0,111,16.428170276285282
1,0,112,16.448020642316052
1,0,113,16.466793860712382
1,0,114,16.48476497119353
1,0,115,16.49883748361835
1,0,116,16.503238519190166
1,0,117,16.49189565418056
1,0,118,16.461609980124695
1,0,119,16.414434167740353
1,0,120,16.358372051315058
1,0,121,16.305031085199303
1,0,122,16.262888422450068
1,0,123,16.23645348459534
1,0,124,16.226099263731644
1,0,125,16.228592308116355
1,0,126,16.239514449469258
1,0,127,16.255593153564867
1,0,128,16.27342811112206
1,0,129,16.2893683360896
1,0,130,16.300636692626256
1,0,131,16.305460876006013
1,0,132,16.30359415769672
1,0,133,16.296099332882502
1,0,134,16.284481640411506
1,0,135,16.270602996757933
1,0,136,16.25448209464425
1,0,137,16.235785628016238
1,0,138,16.217530165224115
1,0,139,16.206206379607146
1,0,140,16.20884871196031
1,0,141,16.23048972767077
1,0,142,16.27289254031227
1,0,143,16.333053150071276
1,0,144,16.403713474743384
1,0,145,16.47480839341277
1,0,146,16.539847311490906
1,0,147,16.595410522817115
1,0,148,16.63995976049452
1,0,149,16.673015748766375
1,0,150,16.696123009059136
1,0,151,16.709365676329114
1,0,152,16.712885105408397
1,0,153,16.70776125000269
1,0,154,16.696719208738553
1,0,155,16.68190504843466
1,0,156,16.665438645345628
1,0,157,16.648267152602976
1,0,158,16.631071805953447
1,0,159,16.613271915606298
1,0,160,16.595524313606855
1,0,161,16.579013856215457
1,0,162,16.56607811354291
1,0,163,16.55697095858303
1,0,164,16.550304780285945
1,0,165,16.542867428171697
1,0,166,16.53204225073091
1,0,167,16.516637904057177
1,0,168,16.49766473030667
1,0,169,16.478535247364217
1,0,170,16.463913605591255
1,0,171,16.45687030300051
1,0,172,16.45696286216216
1,0,173,16.46188388882943
1,0,174,16.46856244790077
1,0,175,16.473769961363836
1,0,176,16.47597646860919
1,0,177,16.476793179917067
1,0,178,16.47703583956711
1,0,179,16.47696066248178
1,0,180,16.477157490758014
1,0,181,16.478525991435543
1,0,182,16.478349808397496
1,0,183,16.477444149965194
1,0,184,16.477442906185875
1,0,185,16.480613587306483
1,0,186,16.487643231987768
1,0,187,16.501638947859423
1,0,188,16.521871763650957
1,0,189,16.547712821362037
1,0,190,16.57638940642758
1,0,191,16.603592580231663
1,0,192,16.624706533292677
1,0,193,16.640904659376552
1,0,194,16.652705680615018
1,0,195,16.659649594160424
1,0,196,16.663222016592034
1,0,197,16.66561067639939
1,0,198,16.6649689421084
1,0,199,16.660342908870476
1,0,200,16.654670464626598
1,0,201,16.651773416819378
1,0,202,16.654198025630762
1,0,203,16.66256411849421
1,0,204,16.674551766945218
1,0,205,16.685275585317473
1,0,206,16.68918030684319
1,0,207,16.68276647317335
1,0,208,16.666628232226362
1,0,209,16.64517344050553
1,0,210,16.62084523668405
1,0,211,16.592264558302073
1,0,212,16.555217020838136
1,0,213,16.506798798403395
1,0,214,16.444912860363438
1,0,215,16.37294338528073
1,0,216,16.30047896344348
1,0,217,16.238319709567268
1,0,218,16.19188222574693
1,0,219,16.164531111474215
1,0,220,16.157493294630935
1,0,221,16.168704078822643
1,0,222,16.19518844153806
1,0,223,16.234604693845313
1,0,224,16.28128189162352
1,0,225,16.327986963392007
1,0,226,16.36882108090742
1,0,227,16.40068537458625
1,0,228,16.423284743748244
1,0,229,16.440015508899094
1,0,230,16.454172164717423
1,0,231,16.467866981314835
1,0,232,16.480928144421625
1,0,233,16.49190896857737
1,0,234,16.49981836985894
1,0,235,16.50575496056117
1,0,236,16.512377615923157
1,0,237,16.522444620570433
1,0,238,16.538296180903412
1,0,239,16.559677185748434
1,0,240,16.583723959065598
1,0,241,16.6058403971692
1,0,242,16.62214119051398
1,0,243,16.6300395990883
1,0,244,16.629470517541726
1,0,245,16.622726921265077
1,0,246,16.61258751419401
1,0,247,16.600472036942744
1,0,248,16.586590549898176
1,0,249,16.57115458148905
1,0,250,16.553729363072247
1,0,251,16.534424115998974
1,0,252,16.514652199921798
1,0,253,16.497827918596926
1,0,254,16.486147987139415
1,0,255,16.480814590284677
1,0,256,16.482563093509174
1,0,257,16.493944772424175
1,0,258,16.518699319269775
1,0,259,16.565605240589807
1,0,260,16.647517816484743
1,0,261,16.782348819023554
1,0,262,16.975779058560665
1,0,263,17.200789952557038
1,0,264,17.416201116272003
1,0,265,17.583525832336246
1,0,266,17.665848746309784
1,0,267,17.66917243435396
1,0,268,17.68081647120548
1,0,269,17.78563434269869
1,0,270,18.009742069898756
1,0,271,18.346042537989373
1,0,272,18.57768315762837
1,0,274,19.169000355775285
1,0,275,19.511798035782633
1,0,276,19.40722240578066
1,0,280,18.99069917354898
1,0,285,18.456751526910093
1,0,286,18.269928010620454
1,0,287,18.14861161849704
1,0,288,18.11778918723854
1,0,289,18.168161813513983
1,0,290,18.23749708655512
1,0,291,18.249014746323184
1,0,292,18.144916944268942
1,0,293,17.93285011820153
1,0,294,17.674778607303445
1,0,295,17.444204796265844
1,0,296,17.30373985395599
1,0,297,17.307461804976196
1,0,298,17.46347226971852
1,0,299,17.73289961333274
1,0,300,18.041856275528044
1,0,301,18.328017504648418
1,0,302,18.537758914963117
1,0,303,18.633019091585734
1,0,304,18.598019048151347
1,0,305,18.45230554906608
1,0,306,18.21621786671764
1,0,307,17.92425808576717
1,0,308,17.640451077229464
1,0,309,17.42327924810274
1,0,310,17.28850685824246
1,0,311,17.245746819726328
1,0,312,17.286096208713012
1,0,313,17.350027547501806
1,0,314,17.3847309978853
1,0,315,17.38911309156015
1,0,316,17.369136993894003
1,0,317,17.326125959785056
1,0,318,17.283631762179084
1,0,319,17.256910714246835
1,0,320,17.229695181624276
1,0,321,17.191126869025716
1,0,322,17.146221358697602
1,0,323,17.100174602222875
1,0,324,17.062608715616324
1,0,325,17.05888061736512
1,0,326,17.09430798990426
1,0,327,17.156322291318258
1,0,328,17.234882844360307
1,0,329,17.32411345106914
1,0,330,17.406330374259344
1,0,331,17.46006194471909
1,0,332,17.47373850410878
1,0,333,17.439502087133253
1,0,334,17.34982230837006
1,0,335,17.208678789111886
1,0,336,17.04927958222494
1,0,337,16.906942172711744
1,0,338,16.80750432500618
1,0,339,16.77340317759907
1,0,340,16.81166359041336
1,0,341,16.90586900656346
1,0,342,17.03102474772723
1,0,343,17.160656309235275
1,0,344,17.255892221859412
1,0,345,17.286616132222303
1,0,346,17.24556970822997
1,0,347,17.135474934200648
1,0,348,16.96932885796765
1,0,349,16.783067766219915
1,0,350,16.615218480718287
1,0,351,16.486860203392418
1,0,352,16.414380802860745
1,0,353,16.403721327178175
1,0,354,16.443265158092107
1,0,355,16.515853039974587
1,0,356,16.59959986086827
1,0,357,16.678216907893532
1,0,358,16.745428900415206
1,0,359,16.796147295588593
1,0,360,16.822380780927244
1,0,361,16.828279140051837
1,0,362,16.815012850861663
1,0,363,16.78240371436245
1,0,364,16.738514654589142
1,0,365,16.698329843993495
1,0,366,16.670800626644418
1,0,367,16.65840627947294
1,0,368,16.65814156305411
1,0,369,16.6660588434581
1,0,370,16.677472130262768
1,0,371,16.690612274012633
1,0,372,16.710086609753915
1,0,373,16.739780226800303
1,0,374,16.785799556638718
1,0,375,16.859904556019547
1,0,376,16.978456549769625
1,0,377,17.148913709231962
1,0,378,17.372386967911385
1,0,379,17.626378714415566
1,0,380,17.871672284215933
1,0,381,18.045460413968208
1,0,382,18.10099554364455
1,0,383,18.134506007508108
1,0,384,18.170488884404612
1,0,385,18.125569026160385
1,0,386,18.01356958091534
1,0,387,17.778878916648537
1,0,388,17.414663428660848
1,0,389,16.976171312192356
1,0,390,16.592277057413593
1,0,391,16.441586468533632
1,0,392,16.53097629371217
1,0,393,16.71290324365104
1,0,394,16.903789512634614
1,0,395,17.042509965494904
1,0,396,17.102455344171943
1,0,397,17.097722868246958
1,0,398,17.060884918194144
1,0,399,17.02184746086366
1,0,400,16.968575488714283
1,0,401,16.863968076294512
1,0,402,16.68760772966842
1,0,403,16.460749370328315
1,0,404,16.231806323678224
1,0,405,16.07300544719202
1,0,406,16.04997503254707
1,0,407,16.181557814281618
1,0,408,16.436124143470753
1,0,409,16.740495473929787
1,0,410,17.014721202217423
1,0,411,17.194786769345324
1,0,412,17.27512351532682
1,0,413,17.28251340125388
1,0,414,17.279040403717094
1,0,415,17.32420393323684
1,0,416,17.451328943862244
1,0,417,17.631676016851326
1,0,418,17.810250506832116
1,0,419,17.913835991241257
1,0,420,17.890990546011963
1,0,421,17.72925139391303
1,0,422,17.469569370979205
1,0,423,17.182436928587837
1,0,424,16.943983467830165
1,0,425,16.78608038922026
1,0,426,16.71646127759868
1,0,427,16.719133765336043
1,0,428,16.759687637851414
1,0,429,16.805422531577424
1,0,430,16.86540952266203
1,0,431,16.950288868908444
1,0,432,17.059989683285778
1,0,433,17.190221506525255
1,0,434,17.339391176763414
1,0,435,17.493001647036124
1,0,436,17.628288781517433
1,0,437,17.738346584049523
1,0,438,17.83229297332094
1,0,439,17.91609740633087
1,0,440,17.978163670225022
1,0,441,18.016511586808978
1,0,442,18.030752945966512
1,0,443,18.015882585747246
1,0,444,17.96913062000787
1,0,445,17.906932518774813
1,0,446,17.849178394057688
1,0,447,17.8079024891044
1,0,448,17.789154108393745
1,0,449,17.786189899873385
1,0,450,17.781099248853092
1,0,451,17.75294579513468
1,0,452,17.702923113940063
1,0,453,17.653988121312644
1,0,454,17.651595071053844
1,0,455,17.7248315015675
1,0,456,17.869563142152252
1,0,457,18.04401066800413
1,0,458,18.199239000751938
1,0,459,18.29595425563253
1,0,460,18.358746762057894
1,0,461,18.479155742708976
1,0,462,18.73010970805367
1,0,463,19.111497132753524
1,0,464,19.5859181989116
1,0,465,20.06537945537408
1,0,466,20.422861101786825
1,0,467,20.600232174560944
1,0,468,20.63936043786926
1,0,469,20.584005434562712
1,0,470,20.479305466336143
1,0,471,20.36103538933479
1,0,472,20.237525158614254
1,0,473,20.098104148773725
1,0,474,19.962788608570712
1,0,475,19.84840444908987
1,0,476,19.775144171103694
1,0,477,19.762618555108727
1,0,478,19.799973642374887
1,0,479,19.839930083613723
1,0,480,19.8431025311766
1,0,481,19.78993904189181
1,0,482,19.665121232129994
1,0,483,19.483218156255123
1,0,484,19.282281658506033
1,0,485,19.094149216585024
1,0,486,18.949640224573642
1,0,487,18.863219874572525
1,0,488,18.81212761286999
1,0,489,18.775320696170162
1,0,490,18.751268038477335
1,0,491,18.72187535401305
1,0,492,18.661299284534206
1,0,493,18.57818536017567
1,0,494,18.483622950000278
1,0,495,18.377155437136974
1,0,496,18.261294839329953
1,0,497,18.17588110160365
1,0,498,18.13159722529679
1,0,499,18.105134730388464
1,0,500,18.063535433031653
1,0,501,17.98086542062209
1,0,502,17.8269287431142
1,0,503,17.614342250533266
1,0,504,17.403337883905635
1,0,505,17.274688747099933
1,0,506,17.29644658292623
1,0,507,17.474836260433246
1,0,508,17.758766924496253
1,0,509,18.06795613812335
1,0,510,18.310161665005833
1,0,511,18.41341575014198
1,0,512,18.384529430569163
1,0,513,18.274430740397804
1,0,514,18.13886648020872
1,0,515,18.008698483207766
1,0,516,17.8924789757491
1,0,517,17.768032132953085
1,0,518,17.62993659225354
1,0,519,17.53380415513159
1,0,521,17.70370705613156
1,0,522,17.806734482836898
1,0,523,17.939345964843643
1,0,524,18.124539590201216
1,0,525,18.274803634791912
1,0,526,18.376035293544124
1,0,527,18.40183160532612
1,0,528,18.352096763334124
1,0,529,18.245490122673054
1,0,530,18.1370299641706
1,0,531,18.05698808946322
1,0,532,18.0131074279425
1,0,533,17.989659123012437
1,0,534,17.977610826301007
1,0,535,17.959879918360745
1,0,536,17.9153625870473
1,0,537,17.848205134713712
1,0,538,17.78848367890602
1,0,539,17.76140810354259
1,0,540,17.76432165907366
1,0,541,17.777631077081672
1,0,542,17.764247588904
1,0,543,17.692828908110588
1,0,544,17.56055296394173
1,0,545,17.387349466506713
1,0,546,17.218869543927813
1,0,547,17.120015724009754
1,0,548,17.127220020047893
1,0,549,17.24152805691215
1,0,550,17.48620408352757
1,0,552,17.726024216035345
1,0,553,17.688574202682705
1,0,554,17.647742120948156
1,0,555,17.520257467985243
1,0,556,17.4368544737563
1,0,560,17.011813084199417
1,0,561,17.028394748772765
1,0,564,17.76807596828452
1,0,565,17.69372522010124
1,0,566,17.602981771463373
1,0,567,17.46211118769724
1,0,568,17.26061698065747
1,0,569,17.030354957450463
1,0,570,16.8169046081249
1,0,571,16.660607482459557
1,0,572,16.586274293829266
1,0,573,16.606770608351503
1,0,574,16.722983788399105
1,0,575,16.983313559704822
1,0,577,17.523905503928507
1,0,578,17.64383978593968
1,0,579,17.747064742663593
1,0,580,17.800685056848806
1,0,581,17.8128183266031
1,0,582,17.81945163259232
1,0,583,17.843983211251324
1,0,584,17.89580065444153
1,0,585,17.98572532430492
1,0,586,18.123431266521106
1,0,587,18.297003727143025
1,0,588,18.480145683756977
1,0,589,18.641907265419007
1,0,590,18.75150948823766
1,0,591,18.77721076018602
1,0,592,18.714590966085925
1,0,593,18.591390828911702
1,0,594,18.445529474922925
1,0,595,18.310200119039923
1,0,596,18.211079659206717
1,0,597,18.155111679261893
1,0,598,18.13046571991521
1,0,599,18.12470726111562
1,0,600,18.127943543246182
1,0,601,18.139550829452272
1,0,602,18.157110068821396
1,0,603,18.180400988489918
1,0,604,18.20904631918419
1,0,605,18.24149030598814
1,0,606,18.26552271074578
1,0,607,18.26186821065145
1,0,608,18.208385807288867
1,0,609,18.09647189894455
1,0,610,17.939202129840695
1,0,611,17.76014243235087
1,0,612,17.595224092320528
1,0,613,17.48335352596125
1,0,614,17.43588147920072
1,0,615,17.435127229927428
1,0,616,17.46167216687061
1,0,617,17.500806867506384
1,0,618,17.54067183166617
1,0,619,17.58237054699725
1,0,620,17.6205003537694
1,0,621,17.6454116950062
1,0,622,17.642661180820802
1,0,623,17.600352033357627
1,0,624,17.513321586941075
1,0,625,17.403195158859024
1,0,626,17.284563567039438
1,0,627,17.162162950709813
1,0,628,17.03910663105576
1,0,629,16.92306905377094
1,0,630,16.817201738552157
1,0,631,16.736022788092555
1,0,632,16.70498035030053
1,0,633,16.738610829622395
1,0,634,16.831723815262734
1,0,635,16.965462539295793
1,0,636,17.114385039085107
1,0,637,17.25032681798632
1,0,638,17.35838214865479
1,0,639,17.442750744666217
1,0,640,17.504928633808905
1,0,641,17.54940965430807
1,0,642,17.577181243885406
1,0,643,17.580247720589814
1,0,644,17.544620840331007
1,0,645,17.487282874196183
1,0,646,17.428414607193147
1,0,647,17.39289933269584
1,0,648,17.408694771862294
1,0,649,17.485618635227038
1,0,650,17.596490059288655
1,0,651,17.702328773423073
1,0,652,17.76492076116147
1,0,653,17.759905988572644
1,0,654,17.68378255164366
1,0,655,17.55001978933704
1,0,656,17.386338114920378
1,0,657,17.208504824475828
1,0,658,17.012033769248166
1,0,659,16.80632937958481
1,0,660,16.619779255217214
1,0,661,16.473446912389907
1,0,662,16.39981088433309
1,0,663,16.435285716638937
1,0,664,16.569057462452758
1,0,665,16.746447632438503
1,0,666,16.91306804117738
1,0,667,17.025373645425702
1,0,668,17.053641370925554
1,0,669,17.003093178826727
1,0,670,16.911817173246355
1,0,671,16.829170648866928
1,0,672,16.790956414086526
1,0,673,16.805975435272988
1,0,674,16.860643000074415
1,0,675,16.930810339003205
1,0,676,16.991320632566904
1,0,677,17.027932553138832
1,0,678,17.048350801159746
1,0,679,17.08615293319062
1,0,680,17.172375274861594
1,0,681,17.30707294132791
1,0,682,17.451508955481007
1,0,683,17.55998854594707
1,0,684,17.590460358542234
1,0,685,17.526229907993873
1,0,686,17.396400166928064
1,0,687,17.28263649675095
1,0,688,17.252607225562674
1,0,689,17.346265174066158
1,0,690,17.54703708284821
1,0,691,17.835645204577624
1,0,692,18.161334955541726
1,0,693,18.462995306838625
1,0,694,18.680759115782493
1,0,695,18.769123457318088
1,0,696,18.697889763851688
1,0,697,18.47490297381397
1,0,698,18.162653656238
1,0,699,17.910306092180917
1,0,700,17.735921152844764
1,0,701,17.609588391909973
1,0,702,17.50736329880807
1,0,703,17.410035469917325
1,0,704,17.324730995136647
1,0,705,17.267535834205223
1,0,706,17.25912631897866
1,0,707,17.29785785309134
1,0,708,17.3617565888005
1,0,709,17.413521817679722
1,0,710,17.432292544722674
1,0,711,17.421468334662833
1,0,712,17.412380699136094
1,0,713,17.45291482879207
1,0,714,17.57978375782546
1,0,715,17.803522295868746
1,0,716,18.090518223435442
1,0,717,18.366584143224955
1,0,718,18.562209749859722
1,0,719,18.66336425148919
1,0,720,18.672669122659507
1,0,721,18.60271305813519
1,0,722,18.45677911009593
1,0,723,18.2492571820386
1,0,724,17.984176667796007
1,0,725,17.703809000940968
1,0,726,17.4567234231002
1,0,727,17.25898402063369
1,0,728,17.128757841892675
1,0,729,17.094301992328695
1,0,730,17.14605645666485
1,0,731,17.24631016942601
1,0,732,17.344866632450245
1,0,733,17.38931993052721
1,0,734,17.368965668685842
1,0,735,17.311906919340505
1,0,736,17.25854895082323
1,0,737,17.250022624510947
1,0,738,17.323043173260537
1,0,739,17.46801973114295
1,0,740,17.632848490949897
1,0,741,17.747153216687913
1,0,742,17.76146131659073
1,0,743,17.656298407956097
1,0,744,17.43584367926824
1,0,745,17.132759596087965
1,0,746,16.821843664630798
1,0,747,16.578057402463415
1,0,748,16.430691716691314
1,0,749,16.382534476729248
1,0,750,16.426233234276683
1,0,751,16.51425914820185
1,0,752,16.577049577694222
1,0,753,16.573253417663942
1,0,754,16.48791056529196
1,0,755,16.325821692033692
1,0,756,16.125963543681646
1,0,757,15.930667111856286
1,0,758,15.76537356477025
1,0,759,15.654091224381137
1,0,760,15.588563291712536
1,0,761,15.527463987218674
1,0,762,15.450121667632365
1,0,763,15.380872756012513
1,0,764,15.367293499268433
1,0,765,15.453906545999793
1,0,766,15.680338745181839
1,0,767,16.04180992267665
1,0,768,16.481479999492354
1,0,769,16.943064387980595
1,0,771,16.670695409921983
1,0,772,16.37994960686853
1,0,773,16.266482712085434
1,0,774,16.111361650537063
1,0,775,15.967396769627365
1,0,776,15.860019824154461
1,0,777,15.784649191132093
1,0,778,15.74908971882177
1,0,779,15.76757006672223
1,0,780,15.840341144992045
1,0,781,15.97640417778909
1,0,782,16.188519729314095
1,0,783,16.451859880215668
1,0,784,16.737635421177092
1,0,785,17.01938595593281
1,0,786,17.249426814284206
1,0,787,17.395129855426205
1,0,788,17.480182787416485
1,0,789,17.51501221466273
1,0,790,17.5006509667018
1,0,791,17.452772004446906
1,0,792,17.383101404926887
1,0,793,17.27233887461284
1,0,794,17.167861429657414
1,0,795,17.123543740048284
1,0,796,17.164510691219697
1,0,797,17.288273301655508
1,0,798,17.479106636579623
1,0,799,17.698365594962734
1,0,800,17.885428600053228
1,0,801,17.992580082644064
1,0,802,17.98888540808477
1,0,803,17.872504528607728
1,0,804,17.686990015713626
1,0,805,17.52738128531416
1,0,806,17.495001772701986
1,0,807,17.65802280740077
1,0,808,18.013309447717525
1,0,809,18.511902425632243
1,0,810,18.942234980775776
1,0,813,18.989267352063983
1,0,815,18.72656026985037
1,0,816,18.799911042035696
1,0,817,18.89945458197231
1,0,818,19.047438735669903
1,0,819,19.281834339024414
1,0,820,19.560266451430454
1,0,821,19.81723479198376
1,0,822,19.932108561730423
1,0,823,19.8109761365403
1,0,824,19.505906380030403
1,0,825,19.08880430956209
1,0,826,18.61693965282814
1,0,827,18.194222547667227
1,0,828,17.894146089316855
1,0,829,17.741447568149997
1,0,830,17.733175264235125
1,0,831,17.82667372981318
1,0,832,17.96338031610325
1,0,833,18.103580452980147
1,0,834,18.2226775523
1,0,835,18.296219599873663
1,0,836,18.31340254397901
1,0,837,18.271800862535397
1,0,838,18.185087610603805
1,0,839,18.09277932429511
1,0,840,18.034213687733338
1,0,842,17.9946431254272
1,0,843,18.189655454138475
1,0,844,18.55303326774111
1,0,845,18.94787367966917
1,0,846,19.251140859764096
1,0,847,19.343614969329128
1,0,848,19.175801629337396
1,0,849,18.78790174583332
1,0,850,18.41843468928547
1,0,852,18.116676923987722
1,0,857,17.665050177982824
1,0,858,17.414012053995886
1,0,859,17.4241522960327
1,0,860,17.557412672874836
1,0,861,17.79000882406438
1,0,862,18.09313147420268
1,0,863,18.357998269325254
1,0,865,18.50782461829195
1,0,866,18.62170817412764
1,0,867,18.701017831032214
1,0,868,18.67001722875747
1,0,869,18.55831621107985
1,0,870,18.395241473432513
1,0,871,18.198999330364284
1,0,872,17.99534914642441
1,0,873,17.785471234227245
1,0,874,17.644127285040096
1,0,875,17.60686867773193
1,0,876,17.658280831275114
1,0,877,17.7056541215799
1,0,878,17.68577335716319
1,0,879,17.571938376573403
1,0,880,17.37528321942393
1,0,881,17.13777420906124
1,0,882,16.918727955097193
1,0,883,16.783998947941736
1,0,884,16.772378948740823
1,0,885,16.883393781171538
1,0,886,17.081099484052853
1,0,887,17.323633300133277
1,0,888,17.551860016644902
1,0,889,17.676254444615427
1,0,890,17.634523202405305
1,0,891,17.418073350708244
1,0,892,17.057240114665422
1,0,893,16.668574178282473
1,0,894,16.42806449816843
1,0,895,16.540130642991112
1,0,904,18.451605543332498
1,0,905,17.750950574607653
1,0,908,16.121071573302256
1,0,909,15.864540109361101
1,0,911,15.830777910235776
1,0,912,15.721301503423906
1,0,913,15.603691355293153
1,0,914,15.770473428698462
1,0,916,16.177632994428095
1,0,917,16.20326610947354
1,0,918,16.496165458112714
1,0,919,16.956454080226045
1,0,920,17.413604487517446
1,0,922,17.3357714464762
1,0,923,17.469003270132607
1,0,924,17.80047780966827
1,0,925,18.139551008988686
1,0,926,18.50504911831418
1,0,927,18.846112325288654
1,0,928,19.087685547621174
1,0,929,19.161882868169204
1,0,930,19.04575630447622
1,0,931,18.792598253099666
1,0,932,18.486807165404922
1,0,933,18.244237798941846
1,0,934,18.17198670152704
1,0,935,18.338299868823206
1,0,936,18.725947381142173
1,0,937,19.290499442036097
1,0,938,19.934965043263116
1,0,939,20.561174943640367
1,0,940,21.05576673674
1,0,941,21.382391538251525
1,0,942,21.49974564851913
1,0,943,21.392749656345533
1,0,944,21.059872275811852
1,0,945,20.58264736996803
1,0,946,20.032721653932434
1,0,947,19.50611247487059
1,0,948,19.10105700500811
1,0,949,18.851830283565302
1,0,950,18.703785394250446
1,0,951,18.588292797052794
1,0,952,18.42436667233897
1,0,953,18.17134534267999
1,0,954,17.850578358633573
1,0,955,17.531494834336954
1,0,956,17.284595534410315
1,0,957,17.144607871063478
1,0,958,17.105718258975717
1,0,959,17.143313377411662
1,0,960,17.232661077628993
1,0,961,17.357518237468128
1,0,962,17.497745169681593
1,0,963,17.645990611337535
1,0,964,17.79613606076021
1,0,965,17.954879676302905
1,0,967,17.883475203635683
1,0,968,17.710084998559424
1,0,969,17.6193348657338
1,0,970,17.555997082640427
1,0,971,17.469446513684467
1,0,972,17.30351764728676
1,0,973,17.010443391797217
1,0,974,16.58817344081223
1,0,975,16.07641563405332
1,0,976,15.638903466786685
1,0,977,15.481610495705494
1,0,978,15.956536091018455
1,0,981,17.13700539414455
1,0,982,17.06622100988962
1,0,984,17.359788481047026
1,0,988,16.849750920240325
1,0,1003,18.15316808969428
1,0,1004,17.720754004376776
1,0,1005,17.328553057358683
1,0,1006,17.12990474190104
1,0,1007,17.082810762570812
1,0,1008,17.181220578947972
1,0,1009,17.318966453551067
1,0,1010,17.432806979862484
1,0,1011,17.520529311628344
1,0,1012,17.59035142043931
1,0,1013,17.621182935436345
1,0,1014,17.602816606956782
1,0,1015,17.54248041127951
1,0,1016,17.45027037227415
1,0,1017,17.3562647787979
1,0,1018,17.312843214361905
1,0,1019,17.354062375301563
1,0,1020,17.475951852640296
1,0,1021,17.66035664326149
1,0,1022,17.855298893820294
1,0,1023,17.982833916822006
1,0,1024,17.978297829466182
1,0,1025,17.812299321301776
1,0,1026,17.497055979463383
1,0,1027,17.0991233528627
1,0,1028,16.71626442492623
1,0,1029,16.44354837133388
1,0,1030,16.344640857904487
1,0,1031,16.40897874753724
1,0,1032,16.586065286554053
1,0,1033,16.81216657132065
1,0,1034,17.0158707425379
1,0,1035,17.15538736140284
1,0,1036,17.231664804361383
1,0,1037,17.258885378156595
1,0,1038,17.259174257439405
1,0,1039,17.25561926974328
1,0,1040,17.247256797086237
1,0,1041,17.23561119610306
1,0,1042,17.226904180574518
1,0,1043,17.224197757001207
1,0,1044,17.23730587699298
1,0,1045,17.271962210379886
1,0,1046,17.31519540436724
1,0,1047,17.348467047530725
1,0,1048,17.3572200733066
1,0,1049,17.329235183658987
1,0,1050,17.2772100314023
1,0,1051,17.22414471787885
1,0,1052,17.17784488203963
1,0,1053,17.142093084144012
1,0,1054,17.110233630057046
1,0,1055,17.061928652228858
1,0,1056,16.985610550974418
1,0,1057,16.89049417092111
1,0,1058,16.784897813708877
1,0,1059,16.687255214573412
1,0,1060,16.61633231053725
1,0,1061,16.58284180793472
1,0,1062,16.581649782239403
1,0,1063,16.594619657717992
1,0,1064,16.600132808861463
1,0,1065,16.583128541669517
1,0,1066,16.530944382373967
1,0,1067,16.449507548900513
1,0,1068,16.359532093252206
1,0,1069,16.27803490508868
1,0,1070,16.210383952065047
1,0,1071,16.1568976029692
1,0,1072,16.10221798452643
1,0,1073,16.027272071451808
1,0,1074,15.922128761910455
1,0,1075,15.797328061607125
1,0,1076,15.673616138286288
1,0,1077,15.576826532411925
1,0,1078,15.531943656549478
1,0,1079,15.552669510679541
1,0,1080,15.624773511100022
1,0,1081,15.723720797135778
1,0,1082,15.829227058509838
1,0,1083,15.92303712809006
1,0,1084,15.995186556291689
1,0,1085,16.056441460917824
1,0,1086,16.12126921009042
1,0,1087,16.192893112964477
1,0,1088,16.266853125310067
1,0,1089,16.332509544277166
1,0,1090,16.371418190988475
1,0,1091,16.37044251882693
1,0,1092,16.3346302410584
1,0,1093,16.286018515427646
1,0,1094,16.247285942976973
1,0,1095,16.23393212039778
1,0,1096,16.248034508832745
1,0,1097,16.273888332413698
1,0,1098,16.28909848939192
1,0,1099,16.282332508734005
1,0,1100,16.254556533953757
1,0,1101,16.21424073428033
1,0,1102,16.176988530761122
1,0,1103,16.151131681521708
2,1,0,19.142727031889194
2,1,1,19.137363674778666
2,1,2,19.128307147907403
2,1,3,19.113992443300198
2,1,4,19.09370093170739
2,1,5,19.068178766923026
2,1,6,19.03871989364641
2,1,7,19.006379388229973
2,1,8,18.973088845593253
2,1,9,18.94166199784577
2,1,10,18.916205172134752
2,1,11,18.899694766808704
2,1,12,18.893218739490415
2,1,13,18.895994180793
2,1,14,18.904161424677888
2,1,15,18.91147921251999
2,1,16,18.912981432103134
2,1,17,18.907602031416047
2,1,18,18.89615034013928
2,1,19,18.8811902117938
2,1,20,18.86607794083949
2,1,21,18.85378292913683
2,1,22,18.844384659131084
2,1,23,18.836361994408467
2,1,24,18.828777903183155
2,1,25,18.8213046788146
2,1,26,18.812621806106222
2,1,27,18.80149446128984
2,1,28,18.787496341145612
2,1,29,18.77057912591569
2,1,30,18.75081178930625
2,1,31,18.729556116762136
2,1,32,18.709061098515612
2,1,33,18.69167420718742
2,1,34,18.677858305103086
2,1,35,18.666402246744212
2,1,36,18.654397721984033
2,1,37,18.63816522395047
2,1,38,18.61454634312189
2,1,39,18.582075736328253
2,1,40,18.541226567783365
2,1,41,18.496096143284618
2,1,42,18.452331500301206
2,1,43,18.41482044333744
2,1,44,18.387890818459553
2,1,45,18.373818743255306
2,1,46,18.370956899235537
2,1,47,18.37713458362759
2,1,48,18.390585731378927
2,1,49,18.409122160650575
2,1,50,18.431932430713474
2,1,51,18.459510669993957
2,1,52,18.49043540130253
2,1,53,18.522326473264783
2,1,54,18.552746176651663
2,1,55,18.57779041104873
2,1,56,18.592665540722038
2,1,57,18.596262582643323
2,1,58,18.58871091478769
2,1,59,18.57152236591392
2,1,60,18.549035180246037
2,1,61,18.52728611125514
2,1,62,18.50826449579496
2,1,63,18.493816754841777
2,1,64,18.48465022661657
2,1,65,18.47899672304088
2,1,66,18.47462182027389
2,1,67,18.47110474216644
2,1,68,18.46717554856598
2,1,69,18.461855979055848
2,1,70,18.455508093647254
2,1,71,18.448854653126215
2,1,72,18.442618703244037
2,1,73,18.43790282481672
2,1,74,18.434966138250715
2,1,75,18.434390010009427
2,1,76,18.436542408361277
2,1,77,18.44166138116764
2,1,78,18.450088677672394
2,1,79,18.462897674350106
2,1,80,18.479542735622623
2,1,81,18.49806029105449
2,1,82,18.516058671438575
2,1,83,18.531814948597177
2,1,84,18.544521313720995
2,1,85,18.55390010984748
2,1,86,18.5602535284474
2,1,87,18.56484741097314
2,1,88,18.568494450334633
2,1,89,18.57115950911485
2,1,90,18.57414054017126
2,1,91,18.580109949617633
2,1,92,18.590806808369226
2,1,93,18.605303298566444
2,1,94,18.622503809780724
2,1,95,18.640084638906625
2,1,96,18.654385825484844
2,1,97,18.66247205228186
2,1,98,18.66522349834764
2,1,99,18.66280700354193
2,1,100,18.655600976774714
2,1,101,18.646279932538313
2,1,102,18.637948669103892
2,1,103,18.632481623532527
2,1,104,18.632285362092
2,1,105,18.63858656699248
2,1,106,18.649085002597445
2,1,107,18.660369025105062
2,1,108,18.66981594722277
2,1,109,18.67591594342298
2,1,110,18.679134419451046
2,1,111,18.682448342144188
2,1,112,18.689186862986375
2,1,113,18.700117895017826
2,1,114,18.713602706774
2,1,115,18.726575673233217
2,1,116,18.734294513244812
2,1,117,18.733392937496912
2,1,118,18.724528312156174
2,1,119,18.711295117563125
2,1,120,18.69733894156465
2,1,121,18.687258383937944
2,1,122,18.684369822790703
2,1,123,18.688894475532084
2,1,124,18.699850030761237
2,1,125,18.7166218888093
2,1,126,18.737897324201672
2,1,127,18.760631967251598
2,1,128,18.78113706750787
2,1,129,18.795651827354177
2,1,130,18.801122683942946
2,1,131,18.796092342514125
2,1,132,18.782150387616653
2,1,133,18.76291706848191
2,1,134,18.741507371657573
2,1,135,18.721060772867652
2,1,136,18.70421964169713
2,1,137,18.692633420700968
2,1,138,18.6880611578246
2,1,139,18.692369988807755
2,1,140,18.70516136414156
2,1,141,18.72405028572753
2,1,142,18.746070015391215
2,1,143,18.767835908974774
2,1,144,18.786272323841295
2,1,145,18.800589000951014
2,1,146,18.811857810111647
2,1,147,18.82060382264231
2,1,148,18.826140608920014
2,1,149,18.828417894325735
2,1,150,18.827039411187574
2,1,151,18.82085895236909
2,1,152,18.810414855750697
2,1,153,18.797551998044028
2,1,154,18.78272304180401
2,1,155,18.765860055720538
2,1,156,18.74718955958226
2,1,157,18.725804679440216
2,1,158,18.70065594938034
2,1,159,18.67315718735219
2,1,160,18.646302981807086
2,1,161,18.624024683813836
2,1,162,18.609518123427897
2,1,163,18.604587436844277
2,1,164,18.608354611474983
2,1,165,18.618355355846887
2,1,166,18.63134794500085
2,1,167,18.64700023583316
2,1,168,18.66639255604876
2,1,169,18.690708742204666
2,1,170,18.7202293493765
2,1,171,18.754489449979747
2,1,172,18.78944663534276
2,1,173,18.820775343258052
2,1,174,18.846490438955062
2,1,175,18.866163200999953
2,1,176,18.87814757840807
2,1,177,18.88333468397123
2,1,178,18.882498928654623
2,1,179,18.874343638750393
2,1,180,18.857382529219944
2,1,181,18.834675393786746
2,1,182,18.807293182494128
2,1,183,18.776606670506506
2,1,184,18.74533105488502
2,1,185,18.717178327561268
2,1,186,18.693359599847827
2,1,187,18.67805890063838
2,1,188,18.677047698539607
2,1,189,18.692951776834956
2,1,190,18.723276206167792
2,1,191,18.76221176681764
2,1,192,18.80092289490743
2,1,193,18.82869181263941
2,1,194,18.839576494955473
2,1,195,18.83424626297979
2,1,196,18.818292959695793
2,1,197,18.798076409659956
2,1,198,18.77877836154492
2,1,199,18.763076971235073
2,1,200,18.75078580082933
2,1,201,18.739706419752626
2,1,202,18.728426468428186
2,1,203,18.7172595253936
2,1,204,18.707049825926337
2,1,205,18.69882031109339
2,1,206,18.69426454860029
2,1,207,18.69545581083577
2,1,208,18.7043376723061
2,1,209,18.721247383269965
2,1,210,18.744107078072396
2,1,211,18.76745588423826
2,1,212,18.782800337923845
2,1,213,18.784119015273728
2,1,214,18.769262018451347
2,1,215,18.740608786073498
2,1,216,18.70514026644891
2,1,217,18.67249889673957
2,1,218,18.646628943825746
2,1,219,18.629382363966926
2,1,220,18.621869164065817
2,1,221,18.624588720286955
2,1,222,18.637071551663432
2,1,223,18.659445396564433
2,1,224,18.687394828078965
2,1,225,18.715092685147265
2,1,226,18.735938859650215
2,1,227,18.746380258836062
2,1,228,18.74684188555295
2,1,229,18.742648061447156
2,1,230,18.73806861660249
2,1,231,18.736035236784033
2,1,232,18.736190479696095
2,1,233,18.736835726628428
2,1,234,18.736233445816115
2,1,235,18.734679563602253
2,1,236,18.735385387783086
2,1,237,18.741977371889686
2,1,238,18.75624424584807
2,1,239,18.777913350570696
2,1,240,18.804383838277758
2,1,241,18.828805406751385
2,1,242,18.844676001354284
2,1,243,18.848520641856496
2,1,244,18.839723724516883
2,1,245,18.820349842398727
2,1,246,18.795639461903033
2,1,247,18.770860637246567
2,1,248,18.749217556575545
2,1,249,18.73218841501369
2,1,250,18.72021079533086
2,1,251,18.713336843891195
2,1,252,18.71184648062074
2,1,253,18.716758869004803
2,1,254,18.728171729212292
2,1,255,18.745351588349433
2,1,256,18.765440456779057
2,1,257,18.785148645174168
2,1,258,18.80347428244204
2,1,259,18.82671923888608
2,1,260,18.86083227677067
2,1,261,18.897217183062025
2,1,262,18.915149905982343
2,1,263,18.893826083507566
2,1,264,18.809021216030395
2,1,265,18.642331292202737
2,1,266,18.4174649960438
2,1,267,18.19577935563734
2,1,268,18.058622372631703
2,1,269,18.09748338085558
2,1,270,18.34461619761392
2,1,271,18.741679798982876
2,1,272,19.204713836063938
2,1,274,19.72550660506331
2,1,275,19.786028359552077
2,1,276,19.70147696496666
2,1,277,19.43571115067021
2,1,278,19.23894384654798
2,1,279,19.18736356188162
2,1,280,19.39634965630109
2,1,285,20.06785017984687
2,1,286,20.06662382465347
2,1,287,20.054795499606456
2,1,288,20.057920644619326
2,1,289,20.09553806966277
2,1,290,20.133615706331113
2,1,291,20.136937738637886
2,1,292,20.088052524829695
2,1,293,19.981078630877832
2,1,294,19.84019999227544
2,1,295,19.715050967172928
2,1,296,19.61093752834804
2,1,297,19.496547751328237
2,1,298,19.369310816856938
2,1,299,19.22924028129729
2,1,300,19.07762400135645
2,1,301,18.95948006217652
2,1,302,18.914801913582906
2,1,303,18.925480639959066
2,1,304,18.960423075981264
2,1,305,19.000634572955743
2,1,306,19.018504067413698
2,1,307,18.9986771437239
2,1,308,18.953624078248282
2,1,309,18.901639058867136
2,1,310,18.850577681888907
2,1,311,18.804593007687124
2,1,312,18.75504323885696
2,1,313,18.698532092214197
2,1,314,18.634412109757452
2,1,315,18.567419455475243
2,1,316,18.49784272077518
2,1,317,18.44370042491917
2,1,318,18.42665791361862
2,1,319,18.463323602881903
2,1,320,18.55800414420506
2,1,321,18.693914346195484
2,1,322,18.847336772916254
2,1,323,18.991421916319503
2,1,324,19.09313227321379
2,1,325,19.109652006958314
2,1,326,19.04403485135123
2,1,327,18.911784256517723
2,1,328,18.722495813108054
2,1,329,18.49433336343061
2,1,330,18.282000477640025
2,1,331,18.129653578237487
2,1,332,18.060318185730882
2,1,333,18.09122965080338
2,1,334,18.22842717165934
2,1,335,18.445609371106695
2,1,336,18.679724802415002
2,1,337,18.87123587252219
2,1,338,18.976552021925375
2,1,339,18.97096670203078
2,1,340,18.853024050506328
2,1,341,18.663802795447523
2,1,342,18.46060790208875
2,1,343,18.298674601180434
2,1,344,18.22891683191348
2,1,345,18.2794385939641
2,1,346,18.436312562955244
2,1,347,18.657810422612172
2,1,348,18.887358596657123
2,1,349,19.057504421888414
2,1,350,19.121418592359227
2,1,351,19.070242164571535
2,1,352,18.92219460517267
2,1,353,18.71570754311001
2,1,354,18.505105164325663
2,1,355,18.335620766658444
2,1,356,18.238388744814227
2,1,357,18.229576222134973
2,1,358,18.305637512226973
2,1,359,18.436673625245767
2,1,360,18.58527311597806
2,1,361,18.70958693036708
2,1,362,18.776708134272912
2,1,363,18.764274666740118
2,1,364,18.678190080480615
2,1,365,18.546207984301077
2,1,366,18.408350922491955
2,1,367,18.29648927319107
2,1,368,18.24414651698708
2,1,369,18.268371238514895
2,1,370,18.357508396448978
2,1,371,18.48041851783233
2,1,372,18.606021945606308
2,1,373,18.69374750527489
2,1,374,18.71203194448723
2,1,375,18.656724874352346
2,1,376,18.537475050818134
2,1,377,18.3644430107583
2,1,378,18.165178742139158
2,1,379,17.970236220610985
2,1,380,17.800338894548187
2,1,381,17.67937565415917
2,1,382,17.647914005948575
2,1,383,17.727721193512696
2,1,384,17.90043170475824
2,1,385,18.113505940170388
2,1,386,18.316887480294515
2,1,387,18.462982016001245
2,1,388,18.551516414597963
2,1,389,18.60342177544812
2,1,390,18.6601564342585
2,1,391,18.766708047658483
2,1,392,18.920731780727326
2,1,393,19.08112148652471
2,1,394,19.241147388614326
2,1,395,19.418432580307776
2,1,396,19.627733643598923
2,1,397,19.87763817057584
2,1,398,20.157855960197022
2,1,399,20.42301354230506
2,1,400,20.607366820767417
2,1,401,20.656314423311013
2,1,402,20.544626274764298
2,1,403,20.29376003705637
2,1,404,19.962227457865353
2,1,405,19.61959720418987
2,1,406,19.331301745334855
2,1,407,19.14579873276659
2,1,408,19.079024808492694
2,1,409,19.122951590358714
2,1,410,19.245857948622202
2,1,411,19.402515939668564
2,1,412,19.557308338492824
2,1,413,19.68976670726944
2,1,414,19.79390847981019
2,1,415,19.892784490150152
2,1,416,20.020258000854128
2,1,417,20.202595841120154
2,1,418,20.450794038408958
2,1,419,20.7666392411205
2,1,420,21.13292720321203
2,1,421,21.516388123020153
2,1,422,21.8759717220032
2,1,423,22.152776541026416
2,1,424,22.279641293021562
2,1,425,22.231989802417907
2,1,426,22.03241869400551
2,1,427,21.714239299276635
2,1,428,21.34319377862356
2,1,429,20.98752105179568
2,1,430,20.66729008677597
2,1,431,20.367681854770193
2,1,432,20.081008187767782
2,1,433,19.796751204586123
2,1,434,19.51933742027727
2,1,435,19.279386489775323
2,1,436,19.10022225345406
2,1,437,18.98589967852452
2,1,438,18.927465057574707
2,1,439,18.903583198218588
2,1,440,18.873318168644087
2,1,441,18.8131119963111
2,1,442,18.71603613090213
2,1,443,18.584694891579783
2,1,444,18.425924691727474
2,1,445,18.263750986646784
2,1,446,18.123328807945732
2,1,447,18.019460594216085
2,1,448,17.957080292841088
2,1,449,17.935223591332228
2,1,450,17.943447918491586
2,1,451,17.96457189150164
2,1,452,18.001599687670588
2,1,453,18.065737148165184
2,1,454,18.16816416377803
2,1,455,18.328688143861328
2,1,456,18.56745334586774
2,1,457,18.879184785857387
2,1,458,19.26414489801187
2,1,459,19.71787526035309
2,1,460,20.20121863600763
2,1,461,20.66501158275863
2,1,462,21.072897252648964
2,1,463,21.38186900516937
2,1,464,21.560655053291235
2,1,465,21.61819701391838
2,1,466,21.577167485968967
2,1,467,21.4569466591546
2,1,468,21.269609894242645
2,1,469,21.04126523344278
2,1,470,20.789693065563544
2,1,471,20.53794170980202
2,1,472,20.307150455088323
2,1,473,20.111801588078364
2,1,474,19.944681412474452
2,1,475,19.798625994233582
2,1,476,19.65558767138205
2,1,477,19.50512976423928
2,1,478,19.36078582266749
2,1,479,19.232293984626278
2,1,480,19.1108710689726
2,1,481,18.976945422428876
2,1,482,18.81536216480224
2,1,483,18.620981168877645
2,1,484,18.41557292732352
2,1,485,18.246778391343092
2,1,486,18.156869469498282
2,1,487,18.15847929996282
2,1,488,18.24369328979308
2,1,489,18.38641219130889
2,1,490,18.52725269735437
2,1,491,18.624177146057157
2,1,492,18.669715953693697
2,1,493,18.649145740703872
2,1,494,18.5556932832425
2,1,495,18.44642673924777
2,1,496,18.40366484812942
2,1,497,18.468976258292425
2,1,498,18.666695654793394
2,1,499,18.981431436715045
2,1,500,19.32140248864915
2,1,501,19.56587242093159
2,1,502,19.63559464548518
2,1,503,19.503108970482227
2,1,504,19.19419655105991
2,1,505,18.80322764605134
2,1,506,18.437119635754883
2,1,507,18.173997281343095
2,1,508,18.03670610726933
2,1,509,18.01006404580522
2,1,510,18.03710534183432
2,1,511,18.068760163084438
2,1,512,18.09163079954585
2,1,513,18.12362735882089
2,1,514,18.18985102704161
2,1,515,18.283529669156692
2,1,516,18.351814522749688
2,1,517,18.332292250509564
2,1,518,18.19190862554725
2,1,519,17.943791969742573
2,1,520,17.66589749398524
2,1,521,17.47738198153651
2,1,522,17.40288018161026
2,1,523,17.46259737232556
2,1,524,17.651744769778333
2,1,525,17.933063695518733
2,1,526,18.245371093991626
2,1,527,18.56426007846215
2,1,528,18.874033754740726
2,1,529,19.138717032925154
2,1,530,19.30357440398526
2,1,531,19.343146955037373
2,1,532,19.242086096536614
2,1,533,19.00503027658906
2,1,534,18.67052191465993
2,1,535,18.298064103151695
2,1,536,17.935029152864796
2,1,537,17.637106363693807
2,1,538,17.454845295997643
2,1,539,17.403252513667294
2,1,540,17.46171589917394
2,1,541,17.588314304489774
2,1,542,17.7142414440937
2,1,543,17.771478565361114
2,1,544,17.73259282437128
2,1,545,17.6151718916907
2,1,546,17.462038782954124
2,1,547,17.321686771375962
2,1,548,17.234586446886592
2,1,549,17.212118511562693
2,1,550,17.246358808911697
2,1,551,17.306263856179484
2,1,552,17.314474822806712
2,1,553,17.309041707512648
2,1,554,17.29480229173525
2,1,555,17.283749770067512
2,1,556,17.31356529003382
2,1,557,17.414759666570284
2,1,558,17.518257814579727
2,1,559,17.599757777862585
2,1,560,17.649394596943434
2,1,561,17.720457943350112
2,1,562,17.7870268419099
2,1,563,17.720275774246616
2,1,564,17.514541067674276
2,1,565,17.29160598020121
2,1,566,17.11385781338306
2,1,567,17.01174839745199
2,1,568,16.981347636159615
2,1,569,17.006410141551115
2,1,570,17.054974850961084
2,1,571,17.104726774924192
2,1,572,17.145420495164743
2,1,573,17.18556170519414
2,1,574,17.23244896020339
2,1,575,17.294111992850063
2,1,576,17.363098730815683
2,1,577,17.380458786811364
2,1,578,17.386162867818268
2,1,579,17.404367600770403
2,1,580,17.449227313509745
2,1,581,17.526759708967116
2,1,582,17.63738911898365
2,1,583,17.769474411945282
2,1,584,17.895006024966257
2,1,585,17.997570896924042
2,1,586,18.076305500011323
2,1,587,18.140235310408848
2,1,588,18.198360274840876
2,1,589,18.259168110254667
2,1,590,18.3229265022991
2,1,591,18.38292280644546
2,1,592,18.426768951997243
2,1,593,18.444674828677208
2,1,594,18.439395466025733
2,1,595,18.424966434092237
2,1,596,18.418001801453592
2,1,597,18.43205093886891
2,1,598,18.479963295057466
2,1,599,18.566585481007973
2,1,600,18.685116731468494
2,1,601,18.822062089275576
2,1,602,18.966528198114823
2,1,603,19.10687481198076
2,1,604,19.226179203546437
2,1,605,19.308601761848205
2,1,606,19.344080300972003
2,1,607,19.328034053656197
2,1,608,19.260227783022604
2,1,609,19.152843065193853
2,1,610,19.02285413769886
2,1,611,18.885617985590823
2,1,612,18.755058076006282
2,1,613,18.647241925017724
2,1,614,18.56958088532651
2,1,615,18.5273804563473
2,1,616,18.525598238837336
2,1,617,18.561183296610842
2,1,618,18.625549086364472
2,1,619,18.722395945144356
2,1,620,18.86384454801658
2,1,621,19.05042762898882
2,1,622,19.276628316333838
2,1,623,19.535310249431845
2,1,624,19.80356801697777
2,1,625,20.036495232733532
2,1,626,20.204443027554557
2,1,627,20.290817147774447
2,1,628,20.281137934626987
2,1,629,20.17109449843528
2,1,630,19.986795049739225
2,1,631,19.763173535922228
2,1,632,19.538983068039506
2,1,633,19.348442144508574
2,1,634,19.215254793243716
2,1,635,19.147314967612317
2,1,636,19.142794762649164
2,1,637,19.195576664943587
2,1,638,19.30822230403292
2,1,639,19.48012684939434
2,1,640,19.694120322081847
2,1,641,19.921354824187475
2,1,642,20.123154974917686
2,1,643,20.261734620074414
2,1,644,20.312172237049367
2,1,645,20.262360239801907
2,1,646,20.11359623980387
2,1,647,19.88808046289698
2,1,648,19.61159287695255
2,1,649,19.323685594865978
2,1,650,19.072475270100167
2,1,651,18.887489176275967
2,1,652,18.773274817303736
2,1,653,18.72464096786641
2,1,654,18.724485701767957
2,1,655,18.746826625624117
2,1,656,18.787877348981393
2,1,657,18.86298163103451
2,1,658,18.990624530038463
2,1,659,19.17087088907845
2,1,660,19.3844539367822
2,1,661,19.593965398165178
2,1,662,19.753251174755075
2,1,663,19.815386581129676
2,1,664,19.757817131270315
2,1,665,19.601961592009463
2,1,666,19.387678636441652
2,1,667,19.14912537006954
2,1,668,18.922190000125482
2,1,669,18.74217632193096
2,1,670,18.623045656093208
2,1,671,18.569014476532345
2,1,672,18.58869738249193
2,1,673,18.673660892776038
2,1,674,18.787343982136562
2,1,675,18.885533523555615
2,1,676,18.922622237131733
2,1,677,18.869022413210946
2,1,678,18.743691322692182
2,1,679,18.604523919240822
2,1,680,18.509886883306287
2,1,681,18.503832758538806
2,1,682,18.600548331868236
2,1,683,18.755508238957894
2,1,684,18.90154291138581
2,1,685,18.987208983281295
2,1,686,18.994630015210518
2,1,687,18.919400403240534
2,1,688,18.78486821786419
2,1,689,18.616652919190326
2,1,690,18.43446411276697
2,1,691,18.24706315725951
2,1,692,18.079132956521153
2,1,693,17.954393093504727
2,1,694,17.879450378534923
2,1,695,17.85304978198315
2,1,696,17.875186216878713
2,1,697,17.948684387110273
2,1,698,18.082269132367777
2,1,699,18.310945289340324
2,1,700,18.633924918019314
2,1,701,19.021210770116777
2,1,702,19.41974123515839
2,1,703,19.76934393295307
2,1,704,20.007603827080988
2,1,705,20.119992608149182
2,1,706,20.12591295650387
2,1,707,20.056302799909417
2,1,708,19.943733605149653
2,1,709,19.81625963096101
2,1,710,19.675662323765305
2,1,711,19.520470830759244
2,1,712,19.36378380326132
2,1,713,19.22896557245384
2,1,714,19.132564686337155
2,1,715,19.07808880829767
2,1,716,19.040023330638967
2,1,717,18.980111465784667
2,1,718,18.86210452383459
2,1,719,18.6728851625646
2,1,720,18.420856446661446
2,1,721,18.13896285305795
2,1,722,17.849566610960235
2,1,723,17.56770218848299
2,1,724,17.319192123158036
2,1,725,17.147221192714483
2,1,726,17.08134289472713
2,1,727,17.122486185080827
2,1,728,17.258691298473845
2,1,729,17.455406553664844
2,1,730,17.64935716054285
2,1,731,17.762197973821305
2,1,732,17.76118502152515
2,1,733,17.663085959336364
2,1,734,17.501103423745622
2,1,735,17.31875792981089
2,1,736,17.186178870392364
2,1,737,17.159588611025022
2,1,738,17.2411259646609
2,1,739,17.40849163363608
2,1,740,17.62643615438164
2,1,741,17.843456900538655
2,1,742,17.99804357666467
2,1,743,18.05960916545333
2,1,744,18.043244414137796
2,1,745,17.99658897419674
2,1,746,17.97161398234508
2,1,747,18.004585062146013
2,1,748,18.10315945676882
2,1,749,18.242637591661968
2,1,750,18.374993521268625
2,1,751,18.438774693042443
2,1,752,18.409334467929884
2,1,753,18.30666403184651
2,1,754,18.145527536388137
2,1,755,17.946990312140336
2,1,756,17.753428619191084
2,1,757,17.59005657285159
2,1,758,17.436753393986542
2,1,759,17.2862892794741
2,1,760,17.12733927758028
2,1,761,16.941543221490605
2,1,762,16.71231202334107
2,1,763,16.456905499495086
2,1,764,16.205337504609542
2,1,765,16.00517578221711
2,1,766,15.90214329860206
2,1,767,15.981805304776328
2,1,768,16.29448666650676
2,1,769,16.825304747468074
2,1,770,17.455922060224633
2,1,771,17.94193342311107
2,1,772,18.30232814606791
2,1,773,18.41490321367903
2,1,774,18.199421357139755
2,1,775,17.721573497074075
2,1,776,17.138322447102446
2,1,777,16.633876624722685
2,1,778,16.325638406966846
2,1,779,16.27210111792873
2,1,780,16.455957038175782
2,1,781,16.774087266404734
2,1,782,17.117294334806445
2,1,783,17.409417523356527
2,1,784,17.609821934162554
2,1,785,17.698063995802787
2,1,786,17.702074386264
2,1,787,17.662562844365613
2,1,788,17.623438277429738
2,1,789,17.594411096272918
2,1,790,17.569106840105302
2,1,791,17.535597611685958
2,1,792,17.490456164598235
2,1,793,17.437022744379252
2,1,794,17.407495801450185
2,1,795,17.45035363062247
2,1,796,17.581360736635695
2,1,797,17.79702485559179
2,1,798,18.07804355842048
2,1,799,18.36940450233347
2,1,800,18.585778235154425
2,1,801,18.675053853034505
2,1,802,18.5987591742605
2,1,803,18.34195671629954
2,1,804,17.948220396323748
2,1,805,17.514029813211963
2,1,806,17.122010913947822
2,1,807,16.840037702268457
2,1,808,16.69884728478328
2,1,809,16.678392975427638
2,1,810,16.72183194860184
2,1,811,16.79171957439066
2,1,812,16.938198841943827
2,1,813,17.15935068264486
2,1,814,17.401305723654335
2,1,815,17.662612218717253
2,1,816,17.89501641952935
2,1,817,18.07063288359581
2,1,818,18.19572616875235
2,1,819,18.307855320356175
2,1,820,18.44665274410666
2,1,821,18.61371675214647
2,1,822,18.796102588235012
2,1,823,18.978125652340772
2,1,824,19.143978287903053
2,1,825,19.26827965985242
2,1,826,19.311543661358634
2,1,827,19.233455088044156
2,1,828,19.023045101736244
2,1,829,18.732987239749715
2,1,830,18.47233978787704
2,1,831,18.34173489240453
2,1,832,18.385683907041557
2,1,833,18.59368344046875
2,1,834,18.874851118083857
2,1,835,19.095327621048455
2,1,836,19.174291698603273
2,1,837,19.114318842786922
2,1,838,18.957005160474527
2,1,839,18.77983637057048
2,1,840,18.65452597518747
2,1,841,18.607641035345306
2,1,842,18.631132839363435
2,1,843,18.72154820015943
2,1,844,18.829581988196963
2,1,845,18.883568896056104
2,1,846,18.815530515620285
2,1,847,18.59059984715199
2,1,848,18.227209058180684
2,1,849,17.81370916972698
2,1,850,17.46979418527403
2,1,851,17.28427756935174
2,1,852,17.268529211403425
2,1,853,17.423549608735428
2,1,854,17.657109365870674
2,1,855,17.886271993520968
2,1,856,18.076176046914643
2,1,857,18.220855582315423
2,1,858,18.380776339080096
2,1,859,18.589495162241825
2,1,860,18.832116111195916
2,1,861,19.071006616667013
2,1,862,19.28117535908412
2,1,863,19.45856222402809
2,1,864,19.583616298284884
2,1,865,19.688136504904588
2,1,866,19.789868505576337
2,1,867,19.839311321608918
2,1,868,19.803988697628245
2,1,869,19.710050756792665
2,1,870,19.56530090632753
2,1,871,19.38966939268475
2,1,872,19.249679587339518
2,1,873,19.182734515527752
2,1,874,19.184816788566422
2,1,875,19.25018121650155
2,1,876,19.36602977606847
2,1,877,19.48477410405834
2,1,878,19.582528631839722
2,1,879,19.665520743882837
2,1,880,19.74302020697821
2,1,881,19.820248917492503
2,1,882,19.92101972148145
2,1,883,20.05015631606212
2,1,884,20.183310245850187
2,1,885,20.294559951329152
2,1,886,20.356516826452363
2,1,887,20.31685092578556
2,1,888,20.145263358159365
2,1,889,19.869598942075196
2,1,890,19.511495450266334
2,1,891,19.093985845215766
2,1,892,18.662639906564618
2,1,893,18.2632073274671
2,1,894,17.91123372713678
2,1,895,17.655891703720364
2,1,896,17.51495314546549
2,1,897,17.46531154834665
2,1,898,17.456951004932414
2,1,899,17.46522572780624
2,1,900,17.46463343819425
2,1,901,17.464159583406236
2,1,902,17.51548943578722
2,1,903,17.68810873622582
2,1,904,17.96860391650296
2,1,905,18.221874914550174
2,1,906,18.46391562630069
2,1,907,18.68773464742601
2,1,908,18.818212759173193
2,1,909,18.806181770357885
2,1,910,18.631856292671294
2,1,911,18.300096701102678
2,1,912,17.850870179556264
2,1,913,17.412624365029245
2,1,914,17.102262112038254
2,1,915,16.966467025107175
2,1,916,16.86997456044912
2,1,917,16.915966421233044
2,1,918,17.12621394857972
2,1,919,17.485652222741276
2,1,920,17.91682755643409
2,1,921,18.33207268760247
2,1,922,18.64646284599127
2,1,923,18.925769309368558
2,1,924,19.1185267313617
2,1,925,19.205823731196986
2,1,926,19.225249123625193
2,1,927,19.212121197393262
2,1,928,19.1854102158762
2,1,929,19.155017051019886
2,1,930,19.100680224950963
2,1,931,18.981855079666573
2,1,932,18.777906434520084
2,1,933,18.531018345294147
2,1,934,18.312497124166157
2,1,935,18.18258246856702
2,1,936,18.18398201427173
2,1,937,18.325630825901555
2,1,938,18.543432365696592
2,1,939,18.754251936094697
2,1,940,18.903239307035737
2,1,941,18.9641729447874
2,1,942,18.942071656344055
2,1,943,18.885446510266053
2,1,944,18.824313483202015
2,1,945,18.769602830697785
2,1,946,18.727633743774643
2,1,947,18.698858788808074
2,1,948,18.660626945364957
2,1,949,18.61361931473009
2,1,950,18.556310575450315
2,1,951,18.47495555756599
2,1,952,18.354234161296556
2,1,953,18.209120559192954
2,1,954,18.073024034997676
2,1,955,17.977019194777117
2,1,956,17.94997555931519
2,1,957,18.01289600955361
2,1,958,18.157463183201834
2,1,959,18.307901761772968
2,1,960,18.415149542219
2,1,961,18.45783756815848
2,1,962,18.431366136922687
2,1,963,18.35148666143786
2,1,964,18.29240695316601
2,1,965,18.303443148575216
2,1,966,18.37841593217751
2,1,967,18.437239600559867
2,1,968,18.483703941827304
2,1,969,18.450894547092773
2,1,970,18.27065053411442
2,1,971,17.92545570567186
2,1,972,17.454780021358147
2,1,973,16.898023567180996
2,1,974,16.32010273427788
2,1,975,15.790496565088077
2,1,976,15.401950832543761
2,1,977,15.236506738806515
2,1,978,15.38287150538167
2,1,979,15.864229253369235
2,1,980,16.46366609945704
2,1,981,17.160348327941062
2,1,982,17.998410061002335
2,1,984,18.962821323018947
2,1,985,19.370408499519087
2,1,987,19.51906859971025
2,1,988,19.42375565660197
2,1,989,19.31810837832588
2,1,990,19.284990226086563
2,1,1001,19.68642349930302
2,1,1002,19.221552611663146
2,1,1003,18.835574829960212
2,1,1004,18.66622484454139
2,1,1005,18.669003307171387
2,1,1006,18.82694701591861
2,1,1007,19.10273137260044
2,1,1008,19.453978844088105
2,1,1009,19.802354292176076
2,1,1010,20.102171434685406
2,1,1011,20.31263294502417
2,1,1012,20.39216392769036
2,1,1013,20.306652059130908
2,1,1014,20.075101550999175
2,1,1015,19.72581783077758
2,1,1016,19.314105151975564
2,1,1017,18.923608894388185
2,1,1018,18.642537315422818
2,1,1019,18.515286562915865
2,1,1020,18.557792848972998
2,1,1021,18.736261745715787
2,1,1022,18.96708925424658
2,1,1023,19.173310430377814
2,1,1024,19.317595719971653
2,1,1025,19.382845090782407
2,1,1026,19.36250409569577
2,1,1027,19.2782081415441
2,1,1028,19.147438902103424
2,1,1029,18.9602851814207
2,1,1030,18.6999908604173
2,1,1031,18.402380561161294
2,1,1032,18.11543221527832
2,1,1033,17.86839901257901
2,1,1034,17.696016804873484
2,1,1035,17.63109839781857
2,1,1036,17.660804887144437
2,1,1037,17.750680414469226
2,1,1038,17.872130218956812
2,1,1039,17.992197382092126
2,1,1040,18.082869510359124
2,1,1041,18.13339680194469
2,1,1042,18.149499367171494
2,1,1043,18.138998953750352
2,1,1044,18.108112494799276
2,1,1045,18.084360403058117
2,1,1046,18.105676890668896
2,1,1047,18.184687388962107
2,1,1048,18.318143655468383
2,1,1049,18.498754985278186
2,1,1050,18.687416081308754
2,1,1051,18.820400769954276
2,1,1052,18.86905994474141
2,1,1053,18.84136624915908
2,1,1054,18.761728636843817
2,1,1055,18.65384164242357
2,1,1056,18.549141879958064
2,1,1057,18.45650708585638
2,1,1058,18.371899378991873
2,1,1059,18.296734681913858
2,1,1060,18.252275812253565
2,1,1061,18.254548751308388
2,1,1062,18.315297696390193
2,1,1063,18.428753575150516
2,1,1064,18.559195664160633
2,1,1065,18.66176725027747
2,1,1066,18.709894146149256
2,1,1067,18.694479302613423
2,1,1068,18.629063657530637
2,1,1069,18.54882932540504
2,1,1070,18.48510871100548
2,1,1071,18.449822266312697
2,1,1072,18.437163873728476
2,1,1073,18.425639343656943
2,1,1074,18.388928021716453
2,1,1075,18.317023333480897
2,1,1076,18.218367142771612
2,1,1077,18.11548664721676
2,1,1078,18.03301200963591
2,1,1079,17.989275741440732
2,1,1080,17.978485059819405
2,1,1081,17.98224858134062
2,1,1082,17.98852724877814
2,1,1083,17.99469095464056
2,1,1084,18.00211739917733
2,1,1085,18.022280778467387
2,1,1086,18.062034349719482
2,1,1087,18.10487452541674
2,1,1088,18.122754598498226
2,1,1089,18.095475990251433
2,1,1090,18.015305496943476
2,1,1091,17.88959776064686
2,1,1092,17.737319170775912
2,1,1093,17.586028894726212
2,1,1094,17.459411451095875
2,1,1095,17.36667926675247
2,1,1096,17.305302872569996
2,1,1097,17.273662457552888
2,1,1098,17.26513162057191
2,1,1099,17.26678757802026
2,1,1100,17.269433238308554
2,1,1101,17.271570148841032
2,1,1102,17.271141953358995
2,1,1103,17.267693779928837
3,2,0,31.11985315858016
3,2,1,31.099629273344984
3,2,2,31.077638010806687
3,2,3,31.054997115141735
3,2,4,31.034641404194243
3,2,5,31.018323414919188
3,2,6,31.00561754567569
3,2,7,30.992745240243945
3,2,8,30.98163259314948
3,2,9,30.974984671583925
3,2,10,30.973698225716852
3,2,11,30.977292552615122
3,2,12,30.984658963778386
3,2,13,30.993629646214877
3,2,14,31.004154526192686
3,2,15,31.01511127539091
3,2,16,31.026052273512853
3,2,17,31.037219979156585
3,2,18,31.047859866280373
3,2,19,31.05617275429479
3,2,20,31.061650629051137
3,2,21,31.06287180335248
3,2,22,31.05948380271907
3,2,23,31.053045791254476
3,2,24,31.0439247217487
3,2,25,31.033257850973342
3,2,26,31.02358712011374
3,2,27,31.01536806936885
3,2,28,31.008009150587036
3,2,29,31.00295047181743
3,2,30,31.000233723851505
3,2,31,30.998469337095663
3,2,32,30.997234640731094
3,2,33,30.996544244742914
3,2,34,30.996680101555175
3,2,35,30.99690684175547
3,2,36,30.995904029508083
3,2,37,30.992606290510135
3,2,38,30.98685327911332
3,2,39,30.975843032338954
3,2,40,30.95891514396741
3,2,41,30.93809862446722
3,2,42,30.915804339663396
3,2,43,30.893664758463135
3,2,44,30.875998527840828
3,2,45,30.866256074384147
3,2,46,30.866507132895208
3,2,47,30.877784176401743
3,2,48,30.89875458803227
3,2,49,30.92457414507158
3,2,50,30.950352420485746
3,2,51,30.970516175264166
3,2,52,30.980447450416932
3,2,53,30.97958937881021
3,2,54,30.970677112514178
3,2,55,30.957764366476923
3,2,56,30.946808767244136
3,2,57,30.941852021764735
3,2,58,30.943652322052316
3,2,59,30.95197540661698
3,2,60,30.964348949188647
3,2,61,30.974841172914267
3,2,62,30.98004340761664
3,2,63,30.979677514896572
3,2,64,30.974580916119564
3,2,65,30.967043764868766
3,2,66,30.96143405578195
3,2,67,30.959511385708836
3,2,68,30.9590129551387
3,2,69,30.95754183053994
3,2,70,30.953570199549507
3,2,71,30.946227398871248
3,2,72,30.936848090405242
3,2,73,30.931280265144352
3,2,74,30.93290118108901
3,2,75,30.941909349043797
3,2,76,30.956742142606902
3,2,77,30.975876170578694
3,2,78,30.99487211574352
3,2,79,31.010455400201344
3,2,80,31.02045293810865
3,2,81,31.023857192988398
3,2,82,31.019114670111712
3,2,83,31.00690001677053
3,2,84,30.990503548191093
3,2,85,30.975734564278717
3,2,86,30.967541814845454
3,2,87,30.96866107443418
3,2,88,30.979156188019786
3,2,89,30.995044681395274
3,2,90,31.009590514207396
3,2,91,31.015287337879972
3,2,92,31.005969423284718
3,2,93,30.979958136882797
3,2,94,30.93950769443697
3,2,95,30.88898468012329
3,2,96,30.836687233000813
3,2,97,30.794470530687665
3,2,98,30.768725084441442
3,2,99,30.76108507343606
3,2,100,30.770396155499796
3,2,101,30.792663690387688
3,2,102,30.820970445159787
3,2,103,30.851152524147288
3,2,104,30.883077008626053
3,2,105,30.918132072824335
3,2,106,30.957218208841493
3,2,107,30.99981509571768
3,2,108,31.043552120737367
3,2,109,31.083781571814537
3,2,110,31.117455758213506
3,2,111,31.142510796289343
3,2,112,31.15907841072664
3,2,113,31.168199504242626
3,2,114,31.171645591722797
3,2,115,31.16922337656418
3,2,116,31.162635885119283
3,2,117,31.1534706083978
3,2,118,31.144372762686196
3,2,119,31.1381019199747
3,2,120,31.137667862950543
3,2,121,31.141727355945417
3,2,122,31.14731832364871
3,2,123,31.151372238805703
3,2,124,31.151311758486074
3,2,125,31.14481633381403
3,2,126,31.13226844789154
3,2,127,31.11675358258509
3,2,128,31.101039550783625
3,2,129,31.086876946310795
3,2,130,31.075989478665928
3,2,131,31.06983020729606
3,2,132,31.06664935765156
3,2,133,31.063722300250976
3,2,134,31.0595220058553
3,2,135,31.05344263402005
3,2,136,31.046374636566494
3,2,137,31.041966881102024
3,2,138,31.04420864809987
3,2,139,31.05687230072344
3,2,140,31.082310151164354
3,2,141,31.118774291735882
3,2,142,31.16172105896965
3,2,143,31.206741154228993
3,2,144,31.248003716354336
3,2,145,31.279545932345382
3,2,146,31.29936931554383
3,2,147,31.308123410584344
3,2,148,31.307205335658026
3,2,149,31.299637456660804
3,2,150,31.28975436746794
3,2,151,31.279181895718047
3,2,152,31.267290872221434
3,2,153,31.25344308759746
3,2,154,31.2358476927079
3,2,155,31.21258707879151
3,2,156,31.184102873228323
3,2,157,31.15179204226801
3,2,158,31.11798311107942
3,2,159,31.08711386165632
3,2,160,31.063525993248124
3,2,161,31.050839482608176
3,2,162,31.05223264653023
3,2,163,31.06627468565803
3,2,164,31.088725607364808
3,2,165,31.113896113079726
3,2,166,31.135431859282548
3,2,167,31.149208956764845
3,2,168,31.15598196677749
3,2,169,31.15725849064987
3,2,170,31.155796909759548
3,2,171,31.15437417767552
3,2,172,31.154015870407243
3,2,173,31.1537893575999
3,2,174,31.153908759543462
3,2,175,31.154712498150417
3,2,176,31.157551520571708
3,2,177,31.16282245101913
3,2,178,31.169385313284916
3,2,179,31.175346402223738
3,2,180,31.17864335741956
3,2,181,31.175794576105332
3,2,182,31.164679767518784
3,2,183,31.147034776665638
3,2,184,31.125616852628177
3,2,185,31.103293112829277
3,2,186,31.083276403447964
3,2,187,31.069794552914768
3,2,188,31.06544444547758
3,2,189,31.071203808002426
3,2,190,31.086159269538605
3,2,191,31.10718089057105
3,2,192,31.127069114232267
3,2,193,31.137923070228855
3,2,194,31.134191338445675
3,2,195,31.11474183574785
3,2,196,31.083984934917257
3,2,197,31.049836957775145
3,2,198,31.02003893980574
3,2,199,30.99975487903405
3,2,200,30.99039966486016
3,2,201,30.989413299895457
3,2,202,30.99454506215938
3,2,203,31.004475993328832
3,2,204,31.017858562909158
3,2,205,31.034248290771107
3,2,206,31.05488935203288
3,2,207,31.07919304878265
3,2,208,31.10580758878702
3,2,209,31.13361683401714
3,2,210,31.15996886813256
3,2,211,31.18035569903092
3,2,212,31.191469113945438
3,2,213,31.191541639051795
3,2,214,31.180867207662427
3,2,215,31.161648874319955
3,2,216,31.1381606047439
3,2,217,31.113929034267457
3,2,218,31.08946550043901
3,2,219,31.064035083024418
3,2,220,31.03959890725063
3,2,221,31.01866062208446
3,2,222,31.00358031761611
3,2,223,30.997486342193017
3,2,224,31.0023965794636
3,2,225,31.013430648656556
3,2,226,31.023598431272163
3,2,227,31.02762186535232
3,2,228,31.021907849043398
3,2,229,31.005353483946102
3,2,230,30.983337388832627
3,2,231,30.960935088484224
3,2,232,30.94095992505456
3,2,233,30.925812738466632
3,2,234,30.915475008883366
3,2,235,30.907920541985174
3,2,236,30.903399682714596
3,2,237,30.90462636961317
3,2,238,30.913201326362138
3,2,239,30.93047369848505
3,2,240,30.95638380929273
3,2,241,30.988524491726803
3,2,242,31.021064008445556
3,2,243,31.04804347381113
3,2,244,31.064873110725298
3,2,245,31.068914928764144
3,2,246,31.059662405380607
3,2,247,31.040267029409105
3,2,248,31.017624255813207
3,2,249,30.99939132243664
3,2,250,30.9906442086595
3,2,251,30.993663658833555
3,2,252,31.00856360066928
3,2,253,31.03096944543247
3,2,254,31.054389298293934
3,2,255,31.073153235394354
3,2,256,31.0837487133459
3,2,257,31.082698864530727
3,2,258,31.067225314371253
3,2,259,31.03788151895774
3,2,260,30.99743438850573
3,2,261,30.92823390936917
3,2,262,30.8075865804229
3,2,263,30.629673251730615
3,2,264,30.396426628751875
3,2,265,30.110494581801756
3,2,266,29.814225423227814
3,2,267,29.567387517441087
3,2,268,29.406952473901153
3,2,269,29.357571060684247
3,2,270,29.430600279167635
3,2,271,29.58441385909659
3,2,272,29.73518405915229
3,2,273,29.815834111856738
3,2,274,29.75793037172841
3,2,275,29.601363270175614
3,2,276,29.381616297996683
3,2,277,29.190950074734843
3,2,278,29.124261218422866
3,2,279,29.198843680032923
3,2,280,29.40439251046619
3,2,281,29.6613151414082
3,2,282,29.818315049690547
3,2,283,29.855513753425505
3,2,284,29.800314051774752
3,2,285,29.686097879653573
3,2,286,29.58145894340992
3,2,287,29.499065365487958
3,2,288,29.460451537732677
3,2,289,29.477597781053255
3,2,290,29.532985648870397
3,2,291,29.618251027397143
3,2,292,29.72017285259531
3,2,293,29.80612016498823
3,2,294,29.854430429492833
3,2,295,29.86679178658255
3,2,296,29.842151048311592
3,2,297,29.78140249928391
3,2,298,29.700248037304767
3,2,299,29.618561577205753
3,2,300,29.55588261017682
3,2,301,29.536423482677744
3,2,302,29.57000711013877
3,2,303,29.645956312798283
3,2,304,29.74719662534673
3,2,305,29.8551297402819
3,2,306,29.954655182607052
3,2,307,30.04250644711042
3,2,308,30.119350320127772
3,2,309,30.182418144234873
3,2,310,30.23721554680616
3,2,311,30.280996790749896
3,2,312,30.30319878508126
3,2,313,30.306671238233776
3,2,314,30.310092034888207
3,2,315,30.31951288009591
3,2,316,30.33320006501259
3,2,317,30.3517066110575
3,2,318,30.374515549491154
3,2,319,30.395873832461703
3,2,320,30.417088355746856
3,2,321,30.446992735623358
3,2,322,30.49256234515895
3,2,323,30.54951236658361
3,2,324,30.598711597405543
3,2,325,30.616957836868774
3,2,326,30.587026797470568
3,2,327,30.50831303909868
3,2,328,30.391808806236625
3,2,329,30.25832441527262
3,2,330,30.135615232999637
3,2,331,30.0625170553088
3,2,332,30.06530685177067
3,2,333,30.157450043416034
3,2,334,30.34333136568298
3,2,335,30.6009247179933
3,2,336,30.86860100541282
3,2,337,31.077044346595347
3,2,338,31.17385950308743
3,2,339,31.131505635040458
3,2,340,30.963005703532847
3,2,341,30.714271364692603
3,2,342,30.449379620231507
3,2,343,30.233986516353216
3,2,344,30.12177161815975
3,2,345,30.1373296704144
3,2,346,30.277253710871392
3,2,347,30.51040520101321
3,2,348,30.781961379422157
3,2,349,31.02091820990004
3,2,350,31.168850628035976
3,2,351,31.197884100733408
3,2,352,31.11119574156235
3,2,353,30.937069542062417
3,2,354,30.72411179450662
3,2,355,30.520351451967677
3,2,356,30.372909332827724
3,2,357,30.309931006974658
3,2,358,30.33246029071755
3,2,359,30.423619584976702
3,2,360,30.556747488369727
3,2,361,30.680747333985696
3,2,362,30.744662799064624
3,2,363,30.72074577992715
3,2,364,30.60291549453523
3,2,365,30.40962747542351
3,2,366,30.18534158923116
3,2,367,29.988762971030695
3,2,368,29.868224476689782
3,2,369,29.85146546306919
3,2,370,29.93578113346706
3,2,371,30.095165128935836
3,2,372,30.28435982691318
3,2,373,30.452627050054915
3,2,374,30.552562446438866
3,2,375,30.547679497154473
3,2,376,30.41829992283275
3,2,377,30.168758101892156
3,2,378,29.829898043238103
3,2,379,29.456741170551467
3,2,380,29.12227824092408
3,2,381,28.8929882304882
3,2,382,28.811372693767726
3,2,383,28.880088639095238
3,2,384,29.06459716816961
3,2,385,29.305597306529048
3,2,386,29.544831779416217
3,2,387,29.735886624526138
3,2,388,29.861644738896544
3,2,389,29.925818317186522
3,2,390,29.94848530046523
3,2,391,29.95272427208934
3,2,392,29.961386482227564
3,2,393,29.994885348618432
3,2,394,30.074693127618453
3,2,395,30.203938747915718
3,2,396,30.38144262094016
3,2,397,30.595291634919796
3,2,398,30.818045937605856
3,2,399,31.010635550219153
3,2,400,31.140367666106258
3,2,401,31.179316221279784
3,2,402,31.114933711700957
3,2,403,30.958145564164706
3,2,404,30.740253968924147
3,2,405,30.503443171316007
3,2,406,30.28878423851788
3,2,407,30.13384909575654
3,2,408,30.060965800036286
3,2,409,30.07219125745694
3,2,410,30.153656858834193
3,2,411,30.28003147896143
3,2,412,30.41520219743016
3,2,413,30.53235647624064
3,2,414,30.621517823418998
3,2,415,30.688931239760024
3,2,416,30.75457345580381
3,2,417,30.8464441326427
3,2,418,30.97710831926053
3,2,419,31.145516146559828
3,2,420,31.346709672396667
3,2,421,31.573365977564766
3,2,422,31.806653775794143
3,2,423,32.023901572568015
3,2,424,32.19937682851935
3,2,425,32.310496952529384
3,2,426,32.334705820463206
3,2,427,32.264057787173044
3,2,428,32.108654399826015
3,2,429,31.899116674021005
3,2,430,31.65497680926893
3,2,431,31.394371327885278
3,2,432,31.131523908009896
3,2,433,30.878558182428538
3,2,434,30.637073257147517
3,2,435,30.422755253487576
3,2,436,30.25002992560254
3,2,437,30.128062940639218
3,2,438,30.05650382895965
3,2,439,30.025379793784783
3,2,440,30.0062217894875
3,2,441,29.973614015382594
3,2,442,29.908547302714712
3,2,443,29.797704077865777
3,2,444,29.64221706315576
3,2,445,29.466221909828768
3,2,446,29.298070570588663
3,2,447,29.158687112639733
3,2,448,29.065064205040507
3,2,449,29.019399595797463
3,2,450,29.0038977024583
3,2,451,28.994005402276226
3,2,452,28.98177512730712
3,2,453,28.963557276846288
3,2,454,28.9471420206996
3,2,455,28.95484372020188
3,2,456,29.015546128242963
3,2,457,29.13944862062633
3,2,458,29.331801381974138
3,2,459,29.58828774006471
3,2,460,29.885892311591927
3,2,461,30.185587124170365
3,2,462,30.459262393290466
3,2,463,30.688104116300167
3,2,464,30.862233667739872
3,2,465,30.983535350349214
3,2,466,31.062002624007498
3,2,467,31.099010941187768
3,2,468,31.089199105095908
3,2,469,31.03340568974422
3,2,470,30.944339394832465
3,2,471,30.84170734704148
3,2,472,30.741066599989058
3,2,473,30.647808665906137
3,2,474,30.556727849529036
3,2,475,30.449738784268565
3,2,476,30.305790010388122
3,2,477,30.12376142623652
3,2,478,29.92886742229183
3,2,479,29.747653072024097
3,2,480,29.60070264663267
3,2,481,29.504656252518163
3,2,482,29.46268143836747
3,2,483,29.466158375275274
3,2,484,29.510802156615462
3,2,485,29.59587195638625
3,2,486,29.71558540855527
3,2,487,29.85746935988546
3,2,488,30.001020868473514
3,2,489,30.12359797133132
3,2,490,30.204395411469527
3,2,491,30.224775600808897
3,2,492,30.183064686431983
3,2,493,30.085561871274212
3,2,494,29.94410522835989
3,2,495,29.793750203208354
3,2,496,29.685470366365852
3,2,497,29.652566631084436
3,2,498,29.710393312977025
3,2,499,29.85271482243048
3,2,500,30.034691646115412
3,2,501,30.19277629355981
3,2,502,30.278455481006674
3,2,503,30.27259786816228
3,2,504,30.177835175057496
3,2,505,30.02446852918829
3,2,506,29.862805556724023
3,2,507,29.737188876054184
3,2,508,29.66179257057458
3,2,509,29.638124518641362
3,2,510,29.653955662967096
3,2,511,29.691598261796177
3,2,512,29.72891687496342
3,2,513,29.754057716585216
3,2,514,29.753755030507357
3,2,515,29.723183387131797
3,2,516,29.652269388698258
3,2,517,29.53253533316711
3,2,518,29.364178083156965
3,2,519,29.17638808650859
3,2,520,28.994786864696497
3,2,521,28.834092097282333
3,2,522,28.71550840862907
3,2,523,28.67603474179365
3,2,524,28.726332384320404
3,2,525,28.86385549730671
3,2,526,29.080405685569207
3,2,527,29.346584861612353
3,2,528,29.613767026703282
3,2,529,29.8360535600971
3,2,530,29.982914407190794
3,2,531,30.045021462864142
3,2,532,30.018355440024973
3,2,533,29.897584810796936
3,2,534,29.69770593097164
3,2,535,29.438892104901193
3,2,536,29.145386844759347
3,2,537,28.87394301091777
3,2,538,28.694137227671423
3,2,539,28.635215811626583
3,2,540,28.690142204116775
3,2,541,28.832154132519204
3,2,542,29.00564250979415
3,2,543,29.148032402547276
3,2,544,29.2313462450895
3,2,545,29.259498580135585
3,2,546,29.24126164997311
3,2,547,29.1810440243229
3,2,548,29.08678189948707
3,2,549,28.966188232105992
3,2,550,28.83219771778125
3,2,551,28.701931655915264
3,2,552,28.6024592288014
3,2,553,28.566363041450657
3,2,554,28.60065911562942
3,2,555,28.68714196104747
3,2,556,28.80416972714023
3,2,557,28.912719156063496
3,2,558,28.95971739040656
3,2,559,28.915846967160213
3,2,560,28.78560819581293
3,2,561,28.582126928556402
3,2,562,28.32901603740004
3,2,563,28.06373630107066
3,2,564,27.839123274112243
3,2,565,27.705043467965663
3,2,566,27.69654287992236
3,2,567,27.816352300329687
3,2,568,28.02939606147359
3,2,569,28.28839073614446
3,2,570,28.54231886586451
3,2,571,28.742815328869412
3,2,572,28.854188141323988
3,2,573,28.855881102383265
3,2,574,28.741130589784046
3,2,575,28.529289864328067
3,2,576,28.26622669875314
3,2,577,28.01092799692399
3,2,578,27.83103180890268
3,2,579,27.77559170269301
3,2,580,27.860533089971785
3,2,581,28.05789998193994
3,2,582,28.308201308384234
3,2,583,28.550828390215578
3,2,584,28.72966328090491
3,2,585,28.811405918093755
3,2,586,28.799923152037444
3,2,587,28.728559944940997
3,2,588,28.6306342222437
3,2,589,28.549337913851883
3,2,590,28.512585366663956
3,2,591,28.525419544744118
3,2,592,28.570783812208937
3,2,593,28.632298680912424
3,2,594,28.691583400540544
3,2,595,28.74276435740911
3,2,596,28.78451621341922
3,2,597,28.823537326035293
3,2,598,28.862961257438336
3,2,599,28.904809872523956
3,2,600,28.952296684480736
3,2,601,29.011041177425465
3,2,602,29.07990953537689
3,2,603,29.15379047519383
3,2,604,29.218654989691768
3,2,605,29.256295406375102
3,2,606,29.255101434291838
3,2,607,29.222732848044053
3,2,608,29.185534564930162
3,2,609,29.169185941610245
3,2,610,29.18315195610904
3,2,611,29.23281546248974
3,2,612,29.31037378964595
3,2,613,29.392124331136873
3,2,614,29.46945914169882
3,2,615,29.547850172226998
3,2,616,29.626828079126483
3,2,617,29.703297890392943
3,2,618,29.780490615243817
3,2,619,29.865921051558747
3,2,620,29.97789186586934
3,2,621,30.1284727086988
3,2,622,30.321352295538297
3,2,623,30.552684454155187
3,2,624,30.79770346252349
3,2,625,31.015731458868363
3,2,626,31.179659806052374
3,2,627,31.276881397268323
3,2,628,31.300055352110824
3,2,629,31.257541226114324
3,2,630,31.16406964344926
3,2,631,31.035337010147696
3,2,632,30.89075889051004
3,2,633,30.751876630485928
3,2,634,30.627699911858098
3,2,635,30.528678142601873
3,2,636,30.471156352464476
3,2,637,30.458703542386534
3,2,638,30.48549825561726
3,2,639,30.54971369279283
3,2,640,30.63949544943486
3,2,641,30.721819476419032
3,2,642,30.768712498181856
3,2,643,30.766704198679495
3,2,644,30.71089490797194
3,2,645,30.608199203245775
3,2,646,30.477485183040017
3,2,647,30.34035770657193
3,2,648,30.21403720532433
3,2,649,30.108600570571706
3,2,650,30.027964098937044
3,2,651,29.976512487288833
3,2,652,29.95836367163379
3,2,653,29.97192495582444
3,2,654,30.009085459415225
3,2,655,30.062035513087967
3,2,656,30.12510487612035
3,2,657,30.19899923810987
3,2,658,30.28781787582537
3,2,659,30.395783102583295
3,2,660,30.51363919996053
3,2,661,30.619996431568797
3,2,662,30.683422498253105
3,2,663,30.678405342181044
3,2,664,30.59973608514391
3,2,665,30.47461291136684
3,2,666,30.341478853711397
3,2,667,30.229840921388863
3,2,668,30.153023194775724
3,2,669,30.113335255009638
3,2,670,30.098728193941227
3,2,671,30.094814676239654
3,2,672,30.092589180825208
3,2,673,30.089536770756233
3,2,674,30.074302502670587
3,2,675,30.024959548870857
3,2,676,29.917202801019542
3,2,677,29.745560487909348
3,2,678,29.524579828630863
3,2,679,29.2940326087044
3,2,680,29.1060713338874
3,2,681,29.00744773468813
3,2,682,29.018411268400985
3,2,683,29.126786400194604
3,2,684,29.283475971496607
3,2,685,29.429248618116777
3,2,686,29.51653955975265
3,2,687,29.518857697848876
3,2,688,29.43205556465586
3,2,689,29.27347392879603
3,2,690,29.067900725230785
3,2,691,28.844197321429274
3,2,692,28.637071563769442
3,2,693,28.481569447974035
3,2,694,28.406824014665347
3,2,695,28.43101225213725
3,2,696,28.558380597442056
3,2,697,28.777113696567643
3,2,698,29.06394184711552
3,2,699,29.390161552327168
3,2,700,29.72596454024641
3,2,701,30.041947639295547
3,2,702,30.30651136947286
3,2,703,30.49137117679786
3,2,704,30.58866235041154
3,2,705,30.612946303884247
3,2,706,30.585108884851135
3,2,707,30.530944803287618
3,2,708,30.48073639326024
3,2,709,30.45360014405956
3,2,710,30.449020816994878
3,2,711,30.47000144299532
3,2,712,30.518345587712627
3,2,713,30.58556209419753
3,2,714,30.649992758179998
3,2,715,30.687944052160432
3,2,716,30.669955993228516
3,2,717,30.584807669092953
3,2,718,30.435972484436775
3,2,719,30.242467952780505
3,2,720,30.033335933448722
3,2,721,29.838092811817305
3,2,722,29.66208793723751
3,2,723,29.504123738970378
3,2,724,29.36609716200318
3,2,725,29.258270599024954
3,2,726,29.184656068331204
3,2,727,29.141621268205267
3,2,728,29.121140066805705
3,2,729,29.105685236513356
3,2,730,29.06740864358246
3,2,731,28.988178646668153
3,2,732,28.872976424493988
3,2,733,28.733413913099564
3,2,734,28.59935299522062
3,2,735,28.493414141130653
3,2,736,28.436415071095897
3,2,737,28.440193414076266
3,2,738,28.51168832465326
3,2,739,28.629430470169282
3,2,740,28.778239507462875
3,2,741,28.942912081213233
3,2,742,29.106887057027482
3,2,743,29.261418732439488
3,2,744,29.415117609975713
3,2,745,29.5726836193117
3,2,746,29.727228107118833
3,2,747,29.867110251008395
3,2,748,29.973416855715847
3,2,749,30.03589851675271
3,2,750,30.05287895564027
3,2,751,30.020685169266134
3,2,752,29.94320778879041
3,2,753,29.83647667906092
3,2,754,29.703592740968723
3,2,755,29.539788019479232
3,2,756,29.36221778675067
3,2,757,29.194461066690867
3,2,758,29.04268603624819
3,2,759,28.90551993023436
3,2,760,28.785819641436778
3,2,761,28.665943834035943
3,2,762,28.514936546971644
3,2,763,28.31880718539823
3,2,764,28.094625127805354
3,2,765,27.8678531680534
3,2,766,27.68030413008008
3,2,767,27.58939972030373
3,2,768,27.633168447745653
3,2,769,27.79342319475492
3,2,770,28.014323946136678
3,2,771,28.227269802859144
3,2,772,28.38424852636072
3,2,773,28.434457840429634
3,2,774,28.361401356860455
3,2,775,28.191458336382098
3,2,776,27.97205840570048
3,2,777,27.754941962636085
3,2,778,27.590846632300302
3,2,779,27.52777108088898
3,2,780,27.585303698580322
3,2,781,27.739056673541747
3,2,782,27.95553558784828
3,2,783,28.199516809348342
3,2,784,28.41879935388273
3,2,785,28.577570751658087
3,2,786,28.694213135848976
3,2,787,28.801730911154415
3,2,788,28.920166728605714
3,2,789,29.060003870645545
3,2,790,29.215106497595855
3,2,791,29.34807519317316
3,2,792,29.423354085902574
3,2,793,29.43647875599846
3,2,794,29.409437013366237
3,2,795,29.374696738058198
3,2,796,29.363722721193636
3,2,797,29.40083864616602
3,2,798,29.49046176986976
3,2,799,29.61784080899463
3,2,800,29.76018341954915
3,2,801,29.90095485760962
3,2,802,30.018846774377927
3,2,803,30.09668775230452
3,2,804,30.124751624981673
3,2,805,30.09939126587311
3,2,806,30.030273900927646
3,2,807,29.939510412682726
3,2,808,29.83743299972686
3,2,809,29.73494476073049
3,2,810,29.654280205533357
3,2,811,29.602643591213212
3,2,812,29.581536909586777
3,2,813,29.595057388662987
3,2,814,29.63074806280453
3,2,815,29.65850895160626
3,2,816,29.657871914819264
3,2,817,29.625564054094305
3,2,818,29.564372717064092
3,2,819,29.492959783059682
3,2,820,29.43911890704769
3,2,821,29.419395251399603
3,2,822,29.44335694629153
3,2,823,29.516733221069654
3,2,824,29.629579143838395
3,2,825,29.752512134362515
3,2,826,29.84764109082647
3,2,827,29.880934934225323
3,2,828,29.83567729806075
3,2,829,29.72843259713163
3,2,830,29.62417562647091
3,2,831,29.58653278957374
3,2,832,29.636018480043443
3,2,833,29.7547876984628
3,2,834,29.90571217575603
3,2,835,30.02519340471154
3,2,836,30.069793670901827
3,2,837,30.05826476086222
3,2,838,30.044594704303446
3,2,839,30.06548813880911
3,2,840,30.13361632928305
3,2,841,30.244119669066237
3,2,842,30.360190466834133
3,2,843,30.428061921900845
3,2,844,30.411363374394593
3,2,845,30.297630979988433
3,2,846,30.07873841363166
3,2,847,29.766965970040598
3,2,848,29.41339747404318
3,2,849,29.091384237765272
3,2,850,28.86691073973129
3,2,851,28.779842230800206
3,2,852,28.832992892907843
3,2,853,29.00212009969187
3,2,854,29.214601144930565
3,2,855,29.397732676398913
3,2,856,29.525441714591828
3,2,857,29.609443292359714
3,2,858,29.65175643060888
3,2,859,29.669750977274536
3,2,860,29.679361881674577
3,2,861,29.67317323920773
3,2,862,29.636869886886164
3,2,863,29.58212200111329
3,2,864,29.525614590205063
3,2,865,29.48705580732036
3,2,866,29.475034890461238
3,2,867,29.475741649608096
3,2,868,29.466571034088624
3,2,869,29.439152122383792
3,2,870,29.403591586484524
3,2,871,29.388761880180407
3,2,872,29.433846202675944
3,2,873,29.57298529586364
3,2,874,29.810892987102115
3,2,875,30.106663023530494
3,2,876,30.40037798447933
3,2,877,30.64718154181316
3,2,878,30.815199445944216
3,2,879,30.89155504191758
3,2,880,30.893287980221732
3,2,881,30.85512612282564
3,2,882,30.813678379519256
3,2,883,30.808234622538002
3,2,884,30.866829539230086
3,2,885,31.009652329742973
3,2,886,31.230533891222894
3,2,887,31.479771561429626
3,2,888,31.68683806406198
3,2,889,31.79530967611505
3,2,890,31.75550050866804
3,2,891,31.554623440504226
3,2,892,31.234071209536946
3,2,893,30.85206814703167
3,2,894,30.46450062984547
3,2,895,30.122829199482158
3,2,896,29.83854218556234
3,2,897,29.57890056010757
3,2,898,29.313823779534903
3,2,899,29.02837327582755
3,2,900,28.733812051724836
3,2,901,28.475279228023332
3,2,902,28.316175555790615
3,2,903,28.31266942377291
3,2,904,28.477921707471694
3,2,905,28.759687063104927
3,2,906,29.09439659354721
3,2,907,29.42140700678062
3,2,908,29.659103785553665
3,2,909,29.739093306205678
3,2,910,29.644131041668505
3,2,911,29.392707469494145
3,2,912,29.0256064452865
3,2,913,28.607583256997064
3,2,914,28.213153603034556
3,2,915,27.909152568525013
3,2,916,27.72935877420781
3,2,917,27.70478784573318
3,2,918,27.853633015269107
3,2,919,28.163637098063035
3,2,920,28.58148908439203
3,2,921,29.032397873241468
3,2,922,29.442780034596552
3,2,923,29.763875414331352
3,2,924,29.959472362797726
3,2,925,30.020218835544497
3,2,926,29.984811044199446
3,2,927,29.907115746213815
3,2,928,29.823109645587586
3,2,929,29.75201203558669
3,2,930,29.689160631046647
3,2,931,29.5980201028662
3,2,932,29.453223393907894
3,2,933,29.274098441650654
3,2,934,29.10765741230577
3,2,935,29.000904398703195
3,2,936,28.97843236432451
3,2,937,29.032504302940975
3,2,938,29.11863956804397
3,2,939,29.170935620194687
3,2,940,29.139887307236844
3,2,941,29.03582769966184
3,2,942,28.91924792664304
3,2,943,28.849888994099345
3,2,944,28.85994115386261
3,2,945,28.958173941253133
3,2,946,29.115135719923
3,2,947,29.265527298367395
3,2,948,29.36430812858822
3,2,949,29.421698171369265
3,2,950,29.465104143082094
3,2,951,29.510894804005275
3,2,952,29.57300101975882
3,2,953,29.649271826972015
3,2,954,29.70984854619318
3,2,955,29.73372814199634
3,2,956,29.721698922703112
3,2,957,29.685978350440383
3,2,958,29.64963515112283
3,2,959,29.63175039338809
3,2,960,29.625950170087368
3,2,961,29.62443669972692
3,2,962,29.62129918885774
3,2,963,29.61503188496494
3,2,964,29.614903740463223
3,2,965,29.637816614887072
3,2,966,29.681840434808322
3,2,967,29.74116937000052
3,2,968,29.801087094650615
3,2,969,29.832346007939584
3,2,970,29.81168378968331
3,2,971,29.74717272950712
3,2,972,29.641912805096954
3,2,973,29.499712819497514
3,2,974,29.337756398402227
3,2,975,29.163653889100825
3,2,976,28.967123347523763
3,2,977,28.76948930718724
3,2,978,28.621026993170656
3,2,979,28.546537369307607
3,2,980,28.551462301573984
3,2,981,28.661144957042765
3,2,982,28.86106747087359
3,2,983,29.07707864429048
3,2,984,29.250619225809437
3,2,985,29.41569192232119
3,2,986,29.5216252202148
3,2,987,29.572281415810075
3,2,988,29.59812398918292
3,2,989,29.64353779497162
3,2,990,29.760592510741116
3,2,991,29.99284965261008
3,2,992,30.220755845264158
3,2,993,30.37520542763351
3,2,994,30.426014346525612
3,2,995,30.37024836948542
3,2,996,30.237707725876145
3,2,997,30.043980200469772
3,2,998,29.81793878915795
3,2,999,29.59012831607464
3,2,1000,29.39179363673283
3,2,1001,29.242053039557547
3,2,1002,29.17682816428524
3,2,1003,29.214813116105987
3,2,1004,29.36512369362089
3,2,1005,29.603078286074915
3,2,1006,29.890871637021416
3,2,1007,30.189398347321433
3,2,1008,30.462640734199002
3,2,1009,30.68987726801336
3,2,1010,30.848921423825637
3,2,1011,30.93108471281329
3,2,1012,30.93229927630917
3,2,1013,30.86165137045808
3,2,1014,30.72638025360274
3,2,1015,30.5448742264205
3,2,1016,30.337398149171833
3,2,1017,30.138800739383445
3,2,1018,29.97865507858936
3,2,1019,29.8768399739241
3,2,1020,29.843853708737083
3,2,1021,29.890484231978252
3,2,1022,30.00301942386283
3,2,1023,30.15427473113055
3,2,1024,30.32643732528188
3,2,1025,30.505769917584903
3,2,1026,30.65373029854275
3,2,1027,30.73029884720004
3,2,1028,30.711913316050175
3,2,1029,30.582773925634996
3,2,1030,30.347516105218418
3,2,1031,30.060105829323057
3,2,1032,29.798397981865957
3,2,1033,29.61514336003891
3,2,1034,29.532570874488925
3,2,1035,29.55264549837057
3,2,1036,29.645705037580736
3,2,1037,29.75846914980831
3,2,1038,29.865047159136104
3,2,1039,29.96311381064608
3,2,1040,30.046060823357717
3,2,1041,30.104153220838953
3,2,1042,30.137129971248815
3,2,1043,30.12833780641889
3,2,1044,30.06349601845491
3,2,1045,29.9580826087577
3,2,1046,29.856336846585616
3,2,1047,29.79832961746665
3,2,1048,29.817765503405155
3,2,1049,29.930014346972282
3,2,1050,30.107582592604405
3,2,1051,30.290063911656564
3,2,1052,30.427118018885064
3,2,1053,30.487232860025646
3,2,1054,30.46523768554562
3,2,1055,30.37704724227992
3,2,1056,30.244568921787664
3,2,1057,30.085602053600784
3,2,1058,29.920288557660847
3,2,1059,29.76576236959293
3,2,1060,29.646773869563276
3,2,1061,29.597488202806403
3,2,1062,29.640882320920408
3,2,1063,29.76897054081682
3,2,1064,29.94534128989987
3,2,1065,30.122653030167402
3,2,1066,30.25331401799988
3,2,1067,30.308380124309767
3,2,1068,30.284531164587115
3,2,1069,30.199289316978568
3,2,1070,30.081159076740935
3,2,1071,29.96137766680902
3,2,1072,29.863697842152273
3,2,1073,29.805495302360548
3,2,1074,29.793317133808994
3,2,1075,29.813315622405526
3,2,1076,29.843446896041872
3,2,1077,29.86607181422997
3,2,1078,29.866558336129366
3,2,1079,29.833449536512145
3,2,1080,29.77121813112813
3,2,1081,29.69604707791248
3,2,1082,29.616312709783198
3,2,1083,29.544292052704137
3,2,1084,29.502351705856665
3,2,1085,29.50615276257641
3,2,1086,29.54776543336751
3,2,1087,29.612657799197237
3,2,1088,29.672941139669412
3,2,1089,29.697767640146136
3,2,1090,29.670935247443136
3,2,1091,29.599723331302396
3,2,1092,29.49897829311443
3,2,1093,29.386297806897268
3,2,1094,29.274926622523946
3,2,1095,29.169697203091967
3,2,1096,29.066286086317525
3,2,1097,28.962557565390764
3,2,1098,28.86483019792037
3,2,1099,28.776502954535207
3,2,1100,28.69627860531301
3,2,1101,28.627385242725165
3,2,1102,28.576819141861076
3,2,1103,28.540624931422578
4,3,0,21.203991368611057
4,3,1,21.208492026591593
4,3,2,21.217468449973808
4,3,3,21.23113621994503
4,3,4,21.24741683380767
4,3,5,21.265074277726725
4,3,6,21.28364253595441
4,3,7,21.30046397080388
4,3,8,21.312973513688483
4,3,9,21.32127683545684
4,3,10,21.324546216683054
4,3,11,21.32226868986388
4,3,12,21.316525605489012
4,3,13,21.31338940094528
4,3,14,21.316936699353665
4,3,15,21.3291616122406
4,3,16,21.34786507572801
4,3,17,21.369530083720747
4,3,18,21.388715098676006
4,3,19,21.401320942046322
4,3,20,21.40527961387214
4,3,21,21.403020649131594
4,3,22,21.397869650148248
4,3,23,21.392491354571433
4,3,24,21.389024569130566
4,3,25,21.389613546826393
4,3,26,21.394347293037235
4,3,27,21.40181989126623
4,3,28,21.41130949505175
4,3,29,21.422428535177406
4,3,30,21.433319496641197
4,3,31,21.44104442219642
4,3,32,21.443702635446268
4,3,33,21.44029019316057
4,3,34,21.430738119896986
4,3,35,21.417486846718273
4,3,36,21.404788042699494
4,3,37,21.39631396948485
4,3,38,21.393873845601075
4,3,39,21.397996326462742
4,3,40,21.407024895084742
4,3,41,21.418943714665943
4,3,42,21.431840414523595
4,3,43,21.443781374867974
4,3,44,21.450927045532485
4,3,45,21.450915908916432
4,3,46,21.442659934310235
4,3,47,21.42660669362996
4,3,48,21.404560735145502
4,3,49,21.382390244380176
4,3,50,21.364984397608954
4,3,51,21.354339761005484
4,3,52,21.349905298506417
4,3,53,21.35124849369691
4,3,54,21.35612637868101
4,3,55,21.362450520678916
4,3,56,21.369054125479106
4,3,57,21.37456694591306
4,3,58,21.376333559330845
4,3,59,21.37198147454923
4,3,60,21.360119520455573
4,3,61,21.340840775678323
4,3,62,21.316455744084482
4,3,63,21.290629847099943
4,3,64,21.267480061361148
4,3,65,21.250288177690457
4,3,66,21.240664321380585
4,3,67,21.23795216417863
4,3,68,21.24035827920002
4,3,69,21.245476904539842
4,3,70,21.251265760526163
4,3,71,21.256381157231797
4,3,72,21.261795274542227
4,3,73,21.26908256641418
4,3,74,21.278655361051218
4,3,75,21.288818637467745
4,3,76,21.297575920843634
4,3,77,21.30234042682472
4,3,78,21.301432828509494
4,3,79,21.294692457823416
4,3,80,21.28417831640841
4,3,81,21.27241246105438
4,3,82,21.26190687119595
4,3,83,21.25476053879506
4,3,84,21.253372249920545
4,3,85,21.259202114358615
4,3,86,21.272838029458246
4,3,87,21.29337109630386
4,3,88,21.318108925649565
4,3,89,21.342080845347976
4,3,90,21.360202519095886
4,3,91,21.3689084227461
4,3,92,21.36695679125374
4,3,93,21.35633978085381
4,3,94,21.341578237824255
4,3,95,21.328833123290988
4,3,96,21.323775767473343
4,3,97,21.330514146000425
4,3,98,21.34864800805093
4,3,99,21.37625476349386
4,3,100,21.410199537192806
4,3,101,21.44490976094983
4,3,102,21.47412334414175
4,3,103,21.495279765499514
4,3,104,21.50549865819439
4,3,105,21.502057928657024
4,3,106,21.486717906304566
4,3,107,21.462819989937966
4,3,108,21.432681473789735
4,3,109,21.40237846727888
4,3,110,21.37797484190364
4,3,111,21.361857135217246
4,3,112,21.354643143864354
4,3,113,21.355875360607858
4,3,114,21.360638980487032
4,3,115,21.36295637780298
4,3,116,21.357746810658636
4,3,117,21.343965410320237
4,3,118,21.32237981317943
4,3,119,21.29659541751122
4,3,120,21.27319592627421
4,3,121,21.260392271818198
4,3,122,21.26061895179038
4,3,123,21.273348649354695
4,3,124,21.296011261260585
4,3,125,21.323379469075842
4,3,126,21.3475690362205
4,3,127,21.36381818694622
4,3,128,21.372122105950908
4,3,129,21.373865103731973
4,3,130,21.371311598830506
4,3,131,21.368863396419417
4,3,132,21.37144138219797
4,3,133,21.38024498880418
4,3,134,21.394052044359587
4,3,135,21.41066722654397
4,3,136,21.427927131214005
4,3,137,21.44346288605892
4,3,138,21.455504279348677
4,3,139,21.46294102584841
4,3,140,21.4649565417185
4,3,141,21.461375766796728
4,3,142,21.452163524826098
4,3,143,21.437403534470842
4,3,144,21.419338060287483
4,3,145,21.40117148329122
4,3,146,21.38300429401573
4,3,147,21.36357058784603
4,3,148,21.342594873442394
4,3,149,21.320646403167316
4,3,150,21.298395541816355
4,3,151,21.278939315460438
4,3,152,21.26701403448885
4,3,153,21.265988784928574
4,3,154,21.275054071263146
4,3,155,21.2921450156228
4,3,156,21.313781413119635
4,3,157,21.33525457151706
4,3,158,21.35271138780566
4,3,159,21.366354327005308
4,3,160,21.378228308741285
4,3,161,21.390896529330433
4,3,162,21.40677585607471
4,3,163,21.427498724861895
4,3,164,21.45071330360136
4,3,165,21.472853252209976
4,3,166,21.49068365605625
4,3,167,21.500198450998536
4,3,168,21.49862590761957
4,3,169,21.488006991375133
4,3,170,21.469888547942002
4,3,171,21.44614808438235
4,3,172,21.42076102230258
4,3,173,21.396401957951586
4,3,174,21.372014014141385
4,3,175,21.346512464669665
4,3,176,21.317738740560177
4,3,177,21.28623571038743
4,3,178,21.255052313666294
4,3,179,21.22861491512689
4,3,180,21.21264601701344
4,3,181,21.213429776290557
4,3,182,21.229043679334907
4,3,183,21.25363659235989
4,3,184,21.280779077065503
4,3,185,21.30361892935328
4,3,186,21.31583198206666
4,3,187,21.317622239228147
4,3,188,21.312458332128852
4,3,189,21.304379002929245
4,3,190,21.296276770536757
4,3,191,21.29037823624924
4,3,192,21.286964601201003
4,3,193,21.28435669130881
4,3,194,21.27989988143178
4,3,195,21.27276401754449
4,3,196,21.264096046879846
4,3,197,21.25567074441477
4,3,198,21.24953017226841
4,3,199,21.248658881234725
4,3,200,21.25488183109514
4,3,201,21.267630427978983
4,3,202,21.284652908001252
4,3,203,21.303839800056654
4,3,204,21.322803008443884
4,3,205,21.338901116258643
4,3,206,21.34915816701468
4,3,207,21.352032986074484
4,3,208,21.34718426503701
4,3,209,21.335708924008642
4,3,210,21.32048890652567
4,3,211,21.30625675349996
4,3,212,21.299289746134978
4,3,213,21.30309001361939
4,3,214,21.317668227070055
4,3,215,21.3403873517847
4,3,216,21.367024104660477
4,3,217,21.389239637173116
4,3,218,21.403285582802365
4,3,219,21.410139808155147
4,3,220,21.41316650209992
4,3,221,21.416272610797797
4,3,222,21.4250714861907
4,3,223,21.44048298741775
4,3,224,21.459190704747577
4,3,225,21.478442477569867
4,3,226,21.495267082819215
4,3,227,21.507030391267463
4,3,228,21.513381440924714
4,3,229,21.515943312946096
4,3,230,21.513676296111772
4,3,231,21.507636016294736
4,3,232,21.499963214381435
4,3,233,21.49301348204524
4,3,234,21.48880721014004
4,3,235,21.488976201797367
4,3,236,21.49233965949754
4,3,237,21.49647080379698
4,3,238,21.49820107063199
4,3,239,21.495166763864233
4,3,240,21.48787168994951
4,3,241,21.477419006205533
4,3,242,21.465697628278118
4,3,243,21.45578523857224
4,3,244,21.44904562717299
4,3,245,21.44412744182098
4,3,246,21.440190572091087
4,3,247,21.4358754113023
4,3,248,21.4292059296303
4,3,249,21.42055574534359
4,3,250,21.41201187070982
4,3,251,21.4053461946798
4,3,252,21.402539876032762
4,3,253,21.404659016776538
4,3,254,21.409891819706232
4,3,255,21.41529068654103
4,3,256,21.418936899488216
4,3,257,21.419135121684945
4,3,258,21.41175579124528
4,3,259,21.38456661650279
4,3,260,21.316743962883486
4,3,261,21.192011782666675
4,3,262,21.01005456259408
4,3,263,20.785177980919414
4,3,264,20.55114133392906
4,3,265,20.360660771338125
4,3,266,20.256768722950454
4,3,267,20.251905023137024
4,3,268,20.337994835241357
4,3,269,20.49830940293153
4,3,270,20.709458327298524
4,3,271,20.928403240850823
4,3,272,21.10407489460414
4,3,273,21.2033254149501
4,3,274,21.205152324082054
4,3,275,21.101599307629343
4,3,276,20.930069039525204
4,3,277,20.764543026336888
4,3,278,20.660839609668233
4,3,279,20.63839264249275
4,3,280,20.681173265363384
4,3,281,20.740221797815966
4,3,282,20.763216976612306
4,3,283,20.73159286950275
4,3,284,20.66164898285101
4,3,285,20.597913259949163
4,3,286,20.582539718190528
4,3,287,20.629833864385336
4,3,288,20.73977358573231
4,3,289,20.896429787594712
4,3,290,21.07176444173187
4,3,291,21.24306578992283
4,3,292,21.398733106802748
4,3,293,21.537215809151462
4,3,294,21.66057161581749
4,3,295,21.76804994761732
4,3,296,21.850278239196914
4,3,297,21.895418452389432
4,3,298,21.88866065285699
4,3,299,21.82765270513491
4,3,300,21.72309336643027
4,3,301,21.596138073852096
4,3,302,21.47188393463827
4,3,303,21.375978022925473
4,3,304,21.324685143778787
4,3,305,21.325572462786653
4,3,306,21.379204724414244
4,3,307,21.47735270249574
4,3,308,21.59889598468181
4,3,309,21.718924494369286
4,3,310,21.81905968164015
4,3,311,21.88660422581773
4,3,312,21.912405168091354
4,3,313,21.90218411198908
4,3,314,21.873069607631056
4,3,315,21.840547790254078
4,3,316,21.81921344589272
4,3,317,21.82336123428259
4,3,318,21.855428966930216
4,3,319,21.904366282304448
4,3,320,21.960350745982883
4,3,321,22.014826037806344
4,3,322,22.055183678587948
4,3,323,22.07777829518506
4,3,324,22.089996784654833
4,3,325,22.093596557847345
4,3,326,22.08566210687831
4,3,327,22.07005498439429
4,3,328,22.047257771511457
4,3,329,22.012589601550566
4,3,330,21.966818546753228
4,3,331,21.920577253113038
4,3,332,21.88988969030692
4,3,333,21.89173998655156
4,3,334,21.935817695405014
4,3,335,22.01860884041223
4,3,336,22.11675679135902
4,3,337,22.194725356025224
4,3,338,22.222119128998056
4,3,339,22.18451938464969
4,3,340,22.08320255254966
4,3,341,21.94045969124144
4,3,342,21.788159245609595
4,3,343,21.655375159493826
4,3,344,21.564851221115575
4,3,345,21.534251025187256
4,3,346,21.564672583529642
4,3,347,21.64332598313331
4,3,348,21.74650390674684
4,3,349,21.84524159674364
4,3,350,21.912087759471106
4,3,351,21.931497000395954
4,3,352,21.89844915515085
4,3,353,21.81781278399073
4,3,354,21.70282666943044
4,3,355,21.57315643322567
4,3,356,21.45238859608236
4,3,357,21.363528501424256
4,3,358,21.32462696010924
4,3,359,21.33813956438926
4,3,360,21.3869912883206
4,3,361,21.441207403180137
4,3,362,21.474347381510484
4,3,363,21.468900036442356
4,3,364,21.42418591065734
4,3,365,21.35560683659812
4,3,366,21.286908009080246
4,3,367,21.237084857008885
4,3,368,21.21794670851607
4,3,369,21.233975091919653
4,3,370,21.283823655229085
4,3,371,21.358090911562307
4,3,372,21.43980377161144
4,3,373,21.50777598646268
4,3,374,21.536595586388614
4,3,375,21.502877770260998
4,3,376,21.393529749058832
4,3,377,21.21393811156565
4,3,378,20.98548586090137
4,3,379,20.74462538161808
4,3,380,20.52962232971163
4,3,381,20.37432894931559
4,3,382,20.297737296873613
4,3,383,20.2987741147072
4,3,384,20.35560858470522
4,3,385,20.4381464155284
4,3,386,20.519690413977067
4,3,387,20.582570201304804
4,3,388,20.621315954284544
4,3,389,20.642522420258402
4,3,390,20.660891575389456
4,3,391,20.68428948604497
4,3,392,20.71574560910277
4,3,393,20.759323627185225
4,3,394,20.820135724421533
4,3,395,20.901351469561455
4,3,396,21.00474721654429
4,3,397,21.12747418669608
4,3,398,21.261223533240496
4,3,399,21.39072279553597
4,3,400,21.49595142958941
4,3,401,21.56255893958954
4,3,402,21.58966252831287
4,3,403,21.59221506209078
4,3,404,21.593092819202134
4,3,405,21.613055943902474
4,3,406,21.665714816928386
4,3,407,21.75193673308559
4,3,408,21.848083676080268
4,3,409,21.928262908784625
4,3,410,21.982424596922375
4,3,411,22.011153781336343
4,3,412,22.01572753678468
4,3,413,22.011809005341405
4,3,414,22.01738050873084
4,3,415,22.04072839602123
4,3,416,22.087262374885885
4,3,417,22.167695155795922
4,3,418,22.27919039212628
4,3,419,22.402791759419483
4,3,420,22.518231547573762
4,3,421,22.61007342466755
4,3,422,22.660564484208642
4,3,423,22.666110806774586
4,3,424,22.642925620487862
4,3,425,22.60519121370357
4,3,426,22.548626071701477
4,3,427,22.471154981782014
4,3,428,22.374511397383742
4,3,429,22.255232440905917
4,3,430,22.1152976640502
4,3,431,21.972073639308192
4,3,432,21.844087672810385
4,3,433,21.73842802156049
4,3,434,21.65674592781652
4,3,435,21.595882381686174
4,3,436,21.55217176769576
4,3,437,21.51737974616141
4,3,438,21.485517842900382
4,3,439,21.451238552662105
4,3,440,21.411309626239177
4,3,441,21.356866689781114
4,3,442,21.281106530543255
4,3,443,21.175523945977048
4,3,444,21.047577465738666
4,3,445,20.91832144950591
4,3,446,20.80765699656733
4,3,447,20.727836579508697
4,3,448,20.69699480835373
4,3,449,20.709404324466277
4,3,450,20.736974131148603
4,3,451,20.754789771786744
4,3,452,20.75585936771142
4,3,453,20.73454977522848
4,3,454,20.69506096673189
4,3,455,20.65229372448655
4,3,456,20.627250541871017
4,3,457,20.627824706049086
4,3,458,20.6508578532886
4,3,459,20.697524603447725
4,3,460,20.76770604119841
4,3,461,20.85032123224627
4,3,462,20.935399897347946
4,3,463,21.01926703973204
4,3,464,21.093694671991056
4,3,465,21.154121038495845
4,3,466,21.201691842421443
4,3,467,21.241350402738217
4,3,468,21.284125853610373
4,3,469,21.336670968071264
4,3,470,21.39689115606071
4,3,471,21.461287057301924
4,3,472,21.519339548273244
4,3,473,21.548972925576404
4,3,474,21.53996754505105
4,3,475,21.491781555460175
4,3,476,21.40716883475003
4,3,477,21.295674321017433
4,3,478,21.179674679767196
4,3,479,21.073467337618062
4,3,480,20.986224186970038
4,3,481,20.925773442539533
4,3,482,20.896959152538006
4,3,483,20.894798807652656
4,3,484,20.916634674364676
4,3,485,20.95762539448496
4,3,486,21.007432781897332
4,3,487,21.053195960491433
4,3,488,21.081213900350264
4,3,489,21.08517862584482
4,3,490,21.067720183150687
4,3,491,21.03288077981613
4,3,492,20.990830244786448
4,3,493,20.957096342559304
4,3,494,20.93206233407431
4,3,495,20.908011212549482
4,3,496,20.889014369564283
4,3,497,20.88180134176626
4,3,498,20.889719133832244
4,3,499,20.91408436946401
4,3,500,20.953847828327625
4,3,501,21.000708332243267
4,3,502,21.039273712745405
4,3,503,21.058828050346406
4,3,504,21.067009410765145
4,3,505,21.074451852741777
4,3,506,21.08666765084124
4,3,507,21.11044495379949
4,3,508,21.146553511148774
4,3,509,21.181964279869298
4,3,510,21.212968598308017
4,3,511,21.246678148646204
4,3,512,21.28364161165683
4,3,513,21.32798607525644
4,3,514,21.38989306078954
4,3,515,21.46776792021667
4,3,516,21.539192013228753
4,3,517,21.584905829591406
4,3,518,21.588033595091602
4,3,519,21.538544609966127
4,3,520,21.438256186694826
4,3,521,21.311838791358614
4,3,522,21.192877519731947
4,3,523,21.109459817447995
4,3,524,21.069557192575648
4,3,525,21.07116298011449
4,3,526,21.102400353286452
4,3,527,21.145556643692416
4,3,528,21.184947579272094
4,3,529,21.215825458225652
4,3,530,21.22897927975355
4,3,531,21.22145196431245
4,3,532,21.195253823397948
4,3,533,21.147482621439043
4,3,534,21.07857639096557
4,3,535,21.0015014390309
4,3,536,20.92291686826214
4,3,537,20.84629986113785
4,3,538,20.7860248963534
4,3,539,20.751498350948875
4,3,540,20.739762644178366
4,3,541,20.74521617688545
4,3,542,20.757255983599403
4,3,543,20.764739086049484
4,3,544,20.76625968676967
4,3,545,20.766780405155664
4,3,546,20.769128767880726
4,3,547,20.775552596264706
4,3,548,20.783401667474635
4,3,549,20.784236160903536
4,3,550,20.77416116579448
4,3,551,20.756061814474638
4,3,552,20.740884768476082
4,3,553,20.74178603370663
4,3,554,20.765394382806203
4,3,555,20.80914594617424
4,3,556,20.86562296941961
4,3,557,20.919446672323858
4,3,558,20.949451767132697
4,3,559,20.944623323675906
4,3,560,20.902526096366607
4,3,561,20.82614826529477
4,3,562,20.72226342976523
4,3,563,20.608409221430563
4,3,564,20.50479246713336
4,3,565,20.43246698650544
4,3,566,20.41001945193863
4,3,567,20.448700939196183
4,3,568,20.54217157267537
4,3,569,20.66657200752864
4,3,570,20.794923559509357
4,3,571,20.89923299827183
4,3,572,20.952086950210678
4,3,573,20.932505578529316
4,3,574,20.83850495477863
4,3,575,20.67932845114619
4,3,576,20.481225072546938
4,3,577,20.285928711328093
4,3,578,20.142927013446563
4,3,579,20.089105475569358
4,3,580,20.13426121418058
4,3,581,20.252519740228195
4,3,582,20.399292397063697
4,3,583,20.525427083950465
4,3,584,20.58926977517155
4,3,585,20.57424097587915
4,3,586,20.49507679690007
4,3,587,20.379109344507338
4,3,588,20.257656947376674
4,3,589,20.16273928230774
4,3,590,20.114175362937925
4,3,591,20.11545054251941
4,3,592,20.15731199896191
4,3,593,20.221722335076894
4,3,594,20.28935011470782
4,3,595,20.349372253495808
4,3,596,20.398335896760067
4,3,597,20.444980231414565
4,3,598,20.50206948484596
4,3,599,20.57771366403962
4,3,600,20.668078718584237
4,3,601,20.765809890994856
4,3,602,20.854749024442484
4,3,603,20.916858779705045
4,3,604,20.93714040979255
4,3,605,20.91893332149114
4,3,606,20.87001163816482
4,3,607,20.807357541337716
4,3,608,20.752225740938492
4,3,609,20.728502592221755
4,3,610,20.742959335228274
4,3,611,20.797334144525305
4,3,612,20.88346295094845
4,3,613,20.991439529717823
4,3,614,21.102611975639483
4,3,615,21.203964068138642
4,3,616,21.284587870672272
4,3,617,21.33941439965768
4,3,618,21.366189987712684
4,3,619,21.376796995787597
4,3,620,21.388515778576515
4,3,621,21.416930618764738
4,3,622,21.47301918958932
4,3,623,21.559086529278936
4,3,624,21.665391090576176
4,3,625,21.77718059302092
4,3,626,21.87700536272245
4,3,627,21.947784167335854
4,3,628,21.98024909207801
4,3,629,21.974909716897564
4,3,630,21.931889298543737
4,3,631,21.859851985136537
4,3,632,21.778802250082954
4,3,633,21.70914921274818
4,3,634,21.657738725662462
4,3,635,21.631777579330194
4,3,636,21.634803277585778
4,3,637,21.655228770597066
4,3,638,21.677258026959244
4,3,639,21.698040184801926
4,3,640,21.71725967797056
4,3,641,21.728017230927282
4,3,642,21.72805787739556
4,3,643,21.712156680381113
4,3,644,21.672677366782438
4,3,645,21.604783058118493
4,3,646,21.513843069478973
4,3,647,21.41221613420327
4,3,648,21.322979564826213
4,3,649,21.261924672759775
4,3,650,21.23453583226652
4,3,651,21.244963140208675
4,3,652,21.286919532963793
4,3,653,21.344038414523908
4,3,654,21.40554108124857
4,3,655,21.46556915687201
4,3,656,21.511501702477208
4,3,657,21.541738510443455
4,3,658,21.56293751657549
4,3,659,21.582394618924734
4,3,660,21.60411190770095
4,3,661,21.63354216936855
4,3,662,21.665767274876448
4,3,663,21.692854514884733
4,3,664,21.707872465803607
4,3,665,21.71268336167462
4,3,666,21.712887818807285
4,3,667,21.714432074496315
4,3,668,21.716677363891595
4,3,669,21.716477998389312
4,3,670,21.707168210720575
4,3,671,21.6816974580035
4,3,672,21.639957474466225
4,3,673,21.59370547287744
4,3,674,21.547756361398488
4,3,675,21.498006818734094
4,3,676,21.436176933673412
4,3,677,21.35894700781259
4,3,678,21.26106249367314
4,3,679,21.156904407748723
4,3,680,21.073359834375562
4,3,681,21.039699232904027
4,3,682,21.062341111899705
4,3,683,21.133931396327913
4,3,684,21.22885383919001
4,3,685,21.317418431610655
4,3,686,21.37099802494511
4,3,687,21.383250365322052
4,3,688,21.35747532389668
4,3,689,21.302121139949513
4,3,690,21.22680166772985
4,3,691,21.140533316417123
4,3,692,21.048492258008082
4,3,693,20.964163240193567
4,3,694,20.903043268871176
4,3,695,20.87402245871221
4,3,696,20.88840061205267
4,3,697,20.955770835824275
4,3,698,21.07016987332036
4,3,699,21.21929914868814
4,3,700,21.394235880498417
4,3,701,21.577993981752147
4,3,702,21.74433473372316
4,3,703,21.87355222753117
4,3,704,21.95306894437214
4,3,705,21.973871000210696
4,3,706,21.940188917802686
4,3,707,21.87204712679673
4,3,708,21.79319085533305
4,3,709,21.728544324937676
4,3,710,21.703079406787776
4,3,711,21.727105609282507
4,3,712,21.788644348587994
4,3,713,21.863634966730714
4,3,714,21.929417575549788
4,3,715,21.964109242234237
4,3,716,21.95947096421237
4,3,717,21.925068232060383
4,3,718,21.887761214517734
4,3,719,21.860463017302305
4,3,720,21.842854399690623
4,3,721,21.8208519463616
4,3,722,21.784213837337138
4,3,723,21.71521260656019
4,3,724,21.615502356111232
4,3,725,21.50906438303463
4,3,726,21.425224763326057
4,3,727,21.375584490989027
4,3,728,21.364131464836237
4,3,729,21.376757911433423
4,3,730,21.378797008061067
4,3,731,21.347773833618504
4,3,732,21.28347166592253
4,3,733,21.20426153365882
4,3,734,21.144687911699037
4,3,735,21.143690017018894
4,3,736,21.21113339221752
4,3,737,21.325418113225687
4,3,738,21.447284335073793
4,3,739,21.535867550305692
4,3,740,21.560955474100773
4,3,741,21.5179362451404
4,3,742,21.430426398625453
4,3,743,21.32933554624348
4,3,744,21.23968092766624
4,3,745,21.179261945565546
4,3,746,21.155632223433717
4,3,747,21.168633856714987
4,3,748,21.212211695582635
4,3,749,21.270505355987922
4,3,750,21.322387532297554
4,3,751,21.356682599961225
4,3,752,21.366983147837722
4,3,753,21.355444256733783
4,3,754,21.32934060974879
4,3,755,21.29780007404214
4,3,756,21.257500907711012
4,3,757,21.201237440475072
4,3,758,21.121893365086446
4,3,759,21.02082589109363
4,3,760,20.902963659133867
4,3,761,20.782407259688817
4,3,762,20.675427602070716
4,3,763,20.587879610720893
4,3,764,20.527293228751095
4,3,765,20.50270045903932
4,3,766,20.516314740448035
4,3,767,20.565786822178435
4,3,768,20.649521907381327
4,3,769,20.745963067444926
4,3,770,20.82604229985763
4,3,771,20.869015275168945
4,3,772,20.86616669931528
4,3,773,20.821103544002455
4,3,774,20.747924359633235
4,3,775,20.668633986011933
4,3,776,20.598974577077048
4,3,777,20.54825520659442
4,3,778,20.5238414293236
4,3,779,20.538639145863154
4,3,780,20.59579084432234
4,3,781,20.69017118165081
4,3,782,20.808122006215843
4,3,783,20.934160510343986
4,3,784,21.048947261317846
4,3,785,21.139105143199362
4,3,786,21.2052933819255
4,3,787,21.264402591459074
4,3,788,21.32817882405114
4,3,789,21.39173331614953
4,3,790,21.44742153332178
4,3,791,21.489367095583578
4,3,792,21.50688431725321
4,3,793,21.494779360827415
4,3,794,21.475264188466138
4,3,795,21.470225958842455
4,3,796,21.48518955871242
4,3,797,21.512217550678383
4,3,798,21.543370670579925
4,3,799,21.56374134290906
4,3,800,21.561750946948873
4,3,801,21.53950482018026
4,3,802,21.519165860716246
4,3,803,21.52034385178525
4,3,804,21.54465579456841
4,3,805,21.585804991273623
4,3,806,21.63189675905629
4,3,807,21.664912837772444
4,3,808,21.66444203810895
4,3,809,21.62541479079176
4,3,810,21.557346292257623
4,3,811,21.483796919545114
4,3,812,21.42447167889901
4,3,813,21.404102253789922
4,3,814,21.43281056882262
4,3,815,21.50164819857534
4,3,816,21.58468193636752
4,3,817,21.658741635351948
4,3,818,21.698600979070367
4,3,819,21.695135499230883
4,3,820,21.657841422127746
4,3,821,21.60633615815984
4,3,822,21.563591267987714
4,3,823,21.546287682122042
4,3,824,21.558044963772304
4,3,825,21.58772983915116
4,3,826,21.612747561983856
4,3,827,21.607425167050494
4,3,828,21.559731943148392
4,3,829,21.476439155988444
4,3,830,21.380285866881636
4,3,831,21.299728360751093
4,3,832,21.25121930117591
4,3,833,21.23453480396
4,3,834,21.238904501061963
4,3,835,21.24588817312357
4,3,836,21.236782311978573
4,3,837,21.215757727761087
4,3,838,21.20200774276322
4,3,839,21.205920384351746
4,3,840,21.22369007309436
4,3,841,21.248304411225206
4,3,842,21.263229967563724
4,3,843,21.246062503912498
4,3,844,21.18180860593603
4,3,845,21.07109064132645
4,3,846,20.92255132549303
4,3,847,20.75346793852038
4,3,848,20.592852764328374
4,3,849,20.47798587536157
4,3,850,20.441421430076833
4,3,851,20.50303139071867
4,3,852,20.64831481574684
4,3,853,20.842181455564088
4,3,854,21.040141363205365
4,3,855,21.20368390082078
4,3,856,21.3083170151588
4,3,857,21.362930382636968
4,3,858,21.38779031935583
4,3,859,21.40541800477082
4,3,860,21.432340744754303
4,3,861,21.467986745774727
4,3,862,21.50150306450606
4,3,863,21.52085460250296
4,3,864,21.518578118637237
4,3,865,21.48548375878116
4,3,866,21.428343117085575
4,3,867,21.35842623566348
4,3,868,21.288339307785073
4,3,869,21.227361071483138
4,3,870,21.190107937969163
4,3,871,21.18103873316635
4,3,872,21.20089862441859
4,3,873,21.254603839600566
4,3,874,21.33933963342592
4,3,875,21.435514765056187
4,3,876,21.5267149937155
4,3,877,21.60189865009439
4,3,878,21.64861184217281
4,3,879,21.665595222847912
4,3,880,21.66986974970127
4,3,881,21.679484788598135
4,3,882,21.706085034241966
4,3,883,21.75761149544911
4,3,884,21.828848903847472
4,3,885,21.90278982571258
4,3,886,21.961225835849373
4,3,887,21.984352014573712
4,3,888,21.949338985487273
4,3,889,21.85062570855921
4,3,890,21.696802420977004
4,3,891,21.50257619166135
4,3,892,21.2990350542132
4,3,893,21.125687722863734
4,3,894,21.005504855645306
4,3,895,20.944467222359183
4,3,896,20.930330153393548
4,3,897,20.926520280423293
4,3,898,20.892149962818596
4,3,899,20.808605127817067
4,3,900,20.677658772547023
4,3,901,20.51984027451971
4,3,902,20.37428823782536
4,3,903,20.286637120372294
4,3,904,20.284185421515684
4,3,905,20.376688638141534
4,3,906,20.55431398716176
4,3,907,20.78041468588693
4,3,908,21.00124043488267
4,3,909,21.166655008691418
4,3,910,21.239260071082267
4,3,911,21.20003942675214
4,3,912,21.063544180547265
4,3,913,20.870190974764043
4,3,914,20.67357481914489
4,3,915,20.52337170113948
4,3,916,20.462871402501094
4,3,917,20.50808138014532
4,3,918,20.646246936372833
4,3,919,20.84313159559577
4,3,920,21.06125289576138
4,3,921,21.260031557332535
4,3,922,21.41350192106717
4,3,923,21.514028588078908
4,3,924,21.564855188909853
4,3,925,21.568248965992193
4,3,926,21.531729349346136
4,3,927,21.467904078188553
4,3,928,21.390239520601366
4,3,929,21.309949921554534
4,3,930,21.23578259526763
4,3,931,21.1727110588761
4,3,932,21.130027261884173
4,3,933,21.117955973830664
4,3,934,21.153662125184844
4,3,935,21.25101123554304
4,3,936,21.4110045904044
4,3,937,21.604054480270875
4,3,938,21.789938259858978
4,3,939,21.91456912607018
4,3,940,21.94599046261086
4,3,941,21.883067647446822
4,3,942,21.76121347763539
4,3,943,21.61868011500505
4,3,944,21.494425871442097
4,3,945,21.401526119016143
4,3,946,21.336563149824848
4,3,947,21.273921589496272
4,3,948,21.19841021818337
4,3,949,21.11496695808298
4,3,950,21.045554578489625
4,3,951,21.005623394262237
4,3,952,21.01655552496378
4,3,953,21.08420593152078
4,3,954,21.191586659760052
4,3,955,21.307428187470432
4,3,956,21.410165474696402
4,3,957,21.479291381335525
4,3,958,21.506120652950578
4,3,959,21.49459285375176
4,3,960,21.46245240812525
4,3,961,21.42194097026544
4,3,962,21.37930225527019
4,3,963,21.3379148221966
4,3,964,21.297829386767102
4,3,965,21.25376397836555
4,3,966,21.202495186699732
4,3,967,21.149945523749036
4,3,968,21.10146945863004
4,3,969,21.05436494730602
4,3,970,21.00313422800788
4,3,971,20.94976916842711
4,3,972,20.890461870078113
4,3,973,20.81807898178907
4,3,974,20.74249764655229
4,3,975,20.68263840262054
4,3,976,20.64121513162569
4,3,977,20.623014009896014
4,3,978,20.642207733590563
4,3,979,20.69701082022952
4,3,980,20.758019222249093
4,3,981,20.802369798490464
4,3,982,20.81554007695028
4,3,983,20.78443516772603
4,3,984,20.70600921660296
4,3,985,20.603913768128255
4,3,986,20.498291062304684
4,3,987,20.402467338667083
4,3,988,20.32599339605161
4,3,989,20.288110295636645
4,3,990,20.306141645932147
4,3,991,20.386828639391105
4,3,992,20.50409254597186
4,3,993,20.62331936334194
4,3,994,20.710201694606994
4,3,995,20.734632068889155
4,3,996,20.691553363548138
4,3,997,20.608672925771838
4,3,998,20.526584266117247
4,3,999,20.48452411402442
4,3,1000,20.516243191525657
4,3,1001,20.622416728395017
4,3,1002,20.77611933550399
4,3,1003,20.9537221234042
4,3,1004,21.139973155355396
4,3,1005,21.321914873081752
4,3,1006,21.493554399471062
4,3,1007,21.65343861691401
4,3,1008,21.79068697136133
4,3,1009,21.893106223396853
4,3,1010,21.951235597124178
4,3,1011,21.958339355535234
4,3,1012,21.912252282307172
4,3,1013,21.8265673191271
4,3,1014,21.71656291575958
4,3,1015,21.59610802491613
4,3,1016,21.48514511498037
4,3,1017,21.406807639116025
4,3,1018,21.367271497102596
4,3,1019,21.363769229855887
4,3,1020,21.394810914940376
4,3,1021,21.456245498392104
4,3,1022,21.53582260239135
4,3,1023,21.623396669346658
4,3,1024,21.71639412287821
4,3,1025,21.80699872173236
4,3,1026,21.88136137057585
4,3,1027,21.92382838954216
4,3,1028,21.925103894419856
4,3,1029,21.880767687422612
4,3,1030,21.793706372598667
4,3,1031,21.68208224215178
4,3,1032,21.580822002592665
4,3,1033,21.51841319132031
4,3,1034,21.504642419228993
4,3,1035,21.545126336892608
4,3,1036,21.62759511913838
4,3,1037,21.718231873468994
4,3,1038,21.790745590093106
4,3,1039,21.83909706602532
4,3,1040,21.859853973462332
4,3,1041,21.85120928683048
4,3,1042,21.821017003820813
4,3,1043,21.77575672620539
4,3,1044,21.7144814469803
4,3,1045,21.635958307503568
4,3,1046,21.553194289776147
4,3,1047,21.481272257406815
4,3,1048,21.429625700158276
4,3,1049,21.403027873398557
4,3,1050,21.40042380064058
4,3,1051,21.410145721602298
4,3,1052,21.411641096377945
4,3,1053,21.386232091069733
4,3,1054,21.328049310309638
4,3,1055,21.243164401452365
4,3,1056,21.138078587929318
4,3,1057,21.02789677502961
4,3,1058,20.928895713705675
4,3,1059,20.850141634189804
4,3,1060,20.795216142654827
4,3,1061,20.771661055024836
4,3,1062,20.78393391777118
4,3,1063,20.83292226831909
4,3,1064,20.91282874626044
4,3,1065,21.016197838441183
4,3,1066,21.130045153577807
4,3,1067,21.238028872836725
4,3,1068,21.326754419424937
4,3,1069,21.387840679756014
4,3,1070,21.410253898592618
4,3,1071,21.394009750804436
4,3,1072,21.352339203207706
4,3,1073,21.30175516736593
4,3,1074,21.258447720695944
4,3,1075,21.238291452247932
4,3,1076,21.24229819167573
4,3,1077,21.258666479225926
4,3,1078,21.27285483681738
4,3,1079,21.273223316227085
4,3,1080,21.254460455934336
4,3,1081,21.221550579404877
4,3,1082,21.18451925095473
4,3,1083,21.15436625046946
4,3,1084,21.138758611769077
4,3,1085,21.14039851950414
4,3,1086,21.152150178498708
4,3,1087,21.159470812500437
4,3,1088,21.146026747864497
4,3,1089,21.105544872380744
4,3,1090,21.036500385627114
4,3,1091,20.947483170754897
4,3,1092,20.855662286863943
4,3,1093,20.77719765201607
4,3,1094,20.713071533269687
4,3,1095,20.661724780246693
4,3,1096,20.620614564433165
4,3,1097,20.58581834772402
4,3,1098,20.555367414151302
4,3,1099,20.53432820023123
4,3,1100,20.52575830092506
4,3,1101,20.528047696913042
4,3,1102,20.535748409743405
4,3,1103,20.544810295435393
5,4,0,13.903707138725323
5,4,1,13.91761552524116
5,4,2,13.931273427235737
5,4,3,13.943057852066675
5,4,4,13.950780574799653
5,4,5,13.954851660420596
5,4,6,13.956778980291045
5,4,7,13.960161790937672
5,4,8,13.964307110429361
5,4,9,13.96453837772375
5,4,10,13.958430987752516
5,4,11,13.945818485207282
5,4,12,13.92673702536113
5,4,13,13.902331409559544
5,4,14,13.878502857250085
5,4,15,13.858913668673111
5,4,16,13.84466180454978
5,4,17,13.835678075562797
5,4,18,13.831459761870516
5,4,19,13.829528938507341
5,4,20,13.83115767914468
5,4,21,13.838065147751534
5,4,22,13.850597766860545
5,4,23,13.868380719271835
5,4,24,13.889296881729544
5,4,25,13.907180714110233
5,4,26,13.919087777992262
5,4,27,13.926736587623756
5,4,28,13.932465512758505
5,4,29,13.938752986631046
5,4,30,13.948579170119665
5,4,31,13.962283713128663
5,4,32,13.976586353793758
5,4,33,13.988854149856023
5,4,34,13.99722392757265
5,4,35,14.001147590503866
5,4,36,14.000849602162269
5,4,37,13.998259750266161
5,4,38,13.993650011062758
5,4,39,13.988103301140644
5,4,40,13.982665554116123
5,4,41,13.977682169860124
5,4,42,13.973255380456918
5,4,43,13.971170175113084
5,4,44,13.97286635267282
5,4,45,13.978319009121961
5,4,46,13.98674600222313
5,4,47,13.995477629825269
5,4,48,14.001497144125086
5,4,49,14.001619945487155
5,4,50,13.99505596477883
5,4,51,13.98338403762543
5,4,52,13.97058347951158
5,4,53,13.959496486374826
5,4,54,13.951924911337885
5,4,55,13.947368526468901
5,4,56,13.944287126016253
5,4,57,13.940672559985082
5,4,58,13.934591951671061
5,4,59,13.924914729209771
5,4,60,13.912672882094814
5,4,61,13.899566226753333
5,4,62,13.886939574669448
5,4,63,13.876562353361882
5,4,64,13.870401741319945
5,4,65,13.869379826125376
5,4,66,13.873095068731432
5,4,67,13.880083555079146
5,4,68,13.8889818136443
5,4,69,13.898636454187088
5,4,70,13.90680997545675
5,4,71,13.911395807957684
5,4,72,13.912646549430914
5,4,73,13.911369767823714
5,4,74,13.906999441811308
5,4,75,13.899985574151373
5,4,76,13.8917171279029
5,4,77,13.881935849765297
5,4,78,13.869845363183774
5,4,79,13.855755649894215
5,4,80,13.840445819639987
5,4,81,13.824692040300212
5,4,82,13.809778149111594
5,4,83,13.797549428232589
5,4,84,13.789555907445148
5,4,85,13.786360639654305
5,4,86,13.787547360595264
5,4,87,13.792735208775195
5,4,88,13.800551909451341
5,4,89,13.809902400686958
5,4,90,13.820581890003156
5,4,91,13.833639815888302
5,4,92,13.849848038514368
5,4,93,13.869443356617305
5,4,94,13.89287205444753
5,4,95,13.919966721018826
5,4,96,13.948814677850688
5,4,97,13.977245250601369
5,4,98,14.00482755255696
5,4,99,14.030288949220653
5,4,100,14.051676081426448
5,4,101,14.067942788041496
5,4,102,14.07916800307686
5,4,103,14.084588766227075
5,4,104,14.083746893311323
5,4,105,14.078276451032874
5,4,106,14.069615719930997
5,4,107,14.057712277471307
5,4,108,14.043878868817622
5,4,109,14.030174788777755
5,4,110,14.016445590314811
5,4,111,14.003093804212435
5,4,112,13.991339910109353
5,4,113,13.9802866652616
5,4,114,13.96809604140188
5,4,115,13.9542107813026
5,4,116,13.937664743653931
5,4,117,13.917125699945036
5,4,118,13.892934266231588
5,4,119,13.867418710041834
5,4,120,13.843386274924029
5,4,121,13.823203519926102
5,4,122,13.808947946547102
5,4,123,13.801567855126171
5,4,124,13.79896267013889
5,4,125,13.797745318986147
5,4,126,13.795513847905632
5,4,127,13.791125489104255
5,4,128,13.78459209157213
5,4,129,13.778730368552361
5,4,130,13.77727429614458
5,4,131,13.782741197525137
5,4,132,13.795681426760638
5,4,133,13.813742764688227
5,4,134,13.832258374732836
5,4,135,13.84627017769959
5,4,136,13.853087063978865
5,4,137,13.85297715128688
5,4,138,13.849974569115219
5,4,139,13.848248533717527
5,4,140,13.85073781711082
5,4,141,13.858111188763806
5,4,142,13.867893774786893
5,4,143,13.875598309201806
5,4,144,13.878444162493352
5,4,145,13.875998199629542
5,4,146,13.86857216886025
5,4,147,13.858371968338353
5,4,148,13.847944961927283
5,4,149,13.839106303931985
5,4,150,13.832140500590326
5,4,151,13.828694316897064
5,4,152,13.830720930452676
5,4,153,13.838451423122192
5,4,154,13.851168443431442
5,4,155,13.868486635495328
5,4,156,13.887582288422488
5,4,157,13.904024360820895
5,4,158,13.916285572602781
5,4,159,13.924248445458351
5,4,160,13.92827162267475
5,4,161,13.93042386833927
5,4,162,13.934395021093318
5,4,163,13.943017868744567
5,4,164,13.958089817956026
5,4,165,13.979834400811098
5,4,166,14.006403538984975
5,4,167,14.033828967645174
5,4,168,14.057923530348656
5,4,169,14.075629363728021
5,4,170,14.085829044550794
5,4,171,14.090213107443445
5,4,172,14.092337492731293
5,4,173,14.094506864459488
5,4,174,14.096292818794097
5,4,175,14.095289731390867
5,4,176,14.087573428788131
5,4,177,14.070126250644849
5,4,178,14.043227771995983
5,4,179,14.01099935621094
5,4,180,13.978761571755024
5,4,181,13.952525120114444
5,4,182,13.93577076419821
5,4,183,13.928312092536128
5,4,184,13.92710521821333
5,4,185,13.929011918433783
5,4,186,13.930314462188312
5,4,187,13.929413548397845
5,4,188,13.928190860362362
5,4,189,13.929431126917628
5,4,190,13.93488269186844
5,4,191,13.946061918429363
5,4,192,13.963262915382145
5,4,193,13.983155485965609
5,4,194,14.002824188418396
5,4,195,14.021096711951607
5,4,196,14.036863927337102
5,4,197,14.04875528229375
5,4,198,14.056515249698336
5,4,199,14.059088748128632
5,4,200,14.0552722981145
5,4,201,14.045419599860935
5,4,202,14.030545034350792
5,4,203,14.01225952836958
5,4,204,13.992607663860682
5,4,205,13.973038554940002
5,4,206,13.952958950945778
5,4,207,13.932134243021643
5,4,208,13.911410496005496
5,4,209,13.893123645295297
5,4,210,13.880341990277373
5,4,211,13.877045832658013
5,4,212,13.886432609789026
5,4,213,13.908765566508027
5,4,214,13.940539908153365
5,4,215,13.976343864455718
5,4,216,14.00994336961411
5,4,217,14.03534325388602
5,4,218,14.049627237993127
5,4,219,14.053893779601156
5,4,220,14.050616651562716
5,4,221,14.042596892340125
5,4,222,14.032407172369624
5,4,223,14.021219572210251
5,4,224,14.008505895381456
5,4,225,13.994705717108083
5,4,226,13.98190084711257
5,4,227,13.972054411079496
5,4,228,13.966735843269266
5,4,229,13.96803355824051
5,4,230,13.975501464005653
5,4,231,13.985951033223783
5,4,232,13.996833708212678
5,4,233,14.006859733966099
5,4,234,14.014143614889237
5,4,235,14.01961678110816
5,4,236,14.026714377574436
5,4,237,14.035442632265362
5,4,238,14.043121786033147
5,4,239,14.047137679028847
5,4,240,14.04402296345471
5,4,241,14.029879125432789
5,4,242,14.007323631522118
5,4,243,13.982758943966152
5,4,244,13.962622946979268
5,4,245,13.951056084006186
5,4,246,13.949853871187436
5,4,247,13.956257967784827
5,4,248,13.9641906104329
5,4,249,13.967694708857822
5,4,250,13.96307046744486
5,4,251,13.949471496803724
5,4,252,13.928173040217427
5,4,253,13.903619555694725
5,4,254,13.88026060264502
5,4,255,13.862519773953757
5,4,256,13.852560195065594
5,4,257,13.850215388403306
5,4,258,13.853799583465252
5,4,259,13.862222958293763
5,4,260,13.8766500613626
5,4,261,13.910433909377977
5,4,262,13.970664878380452
5,4,263,14.05455652122964
5,4,264,14.15787851034887
5,4,265,14.270599075668912
5,4,266,14.36536309337097
5,4,267,14.438125300209528
5,4,268,14.502798742732447
5,4,269,14.56680456308194
5,4,270,14.636749671257142
5,4,271,14.721544226954839
5,4,272,14.805813378399883
5,4,273,14.872500126972989
5,4,274,14.920171888468255
5,4,275,14.957940857073499
5,4,276,14.988527944665117
5,4,277,15.02180179263339
5,4,278,15.058835081079277
5,4,279,15.090868695839724
5,4,280,15.09490054269795
5,4,281,15.060438589855933
5,4,282,14.98685312902336
5,4,283,14.88394429954648
5,4,284,14.769847454796606
5,4,285,14.670001759083776
5,4,286,14.600742643251726
5,4,287,14.566993473654229
5,4,288,14.564279695794957
5,4,289,14.576121083176453
5,4,290,14.585963568864587
5,4,291,14.592133973162497
5,4,292,14.592859238577777
5,4,293,14.587342383114986
5,4,294,14.581598440223631
5,4,295,14.581957569334186
5,4,296,14.578712044414223
5,4,297,14.561610989884324
5,4,298,14.52471201830384
5,4,299,14.464994840568451
5,4,300,14.381584708540954
5,4,301,14.2836402975761
5,4,302,14.190888666934178
5,4,303,14.125247693928397
5,4,304,14.100180474521398
5,4,305,14.12356481705779
5,4,306,14.195631696644536
5,4,307,14.298565249505975
5,4,308,14.401555111908893
5,4,309,14.483116322234919
5,4,310,14.532571385319663
5,4,311,14.545545283023094
5,4,312,14.531809679358592
5,4,313,14.514176753432732
5,4,314,14.510280469149443
5,4,315,14.528785068783938
5,4,316,14.573410771347046
5,4,317,14.639658666907561
5,4,318,14.716292435940383
5,4,319,14.791695481122233
5,4,320,14.85505020367638
5,4,321,14.899310683094695
5,4,322,14.923031511292134
5,4,323,14.931567658200185
5,4,324,14.934331685310513
5,4,325,14.94148868225976
5,4,326,14.95694472497214
5,4,327,14.980212326617076
5,4,328,15.005992981472863
5,4,329,15.025504623495836
5,4,330,15.032021841055986
5,4,331,15.028233383252097
5,4,332,15.02547984667392
5,4,333,15.034677626747525
5,4,334,15.0602986130016
5,4,335,15.099992648223733
5,4,336,15.142958592064742
5,4,337,15.170913033520025
5,4,338,15.17003063321127
5,4,339,15.140023214068966
5,4,340,15.087711047361042
5,4,341,15.024713289680571
5,4,342,14.963985180320016
5,4,343,14.91599244967168
5,4,344,14.883956294939182
5,4,345,14.869831716370003
5,4,346,14.874184093096856
5,4,347,14.894062486517035
5,4,348,14.919846866027326
5,4,349,14.941606436058928
5,4,350,14.94812079841427
5,4,351,14.930797397161587
5,4,352,14.8885807680528
5,4,353,14.827124251982509
5,4,354,14.754013320176142
5,4,355,14.680498696532121
5,4,356,14.6200483954284
5,4,357,14.586009800405256
5,4,358,14.588516794355487
5,4,359,14.62633824366752
5,4,360,14.6869807093737
5,4,361,14.752629060314042
5,4,362,14.80318950781278
5,4,363,14.823155022792076
5,4,364,14.809610522059334
5,4,365,14.770560948833914
5,4,366,14.721170708753911
5,4,367,14.680630900032295
5,4,368,14.662328601260512
5,4,369,14.66848304278306
5,4,370,14.696131178897126
5,4,371,14.73768688088952
5,4,372,14.778954213006509
5,4,373,14.80199019389287
5,4,374,14.793039535268012
5,4,375,14.746344577535002
5,4,376,14.668200593523466
5,4,377,14.573687268733499
5,4,378,14.482594492073815
5,4,379,14.412830074515364
5,4,380,14.371137147880555
5,4,381,14.348834710634987
5,4,382,14.33322086709511
5,4,383,14.318866721274041
5,4,384,14.296308515589024
5,4,385,14.254973680158427
5,4,386,14.194135979984235
5,4,387,14.123909259023561
5,4,388,14.050257112022678
5,4,389,13.983686561776123
5,4,390,13.934373916747955
5,4,391,13.90515948939543
5,4,392,13.89379262458075
5,4,393,13.898401449969203
5,4,394,13.914369945155249
5,4,395,13.947209724038169
5,4,396,14.004421266023781
5,4,397,14.079910087999147
5,4,398,14.168922487014044
5,4,399,14.273397624794654
5,4,400,14.384196585889795
5,4,401,14.486758181493826
5,4,402,14.574678548841149
5,4,403,14.642420924826501
5,4,404,14.683588764049869
5,4,405,14.69415570456452
5,4,406,14.677925253773465
5,4,407,14.64266343629065
5,4,408,14.593853392833132
5,4,409,14.536946629007181
5,4,410,14.486337335604247
5,4,411,14.455164788527686
5,4,412,14.450382244210697
5,4,413,14.474419470899882
5,4,414,14.520778428357124
5,4,415,14.577771955800523
5,4,416,14.636316494240608
5,4,417,14.691346252934178
5,4,418,14.740396632463552
5,4,419,14.783863441317157
5,4,420,14.81295377885744
5,4,421,14.812565001443401
5,4,422,14.771264237879864
5,4,423,14.694894578118243
5,4,424,14.596794197626116
5,4,425,14.496675562571413
5,4,426,14.415583475924947
5,4,427,14.369582818542227
5,4,428,14.351719411505975
5,4,429,14.346933513674147
5,4,430,14.342897193740315
5,4,431,14.330741919519038
5,4,432,14.303894936155261
5,4,433,14.270181558798326
5,4,434,14.240306886344523
5,4,435,14.216219742074223
5,4,436,14.200035396091959
5,4,437,14.195597245616055
5,4,438,14.193830161907531
5,4,439,14.187382094970467
5,4,440,14.182978486469347
5,4,441,14.183262856211057
5,4,442,14.181484860216974
5,4,443,14.179678809287367
5,4,444,14.179691028037022
5,4,445,14.180598043138225
5,4,446,14.18455092599667
5,4,447,14.19754156408177
5,4,448,14.221137937048178
5,4,449,14.257188713308704
5,4,450,14.29525682190373
5,4,451,14.320893850965112
5,4,452,14.327898252508195
5,4,453,14.320098682487883
5,4,454,14.298866384963059
5,4,455,14.272634486033114
5,4,456,14.251161988243553
5,4,457,14.239103121793605
5,4,458,14.230692047568267
5,4,459,14.226741402578977
5,4,460,14.236558793199555
5,4,461,14.267365636052467
5,4,462,14.320746491325803
5,4,463,14.400747561609727
5,4,464,14.49829356021716
5,4,465,14.587547924539976
5,4,466,14.651364937372334
5,4,467,14.6822307720261
5,4,468,14.67873308755576
5,4,469,14.655400585144921
5,4,470,14.635927044861363
5,4,471,14.63515627757993
5,4,472,14.659391999077261
5,4,473,14.702438450658141
5,4,474,14.742067995640936
5,4,475,14.758924638406855
5,4,476,14.741834406106923
5,4,477,14.69027273331737
5,4,478,14.610286315999115
5,4,479,14.517334023011864
5,4,480,14.426635804708758
5,4,481,14.350515270981065
5,4,482,14.289257085786524
5,4,483,14.24402416232121
5,4,484,14.217840770985735
5,4,485,14.210274198553261
5,4,486,14.212473940954274
5,4,487,14.223444725007205
5,4,488,14.244155349555744
5,4,489,14.266090962452628
5,4,490,14.27803872622254
5,4,491,14.282791951287738
5,4,492,14.281194344365566
5,4,493,14.27159070837256
5,4,494,14.262080308102453
5,4,495,14.261512718763438
5,4,496,14.265607491642914
5,4,497,14.264909825423588
5,4,498,14.244787589920467
5,4,499,14.190071981760234
5,4,500,14.10054922993527
5,4,501,13.992243530112898
5,4,502,13.891026096750728
5,4,503,13.830393401026376
5,4,504,13.834931918394455
5,4,505,13.905681129088405
5,4,506,14.024443166938662
5,4,507,14.161567867000958
5,4,508,14.279296622259938
5,4,509,14.347366117912802
5,4,510,14.358667489086695
5,4,511,14.32177537833074
5,4,512,14.256286476611448
5,4,513,14.190576722073143
5,4,514,14.148200450850089
5,4,515,14.136560687717862
5,4,516,14.150523477674811
5,4,517,14.173714845585165
5,4,518,14.181586809981907
5,4,519,14.159319919010862
5,4,520,14.102071095012985
5,4,521,14.016061817004225
5,4,522,13.91712649441021
5,4,523,13.831915620078071
5,4,524,13.777888886406467
5,4,525,13.763211689575613
5,4,526,13.794018533673789
5,4,527,13.875609971262993
5,4,528,13.995193605652602
5,4,529,14.130734804083449
5,4,530,14.258606862368675
5,4,531,14.352882413776742
5,4,532,14.392427821447773
5,4,533,14.376763137097456
5,4,534,14.322901008464624
5,4,535,14.256885905310826
5,4,536,14.20240840041905
5,4,537,14.169178639704443
5,4,538,14.157099461576545
5,4,539,14.158311400961214
5,4,540,14.159537507819605
5,4,541,14.14905613345293
5,4,542,14.123788795224828
5,4,543,14.085460993860444
5,4,544,14.044619176266739
5,4,545,14.017876895931492
5,4,546,14.018105177716345
5,4,547,14.048879778543293
5,4,548,14.104218630857739
5,4,549,14.169735474826714
5,4,550,14.228041793100024
5,4,551,14.266264438905294
5,4,552,14.281763412774527
5,4,553,14.279489737166479
5,4,554,14.265701468325641
5,4,555,14.24544542322097
5,4,556,14.225994035952098
5,4,557,14.21173335409048
5,4,558,14.204260205934892
5,4,559,14.206205526986968
5,4,560,14.217917787170949
5,4,561,14.231553395483584
5,4,562,14.23618801996752
5,4,563,14.224269568487546
5,4,564,14.190543145106266
5,4,565,14.140428541313018
5,4,566,14.092802740068109
5,4,567,14.068697264909288
5,4,568,14.079692288412604
5,4,569,14.12627013053491
5,4,570,14.193413886540483
5,4,571,14.254520874007422
5,4,572,14.286292021795628
5,4,573,14.275367967888966
5,4,574,14.21906237480671
5,4,575,14.129122336111253
5,4,576,14.026677260731608
5,4,577,13.932656809400848
5,4,578,13.868227443027767
5,4,579,13.852349435635494
5,4,580,13.889260018902224
5,4,581,13.970199037912524
5,4,582,14.078836848969168
5,4,583,14.190802389052788
5,4,584,14.280841965791769
5,4,585,14.33402522411586
5,4,586,14.345615894822373
5,4,587,14.319694701477456
5,4,588,14.268622631614303
5,4,589,14.208557355828862
5,4,590,14.156921373455848
5,4,591,14.126849855245885
5,4,592,14.123210534222153
5,4,593,14.142302780172935
5,4,594,14.173771499578168
5,4,595,14.20926752926702
5,4,596,14.249896497245421
5,4,597,14.299917042357826
5,4,598,14.364197229181068
5,4,599,14.445027082053215
5,4,600,14.53616109875744
5,4,601,14.617211694635131
5,4,602,14.669576284430388
5,4,603,14.685122929884226
5,4,604,14.666934138869381
5,4,605,14.621678941375285
5,4,606,14.566537418879534
5,4,607,14.518385138548341
5,4,608,14.485300275958348
5,4,609,14.46712279006402
5,4,610,14.465331440892456
5,4,611,14.477457911166153
5,4,612,14.50090479214594
5,4,613,14.529315061261574
5,4,614,14.559113366431422
5,4,615,14.582582058735662
5,4,616,14.59147040528311
5,4,617,14.581983404109467
5,4,618,14.561503637993622
5,4,619,14.535066851791303
5,4,620,14.50656957274603
5,4,621,14.482095996437023
5,4,622,14.461613931590364
5,4,623,14.445262947261662
5,4,624,14.43786741892314
5,4,625,14.442617426085281
5,4,626,14.458192987547845
5,4,627,14.486761947064872
5,4,628,14.521669529526461
5,4,629,14.553140376503682
5,4,630,14.584696906236076
5,4,631,14.623059386975989
5,4,632,14.668410084215253
5,4,633,14.72228981306004
5,4,634,14.786518811576542
5,4,635,14.852568020064925
5,4,636,14.907691259250717
5,4,637,14.944326996813215
5,4,638,14.95791632369999
5,4,639,14.94926593109746
5,4,640,14.925891479549025
5,4,641,14.900948865863134
5,4,642,14.88883188568297
5,4,643,14.906982168353043
5,4,644,14.95844471870139
5,4,645,15.03003584524183
5,4,646,15.105766346821918
5,4,647,15.170487334931224
5,4,648,15.20238174318302
5,4,649,15.195027347280778
5,4,650,15.160411250917907
5,4,651,15.114435350879363
5,4,652,15.067960043861431
5,4,653,15.033493617762998
5,4,654,15.018431806374156
5,4,655,15.020468416224425
5,4,656,15.03220991090466
5,4,657,15.047457330530683
5,4,658,15.062712680125403
5,4,659,15.072165865735613
5,4,660,15.072467608162624
5,4,661,15.063813055773469
5,4,662,15.051684034548055
5,4,663,15.036865918905283
5,4,664,15.020165537260437
5,4,665,15.002727666614717
5,4,666,14.984109400273391
5,4,667,14.958515413436196
5,4,668,14.925554865141857
5,4,669,14.884379135835776
5,4,670,14.83904719267907
5,4,671,14.796041586392432
5,4,672,14.764153974622328
5,4,673,14.7408536947491
5,4,674,14.726239384729649
5,4,675,14.714229433768994
5,4,676,14.693982631859656
5,4,677,14.650609208837906
5,4,678,14.593285337033423
5,4,679,14.539235131115813
5,4,680,14.505473589289421
5,4,681,14.504554935870644
5,4,682,14.54812281074934
5,4,683,14.620334107650882
5,4,684,14.691781618261416
5,4,685,14.737771555294913
5,4,686,14.748148697649281
5,4,687,14.720404979022272
5,4,688,14.668911227790282
5,4,689,14.61034605415292
5,4,690,14.556914442089294
5,4,691,14.51316829719973
5,4,692,14.480396809889918
5,4,693,14.452295828058222
5,4,694,14.424039736336882
5,4,695,14.396147434498857
5,4,696,14.376159020856127
5,4,697,14.368671883967137
5,4,698,14.380761721097747
5,4,699,14.421316256671826
5,4,700,14.491371690541964
5,4,701,14.578652115118782
5,4,702,14.67361717459085
5,4,703,14.76739919665128
5,4,704,14.850013375886196
5,4,705,14.911263548798432
5,4,706,14.947935429955727
5,4,707,14.954234104436463
5,4,708,14.923941988410654
5,4,709,14.85193684762523
5,4,710,14.741596419482573
5,4,711,14.602628498274806
5,4,712,14.455115887086258
5,4,713,14.322251240585068
5,4,714,14.22789688582613
5,4,715,14.191137871029445
5,4,716,14.211216592948158
5,4,717,14.267925446072923
5,4,718,14.339958367266684
5,4,719,14.40508277207466
5,4,720,14.440369032825656
5,4,721,14.445333781677729
5,4,722,14.433764384013093
5,4,723,14.414130891760971
5,4,724,14.390615074761572
5,4,725,14.371368765080465
5,4,726,14.350974320237073
5,4,727,14.32954613291772
5,4,728,14.311195350843658
5,4,729,14.301690050126497
5,4,730,14.30152045989972
5,4,731,14.316911558647025
5,4,732,14.341267667071707
5,4,733,14.369375333400283
5,4,734,14.401845690077819
5,4,735,14.440346257035388
5,4,736,14.482779208427324
5,4,737,14.529154382843055
5,4,738,14.569750773105659
5,4,739,14.585495000757781
5,4,740,14.56077815665549
5,4,741,14.49422979080005
5,4,742,14.39651940314805
5,4,743,14.294186898032246
5,4,744,14.217415412259252
5,4,745,14.194347502361227
5,4,746,14.22694401940473
5,4,747,14.316905505505638
5,4,748,14.444354403184208
5,4,749,14.59092308624123
5,4,750,14.725428444583992
5,4,751,14.81822224803193
5,4,752,14.855121124926507
5,4,753,14.839515232209227
5,4,754,14.782235060019124
5,4,755,14.700745434695264
5,4,756,14.611223845346476
5,4,757,14.512835975408935
5,4,758,14.397089596017125
5,4,759,14.257685320519512
5,4,760,14.09495424007477
5,4,761,13.920672265664303
5,4,762,13.772809822540413
5,4,763,13.688483488777846
5,4,764,13.681456888409558
5,4,765,13.7522556572292
5,4,766,13.890182598017617
5,4,767,14.063944889660805
5,4,768,14.250221362516434
5,4,769,14.419833326659244
5,4,770,14.542152639459722
5,4,771,14.600921703157216
5,4,772,14.59631196155021
5,4,773,14.547148097117667
5,4,774,14.46987849042835
5,4,775,14.380554618641868
5,4,776,14.292578984648767
5,4,777,14.219078924151205
5,4,778,14.166873110888703
5,4,779,14.14477021024092
5,4,780,14.160120262366174
5,4,781,14.2093657365634
5,4,782,14.279851945912247
5,4,783,14.355838874659915
5,4,784,14.42614592393004
5,4,785,14.484427480015265
5,4,786,14.531492628331977
5,4,787,14.570621372987297
5,4,788,14.60872246663231
5,4,789,14.64552377939308
5,4,790,14.673159504645932
5,4,791,14.68334799511661
5,4,792,14.673265010178259
5,4,793,14.644964119325607
5,4,794,14.608425917779101
5,4,795,14.578564394186776
5,4,796,14.567145206929885
5,4,797,14.5811511200764
5,4,798,14.616965225917397
5,4,799,14.661025976480953
5,4,800,14.699510283564235
5,4,801,14.723817441653178
5,4,802,14.725732412915923
5,4,803,14.704693406661091
5,4,804,14.669274808083792
5,4,805,14.623796099511498
5,4,806,14.568787825397532
5,4,807,14.509962825367518
5,4,808,14.452844699750777
5,4,809,14.396517666705666
5,4,810,14.343871480787813
5,4,811,14.302222087850039
5,4,812,14.281406357441552
5,4,813,14.287953183727002
5,4,814,14.326558021149028
5,4,815,14.400529071327464
5,4,816,14.505029505543567
5,4,817,14.622160942268101
5,4,818,14.733558268846336
5,4,819,14.828547910072269
5,4,820,14.901984129309938
5,4,821,14.956991089796865
5,4,822,14.997549080269208
5,4,823,15.0264718939848
5,4,824,15.036222127839133
5,4,825,15.016871175589946
5,4,826,14.95987452325343
5,4,827,14.865663335734371
5,4,828,14.743306723371166
5,4,829,14.617295479060163
5,4,830,14.507669502570854
5,4,831,14.426769537629406
5,4,832,14.382447294070584
5,4,833,14.37224408152603
5,4,834,14.38031794333277
5,4,835,14.39507284130907
5,4,836,14.408889812887521
5,4,837,14.416670011142864
5,4,838,14.420254642171711
5,4,839,14.428243533915037
5,4,840,14.443793982459688
5,4,841,14.465841876830906
5,4,842,14.487302406566863
5,4,843,14.493544630064912
5,4,844,14.471552109714775
5,4,845,14.414245572130401
5,4,846,14.319887521055493
5,4,847,14.197187961396025
5,4,848,14.069393199317535
5,4,849,13.960545666633111
5,4,850,13.8964397227267
5,4,851,13.883260110774321
5,4,852,13.919948853580667
5,4,853,13.995645969712337
5,4,854,14.094903961874062
5,4,855,14.190904213085549
5,4,856,14.274567709803932
5,4,857,14.339902034829743
5,4,858,14.384331435354001
5,4,859,14.409377278618969
5,4,860,14.422404319415202
5,4,861,14.425674722290973
5,4,862,14.41739711783723
5,4,863,14.400712482722183
5,4,864,14.383848786877286
5,4,865,14.372063467534154
5,4,866,14.368478520045809
5,4,867,14.37460800687742
5,4,868,14.387480297756728
5,4,869,14.403451373423131
5,4,870,14.423857719183953
5,4,871,14.452795351863296
5,4,872,14.495300897747978
5,4,873,14.552655464925506
5,4,874,14.622070592036343
5,4,875,14.696463803426557
5,4,876,14.762823916109104
5,4,877,14.809767955663474
5,4,878,14.833992891000001
5,4,879,14.834486014258081
5,4,880,14.813920238162359
5,4,881,14.787640957978601
5,4,882,14.772773253793103
5,4,883,14.776447917914806
5,4,884,14.801775061331453
5,4,885,14.846606858219216
5,4,886,14.893535808176235
5,4,887,14.920576906519969
5,4,888,14.91782445194139
5,4,889,14.882935376478423
5,4,890,14.8167563408099
5,4,891,14.72926662310925
5,4,892,14.641923016624975
5,4,893,14.570146589426894
5,4,894,14.52510591182409
5,4,895,14.515887861409315
5,4,896,14.544747992747235
5,4,897,14.59537546633549
5,4,898,14.648965583678688
5,4,899,14.690367426081204
5,4,900,14.713327556883266
5,4,901,14.714051608631017
5,4,902,14.693495288168586
5,4,903,14.659212018970594
5,4,904,14.624450984660601
5,4,905,14.594688725889235
5,4,906,14.575877254949614
5,4,907,14.573989551422986
5,4,908,14.575424518482798
5,4,909,14.554030294583407
5,4,910,14.493797263898333
5,4,911,14.389901400751377
5,4,912,14.246395293554185
5,4,913,14.09342058464934
5,4,914,13.967693105619874
5,4,915,13.891034103547971
5,4,916,13.867785011982457
5,4,917,13.895289651742226
5,4,918,13.961723672456102
5,4,919,14.05330256582042
5,4,920,14.156082992068434
5,4,921,14.261904109992427
5,4,922,14.366451648261064
5,4,923,14.454068564264569
5,4,924,14.506030084840763
5,4,925,14.517883139068601
5,4,926,14.497784751474994
5,4,927,14.455601296583819
5,4,928,14.41640920212917
5,4,929,14.40324406694778
5,4,930,14.420547659862557
5,4,931,14.447068514947452
5,4,932,14.464939570616622
5,4,933,14.461677236505098
5,4,934,14.439497800640241
5,4,935,14.412626383085279
5,4,936,14.412806619264343
5,4,937,14.461431376929745
5,4,938,14.5618878943773
5,4,939,14.696450816808701
5,4,940,14.836568929219904
5,4,941,14.948348555370753
5,4,942,15.006492595605637
5,4,943,15.002848943676458
5,4,944,14.946140302677408
5,4,945,14.856801515271242
5,4,946,14.762828191441669
5,4,947,14.684795225733463
5,4,948,14.62493979983739
5,4,949,14.577708480866496
5,4,950,14.535987284272299
5,4,951,14.491139347371442
5,4,952,14.445138896481076
5,4,953,14.410655687480638
5,4,954,14.398948696154282
5,4,955,14.417383448282052
5,4,956,14.4622576156912
5,4,957,14.516342852890471
5,4,958,14.559415070842796
5,4,959,14.57887208217142
5,4,960,14.563401799229053
5,4,961,14.51043867136938
5,4,962,14.42688684229135
5,4,963,14.325495812543037
5,4,964,14.212827143395103
5,4,965,14.097478241023037
5,4,966,13.9950823927312
5,4,967,13.931065286459699
5,4,968,13.933572472368011
5,4,969,14.016747538367614
5,4,970,14.179501269495947
5,4,971,14.402197502264073
5,4,972,14.646340641621789
5,4,973,14.863491214175665
5,4,974,15.027194048803
5,4,975,15.123179532202956
5,4,976,15.154342642828773
5,4,977,15.13366404049774
5,4,978,15.081751127931007
5,4,979,15.017859101773531
5,4,980,14.966003298755119
5,4,981,14.930656243239007
5,4,982,14.912267367207312
5,4,983,14.906725020635175
5,4,984,14.907658418590252
5,4,985,14.902725574956182
5,4,986,14.890910615525058
5,4,987,14.871117078118257
5,4,988,14.845374127065588
5,4,989,14.81136048271326
5,4,990,14.770974023187227
5,4,991,14.732043368158417
5,4,992,14.699564115960044
5,4,993,14.668461155051268
5,4,994,14.636305900929841
5,4,995,14.601380259450263
5,4,996,14.554176476695798
5,4,997,14.490433242834188
5,4,998,14.421025073830652
5,4,999,14.357095968760582
5,4,1000,14.303791487700837
5,4,1001,14.267904577807997
5,4,1002,14.249867086307773
5,4,1003,14.238628955357585
5,4,1004,14.227415285993416
5,4,1005,14.213943478404023
5,4,1006,14.194475869513726
5,4,1007,14.167337718296183
5,4,1008,14.134549370513739
5,4,1009,14.096213960702064
5,4,1010,14.0589061242742
5,4,1011,14.032159927289404
5,4,1012,14.02302769980476
5,4,1013,14.031679006198074
5,4,1014,14.054175430820766
5,4,1015,14.084073287389044
5,4,1016,14.115157101136594
5,4,1017,14.14231333773538
5,4,1018,14.168231000855945
5,4,1019,14.197586177573603
5,4,1020,14.231264636936732
5,4,1021,14.26627186952724
5,4,1022,14.300568736667966
5,4,1023,14.33458718654732
5,4,1024,14.371419268713396
5,4,1025,14.409536863969494
5,4,1026,14.448901477285414
5,4,1027,14.488953587675919
5,4,1028,14.524650371281098
5,4,1029,14.54832110859858
5,4,1030,14.559400179199292
5,4,1031,14.55774535402149
5,4,1032,14.54597448051772
5,4,1033,14.530562139138018
5,4,1034,14.52235049267971
5,4,1035,14.530095001218143
5,4,1036,14.55765621083115
5,4,1037,14.600534377896969
5,4,1038,14.648477924124581
5,4,1039,14.688559507469204
5,4,1040,14.705227539244602
5,4,1041,14.686859898108613
5,4,1042,14.632637277258132
5,4,1043,14.551947604240786
5,4,1044,14.456688041706672
5,4,1045,14.362043630424575
5,4,1046,14.286090159730081
5,4,1047,14.238130344273673
5,4,1048,14.213696143183267
5,4,1049,14.203441054057913
5,4,1050,14.199970309603072
5,4,1051,14.194287070523357
5,4,1052,14.183135684053475
5,4,1053,14.16752090208168
5,4,1054,14.151476841130009
5,4,1055,14.136978464173636
5,4,1056,14.125485837033736
5,4,1057,14.113845331776089
5,4,1058,14.10020011945468
5,4,1059,14.083070430646824
5,4,1060,14.064364210244404
5,4,1061,14.043675378168082
5,4,1062,14.021551340615588
5,4,1063,14.004887262310334
5,4,1064,14.001271167922559
5,4,1065,14.009894594826449
5,4,1066,14.028992805430157
5,4,1067,14.057104369167803
5,4,1068,14.08565745290064
5,4,1069,14.103951250475685
5,4,1070,14.109690473913513
5,4,1071,14.107372915183666
5,4,1072,14.103314220617996
5,4,1073,14.104425983074927
5,4,1074,14.116160706810199
5,4,1075,14.138870745547946
5,4,1076,14.166562632636966
5,4,1077,14.191666724109707
5,4,1078,14.208941986932073
5,4,1079,14.218159631272488
5,4,1080,14.2210523967146
5,4,1081,14.22137446845402
5,4,1082,14.222662315131343
5,4,1083,14.225101945736991
5,4,1084,14.225334021108399
5,4,1085,14.220817352766128
5,4,1086,14.211425689338775
5,4,1087,14.196312671189942
5,4,1088,14.176806213691474
5,4,1089,14.15654967906097
5,4,1090,14.13771529211443
5,4,1091,14.119250235639484
5,4,1092,14.10396009147333
5,4,1093,14.095157807459445
5,4,1094,14.091531676101487
5,4,1095,14.091781110331464
5,4,1096,14.096637325913102
5,4,1097,14.106075474161845
5,4,1098,14.117899431288283
5,4,1099,14.13244567096765
5,4,1100,14.14994079620733
5,4,1101,14.169112106844116
5,4,1102,14.185105462900493
5,4,1103,14.197028655839555
6,5,0,25.727091944544693
6,5,1,25.733132443971336
6,5,2,25.73349998565008
6,5,3,25.72495579266547
6,5,4,25.70544978268691
6,5,5,25.676880067661827
6,5,6,25.644161515147257
6,5,7,25.61385575889162
6,5,8,25.588056534449734
6,5,9,25.56685671922605
6,5,10,25.552615087811628
6,5,11,25.549162452058425
6,5,12,25.560335555618966
6,5,13,25.589260629364134
6,5,14,25.634420674485305
6,5,15,25.687764493148475
6,5,16,25.73869445584584
6,5,17,25.77753219170452
6,5,18,25.797396324406343
6,5,19,25.79670753651911
6,5,20,25.779895439265598
6,5,21,25.754120960534568
6,5,22,25.726828213358225
6,5,23,25.703610013074012
6,5,24,25.687144426753253
6,5,25,25.677196161292592
6,5,26,25.67179139693035
6,5,27,25.666641085475568
6,5,28,25.656384682877945
6,5,29,25.637727113685713
6,5,30,25.609852457607214
6,5,31,25.573669951674496
6,5,32,25.534095200981124
6,5,33,25.498606265915267
6,5,34,25.472865554250664
6,5,35,25.459362513548836
6,5,36,25.45711187741389
6,5,37,25.461995609465404
6,5,38,25.468106836535824
6,5,39,25.470066717228644
6,5,40,25.464515517782193
6,5,41,25.450801244719745
6,5,42,25.430816362508875
6,5,43,25.408976510594847
6,5,44,25.391210194314144
6,5,45,25.383618570267302
6,5,46,25.3914354463418
6,5,47,25.41486971764405
6,5,48,25.450252157277728
6,5,49,25.491756851211864
6,5,50,25.532618950449976
6,5,51,25.566157123044793
6,5,52,25.58934552645783
6,5,53,25.60192171969534
6,5,54,25.605161697471864
6,5,55,25.60185247435463
6,5,56,25.596458627364363
6,5,57,25.592551848945504
6,5,58,25.591374833064922
6,5,59,25.592431322579646
6,5,60,25.594038812616184
6,5,61,25.593214613700923
6,5,62,25.589422933339122
6,5,63,25.583909216734074
6,5,64,25.577979617057004
6,5,65,25.57171081387844
6,5,66,25.564708639288973
6,5,67,25.554898362207208
6,5,68,25.5410371096669
6,5,69,25.524110401352626
6,5,70,25.508139484283834
6,5,71,25.497407568916582
6,5,72,25.49440166568512
6,5,73,25.498323788077172
6,5,74,25.50638268605371
6,5,75,25.514066143066376
6,5,76,25.51779751314493
6,5,77,25.517338242061427
6,5,78,25.51561779924811
6,5,79,25.514682830484478
6,5,80,25.514615826700744
6,5,81,25.515527790577586
6,5,82,25.5156018643968
6,5,83,25.512049768835382
6,5,84,25.504039952713118
6,5,85,25.494517209250947
6,5,86,25.483891269115976
6,5,87,25.472044121182034
6,5,88,25.458877806775263
6,5,89,25.445055272190093
6,5,90,25.429957979359223
6,5,91,25.416344397857284
6,5,92,25.408992483833053
6,5,93,25.411293093391397
6,5,94,25.424694020719432
6,5,95,25.449869445948547
6,5,96,25.48352274323282
6,5,97,25.51896308395213
6,5,98,25.551949873482048
6,5,99,25.578917356255534
6,5,100,25.596479556064704
6,5,101,25.603804824415946
6,5,102,25.603691927852978
6,5,103,25.59805831029593
6,5,104,25.58978982002824
6,5,105,25.581199437284468
6,5,106,25.57433670615033
6,5,107,25.567840866004666
6,5,108,25.559776602968167
6,5,109,25.54686375101628
6,5,110,25.52760377306514
6,5,111,25.502315271826003
6,5,112,25.473922277453433
6,5,113,25.445640205728846
6,5,114,25.42280426073675
6,5,115,25.410188250632462
6,5,116,25.409737063793195
6,5,117,25.42154201223471
6,5,118,25.44576891676452
6,5,119,25.48035672691622
6,5,120,25.52113514152134
6,5,121,25.56332960279926
6,5,122,25.60376390947994
6,5,123,25.6392330832003
6,5,124,25.666061715523277
6,5,125,25.68305523865738
6,5,126,25.692620784898818
6,5,127,25.698556479381754
6,5,128,25.705234529529587
6,5,129,25.717449821157242
6,5,130,25.737753413665242
6,5,131,25.76565854944666
6,5,132,25.79696745746164
6,5,133,25.825163386562924
6,5,134,25.844581164926954
6,5,135,25.852836867380958
6,5,136,25.851004587274666
6,5,137,25.842523377512055
6,5,138,25.832200796569193
6,5,139,25.82425858512293
6,5,140,25.818927956206622
6,5,141,25.812563799478074
6,5,142,25.80166456852583
6,5,143,25.784619454534898
6,5,144,25.761549564271768
6,5,145,25.736468742419735
6,5,146,25.714233407334344
6,5,147,25.697327528354926
6,5,148,25.686212959354556
6,5,149,25.679589582282443
6,5,150,25.6742768983829
6,5,151,25.66874718540313
6,5,152,25.664101042205786
6,5,153,25.660540457921424
6,5,154,25.658217849226194
6,5,155,25.658213579283824
6,5,156,25.660457990038143
6,5,157,25.662693099500956
6,5,158,25.66576900002212
6,5,159,25.670309723358823
6,5,160,25.67426417136728
6,5,161,25.67459471937214
6,5,162,25.671138891231955
6,5,163,25.662349016620826
6,5,164,25.649211954328514
6,5,165,25.635312765133012
6,5,166,25.624394008817763
6,5,167,25.6168650691731
6,5,168,25.6123518211958
6,5,169,25.609208065624628
6,5,170,25.605841550752743
6,5,171,25.602934796583618
6,5,172,25.602999701685963
6,5,173,25.608912140614194
6,5,174,25.621404069571984
6,5,175,25.640767784755315
6,5,176,25.666227914634394
6,5,177,25.69469687742171
6,5,178,25.721929245772625
6,5,179,25.744458853221037
6,5,180,25.756754567772628
6,5,181,25.75321722655634
6,5,182,25.73338841809387
6,5,183,25.699554521896946
6,5,184,25.6560539305879
6,5,185,25.610014238671244
6,5,186,25.568060787624585
6,5,187,25.53529275080081
6,5,188,25.51751897625373
6,5,189,25.517622046023828
6,5,190,25.534089245558686
6,5,191,25.56377594392075
6,5,192,25.60091261940124
6,5,193,25.636887422297473
6,5,194,25.665740999510927
6,5,195,25.686999686843233
6,5,196,25.704034774891117
6,5,197,25.71979321517005
6,5,198,25.734373443793146
6,5,199,25.74503240970144
6,5,200,25.74585403070941
6,5,201,25.731338811702045
6,5,202,25.701544576403137
6,5,203,25.661962166813694
6,5,204,25.620878633459462
6,5,205,25.588140115152477
6,5,206,25.569322936908783
6,5,207,25.56375475242247
6,5,208,25.568049834854246
6,5,209,25.57806616331011
6,5,210,25.58980160473423
6,5,211,25.601443845407754
6,5,212,25.61230785323376
6,5,213,25.622531612059888
6,5,214,25.63300177141496
6,5,215,25.643269095418965
6,5,216,25.651794491153293
6,5,217,25.658500483085884
6,5,218,25.66319424207196
6,5,219,25.663825361935118
6,5,220,25.65975940877953
6,5,221,25.652406515889734
6,5,222,25.643309509866214
6,5,223,25.633378590022215
6,5,224,25.62279175046413
6,5,225,25.610596721242157
6,5,226,25.59523715644465
6,5,227,25.576144964537097
6,5,228,25.554202309518057
6,5,229,25.53275242199257
6,5,230,25.51427346559653
6,5,231,25.49941581027379
6,5,232,25.486736604062198
6,5,233,25.475262345959568
6,5,234,25.465116626970982
6,5,235,25.460077083009438
6,5,236,25.466364107730612
6,5,237,25.488308794703944
6,5,238,25.526190389406747
6,5,239,25.576819544475267
6,5,240,25.632751188619253
6,5,241,25.68403259118045
6,5,242,25.724903086754303
6,5,243,25.75317029408772
6,5,244,25.76795883189999
6,5,245,25.771542949031687
6,5,246,25.768270031659664
6,5,247,25.76120573044455
6,5,248,25.75333912180207
6,5,249,25.747722485765873
6,5,250,25.74359454345379
6,5,251,25.73963693485153
6,5,252,25.735283898939432
6,5,253,25.729950626360594
6,5,254,25.723149157624874
6,5,255,25.71721246963167
6,5,256,25.712934421973618
6,5,257,25.709761602847106
6,5,258,25.70822673505543
6,5,259,25.716178768332796
6,5,260,25.754066474425613
6,5,261,25.8397461017833
6,5,262,25.984832806460027
6,5,263,26.190423892550506
6,5,264,26.429438464983523
6,5,265,26.645825443079833
6,5,266,26.806048745151106
6,5,267,26.89936038997872
6,5,268,26.922350643842208
6,5,269,26.90174703516273
6,5,270,26.870263129006997
6,5,271,26.828577709595876
6,5,272,26.759108628831807
6,5,273,26.656524702899116
6,5,274,26.515557797550233
6,5,275,26.35680343222292
6,5,276,26.20789873344275
6,5,277,26.087633890153192
6,5,278,26.006761886949565
6,5,279,25.967532398010803
6,5,280,25.953691904451397
6,5,281,25.95983783404441
6,5,282,25.99101091029967
6,5,283,26.04043063303254
6,5,284,26.09683022941893
6,5,285,26.147823315285763
6,5,286,26.17091264786465
6,5,287,26.152654255575563
6,5,288,26.098604336679145
6,5,289,26.02058288578565
6,5,290,25.931324429066432
6,5,291,25.840627246812907
6,5,292,25.75275820078812
6,5,293,25.663437487098882
6,5,294,25.568337190947826
6,5,295,25.46490285828442
6,5,296,25.36711349269451
6,5,297,25.28560444518064
6,5,298,25.230068675586725
6,5,299,25.19836096240414
6,5,300,25.18772155831868
6,5,301,25.18429253298875
6,5,302,25.17712050432803
6,5,303,25.16098223481499
6,5,304,25.14698407635587
6,5,305,25.146463524240144
6,5,306,25.17109921015342
6,5,307,25.221804317940308
6,5,308,25.288478908548033
6,5,309,25.356467989868282
6,5,310,25.413165609016158
6,5,311,25.449715987529917
6,5,312,25.4657768940774
6,5,313,25.465877045840767
6,5,314,25.450787500930165
6,5,315,25.422003282940224
6,5,316,25.382154181755073
6,5,317,25.338920054898576
6,5,318,25.297383182041088
6,5,319,25.261125592467376
6,5,320,25.229614585064912
6,5,321,25.199730576308536
6,5,322,25.163040199083692
6,5,323,25.118096840949846
6,5,324,25.065988873960425
6,5,325,25.008929420910516
6,5,326,24.950525458266693
6,5,327,24.89745581190987
6,5,328,24.851514059907
6,5,329,24.816491459736085
6,5,330,24.799451686064707
6,5,331,24.803715679033207
6,5,332,24.824536458684918
6,5,333,24.858037308107935
6,5,334,24.90347653987329
6,5,335,24.955673098366013
6,5,336,25.01127295162699
6,5,337,25.07303557828585
6,5,338,25.13751294606961
6,5,339,25.193573624635377
6,5,340,25.236387872110097
6,5,341,25.261193088250334
6,5,342,25.266958726007104
6,5,343,25.267945210648406
6,5,344,25.279162012084157
6,5,345,25.30589157114402
6,5,346,25.356342770546235
6,5,347,25.427347210342937
6,5,348,25.49718040495241
6,5,349,25.541438185579498
6,5,350,25.537097518448
6,5,351,25.480332527622878
6,5,352,25.396011558402098
6,5,353,25.310459449152646
6,5,354,25.24262484501715
6,5,355,25.20333974528915
6,5,356,25.19701420512602
6,5,357,25.21776300884839
6,5,358,25.260685838750994
6,5,359,25.30552607095786
6,5,360,25.33709533536824
6,5,361,25.350844386911618
6,5,362,25.355441206597682
6,5,363,25.356414945281205
6,5,364,25.34774954940592
6,5,365,25.327645580105752
6,5,366,25.302080113662704
6,5,367,25.283708514105257
6,5,368,25.27975467782808
6,5,369,25.29384659031285
6,5,370,25.311220598402752
6,5,371,25.32480844096898
6,5,372,25.33230916750397
6,5,373,25.33979035887067
6,5,374,25.342299886584847
6,5,375,25.346358437616804
6,5,376,25.36967161686461
6,5,377,25.439988790363767
6,5,378,25.578918017940833
6,5,379,25.769938908112447
6,5,380,25.970714834076446
6,5,381,26.133392365129165
6,5,382,26.216990709087476
6,5,383,26.21642653909438
6,5,384,26.149868772907162
6,5,385,26.04325097124369
6,5,386,25.91151255101853
6,5,387,25.773743835778653
6,5,388,25.652336910690877
6,5,389,25.555601733165965
6,5,390,25.485365736201057
6,5,391,25.455203675900048
6,5,392,25.473893252464535
6,5,393,25.538417012624087
6,5,394,25.63859295014873
6,5,395,25.752293044932514
6,5,396,25.847993568425228
6,5,397,25.899957308028164
6,5,398,25.90313265927933
6,5,399,25.870083334627623
6,5,400,25.836645162796
6,5,401,25.84325986419356
6,5,402,25.91139070362341
6,5,403,26.038062818503818
6,5,404,26.22203118508594
6,5,405,26.450919161525313
6,5,406,26.699220941958497
6,5,407,26.950812439581618
6,5,408,27.1994564696735
6,5,409,27.419173111904914
6,5,410,27.570800507659143
6,5,411,27.644824204052725
6,5,412,27.645559970799283
6,5,413,27.573674288219376
6,5,414,27.436756586336397
6,5,415,27.27030025580141
6,5,416,27.098924250129983
6,5,417,26.943080920692022
6,5,418,26.83322254224874
6,5,419,26.795483971672418
6,5,420,26.81850914892376
6,5,421,26.87728104426365
6,5,422,26.943524771843947
6,5,423,26.98116892913916
6,5,424,26.96516845747229
6,5,425,26.913724511665958
6,5,426,26.856893424324397
6,5,427,26.812895312229337
6,5,428,26.787323854089323
6,5,429,26.778949644618805
6,5,430,26.762572369570865
6,5,431,26.710266224127405
6,5,432,26.618884709012548
6,5,433,26.527775177445484
6,5,434,26.475155532220455
6,5,435,26.476202600373014
6,5,436,26.535732545626896
6,5,437,26.64493952424175
6,5,438,26.752111201996907
6,5,439,26.80892868046425
6,5,440,26.814723702546715
6,5,441,26.77793817694572
6,5,442,26.69808886337176
6,5,443,26.593320020289994
6,5,444,26.493003294497065
6,5,445,26.412168892218933
6,5,446,26.37168462454915
6,5,447,26.389058059651976
6,5,448,26.466269881874545
6,5,449,26.591177321913378
6,5,450,26.736398665738275
6,5,451,26.864761413349658
6,5,452,26.95764057093277
6,5,453,27.01554700241797
6,5,454,27.048132062424315
6,5,455,27.06922398012626
6,5,456,27.087007626490134
6,5,457,27.104153495766376
6,5,458,27.11945773910769
6,5,459,27.126815492058356
6,5,460,27.133156222419174
6,5,461,27.14194262135237
6,5,462,27.139390899117867
6,5,463,27.11044961300945
6,5,464,27.04932773760995
6,5,465,26.939145660915415
6,5,466,26.79120817305095
6,5,467,26.645557940780794
6,5,468,26.530712542893056
6,5,469,26.45442404170615
6,5,470,26.425404168671463
6,5,471,26.43341306852821
6,5,472,26.447324404507587
6,5,473,26.44882170826902
6,5,474,26.432208585154505
6,5,475,26.396417303879016
6,5,476,26.346158162818114
6,5,477,26.293778705047128
6,5,478,26.247800392402667
6,5,479,26.214090226400067
6,5,480,26.198730454188865
6,5,481,26.20523453155716
6,5,482,26.225492406238445
6,5,483,26.24394199448665
6,5,484,26.252698233542965
6,5,485,26.243267588924972
6,5,486,26.209037437584602
6,5,487,26.16353272603648
6,5,488,26.119503731881746
6,5,489,26.082895600701658
6,5,490,26.05539611203085
6,5,491,26.03578121509518
6,5,492,26.008480813066463
6,5,493,25.980656158054668
6,5,494,25.956866629370662
6,5,495,25.939602796388385
6,5,496,25.92827762969567
6,5,497,25.92620566796369
6,5,498,25.91937724072097
6,5,499,25.896412586891195
6,5,500,25.852418722209297
6,5,501,25.795772413669383
6,5,502,25.745894240263986
6,5,503,25.721926527187335
6,5,504,25.731214553698695
6,5,505,25.770001950817992
6,5,506,25.83515919944175
6,5,507,25.91559826339777
6,5,508,25.999643992308492
6,5,509,26.089854453222554
6,5,510,26.196661781491716
6,5,511,26.312145067242525
6,5,512,26.43318954549154
6,5,513,26.566108116581177
6,5,514,26.71390611536669
6,5,515,26.875556851186367
6,5,516,27.055174213840033
6,5,517,27.233228564400473
6,5,518,27.373734650242422
6,5,519,27.441157612952818
6,5,520,27.428646182158243
6,5,521,27.345897430933505
6,5,522,27.22105139394039
6,5,523,27.099947957905705
6,5,524,27.025049209269135
6,5,525,26.99760576829875
6,5,526,27.010087532348198
6,5,527,27.054035116916406
6,5,528,27.1018265494396
6,5,529,27.132819875438656
6,5,530,27.141641015099662
6,5,531,27.120810654210093
6,5,532,27.073311609769558
6,5,533,27.0142137463932
6,5,534,26.954905487344767
6,5,535,26.909690417589786
6,5,536,26.873597053037503
6,5,537,26.831023000903297
6,5,538,26.777676901026442
6,5,539,26.702263432389294
6,5,540,26.586904429122743
6,5,541,26.441505963606158
6,5,542,26.285589227087193
6,5,543,26.13232572847656
6,5,544,26.00286461865785
6,5,545,25.92071692275351
6,5,546,25.900068442205054
6,5,547,25.94041679091541
6,5,548,26.02682395266214
6,5,549,26.13973946458495
6,5,550,26.26287797244563
6,5,551,26.367617604721683
6,5,552,26.42647430928204
6,5,553,26.431052457422165
6,5,554,26.390334364846698
6,5,555,26.32042077712459
6,5,556,26.251659484434537
6,5,557,26.214941875267343
6,5,558,26.228032215222857
6,5,559,26.291142480468256
6,5,560,26.38571485157159
6,5,561,26.48647445484491
6,5,562,26.568027492470968
6,5,563,26.603459389867204
6,5,564,26.571489893506264
6,5,565,26.474409430357934
6,5,566,26.32865865221768
6,5,567,26.16374462910735
6,5,568,26.015200867210844
6,5,569,25.911183687148196
6,5,570,25.860410759082928
6,5,571,25.858261410531856
6,5,572,25.88619007125485
6,5,573,25.92259345144312
6,5,574,25.94979612429195
6,5,575,25.956298293125855
6,5,576,25.93117024349715
6,5,577,25.87471975404625
6,5,578,25.796744117482664
6,5,579,25.712954646672664
6,5,580,25.642705620976276
6,5,581,25.60711516063342
6,5,582,25.6163282992117
6,5,583,25.665964269707196
6,5,584,25.742394286780332
6,5,585,25.82351642322363
6,5,586,25.890159551664592
6,5,587,25.9343172349265
6,5,588,25.962256543335368
6,5,589,25.983757653355525
6,5,590,26.013227308754143
6,5,591,26.062962669502763
6,5,592,26.135490693933956
6,5,593,26.22080210036227
6,5,594,26.3048490061242
6,5,595,26.369471627127453
6,5,596,26.400358708570423
6,5,597,26.395014911938805
6,5,598,26.36348672238446
6,5,599,26.3226261593151
6,5,600,26.297778346996278
6,5,601,26.30539168575011
6,5,602,26.349283545510897
6,5,603,26.419155680382854
6,5,604,26.503085909712016
6,5,605,26.58851117987392
6,5,606,26.665796542067593
6,5,607,26.722545758334984
6,5,608,26.75533149860401
6,5,609,26.766386951785318
6,5,610,26.75035186423595
6,5,611,26.70685937191697
6,5,612,26.64850100925579
6,5,613,26.58893138135292
6,5,614,26.530471091009762
6,5,615,26.48099157452734
6,5,616,26.44556873259681
6,5,617,26.431517109941822
6,5,618,26.435144283172956
6,5,619,26.45731963114792
6,5,620,26.50179508595458
6,5,621,26.568204944851313
6,5,622,26.625255201352925
6,5,623,26.655315322210022
6,5,624,26.656066215856644
6,5,625,26.62367815635239
6,5,626,26.5620310676437
6,5,627,26.51110052896481
6,5,628,26.497957360851878
6,5,629,26.51759655276281
6,5,630,26.561029111466716
6,5,631,26.605541995936147
6,5,632,26.61797975842109
6,5,633,26.591668653860435
6,5,634,26.544168446229225
6,5,635,26.48518383427306
6,5,636,26.435976353346444
6,5,637,26.414446931015277
6,5,638,26.413775113180815
6,5,639,26.417522438206195
6,5,640,26.42315824301186
6,5,641,26.425036895851047
6,5,642,26.42042848583103
6,5,643,26.417939755182847
6,5,644,26.43109737452819
6,5,645,26.467119789111806
6,5,646,26.53353847154001
6,5,647,26.620101155759638
6,5,648,26.699726076959603
6,5,649,26.751376538434123
6,5,650,26.76255506574411
6,5,651,26.727320999761428
6,5,652,26.661723817579343
6,5,653,26.598376255803206
6,5,654,26.567264222553934
6,5,655,26.58312488931394
6,5,656,26.639739902571197
6,5,657,26.71652968554449
6,5,658,26.78238627511202
6,5,659,26.799257818542984
6,5,660,26.74816252165638
6,5,661,26.636876065029785
6,5,662,26.49272095088202
6,5,663,26.34426613755813
6,5,664,26.221473671170195
6,5,665,26.143547966783387
6,5,666,26.12114994736722
6,5,667,26.143096081947608
6,5,668,26.19773536754229
6,5,669,26.266006312453552
6,5,670,26.33250135208681
6,5,671,26.377091294819117
6,5,672,26.383636363614034
6,5,673,26.33347694662792
6,5,674,26.23265624898785
6,5,675,26.096294856056595
6,5,676,25.94440187870425
6,5,677,25.80235641469884
6,5,678,25.708382562827534
6,5,679,25.671390502230047
6,5,680,25.67551277287094
6,5,681,25.699517578538455
6,5,682,25.714921294373312
6,5,683,25.680791633653037
6,5,684,25.578436885949934
6,5,685,25.417741746330332
6,5,686,25.223551703879377
6,5,687,25.031992860881545
6,5,688,24.882888104497102
6,5,689,24.80087163120231
6,5,690,24.787432276517652
6,5,691,24.824272733530563
6,5,692,24.888089853632295
6,5,693,24.95477614073981
6,5,694,25.004046149196203
6,5,695,25.029650397245117
6,5,696,25.038133619965
6,5,697,25.03516468049465
6,5,698,25.03258637383839
6,5,699,25.05205260088301
6,5,700,25.110901705902048
6,5,701,25.217189608335328
6,5,702,25.368452783912232
6,5,703,25.553747805334833
6,5,704,25.750536989768264
6,5,705,25.931143364026966
6,5,706,26.0706476548091
6,5,707,26.159912302807857
6,5,708,26.196734173017582
6,5,709,26.18922898962412
6,5,710,26.145338767235415
6,5,711,26.078537874022206
6,5,712,26.002194111979378
6,5,713,25.929776362014497
6,5,714,25.862617557514177
6,5,715,25.811453810172264
6,5,716,25.784536030426167
6,5,717,25.783664703308883
6,5,718,25.8073858193766
6,5,719,25.849062298583085
6,5,720,25.897254264527398
6,5,721,25.93692941247105
6,5,722,25.95946688533728
6,5,723,25.95025870307669
6,5,724,25.915994312487832
6,5,725,25.870534184975256
6,5,726,25.8361936062172
6,5,727,25.823664608637596
6,5,728,25.844602145561232
6,5,729,25.89894381515736
6,5,730,25.97347132667534
6,5,731,26.04170846350006
6,5,732,26.084701014677393
6,5,733,26.08769166070578
6,5,734,26.038919216565624
6,5,735,25.943949215868543
6,5,736,25.823050790492836
6,5,737,25.707395379700216
6,5,738,25.635389211673267
6,5,739,25.63802207943185
6,5,740,25.716990651341018
6,5,741,25.854383172654984
6,5,742,26.011378870715667
6,5,743,26.149818267280303
6,5,744,26.21010552142742
6,5,746,26.120570526088905
6,5,747,26.141083431635618
6,5,748,26.20725733643987
6,5,749,26.32953606021893
6,5,750,26.505250241044337
6,5,751,26.717741889784563
6,5,752,26.94009951589914
6,5,753,27.1388630025722
6,5,754,27.275329111383876
6,5,755,27.33694604648431
6,5,756,27.335274731038997
6,5,757,27.29324480660552
6,5,758,27.218070326757474
6,5,759,27.118421020099024
6,5,760,27.00028638165637
6,5,761,26.857173857295955
6,5,762,26.686183123469718
6,5,763,26.50231773234964
6,5,764,26.341936661479018
6,5,765,26.220741805110414
6,5,767,26.22337626049064
6,5,768,26.276066911103737
6,5,769,26.310346417268512
6,5,770,26.329552655651362
6,5,771,26.2995373489347
6,5,772,26.21554922429523
6,5,773,26.10217100900732
6,5,774,25.9719009699155
6,5,775,25.831872954629922
6,5,776,25.700993158846018
6,5,777,25.597775507374624
6,5,778,25.520687700449443
6,5,779,25.465733606421676
6,5,780,25.428921315909516
6,5,781,25.389107406441696
6,5,782,25.337718424779535
6,5,783,25.283983342212593
6,5,784,25.245204567903247
6,5,785,25.24185325701489
6,5,786,25.29327255143176
6,5,787,25.39109057313167
6,5,788,25.509443937336997
6,5,789,25.611691823015676
6,5,790,25.657794403071676
6,5,791,25.628282323671883
6,5,792,25.532939146879155
6,5,793,25.39356932566747
6,5,794,25.24532483052888
6,5,795,25.136723589482813
6,5,796,25.100919789139777
6,5,797,25.147069652302513
6,5,798,25.26339978844147
6,5,799,25.418926783205634
6,5,800,25.572153504557427
6,5,801,25.689133751061874
6,5,802,25.751047563465335
6,5,803,25.765364816294152
6,5,804,25.7604074886401
6,5,805,25.755456712245987
6,5,806,25.759595855608683
6,5,807,25.773865595945967
6,5,808,25.794693906012323
6,5,809,25.80994984852636
6,5,810,25.815602037954154
6,5,811,25.809840454304666
6,5,812,25.799819398614908
6,5,813,25.792949174467672
6,5,814,25.792993827970673
6,5,815,25.80279337495731
6,5,816,25.8369833343395
6,5,817,25.903693536523214
6,5,818,25.99430106188715
6,5,819,26.102771394723025
6,5,820,26.22321354894689
6,5,821,26.329643830806443
6,5,822,26.390133883710956
6,5,823,26.39024804380296
6,5,824,26.33876217077042
6,5,825,26.253047091277896
6,5,826,26.158685247948156
6,5,827,26.07793087236859
6,5,828,26.02042720012035
6,5,829,25.956333444818537
6,5,830,25.851354131014443
6,5,831,25.692512871448145
6,5,832,25.491279778394432
6,5,833,25.269431264018
6,5,834,25.07127295810047
6,5,835,24.934004145766302
6,5,836,24.866896704749113
6,5,837,24.85642606386757
6,5,838,24.881346818221346
6,5,839,24.912041679017364
6,5,840,24.928417573215672
6,5,841,24.934079693045216
6,5,842,24.953021375712183
6,5,843,25.01409573873635
6,5,844,25.14135136913549
6,5,845,25.335533797258453
6,5,846,25.563911611921977
6,5,847,25.772109440667773
6,5,848,25.91393177431095
6,5,849,25.969029610122384
6,5,850,25.980738692702893
6,5,851,25.932289023216974
6,5,852,25.858223087008565
6,5,853,25.792453757090822
6,5,854,25.762162974747874
6,5,855,25.72364022490807
6,5,856,25.694947752665172
6,5,857,25.631625860760707
6,5,858,25.538663770536882
6,5,859,25.435853881771276
6,5,860,25.335386240571825
6,5,861,25.241028553357896
6,5,862,25.159277436967933
6,5,863,25.091429740315803
6,5,864,25.032682831463404
6,5,865,24.99253651832287
6,5,866,24.974745657004902
6,5,867,24.96973977801838
6,5,868,24.96470281364585
6,5,869,24.954012274988084
6,5,870,24.926203020318965
6,5,871,24.874635426877713
6,5,872,24.804031077937875
6,5,873,24.72433498955668
6,5,874,24.640585269903603
6,5,875,24.563845094245412
6,5,876,24.509090712199853
6,5,877,24.491893854950167
6,5,878,24.51101953718994
6,5,879,24.55918174408082
6,5,880,24.62144939052409
6,5,881,24.684489274797727
6,5,882,24.739336114645354
6,5,883,24.797527339942185
6,5,884,24.867340344687854
6,5,885,24.95489008525449
6,5,886,25.054866997269908
6,5,887,25.14917055920321
6,5,888,25.2256786395297
6,5,889,25.294476269474504
6,5,890,25.362691052869142
6,5,891,25.442649250006923
6,5,892,25.556699520940768
6,5,893,25.70748410846669
6,5,894,25.873971972369358
6,5,895,26.046010194238953
6,5,896,26.207862286325128
6,5,897,26.33343610142663
6,5,898,26.408366904548036
6,5,899,26.437302541585378
6,5,900,26.42420161433457
6,5,901,26.381631830218033
6,5,902,26.33356457925485
6,5,903,26.30083544270332
6,5,904,26.289852646079378
6,5,905,26.301597161547505
6,5,906,26.334550208417376
6,5,907,26.37833772091938
6,5,908,26.409092682710675
6,5,909,26.401461344688443
6,5,910,26.336262699463145
6,5,911,26.20912748699919
6,5,912,26.03020521217933
6,5,913,25.830390040985893
6,5,914,25.65661924226314
6,5,915,25.549399263008493
6,5,916,25.51471696870172
6,5,917,25.532765416243862
6,5,918,25.576623974578993
6,5,919,25.612915639784017
6,5,920,25.617099089551786
6,5,921,25.589035911651255
6,5,922,25.544014585047197
6,5,923,25.486810457509865
6,5,924,25.412823349742933
6,5,925,25.3227364766521
6,5,926,25.233169827656255
6,5,927,25.165666727961387
6,5,928,25.154276504660793
6,5,929,25.22917572060002
6,5,930,25.388837384177048
6,5,931,25.59098899620253
6,5,932,25.785307711458696
6,5,933,25.932306334529162
6,5,934,26.025715049515533
6,5,935,26.08066477330319
6,5,936,26.129898015520304
6,5,937,26.19591691634779
6,5,938,26.273303881142294
6,5,939,26.327058293832224
6,5,940,26.327821289494167
6,5,941,26.252506909338813
6,5,942,26.108916829745098
6,5,943,25.939004350484495
6,5,944,25.788803640672274
6,5,945,25.693208911669576
6,5,946,25.676158123555243
6,5,947,25.721128631012725
6,5,948,25.77548054966268
6,5,949,25.8022804008082
6,5,950,25.775796941285797
6,5,951,25.686779928262983
6,5,952,25.554522492478956
6,5,953,25.41116244331881
6,5,954,25.274678721262305
6,5,955,25.1653865299987
6,5,956,25.09598604320647
6,5,957,25.067875346237795
6,5,958,25.081171750840976
6,5,959,25.12951677454332
6,5,960,25.191334479120364
6,5,961,25.242821875408946
6,5,962,25.264143683492595
6,5,963,25.243305209870876
6,5,964,25.17874042771147
6,5,965,25.078839004366685
6,5,966,24.956440482708757
6,5,967,24.827227370727417
6,5,968,24.699765170391743
6,5,969,24.585283671979525
6,5,970,24.495967377543042
6,5,971,24.43878826450109
6,5,972,24.41675703652622
6,5,973,24.432417897739004
6,5,974,24.479003571247617
6,5,975,24.548222831545363
6,5,976,24.642308710467656
6,5,977,24.765242291708237
6,5,978,24.91981088333623
6,5,979,25.10984186278056
6,5,980,25.323233317994788
6,5,981,25.527601593108873
6,5,982,25.69512469580011
6,5,983,25.800972891394334
6,5,984,25.827645130066465
6,5,985,25.78761455224542
6,5,986,25.71911663704116
6,5,987,25.642114403930698
6,5,988,25.586012927777702
6,5,989,25.575494387453535
6,5,990,25.60941656021803
6,5,991,25.658483661801903
6,5,992,25.707730268234524
6,5,993,25.729275725259605
6,5,994,25.70858058934911
6,5,995,25.65458520616026
6,5,996,25.596718484301576
6,5,997,25.562174473980942
6,5,998,25.57963671919407
6,5,999,25.65339517114049
6,5,1000,25.762449244064513
6,5,1001,25.876771856157635
6,5,1002,25.965407805629326
6,5,1003,25.99640321950953
6,5,1004,25.956076510737592
6,5,1005,25.8612130185493
6,5,1006,25.744129554500663
6,5,1007,25.637513720936123
6,5,1008,25.57077206069471
6,5,1009,25.55777637161203
6,5,1010,25.580735167051415
6,5,1011,25.60320530723241
6,5,1012,25.60277885564998
6,5,1013,25.57380886994908
6,5,1014,25.526836969146615
6,5,1015,25.48621702094539
6,5,1016,25.475910154834196
6,5,1017,25.503586814092895
6,5,1018,25.561937052359152
6,5,1019,25.62598205200874
6,5,1020,25.68057890529858
6,5,1021,25.72927209387143
6,5,1022,25.774349115628205
6,5,1023,25.820716076936225
6,5,1024,25.888290848546863
6,5,1025,25.984738215664667
6,5,1026,26.103122229582425
6,5,1027,26.23284183079306
6,5,1028,26.363346006757915
6,5,1029,26.486840081552074
6,5,1030,26.58754001564338
6,5,1031,26.64622180300706
6,5,1032,26.66121508925212
6,5,1033,26.637252984644476
6,5,1034,26.56847070599312
6,5,1035,26.466267742796852
6,5,1036,26.362459412613948
6,5,1037,26.27644649846403
6,5,1038,26.209709021127544
6,5,1039,26.167089098738256
6,5,1040,26.147772828915173
6,5,1041,26.12910083670176
6,5,1042,26.08217424677141
6,5,1043,25.994703005794342
6,5,1044,25.866631028419544
6,5,1045,25.709753675797295
6,5,1046,25.545605098591768
6,5,1047,25.403958645225384
6,5,1048,25.30788281667856
6,5,1049,25.26112893501011
6,5,1050,25.252983120408494
6,5,1051,25.270660571708532
6,5,1052,25.299634569957135
6,5,1053,25.324182810948557
6,5,1054,25.34108505614074
6,5,1055,25.350609883323752
6,5,1056,25.35438834469589
6,5,1057,25.356746285876913
6,5,1058,25.36597541674597
6,5,1059,25.381955732326997
6,5,1060,25.39777537458082
6,5,1061,25.406364931490902
6,5,1062,25.40746686605957
6,5,1063,25.40395255270533
6,5,1064,25.399085761164564
6,5,1065,25.40333974851014
6,5,1066,25.423527625407594
6,5,1067,25.453451982797688
6,5,1068,25.481707732158014
6,5,1069,25.504543611310396
6,5,1070,25.51621438181997
6,5,1071,25.513079918653894
6,5,1072,25.49224032243551
6,5,1073,25.453055932031997
6,5,1074,25.390612329832265
6,5,1075,25.302792877606038
6,5,1076,25.192978510301657
6,5,1077,25.074682090344684
6,5,1078,24.966228978610122
6,5,1079,24.887310300701127
6,5,1080,24.84936551989134
6,5,1081,24.85358526745685
6,5,1082,24.890611593610217
6,5,1083,24.937629701273842
6,5,1084,24.96709928687393
6,5,1085,24.961349727262192
6,5,1086,24.913504893166127
6,5,1087,24.83109899896346
6,5,1088,24.73907855495324
6,5,1089,24.666816852093497
6,5,1090,24.636736455291643
6,5,1091,24.65914769393393
6,5,1092,24.724948880522977
6,5,1093,24.807918615032133
6,5,1094,24.886589593092392
6,5,1095,24.948275741466368
6,5,1096,24.992979978930574
6,5,1097,25.02966190704573
6,5,1098,25.070336586211152
6,5,1099,25.117877012252197
6,5,1100,25.169892301816
6,5,1101,25.217527343287344
6,5,1102,25.252560913372797
6,5,1103,25.275131110481688
7,6,0,15.804074090073042
7,6,1,15.731655430965564
7,6,2,15.648013931204192
7,6,3,15.565161893453054
7,6,4,15.503134062135489
7,6,5,15.468027289567038
7,6,6,15.454060128771221
7,6,7,15.446613845299344
7,6,8,15.43592693530821
7,6,9,15.417881031405607
7,6,10,15.392724674374803
7,6,11,15.363703369016463
7,6,12,15.336193646896055
7,6,13,15.31576633367063
7,6,14,15.305191494290188
7,6,15,15.302306518401725
7,6,16,15.302121620829192
7,6,17,15.299540709738059
7,6,18,15.291458891260728
7,6,19,15.278098851014096
7,6,20,15.265030764463043
7,6,21,15.258381257863894
7,6,22,15.262243513133422
7,6,23,15.278009089997543
7,6,24,15.303008726365409
7,6,25,15.33047140247162
7,6,26,15.356298031456017
7,6,27,15.378844096473026
7,6,28,15.397093115660002
7,6,29,15.413328423787034
7,6,30,15.430871236348617
7,6,31,15.450152257124294
7,6,32,15.469937396050248
7,6,33,15.489362462738098
7,6,34,15.506217832937367
7,6,35,15.51943225383817
7,6,36,15.528499054874723
7,6,37,15.532553817472081
7,6,38,15.53147641886077
7,6,39,15.526340398666804
7,6,40,15.516583142441089
7,6,41,15.502047590990088
7,6,42,15.48544843496597
7,6,43,15.468915273687944
7,6,44,15.453634162190081
7,6,45,15.442730314036163
7,6,46,15.438700942463045
7,6,47,15.439904046975158
7,6,48,15.444651191557432
7,6,49,15.451602613249314
7,6,50,15.455337213919494
7,6,51,15.451024985864407
7,6,52,15.438043219922635
7,6,53,15.415900500234876
7,6,54,15.384171581851218
7,6,55,15.348360582198142
7,6,56,15.315128575527526
7,6,57,15.288827103930338
7,6,58,15.271744983279492
7,6,59,15.264291165277413
7,6,60,15.26326362724968
7,6,61,15.264689741087786
7,6,62,15.264855839401072
7,6,63,15.262829300363437
7,6,64,15.260165456304554
7,6,65,15.258642833217047
7,6,66,15.258235086179972
7,6,67,15.257761166894504
7,6,68,15.254176401345038
7,6,69,15.246884125543245
7,6,70,15.237222376527555
7,6,71,15.226981043331879
7,6,72,15.219220785675054
7,6,73,15.218744227562167
7,6,74,15.224482200627353
7,6,75,15.232661581741201
7,6,76,15.242080197149823
7,6,77,15.252205288053533
7,6,78,15.261179229450285
7,6,79,15.269535697544882
7,6,80,15.279253360889804
7,6,81,15.29098271380002
7,6,82,15.304341864881627
7,6,83,15.318567828386286
7,6,84,15.332953218973982
7,6,85,15.346241968940618
7,6,86,15.356222110953853
7,6,87,15.361471725729775
7,6,88,15.362847854095229
7,6,89,15.360822083966026
7,6,90,15.35614190800623
7,6,91,15.349985813561995
7,6,92,15.342554224358805
7,6,93,15.33344616723533
7,6,94,15.324150940922124
7,6,95,15.315717644170464
7,6,96,15.309000289938696
7,6,97,15.305381172061596
7,6,98,15.304552171716086
7,6,99,15.304048969557165
7,6,100,15.30217062559137
7,6,101,15.298985246369273
7,6,102,15.295783404685146
7,6,103,15.295410224333477
7,6,104,15.302014101836061
7,6,105,15.318133738312937
7,6,106,15.341557116493654
7,6,107,15.367107269333092
7,6,108,15.389271409605662
7,6,109,15.402819095654808
7,6,110,15.405831125371225
7,6,111,15.40242498973403
7,6,112,15.398357594104175
7,6,113,15.397415531296174
7,6,114,15.40136835450189
7,6,115,15.408960392562223
7,6,116,15.415830160251666
7,6,117,15.418140692900904
7,6,118,15.414599812678984
7,6,119,15.406040277957926
7,6,120,15.395128232853164
7,6,121,15.385392719905557
7,6,122,15.380020299313921
7,6,123,15.38035976199968
7,6,124,15.385845044173045
7,6,125,15.39473053309666
7,6,126,15.405030153343509
7,6,127,15.415257562869876
7,6,128,15.426420055320339
7,6,129,15.43949879283431
7,6,130,15.453334756938178
7,6,131,15.465909986305611
7,6,132,15.474843585641064
7,6,133,15.474974423358923
7,6,134,15.46359061531824
7,6,135,15.443098013203926
7,6,136,15.417834007972507
7,6,137,15.39211144288297
7,6,138,15.37246713787109
7,6,139,15.36438608205543
7,6,140,15.368951623228549
7,6,141,15.38441200393775
7,6,142,15.407268640314536
7,6,143,15.43361440183886
7,6,144,15.45996347952239
7,6,145,15.485150457712292
7,6,146,15.50963669916344
7,6,147,15.534853547883126
7,6,148,15.560207813507148
7,6,149,15.582870303210793
7,6,150,15.600546729811107
7,6,151,15.611794251314157
7,6,152,15.616346184922797
7,6,153,15.615056265272617
7,6,154,15.6102734329355
7,6,155,15.603340592864381
7,6,156,15.594530318922272
7,6,157,15.583325529227235
7,6,158,15.569501305669624
7,6,159,15.55493248940075
7,6,160,15.541375427205638
7,6,161,15.530411653062753
7,6,162,15.524395424638499
7,6,163,15.52620915962477
7,6,164,15.533518225434094
7,6,165,15.543700431100012
7,6,166,15.555186023807334
7,6,167,15.564972825814113
7,6,168,15.570339698353546
7,6,169,15.57341925900159
7,6,170,15.577325567249758
7,6,171,15.583172825147814
7,6,172,15.592443592585761
7,6,173,15.604555570839187
7,6,174,15.616302616056165
7,6,175,15.622979361058107
7,6,176,15.621846109119993
7,6,177,15.613112497116154
7,6,178,15.599205857262529
7,6,179,15.583405916753566
7,6,180,15.568872112679287
7,6,181,15.557295821898302
7,6,182,15.547052963037173
7,6,183,15.536799306758438
7,6,184,15.526224666104316
7,6,185,15.515749815793326
7,6,186,15.506651283983885
7,6,187,15.501065022942832
7,6,188,15.500653624014056
7,6,189,15.505812624800676
7,6,190,15.516675235536836
7,6,191,15.532250186807516
7,6,192,15.549942268659548
7,6,193,15.564314568662825
7,6,194,15.569982498398902
7,6,195,15.563955721821712
7,6,196,15.546591286366095
7,6,197,15.521277236478902
7,6,198,15.493290100620277
7,6,199,15.466525570996586
7,6,200,15.44282006039389
7,6,201,15.422753500769
7,6,202,15.404671728113206
7,6,203,15.387902638585881
7,6,204,15.374368842355528
7,6,205,15.366106050307412
7,6,206,15.362976341091677
7,6,207,15.365975730770536
7,6,208,15.374857479078262
7,6,209,15.388838660175235
7,6,210,15.406687945583025
7,6,211,15.427936041847849
7,6,212,15.45212666099286
7,6,213,15.47998176831435
7,6,214,15.510916021283562
7,6,215,15.54415978202266
7,6,216,15.577315831548251
7,6,217,15.606781098130693
7,6,218,15.62823077444518
7,6,219,15.639101477517732
7,6,220,15.637975761176108
7,6,221,15.627176723481456
7,6,222,15.610691810299285
7,6,223,15.592445221646017
7,6,224,15.575389922802618
7,6,225,15.562744858218698
7,6,226,15.555308305293908
7,6,227,15.55145672423613
7,6,228,15.548579663970305
7,6,229,15.545160546740252
7,6,230,15.538030523389708
7,6,231,15.524790919514665
7,6,232,15.506173062487198
7,6,233,15.484498002556329
7,6,234,15.460405993816313
7,6,235,15.437784020856373
7,6,236,15.42297772168531
7,6,237,15.419170909860227
7,6,238,15.427311246507449
7,6,239,15.446684606267322
7,6,240,15.47308427949739
7,6,241,15.498404372252587
7,6,242,15.51726744820265
7,6,243,15.527276250477977
7,6,244,15.52967213753956
7,6,245,15.525733395502447
7,6,246,15.51831954287115
7,6,247,15.509219182188755
7,6,248,15.498519559333308
7,6,249,15.484668355750765
7,6,250,15.467930463087088
7,6,251,15.447763130315112
7,6,252,15.423736349210845
7,6,253,15.397787756377618
7,6,254,15.373458709548455
7,6,255,15.352632598802169
7,6,256,15.336756661452046
7,6,257,15.326612859789678
7,6,258,15.320060479781466
7,6,259,15.312758065938457
7,6,260,15.29952508956346
7,6,261,15.273325009160295
7,6,262,15.229664509191508
7,6,263,15.1736932319159
7,6,264,15.109280441329135
7,6,265,15.035228801627916
7,6,266,14.95378346830534
7,6,267,14.882875736383534
7,6,268,14.831416556592806
7,6,269,14.799068092177809
7,6,270,14.790912353975571
7,6,271,14.81783281584707
7,6,272,14.859905582347098
7,6,273,14.895084127004157
7,6,274,14.929789171545155
7,6,275,14.975911104910097
7,6,276,15.027642247528417
7,6,277,15.079011113363507
7,6,278,15.131566693797545
7,6,279,15.173953246457854
7,6,280,15.193017391192265
7,6,281,15.18832999969636
7,6,282,15.176383859147526
7,6,283,15.16883969070303
7,6,284,15.172619709755521
7,6,285,15.186808887499145
7,6,286,15.207360633055766
7,6,287,15.231342078286461
7,6,288,15.251504861799013
7,6,289,15.258288041633817
7,6,290,15.25677184294766
7,6,291,15.25571040427109
7,6,292,15.247949684960387
7,6,293,15.232769949270182
7,6,294,15.221353160867416
7,6,295,15.213848136375313
7,6,296,15.20376780188878
7,6,297,15.192312208108655
7,6,298,15.177736940594134
7,6,299,15.153003541717135
7,6,300,15.11857712398085
7,6,301,15.08288462976108
7,6,302,15.052600813020339
7,6,303,15.033785385748036
7,6,304,15.029924901999161
7,6,305,15.035711990045797
7,6,306,15.04039556055887
7,6,307,15.043029853290369
7,6,308,15.047308342913952
7,6,309,15.05316899630481
7,6,310,15.06364668389387
7,6,311,15.08215152022312
7,6,312,15.103825540185658
7,6,313,15.121067059533528
7,6,314,15.137031016733843
7,6,315,15.154549329060458
7,6,316,15.174338414078804
7,6,317,15.197853972060342
7,6,318,15.230352492064828
7,6,319,15.271647006962302
7,6,320,15.320633782626153
7,6,321,15.373915233681565
7,6,322,15.430092959302739
7,6,323,15.479963761319905
7,6,324,15.510676971572664
7,6,325,15.515792910878671
7,6,326,15.500936632406487
7,6,327,15.472460420643142
7,6,328,15.442570433306138
7,6,329,15.426637670570278
7,6,330,15.429484719553002
7,6,331,15.443800993109786
7,6,332,15.461748346925408
7,6,333,15.47464532653815
7,6,334,15.470890384460517
7,6,335,15.450300940515262
7,6,336,15.418420561197435
7,6,337,15.378176814963515
7,6,338,15.33615241367995
7,6,339,15.303837032943907
7,6,340,15.281264743017479
7,6,341,15.268585740563626
7,6,342,15.267583318240982
7,6,343,15.274583137859175
7,6,344,15.281975931187102
7,6,345,15.288183124116172
7,6,346,15.29313484567881
7,6,347,15.30179166958199
7,6,348,15.321293870880146
7,6,349,15.349765278329272
7,6,350,15.31291747058782
7,6,351,15.218482889722035
7,6,352,15.151855520719483
7,6,353,15.127001435718007
7,6,354,15.146602053023232
7,6,355,15.204602008821945
7,6,356,15.285158529780459
7,6,357,15.346448210305136
7,6,358,15.435156512123271
7,6,359,15.49310179360353
7,6,360,15.513773743043524
7,6,361,15.523481521585733
7,6,362,15.582538703442752
7,6,363,15.67904629475806
7,6,364,15.74787665927234
7,6,365,15.762850959212221
7,6,366,15.722344584991497
7,6,367,15.649696163645954
7,6,368,15.582175688305094
7,6,369,15.588431547278978
7,6,370,15.601015717358115
7,6,371,15.599025035585093
7,6,372,15.59833841561991
7,6,373,15.663233987207557
7,6,374,15.718787790724715
7,6,375,15.733589704698225
7,6,376,15.700199983150535
7,6,377,15.637806325239456
7,6,378,15.624352920884466
7,6,379,15.652056695696023
7,6,380,15.689233972558252
7,6,381,15.694243733417402
7,6,382,15.602112710946946
7,6,383,15.46375788384204
7,6,384,15.29788110607903
7,6,385,15.11645537990053
7,6,386,14.937085975414503
7,6,387,14.792067978066747
7,6,388,14.710739261266129
7,6,389,14.698624478288924
7,6,390,14.745283499884861
7,6,391,14.83943565566131
7,6,392,14.959960324730583
7,6,393,15.077350628854541
7,6,394,15.170591582207729
7,6,395,15.233887927850164
7,6,396,15.260379911651142
7,6,397,15.236957747362068
7,6,398,15.164958384516952
7,6,399,15.059860493549191
7,6,400,14.93750673264094
7,6,401,14.81562650033921
7,6,402,14.721270162210901
7,6,403,14.666100720535905
7,6,404,14.63571717739951
7,6,405,14.608040806669635
7,6,406,14.560733489641736
7,6,407,14.47246539188631
7,6,408,14.333291827961837
7,6,409,14.152211342472654
7,6,410,13.954195635277246
7,6,411,13.773023867419269
7,6,412,13.642016298314507
7,6,413,13.584166692281915
7,6,414,13.608847000027392
7,6,415,13.70872823171417
7,6,416,13.855403469910094
7,6,417,14.010686433942828
7,6,418,14.147559272517238
7,6,419,14.2546950626069
7,6,420,14.323499946500442
7,6,421,14.351505128297546
7,6,422,14.340247041967649
7,6,423,14.292272528238975
7,6,424,14.20753170338765
7,6,425,14.09596710145982
7,6,426,13.980031666803708
7,6,427,13.891878367287214
7,6,428,13.863168108590884
7,6,429,13.913822530109158
7,6,430,14.039296891527412
7,6,431,14.220170984276844
7,6,432,14.424035928378682
7,6,433,14.606789605875809
7,6,434,14.735618400610303
7,6,435,14.808753656289674
7,6,436,14.840061032413354
7,6,437,14.84121850110493
7,6,438,14.822914813801086
7,6,439,14.801715106736324
7,6,440,14.780011637868178
7,6,441,14.745479748774148
7,6,442,14.701051306829108
7,6,443,14.665395720334748
7,6,444,14.643694145626514
7,6,445,14.634879850679203
7,6,446,14.647948737363919
7,6,447,14.685833838591414
7,6,448,14.747197023236575
7,6,449,14.830530246299135
7,6,450,14.938047817109448
7,6,451,15.059781501684695
7,6,452,15.179342512921256
7,6,453,15.273731782083985
7,6,454,15.33127298342226
7,6,455,15.346263221447117
7,6,456,15.323920069990457
7,6,457,15.27595560643269
7,6,458,15.219590783643548
7,6,459,15.157705903316177
7,6,460,15.092033479078568
7,6,461,15.025885363115815
7,6,462,14.964701124430112
7,6,463,14.908019538273791
7,6,464,14.866294878323167
7,6,465,14.848846920175449
7,6,466,14.858942073440277
7,6,467,14.890651136927248
7,6,468,14.944266762757834
7,6,469,15.010256804182559
7,6,470,15.071783462493517
7,6,471,15.11531569363501
7,6,472,15.140481047156287
7,6,473,15.141420094001637
7,6,474,15.114359054016074
7,6,475,15.064972284760383
7,6,476,14.999490050614314
7,6,477,14.914066435292657
7,6,478,14.808583706650834
7,6,479,14.689521632049935
7,6,480,14.562207286582971
7,6,481,14.432186418918107
7,6,482,14.314176877169363
7,6,483,14.225455712687724
7,6,484,14.184763607568566
7,6,485,14.202360515892424
7,6,486,14.27015881891616
7,6,487,14.3600644532154
7,6,488,14.44994509012811
7,6,489,14.515829513734124
7,6,490,14.539173815268995
7,6,491,14.522724929723696
7,6,492,14.498482173882982
7,6,493,14.491817903394974
7,6,494,14.510077504923492
7,6,495,14.547336516238554
7,6,496,14.59120018473093
7,6,497,14.605564866621204
7,6,498,14.553759111061103
7,6,499,14.439114107330237
7,6,500,14.285886923380936
7,6,501,14.106998139999924
7,6,502,13.932760408937401
7,6,503,13.79830369393426
7,6,504,13.699542263892983
7,6,505,13.625938474495278
7,6,506,13.591878033321697
7,6,507,13.607216471131377
7,6,508,13.664253533012346
7,6,509,13.768996975521201
7,6,510,13.926500895259782
7,6,511,14.120554104040627
7,6,512,14.318972185941343
7,6,513,14.50722130957727
7,6,514,14.678252371003756
7,6,515,14.814147221178226
7,6,516,14.901574606906324
7,6,517,14.95165155480225
7,6,518,14.968734715074012
7,6,519,14.946736805875581
7,6,520,14.891945131746743
7,6,521,14.822896813651033
7,6,522,14.761178582388036
7,6,523,14.727531242815482
7,6,524,14.73706412766173
7,6,525,14.796829966015357
7,6,526,14.903274587231916
7,6,527,15.032938659535294
7,6,528,15.161753843174363
7,6,529,15.268705220080214
7,6,530,15.340427337010283
7,6,531,15.367386436724122
7,6,532,15.345133220674686
7,6,533,15.279655828121657
7,6,534,15.191874758412222
7,6,535,15.104256676376083
7,6,536,15.036763014927093
7,6,537,15.00780837646602
7,6,538,15.013100682380113
7,6,539,15.032670027232772
7,6,540,15.04191966704522
7,6,541,15.028627385674735
7,6,542,14.98877478683244
7,6,543,14.933599741612902
7,6,544,14.881609039419123
7,6,545,14.857839197302305
7,6,546,14.86890570583771
7,6,547,14.91074676143668
7,6,548,14.978012839796722
7,6,549,15.059958735709966
7,6,550,15.12910332441768
7,6,551,15.165075841416582
7,6,552,15.162804931393355
7,6,553,15.12059634986448
7,6,554,15.042140075951403
7,6,555,14.950216821506055
7,6,556,14.876777037008152
7,6,557,14.839257302643528
7,6,558,14.8473641264645
7,6,559,14.909936587446158
7,6,560,15.020152627776692
7,6,561,15.155412643963178
7,6,562,15.29347070624804
7,6,563,15.416234140526988
7,6,564,15.498880097322706
7,6,565,15.53339795567117
7,6,566,15.526166282322642
7,6,567,15.488478786746072
7,6,568,15.425019640959375
7,6,569,15.348853433492925
7,6,570,15.261525017084642
7,6,571,15.156022379585012
7,6,572,15.030355266828604
7,6,573,14.898309812840537
7,6,574,14.770162480721337
7,6,575,14.657735609480794
7,6,576,14.579460200924602
7,6,577,14.5491122444503
7,6,578,14.56544316176445
7,6,579,14.620867737360387
7,6,580,14.709908238633108
7,6,581,14.82258530588685
7,6,582,14.94317169081889
7,6,583,15.05344077271649
7,6,584,15.141221763268598
7,6,585,15.196612840779355
7,6,586,15.216647082311002
7,6,587,15.210057762591205
7,6,588,15.200053180408247
7,6,589,15.212712662821273
7,6,590,15.261605164745054
7,6,591,15.342491763068926
7,6,592,15.44301588374528
7,6,593,15.54287367604128
7,6,594,15.620236230970109
7,6,595,15.671048479746338
7,6,596,15.708520818950305
7,6,597,15.741111515260373
7,6,598,15.773555082816417
7,6,599,15.810723809782287
7,6,600,15.850597499479479
7,6,601,15.885365047830234
7,6,602,15.915267877101888
7,6,603,15.941712025837852
7,6,604,15.959756704437533
7,6,605,15.96902124570119
7,6,606,15.969085804782457
7,6,607,15.959906876112338
7,6,608,15.943319450321336
7,6,609,15.924484605723245
7,6,610,15.899055826959174
7,6,611,15.868394920060476
7,6,612,15.835851912424575
7,6,613,15.80719106203771
7,6,614,15.78807109181426
7,6,615,15.789493389201022
7,6,616,15.817214929636982
7,6,617,15.870522463106408
7,6,618,15.944308268046505
7,6,619,16.03908934187438
7,6,620,16.149343957388112
7,6,621,16.263610345701974
7,6,622,16.374479932815067
7,6,623,16.483077128627368
7,6,624,16.584818219357263
7,6,625,16.668282294617406
7,6,626,16.7259368754517
7,6,627,16.74646436087406
7,6,628,16.71882254938505
7,6,629,16.641654799110697
7,6,630,16.53846528632915
7,6,631,16.435747948192102
7,6,632,16.355895183257722
7,6,633,16.309841979391617
7,6,634,16.2846468739473
7,6,635,16.24673199839348
7,6,636,16.168882669271152
7,6,637,16.048964859450994
7,6,638,15.88637751065435
7,6,639,15.70099096631283
7,6,640,15.534466196261839
7,6,641,15.421448935834217
7,6,642,15.365025939961004
7,6,643,15.370455823321308
7,6,644,15.444657535033222
7,6,645,15.565653025135868
7,6,646,15.703634765327173
7,6,647,15.84486688520814
7,6,648,15.981191335595327
7,6,649,16.088029550206304
7,6,650,16.151664060211733
7,6,651,16.171973905198577
7,6,652,16.151109728041785
7,6,653,16.089699105605284
7,6,654,16.004159474960623
7,6,655,15.915794923697396
7,6,656,15.834424755341693
7,6,657,15.75896281805194
7,6,658,15.689546635159356
7,6,659,15.626014370974895
7,6,660,15.566823544839972
7,6,661,15.515734872004868
7,6,662,15.480504797752168
7,6,663,15.464747650950171
7,6,664,15.462433041209957
7,6,665,15.463743608929438
7,6,666,15.454620471518371
7,6,667,15.425689100224321
7,6,668,15.377165674747358
7,6,669,15.320273119980206
7,6,670,15.26925863089401
7,6,671,15.239515709715905
7,6,672,15.231195731581348
7,6,673,15.233918729217953
7,6,674,15.23876205672106
7,6,675,15.24211115401872
7,6,676,15.240251405587287
7,6,677,15.242400522974377
7,6,678,15.255632725452001
7,6,679,15.273871284669845
7,6,680,15.287021399444093
7,6,681,15.293117726317023
7,6,682,15.286953321906374
7,6,683,15.264973359243964
7,6,684,15.231255770989955
7,6,685,15.189634602907311
7,6,686,15.141619324739482
7,6,687,15.09420285005706
7,6,688,15.055455412102445
7,6,689,15.027940050762599
7,6,690,15.017611869290256
7,6,691,15.028074448925024
7,6,692,15.052926938537928
7,6,693,15.087647889986577
7,6,694,15.128575233765233
7,6,695,15.1618461814341
7,6,696,15.17424248402701
7,6,697,15.170535525406516
7,6,698,15.164372879541114
7,6,699,15.173265323996391
7,6,700,15.221967060890707
7,6,701,15.325930463195448
7,6,702,15.484235154531236
7,6,703,15.675727498776642
7,6,704,15.870912188054051
7,6,705,16.04025435987472
7,6,706,16.17305242470117
7,6,707,16.260634974438908
7,6,708,16.30547227948026
7,6,709,16.32657578122748
7,6,710,16.34611189161515
7,6,711,16.368878446783704
7,6,712,16.397279431051142
7,6,713,16.427868739810215
7,6,714,16.440208505891633
7,6,715,16.414849974869846
7,6,716,16.351054993352495
7,6,717,16.25958062171978
7,6,718,16.166886557342586
7,6,719,16.106857230923808
7,6,720,16.094820064090936
7,6,721,16.127466556887697
7,6,722,16.194051950204113
7,6,723,16.268377070053482
7,6,724,16.3260479277326
7,6,725,16.36257691670224
7,6,726,16.376595209713095
7,6,727,16.36479128017904
7,6,728,16.33506823559728
7,6,729,16.29294309009755
7,6,730,16.23256037503557
7,6,731,16.151778569134006
7,6,732,16.060934103749855
7,6,733,15.962652701306416
7,6,734,15.857559041269813
7,6,735,15.747749379207526
7,6,736,15.646848794460364
7,6,737,15.579493709865393
7,6,738,15.572882657984932
7,6,739,15.632966049661134
7,6,740,15.753384336551731
7,6,741,15.902373255329378
7,6,742,16.0076214733241
7,6,743,15.997101956218254
7,6,744,15.885608251797912
7,6,746,15.453972734900537
7,6,747,15.141160114333916
7,6,748,14.881746692349138
7,6,749,14.708436945936144
7,6,750,14.611837559897623
7,6,751,14.557045371318987
7,6,752,14.525813378390554
7,6,753,14.517161223388921
7,6,754,14.529226427615333
7,6,755,14.557049948216532
7,6,756,14.6024179932216
7,6,757,14.651201346297354
7,6,758,14.69901116435716
7,6,759,14.75159222668349
7,6,760,14.816351424902393
7,6,761,14.89550533433161
7,6,762,15.004399372287898
7,6,763,15.137813587050712
7,6,764,15.272729643469445
7,6,765,15.402123553612578
7,6,767,15.475471123130331
7,6,768,15.47192432555526
7,6,769,15.47690277414648
7,6,770,15.46335929705194
7,6,771,15.466716199235906
7,6,772,15.502777347621128
7,6,773,15.557138590643461
7,6,774,15.617753732847767
7,6,775,15.672746543293746
7,6,776,15.693512584655965
7,6,777,15.660704045444179
7,6,778,15.585139452109566
7,6,779,15.488020470992398
7,6,780,15.383560715977865
7,6,781,15.290223893274774
7,6,782,15.224298525515351
7,6,783,15.183103141197597
7,6,784,15.153265319694642
7,6,785,15.128663361039514
7,6,786,15.106136824419558
7,6,787,15.08663298149861
7,6,788,15.077354325141958
7,6,789,15.08281939422034
7,6,790,15.106249787855607
7,6,791,15.147756284855232
7,6,792,15.19333531421056
7,6,793,15.223092420862322
7,6,794,15.226231307386316
7,6,795,15.197826431801538
7,6,796,15.144686081803574
7,6,797,15.083319202537385
7,6,798,15.03407465711402
7,6,799,15.008931410629318
7,6,800,15.018703271705192
7,6,801,15.061223671435348
7,6,802,15.128469602823301
7,6,803,15.199353736105136
7,6,804,15.266343903059346
7,6,805,15.315499276463491
7,6,806,15.337288795849375
7,6,807,15.332270354916139
7,6,808,15.32303056652527
7,6,809,15.319217374753384
7,6,810,15.324101642455615
7,6,811,15.344042147033319
7,6,812,15.380931518684616
7,6,813,15.424452631149224
7,6,814,15.471458664093053
7,6,815,15.528721368986188
7,6,816,15.596145150127056
7,6,817,15.679544423929878
7,6,818,15.78584799097375
7,6,819,15.90499003355067
7,6,820,16.028186885562693
7,6,821,16.147575692323937
7,6,822,16.234814165515427
7,6,823,16.25826050878789
7,6,824,16.216266525184107
7,6,825,16.113169636077554
7,6,826,15.965867466187456
7,6,827,15.802900894531954
7,6,828,15.652745716048326
7,6,829,15.530481785533569
7,6,830,15.443797754775424
7,6,831,15.387857587157693
7,6,832,15.356832805017357
7,6,833,15.350368647512559
7,6,834,15.35855522281352
7,6,835,15.370381675235487
7,6,836,15.378279386461118
7,6,837,15.380466335133418
7,6,838,15.370914405672323
7,6,839,15.349442235578174
7,6,840,15.315843388943588
7,6,841,15.276866728440522
7,6,842,15.241651915138869
7,6,843,15.211910926936243
7,6,844,15.174403488122461
7,6,845,15.124603276378478
7,6,846,15.05973146241741
7,6,847,14.981485472391995
7,6,848,14.88337303086011
7,6,850,14.992959285490015
7,6,851,15.191844311439134
7,6,852,15.363904511447291
7,6,854,15.782422159462223
7,6,856,16.041794097808992
7,6,857,16.109232666430795
7,6,858,16.197362848502742
7,6,859,16.289281301765648
7,6,860,16.35076137023822
7,6,861,16.37793777480069
7,6,862,16.364294932212864
7,6,863,16.317592739929857
7,6,864,16.26099806297916
7,6,865,16.220546231367894
7,6,866,16.218125158159506
7,6,867,16.256611390323798
7,6,868,16.318224856676036
7,6,869,16.37898345742182
7,6,870,16.41808494734178
7,6,871,16.410619769921546
7,6,872,16.348998160317137
7,6,873,16.24278048635915
7,6,874,16.11233957272695
7,6,875,15.966193939262508
7,6,876,15.812486521735611
7,6,877,15.662495770946595
7,6,878,15.523854783424389
7,6,879,15.391702885976878
7,6,880,15.271216216473505
7,6,881,15.172844275044925
7,6,882,15.100036508655695
7,6,883,15.052105980829785
7,6,884,15.029209802445383
7,6,885,15.024961033658705
7,6,886,15.024649255776108
7,6,887,15.012526511014821
7,6,888,14.98537789081391
7,6,889,14.947062297064605
7,6,890,14.905002858857682
7,6,891,14.876094656724595
7,6,892,14.879857118522045
7,6,893,14.918957046208467
7,6,894,14.995922919417458
7,6,895,15.108015676673974
7,6,896,15.242410587503334
7,6,897,15.385505356104659
7,6,898,15.538480472293223
7,6,899,15.686511213533619
7,6,900,15.808491038665556
7,6,901,15.888423700942516
7,6,902,15.91602050220979
7,6,903,15.880281033907378
7,6,904,15.80180347448892
7,6,905,15.713508957268866
7,6,906,15.635561159576861
7,6,907,15.580448023351545
7,6,908,15.54654941338491
7,6,909,15.507671968863672
7,6,910,15.439429125864319
7,6,911,15.349989013173362
7,6,912,15.259884047669454
7,6,913,15.196454312053547
7,6,914,15.182499837326203
7,6,915,15.222560288619398
7,6,916,15.293850978810033
7,6,917,15.363999452847208
7,6,918,15.409742330540265
7,6,919,15.422244174974571
7,6,920,15.411162033082189
7,6,921,15.394725345664492
7,6,922,15.38937255314528
7,6,923,15.393111696785526
7,6,924,15.395686593655068
7,6,925,15.38562550725755
7,6,926,15.361574105085204
7,6,927,15.333360735469194
7,6,928,15.321097261160984
7,6,929,15.346708956610083
7,6,930,15.41065223176356
7,6,931,15.491079295268083
7,6,932,15.564574833259176
7,6,933,15.61650153644307
7,6,934,15.63387832742411
7,6,935,15.62506567826776
7,6,936,15.615531009540115
7,6,937,15.617361632449851
7,6,938,15.631678751874608
7,6,939,15.65667655692632
7,6,940,15.685622921633234
7,6,941,15.700069564629374
7,6,942,15.68702249261124
7,6,943,15.646549182567645
7,6,944,15.591251032579008
7,6,945,15.53277625623641
7,6,946,15.483234350755355
7,6,947,15.45437497714224
7,6,948,15.440867430335711
7,6,949,15.431092355865195
7,6,950,15.416343530489728
7,6,951,15.395592770632682
7,6,952,15.37191039328555
7,6,953,15.35107245449184
7,6,954,15.328450305110737
7,6,955,15.306142131811495
7,6,956,15.291471758173056
7,6,957,15.285858175205357
7,6,958,15.289443931252583
7,6,959,15.304594204748199
7,6,960,15.31921452580949
7,6,961,15.316517192198168
7,6,962,15.293196260704027
7,6,963,15.2591005239587
7,6,964,15.226072789230969
7,6,965,15.207396903165321
7,6,966,15.208407855873263
7,6,967,15.219155434684453
7,6,968,15.227203082878209
7,6,969,15.227832625237562
7,6,970,15.220212290664508
7,6,971,15.209161312576512
7,6,972,15.203427800812776
7,6,973,15.19890871081429
7,6,974,15.181011663322199
7,6,975,15.141587117621418
7,6,976,15.085052574655805
7,6,977,15.031431827510394
7,6,978,15.015894692142718
7,6,979,15.06379027659034
7,6,980,15.177632797825867
7,6,981,15.340374306786774
7,6,982,15.511475451275592
7,6,983,15.63620360677817
7,6,984,15.683356330391572
7,6,985,15.655552822019953
7,6,986,15.571962810520922
7,6,987,15.47039308042548
7,6,988,15.39269314317996
7,6,989,15.369390437059543
7,6,990,15.39693322918773
7,6,991,15.45134493630099
7,6,992,15.505100141779195
7,6,993,15.543966807807859
7,6,994,15.55535270728525
7,6,995,15.55017995055545
7,6,996,15.547042540761579
7,6,997,15.552640250278252
7,6,998,15.5665196372231
7,6,999,15.58560717957571
7,6,1000,15.589577967977805
7,6,1001,15.56559323314663
7,6,1002,15.516468216626642
7,6,1003,15.441538404614429
7,6,1004,15.34289068109855
7,6,1005,15.230282815291895
7,6,1006,15.115372240899712
7,6,1007,15.011172901075462
7,6,1008,14.926711315241706
7,6,1009,14.86573403336805
7,6,1010,14.831427683951723
7,6,1011,14.826965189009957
7,6,1012,14.851206560692022
7,6,1013,14.911308002909356
7,6,1014,15.013510931002866
7,6,1015,15.158645836022494
7,6,1016,15.326717338885835
7,6,1017,15.486739451671017
7,6,1018,15.606907970979469
7,6,1019,15.661658663251034
7,6,1020,15.640701044271323
7,6,1021,15.56653887764172
7,6,1022,15.470974657145717
7,6,1023,15.379843925520744
7,6,1024,15.310931108833879
7,6,1025,15.26922444164871
7,6,1026,15.235793922061804
7,6,1027,15.19999072316895
7,6,1028,15.159792894280642
7,6,1029,15.121251766960427
7,6,1030,15.09919194723965
7,6,1031,15.114184295915672
7,6,1032,15.161973469786204
7,6,1033,15.231951302687
7,6,1034,15.309850184102634
7,6,1035,15.372409450269268
7,6,1036,15.393695243050256
7,6,1037,15.375089200302563
7,6,1038,15.325694862096237
7,6,1039,15.252096076899537
7,6,1040,15.166051136842597
7,6,1041,15.088351932186834
7,6,1042,15.029081290959018
7,6,1043,14.987404488487735
7,6,1044,14.957114183249116
7,6,1045,14.929428677359281
7,6,1046,14.894202859963364
7,6,1047,14.84618065612724
7,6,1048,14.789671333532842
7,6,1049,14.740677588964859
7,6,1050,14.712382028788149
7,6,1051,14.713912827865414
7,6,1052,14.747150056830115
7,6,1053,14.804134533676205
7,6,1054,14.868205779126665
7,6,1055,14.924243182869304
7,6,1056,14.961048539263881
7,6,1057,14.97673401555846
7,6,1058,14.979922990430662
7,6,1059,14.979705187873117
7,6,1060,14.984848768589776
7,6,1061,15.002784056611853
7,6,1062,15.03486709291372
7,6,1063,15.073122869918215
7,6,1064,15.113438246318616
7,6,1065,15.153042176371407
7,6,1066,15.185710832698149
7,6,1067,15.210312697809039
7,6,1068,15.238389029705983
7,6,1069,15.275037887709832
7,6,1070,15.3198048462806
7,6,1071,15.375692003421436
7,6,1072,15.434932045771557
7,6,1073,15.474303430233624
7,6,1074,15.480131462651482
7,6,1075,15.44985483865546
7,6,1076,15.384066126007527
7,6,1077,15.300480474167236
7,6,1078,15.232387404255103
7,6,1079,15.209339166674972
7,6,1080,15.246108522138632
7,6,1081,15.342449289285957
7,6,1082,15.480712727725932
7,6,1083,15.630357369779244
7,6,1084,15.754851384615721
7,6,1085,15.828749929524026
7,6,1086,15.845566058148389
7,6,1087,15.811326945842524
7,6,1088,15.74089191545983
7,6,1089,15.657849099655337
7,6,1090,15.587831347316813
7,6,1091,15.543724864680907
7,6,1092,15.530971498676204
7,6,1093,15.548894475144293
7,6,1094,15.591265377309947
7,6,1095,15.649393829805092
7,6,1096,15.715916408136293
7,6,1097,15.781799233256445
7,6,1098,15.839139771706432
7,6,1099,15.885237711741553
7,6,1100,15.909336870382502
7,6,1101,15.91001610840103
7,6,1102,15.899146917852534
7,6,1103,15.886790780148884
8,7,0,13.531169693404248
8,7,1,13.477899201861788
8,7,2,13.413032376060071
8,7,3,13.345783918104042
8,7,4,13.291258485562718
8,7,5,13.254843574301516
8,7,6,13.234181378995045
8,7,7,13.221074930320098
8,7,8,13.207950481441308
8,7,9,13.190836899160951
8,7,10,13.169251066819218
8,7,11,13.145155698141378
8,7,12,13.12150871020739
8,7,13,13.10132258616732
8,7,14,13.087132268768496
8,7,15,13.080245482246207
8,7,16,13.079110045995956
8,7,17,13.081426255128996
8,7,18,13.085282721580628
8,7,19,13.087892152914074
8,7,20,13.085785208186355
8,7,21,13.079695407343285
8,7,22,13.071154450040101
8,7,23,13.060269061207107
8,7,24,13.048532573508137
8,7,25,13.038876909708083
8,7,26,13.03023241185088
8,7,27,13.022096966887457
8,7,28,13.01624017104269
8,7,29,13.012915898070036
8,7,30,13.011150945987524
8,7,31,13.011727147295758
8,7,32,13.014221800682579
8,7,33,13.015493880900939
8,7,34,13.014505921481023
8,7,35,13.01283707930392
8,7,36,13.01238754212443
8,7,37,13.015197126748392
8,7,38,13.025111096764407
8,7,39,13.043983350285501
8,7,40,13.06995230560848
8,7,41,13.09944896262017
8,7,42,13.12824578202366
8,7,43,13.153044793290196
8,7,44,13.17161462148732
8,7,45,13.182910444194286
8,7,46,13.187692051014727
8,7,47,13.18834908520244
8,7,48,13.18551839105878
8,7,49,13.179841466180712
8,7,50,13.173698169765043
8,7,51,13.167443655630757
8,7,52,13.159870504168033
8,7,53,13.150703571599848
8,7,54,13.139961834682621
8,7,55,13.128086821946782
8,7,56,13.119926455975378
8,7,57,13.119444972772396
8,7,58,13.128221086629052
8,7,59,13.146109830865766
8,7,60,13.169747910164324
8,7,61,13.191380675121762
8,7,62,13.205961292601593
8,7,63,13.211326814584606
8,7,64,13.207190960480292
8,7,65,13.196711191380324
8,7,66,13.184880177025995
8,7,67,13.175352378930363
8,7,68,13.169767938376182
8,7,69,13.168796569579472
8,7,70,13.168974600891449
8,7,71,13.166027281764228
8,7,72,13.158117446057714
8,7,73,13.14633648381375
8,7,74,13.131751711693404
8,7,75,13.117945546905341
8,7,76,13.108882879971183
8,7,77,13.106140197000618
8,7,78,13.108629026429988
8,7,79,13.115462620184127
8,7,80,13.126170682924764
8,7,81,13.13989307166592
8,7,82,13.155058734843122
8,7,83,13.17061983459141
8,7,84,13.185813293487273
8,7,85,13.198182864091095
8,7,86,13.20592257039424
8,7,87,13.209376818855697
8,7,88,13.210006161423136
8,7,89,13.209332175099624
8,7,90,13.210443741896405
8,7,91,13.215263910001772
8,7,92,13.223237469627703
8,7,93,13.23128518835285
8,7,94,13.2363056696582
8,7,95,13.234095167900204
8,7,96,13.22295384395549
8,7,97,13.203676565658267
8,7,98,13.179721164694238
8,7,99,13.154668948197836
8,7,100,13.133156947189528
8,7,101,13.117614675000299
8,7,102,13.109049594777312
8,7,103,13.106829469399985
8,7,104,13.107987968506556
8,7,105,13.109262890764342
8,7,106,13.10873793056323
8,7,107,13.102858645380786
8,7,108,13.08895577678199
8,7,109,13.06784080327634
8,7,110,13.041509021974516
8,7,111,13.01107627453284
8,7,112,12.981183365819033
8,7,113,12.956776176053921
8,7,114,12.940810710320028
8,7,115,12.934167307349414
8,7,116,12.939516040126904
8,7,117,12.957236786177068
8,7,118,12.98537056107696
8,7,119,13.021347019569252
8,7,120,13.062830467108883
8,7,121,13.10357761445453
8,7,122,13.137434418523407
8,7,123,13.1609360805048
8,7,124,13.173029336110549
8,7,125,13.173544471402069
8,7,126,13.164784080042885
8,7,127,13.150506023339084
8,7,128,13.13398585657579
8,7,129,13.116808370833647
8,7,130,13.100519943455428
8,7,131,13.086912788757921
8,7,132,13.076685998048731
8,7,133,13.069453034854254
8,7,134,13.065022615346312
8,7,135,13.062545785593823
8,7,136,13.06016409395128
8,7,137,13.057024931596168
8,7,138,13.054934820227562
8,7,139,13.055690086250449
8,7,140,13.060155665285503
8,7,141,13.06939423208936
8,7,142,13.08320976563543
8,7,143,13.099175787834563
8,7,144,13.11562652826467
8,7,145,13.131789510055757
8,7,146,13.14734239196988
8,7,147,13.162986767031384
8,7,148,13.17875634753982
8,7,149,13.192566308832216
8,7,150,13.202812822033062
8,7,151,13.208314988563153
8,7,152,13.207854667885648
8,7,153,13.202933976283028
8,7,154,13.198604848722903
8,7,155,13.199916395395366
8,7,156,13.209644649220893
8,7,157,13.228353535257602
8,7,158,13.252992255853938
8,7,159,13.278819323057302
8,7,160,13.30257863321524
8,7,161,13.322978558934228
8,7,162,13.340048390065906
8,7,163,13.354937118699077
8,7,164,13.367158584317298
8,7,165,13.372547996332463
8,7,166,13.36832961985502
8,7,167,13.353569441136774
8,7,168,13.329989241984578
8,7,169,13.301234211939207
8,7,170,13.274407235073594
8,7,171,13.255668687117332
8,7,172,13.248663651566103
8,7,173,13.253462876789701
8,7,174,13.268167450660963
8,7,175,13.287326582908701
8,7,176,13.303700009964537
8,7,177,13.311953437304298
8,7,178,13.309898561055928
8,7,179,13.298159502328966
8,7,180,13.280507440497042
8,7,181,13.261364493627243
8,7,182,13.244079793949586
8,7,183,13.229744661489871
8,7,184,13.218346611355452
8,7,185,13.208735762263057
8,7,186,13.20012955644835
8,7,187,13.191218207052577
8,7,188,13.180925562066017
8,7,189,13.166771875954023
8,7,190,13.148593949971564
8,7,191,13.12834418951451
8,7,192,13.109199717846256
8,7,193,13.094764087706347
8,7,194,13.088850823253056
8,7,195,13.09121991500867
8,7,196,13.097655292598567
8,7,197,13.103253479953768
8,7,198,13.10396650001217
8,7,199,13.097533440307826
8,7,200,13.084521128020379
8,7,201,13.067718093829408
8,7,202,13.050438080849498
8,7,203,13.035018394686624
8,7,204,13.022710507741012
8,7,205,13.012934567981114
8,7,206,13.005436058102424
8,7,207,12.99982152574347
8,7,208,12.996222353764724
8,7,209,12.994139266292937
8,7,210,12.993566290166877
8,7,211,12.995095497531025
8,7,212,13.001080085030877
8,7,213,13.010619890207852
8,7,214,13.023068959975433
8,7,215,13.0384210764262
8,7,216,13.05425552314552
8,7,217,13.06457324882381
8,7,218,13.069464523159905
8,7,219,13.070704589307772
8,7,220,13.06898799443845
8,7,221,13.065835693036908
8,7,222,13.063829866338175
8,7,223,13.063180550500027
8,7,224,13.063758252123021
8,7,225,13.065889146625521
8,7,226,13.070843868883896
8,7,227,13.080953279585735
8,7,228,13.095236328582379
8,7,229,13.109570074485307
8,7,230,13.120272110807454
8,7,231,13.123098483114527
8,7,232,13.11421474983916
8,7,233,13.093808324955264
8,7,234,13.066383287801607
8,7,235,13.03945898801585
8,7,236,13.022568824590483
8,7,237,13.020466585812095
8,7,238,13.034592817564585
8,7,239,13.063071111216242
8,7,240,13.099371335552773
8,7,241,13.133182136892959
8,7,242,13.16074605879632
8,7,243,13.181596026738749
8,7,244,13.196945430678298
8,7,245,13.209082747333737
8,7,246,13.221177935391273
8,7,247,13.231955589669994
8,7,248,13.235548599767952
8,7,249,13.225491798586376
8,7,250,13.19763577497799
8,7,251,13.151652816876625
8,7,252,13.091407942084729
8,7,253,13.027053105705791
8,7,254,12.969615499737518
8,7,255,12.927360437215627
8,7,256,12.903005905550618
8,7,257,12.89491484880155
8,7,258,12.899479693985464
8,7,259,12.916999894942665
8,7,260,12.953260771798316
8,7,261,13.013718131331407
8,7,262,13.094832238477304
8,7,263,13.183467720223492
8,7,264,13.265534452383037
8,7,265,13.320874537816497
8,7,266,13.329736647987241
8,7,267,13.295160797125128
8,7,268,13.23945630913221
8,7,269,13.172880456240259
8,7,270,13.106824034131135
8,7,271,13.067234828004796
8,7,272,13.071779582783165
8,7,273,13.1201553364775
8,7,274,13.215090787351222
8,7,275,13.35389153497315
8,7,276,13.513318942355703
8,7,277,13.668821416998712
8,7,278,13.818012450518596
8,7,279,13.961440326870246
8,7,280,14.099402071289806
8,7,281,14.23912338157085
8,7,282,14.384813805253978
8,7,283,14.518149366645966
8,7,284,14.62472428687603
8,7,285,14.698259674358106
8,7,286,14.742319928297574
8,7,287,14.761127555966919
8,7,288,14.771219729902583
8,7,289,14.790582558383962
8,7,290,14.824244201656416
8,7,291,14.855389874507798
8,7,292,14.874189433272909
8,7,293,14.873913808190418
8,7,294,14.846684002435142
8,7,295,14.800358534517592
8,7,296,14.759797236647165
8,7,297,14.739420192161104
8,7,298,14.737295385304222
8,7,299,14.75177144764591
8,7,300,14.779181084651706
8,7,301,14.802345145679412
8,7,302,14.79780345499102
8,7,303,14.757290146286623
8,7,304,14.675446597543257
8,7,305,14.540925921011876
8,7,306,14.3607568455317
8,7,307,14.15964642984429
8,7,308,13.960112917505962
8,7,309,13.78991419611104
8,7,310,13.674948073820998
8,7,311,13.627264566525932
8,7,312,13.644498690041127
8,7,313,13.711253290142565
8,7,314,13.792993445455307
8,7,315,13.867449926897075
8,7,316,13.922703120012734
8,7,317,13.953633449761101
8,7,318,13.962396559240707
8,7,319,13.959889068155123
8,7,320,13.947286840510428
8,7,321,13.91488961374407
8,7,322,13.85542031130398
8,7,323,13.773951531419918
8,7,324,13.681929146997764
8,7,325,13.598927167687231
8,7,326,13.54836467810289
8,7,327,13.54065037443233
8,7,328,13.570023163942519
8,7,329,13.622352392152267
8,7,330,13.670339796565855
8,7,331,13.692306888354757
8,7,332,13.683423962096938
8,7,333,13.643286936830032
8,7,334,13.571296482664858
8,7,335,13.472938157933807
8,7,336,13.350855336257647
8,7,337,13.206560017991938
8,7,338,13.054468361579568
8,7,339,12.919154048543747
8,7,340,12.822610618385403
8,7,341,12.779025407393007
8,7,342,12.790334187210568
8,7,343,12.840790235144855
8,7,344,12.901664656010501
8,7,345,12.952945131152514
8,7,346,12.988810939407113
8,7,347,12.993372379079997
8,7,348,13.097871797581927
8,7,351,13.057214582735144
8,7,352,12.954535933835297
8,7,353,13.03828018504907
8,7,354,13.210653319567994
8,7,355,13.501414695197061
8,7,357,13.866813945088747
8,7,361,13.817137990272272
8,7,362,13.888992091892995
8,7,368,14.089995013772004
8,7,372,13.824349007633447
8,7,377,13.45335933584338
8,7,378,13.134229525796135
8,7,379,13.021052640156313
8,7,380,13.1008985642345
8,7,382,13.184358046654493
8,7,383,13.234824633251067
8,7,384,13.3273543470205
8,7,385,13.342307629057617
8,7,386,13.311574568803124
8,7,387,13.240596735314003
8,7,388,13.138075665063155
8,7,389,13.019895491858485
8,7,390,12.88916077957903
8,7,391,12.74356016442175
8,7,392,12.599161127100219
8,7,393,12.480231719411634
8,7,394,12.393751765807785
8,7,395,12.33408036279638
8,7,396,12.2934226785367
8,7,397,12.257876116161396
8,7,398,12.203509528666189
8,7,399,12.117512120842392
8,7,400,11.996806939594581
8,7,401,11.845262211452232
8,7,402,11.679839974452776
8,7,403,11.532399665048974
8,7,404,11.42543530482702
8,7,405,11.360468890707233
8,7,406,11.32514673518578
8,7,407,11.293642546953464
8,7,408,11.232688155762771
8,7,409,11.135863679893049
8,7,410,11.038599064000861
8,7,411,10.97107324825812
8,7,412,10.954929159472293
8,7,413,11.015791616352857
8,7,414,11.156371462920335
8,7,415,11.335768783632394
8,7,416,11.520975205241015
8,7,417,11.69365885594214
8,7,418,11.827766882394485
8,7,419,11.89471448542471
8,7,420,11.89446298635654
8,7,421,11.836934904087586
8,7,422,11.73213764647473
8,7,423,11.598971049646709
8,7,424,11.466287338206245
8,7,425,11.350063957770688
8,7,426,11.257659199577398
8,7,427,11.194914904273842
8,7,428,11.172075681867724
8,7,429,11.197244063210789
8,7,430,11.271389090933422
8,7,431,11.3847681154628
8,7,432,11.51771837654647
8,7,433,11.633652603271683
8,7,434,11.706601587338401
8,7,435,11.739193243611986
8,7,436,11.753261637340453
8,7,437,11.777192007810294
8,7,438,11.846159420627908
8,7,439,11.963532955161943
8,7,440,12.104961219922325
8,7,441,12.241007019703948
8,7,442,12.340314087454061
8,7,443,12.37191089295853
8,7,444,12.339454555052349
8,7,445,12.268351018440821
8,7,446,12.18266605238801
8,7,447,12.106723169758112
8,7,448,12.060549780139297
8,7,449,12.03851561110662
8,7,450,12.020243832399116
8,7,451,11.990786176077666
8,7,452,11.95111635815029
8,7,453,11.912393647124341
8,7,454,11.893772743560081
8,7,455,11.916720714325244
8,7,456,11.9934279077846
8,7,457,12.11205847611357
8,7,458,12.2497819449963
8,7,459,12.387405597208357
8,7,460,12.498234053241973
8,7,461,12.556087276354807
8,7,462,12.557511000205313
8,7,463,12.514982147756339
8,7,464,12.446180405120234
8,7,465,12.380837739309426
8,7,466,12.348734141128503
8,7,467,12.359416430777115
8,7,468,12.3990969449535
8,7,469,12.440361555962626
8,7,470,12.454596134442824
8,7,471,12.41941348105011
8,7,472,12.326029795853492
8,7,473,12.186439671875572
8,7,474,12.024525267822117
8,7,475,11.862461042084623
8,7,476,11.7131600037878
8,7,477,11.58237714151627
8,7,478,11.4691173461062
8,7,479,11.380728603097566
8,7,480,11.324078494143086
8,7,481,11.304494466496719
8,7,482,11.326463686701208
8,7,483,11.396558664864239
8,7,484,11.493541073756875
8,7,485,11.588685249510517
8,7,486,11.664823839325452
8,7,487,11.713080173831203
8,7,488,11.721632471342758
8,7,489,11.69884518342987
8,7,490,11.668708770603727
8,7,491,11.651924665785788
8,7,492,11.648777279003042
8,7,493,11.646200078445906
8,7,494,11.635091255920493
8,7,495,11.611175452977548
8,7,496,11.563938864174343
8,7,497,11.504942336944929
8,7,498,11.47325274596175
8,7,499,11.488425662281806
8,7,500,11.538750964072976
8,7,501,11.610708773793741
8,7,502,11.67451015966903
8,7,503,11.68370240071788
8,7,504,11.62057536511068
8,7,505,11.493216705431427
8,7,506,11.314045664908223
8,7,507,11.109876457197501
8,7,508,10.921533602603013
8,7,509,10.774877866049973
8,7,510,10.6869915054186
8,7,511,10.67560587595332
8,7,512,10.745560205098533
8,7,513,10.882796238458813
8,7,514,11.061480454780167
8,7,515,11.259273643978235
8,7,516,11.456730394117853
8,7,517,11.65181946972423
8,7,518,11.846549836309022
8,7,519,12.042895024043256
8,7,520,12.227986286075785
8,7,521,12.389837822674243
8,7,522,12.496888377293704
8,7,523,12.533113233982387
8,7,524,12.514455671961946
8,7,525,12.488089294956922
8,7,526,12.47789449753385
8,7,527,12.504407745966038
8,7,528,12.576210242570356
8,7,529,12.67241964857003
8,7,530,12.743923460403012
8,7,531,12.772448517856327
8,7,532,12.764351916232933
8,7,533,12.72598788050461
8,7,534,12.665388555889388
8,7,535,12.598279988177994
8,7,536,12.536622653923706
8,7,537,12.477616257996653
8,7,538,12.415309207703736
8,7,539,12.357049225683404
8,7,540,12.320060659323314
8,7,541,12.302590579037055
8,7,542,12.299260186475799
8,7,543,12.30813082484684
8,7,544,12.312290785900169
8,7,545,12.281950969052962
8,7,546,12.210906894955157
8,7,547,12.112427944355005
8,7,548,12.00662888547223
8,7,549,11.914865451735906
8,7,550,11.868263628236893
8,7,551,11.885584979756574
8,7,552,11.956262884875741
8,7,553,12.050949699411763
8,7,554,12.147511529235521
8,7,555,12.213307867541445
8,7,556,12.217613076105957
8,7,557,12.158647636795067
8,7,558,12.056167568400802
8,7,559,11.92963751122366
8,7,560,11.81015234113678
8,7,561,11.727902870907236
8,7,562,11.693670736010919
8,7,563,11.70055079637757
8,7,564,11.738125572965036
8,7,565,11.784335147479968
8,7,566,11.819354401286544
8,7,567,11.834196121933354
8,7,568,11.83961557223249
8,7,569,11.84812908425468
8,7,570,11.873687295190818
8,7,571,11.920441429546141
8,7,572,11.984681446394426
8,7,573,12.050298214025819
8,7,574,12.105357307795634
8,7,575,12.144798134906019
8,7,576,12.173107303168962
8,7,577,12.197080673256524
8,7,578,12.21547928429081
8,7,579,12.223722247816777
8,7,580,12.216768812573024
8,7,581,12.189421838485647
8,7,582,12.142051672010796
8,7,583,12.09226798170018
8,7,584,12.057471583750111
8,7,585,12.048440098599864
8,7,586,12.065835462338017
8,7,587,12.09523137859699
8,7,588,12.106439716726248
8,7,589,12.072788921608993
8,7,590,11.982005911049939
8,7,591,11.840380643601934
8,7,592,11.67522170701599
8,7,593,11.523205990018846
8,7,594,11.413634404594594
8,7,595,11.358096441880734
8,7,596,11.351160195859464
8,7,597,11.373805773177624
8,7,598,11.407995423782467
8,7,599,11.444814834968309
8,7,600,11.484732129002037
8,7,601,11.530299414011354
8,7,602,11.58302124738213
8,7,603,11.644620613906211
8,7,604,11.69882133469194
8,7,605,11.724964950412884
8,7,606,11.71851794974139
8,7,607,11.694958211327638
8,7,608,11.66834381009553
8,7,609,11.650290899282115
8,7,610,11.653536342602075
8,7,611,11.67738579575517
8,7,612,11.709662510947044
8,7,613,11.745242313663878
8,7,614,11.775652865425124
8,7,615,11.782461391265997
8,7,616,11.76767783660084
8,7,617,11.762945723120895
8,7,618,11.791912743700058
8,7,619,11.867455882747532
8,7,620,11.997388958738513
8,7,621,12.162646561756107
8,7,622,12.328929165021142
8,7,623,12.465550855734797
8,7,624,12.561263254605329
8,7,625,12.622224990746677
8,7,626,12.673641348394687
8,7,627,12.738440065536684
8,7,628,12.839164826935265
8,7,629,12.99019056107084
8,7,630,13.179526682365047
8,7,631,13.392322228206288
8,7,632,13.611754318229638
8,7,633,13.79276368084565
8,7,634,13.89083991724592
8,7,635,13.897711062487467
8,7,636,13.80883103052616
8,7,637,13.624566114869435
8,7,638,13.379005418202068
8,7,639,13.123154764913028
8,7,640,12.902520900038052
8,7,641,12.745541535925682
8,7,642,12.666798754438789
8,7,643,12.65829983238382
8,7,644,12.68941202153271
8,7,645,12.737140941943357
8,7,646,12.795526031934363
8,7,647,12.852479679444537
8,7,648,12.908252545214124
8,7,649,12.96365441268871
8,7,650,12.996042106120285
8,7,651,12.983724173854021
8,7,652,12.924773944453412
8,7,653,12.830341977112374
8,7,654,12.727797541405687
8,7,655,12.663824821422523
8,7,656,12.701070657543003
8,7,657,12.861026016432394
8,7,658,13.11364697887783
8,7,659,13.402306537660788
8,7,660,13.671347851179448
8,7,661,13.870632981887887
8,7,662,13.972255695583147
8,7,663,13.980963040975526
8,7,664,13.91166135604077
8,7,665,13.795498572883096
8,7,666,13.663145939483506
8,7,667,13.543859246625345
8,7,668,13.4560237062195
8,7,669,13.407597525150614
8,7,670,13.38524222743808
8,7,671,13.383681548899878
8,7,672,13.398340640158567
8,7,673,13.428821923389906
8,7,674,13.466234432049253
8,7,675,13.506935541546602
8,7,676,13.546099929508197
8,7,677,13.584482086359307
8,7,678,13.619845324038188
8,7,679,13.65162763832633
8,7,680,13.673369656930138
8,7,681,13.68632126246601
8,7,682,13.693428158374815
8,7,683,13.696161171912424
8,7,684,13.699585835209193
8,7,685,13.717245065681933
8,7,686,13.7443180960295
8,7,687,13.761907129437692
8,7,688,13.756359137810147
8,7,689,13.72352938194535
8,7,690,13.660098394663832
8,7,691,13.575401434374852
8,7,692,13.489099672840029
8,7,693,13.415494815988762
8,7,694,13.359178018092786
8,7,695,13.316944485035359
8,7,696,13.275532574220213
8,7,697,13.220031649384325
8,7,698,13.145701084955588
8,7,699,13.056524272732213
8,7,700,12.950375959013856
8,7,701,12.836638215999077
8,7,702,12.737457475038976
8,7,703,12.677182111044885
8,7,704,12.666914940824643
8,7,705,12.713253293343481
8,7,706,12.813999373191402
8,7,707,12.956176496652764
8,7,708,13.126572121825221
8,7,709,13.28553955592173
8,7,710,13.410658913384765
8,7,711,13.503538200314967
8,7,712,13.561692398380465
8,7,713,13.567497590627042
8,7,714,13.523671530586185
8,7,715,13.439533032010958
8,7,716,13.330158946589076
8,7,717,13.228558632131595
8,7,718,13.174175671133641
8,7,719,13.194797456152392
8,7,720,13.271238069482706
8,7,721,13.362162304158064
8,7,722,13.431118265684843
8,7,723,13.451990338240345
8,7,724,13.391703027163313
8,7,725,13.264388449029264
8,7,726,13.09904942031205
8,7,727,12.923444716746575
8,7,728,12.771816401141406
8,7,729,12.675712625401585
8,7,730,12.634420892462158
8,7,731,12.635266398085639
8,7,732,12.659078382447188
8,7,733,12.690971738300123
8,7,734,12.721955425480772
8,7,735,12.744516857202472
8,7,736,12.749704925582162
8,7,737,12.745577054153875
8,7,738,12.758219766082593
8,7,739,12.810896746327078
8,7,740,12.91115912369971
8,7,741,13.050414909345754
8,7,742,13.204797673857003
8,7,743,13.327093580164377
8,7,744,13.369194063596227
8,7,745,13.317716849564437
8,7,746,13.18736298884525
8,7,747,13.014289655384767
8,7,748,12.848555660770568
8,7,749,12.734529119103701
8,7,750,12.69686423519565
8,7,751,12.707226262273792
8,7,752,12.713537454418574
8,7,753,12.674619772246468
8,7,754,12.58025555963364
8,7,755,12.444903477113053
8,7,756,12.306745932305827
8,7,757,12.209357560739717
8,7,758,12.170053691802874
8,7,759,12.184619073203132
8,7,760,12.241385783687077
8,7,761,12.332304194304514
8,7,762,12.442176705085197
8,7,763,12.57143794936764
8,7,764,12.717108664916413
8,7,765,12.86955134566344
8,7,766,13.009286480168814
8,7,767,13.121346775815754
8,7,768,13.23798668694731
8,7,769,13.363429138183191
8,7,770,13.49967728670111
8,7,771,13.64041690197951
8,7,772,13.76192679609326
8,7,773,13.836763056075295
8,7,774,13.863186000982623
8,7,775,13.848873833046959
8,7,776,13.80349616410816
8,7,777,13.737542409230379
8,7,778,13.666673390501849
8,7,779,13.587078871262985
8,7,780,13.497268475927939
8,7,781,13.409829354232688
8,7,782,13.345518661211337
8,7,783,13.307472370221365
8,7,784,13.289103644406726
8,7,785,13.26805680943345
8,7,786,13.22794260843306
8,7,787,13.159120277206643
8,7,788,13.069664461547518
8,7,789,12.981463352005262
8,7,790,12.926597674294174
8,7,791,12.92240925447772
8,7,792,12.961982238242221
8,7,793,13.01998789401564
8,7,794,13.065576667180448
8,7,795,13.078364620950461
8,7,796,13.042805043845535
8,7,797,12.964610326442038
8,7,798,12.864635675774299
8,7,799,12.76759972030834
8,7,800,12.674981384145774
8,7,801,12.592002141017945
8,7,802,12.521433751089129
8,7,803,12.462220596779902
8,7,804,12.409304491624878
8,7,805,12.383188822306087
8,7,806,12.398611295768132
8,7,807,12.452305166599254
8,7,808,12.52727790989378
8,7,809,12.606484164869576
8,7,810,12.658936320782779
8,7,811,12.657868734304316
8,7,812,12.600537036554037
8,7,813,12.506795783776038
8,7,814,12.406809539407773
8,7,815,12.347621878960332
8,7,816,12.361716749957465
8,7,817,12.441209661579654
8,7,818,12.549180677010156
8,7,819,12.66941202396909
8,7,820,12.789105591154511
8,7,821,12.882503104379676
8,7,822,12.937043782368287
8,7,823,12.957094537383197
8,7,824,12.931341560346791
8,7,825,12.860357541766916
8,7,826,12.764284421121122
8,7,827,12.66057475841455
8,7,828,12.551299873712436
8,7,829,12.456379999809515
8,7,830,12.392209409983693
8,7,831,12.368030281278282
8,7,832,12.389627088475676
8,7,833,12.460722927023513
8,7,834,12.559033543198085
8,7,835,12.65967221254306
8,7,836,12.73904006236292
8,7,837,12.781938174680711
8,7,838,12.785331368659365
8,7,839,12.74887655234409
8,7,840,12.674734155788522
8,7,841,12.56897897003033
8,7,842,12.43120824498833
8,7,843,12.256339737470668
8,7,844,12.046041821458996
8,7,845,11.82163322040026
8,7,846,11.62317786400576
8,7,847,11.497374256103594
8,7,848,11.531530724552677
8,7,850,11.731140281285558
8,7,851,11.852587387586944
8,7,852,12.092595092628075
8,7,854,12.472887816207164
8,7,856,12.813469479764487
8,7,857,12.957371467510525
8,7,858,13.096986671115427
8,7,859,13.222576428057717
8,7,860,13.332108207282706
8,7,861,13.410857971573119
8,7,862,13.446952591156764
8,7,863,13.428301741055174
8,7,864,13.342450364571684
8,7,865,13.191450860694712
8,7,866,13.013493400128516
8,7,867,12.849127647717733
8,7,868,12.72525035231571
8,7,869,12.661479844629024
8,7,870,12.668777384601329
8,7,871,12.736089035179988
8,7,872,12.840269424108813
8,7,873,12.95176219065835
8,7,874,13.048735897128802
8,7,875,13.107158683129969
8,7,876,13.111179465954793
8,7,877,13.060360834146442
8,7,878,12.98353084233244
8,7,879,12.900257908497391
8,7,880,12.832255622540522
8,7,881,12.798609613510674
8,7,882,12.811725955578956
8,7,883,12.856680982058394
8,7,884,12.919123598183425
8,7,885,12.979222120193777
8,7,886,13.012169676734747
8,7,887,12.985512284361574
8,7,888,12.883622512265779
8,7,889,12.699259469504597
8,7,890,12.44833952155303
8,7,891,12.167637501247855
8,7,892,11.902407582359935
8,7,893,11.694428029872428
8,7,894,11.588188480355914
8,7,895,11.59735961865
8,7,896,11.700926152519123
8,7,897,11.86715326989852
8,7,898,12.05704232714923
8,7,899,12.225098556469256
8,7,900,12.345517080758945
8,7,901,12.412608935208638
8,7,902,12.435310500451415
8,7,903,12.429062175544093
8,7,904,12.403676235961152
8,7,905,12.360448351237276
8,7,906,12.308231390789365
8,7,907,12.247525085179044
8,7,908,12.18204408081627
8,7,909,12.124181799710726
8,7,910,12.089552920866565
8,7,911,12.079622435862328
8,7,912,12.099723446750255
8,7,913,12.151349762702822
8,7,914,12.225257779496243
8,7,915,12.308102911388588
8,7,916,12.395136362599567
8,7,917,12.479756819393383
8,7,918,12.542847357592386
8,7,919,12.575395222181987
8,7,920,12.576441302303333
8,7,921,12.541949952993805
8,7,922,12.47436165314724
8,7,923,12.399794987610468
8,7,924,12.346499238109228
8,7,925,12.326254800076185
8,7,926,12.337016506759918
8,7,927,12.360507978159132
8,7,928,12.374487472024311
8,7,929,12.354817201291263
8,7,930,12.294530387110852
8,7,931,12.22005261704886
8,7,932,12.179297236742839
8,7,933,12.174626355056471
8,7,934,12.25929886034997
8,7,935,12.428372497692521
8,7,936,12.642759546528502
8,7,937,12.849406348540729
8,7,938,13.007870354154184
8,7,939,13.101518089331647
8,7,940,13.127609296035185
8,7,941,13.08770216890888
8,7,942,12.995012561412183
8,7,943,12.87147100687683
8,7,944,12.738548499616495
8,7,945,12.615669079113406
8,7,946,12.52120850166439
8,7,947,12.462473808164775
8,7,948,12.434051271171413
8,7,949,12.422327333146788
8,7,950,12.415891908904579
8,7,951,12.40895569635187
8,7,952,12.394098366524208
8,7,953,12.382703257014077
8,7,954,12.394117748086504
8,7,955,12.436989081634731
8,7,956,12.518130561700358
8,7,957,12.648731666445872
8,7,958,12.817401819977725
8,7,959,12.994946554071586
8,7,960,13.149712994867885
8,7,961,13.24539102984791
8,7,962,13.258051721402722
8,7,963,13.186906023764115
8,7,964,13.061306962296955
8,7,965,12.919852869459744
8,7,966,12.797059938073728
8,7,967,12.716620967744756
8,7,968,12.693188512593041
8,7,969,12.713684775690298
8,7,970,12.753578376089921
8,7,971,12.79484361096222
8,7,972,12.820526049470338
8,7,973,12.806932724842396
8,7,974,12.746656697755927
8,7,975,12.647346606706542
8,7,976,12.521102484643217
8,7,977,12.384223178235331
8,7,978,12.255755786483494
8,7,979,12.149599830256761
8,7,980,12.079603042620853
8,7,981,12.059124255271144
8,7,982,12.077421755470018
8,7,983,12.106884723470401
8,7,984,12.12374750097856
8,7,985,12.104193300069268
8,7,986,12.025540113059604
8,7,987,11.89878367218781
8,7,988,11.762620749602782
8,7,989,11.6493520229259
8,7,990,11.576716823979101
8,7,991,11.555477665460261
8,7,992,11.577283176945725
8,7,993,11.627894311241564
8,7,994,11.688537201801923
8,7,995,11.742334494048965
8,7,996,11.77440551766821
8,7,997,11.78932512378877
8,7,998,11.786550277404997
8,7,999,11.777429182897391
8,7,1000,11.78677619184935
8,7,1001,11.83732018657141
8,7,1002,11.921824594636298
8,7,1003,12.033930800727974
8,7,1004,12.157757010553349
8,7,1005,12.263603935377507
8,7,1006,12.311941054235218
8,7,1007,12.285474763949315
8,7,1008,12.181769216364572
8,7,1009,12.008549216975204
8,7,1010,11.785929849809587
8,7,1011,11.558018317233298
8,7,1012,11.367457712412119
8,7,1013,11.243414330606585
8,7,1014,11.200740392141174
8,7,1015,11.234294226836406
8,7,1016,11.321685478445659
8,7,1017,11.429261346341102
8,7,1018,11.536218018603007
8,7,1019,11.626948008765277
8,7,1020,11.691217492699197
8,7,1021,11.715447254250678
8,7,1022,11.703684786308841
8,7,1023,11.654427034307561
8,7,1024,11.560555063733782
8,7,1025,11.434894568290444
8,7,1026,11.314568148729052
8,7,1027,11.235994324013463
8,7,1028,11.225014901312713
8,7,1029,11.289405169492552
8,7,1030,11.42103345747184
8,7,1031,11.583624059886649
8,7,1032,11.731784963285993
8,7,1033,11.842233783676084
8,7,1034,11.90843636019727
8,7,1035,11.930623650405078
8,7,1036,11.929827054902189
8,7,1037,11.931244754545624
8,7,1038,11.939124257062721
8,7,1039,11.955955031864283
8,7,1040,11.989633475601051
8,7,1041,12.040119305980435
8,7,1042,12.10032626887434
8,7,1043,12.169788740978385
8,7,1044,12.242792806167126
8,7,1045,12.297115771219376
8,7,1046,12.316393028190902
8,7,1047,12.295034498892726
8,7,1048,12.23267559361717
8,7,1049,12.139011989038401
8,7,1050,12.042224375046779
8,7,1051,11.96878917072517
8,7,1052,11.937412723192718
8,7,1053,11.95664852306249
8,7,1054,12.020893437860744
8,7,1055,12.111436495548775
8,7,1056,12.20024305419365
8,7,1057,12.265430747922023
8,7,1058,12.300956067878822
8,7,1059,12.311075406047244
8,7,1060,12.30373359653329
8,7,1061,12.2936515840847
8,7,1062,12.28759076224283
8,7,1063,12.280052243755547
8,7,1064,12.266452550733133
8,7,1065,12.251140491827542
8,7,1066,12.239591064787437
8,7,1067,12.23703728195291
8,7,1068,12.247059419924726
8,7,1069,12.270089561043786
8,7,1070,12.298558426824439
8,7,1071,12.321929023403701
8,7,1072,12.337452357353122
8,7,1073,12.350903162291317
8,7,1074,12.364785954310053
8,7,1075,12.379737217906715
8,7,1076,12.39903240217724
8,7,1077,12.422556168420165
8,7,1078,12.442120076218652
8,7,1079,12.451723421232165
8,7,1080,12.452637016483177
8,7,1081,12.448143680180223
8,7,1082,12.44182349509351
8,7,1083,12.437152870132138
8,7,1084,12.434260950416222
8,7,1085,12.432474684220551
8,7,1086,12.4319768566354
8,7,1087,12.430215517289893
8,7,1088,12.428471988973321
8,7,1089,12.43332863731735
8,7,1090,12.44273179893339
8,7,1091,12.450891956628077
8,7,1092,12.457411243856646
8,7,1093,12.463507949508179
8,7,1094,12.46380941894479
8,7,1095,12.452833739312652
8,7,1096,12.426067709270614
8,7,1097,12.378320620580299
8,7,1098,12.303799162930638
8,7,1099,12.203803274654758
8,7,1100,12.09290695848197
8,7,1101,11.986464405949372
8,7,1102,11.899934470026743
8,7,1103,11.837797693335126
9,8,0,20.816366097456662
9,8,1,20.82961835457362
9,8,2,20.844412188901764
9,8,3,20.858895773608502
9,8,4,20.86912969138092
9,8,5,20.874776694234217
9,8,6,20.881562265707828
9,8,7,20.895570278278967
9,8,8,20.919972556937395
9,8,9,20.954961212550455
9,8,10,20.999249566422247
9,8,11,21.047912026871767
9,8,12,21.095248121618848
9,8,13,21.137444333184202
9,8,14,21.175555453239923
9,8,15,21.21165962257304
9,8,16,21.247922493592004
9,8,17,21.285420168091644
9,8,18,21.323881636640408
9,8,19,21.361571626972513
9,8,20,21.396386656276796
9,8,21,21.426228837613742
9,8,22,21.450242022952143
9,8,23,21.46772584864895
9,8,24,21.478491723213107
9,8,25,21.483258528939633
9,8,26,21.48335108379568
9,8,27,21.48168780433094
9,8,28,21.482475509916156
9,8,29,21.486647356789884
9,8,30,21.49309340701587
9,8,31,21.499604836661856
9,8,32,21.50047754667244
9,8,33,21.49171803897524
9,8,34,21.47369477714182
9,8,35,21.44968375758433
9,8,36,21.42620280765875
9,8,37,21.413430763276097
9,8,38,21.414734274320494
9,8,39,21.42832978848209
9,8,40,21.450275301975363
9,8,41,21.473893171249646
9,8,42,21.491606206917712
9,8,43,21.500371775980955
9,8,44,21.499628818948278
9,8,45,21.490102661413164
9,8,46,21.47455060256021
9,8,47,21.456004953340514
9,8,48,21.4380767398865
9,8,49,21.425716651475895
9,8,50,21.42259459660672
9,8,51,21.429718665906798
9,8,52,21.445029861191657
9,8,53,21.464789991017348
9,8,54,21.483369083418612
9,8,55,21.494542571153325
9,8,56,21.49317197050449
9,8,57,21.480156905588384
9,8,58,21.458267839118818
9,8,59,21.431005621377054
9,8,60,21.40329454288893
9,8,61,21.380034224380317
9,8,62,21.360349701341768
9,8,63,21.343335530829197
9,8,64,21.328766188428624
9,8,65,21.315939738940806
9,8,66,21.30405264700704
9,8,67,21.294067764096503
9,8,68,21.28432475846637
9,8,69,21.273143500561304
9,8,70,21.259618877865
9,8,71,21.24387406382389
9,8,72,21.22733886525433
9,8,73,21.214564441653277
9,8,74,21.209057786508605
9,8,75,21.211727187395095
9,8,76,21.221263413444568
9,8,77,21.233983376069666
9,8,78,21.245098949689858
9,8,79,21.250527252313052
9,8,80,21.24882174875912
9,8,81,21.240727650927415
9,8,82,21.23005222815635
9,8,83,21.22088219341502
9,8,84,21.21750945070042
9,8,85,21.223496362497098
9,8,86,21.24127462130744
9,8,87,21.269903435105835
9,8,88,21.3054676816643
9,8,89,21.342693918629546
9,8,90,21.376387511001226
9,8,91,21.40173307336814
9,8,92,21.415843191138002
9,8,93,21.419972251537963
9,8,94,21.414962197812716
9,8,95,21.401744797540857
9,8,96,21.38194916882247
9,8,97,21.357580220230496
9,8,98,21.32827549420121
9,8,99,21.296953192438615
9,8,100,21.26648365790688
9,8,101,21.23930015733983
9,8,102,21.218315935725656
9,8,103,21.206220835671203
9,8,104,21.20181428165671
9,8,105,21.203717055849307
9,8,106,21.2097079568029
9,8,107,21.21513667706334
9,8,108,21.21672878603067
9,8,109,21.215251724364006
9,8,110,21.212341421719866
9,8,111,21.210354616636394
9,8,112,21.213672713009057
9,8,113,21.225656904914022
9,8,114,21.246075922508012
9,8,115,21.27263963486022
9,8,116,21.303410199236954
9,8,117,21.33524848409935
9,8,118,21.364519505969582
9,8,119,21.388309984963577
9,8,120,21.40538548886033
9,8,121,21.413954143062405
9,8,122,21.41320407067663
9,8,123,21.404728431184957
9,8,124,21.392498414084255
9,8,125,21.379852600372487
9,8,126,21.36893206600975
9,8,127,21.35891488067897
9,8,128,21.344811505992126
9,8,129,21.32165917833106
9,8,130,21.28844685288282
9,8,131,21.246890884855386
9,8,132,21.20235072034054
9,8,133,21.16496350434775
9,8,134,21.141033303483056
9,8,135,21.130266461167235
9,8,136,21.130284351498155
9,8,137,21.137369029611527
9,8,138,21.145061613415383
9,8,139,21.151710341375576
9,8,140,21.16282567802301
9,8,141,21.182512184418258
9,8,142,21.21288584291377
9,8,143,21.256434111925827
9,8,144,21.309422370575906
9,8,145,21.358949314926825
9,8,146,21.396312319240497
9,8,147,21.41886812423735
9,8,148,21.426574044126077
9,8,149,21.423739051985677
9,8,150,21.418161036118153
9,8,151,21.41311015269701
9,8,152,21.40561269864309
9,8,153,21.391996080040258
9,8,154,21.369617613792176
9,8,155,21.338928048058367
9,8,156,21.304623811682724
9,8,157,21.276087508631957
9,8,158,21.259011894576684
9,8,159,21.255094331037053
9,8,160,21.26307132483651
9,8,161,21.279375273542538
9,8,162,21.296300277977736
9,8,163,21.30702629709045
9,8,164,21.30712741974094
9,8,165,21.294874407996094
9,8,166,21.270104779036075
9,8,167,21.238027701077172
9,8,168,21.20595489631442
9,8,169,21.180940764170455
9,8,170,21.16730527665529
9,8,171,21.167328843291692
9,8,172,21.178139617984904
9,8,173,21.195804508824327
9,8,174,21.216269048229176
9,8,175,21.235663307915168
9,8,176,21.249707468343487
9,8,177,21.256429811757563
9,8,178,21.256260269270488
9,8,179,21.25060414151073
9,8,180,21.242029026922914
9,8,181,21.235699575438996
9,8,182,21.235348799789147
9,8,183,21.23997325246255
9,8,184,21.24760107907509
9,8,185,21.2580630659602
9,8,186,21.269870122224514
9,8,187,21.280116949734225
9,8,188,21.286227984245947
9,8,189,21.285818814335986
9,8,190,21.276159194022952
9,8,191,21.256112168485338
9,8,192,21.22865588546246
9,8,193,21.200889795962212
9,8,194,21.17925728330671
9,8,195,21.166701401993958
9,8,196,21.16307837531985
9,8,197,21.165600604668132
9,8,198,21.170189768309104
9,8,199,21.17442748239216
9,8,200,21.178766339220324
9,8,201,21.18555624079476
9,8,202,21.19838973698297
9,8,203,21.218282952359285
9,8,204,21.245055732794924
9,8,205,21.27672180911029
9,8,206,21.310658748003885
9,8,207,21.34315697381305
9,8,208,21.372395993977367
9,8,209,21.39554991489371
9,8,210,21.409651995440086
9,8,211,21.41217863670448
9,8,212,21.400914017854557
9,8,213,21.37560901004021
9,8,214,21.33821992134997
9,8,215,21.293410528942555
9,8,216,21.24654836300715
9,8,217,21.20441779918161
9,8,218,21.17094935405382
9,8,219,21.148995242018902
9,8,220,21.139315556873026
9,8,221,21.14006088618072
9,8,222,21.14650706660507
9,8,223,21.155049551712636
9,8,224,21.1622295865767
9,8,225,21.165797351523302
9,8,226,21.166632449210343
9,8,227,21.16683221612105
9,8,228,21.167678101037215
9,8,229,21.170970618834783
9,8,230,21.178194924703543
9,8,231,21.189214768475022
9,8,232,21.204768990389734
9,8,233,21.22573420269807
9,8,234,21.250688182961714
9,8,235,21.27600797830177
9,8,236,21.297812379944766
9,8,237,21.31251850148126
9,8,238,21.317835189858528
9,8,239,21.31389973228054
9,8,240,21.303990931094063
9,8,241,21.292879402349755
9,8,242,21.284706704357415
9,8,243,21.282909286020793
9,8,244,21.2901746298867
9,8,245,21.307010992541187
9,8,246,21.33115758843877
9,8,247,21.357888196994676
9,8,248,21.381718039021127
9,8,249,21.398886815965344
9,8,250,21.407299336341325
9,8,251,21.408331651573338
9,8,252,21.407694113560826
9,8,253,21.412866903225364
9,8,254,21.42654166893968
9,8,255,21.449319391559182
9,8,256,21.478750971672603
9,8,257,21.509811219607165
9,8,258,21.535508687000075
9,8,259,21.549209852950685
9,8,260,21.540977922022527
9,8,261,21.504220552370928
9,8,262,21.429161104299418
9,8,263,21.29950777001731
9,8,264,21.11188395332887
9,8,265,20.891158615056547
9,8,266,20.66534569829748
9,8,267,20.47157905701779
9,8,268,20.36387094418623
9,8,269,20.377287900162603
9,8,270,20.50541283485847
9,8,271,20.722966778503963
9,8,272,20.993997938755324
9,8,273,21.278028186910333
9,8,274,21.537781369362968
9,8,275,21.744491474296343
9,8,276,21.896653481628007
9,8,277,22.006868309126858
9,8,278,22.075780232908077
9,8,279,22.110741361404465
9,8,280,22.13008745326444
9,8,281,22.135371707290997
9,8,282,22.12460425797595
9,8,283,22.112483280707494
9,8,284,22.106052863877334
9,8,285,22.107430558657647
9,8,286,22.122243463392927
9,8,287,22.15073726605103
9,8,288,22.189598718973606
9,8,289,22.24329230854852
9,8,290,22.311345442863608
9,8,291,22.38687542276349
9,8,292,22.457110975339987
9,8,293,22.509188448188347
9,8,294,22.534302414884937
9,8,295,22.534700106092064
9,8,296,22.519471535677454
9,8,297,22.509738310131286
9,8,298,22.527535012755383
9,8,299,22.578006476226644
9,8,300,22.645987567182694
9,8,301,22.716530634924496
9,8,302,22.7812906411818
9,8,303,22.824304945403576
9,8,304,22.83322886209621
9,8,305,22.81677587360925
9,8,306,22.780306262472987
9,8,307,22.715579383893417
9,8,308,22.622540875092138
9,8,309,22.511515424191064
9,8,310,22.397132063840598
9,8,311,22.299512594975198
9,8,312,22.242265456433525
9,8,313,22.2469772502197
9,8,314,22.322250007243703
9,8,315,22.44957955546953
9,8,316,22.600329447681297
9,8,317,22.741474720406398
9,8,318,22.843559739256815
9,8,319,22.890750256685212
9,8,320,22.88796933590764
9,8,321,22.851731758904062
9,8,322,22.805154546601305
9,8,323,22.762687200788037
9,8,324,22.736888698689672
9,8,325,22.73519829604604
9,8,326,22.752930877003056
9,8,327,22.775040344186923
9,8,328,22.79074560086658
9,8,329,22.78517685293125
9,8,330,22.745947097454593
9,8,331,22.672073908166738
9,8,332,22.57439520262848
9,8,333,22.469196027108136
9,8,334,22.379029881484506
9,8,335,22.325646561289123
9,8,336,22.326845996823888
9,8,337,22.390290827677553
9,8,338,22.511548883923904
9,8,339,22.672630150721393
9,8,340,22.848389722664404
9,8,341,23.00691793529152
9,8,342,23.121898943799955
9,8,343,23.176115078259304
9,8,344,23.168802608821533
9,8,345,23.10257825338922
9,8,346,22.984872949109203
9,8,347,22.851301257855827
9,8,348,22.60309560846824
9,8,351,22.46139973476358
9,8,352,22.658884246884206
9,8,353,22.741040653338995
9,8,354,22.777857455052075
9,8,355,22.702732482021926
9,8,357,22.65105166714552
9,8,361,22.71508138503337
9,8,362,22.635337141922214
9,8,368,22.745670723560984
9,8,372,22.827150648635204
9,8,377,22.75159873025323
9,8,378,22.87915389263421
9,8,379,22.82279354883139
9,8,380,22.627044134291637
9,8,382,22.48219584688818
9,8,383,22.47401835961212
9,8,384,22.416751656888568
9,8,385,22.40525094146283
9,8,386,22.420032439101803
9,8,387,22.451132707479434
9,8,388,22.482549387949337
9,8,389,22.503893029883567
9,8,390,22.516612295341695
9,8,391,22.515791838693723
9,8,392,22.492581286622322
9,8,393,22.435966137645206
9,8,394,22.345634253187512
9,8,395,22.23081110160209
9,8,396,22.109841650647986
9,8,397,22.012772835648036
9,8,398,21.967096069530736
9,8,399,21.981315107081087
9,8,400,22.043490129673422
9,8,401,22.13548749424196
9,8,402,22.230963323460482
9,8,403,22.313371118598212
9,8,404,22.380254031242984
9,8,405,22.434517294141695
9,8,406,22.472551787678416
9,8,407,22.496646136325165
9,8,408,22.506967218022563
9,8,409,22.49708732968049
9,8,410,22.464685730562735
9,8,411,22.413305467706888
9,8,412,22.3414253459352
9,8,413,22.25159220997984
9,8,414,22.15923023039357
9,8,415,22.07602977336739
9,8,416,22.020571915735758
9,8,417,22.005237438824775
9,8,418,22.019273243102994
9,8,419,22.033546904823684
9,8,420,22.03227217608668
9,8,421,22.00978673603239
9,8,422,21.977728821786233
9,8,423,21.963647994763154
9,8,424,21.996303527116478
9,8,425,22.08361684131383
9,8,426,22.208987636162398
9,8,427,22.343124387527123
9,8,428,22.450850695513186
9,8,429,22.502855357081124
9,8,430,22.486113798572916
9,8,431,22.399314269954274
9,8,432,22.248504377420172
9,8,433,22.058604232177597
9,8,434,21.86534018376718
9,8,435,21.707233937315536
9,8,436,21.618996047549505
9,8,437,21.61813356270444
9,8,438,21.698879208304966
9,8,439,21.8399804098186
9,8,440,22.0033739644854
9,8,441,22.162216283543863
9,8,442,22.312860712780164
9,8,443,22.463671936858077
9,8,444,22.60907958493181
9,8,445,22.74235479763794
9,8,446,22.85221631011589
9,8,447,22.929688162654944
9,8,448,22.951024750923246
9,8,449,22.916527267007908
9,8,450,22.850904604406058
9,8,451,22.777703596330902
9,8,452,22.697194563715883
9,8,453,22.61603059877555
9,8,454,22.53887724740281
9,8,455,22.467120279745465
9,8,456,22.39793985047334
9,8,457,22.33023035907462
9,8,458,22.27260520078707
9,8,459,22.234926472389713
9,8,460,22.207312811041962
9,8,461,22.18599467313297
9,8,462,22.176890944567564
9,8,463,22.176885793843486
9,8,464,22.16751133682058
9,8,465,22.144594689998716
9,8,466,22.10130117662228
9,8,467,22.022207653131648
9,8,468,21.890738109609742
9,8,469,21.714482457558805
9,8,470,21.507962182434127
9,8,471,21.28914864399769
9,8,472,21.0814508135166
9,8,473,20.922447816487416
9,8,474,20.834617827324347
9,8,475,20.81408771699456
9,8,476,20.85284612801439
9,8,477,20.947834247577088
9,8,478,21.070437333763383
9,8,479,21.190287944618817
9,8,480,21.30127812787568
9,8,481,21.39805858197143
9,8,482,21.471123938335978
9,8,483,21.534621743595483
9,8,484,21.603494713886416
9,8,485,21.679506173270067
9,8,486,21.758651209018183
9,8,487,21.831367742534145
9,8,488,21.880481780222432
9,8,489,21.894191741324526
9,8,490,21.872753327212745
9,8,491,21.821283654793483
9,8,492,21.7543689687979
9,8,493,21.68420215917422
9,8,494,21.622978896058104
9,8,495,21.57397384403249
9,8,496,21.538443976038806
9,8,497,21.520345987901127
9,8,498,21.533839150202976
9,8,499,21.589011233971245
9,8,500,21.682096242049894
9,8,501,21.810335494364562
9,8,502,21.951927563078755
9,8,503,22.06661577031344
9,8,504,22.11297738134679
9,8,505,22.080220246429043
9,8,506,21.95533446390554
9,8,507,21.75561023526101
9,8,508,21.5329963001988
9,8,509,21.340619312391542
9,8,510,21.202814507350926
9,8,511,21.138600237174817
9,8,512,21.13715832085555
9,8,513,21.152181921527237
9,8,514,21.140787271518562
9,8,515,21.08605729857234
9,8,516,20.991939831385938
9,8,517,20.881656999137682
9,8,518,20.795054028543056
9,8,519,20.7647915118965
9,8,520,20.80405635140578
9,8,521,20.91041415533537
9,8,522,21.074767334776663
9,8,523,21.27032471070732
9,8,524,21.474877925203767
9,8,525,21.660666154361643
9,8,526,21.796931223506505
9,8,527,21.852366151164485
9,8,528,21.831271541595108
9,8,529,21.755345788262208
9,8,530,21.67395017346746
9,8,531,21.636023230219095
9,8,532,21.6787915051251
9,8,533,21.80232751877305
9,8,534,21.972402690996688
9,8,535,22.12920009711679
9,8,536,22.232314627036097
9,8,537,22.263861347764397
9,8,538,22.23041064689538
9,8,539,22.165732398842852
9,8,540,22.12106427201068
9,8,541,22.12527219246673
9,8,542,22.185063389910454
9,8,543,22.28466358781491
9,8,544,22.39413333365415
9,8,545,22.471729614223275
9,8,546,22.485628271848885
9,8,547,22.423827396580002
9,8,548,22.298265931547835
9,8,549,22.132679094923308
9,8,550,21.95831015488697
9,8,551,21.816161815892436
9,8,552,21.742266177883906
9,8,553,21.74763139865922
9,8,554,21.816607482158986
9,8,555,21.921868417839654
9,8,556,22.024289377470783
9,8,557,22.08647393601567
9,8,558,22.088214297800285
9,8,559,22.034108398423818
9,8,560,21.94796697764281
9,8,561,21.858340364743704
9,8,562,21.786936108451012
9,8,563,21.75863601780512
9,8,564,21.79337536945625
9,8,565,21.888566114585906
9,8,566,22.024416816348197
9,8,567,22.181723383626036
9,8,568,22.335179489846713
9,8,569,22.458870897713997
9,8,570,22.543004112343194
9,8,571,22.59498642992537
9,8,572,22.61960056178835
9,8,573,22.618805076004477
9,8,574,22.60018249862825
9,8,575,22.571052144464236
9,8,576,22.537701514088045
9,8,577,22.51030483754378
9,8,578,22.493788498581154
9,8,579,22.476928286308752
9,8,580,22.444195789723114
9,8,581,22.38350287189237
9,8,582,22.29212582011873
9,8,583,22.18333081281037
9,8,584,22.08219455336538
9,8,585,22.01315186913694
9,8,586,21.98616339700511
9,8,587,21.992053282110604
9,8,588,22.00662139864247
9,8,589,21.99829499587162
9,8,590,21.929628090447725
9,8,591,21.785504763039462
9,8,592,21.58358667332622
9,8,593,21.356227559935515
9,8,594,21.15047327369789
9,8,595,21.017985317028106
9,8,596,20.979014905433267
9,8,597,21.011435431422797
9,8,598,21.07876209259423
9,8,599,21.13233013044149
9,8,600,21.13476699613084
9,8,601,21.070390800556115
9,8,602,20.95124158743773
9,8,603,20.833569585294345
9,8,604,20.7084509676532
9,8,605,20.579416033886915
9,8,606,20.45838902418742
9,8,607,20.365660697589107
9,8,608,20.32504452045016
9,8,609,20.328267005262557
9,8,610,20.357097086467768
9,8,611,20.35492244099648
9,8,612,20.31205686343675
9,8,613,20.27569959660863
9,8,614,20.238331644194954
9,8,615,20.13544317434733
9,8,616,19.939201276757125
9,8,617,19.734352590462276
9,8,618,19.571825422768143
9,8,619,19.47603391651895
9,8,620,19.4601736856742
9,8,621,19.530017656707177
9,8,622,19.674632928315205
9,8,623,19.798412095080472
9,8,624,19.88790575986646
9,8,625,19.948225828848226
9,8,626,19.992089563503622
9,8,627,20.03501218370201
9,8,628,20.09939814884631
9,8,629,20.204690798129967
9,8,630,20.36193012363026
9,8,631,20.568576074487595
9,8,632,20.80640909450739
9,8,633,21.051265011152804
9,8,634,21.278258956605658
9,8,635,21.464421970301412
9,8,636,21.583179393342515
9,8,637,21.628558808868743
9,8,638,21.60550003846354
9,8,639,21.52739833943717
9,8,640,21.50030274991371
9,8,641,21.553867082346294
9,8,642,21.65656668381853
9,8,643,21.769295718620125
9,8,644,21.84605530041718
9,8,645,21.807268425252587
9,8,646,21.760861108388017
9,8,647,21.737236452160502
9,8,648,21.787852854497164
9,8,649,21.929174688689628
9,8,650,22.13802754686173
9,8,651,22.375856089676162
9,8,652,22.584486970167234
9,8,653,22.714308350585146
9,8,654,22.72667728027174
9,8,655,22.6377888746436
9,8,656,22.589829882258435
9,8,657,22.63165240133695
9,8,658,22.736404938880646
9,8,659,22.810115379619205
9,8,660,22.858383397545612
9,8,661,22.88438384083841
9,8,662,22.890897113689746
9,8,663,22.95813856705037
9,8,664,23.08131586300996
9,8,665,23.170977166258677
9,8,666,23.21912351865051
9,8,667,23.254371785582684
9,8,668,23.27546457980698
9,8,669,23.276387938909654
9,8,670,23.269381292563526
9,8,671,23.263172737550487
9,8,672,23.239113900519254
9,8,673,23.184676612999112
9,8,674,23.086137206978282
9,8,675,22.934933144549255
9,8,676,22.751145648795255
9,8,677,22.562089723510272
9,8,678,22.386144258030367
9,8,679,22.244547319260036
9,8,680,22.159903162882614
9,8,681,22.11852744388755
9,8,682,22.114016975302366
9,8,683,22.149576124931627
9,8,684,22.221897383334635
9,8,685,22.30654491636382
9,8,686,22.3974249020235
9,8,687,22.477843974207396
9,8,688,22.53365299580402
9,8,689,22.560520498261898
9,8,690,22.57004667223668
9,8,691,22.572660123741585
9,8,692,22.58320979037079
9,8,693,22.613104767187238
9,8,694,22.671476378241213
9,8,695,22.7624444407276
9,8,696,22.880820577652344
9,8,697,23.013830658114284
9,8,698,23.140304983615895
9,8,699,23.225997463661844
9,8,700,23.23713431564201
9,8,701,23.15742621337902
9,8,702,22.993678085831522
9,8,703,22.849648370972734
9,8,704,22.751342067717445
9,8,705,22.64491062634805
9,8,706,22.520008763424016
9,8,707,22.37713917187834
9,8,708,22.218955651889374
9,8,709,22.04838450670529
9,8,710,21.844388207067947
9,8,711,21.607151252689576
9,8,712,21.36608165780065
9,8,713,21.191359945198656
9,8,714,21.046096698595527
9,8,715,20.941461723324664
9,8,716,20.898772910539094
9,8,717,20.930152514905537
9,8,718,21.012901995576602
9,8,719,21.107183328257296
9,8,720,21.192175019208676
9,8,721,21.26550924656941
9,8,722,21.32837512006228
9,8,723,21.40092626780004
9,8,724,21.49503612188174
9,8,725,21.593719947691156
9,8,726,21.65377273481436
9,8,727,21.650276379253413
9,8,728,21.6637999686648
9,8,729,21.716549850161844
9,8,730,21.80885026471481
9,8,731,21.9284492951608
9,8,732,22.056382334465766
9,8,733,22.181776102614787
9,8,734,22.2890283773293
9,8,735,22.35533313281383
9,8,736,22.360202416500343
9,8,737,22.290492504791768
9,8,738,22.149892330902702
9,8,739,21.96532489752192
9,8,740,21.76944025932652
9,8,741,21.59068177909012
9,8,742,21.45300456609614
9,8,743,21.3780904554091
9,8,744,21.378199580572907
9,8,745,21.43979363313709
9,8,746,21.50032721688902
9,8,747,21.46459643788685
9,8,748,21.379559127979903
9,8,749,21.187947205501096
9,8,750,20.991668071627508
9,8,751,20.86582589395613
9,8,752,20.820540103237654
9,8,753,20.788666277637574
9,8,754,20.78544091154121
9,8,755,20.821403204178022
9,8,756,20.894609479701813
9,8,757,21.007996928771334
9,8,758,21.154000630131986
9,8,759,21.315147393937163
9,8,760,21.481815987260962
9,8,761,21.650560140401822
9,8,762,21.812440901382345
9,8,763,21.96501913674684
9,8,764,22.107062575355467
9,8,765,22.236776868149942
9,8,766,22.34763644371672
9,8,767,22.43042720272378
9,8,768,22.557457064464984
9,8,769,22.696453035217946
9,8,770,22.839110716780137
9,8,771,22.96716526204065
9,8,772,23.097020597008658
9,8,773,23.232765787764414
9,8,774,23.354787419544145
9,8,775,23.454173137532955
9,8,776,23.537228292501972
9,8,777,23.591124167368307
9,8,778,23.601330413613372
9,8,779,23.57015147467352
9,8,780,23.493661967091768
9,8,781,23.366395295069474
9,8,782,23.192804596205825
9,8,783,22.997621324732723
9,8,784,22.797051466147302
9,8,785,22.606321476181385
9,8,786,22.434337095628802
9,8,787,22.289523907143337
9,8,788,22.174957397443087
9,8,789,22.103402718824345
9,8,790,22.08643454174168
9,8,791,22.126375709450688
9,8,792,22.212851008590146
9,8,793,22.323181025521155
9,8,794,22.42134941071127
9,8,795,22.46387293165173
9,8,796,22.431815363313483
9,8,797,22.33515251078453
9,8,798,22.208800489766208
9,8,799,22.088528360718882
9,8,800,22.013442708240863
9,8,801,22.00687472962221
9,8,802,22.071893461047104
9,8,803,22.19445806439738
9,8,804,22.36120963478005
9,8,805,22.56311401681623
9,8,806,22.777344868232763
9,8,807,22.970061601200708
9,8,808,23.095401883912356
9,8,809,23.119820059156623
9,8,810,23.036261258941998
9,8,811,22.87139365923952
9,8,812,22.663048223692236
9,8,813,22.444987289256364
9,8,814,22.24187501108147
9,8,815,22.188355266907493
9,8,816,22.28512829996861
9,8,817,22.456266335565562
9,8,818,22.529350318726735
9,8,819,22.49293234266425
9,8,820,22.38248660943922
9,8,821,22.247465179609
9,8,822,22.126805607851846
9,8,823,22.049023821189007
9,8,824,22.010576086628262
9,8,825,21.98210400304438
9,8,826,21.934708187042244
9,8,827,21.8625474723595
9,8,828,21.772730309282476
9,8,829,21.688475280803903
9,8,830,21.644202048985246
9,8,831,21.65850907600088
9,8,832,21.741332744511272
9,8,833,21.93918236821406
9,8,834,22.14900915179212
9,8,835,22.328774508475945
9,8,836,22.46068803222683
9,8,837,22.528182815068305
9,8,838,22.53212664565329
9,8,839,22.482872153548016
9,8,840,22.393940185906697
9,8,841,22.27381248148441
9,8,842,22.123893803536276
9,8,843,21.942591800345028
9,8,844,21.727721435116496
9,8,845,21.47498197784707
9,8,846,21.18783700864013
9,8,847,20.88991478740309
9,8,848,20.606324405128873
9,8,849,20.363532196976927
9,8,850,20.15516161892966
9,8,851,20.061593960797456
9,8,852,20.100672033638592
9,8,853,20.25859826066489
9,8,854,20.452256205232715
9,8,855,20.653608843467296
9,8,856,20.79580819892674
9,8,857,20.88427514927797
9,8,858,20.91745858509918
9,8,859,20.923251821681237
9,8,860,20.93309726980865
9,8,861,20.95880761003315
9,8,862,21.01343651751866
9,8,863,21.09329414246413
9,8,864,21.18490768720078
9,8,865,21.27057237406896
9,8,866,21.34075274726751
9,8,867,21.395109723729714
9,8,868,21.450849415580443
9,8,869,21.520111303600125
9,8,870,21.613506940667925
9,8,871,21.742072518071293
9,8,872,21.903255402154816
9,8,873,22.080399470064638
9,8,874,22.261519083692825
9,8,875,22.441045661083262
9,8,876,22.605741493051696
9,8,877,22.74545448513089
9,8,878,22.85735020833101
9,8,879,22.94469296466503
9,8,880,23.01096786170576
9,8,881,23.067248296407808
9,8,882,23.116382591674874
9,8,883,23.148602847033217
9,8,884,23.141328968435058
9,8,885,23.075666804940447
9,8,886,22.9415784031281
9,8,887,22.733923255196732
9,8,888,22.43899473391287
9,8,889,22.054014593406198
9,8,890,21.598333087941512
9,8,891,21.0966069885383
9,8,892,20.591422974660752
9,8,893,20.161734974009907
9,8,894,19.883217706553214
9,8,895,19.7788136238727
9,8,896,19.824832973039843
9,8,897,19.975820496468373
9,8,898,20.1605971682339
9,8,899,20.319419885297837
9,8,900,20.423359977739704
9,8,901,20.48821270343171
9,8,902,20.535084180666583
9,8,903,20.587513504422354
9,8,904,20.64899584463083
9,8,905,20.719148479046602
9,8,906,20.783160058835016
9,8,907,20.836824521296343
9,8,908,20.88343693467002
9,8,909,20.938969973900214
9,8,910,21.0236330184611
9,8,911,21.148234653073676
9,8,912,21.303661769931406
9,8,913,21.47440772739176
9,8,914,21.646452184803266
9,8,915,21.798801739224245
9,8,916,21.923379566006584
9,8,917,22.025191936738178
9,8,918,22.10949673362859
9,8,919,22.171506600583072
9,8,920,22.21030175061831
9,8,921,22.218675311937332
9,8,922,22.19088861863589
9,8,923,22.137427313650733
9,8,924,22.084363520689248
9,8,925,22.050435821440686
9,8,926,22.046125149192953
9,8,927,22.066437192512797
9,8,928,22.073686060221625
9,8,929,22.018637202231524
9,8,930,21.887695068241577
9,8,931,21.728501299603263
9,8,933,21.26268394286954
9,8,934,21.119746113138525
9,8,935,21.11019320422119
9,8,936,21.13956109651877
9,8,937,21.195269959646595
9,8,938,21.26050070483433
9,8,939,21.335997768557764
9,8,940,21.42111089515571
9,8,941,21.52367415725966
9,8,942,21.63931648950476
9,8,943,21.75524515804336
9,8,944,21.854285907699232
9,8,945,21.93866939087077
9,8,946,22.018914920153662
9,8,947,22.11360752545405
9,8,948,22.23116315300453
9,8,949,22.3724251015914
9,8,950,22.52073486932225
9,8,951,22.643250207154917
9,8,952,22.712203641856558
9,8,953,22.730992351498458
9,8,954,22.711105429584258
9,8,955,22.666731090138025
9,8,956,22.625417364756927
9,8,957,22.60404768734709
9,8,958,22.594844858555387
9,8,959,22.592431390955635
9,8,960,22.601404059724434
9,8,961,22.612739393199462
9,8,962,22.61120080502665
9,8,963,22.593389035866462
9,8,964,22.556754211582074
9,8,965,22.49957365063882
9,8,966,22.437600458400073
9,8,967,22.393205801753655
9,8,968,22.37553309338197
9,8,969,22.372250057410895
9,8,970,22.364752480747136
9,8,971,22.343667259913122
9,8,972,22.312636658250717
9,8,973,22.27721008824248
9,8,974,22.263651669365327
9,8,975,22.293867363919894
9,8,976,22.3560193750735
9,8,977,22.415997868148516
9,8,978,22.450316043970616
9,8,979,22.441671168237406
9,8,980,22.391807147961924
9,8,981,22.32349541153565
9,8,982,22.2696572145599
9,8,983,22.266023025471874
9,8,984,22.333514225229756
9,8,985,22.461677020772814
9,8,986,22.614773765747895
9,8,987,22.76681489791389
9,8,988,22.888376319357494
9,8,989,22.949812221114282
9,8,990,22.931685217539012
9,8,991,22.856555395080758
9,8,992,22.74794819365209
9,8,993,22.62161253344082
9,8,994,22.493060049155698
9,8,995,22.38599309923508
9,8,996,22.30240721298271
9,8,997,22.23199386094148
9,8,998,22.173164854222016
9,8,999,22.131753522521624
9,8,1000,22.11078279920443
9,8,1001,22.112340013587193
9,8,1002,22.1399775562012
9,8,1003,22.192810085693992
9,8,1004,22.265173580281665
9,8,1005,22.351186861526955
9,8,1006,22.442393020194405
9,8,1007,22.53379116044714
9,8,1008,22.6236801304339
9,8,1009,22.701961304825392
9,8,1010,22.747493766539574
9,8,1011,22.721495706079114
9,8,1012,22.594605474949887
9,8,1013,22.450522451510658
9,8,1014,22.298074361920623
9,8,1015,22.139312942827654
9,8,1016,22.00398848260396
9,8,1017,21.921045223460744
9,8,1018,21.911573722364032
9,8,1019,21.99556590927414
9,8,1020,22.16318246623568
9,8,1021,22.358025643213903
9,8,1022,22.550955935597074
9,8,1023,22.721883671137224
9,8,1024,22.796079995386194
9,8,1025,22.790838237767822
9,8,1026,22.754032319276583
9,8,1027,22.71309551543792
9,8,1028,22.670400365646728
9,8,1029,22.615134153112535
9,8,1030,22.54208970520656
9,8,1031,22.460637861070342
9,8,1032,22.374903154286407
9,8,1033,22.295193581200742
9,8,1034,22.243644290772586
9,8,1035,22.222986743362103
9,8,1036,22.21580522303298
9,8,1037,22.216128434194765
9,8,1038,22.215295675303327
9,8,1039,22.19926908453351
9,8,1040,22.16815984658749
9,8,1041,22.134383175507466
9,8,1042,22.112121674906287
9,8,1043,22.11818189561405
9,8,1044,22.15778129054665
9,8,1045,22.225716290122424
9,8,1046,22.306392333631152
9,8,1047,22.37527333919809
9,8,1048,22.41047747000419
9,8,1049,22.40889102810777
9,8,1050,22.376872419097012
9,8,1051,22.32114719150735
9,8,1052,22.24815316251867
9,8,1053,22.17385741005877
9,8,1054,22.107937570889675
9,8,1055,22.049204506177578
9,8,1056,21.998668908477296
9,8,1057,21.9619579369157
9,8,1058,21.926920727655656
9,8,1059,21.878766721987276
9,8,1060,21.821230749754935
9,8,1061,21.761856423357965
9,8,1062,21.704204228868946
9,8,1063,21.659597531101973
9,8,1064,21.638182442045736
9,8,1065,21.62912475314958
9,8,1066,21.622329732480686
9,8,1067,21.618004883694777
9,8,1068,21.61713819330076
9,8,1069,21.62133133217755
9,8,1070,21.639231246106224
9,8,1071,21.668276575373763
9,8,1072,21.69915583419731
9,8,1073,21.723253989355083
9,8,1074,21.739686862451958
9,8,1075,21.74987873912742
9,8,1076,21.76311245933663
9,8,1077,21.784032952126527
9,8,1078,21.80766312758318
9,8,1079,21.823994478711526
9,8,1080,21.83269997245241
9,8,1081,21.838507810675086
9,8,1082,21.84676321780791
9,8,1083,21.868576548909175
9,8,1084,21.911977530374223
9,8,1085,21.970666326917904
9,8,1086,22.03148226817693
9,8,1087,22.088882679655534
9,8,1088,22.141871525118827
9,8,1089,22.18917129607446
9,8,1090,22.22934817485689
9,8,1091,22.265087271863777
9,8,1092,22.297239944091668
9,8,1093,22.322378621049126
9,8,1094,22.33575932427438
9,8,1095,22.334370390351662
9,8,1096,22.312453596627083
9,8,1097,22.2672348426652
9,8,1098,22.204130936029742
9,8,1099,22.134812082442078
9,8,1100,22.07309064779746
9,8,1101,22.03052876501831
9,8,1102,22.007824878761905
9,8,1103,21.99878148287351
10,9,0,18.592372565164304
10,9,1,18.606111485989203
10,9,2,18.619262733557914
10,9,3,18.626281880088342
10,9,4,18.622082134456168
10,9,5,18.608965114020414
10,9,6,18.59315744746668
10,9,7,18.58223924565752
10,9,8,18.584945288491234
10,9,9,18.605028706554535
10,9,10,18.640140071241742
10,9,11,18.685226645275247
10,9,12,18.73362653322082
10,9,13,18.77461930593718
10,9,14,18.800903467057662
10,9,15,18.810474961956103
10,9,16,18.804346687658107
10,9,17,18.785245571913663
10,9,18,18.759551144919847
10,9,19,18.733958606206638
10,9,20,18.714418175370266
10,9,21,18.704950591534942
10,9,22,18.70867006760536
10,9,23,18.72635885480907
10,9,24,18.75515046702297
10,9,25,18.789480990350764
10,9,26,18.82515819368401
10,9,27,18.859306024493133
10,9,28,18.890670484674132
10,9,29,18.919407176837087
10,9,30,18.94577415563602
10,9,31,18.96903094304769
10,9,32,18.98828966528704
10,9,33,19.00180852407786
10,9,34,19.00714041194497
10,9,35,19.003701835533683
10,9,36,18.991931542716596
10,9,37,18.971394805366746
10,9,38,18.9447818077446
10,9,39,18.91862022769749
10,9,40,18.897673953578167
10,9,41,18.885033557859288
10,9,42,18.883330196138047
10,9,43,18.88872068320547
10,9,44,18.89249940865162
10,9,45,18.889146134144386
10,9,46,18.87609815690088
10,9,47,18.853311187637456
10,9,48,18.82672003437456
10,9,49,18.80482616470446
10,9,50,18.792084482906418
10,9,51,18.78944720039814
10,9,52,18.79514334842527
10,9,53,18.80420176093546
10,9,54,18.812695204192288
10,9,55,18.818830767415406
10,9,56,18.822288377482668
10,9,57,18.823515866573295
10,9,58,18.82477647496609
10,9,59,18.82623271917848
10,9,60,18.82724619187266
10,9,61,18.827126898740154
10,9,62,18.82568091499106
10,9,63,18.820170613965843
10,9,64,18.80911760982094
10,9,65,18.792196180154438
10,9,66,18.769905132535836
10,9,67,18.74272614124593
10,9,68,18.71415823765208
10,9,69,18.687219006993935
10,9,70,18.665021163634293
10,9,71,18.64923778458751
10,9,72,18.640871466285773
10,9,73,18.640110371304072
10,9,74,18.64648889121935
10,9,75,18.657617207081472
10,9,76,18.67107356573901
10,9,77,18.684752772999595
10,9,78,18.69557583893452
10,9,79,18.70174220089835
10,9,80,18.70292439142851
10,9,81,18.69988982522458
10,9,82,18.693297559740227
10,9,83,18.684760232848113
10,9,84,18.675682356871302
10,9,85,18.667127142877927
10,9,86,18.660025878797878
10,9,87,18.65562110843329
10,9,88,18.653855134747314
10,9,89,18.653783291246334
10,9,90,18.655245551461814
10,9,91,18.65784716485884
10,9,92,18.66065761315818
10,9,93,18.664618699787038
10,9,94,18.670937290731388
10,9,95,18.680386703121506
10,9,96,18.693466606981577
10,9,97,18.710258483549186
10,9,98,18.728082993415516
10,9,99,18.744543943702865
10,9,100,18.75763957383994
10,9,101,18.76661857987715
10,9,102,18.772140308902394
10,9,103,18.777041794878564
10,9,104,18.78394634293519
10,9,105,18.792610977946936
10,9,106,18.799983646362886
10,9,107,18.803910038696177
10,9,108,18.802953282589005
10,9,109,18.796171635978936
10,9,110,18.78544933244082
10,9,111,18.775825406860502
10,9,112,18.771115544617516
10,9,113,18.772794972921737
10,9,114,18.780251833183645
10,9,115,18.792155703251687
10,9,116,18.804929301040215
10,9,117,18.813902431622505
10,9,118,18.815745299488505
10,9,119,18.809174077959046
10,9,120,18.79441330416092
10,9,121,18.774312291285103
10,9,122,18.75292868274458
10,9,123,18.73361170237243
10,9,124,18.719483252176474
10,9,125,18.711874783522667
10,9,126,18.709506961283502
10,9,127,18.70955738759591
10,9,128,18.709201539264445
10,9,129,18.70701472648915
10,9,130,18.70162113267343
10,9,131,18.692934452779962
10,9,132,18.683061383015826
10,9,133,18.67526647455446
10,9,134,18.66978530048174
10,9,135,18.668455667599602
10,9,136,18.672758008582175
10,9,137,18.681587559021782
10,9,138,18.691953562907095
10,9,139,18.702608144264268
10,9,140,18.71078543708393
10,9,141,18.714561360282005
10,9,142,18.71474098012251
10,9,143,18.713268651720625
10,9,144,18.71143932460652
10,9,145,18.711647179223217
10,9,146,18.715472962131432
10,9,147,18.723119982080586
10,9,148,18.734717980750034
10,9,149,18.75050162881127
10,9,150,18.76807598531867
10,9,151,18.783675584729835
10,9,152,18.792980875386018
10,9,153,18.79204802361517
10,9,154,18.77805586497647
10,9,155,18.7519526934581
10,9,156,18.717612794323163
10,9,157,18.68115404374243
10,9,158,18.647447119919608
10,9,159,18.619439775950013
10,9,160,18.598092322519467
10,9,161,18.583778087224488
10,9,162,18.57458903384169
10,9,163,18.570287365612383
10,9,164,18.57061660659349
10,9,165,18.573733798654125
10,9,166,18.576834694856256
10,9,167,18.58028424548846
10,9,168,18.58265187150794
10,9,169,18.58351626799111
10,9,170,18.584875152044575
10,9,171,18.587165196097992
10,9,172,18.588084349994087
10,9,173,18.587720564008315
10,9,174,18.586338365965638
10,9,175,18.582847950578824
10,9,176,18.577972837213572
10,9,177,18.57328247579544
10,9,178,18.567170343101417
10,9,179,18.55845109835556
10,9,180,18.547784177922022
10,9,181,18.537296393298053
10,9,182,18.527283624036276
10,9,183,18.52105756957676
10,9,184,18.5210995018711
10,9,185,18.528103376230924
10,9,186,18.54025833210661
10,9,187,18.555974056559382
10,9,188,18.571307885142417
10,9,189,18.58274406595489
10,9,190,18.588620110275553
10,9,191,18.5886789468437
10,9,192,18.5849477388849
10,9,193,18.581164389755816
10,9,194,18.579994953005006
10,9,195,18.581746103526758
10,9,196,18.586569406309955
10,9,197,18.593582639202346
10,9,198,18.601681815391647
10,9,199,18.611032833151647
10,9,200,18.623217134882783
10,9,201,18.638400842109174
10,9,202,18.655918525998484
10,9,203,18.67506265827199
10,9,204,18.695557545327855
10,9,205,18.716707072279235
10,9,206,18.737811828939694
10,9,207,18.75759781361209
10,9,208,18.773655794696126
10,9,209,18.782392765486144
10,9,210,18.78161256130571
10,9,211,18.772340252763268
10,9,212,18.757899948261272
10,9,213,18.7419476454532
10,9,214,18.728671643568177
10,9,215,18.72035966242236
10,9,216,18.71692428701871
10,9,217,18.71779434406788
10,9,218,18.72287493313122
10,9,219,18.73060748293537
10,9,220,18.739725851443286
10,9,221,18.748265201477107
10,9,222,18.753369911823103
10,9,223,18.751179828966503
10,9,224,18.738561677871328
10,9,225,18.71379451488839
10,9,226,18.678059821399028
10,9,227,18.633977607141016
10,9,228,18.58736871253465
10,9,229,18.54629841166606
10,9,230,18.51736090362233
10,9,231,18.50449843703921
10,9,232,18.51002867293993
10,9,233,18.532124859220346
10,9,234,18.56462144939895
10,9,235,18.5992089429891
10,9,236,18.626371401058133
10,9,237,18.63926954158311
10,9,238,18.63442640438841
10,9,239,18.613705152203234
10,9,240,18.584053892935888
10,9,241,18.556648667862046
10,9,242,18.538781344048637
10,9,243,18.534178968335365
10,9,244,18.54144854209304
10,9,245,18.55598305994464
10,9,246,18.570513992883743
10,9,247,18.580704242444646
10,9,248,18.586143960614667
10,9,249,18.588854800536467
10,9,250,18.591706300343752
10,9,251,18.597174947200628
10,9,252,18.606675920101747
10,9,253,18.619548205126797
10,9,254,18.63710052216274
10,9,255,18.659661534553276
10,9,256,18.68711536714626
10,9,257,18.717498192152046
10,9,258,18.747852881302602
10,9,259,18.76853224836331
10,9,260,18.766283402290885
10,9,261,18.72888234730616
10,9,262,18.645126371973095
10,9,263,18.504758879610517
10,9,264,18.31573337036044
10,9,265,18.097717873722164
10,9,266,17.88515486587561
10,9,267,17.716695761066244
10,9,268,17.627018049789957
10,9,269,17.626794878127953
10,9,270,17.714386396223905
10,9,271,17.853761260001388
10,9,272,17.992600403659864
10,9,273,18.148218728614232
10,9,274,18.309920216466807
10,9,275,18.452762789473816
10,9,276,18.56769222689347
10,9,277,18.653540960960754
10,9,278,18.707415372098332
10,9,279,18.724746291210415
10,9,280,18.70505448741992
10,9,281,18.649211653914804
10,9,282,18.565036369437408
10,9,283,18.46965639073022
10,9,284,18.382788094307546
10,9,285,18.318930698472773
10,9,286,18.28758944653481
10,9,287,18.290115778291952
10,9,288,18.317052466254875
10,9,289,18.358158099527973
10,9,290,18.406092397908296
10,9,291,18.453100642662605
10,9,292,18.490433919872505
10,9,293,18.51639328568496
10,9,294,18.534668017548302
10,9,295,18.551114884879897
10,9,296,18.572152991138392
10,9,297,18.60586529041433
10,9,298,18.656145583314604
10,9,299,18.72014374060719
10,9,300,18.79182718976808
10,9,301,18.869424913528686
10,9,302,18.95079387590969
10,9,303,19.03208316762717
10,9,304,19.106556568822413
10,9,305,19.16826213578786
10,9,306,19.211164174759467
10,9,307,19.23299414094027
10,9,308,19.236045837957995
10,9,309,19.226281672756972
10,9,310,19.211402756792136
10,9,311,19.198362994255046
10,9,312,19.19171237895332
10,9,313,19.195438205369683
10,9,314,19.218507515344875
10,9,315,19.26125727825301
10,9,316,19.313298447248076
10,9,317,19.362070485092055
10,9,318,19.399126654559996
10,9,319,19.412945646046133
10,9,320,19.397956410628478
10,9,321,19.362167528670362
10,9,322,19.319543445300717
10,9,323,19.27766072156033
10,9,324,19.241714039405007
10,9,325,19.21607729992826
10,9,326,19.20078127578998
10,9,327,19.19384794877883
10,9,328,19.191536546601164
10,9,329,19.189018446708335
10,9,330,19.184593196379893
10,9,331,19.172822031228517
10,9,332,19.145937431791037
10,9,333,19.105109256181443
10,9,334,19.062854341398992
10,9,335,19.033534751664803
10,9,336,19.032894743241823
10,9,337,19.0725540015844
10,9,338,19.152425003915805
10,9,339,19.25420363236552
10,9,340,19.357358983560175
10,9,341,19.44584066380767
10,9,342,19.50628950445419
10,9,343,19.529370987915954
10,9,344,19.518385338087427
10,9,345,19.474116808747006
10,9,346,19.393002000381063
10,9,347,19.279732491866138
10,9,348,19.14435572493681
10,9,349,19.009919917506657
10,9,350,18.99585040108062
10,9,351,19.104082755894908
10,9,352,19.21600077043387
10,9,353,19.29597887306811
10,9,354,19.326412363976786
10,9,355,19.303734578048427
10,9,356,19.238958009504646
10,9,357,19.18726873775031
10,9,358,19.09003205711361
10,9,359,19.026169437084356
10,9,360,19.00884018908366
10,9,361,19.005594675943
10,9,362,18.92318811567868
10,9,363,18.782288303451406
10,9,364,18.674377992291703
10,9,365,18.63214272169055
10,9,366,18.65710157961171
10,9,367,18.730682213502245
10,9,368,18.812320670364592
10,9,369,18.819108247526145
10,9,370,18.827523104802633
10,9,371,18.859661867939362
10,9,372,18.887717055341795
10,9,373,18.81292137146398
10,9,374,18.746029259808623
10,9,375,18.73703699642461
10,9,376,18.802024560300538
10,9,377,18.921120793863345
10,9,378,19.001871342379847
10,9,379,19.033442295921663
10,9,380,19.026112168605042
10,9,381,19.00794396282332
10,9,382,19.048907338268656
10,9,383,19.08983608709133
10,9,384,19.132008883970474
10,9,385,19.183788113665248
10,9,386,19.249485206577827
10,9,387,19.33344754948736
10,9,388,19.415534845687695
10,9,389,19.476203250279486
10,9,390,19.51222497322515
10,9,391,19.52168150017985
10,9,392,19.503680034453268
10,9,393,19.476692980694096
10,9,394,19.454594395248066
10,9,395,19.43173885710162
10,9,396,19.4035108297164
10,9,397,19.370013704888752
10,9,398,19.333639249072267
10,9,399,19.29944761875802
10,9,400,19.27312172603036
10,9,401,19.255773011680006
10,9,402,19.243279341733803
10,9,403,19.22244377474222
10,9,404,19.179857687889722
10,9,405,19.116544829423304
10,9,406,19.048623278367554
10,9,407,18.98924893236214
10,9,408,18.95218761556152
10,9,409,18.948727827683737
10,9,410,18.973662967477512
10,9,411,19.01356471624723
10,9,412,19.063279368870262
10,9,413,19.11394421143783
10,9,414,19.157291840417766
10,9,415,19.195903737902274
10,9,416,19.223626332403875
10,9,417,19.228234839385372
10,9,418,19.206838027641126
10,9,419,19.16624775607016
10,9,420,19.115696522392714
10,9,421,19.070882413432848
10,9,422,19.051242770947624
10,9,423,19.071614335950393
10,9,424,19.136038016116455
10,9,425,19.23367614925624
10,9,426,19.346789942317187
10,9,427,19.45090564342073
10,9,428,19.527646692063424
10,9,429,19.563568115430776
10,9,430,19.565239229922224
10,9,431,19.552313590769828
10,9,432,19.5414186933051
10,9,433,19.526596824516492
10,9,434,19.50261116244127
10,9,435,19.462911948267624
10,9,436,19.396772018868695
10,9,437,19.3073723330444
10,9,438,19.226253079151057
10,9,439,19.172591262202374
10,9,440,19.138140496629624
10,9,441,19.123042169535683
10,9,442,19.13874051729309
10,9,443,19.175038186155092
10,9,444,19.22023718944504
10,9,445,19.273275923020957
10,9,446,19.313129186685686
10,9,447,19.300729772836313
10,9,448,19.22488534922646
10,9,449,19.102724997612256
10,9,450,18.97205019553425
10,9,451,18.880368787724144
10,9,452,18.857736042896615
10,9,453,18.89974515652411
10,9,454,18.97741100108066
10,9,455,19.05250320627208
10,9,456,19.092153251943078
10,9,457,19.087535807164603
10,9,458,19.05312747186146
10,9,459,19.011109111276447
10,9,460,18.973961202953443
10,9,461,18.944734822720143
10,9,462,18.924391337027263
10,9,463,18.910440210423396
10,9,464,18.903762856038643
10,9,465,18.909092661642205
10,9,466,18.932167598336157
10,9,467,18.967672046257945
10,9,468,19.006939049719804
10,9,469,19.044052107704864
10,9,470,19.08329526695503
10,9,471,19.12675222726528
10,9,472,19.18198008525678
10,9,473,19.248034621148754
10,9,474,19.313459618193765
10,9,475,19.36167227909924
10,9,476,19.39560195480487
10,9,477,19.426719704045183
10,9,478,19.476355025683414
10,9,479,19.56262858714027
10,9,480,19.695221468979483
10,9,481,19.85391464623473
10,9,482,20.00103190696126
10,9,483,20.10261142750048
10,9,484,20.142640928611016
10,9,485,20.1140588012261
10,9,486,20.031524508036252
10,9,487,19.92281845715779
10,9,488,19.81490886177854
10,9,489,19.71638936823303
10,9,490,19.63299424048679
10,9,491,19.572646443618805
10,9,492,19.54483316689456
10,9,493,19.548618613005527
10,9,494,19.58836440485529
10,9,495,19.664331848852328
10,9,496,19.763998871920293
10,9,497,19.867399573160014
10,9,498,19.958038781834805
10,9,499,20.02620160812819
10,9,500,20.07063594972702
10,9,501,20.08969383038174
10,9,502,20.079108316462328
10,9,503,20.045258709577052
10,9,504,19.999628543806402
10,9,505,19.94558210250844
10,9,506,19.891290354524415
10,9,507,19.851667719267763
10,9,508,19.82964605500874
10,9,509,19.81545278180336
10,9,510,19.80049934850182
10,9,511,19.778756884194017
10,9,512,19.7410310135759
10,9,513,19.684091952109103
10,9,514,19.609331159402952
10,9,515,19.52502723883886
10,9,516,19.433720898783207
10,9,517,19.342898382440424
10,9,518,19.26721022557827
10,9,519,19.21991294231297
10,9,520,19.205820501921757
10,9,521,19.23174237859558
10,9,522,19.302518155542987
10,9,523,19.403019108630385
10,9,524,19.505903007264436
10,9,525,19.587394783235986
10,9,526,19.629080215981197
10,9,527,19.61847502824643
10,9,528,19.556507825262887
10,9,529,19.463786554956428
10,9,530,19.366626729289873
10,9,531,19.285245427686213
10,9,532,19.232865900334765
10,9,533,19.2226521260616
10,9,534,19.253807921028322
10,9,535,19.31042823027848
10,9,536,19.378342285965605
10,9,537,19.448595882296
10,9,538,19.512885678859924
10,9,539,19.568561561513683
10,9,540,19.62335484311233
10,9,541,19.68330148586503
10,9,542,19.74031564320227
10,9,543,19.784144628121016
10,9,544,19.808577395170026
10,9,545,19.80686341924624
10,9,546,19.778287442020016
10,9,547,19.733696063406
10,9,548,19.682684289205017
10,9,549,19.63232526053198
10,9,550,19.593132790114566
10,9,551,19.574108662054012
10,9,552,19.58573068829136
10,9,553,19.632612879085265
10,9,554,19.70835888008674
10,9,555,19.796776605968574
10,9,556,19.87423310427509
10,9,557,19.914547484066844
10,9,558,19.90713025295404
10,9,559,19.856746211809554
10,9,560,19.777632775866742
10,9,561,19.68965910555885
10,9,562,19.61794712068408
10,9,563,19.58185199187034
10,9,564,19.59396895846279
10,9,565,19.657498167669626
10,9,566,19.768902722107555
10,9,567,19.907850540771612
10,9,568,20.04520399427574
10,9,569,20.15593060647971
10,9,570,20.224020673295367
10,9,571,20.245388343527377
10,9,572,20.233303394718074
10,9,573,20.20774431855147
10,9,574,20.18286950775773
10,9,575,20.171859230872137
10,9,576,20.183504403788966
10,9,577,20.211917835848794
10,9,578,20.248362214961688
10,9,579,20.288060800757012
10,9,580,20.320326592834263
10,9,581,20.332164371783172
10,9,582,20.32459889261113
10,9,583,20.302968094006303
10,9,584,20.273362433930885
10,9,585,20.245639005685288
10,9,586,20.22762808232542
10,9,587,20.21604498980508
10,9,588,20.202985197730946
10,9,589,20.17045818871778
10,9,590,20.10418741276032
10,9,591,20.006014468650196
10,9,592,19.885965940806564
10,9,593,19.767135427323435
10,9,594,19.678243348653055
10,9,595,19.63926584516979
10,9,596,19.65060301269817
10,9,597,19.706189314808256
10,9,598,19.766811226247988
10,9,599,19.79774580314275
10,9,600,19.769524933187764
10,9,601,19.632434424355665
10,9,603,19.271574666299674
10,9,604,19.093220764375488
10,9,605,18.916492908242038
10,9,606,18.76303934277223
10,9,610,19.12571099356186
10,9,611,19.25236904918162
10,9,614,19.49083946252095
10,9,615,19.59563047567367
10,9,622,19.88355644731797
10,9,623,20.050734692267426
10,9,624,20.03502499901259
10,9,625,19.93446043663655
10,9,626,19.7652854924028
10,9,627,19.552750587831728
10,9,628,19.30931916946118
10,9,629,19.053122419387886
10,9,630,18.813763776097534
10,9,631,18.612020510641226
10,9,632,18.460846218169603
10,9,633,18.373109161789824
10,9,634,18.359818254960828
10,9,635,18.412847851689026
10,9,636,18.517358511896408
10,9,637,18.663203349610846
10,9,638,18.762095730486653
10,9,644,19.287523971577304
10,9,646,19.048077057799315
10,9,647,19.059879772797984
10,9,648,19.122880145160842
10,9,649,19.229228816495155
10,9,650,19.377278161611518
10,9,651,19.55496067671493
10,9,652,19.711126116672997
10,9,653,19.811865371948343
10,9,654,19.728821289438788
10,9,658,19.285788031301085
10,9,659,19.278167358045327
10,9,660,19.221303159781698
10,9,661,19.181638423011872
10,9,664,19.481092222392746
10,9,665,19.587033797361872
10,9,666,19.63873897323793
10,9,667,19.71063473444648
10,9,668,19.786668356154745
10,9,669,19.850428315099155
10,9,670,19.881488877848053
10,9,671,19.88672542658899
10,9,672,19.86147568339216
10,9,673,19.811179372013914
10,9,674,19.745675730320674
10,9,675,19.67083544831967
10,9,676,19.588629042004953
10,9,677,19.494214544228388
10,9,678,19.382588999278294
10,9,679,19.263594474597777
10,9,680,19.16012705264386
10,9,681,19.09350416429412
10,9,682,19.090413736152758
10,9,683,19.170419121804244
10,9,684,19.32362812565857
10,9,685,19.518953532379275
10,9,686,19.721951872912634
10,9,687,19.894335432669564
10,9,688,20.012511231260326
10,9,689,20.08057785179485
10,9,690,20.119649599489186
10,9,691,20.151210109281546
10,9,692,20.195424918869886
10,9,693,20.26288304548048
10,9,694,20.354490651273018
10,9,695,20.457765356053653
10,9,696,20.54534538182245
10,9,697,20.588517103099953
10,9,698,20.566917803744737
10,9,699,20.466168931776217
10,9,700,20.302802861325237
10,9,701,19.997282173965285
10,9,704,19.35926984155157
10,9,705,19.408199490085465
10,9,706,19.433353014811733
10,9,707,19.485593998145504
10,9,708,19.55250813243228
10,9,709,19.6144224445751
10,9,710,19.57939955034415
10,9,711,19.40324051849817
10,9,713,19.30654635276259
10,9,714,19.310105369128767
10,9,715,19.276553716007715
10,9,716,19.28102419548693
10,9,717,19.31774975280623
10,9,718,19.38222287723854
10,9,719,19.445816279417983
10,9,720,19.502617826927555
10,9,721,19.563063144481642
10,9,722,19.62475333768147
10,9,723,19.677759825596986
10,9,724,19.70164943453511
10,9,725,19.679412633141148
10,9,726,19.471799369227465
10,9,746,19.440194461959052
10,9,748,19.875625539416802
10,9,752,19.44244344843318
10,9,753,19.304486454003197
10,9,754,19.1718419753177
10,9,755,19.13290495777342
10,9,756,19.184660832476965
10,9,757,19.309784185083963
10,9,758,19.484526906175915
10,9,759,19.672655270341036
10,9,760,19.841104105475946
10,9,761,19.96434771115846
10,9,762,20.018967568558203
10,9,763,19.998533783567552
10,9,764,19.930004858815526
10,9,765,19.86818795062926
10,9,766,19.732932219135844
10,9,768,19.56705392480727
10,9,769,19.679596248063625
10,9,770,19.72295497498885
10,9,771,19.69166767812298
10,9,772,19.595371762866513
10,9,773,19.489431446537335
10,9,774,19.443907496820337
10,9,775,19.489416860119775
10,9,776,19.625580493144746
10,9,777,19.83900010510696
10,9,778,20.090149507772956
10,9,779,20.32179343770558
10,9,780,20.499302082545945
10,9,781,20.604798503577275
10,9,782,20.624929133057076
10,9,783,20.572307320966136
10,9,784,20.48053530872224
10,9,785,20.377622804435592
10,9,786,20.28381819268078
10,9,787,20.21746077316331
10,9,788,20.186129878465046
10,9,789,20.18650302251366
10,9,790,20.214840432157636
10,9,791,20.2731658563887
10,9,792,20.36477108842422
10,9,793,20.4856455476686
10,9,794,20.614874088079727
10,9,795,20.72513740903299
10,9,796,20.794996628111786
10,9,797,20.814659664919578
10,9,798,20.791959657985174
10,9,799,20.757529784435967
10,9,800,20.750845992380775
10,9,801,20.803049646394506
10,9,802,20.947658305205948
10,9,803,21.179145594641987
10,9,804,21.452320787035774
10,9,805,21.711942723409955
10,9,806,21.900675131382954
10,9,807,21.955353757539918
10,9,808,21.89166835866798
10,9,809,21.687383808458
10,9,810,21.41004829610009
10,9,811,21.10880031926018
10,9,812,20.878194092546064
10,9,813,20.5830051837113
10,9,817,20.11633434422439
10,9,818,20.152476768024645
10,9,819,20.064412340822678
10,9,820,19.936758136764368
10,9,821,19.77899544876695
10,9,822,19.647415099737366
10,9,823,19.579199417104594
10,9,824,19.589886446849018
10,9,825,19.67068747214616
10,9,826,19.79126318662778
10,9,827,19.920788993292042
10,9,828,20.054926173256828
10,9,829,20.191491295726344
10,9,830,20.342563861693424
10,9,831,20.46129363111824
10,9,833,20.87555525745761
10,9,834,21.088750125986646
10,9,835,21.158898659315074
10,9,836,21.14925427794974
10,9,837,21.07979315449417
10,9,838,20.987065732282637
10,9,839,20.909829894524258
10,9,840,20.864586610174168
10,9,841,20.833711710934082
10,9,842,20.790895336011197
10,9,843,20.720611666937057
10,9,844,20.619405529778316
10,9,845,20.48195154214643
10,9,846,20.3169235671129
10,9,847,20.144605273841197
10,9,848,19.9854695702533
10,9,849,19.855077500604377
10,9,850,19.770534245933888
10,9,851,19.750207295416818
10,9,852,19.79079744070752
10,9,853,19.863453171229537
10,9,854,19.923938255164746
10,9,855,19.93781616590969
10,9,856,19.88451972427125
10,9,857,19.781944234130027
10,9,858,19.65957186579717
10,9,859,19.546593741330934
10,9,860,19.479008941883208
10,9,861,19.496796105278648
10,9,862,19.598447838589575
10,9,863,19.768039192748365
10,9,864,19.98985106503974
10,9,865,20.22338876165819
10,9,866,20.406549717894656
10,9,867,20.516033144106107
10,9,868,20.55711578007028
10,9,869,20.543013738612558
10,9,870,20.50405481170779
10,9,871,20.476175895883753
10,9,872,20.468960566617422
10,9,873,20.483084758572932
10,9,874,20.512087477744323
10,9,875,20.551654366149684
10,9,876,20.602588537175624
10,9,877,20.667185828161383
10,9,878,20.736586681635917
10,9,879,20.81164175774075
10,9,880,20.88532697943614
10,9,881,20.945001863742974
10,9,882,20.977789245235076
10,9,883,20.973631739971818
10,9,884,20.920086124868767
10,9,885,20.813353204153692
10,9,886,20.66750782720354
10,9,887,20.52921777752749
10,9,888,20.445730965245332
10,9,889,20.443980556578115
10,9,890,20.518961435356893
10,9,891,20.634251243026487
10,9,892,20.727261211601697
10,9,893,20.75220380630691
10,9,894,20.682166155175434
10,9,895,20.532970708582802
10,9,896,20.354746841728613
10,9,897,20.187701184820366
10,9,898,20.04064568348112
10,9,899,19.92857091348915
10,9,900,19.855690203095634
10,9,901,19.808767467953633
10,9,902,19.786019027006535
10,9,903,19.799345980813506
10,9,904,19.84004926740769
10,9,905,19.891593155709927
10,9,906,19.945022327055913
10,9,907,19.995117625964316
10,9,908,20.040552486414605
10,9,909,20.096198616034265
10,9,910,20.177738150760266
10,9,911,20.28065499884921
10,9,912,20.383029586600948
10,9,913,20.464193110474667
10,9,914,20.50581893923293
10,9,915,20.498315944860526
10,9,916,20.45278424324695
10,9,917,20.40452554658995
10,9,918,20.386418006823117
10,9,919,20.414640961294424
10,9,920,20.489657740670598
10,9,921,20.600948123333207
10,9,922,20.7234258681114
10,9,923,20.835270536714305
10,9,924,20.92571272716192
10,9,925,20.990090619354884
10,9,926,21.02691995069329
10,9,927,21.035168525977276
10,9,928,21.00202456403679
10,9,929,20.917122888182682
10,9,930,20.781407001132187
10,9,931,20.558838219382874
10,9,933,20.18430253283049
10,9,934,20.07833007196745
10,9,935,19.962896462418552
10,9,936,19.88427386522013
10,9,937,19.819583912027007
10,9,938,19.763172485818377
10,9,939,19.720547765560468
10,9,940,19.695908638362543
10,9,941,19.70968567199557
10,9,942,19.782633623305824
10,9,943,19.908212179980087
10,9,944,20.068261527492428
10,9,945,20.24293853270511
10,9,946,20.40659941099946
10,9,947,20.534467117615215
10,9,948,20.63122562296825
10,9,949,20.701797219777617
10,9,950,20.743647014790252
10,9,951,20.75546970015053
10,9,952,20.74761130699141
10,9,953,20.717799022104874
10,9,954,20.66645386959153
10,9,955,20.60143096219105
10,9,956,20.522610424703316
10,9,957,20.42009590829493
10,9,958,20.29362331873327
10,9,959,20.15850645791464
10,9,960,20.02942282174897
10,9,961,19.926713573542866
10,9,962,19.86976356815302
10,9,963,19.862366119471403
10,9,964,19.894358778318992
10,9,965,19.95700774641166
10,9,966,20.04031620623329
10,9,967,20.12402863861052
10,9,968,20.18091277177635
10,9,969,20.190333840499243
10,9,970,20.14800355264429
10,9,971,20.062031914764795
10,9,972,19.95550067633704
10,9,973,19.876103178344348
10,9,974,19.849051815455805
10,9,975,19.863091552948926
10,9,976,19.900788605893528
10,9,977,19.946541022065162
10,9,978,19.971791900958827
10,9,979,19.972276074851173
10,9,980,19.96371169479532
10,9,981,19.951062768097426
10,9,982,19.946314055013502
10,9,983,19.97470752038929
10,9,984,20.044440524009325
10,9,985,20.15335048549149
10,9,986,20.30091758436943
10,9,987,20.468224687438298
10,9,988,20.616543568910778
10,9,989,20.717852937753488
10,9,990,20.76235990009912
10,9,991,20.753609597132403
10,9,992,20.71006330379134
10,9,993,20.667169699738068
10,9,994,20.651367565007416
10,9,995,20.667579510475687
10,9,996,20.706590246901293
10,9,997,20.753011392315525
10,9,998,20.781695247015325
10,9,999,20.775314727653054
10,9,1000,20.730469689217003
10,9,1001,20.65171350736778
10,9,1002,20.554093790899014
10,9,1003,20.461825536843428
10,9,1004,20.393430792137238
10,9,1005,20.355425136157013
10,9,1006,20.35090468212883
10,9,1007,20.36801627718302
10,9,1008,20.38004754449141
10,9,1009,20.3819998062968
10,9,1010,20.419111178261907
10,9,1011,20.333877541769557
10,9,1023,19.311267166517748
10,9,1024,19.45619496905997
10,9,1025,19.627992274154934
10,9,1026,19.804025115478773
10,9,1027,19.96258080254063
10,9,1028,20.075833098827548
10,9,1029,20.11552604321185
10,9,1030,20.069790194419806
10,9,1031,19.961690651625386
10,9,1032,19.837539943732406
10,9,1033,19.735911588596085
10,9,1034,19.68203872348005
10,9,1035,19.683009393940505
10,9,1036,19.725992546980976
10,9,1037,19.78827421830177
10,9,1038,19.859799751309207
10,9,1039,19.930877654966885
10,9,1040,19.996995028970627
10,9,1041,20.06475701691857
10,9,1042,20.138453675889878
10,9,1043,20.208941889050436
10,9,1044,20.272119697770062
10,9,1045,20.325390845314605
10,9,1046,20.364919000039507
10,9,1047,20.391720712306928
10,9,1048,20.41439966506006
10,9,1049,20.43707609188321
10,9,1050,20.463648057676302
10,9,1051,20.49187633878193
10,9,1052,20.51873555355782
10,9,1053,20.545471159084187
10,9,1054,20.575039454409207
10,9,1055,20.60517429076568
10,9,1056,20.640685355695616
10,9,1057,20.68468867187941
10,9,1058,20.72867553697419
10,9,1059,20.765088492628617
10,9,1060,20.796305866008126
10,9,1061,20.820621974532585
10,9,1062,20.83499194112675
10,9,1063,20.843132481054393
10,9,1064,20.84839886629371
10,9,1065,20.844099420081868
10,9,1066,20.824199831898344
10,9,1067,20.788037001267902
10,9,1068,20.73727748244768
10,9,1069,20.681351861296783
10,9,1070,20.63488291608246
10,9,1071,20.611474999471483
10,9,1072,20.61936349062818
10,9,1073,20.66237794126415
10,9,1074,20.730144226096332
10,9,1075,20.809582392680827
10,9,1076,20.887404078155075
10,9,1077,20.949709667158302
10,9,1078,20.986259654055587
10,9,1079,20.995017488768347
10,9,1080,20.978007017281072
10,9,1081,20.941056508902868
10,9,1082,20.894917394840988
10,9,1083,20.85171403965933
10,9,1084,20.8258402549433
10,9,1085,20.82740165547401
10,9,1086,20.859236536030966
10,9,1087,20.918413329527617
10,9,1088,20.992669878481053
10,9,1089,21.06193988711358
10,9,1090,21.110014187759226
10,9,1091,21.129721591920074
10,9,1092,21.120372684540364
10,9,1093,21.089216474778272
10,9,1094,21.04946295487526
10,9,1095,21.012314104749507
10,9,1096,20.983760056824156
10,9,1097,20.96689829534193
10,9,1098,20.96316892575172
10,9,1099,20.971549091856104
10,9,1100,20.988889489898366
10,9,1101,21.010687611344714
10,9,1102,21.03127019243638
10,9,1103,21.047565715982394
11,10,0,18.163713828948516
11,10,1,18.161027880257688
11,10,2,18.15317804998654
11,10,3,18.137120896184175
11,10,4,18.113025008025406
11,10,5,18.084088902858497
11,10,6,18.05426682823058
11,10,7,18.03023401599301
11,10,8,18.0193474554013
11,10,9,18.023463118886603
11,10,10,18.039893450484406
11,10,11,18.0646544854763
11,10,12,18.09236833753132
11,10,13,18.11471636123579
11,10,14,18.127034889768375
11,10,15,18.12863483284712
11,10,16,18.121084654833762
11,10,17,18.107519312002808
11,10,18,18.091748106522218
11,10,19,18.076119847628725
11,10,20,18.062358538842602
11,10,21,18.05056644125621
11,10,22,18.037468817172755
11,10,23,18.020924685799855
11,10,24,17.999812716924257
11,10,25,17.97264978261042
11,10,26,17.94009432691247
11,10,27,17.906480753454634
11,10,28,17.87444785827436
11,10,29,17.84629176089197
11,10,30,17.824286112452704
11,10,31,17.810298933173268
11,10,32,17.806522547116554
11,10,33,17.813775085961435
11,10,34,17.83056528117174
11,10,35,17.854358416808655
11,10,36,17.879571690127786
11,10,37,17.89763607528352
11,10,38,17.907307321382547
11,10,39,17.911008348205925
11,10,40,17.910501512969663
11,10,41,17.908826543977376
11,10,42,17.909494887856805
11,10,43,17.9095347056491
11,10,44,17.90549068753539
11,10,45,17.896125554007426
11,10,46,17.882296684484743
11,10,47,17.864851473993124
11,10,48,17.846520411153556
11,10,49,17.827119411240393
11,10,50,17.806979879335987
11,10,51,17.786644218587895
11,10,52,17.769089107150883
11,10,53,17.755822919133553
11,10,54,17.750330378522435
11,10,55,17.75594765095539
11,10,56,17.774481060497962
11,10,57,17.80325242727971
11,10,58,17.840123568343405
11,10,59,17.882071225852393
11,10,60,17.924040208206417
11,10,61,17.959768881159395
11,10,62,17.98732607352574
11,10,63,18.00583438122138
11,10,64,18.014987283966693
11,10,65,18.014862947751947
11,10,66,18.006943536298593
11,10,67,17.9921389247593
11,10,68,17.9726134870744
11,10,69,17.95007882023941
11,10,70,17.92610555964635
11,10,71,17.902168342341056
11,10,72,17.879684385130364
11,10,73,17.857175707945487
11,10,74,17.83483639510992
11,10,75,17.815185424967293
11,10,76,17.799650706073304
11,10,77,17.787092792783934
11,10,78,17.77818792117102
11,10,79,17.77282466416933
11,10,80,17.76920268807132
11,10,81,17.76692316424443
11,10,82,17.767073959968172
11,10,83,17.769722529787547
11,10,84,17.77330001308795
11,10,85,17.776147980268963
11,10,86,17.77725475628081
11,10,87,17.776606027388404
11,10,88,17.774501250837435
11,10,89,17.773103846126347
11,10,90,17.773852293334983
11,10,91,17.776746627311823
11,10,92,17.782757746190256
11,10,93,17.793110262579773
11,10,94,17.806351732098268
11,10,95,17.821865471819223
11,10,96,17.838926891308276
11,10,97,17.853759134284285
11,10,98,17.863361387132166
11,10,99,17.86833931533127
11,10,100,17.869768020570195
11,10,101,17.86936134414725
11,10,102,17.869660770747565
11,10,103,17.871636481327037
11,10,104,17.875242203235153
11,10,105,17.87921077336556
11,10,106,17.882682549683707
11,10,107,17.886564581855932
11,10,108,17.891848048698282
11,10,109,17.89689523595434
11,10,110,17.90155448559381
11,10,111,17.90542534434364
11,10,112,17.906116880602006
11,10,113,17.90186843820813
11,10,114,17.893381367172044
11,10,115,17.88161192754013
11,10,116,17.867822321729488
11,10,117,17.852274765412478
11,10,118,17.835516059499362
11,10,119,17.818835064435575
11,10,120,17.802008141892525
11,10,121,17.783112946777074
11,10,122,17.76338055534134
11,10,123,17.743674131861386
11,10,124,17.723755129551208
11,10,125,17.704286849186264
11,10,126,17.68747973418645
11,10,127,17.67477019895702
11,10,128,17.668247018543074
11,10,129,17.66834300112655
11,10,130,17.674390928108593
11,10,131,17.68541697644417
11,10,132,17.698161786620336
11,10,133,17.70669266615498
11,10,134,17.70959061147149
11,10,135,17.70735729239619
11,10,136,17.699277602135904
11,10,137,17.687344195389127
11,10,138,17.67752971541596
11,10,139,17.672734543468437
11,10,140,17.675933754740598
11,10,141,17.690007135451467
11,10,142,17.71473509275718
11,10,143,17.746534739775797
11,10,144,17.780723833532733
11,10,145,17.810024375771512
11,10,146,17.83066794521732
11,10,147,17.84249000274823
11,10,148,17.846081898070388
11,10,149,17.84309274449529
11,10,150,17.837138442741136
11,10,151,17.830005021879916
11,10,152,17.822265845865257
11,10,153,17.81423896142726
11,10,154,17.806688110889088
11,10,155,17.799575719286597
11,10,156,17.792241033335053
11,10,157,17.782729215309867
11,10,158,17.77152783657144
11,10,159,17.758888086042607
11,10,160,17.746116491484127
11,10,161,17.73512220377427
11,10,162,17.728261881599693
11,10,163,17.72581890332094
11,10,164,17.727405095651555
11,10,165,17.73108224449895
11,10,166,17.734679703312523
11,10,167,17.73635005947527
11,10,168,17.734762090153932
11,10,169,17.729343830917205
11,10,170,17.72001620037497
11,10,171,17.70646595930447
11,10,172,17.6893671519643
11,10,173,17.66878661514479
11,10,174,17.645553720370856
11,10,175,17.62182340043557
11,10,176,17.59922901164604
11,10,177,17.57745467366175
11,10,178,17.557429928447366
11,10,179,17.539435415835435
11,10,180,17.52304313182652
11,10,181,17.508557856206966
11,10,182,17.497613326284846
11,10,183,17.491478845081616
11,10,184,17.489976676003106
11,10,185,17.49181232526191
11,10,186,17.495971687966804
11,10,187,17.503178681760616
11,10,188,17.51469731312371
11,10,189,17.531631107052906
11,10,190,17.55301331315861
11,10,191,17.577722870203655
11,10,192,17.601847085259823
11,10,193,17.619127598387625
11,10,194,17.62610275008708
11,10,195,17.625248501930088
11,10,196,17.619534480698967
11,10,197,17.612467250215968
11,10,198,17.608823182188175
11,10,199,17.611443241774065
11,10,200,17.619263922675007
11,10,201,17.628318574617843
11,10,202,17.634407332472012
11,10,203,17.63536014161619
11,10,204,17.630481963151535
11,10,205,17.620081838148224
11,10,206,17.607999942778378
11,10,207,17.59815844569445
11,10,208,17.589938329840795
11,10,209,17.581457884644376
11,10,210,17.57322227890927
11,10,211,17.566835269924688
11,10,212,17.567873559578647
11,10,213,17.58244631824687
11,10,214,17.61381562125257
11,10,215,17.66039291164422
11,10,216,17.716372510286984
11,10,217,17.769729074381306
11,10,218,17.813259001059315
11,10,219,17.845623475462823
11,10,220,17.867358036268826
11,10,221,17.879632201947363
11,10,222,17.885703297938388
11,10,223,17.884660941795634
11,10,224,17.87180051271168
11,10,225,17.84535537293024
11,10,226,17.806141503692608
11,10,227,17.756446579107273
11,10,228,17.70215039157655
11,10,229,17.651717571598976
11,10,230,17.61021629645384
11,10,231,17.58053509752202
11,10,232,17.56402309298701
11,10,233,17.55916283051629
11,10,234,17.5616961672676
11,10,235,17.568486260422986
11,10,236,17.57891636515877
11,10,237,17.591623663121368
11,10,238,17.604963880322433
11,10,239,17.6179400722892
11,10,240,17.62731200682513
11,10,241,17.626065121854115
11,10,242,17.611796924027942
11,10,243,17.584306320019774
11,10,244,17.545077767658917
11,10,245,17.49953195429604
11,10,246,17.456804594779484
11,10,247,17.422869251995216
11,10,248,17.40368022312957
11,10,249,17.401187676615898
11,10,250,17.413859262158237
11,10,251,17.437660845977135
11,10,252,17.466849955324154
11,10,253,17.49307445906464
11,10,254,17.513751850837053
11,10,255,17.529278384994175
11,10,256,17.5400213240478
11,10,257,17.54666152671908
11,10,258,17.550125641473773
11,10,259,17.54910833566924
11,10,260,17.541316185784762
11,10,261,17.52319685135025
11,10,262,17.49208749065079
11,10,263,17.451407426070283
11,10,264,17.406795024799095
11,10,265,17.359588328381147
11,10,266,17.326695529379457
11,10,267,17.326740442222505
11,10,268,17.368468446390587
11,10,269,17.451282559902474
11,10,270,17.562921352688125
11,10,272,17.412685794819392
11,10,273,17.263560915823177
11,10,274,17.134233423810635
11,10,275,16.985944581660267
11,10,276,16.842866683538027
11,10,277,16.728269940379292
11,10,278,16.66677115317088
11,10,279,16.668653977809235
11,10,280,16.719595052945483
11,10,281,16.799667882787276
11,10,282,16.884965198720437
11,10,283,16.956105023919402
11,10,284,17.00023883983574
11,10,285,17.014448776343244
11,10,286,17.0024190361056
11,10,287,16.97404712154231
11,10,288,16.936453724607702
11,10,289,16.900251733748128
11,10,290,16.870133300111927
11,10,291,16.84687729798914
11,10,292,16.833511636910387
11,10,293,16.83431114522601
11,10,294,16.84404054245855
11,10,295,16.860303641218703
11,10,296,16.886908324532804
11,10,297,16.92416627485444
11,10,298,16.97036764428518
11,10,299,17.030381764977367
11,10,300,17.108628323215367
11,10,301,17.20082341698513
11,10,302,17.30279386531386
11,10,303,17.405999923861124
11,10,304,17.497575237943074
11,10,305,17.56839102720771
11,10,306,17.617899274553537
11,10,307,17.649144205440574
11,10,308,17.673460499736038
11,10,309,17.704187523457335
11,10,310,17.746867642390967
11,10,311,17.794738113055022
11,10,312,17.838704920142504
11,10,313,17.87003079833891
11,10,314,17.881396266585792
11,10,315,17.870443362651287
11,10,316,17.842948239061634
11,10,317,17.802697292959348
11,10,318,17.75210429867819
11,10,319,17.698680770524188
11,10,320,17.64960946371371
11,10,321,17.61282514944757
11,10,322,17.596829810027117
11,10,323,17.604398213653827
11,10,324,17.62568113827643
11,10,325,17.649540548648933
11,10,326,17.666490661406492
11,10,327,17.6716165821288
11,10,328,17.666072127724362
11,10,329,17.658183406317686
11,10,330,17.65411880618223
11,10,331,17.652990612664407
11,10,332,17.650007059469516
11,10,333,17.64323296050672
11,10,334,17.635143001671512
11,10,335,17.63026304369756
11,10,336,17.635451727163975
11,10,337,17.65429699993601
11,10,338,17.682220408262843
11,10,339,17.711060217794465
11,10,340,17.735342517239996
11,10,341,17.75273169852334
11,10,342,17.764689597670465
11,10,343,17.77666786869439
11,10,344,17.78965376550392
11,10,345,17.800472872076632
11,10,346,17.805084410879793
11,10,347,17.80013558275695
11,10,348,17.782608420275047
11,10,349,17.756923355207775
11,10,350,17.73657987355137
11,10,351,17.723346265847503
11,10,352,17.709863750155325
11,10,353,17.695117654082445
11,10,354,17.681982011280102
11,10,355,17.67675264169238
11,10,356,17.681492294903475
11,10,357,17.69456785118265
11,10,358,17.711642534600426
11,10,359,17.74002125935848
11,10,360,17.77461308606871
11,10,361,17.80231224755851
11,10,362,17.80550048444693
11,10,363,17.773579044843892
11,10,364,17.708325709883365
11,10,365,17.62149585880319
11,10,366,17.52697517524262
11,10,367,17.436095417417775
11,10,368,17.361682129649836
11,10,369,17.313185278366184
11,10,370,17.29994504464757
11,10,371,17.31844731496426
11,10,372,17.355039369945825
11,10,373,17.389803791637657
11,10,374,17.421399370432304
11,10,375,17.452383657286735
11,10,376,17.481179105555704
11,10,377,17.500830733193965
11,10,378,17.500093576774002
11,10,379,17.479962263123056
11,10,380,17.452080136450363
11,10,381,17.438345939588643
11,10,382,17.459752734806255
11,10,383,17.518805729538936
11,10,384,17.610040985101335
11,10,385,17.721972073095184
11,10,386,17.83485873922377
11,10,387,17.92736676633366
11,10,388,17.984512006849858
11,10,389,18.007990468403055
11,10,390,18.006942733256572
11,10,391,17.994078594107794
11,10,392,17.984299684337742
11,10,393,17.989876684582676
11,10,394,18.008497048832748
11,10,395,18.030744005871828
11,10,396,18.04930343152974
11,10,397,18.057718232836336
11,10,398,18.05050635171658
11,10,399,18.027559315051022
11,10,400,17.992016546540167
11,10,401,17.946757860611783
11,10,402,17.893099631050678
11,10,403,17.83107459295508
11,10,404,17.759160777030825
11,10,405,17.68053953710129
11,10,406,17.605055710789376
11,10,407,17.546032610608943
11,10,408,17.510934989578466
11,10,409,17.50442435908883
11,10,410,17.526891164499105
11,10,411,17.567595325087964
11,10,412,17.61003830699061
11,10,413,17.646849656990167
11,10,414,17.674562982178397
11,10,415,17.68726340816778
11,10,416,17.682776450640393
11,10,417,17.65893378367895
11,10,418,17.613337806284793
11,10,419,17.55395665362643
11,10,420,17.499315434008334
11,10,421,17.469177046085175
11,10,422,17.48310163952317
11,10,423,17.551959750754243
11,10,424,17.66374479448371
11,10,425,17.78631265531046
11,10,426,17.883957297988534
11,10,427,17.93269438272576
11,10,428,17.921903052271198
11,10,429,17.85896525029042
11,10,430,17.771659284541172
11,10,431,17.692230559427966
11,10,432,17.640525483862675
11,10,433,17.617298413478576
11,10,434,17.612482188846418
11,10,435,17.611822525136652
11,10,436,17.60457603068578
11,10,437,17.581840365008244
11,10,438,17.547926276082812
11,10,439,17.514669538622982
11,10,440,17.48885988861251
11,10,441,17.470731441701787
11,10,442,17.464869760378573
11,10,443,17.47192520304123
11,10,444,17.49091225912676
11,10,445,17.514135708192093
11,10,446,17.52847892899641
11,10,447,17.5226443789856
11,10,448,17.495558979592158
11,10,449,17.447675842745
11,10,450,17.397048165956726
11,10,451,17.37392061239489
11,10,452,17.392612070354215
11,10,453,17.451178360830138
11,10,454,17.539893217814367
11,10,455,17.63207991983531
11,10,456,17.694097483588976
11,10,457,17.710253753657593
11,10,458,17.67935730277227
11,10,459,17.608590185898393
11,10,460,17.51501120315237
11,10,461,17.421762342034384
11,10,462,17.348659432754623
11,10,463,17.3093468020363
11,10,464,17.312609465286208
11,10,465,17.3611718392969
11,10,466,17.444726398219185
11,10,467,17.54744298518505
11,10,468,17.655351708836935
11,10,469,17.761433616591727
11,10,470,17.866574508440042
11,10,471,17.979566042377797
11,10,472,18.10245671447546
11,10,473,18.229385519329362
11,10,474,18.351017807840282
11,10,475,18.454451987131872
11,10,476,18.525796298558557
11,10,477,18.56885140341583
11,10,478,18.60097068035166
11,10,479,18.624123828531708
11,10,480,18.625598741670753
11,10,481,18.600750503728385
11,10,482,18.54182173319281
11,10,483,18.43238231750944
11,10,484,18.282270572990956
11,10,485,18.126774168252197
11,10,486,17.989642300113676
11,10,487,17.887297392153204
11,10,488,17.83878941381151
11,10,489,17.849986546148944
11,10,490,17.911186510734215
11,10,491,18.020656301598297
11,10,492,18.173872409798726
11,10,493,18.354144455276316
11,10,494,18.535963411902927
11,10,495,18.696238374313307
11,10,496,18.812171043036823
11,10,497,18.869190900450743
11,10,498,18.867675556847615
11,10,499,18.821438940770072
11,10,500,18.75121339438464
11,10,501,18.67280741636346
11,10,502,18.59748402182149
11,10,503,18.53467767531705
11,10,504,18.493684084844837
11,10,505,18.47762964793566
11,10,506,18.49434893407626
11,10,507,18.55268169149228
11,10,508,18.647502113325977
11,10,509,18.754921291105514
11,10,510,18.853107805333313
11,10,511,18.917570503609216
11,10,512,18.925466482962335
11,10,513,18.873568838706262
11,10,514,18.779994780087964
11,10,515,18.65089527808654
11,10,516,18.49068396507127
11,10,517,18.314271676958448
11,10,518,18.13445010808997
11,10,519,17.960706863345884
11,10,520,17.812793507712747
11,10,521,17.71280530169436
11,10,522,17.66666546235526
11,10,523,17.668216412801048
11,10,524,17.6971946813913
11,10,525,17.732942140184424
11,10,526,17.759013836671386
11,10,527,17.766913645249872
11,10,528,17.754751451565344
11,10,529,17.731998861153752
11,10,530,17.709752948619467
11,10,531,17.694133267461105
11,10,532,17.687556845209997
11,10,533,17.68875850224456
11,10,534,17.69353095096751
11,10,535,17.697905963624525
11,10,536,17.700958158234183
11,10,537,17.701106636258128
11,10,538,17.700676279832766
11,10,539,17.70580647124904
11,10,540,17.72049211299311
11,10,541,17.743963992465595
11,10,542,17.775348872230985
11,10,543,17.81192575285999
11,10,544,17.850610374609115
11,10,545,17.888465026843505
11,10,546,17.922440390861862
11,10,547,17.95136225704066
11,10,548,17.973237497150304
11,10,549,17.984446663197282
11,10,550,17.982863965659952
11,10,551,17.97473013029933
11,10,552,17.969145010366038
11,10,553,17.976848225637045
11,10,554,18.00172554973537
11,10,555,18.04097828343623
11,10,556,18.082812022204603
11,10,557,18.11358753727367
11,10,558,18.122310895101183
11,10,559,18.106165439052834
11,10,560,18.071537512988346
11,10,561,18.03095572642773
11,10,562,17.998957565082115
11,10,563,17.986596724488876
11,10,564,18.000733967106232
11,10,565,18.040447501982392
11,10,566,18.09899753864499
11,10,567,18.16295427768859
11,10,568,18.2166406155587
11,10,569,18.246227789708943
11,10,570,18.244830870666075
11,10,571,18.215899577278226
11,10,572,18.174089290311272
11,10,573,18.136847755393372
11,10,574,18.1187054034914
11,10,575,18.127127247186472
11,10,576,18.155907501257357
11,10,577,18.187740229125385
11,10,578,18.21034490083905
11,10,579,18.21770868388304
11,10,580,18.209128093326644
11,10,581,18.193279893730963
11,10,582,18.181912610523376
11,10,583,18.178873251890668
11,10,584,18.18545487129923
11,10,585,18.202987356844503
11,10,586,18.22968695669487
11,10,587,18.26464067017482
11,10,588,18.309531226443795
11,10,589,18.36601773514257
11,10,590,18.433948976236664
11,10,591,18.506045251730583
11,10,592,18.575824497967073
11,10,593,18.63418677671806
11,10,594,18.666978216507246
11,10,595,18.666274563768983
11,10,596,18.63803174089422
11,10,597,18.585379363685487
11,10,598,18.519329428720905
11,10,599,18.450211979235803
11,10,600,18.37419070340832
11,10,601,18.31965891876212
11,10,603,18.069432999064755
11,10,604,17.88428634287927
11,10,605,17.736916308579136
11,10,606,17.648750374566728
11,10,610,17.50883122559477
11,10,611,17.598359487750955
11,10,614,17.970072132911493
11,10,615,17.94995975268091
11,10,624,17.63343895217494
11,10,625,17.649898129147765
11,10,626,17.691480793541867
11,10,627,17.64143779792971
11,10,628,17.491472566775954
11,10,629,17.22711453799265
11,10,630,16.878143137544377
11,10,631,16.492873887347677
11,10,632,16.124114096072052
11,10,633,15.838539475537077
11,10,634,15.689397026138233
11,10,635,15.680745676817589
11,10,636,15.810254742081057
11,10,637,16.03860561562526
11,10,638,16.382470091098824
11,10,644,17.18022597789645
11,10,646,17.265799456887937
11,10,647,17.264340394704302
11,10,648,17.28807939429501
11,10,649,17.329175999532698
11,10,650,17.365349882221754
11,10,651,17.37997447974848
11,10,652,17.38161207383721
11,10,653,17.359472209824883
11,10,654,17.415673494897053
11,10,658,17.064596876284313
11,10,659,16.977196486571458
11,10,660,17.097107888810584
11,10,661,17.3749081901545
11,10,665,17.56305223489393
11,10,666,17.61251670682549
11,10,667,17.71563244803266
11,10,668,17.782719395310234
11,10,670,17.79899568614766
11,10,671,17.772747313985658
11,10,672,17.733335819526086
11,10,673,17.679843376018844
11,10,674,17.623436387731623
11,10,675,17.55814840917355
11,10,676,17.481477428143382
11,10,677,17.398515961024074
11,10,678,17.305930239765853
11,10,679,17.215250586398692
11,10,680,17.145720957401785
11,10,681,17.114105679862497
11,10,682,17.120178975764347
11,10,683,17.17473042482443
11,10,684,17.274706755235556
11,10,685,17.405601228035863
11,10,686,17.55206006250772
11,10,687,17.71055128454489
11,10,688,17.866096554212227
11,10,689,18.011858587553665
11,10,690,18.14958358016308
11,10,691,18.27700245181759
11,10,692,18.38412400671243
11,10,693,18.465401173704937
11,10,694,18.51321609432487
11,10,695,18.524402299032875
11,10,696,18.49828072376168
11,10,697,18.429946928986514
11,10,698,18.318688063183547
11,10,699,18.176685728728632
11,10,700,17.987854393046653
11,10,701,17.86257553976239
11,10,704,17.39765891329094
11,10,705,17.118136363926943
11,10,706,16.956865619457016
11,10,707,16.879532451163833
11,10,708,16.958944645499013
11,10,711,17.33351809930125
11,10,713,17.406218522098467
11,10,714,17.415377448599248
11,10,715,17.506844976382467
11,10,716,17.586914672691215
11,10,717,17.627652751231768
11,10,718,17.60325592387638
11,10,719,17.52614256460312
11,10,720,17.42523078700998
11,10,721,17.324683156537542
11,10,722,17.233320919267683
11,10,723,17.148601494613352
11,10,724,17.07195025062656
11,10,725,16.98758939269564
11,10,726,17.08103308265417
11,10,746,17.686395079110273
11,10,748,17.998579296899244
11,10,752,17.826443390773274
11,10,753,17.67260755210067
11,10,754,17.631547953800883
11,10,755,17.64084671593325
11,10,756,17.68585060840288
11,10,757,17.739996750209542
11,10,758,17.787082111276174
11,10,759,17.81535428679725
11,10,760,17.81399656147725
11,10,761,17.782862941092016
11,10,762,17.734046156395536
11,10,763,17.67271609610941
11,10,764,17.591698214691196
11,10,765,17.472984447155294
11,10,766,17.42707767720499
11,10,768,17.37084753814122
11,10,769,17.170719325517393
11,10,770,16.995277064481282
11,10,771,16.857543887700807
11,10,772,16.76475853012728
11,10,773,16.70913904886724
11,10,774,16.68856296403
11,10,775,16.701153171993646
11,10,776,16.73994968202049
11,10,777,16.796147267096565
11,10,778,16.876110922908044
11,10,779,16.981686094062148
11,10,780,17.10372134187161
11,10,781,17.226715688268325
11,10,782,17.337047223203456
11,10,783,17.414950505522942
11,10,784,17.458101860154525
11,10,785,17.484217017190527
11,10,786,17.513207805014794
11,10,787,17.5554184401864
11,10,788,17.619537273619617
11,10,789,17.710751503612357
11,10,790,17.821493449096828
11,10,791,17.935997531218533
11,10,792,18.04338604597588
11,10,793,18.133330505384713
11,10,794,18.192245124346467
11,10,795,18.211138050385333
11,10,796,18.194660042254636
11,10,797,18.15237081595574
11,10,798,18.092000862757573
11,10,799,18.03018988053432
11,10,800,17.981798351872232
11,10,801,17.94150806534284
11,10,802,17.923579669074044
11,10,803,17.94842695663199
11,10,804,17.932179407170572
11,10,807,17.31301407879248
11,10,809,17.233758448187597
11,10,810,17.286306336886707
11,10,811,17.370101302528465
11,10,812,17.45928976345205
11,10,813,17.665378759100623
11,10,817,17.522048341096497
11,10,818,17.245175685918714
11,10,819,17.07784655392982
11,10,820,16.94765952971111
11,10,821,16.86059422780031
11,10,822,16.813212786961667
11,10,823,16.80332113776384
11,10,824,16.83222578672422
11,10,825,16.896810755303715
11,10,826,16.995036539394125
11,10,827,17.133187399451426
11,10,828,17.319297923543424
11,10,829,17.560334115848743
11,10,830,17.8430988106602
11,10,831,18.193195881301815
11,10,833,18.64213459890027
11,10,834,18.678743969139273
11,10,835,18.67547498296726
11,10,836,18.597295447567564
11,10,837,18.476792329707955
11,10,838,18.356247160969783
11,10,839,18.2691374415371
11,10,840,18.23240194127813
11,10,841,18.246881433677512
11,10,842,18.315652478642193
11,10,843,18.436356997757695
11,10,844,18.594717949557605
11,10,845,18.771078880482918
11,10,846,18.943956507415983
11,10,847,19.078332187402324
11,10,848,19.141579754330223
11,10,849,19.118569301639425
11,10,850,19.00779358399547
11,10,851,18.825779616310886
11,10,852,18.605601758913437
11,10,853,18.368358375648516
11,10,854,18.127711417948372
11,10,855,17.904056572017783
11,10,856,17.710864178555585
11,10,857,17.550448264407954
11,10,858,17.436995781309978
11,10,859,17.377584019316465
11,10,860,17.360403031572506
11,10,861,17.37195288599764
11,10,862,17.40331780933344
11,10,863,17.43966283595567
11,10,864,17.4661561493133
11,10,865,17.479283330723717
11,10,866,17.47774231317685
11,10,867,17.45704436994513
11,10,868,17.41389826002905
11,10,869,17.357457120924295
11,10,870,17.299499561756893
11,10,871,17.25173489739244
11,10,872,17.231846246918778
11,10,873,17.258545959686973
11,10,874,17.334402369220278
11,10,875,17.449496948772307
11,10,876,17.58580865743331
11,10,877,17.71479085961919
11,10,878,17.809874925571453
11,10,879,17.8664065223462
11,10,880,17.89111832433721
11,10,881,17.887964492060686
11,10,882,17.86480691486274
11,10,883,17.82893540392056
11,10,884,17.777690835714587
11,10,885,17.710815813654243
11,10,886,17.646256827758386
11,10,887,17.610627450075604
11,10,888,17.631702166295476
11,10,889,17.728529390330973
11,10,890,17.90370179973231
11,10,891,18.135272232427617
11,10,892,18.385938782226376
11,10,893,18.61227968351457
11,10,894,18.777283120510894
11,10,895,18.857259766573033
11,10,896,18.85682454217984
11,10,897,18.800163928166267
11,10,898,18.71672455437793
11,10,899,18.62435769162786
11,10,900,18.537686787469205
11,10,901,18.459464906919862
11,10,902,18.382329767107116
11,10,903,18.30162150340464
11,10,904,18.23035544497769
11,10,905,18.18142364544574
11,10,906,18.15872497135331
11,10,907,18.15692555072668
11,10,908,18.164154100718225
11,10,909,18.16490191394543
11,10,910,18.144647546245515
11,10,911,18.09561895409236
11,10,912,18.01936650582216
11,10,913,17.91873460912626
11,10,914,17.797496998330306
11,10,915,17.66663675166743
11,10,916,17.544536661042443
11,10,917,17.449410526211757
11,10,918,17.399181952100164
11,10,919,17.4073491804475
11,10,920,17.477873252716215
11,10,921,17.599847110941592
11,10,922,17.753076217583242
11,10,923,17.91595877281536
11,10,924,18.0640823736407
11,10,925,18.16875294526512
11,10,926,18.20974211823956
11,10,927,18.187227617907403
11,10,928,18.111825422461806
11,10,929,18.006776662762572
11,10,930,17.921189371018144
11,10,931,17.895199938903744
11,10,932,17.938469778579314
11,10,933,18.083377454296226
11,10,934,18.2349295988378
11,10,935,18.312888190578775
11,10,936,18.270363624811033
11,10,937,18.112637328618707
11,10,938,17.880878945004273
11,10,939,17.631998698539608
11,10,940,17.42351963391037
11,10,941,17.288679415841756
11,10,942,17.234548385471147
11,10,943,17.242685402464915
11,10,944,17.285026459727682
11,10,945,17.336645036569493
11,10,946,17.381236238074
11,10,947,17.40858297412993
11,10,948,17.426965229640388
11,10,949,17.44834115733611
11,10,950,17.482406587201
11,10,951,17.534999850427635
11,10,952,17.60391301748376
11,10,953,17.67210017227436
11,10,954,17.727478959617276
11,10,955,17.7614565528204
11,10,956,17.762994802385496
11,10,957,17.724711739846843
11,10,958,17.654436385000608
11,10,959,17.562809807083973
11,10,960,17.468001819676118
11,10,961,17.394501839333277
11,10,962,17.365085385797425
11,10,963,17.38799115258925
11,10,964,17.45836551402464
11,10,965,17.561854777822752
11,10,966,17.67530483785827
11,10,967,17.774247349901746
11,10,968,17.838926782330788
11,10,969,17.863548840578556
11,10,970,17.84944163921339
11,10,971,17.805504778060193
11,10,972,17.744518916599517
11,10,973,17.68488085492672
11,10,974,17.637736227630718
11,10,975,17.617740294115794
11,10,976,17.640101632352852
11,10,977,17.71118700488543
11,10,978,17.82191902265798
11,10,979,17.959085626227754
11,10,980,18.093543438022497
11,10,981,18.194292108408106
11,10,982,18.248818092139157
11,10,983,18.266030020169637
11,10,984,18.25776363594438
11,10,985,18.24429769285689
11,10,986,18.245285584133388
11,10,987,18.267717801256868
11,10,988,18.299014567807625
11,10,989,18.321607121544115
11,10,990,18.32710384559556
11,10,991,18.31563265195466
11,10,992,18.288813173775424
11,10,993,18.25868704061745
11,10,994,18.24706775170375
11,10,995,18.258865733670884
11,10,996,18.2835256167356
11,10,997,18.309309786387928
11,10,998,18.323220158194967
11,10,999,18.30709886061234
11,10,1000,18.25493685111751
11,10,1001,18.173953500139387
11,10,1002,18.08176981499423
11,10,1003,17.99985687378586
11,10,1004,17.948875852676164
11,10,1005,17.93953508488353
11,10,1006,17.97150470102146
11,10,1007,18.028653442568135
11,10,1008,18.083658146970713
11,10,1009,18.09977814350132
11,10,1010,18.01099691035526
11,10,1011,17.967611293630895
11,10,1023,17.916963991788414
11,10,1024,17.821631154937776
11,10,1025,17.757391140714244
11,10,1026,17.74468391294559
11,10,1027,17.76667476248255
11,10,1028,17.80187546677778
11,10,1029,17.840665931625132
11,10,1030,17.88241014660963
11,10,1031,17.930391810583846
11,10,1032,17.988475156297635
11,10,1033,18.056038283971837
11,10,1034,18.12707648300172
11,10,1035,18.193111225482255
11,10,1036,18.247864177871232
11,10,1037,18.289483893603474
11,10,1038,18.320762350451826
11,10,1039,18.34583352165098
11,10,1040,18.36389845141522
11,10,1041,18.376639326924096
11,10,1042,18.383623683117833
11,10,1043,18.380270300198703
11,10,1044,18.368176211011143
11,10,1045,18.357951452149738
11,10,1046,18.34666307105946
11,10,1047,18.33051508679542
11,10,1048,18.313597374701974
11,10,1049,18.298347759009197
11,10,1050,18.284284998248282
11,10,1051,18.2827227893469
11,10,1052,18.30355543110696
11,10,1053,18.34496858858509
11,10,1054,18.39759972317119
11,10,1055,18.453136087731917
11,10,1056,18.502094291370014
11,10,1057,18.536137471655596
11,10,1058,18.554147452726994
11,10,1059,18.56101353008587
11,10,1060,18.560026382951836
11,10,1061,18.551373480758347
11,10,1062,18.53492339424655
11,10,1063,18.510762356157464
11,10,1064,18.478006702720815
11,10,1065,18.43581844806704
11,10,1066,18.38519446016026
11,10,1067,18.33130304005691
11,10,1068,18.281064000532705
11,10,1069,18.242023750434257
11,10,1070,18.21989245583016
11,10,1071,18.219562983466815
11,10,1072,18.238262065284843
11,10,1073,18.26763100073054
11,10,1074,18.29701401445273
11,10,1075,18.321099169918103
11,10,1076,18.334831307707923
11,10,1077,18.336186006161814
11,10,1078,18.324407457116102
11,10,1079,18.301777953429198
11,10,1080,18.2664258920628
11,10,1081,18.219364691863657
11,10,1082,18.166176242644188
11,10,1083,18.11734553241703
11,10,1084,18.08157398280565
11,10,1085,18.06575141534109
11,10,1086,18.068435163738357
11,10,1087,18.083119224626138
11,10,1088,18.09903908737047
11,10,1089,18.104563868847524
11,10,1090,18.09187600531543
11,10,1091,18.061133621102496
11,10,1092,18.015560334841943
11,10,1093,17.961423864003603
11,10,1094,17.907382839974115
11,10,1095,17.86200774665707
11,10,1096,17.83330815328111
11,10,1097,17.825951612669048
11,10,1098,17.840832468770973
11,10,1099,17.875200315566786
11,10,1100,17.921829023980607
11,10,1101,17.96944744354687
11,10,1102,18.00887170315526
11,10,1103,18.037219243046064
12,13,0,16.608716576705245
12,13,1,16.60332516265125
12,13,2,16.600274255820004
12,13,3,16.602370813639702
12,13,4,16.614007144965377
12,13,5,16.63508245703463
12,13,6,16.66170628049799
12,13,7,16.68958069093814
12,13,8,16.714761081239722
12,13,9,16.733337764874566
12,13,10,16.741848434517962
12,13,11,16.73885776639797
12,13,12,16.72605856660752
12,13,13,16.708355522223624
12,13,14,16.68862031781574
12,13,15,16.670592661429776
12,13,16,16.658008348043143
12,13,17,16.65137479658899
12,13,18,16.648593494556593
12,13,19,16.650108578947908
12,13,20,16.658728353031794
12,13,21,16.674628544926243
12,13,22,16.697552318276887
12,13,23,16.72795416548578
12,13,24,16.764228948297106
12,13,25,16.799519822576993
12,13,26,16.831053359320133
12,13,27,16.85904137692412
12,13,28,16.88362896850035
12,13,29,16.904472913747703
12,13,30,16.923154000060897
12,13,31,16.939184424385303
12,13,32,16.949663806718373
12,13,33,16.952397461720608
12,13,34,16.948594485077876
12,13,35,16.941936671460304
12,13,36,16.937353371907317
12,13,37,16.941180160575616
12,13,38,16.95737757660205
12,13,39,16.985457583540796
12,13,40,17.021699514951926
12,13,41,17.05989267814886
12,13,42,17.093491756134306
12,13,43,17.11777329512683
12,13,44,17.12961109659988
12,13,45,17.12852609416474
12,13,46,17.11777482417837
12,13,47,17.101113019562508
12,13,48,17.082507972198542
12,13,49,17.06717939642646
12,13,50,17.05850596326256
12,13,51,17.056329875383323
12,13,52,17.057866483242908
12,13,53,17.059240297223848
12,13,54,17.057535170057903
12,13,55,17.05277591968336
12,13,56,17.047332865584405
12,13,57,17.04429348539262
12,13,58,17.048128413595485
12,13,59,17.060637276839017
12,13,60,17.076762893607807
12,13,61,17.088437895451598
12,13,62,17.092106482974298
12,13,63,17.0840753848279
12,13,64,17.06210697406214
12,13,65,17.031111153378124
12,13,66,16.999305421844806
12,13,67,16.971598388016552
12,13,68,16.953031883411757
12,13,69,16.945702184205814
12,13,70,16.94924627299
12,13,71,16.961727938928604
12,13,72,16.979970061762007
12,13,73,16.998184368250286
12,13,74,17.01468351024373
12,13,75,17.027160191662468
12,13,76,17.032436477110185
12,13,77,17.0281156333744
12,13,78,17.014360237706597
12,13,79,16.992277980096162
12,13,80,16.965766481941795
12,13,81,16.940677245640586
12,13,82,16.923539317872127
12,13,83,16.919283679135518
12,13,84,16.92751037038813
12,13,85,16.94290331767895
12,13,86,16.959505840820533
12,13,87,16.97210393480463
12,13,88,16.976754879065616
12,13,89,16.973202988433414
12,13,90,16.9645049785968
12,13,91,16.953663583085866
12,13,92,16.942676105121848
12,13,93,16.934568962433794
12,13,94,16.931861404716148
12,13,95,16.93649622076587
12,13,96,16.949779557330174
12,13,97,16.97099094814238
12,13,98,16.995005720793532
12,13,99,17.015557387947762
12,13,100,17.026965032447663
12,13,101,17.024405911489264
12,13,102,17.007255765000068
12,13,103,16.98009878817955
12,13,104,16.94768664336434
12,13,105,16.913561914611446
12,13,106,16.881016349498097
12,13,107,16.850668751763664
12,13,108,16.820514658141853
12,13,109,16.790459758279148
12,13,110,16.76192474150049
12,13,111,16.73563982765891
12,13,112,16.712578144327868
12,13,113,16.694665288276482
12,13,114,16.68346840682136
12,13,115,16.67929348538148
12,13,116,16.683387636982943
12,13,117,16.696318709924938
12,13,118,16.716778007086674
12,13,119,16.740904207409727
12,13,120,16.76420818378353
12,13,121,16.782889838748027
12,13,122,16.795352928928327
12,13,123,16.801941835454095
12,13,124,16.805208745280172
12,13,125,16.810081215352266
12,13,126,16.81854913415446
12,13,127,16.831090329417183
12,13,128,16.848366872881638
12,13,129,16.868734821265125
12,13,130,16.887246261528585
12,13,131,16.902167744131503
12,13,132,16.91339885749963
12,13,133,16.92001625272415
12,13,134,16.92365561195148
12,13,135,16.927498591936807
12,13,136,16.931963972859165
12,13,137,16.935642904981226
12,13,138,16.936792415606327
12,13,139,16.931800358654495
12,13,140,16.91809689560677
12,13,141,16.897850268977038
12,13,142,16.87281319552497
12,13,143,16.84399105074765
12,13,144,16.8148136598694
12,13,145,16.788578788410465
12,13,146,16.762294272829852
12,13,147,16.734398201338532
12,13,148,16.70628089847604
12,13,149,16.67849515255928
12,13,150,16.652370894144017
12,13,151,16.63493685308382
12,13,152,16.63349576137179
12,13,153,16.65028076603896
12,13,154,16.684256709651756
12,13,155,16.730987556494885
12,13,156,16.7809870029239
12,13,157,16.823618004359137
12,13,158,16.85318159194736
12,13,159,16.868309291125655
12,13,160,16.869131472581948
12,13,161,16.85840679801776
12,13,162,16.83997219936273
12,13,163,16.81810952329791
12,13,164,16.796273631521156
12,13,165,16.7784012702082
12,13,166,16.767533428777924
12,13,167,16.764777290678847
12,13,168,16.76788457091121
12,13,169,16.77376210983747
12,13,170,16.77952657820008
12,13,171,16.78185440894987
12,13,172,16.778900105962283
12,13,173,16.770744381479666
12,13,174,16.75789163637174
12,13,175,16.74251963727436
12,13,176,16.730944580139774
12,13,177,16.726578674492178
12,13,178,16.731284554053314
12,13,179,16.747226226820484
12,13,180,16.77378305682027
12,13,181,16.804795352658967
12,13,182,16.839582379192716
12,13,183,16.878107866769465
12,13,184,16.916944009795202
12,13,185,16.951758909577528
12,13,186,16.98131314125022
12,13,187,17.00162767537691
12,13,188,17.01067395105622
12,13,189,17.009058775069775
12,13,190,16.998948160152832
12,13,191,16.982497168685992
12,13,192,16.961894456098
12,13,193,16.936614874536165
12,13,194,16.907921210869766
12,13,195,16.87965591092614
12,13,196,16.85412668866153
12,13,197,16.833442006209193
12,13,198,16.8203812512992
12,13,199,16.814197798999604
12,13,200,16.809530626603088
12,13,201,16.802219285011933
12,13,202,16.789562026807403
12,13,203,16.77080993587416
12,13,204,16.749597114256918
12,13,205,16.73337897799578
12,13,206,16.728491181067366
12,13,207,16.736693550424935
12,13,208,16.754465498412333
12,13,209,16.773807041955934
12,13,210,16.787582063615428
12,13,211,16.793122423693628
12,13,212,16.794921717412663
12,13,213,16.800442658332614
12,13,214,16.818151448930937
12,13,215,16.851242734446206
12,13,216,16.895630748384086
12,13,217,16.94141571720062
12,13,218,16.982133907122407
12,13,219,17.011746149676917
12,13,220,17.025437828834328
12,13,221,17.02284650809534
12,13,222,17.006316486372626
12,13,223,16.977258866077456
12,13,224,16.94130167569045
12,13,225,16.90749280427346
12,13,226,16.88320266385005
12,13,227,16.87272160206983
12,13,228,16.877420724380393
12,13,229,16.8936428908965
12,13,230,16.915542265341134
12,13,231,16.937921915353705
12,13,232,16.95851056498207
12,13,233,16.97567249402
12,13,234,16.988696666040347
12,13,235,16.996591067552625
12,13,236,16.997334059456144
12,13,237,16.988326236142758
12,13,238,16.968603628483883
12,13,239,16.93924420849201
12,13,240,16.90324982275809
12,13,241,16.86700917452428
12,13,242,16.83694150574502
12,13,243,16.81655662863047
12,13,244,16.805557548624776
12,13,245,16.801917138686782
12,13,246,16.80132413045031
12,13,247,16.79985750581977
12,13,248,16.795740642485324
12,13,249,16.78949030905771
12,13,250,16.782663107422223
12,13,251,16.77650098530534
12,13,252,16.77091894884186
12,13,253,16.765784776190124
12,13,254,16.76184673525365
12,13,255,16.75895225930884
12,13,256,16.757209490680168
12,13,257,16.75660847206674
12,13,258,16.75768150853236
12,13,259,16.76321422498169
12,13,260,16.777803889607018
12,13,261,16.803208727827112
12,13,262,16.82432074489038
12,13,263,16.799824132135548
12,13,264,16.662369863199622
12,13,265,16.35377237192147
12,13,266,15.85705806636993
12,13,267,15.216926336661237
12,13,268,14.511319335532466
12,13,269,13.87029354825688
12,13,270,13.436470983869613
12,13,271,13.26957087118684
12,13,272,13.33338946719374
12,13,273,13.56070259949702
12,13,274,13.757493718764335
12,13,275,13.957705568859
12,13,276,14.172415403858325
12,13,277,14.2232815160571
12,13,278,14.50862032393644
12,13,284,15.632361649902982
12,13,285,15.79277332883227
12,13,286,16.170731212983288
12,13,287,16.56972209236472
12,13,288,16.845588414791163
12,13,289,17.03290441510751
12,13,290,17.08981545249482
12,13,291,16.996499841140214
12,13,292,16.767405135077805
12,13,293,16.47992657696975
12,13,294,16.240195430578435
12,13,295,16.118080647168718
12,13,296,16.140607511669554
12,13,297,16.302617414240167
12,13,298,16.549935627915985
12,13,299,16.809359147007545
12,13,300,17.02651941396632
12,13,301,17.150236095691657
12,13,302,17.158647282566083
12,13,303,17.072375519397514
12,13,304,16.928172110967328
12,13,305,16.758308789128517
12,13,306,16.599384725639645
12,13,307,16.476088348937456
12,13,308,16.3962604833453
12,13,309,16.362012626943912
12,13,310,16.377143598693184
12,13,311,16.451462932143773
12,13,312,16.597912920786005
12,13,313,16.810534911524933
12,13,314,17.053541391139664
12,13,315,17.2809668472167
12,13,316,17.448063115181895
12,13,317,17.520511627441138
12,13,318,17.494616131470693
12,13,319,17.400026943443706
12,13,320,17.269371697298638
12,13,321,17.134660092586955
12,13,322,17.016121897110747
12,13,323,16.91387131803295
12,13,324,16.82427982665045
12,13,325,16.760737490420084
12,13,326,16.73068023634738
12,13,327,16.73509339509704
12,13,328,16.782167768785083
12,13,329,16.870882192421302
12,13,330,16.9787567989018
12,13,331,17.07975545847939
12,13,332,17.155603348554166
12,13,333,17.18870786923535
12,13,334,17.171200891823624
12,13,335,17.11017266307003
12,13,336,17.034634268448933
12,13,337,16.983837759362437
12,13,338,16.986125839496328
12,13,339,17.049389984861655
12,13,340,17.168212039906376
12,13,341,17.315925809578363
12,13,342,17.45080527172892
12,13,343,17.538519578404692
12,13,344,17.560754819570175
12,13,345,17.515387656836648
12,13,346,17.414406247217606
12,13,347,17.284704986347005
12,13,348,17.16439990228236
12,13,349,17.090306938381964
12,13,350,17.081221263240497
12,13,351,17.14306075708868
12,13,352,17.264190518236227
12,13,353,17.41210945771506
12,13,354,17.54965992537436
12,13,355,17.64582398599425
12,13,356,17.67166344775461
12,13,357,17.613121147397592
12,13,358,17.4807502999849
12,13,359,17.303478758696635
12,13,360,17.123193523158864
12,13,361,16.99124373583838
12,13,362,16.94566580594185
12,13,363,17.001642757143948
12,13,364,17.148218346177927
12,13,365,17.351370327376458
12,13,366,17.56065441645236
12,13,367,17.72885541907869
12,13,368,17.81811681358838
12,13,369,17.80929279638193
12,13,370,17.70582743882566
12,13,371,17.53044322867165
12,13,372,17.31929513834119
12,13,373,17.119692456951356
12,13,374,16.96625846239368
12,13,375,16.869095933365045
12,13,376,16.81295735872877
12,13,377,16.756630483825397
12,13,378,16.639362397038088
12,13,379,16.427092320050786
12,13,380,16.083928626855037
12,13,381,15.781103661525012
12,13,384,15.62231897106787
12,13,386,15.363899657002506
12,13,387,15.108157477479644
12,13,388,14.999183685274364
12,13,389,15.134894975384238
12,13,392,15.731796374321586
12,13,393,16.058243751841978
12,13,394,16.385476543328853
12,13,395,16.505581533460973
12,13,396,16.412035761270698
12,13,397,16.213947769116825
12,13,398,16.002703200103696
12,13,399,15.85688683532463
12,13,400,15.826156048614818
12,13,401,15.891838922264736
12,13,402,15.992871515587149
12,13,403,16.079529559687575
12,13,404,16.128206466745347
12,13,405,16.14850900572005
12,13,406,16.173196931260033
12,13,407,16.23519131374836
12,13,408,16.32713322192549
12,13,409,16.41230505528994
12,13,410,16.447081194575865
12,13,411,16.417327556391843
12,13,412,16.320962061318284
12,13,413,16.18149927289641
12,13,414,16.03154394810577
12,13,415,15.87510990775635
12,13,416,15.688073496702478
12,13,417,15.45943722982401
12,13,418,15.184707443924855
12,13,419,14.867697565094149
12,13,420,14.534304746426981
12,13,421,14.21038706758106
12,13,422,13.9149551668497
12,13,423,13.679902785227878
12,13,424,13.537903052603692
12,13,425,13.510172411991592
12,13,426,13.610667872930923
12,13,427,13.83016134323923
12,13,428,14.128565079466037
12,13,429,14.460756212276664
12,13,430,14.793086428769241
12,13,431,15.097445153902095
12,13,432,15.356419589446078
12,13,433,15.578891710007131
12,13,434,15.772591808468569
12,13,435,15.930492961949291
12,13,436,16.055082009812903
12,13,437,16.15656787973624
12,13,438,16.227643363640972
12,13,439,16.27184319103596
12,13,440,16.319129182216034
12,13,441,16.394579726241314
12,13,442,16.516194887689938
12,13,443,16.69835639862623
12,13,444,16.931400023362674
12,13,445,17.172073339753346
12,13,446,17.379960087075347
12,13,447,17.532743119585312
12,13,448,17.61865740466569
12,13,449,17.645464672799303
12,13,450,17.64234220485486
12,13,451,17.638596451271056
12,13,452,17.63961197104161
12,13,453,17.648809420024417
12,13,454,17.66312400067055
12,13,455,17.66973343516919
12,13,456,17.642926455342227
12,13,457,17.56064774972301
12,13,458,17.390093445247512
12,13,459,17.109711925834073
12,13,460,16.723176191740894
12,13,461,16.260434117607662
12,13,462,15.774360600080113
12,13,463,15.33643750573653
12,13,464,14.990905110035486
12,13,465,14.741025603515588
12,13,466,14.566795032883338
12,13,467,14.429291297256603
12,13,468,14.292406636420194
12,13,469,14.164538805601488
12,13,470,14.082835818864563
12,13,471,14.081848085388367
12,13,472,14.178931307035135
12,13,473,14.364022939652488
12,13,474,14.58812407356282
12,13,475,14.80352025579001
12,13,476,14.991630265879078
12,13,477,15.155659409317732
12,13,478,15.304859912538237
12,13,479,15.455439857850765
12,13,480,15.613218482978336
12,13,481,15.765767206599078
12,13,482,15.90438468265795
12,13,483,16.03399280679256
12,13,484,16.16266570142306
12,13,485,16.294559611974673
12,13,486,16.414315431789255
12,13,487,16.49252472355475
12,13,488,16.497950113005786
12,13,489,16.416823897141914
12,13,490,16.263029009191037
12,13,491,16.084041739759034
12,13,492,15.93724932834024
12,13,493,15.874981956801701
12,13,494,15.921672113897344
12,13,495,16.053518418696004
12,13,496,16.220801766643973
12,13,497,16.376621385706898
12,13,498,16.48580927473397
12,13,499,16.5377240154929
12,13,500,16.553871446569083
12,13,501,16.55776149728727
12,13,502,16.56463461992435
12,13,503,16.591644407967046
12,13,504,16.656130631782332
12,13,505,16.74682857797382
12,13,506,16.84891955983478
12,13,507,16.951482826130242
12,13,508,17.0290210002579
12,13,509,17.051060197484627
12,13,510,17.03389194308094
12,13,511,17.00931114915064
12,13,512,16.99758447064767
12,13,513,17.01815918615472
12,13,514,17.078861248215503
12,13,515,17.169814999233417
12,13,516,17.283326287135072
12,13,517,17.425008618791992
12,13,518,17.573288302333587
12,13,519,17.663701147770592
12,13,520,17.64857795014679
12,13,521,17.507333257062122
12,13,522,17.26587388441386
12,13,523,16.954689599422753
12,13,524,16.668244729921586
12,13,525,16.46474706765316
12,13,526,16.318841155908448
12,13,527,16.21342112551221
12,13,528,16.121861516977223
12,13,529,16.01717784909702
12,13,530,15.914777391871496
12,13,531,15.868187608063966
12,13,532,15.92948310447947
12,13,533,16.136247369122213
12,13,534,16.466073086311777
12,13,535,16.86479464948497
12,13,536,17.28624324631063
12,13,537,17.658425909328344
12,13,538,17.888937353563534
12,13,539,17.957456907418287
12,13,540,17.894577678180184
12,13,541,17.739693554486706
12,13,542,17.572261882618584
12,13,543,17.499029057726005
12,13,544,17.560892715689576
12,13,545,17.738496729327874
12,13,546,17.99312245057221
12,13,547,18.28126061289764
12,13,548,18.552180223348625
12,13,549,18.776941469757688
12,13,550,18.94960454702168
12,13,551,19.081673357087293
12,13,552,19.208847360099572
12,13,553,19.280473041714327
12,13,554,19.306205290898895
12,13,555,19.295677948044133
12,13,556,19.24041243121382
12,13,557,19.148926573629026
12,13,558,19.102144330311653
12,13,559,19.11860704141611
12,13,560,19.197498123516723
12,13,561,19.281774998709928
12,13,562,19.37836280450334
12,13,563,19.58291735687506
12,13,564,19.88947249692167
12,13,565,20.189869598287643
12,13,566,20.423618678594963
12,13,567,20.552804935389116
12,13,568,20.571699581879713
12,13,569,20.491219559271762
12,13,570,20.34349809410716
12,13,571,20.16733120820153
12,13,572,20.007034950383872
12,13,573,19.90182721577589
12,13,574,19.872601262440384
12,13,575,19.89665508298843
12,13,576,19.93201190495308
12,13,577,19.973579308464693
12,13,578,19.927674419137322
12,13,579,19.739781155578633
12,13,580,19.41277094367272
12,13,581,18.98932614547367
12,13,582,18.51997537177741
12,13,583,18.070772131568326
12,13,584,17.70974339272161
12,13,585,17.473250842734025
12,13,586,17.3644193361883
12,13,587,17.370782703722824
12,13,588,17.46460741438475
12,13,589,17.605611698497555
12,13,590,17.754297118207067
12,13,591,17.877065856823357
12,13,592,17.94923652646086
12,13,593,17.959491420152627
12,13,594,17.914876635946705
12,13,595,17.83172745990759
12,13,596,17.741005394067418
12,13,597,17.671722650617372
12,13,598,17.639722456929995
12,13,599,17.642445493204985
12,13,600,17.669478937899804
12,13,601,17.697760709738457
12,13,602,17.71142321437999
12,13,603,17.70368085579436
12,13,604,17.679683490207562
12,13,605,17.655438304953893
12,13,606,17.6529965024253
12,13,607,17.68933146520713
12,13,608,17.777447191383654
12,13,609,17.919094628128526
12,13,610,18.09537007811505
12,13,611,18.27609644061779
12,13,612,18.430322968639118
12,13,613,18.533155956278918
12,13,614,18.57038177087171
12,13,615,18.552972691730606
12,13,616,18.503893187136295
12,13,617,18.4402575085462
12,13,618,18.369547639544713
12,13,619,18.29121507437912
12,13,620,18.188842013710488
12,13,621,18.050714876500557
12,13,622,17.880855761082337
12,13,623,17.68763777666584
12,13,624,17.48772090483015
12,13,625,17.29894904151574
12,13,626,17.123450945930486
12,13,627,16.95568441492912
12,13,628,16.79325553915252
12,13,629,16.628062786082072
12,13,630,16.463149550473883
12,13,631,16.31932603957956
12,13,632,16.215634241477
12,13,633,16.166355362395926
12,13,634,16.179365922158603
12,13,635,16.24101891676331
12,13,636,16.32142784060681
12,13,637,16.396299460887313
12,13,638,16.445557738207636
12,13,639,16.460197376934385
12,13,640,16.45393627229787
12,13,641,16.44245126821735
12,13,642,16.43154120128322
12,13,643,16.420485533406254
12,13,644,16.4059395887916
12,13,645,16.37926292998609
12,13,646,16.344999929131575
12,13,647,16.314158964416134
12,13,648,16.29924156048162
12,13,649,16.309093744529218
12,13,650,16.350959282827162
12,13,651,16.42264851845164
12,13,652,16.509379484310667
12,13,653,16.595796412324766
12,13,654,16.67052117519861
12,13,655,16.712432455528532
12,13,656,16.70348462099781
12,13,657,16.639824859018685
12,13,658,16.52434827517537
12,13,659,16.36545718161495
12,13,660,16.203294815699984
12,13,661,16.075275792577717
12,13,662,16.01629917680195
12,13,663,16.049865296095785
12,13,664,16.1811002970712
12,13,665,16.368849177904696
12,13,666,16.569841442193145
12,13,667,16.740033469230944
12,13,668,16.84140792680032
12,13,669,16.852203439821338
12,13,670,16.778810575204176
12,13,671,16.636261644417598
12,13,672,16.44435034116162
12,13,673,16.242196908989445
12,13,674,16.081868612050815
12,13,675,16.02080179334673
12,13,676,16.103477131302743
12,13,677,16.352860681688966
12,13,678,16.74037373958044
12,13,679,17.17393804595794
12,13,680,17.540418528899426
12,13,681,17.752569512310252
12,13,682,17.769469124316945
12,13,683,17.6138299724432
12,13,684,17.364358717074328
12,13,685,17.09992994108875
12,13,686,16.864185286518808
12,13,687,16.65606610558583
12,13,688,16.549692900798707
12,13,698,19.497383095278206
12,13,699,19.336070974535364
12,13,700,18.897956423546116
12,13,701,18.42197075830764
12,13,702,17.950164468378244
12,13,703,17.55586459320106
12,13,704,17.285227522763936
12,13,705,17.13077506527123
12,13,706,17.067279277542177
12,13,707,17.074463209999813
12,13,708,17.122107152013136
12,13,709,17.17232955111668
12,13,710,17.210441903937777
12,13,711,17.234159290999372
12,13,712,17.22924200138493
12,13,713,17.144463474098984
12,13,714,16.964491546861705
12,13,715,16.73785913922746
12,13,718,15.980233547030062
12,13,719,16.08840567546078
12,13,720,16.433625860836177
12,13,722,17.31763180007677
12,13,723,18.03168675309635
12,13,724,18.667260653306446
12,13,725,19.05021723639694
12,13,726,19.16282154979406
12,13,727,19.066867900828193
12,13,728,18.839202071970416
12,13,729,18.553562099264948
12,13,730,18.32680728145821
12,13,731,18.233162098092315
12,13,732,18.294808013142212
12,13,733,18.507713698566324
12,13,734,18.83886395001488
12,13,735,19.211463830380865
12,13,736,19.527105130171485
12,13,737,19.70464208519988
12,13,738,19.71046746619193
12,13,739,19.552554764530747
12,13,740,19.256706852349303
12,13,741,18.87928500762619
12,13,742,18.4987587178012
12,13,743,18.156669110295457
12,13,744,17.880790967087552
12,13,745,17.700025011394413
12,13,746,17.62823837900274
12,13,747,17.645193445835194
12,13,748,17.70545908253715
12,13,749,17.784955948498308
12,13,750,17.913948382378745
12,13,751,18.08604172974116
12,13,752,18.266831360711116
12,13,753,18.467547040514347
12,13,754,18.70886193821302
12,13,755,18.98143960118279
12,13,756,19.28252438409182
12,13,757,19.63448852118957
12,13,758,20.015540306001082
12,13,759,20.36810773428353
12,13,760,20.637191226200724
12,13,761,20.801234425180375
12,13,762,20.846152400617754
12,13,763,20.77284651781604
12,13,764,20.63284609566021
12,13,765,20.531885551208514
12,13,766,20.516168142598545
12,13,767,20.596951598979025
12,13,768,20.8439211228173
12,13,769,21.063746851489967
12,13,776,19.58816045924946
12,13,777,19.273530073657884
12,13,778,19.020619944545775
12,13,780,18.70297951821272
12,13,781,18.806598648536372
12,13,782,18.94647422456344
12,13,783,19.02957706331369
12,13,784,19.067810804330147
12,13,785,19.065177783692093
12,13,786,19.004951376239493
12,13,787,18.873303372661837
12,13,788,18.672257650729748
12,13,789,18.415509669360574
12,13,790,18.11124849693784
12,13,791,17.763899133059333
12,13,792,17.47670792942948
12,13,798,17.612416366495182
12,13,799,17.469224177600026
12,13,800,17.289462703735698
12,13,801,17.116182334598545
12,13,802,16.99439177697835
12,13,803,16.95594960081432
12,13,804,16.995718742390345
12,13,805,17.060236674429273
12,13,806,17.107217533317158
12,13,807,17.0964834278742
12,13,808,16.987939926220186
12,13,809,16.9504183378279
12,13,814,18.161779995578097
12,13,815,18.030256889910458
12,13,816,17.763543489845944
12,13,817,17.49682926042308
12,13,818,17.212547227955113
12,13,819,16.931179541560464
12,13,820,16.71397169750001
12,13,821,16.58454987013761
12,13,822,16.598116201320977
12,13,825,16.755301092481886
12,13,826,16.639006371423115
12,13,827,16.593441496683162
12,13,828,16.621361544993665
12,13,829,16.688318179544105
12,13,830,16.764995030193678
12,13,831,16.836822042469546
12,13,832,16.893534077967743
12,13,833,16.951835458978056
12,13,834,17.048561116694646
12,13,835,17.21568399612763
12,13,836,17.45893653473815
12,13,837,17.743713206579244
12,13,838,17.992503762800265
12,13,839,18.122388919815343
12,13,840,18.11403690660235
12,13,841,17.99035285431235
12,13,842,17.79832110932045
12,13,843,17.60598916144675
12,13,844,17.475747452262166
12,13,845,17.40011128331319
12,13,846,17.32090604114748
12,13,847,17.17474234683953
12,13,848,16.90270439697508
12,13,849,16.471626111492537
12,13,850,16.124599477879173
12,13,857,18.266367899265685
12,13,858,18.479211127857873
12,13,859,18.493603721179475
12,13,865,18.536824381097485
12,13,866,18.150780910961178
12,13,867,17.732593164910703
12,13,868,17.53699828082332
12,13,869,17.45411792564281
12,13,872,17.01943891165568
12,13,876,16.113880223770416
12,13,877,15.964249747823091
12,13,878,15.871593209342702
12,13,879,15.787421117472912
12,13,880,15.719791508285338
12,13,881,15.670125477084232
12,13,882,15.657240950589339
12,13,883,15.707552082594209
12,13,884,15.850144248841081
12,13,885,16.07388452288994
12,13,886,16.348398126458978
12,13,887,16.638055706032578
12,13,888,16.881831187112084
12,13,889,16.984323921208695
12,13,890,16.87112634212465
12,13,891,16.5092212059289
12,13,892,15.885427321618648
12,13,893,15.198856664490773
12,13,900,20.72446081517119
12,13,901,21.166902791147464
12,13,903,20.763447209611638
12,13,909,18.55247776544895
12,13,910,17.992265130615635
12,13,913,18.559676083552795
12,13,914,18.655344889837398
12,13,916,19.351427586255735
12,13,917,19.811600201250126
12,13,918,19.910695053081163
12,13,919,19.663530200652776
12,13,920,19.127020852905687
12,13,921,18.420522457006708
12,13,922,17.685661141066152
12,13,923,16.96840540234009
12,13,924,16.415460807067085
12,13,925,16.124183440776555
12,13,926,16.07829924390664
12,13,927,16.188462438498533
12,13,928,16.349255449718072
12,13,929,16.443130716689815
12,13,930,16.37740378103575
12,13,931,16.13154554537647
12,13,932,15.76876864408339
12,13,933,15.375554921181658
12,13,934,15.05705141272317
12,13,935,14.908245091396692
12,13,936,14.959680724706898
12,13,937,15.21880115822095
12,13,938,15.622712952009516
12,13,939,16.039711639079957
12,13,940,16.32874978861779
12,13,941,16.39662985031461
12,13,942,16.259008134515028
12,13,943,16.000661743956556
12,13,944,15.754369238242692
12,13,945,15.615453905053865
12,13,946,15.624095342073788
12,13,947,15.769045149815224
12,13,948,15.999037535072976
12,13,949,16.276420510314104
12,13,951,16.661552777477098
12,13,952,16.798107572967997
12,13,953,16.98262971384389
12,13,954,17.18739609404221
12,13,955,17.35261814943171
12,13,956,17.43307570528012
12,13,957,17.409868779073424
12,13,958,17.330813338554496
12,13,959,17.27009874400399
12,13,960,17.30231988850082
12,13,961,17.47927058899625
12,13,962,17.81721412664386
12,13,963,18.265914953763858
12,13,964,18.718151637545798
12,13,965,19.081803677474504
12,13,966,19.327083826741372
12,13,967,19.48008861702045
12,13,968,19.51269935576096
12,13,969,19.46257904895281
12,13,970,19.34555173660308
12,13,971,19.127296047914896
12,13,972,18.809355263941974
12,13,973,18.46406679512848
12,13,974,18.14658217771829
12,13,975,17.890010383941988
12,13,976,17.81311209078076
12,13,984,17.680815246849562
12,13,985,17.37038163344754
12,13,986,17.054375454949923
12,13,987,16.820761421642228
12,13,988,16.860853210041945
12,13,994,17.507699689211204
12,13,995,17.42062464002971
12,13,996,17.204168546526073
12,13,997,17.087565980930812
12,13,1005,17.27135977413335
12,13,1006,16.85599656844656
12,13,1007,16.49641493288976
12,13,1008,16.199612079920577
12,13,1009,16.143126172212515
12,13,1010,16.32726342441269
12,13,1011,16.638455997953415
12,13,1012,16.935417633186553
12,13,1013,17.108232969071697
12,13,1014,17.118868926250684
12,13,1015,16.9980560767343
12,13,1016,16.816837242307816
12,13,1017,16.645307556466314
12,13,1018,16.549621608964912
12,13,1019,16.57774047834022
12,13,1020,16.74454699207762
12,13,1021,17.008468964066587
12,13,1022,17.295261253832635
12,13,1023,17.504567169664618
12,13,1024,17.552506759113594
12,13,1025,17.41886005964999
12,13,1026,17.166803270339038
12,13,1027,16.906011110156072
12,13,1028,16.76267980715656
12,13,1029,16.806273561569707
12,13,1030,17.05320457363977
12,13,1031,17.447835508750476
12,13,1032,17.884012549914704
12,13,1033,18.27362974130987
12,13,1034,18.60589706342561
12,13,1035,18.861926423964743
12,13,1036,19.04469853957124
12,13,1037,19.1914788263556
12,13,1038,19.29419849532835
12,13,1039,19.29916640638925
12,13,1040,19.191310313920628
12,13,1041,18.9907809010256
12,13,1042,18.72808884736775
12,13,1043,18.467797627112407
12,13,1044,18.279952215228057
12,13,1045,18.198486202715866
12,13,1046,18.197435138303714
12,13,1047,18.220099617029884
12,13,1048,18.211304396316166
12,13,1049,18.140247178833743
12,13,1050,18.009188182193434
12,13,1051,17.85767858623956
12,13,1052,17.72722054645477
12,13,1053,17.632728003232472
12,13,1054,17.567175429096558
12,13,1055,17.525474980441594
12,13,1056,17.51570248446134
12,13,1057,17.563009480657943
12,13,1058,17.692748902600638
12,13,1059,17.901509109297496
12,13,1060,18.14621172673746
12,13,1061,18.360460599554987
12,13,1062,18.48518953551891
12,13,1063,18.502563135008756
12,13,1064,18.448630119030454
12,13,1065,18.383568155970707
12,13,1066,18.362071820100905
12,13,1067,18.405256518227514
12,13,1068,18.49329649104128
12,13,1069,18.58848726870396
12,13,1070,18.66716154430036
12,13,1071,18.719040832982962
12,13,1072,18.7530270928965
12,13,1073,18.791540696686337
12,13,1074,18.845069994131915
12,13,1075,18.90632163511662
12,13,1076,18.96538397164454
12,13,1077,19.01644342431352
12,13,1078,19.059544526139504
12,13,1079,19.103785406976808
12,13,1080,19.158209017584415
12,13,1081,19.222468823662
12,13,1082,19.28842249397058
12,13,1083,19.34605200359177
12,13,1084,19.3884984808069
12,13,1085,19.41490043326885
12,13,1086,19.435408826764153
12,13,1087,19.4673771119519
12,13,1088,19.525485018554612
12,13,1089,19.6050157855799
12,13,1090,19.693191915348716
12,13,1091,19.778351022282298
12,13,1092,19.850928750777214
12,13,1093,19.901883760310046
12,13,1094,19.937996931518754
12,13,1095,19.972423192395322
12,13,1096,20.0148340219224
12,13,1097,20.066833741518163
12,13,1098,20.1247231814335
12,13,1099,20.184368223906592
12,13,1100,20.242289082556262
12,13,1101,20.292285148692855
12,13,1102,20.32875480477666
12,13,1103,20.35403088139803
13,14,0,21.731655755685825
13,14,1,21.7604342803312
13,14,2,21.79787573264341
13,14,3,21.840941897528314
13,14,4,21.88291679616604
13,14,5,21.917442880358195
13,14,6,21.94146949055658
13,14,7,21.95657951387356
13,14,8,21.965157251732585
13,14,9,21.968413355063518
13,14,10,21.969211962562223
13,14,11,21.969566289714948
13,14,12,21.970706163620047
13,14,13,21.97237462125557
13,14,14,21.97475251273551
13,14,15,21.977987725469124
13,14,16,21.982310181515953
13,14,17,21.98667031927531
13,14,18,21.990661479617327
13,14,19,21.993439241838846
13,14,20,21.993072590707506
13,14,21,21.98884429250133
13,14,22,21.98156319445966
13,14,23,21.97240234075689
13,14,24,21.96295010178063
13,14,25,21.956010560842355
13,14,26,21.951884251271554
13,14,27,21.949919365256257
13,14,28,21.949035879460546
13,14,29,21.948104589883478
13,14,30,21.945150629892666
13,14,31,21.940053209646727
13,14,32,21.93259911508762
13,14,33,21.922214113085012
13,14,34,21.90938718863719
13,14,35,21.897378752314985
13,14,36,21.889881100350003
13,14,37,21.890154387229074
13,14,38,21.901609064595995
13,14,39,21.925652104837205
13,14,40,21.95808611080647
13,14,41,21.99239784998174
13,14,42,22.023856405963887
13,14,43,22.049410088786495
13,14,44,22.06774834456474
13,14,45,22.08119279656773
13,14,46,22.09295487218777
13,14,47,22.104009504349833
13,14,48,22.11358185326696
13,14,49,22.12048340346722
13,14,50,22.123856966795195
13,14,51,22.123583740719198
13,14,52,22.120577082225193
13,14,53,22.115574935803078
13,14,54,22.10818437888549
13,14,55,22.09739338593511
13,14,56,22.08271130253806
13,14,57,22.065305186889603
13,14,58,22.04812355247367
13,14,59,22.035308606887302
13,14,60,22.03020189814356
13,14,61,22.034148248686673
13,14,62,22.044846499371744
13,14,63,22.057889819759243
13,14,64,22.06776701659513
13,14,65,22.070263362984083
13,14,66,22.06513290905366
13,14,67,22.056966820023003
13,14,68,22.051968046193917
13,14,69,22.054603672498814
13,14,70,22.066156076814625
13,14,71,22.084077843889023
13,14,72,22.10410918563745
13,14,73,22.12014367566746
13,14,74,22.12969789496491
13,14,75,22.134331570752725
13,14,76,22.136278383337988
13,14,77,22.134265864537376
13,14,78,22.12832297241322
13,14,79,22.117337505340203
13,14,80,22.098435029431837
13,14,81,22.0711704285501
13,14,82,22.039609004716013
13,14,83,22.008420253778716
13,14,84,21.9823447313345
13,14,85,21.966266353186015
13,14,86,21.961483807968975
13,14,87,21.965418614484808
13,14,88,21.972937854789553
13,14,89,21.979283836977405
13,14,90,21.981478573166658
13,14,91,21.979923416627198
13,14,92,21.97706044040877
13,14,93,21.977251808302032
13,14,94,21.983397273035536
13,14,95,21.99563592764002
13,14,96,22.010892310997836
13,14,97,22.025586008521426
13,14,98,22.036475334086454
13,14,99,22.04240625838044
13,14,100,22.042793938126433
13,14,101,22.038004165410975
13,14,102,22.028796636621077
13,14,103,22.016455453601257
13,14,104,22.001345189676396
13,14,105,21.983725055107225
13,14,106,21.96502674599534
13,14,107,21.948538874059597
13,14,108,21.934690090612722
13,14,109,21.922511461631533
13,14,110,21.913283487811498
13,14,111,21.90798213421933
13,14,112,21.903543013460094
13,14,113,21.89963367838145
13,14,114,21.89774303182934
13,14,115,21.896863350524775
13,14,116,21.894531983397524
13,14,117,21.890546212488893
13,14,118,21.88467836895176
13,14,119,21.876273653173264
13,14,120,21.866518282617697
13,14,121,21.858372574724214
13,14,122,21.853537369866583
13,14,123,21.850752379293688
13,14,124,21.848262995183962
13,14,125,21.844030902392788
13,14,126,21.83628431419514
13,14,127,21.826970558137926
13,14,128,21.82203249468169
13,14,129,21.82648497851981
13,14,130,21.84068270518572
13,14,131,21.86243619080686
13,14,132,21.887726559524342
13,14,133,21.910513379665865
13,14,134,21.926375570060383
13,14,135,21.935964486153228
13,14,136,21.940922094362065
13,14,137,21.940193921553814
13,14,138,21.932422018683457
13,14,139,21.916803082902636
13,14,140,21.893861746000585
13,14,141,21.867615919964763
13,14,142,21.8436144165191
13,14,143,21.82741169206022
13,14,144,21.822862333703863
13,14,145,21.82928267400799
13,14,146,21.840637349577204
13,14,147,21.851567281955752
13,14,148,21.857630502449677
13,14,149,21.85633197453326
13,14,150,21.848873287836522
13,14,151,21.841184935222675
13,14,152,21.840759835509278
13,14,153,21.852087776792896
13,14,154,21.87574684425507
13,14,155,21.90942420356479
13,14,156,21.947302955760975
13,14,157,21.98055693855709
13,14,158,22.004464695972406
13,14,159,22.01795741636588
13,14,160,22.020911177807697
13,14,161,22.014154175312992
13,14,162,21.999619838002236
13,14,163,21.978962074951536
13,14,164,21.95519959862071
13,14,165,21.933226594471698
13,14,166,21.918067219816024
13,14,167,21.913121826547915
13,14,168,21.919765767766005
13,14,169,21.935453391418474
13,14,170,21.954409625314273
13,14,171,21.97014175803297
13,14,172,21.978494677297746
13,14,173,21.97662737520923
13,14,174,21.964882303321566
13,14,175,21.947385193758755
13,14,176,21.930194487001266
13,14,177,21.917861695021518
13,14,178,21.915115908904134
13,14,179,21.924402008601835
13,14,180,21.943766722625018
13,14,181,21.968516825320286
13,14,182,21.99630774029295
13,14,183,22.023907627151996
13,14,184,22.048507047906146
13,14,185,22.0690763301993
13,14,186,22.086710488784547
13,14,187,22.099883223390894
13,14,188,22.1064560189032
13,14,189,22.104781823472393
13,14,190,22.09572400047725
13,14,191,22.080335107564547
13,14,192,22.060511676287312
13,14,193,22.038798852582463
13,14,194,22.018202134941095
13,14,195,21.99969139969529
13,14,196,21.98336143592912
13,14,197,21.970059290358353
13,14,198,21.960570931851745
13,14,199,21.953483196451373
13,14,200,21.944704515345347
13,14,201,21.93142340167916
13,14,202,21.912411065862624
13,14,203,21.88843212087581
13,14,204,21.863432517373973
13,14,205,21.845771482125837
13,14,206,21.841088279768673
13,14,207,21.850431055461847
13,14,208,21.87111340424401
13,14,209,21.89803376259036
13,14,210,21.92520857922444
13,14,211,21.949956551094424
13,14,212,21.972817150800868
13,14,213,21.995695790223746
13,14,214,22.02111398675964
13,14,215,22.050367087191066
13,14,216,22.0816432015398
13,14,217,22.111825742471353
13,14,218,22.139375565410305
13,14,219,22.161816064325265
13,14,220,22.174607002052586
13,14,221,22.17418549118296
13,14,222,22.15986864460583
13,14,223,22.13130420697765
13,14,224,22.0921071538751
13,14,225,22.051048348441775
13,14,226,22.018332829369957
13,14,227,21.999476886176627
13,14,228,21.99594129189093
13,14,229,22.00486444660477
13,14,230,22.020740280249164
13,14,231,22.037116590024265
13,14,232,22.050180684762605
13,14,233,22.059420752753553
13,14,234,22.065317683824233
13,14,235,22.06665819712281
13,14,236,22.061282986777485
13,14,237,22.04879150597418
13,14,238,22.02908231236768
13,14,239,22.00218498224971
13,14,240,21.971061906802227
13,14,241,21.941643564162298
13,14,242,21.916720671810594
13,14,243,21.897924935548314
13,14,244,21.887698652289142
13,14,245,21.886319892593768
13,14,246,21.890582401305725
13,14,247,21.89847553180276
13,14,248,21.908264310243812
13,14,249,21.916578875663802
13,14,250,21.92011818053534
13,14,251,21.91808573663374
13,14,252,21.910411763230453
13,14,253,21.89608328384079
13,14,254,21.87660408697963
13,14,255,21.85595243465937
13,14,256,21.836642125009654
13,14,257,21.819733172306538
13,14,258,21.8087423476651
13,14,259,21.811359979447474
13,14,260,21.838205588730794
13,14,261,21.899349892098165
13,14,262,22.00642545964294
13,14,263,22.157592782652568
13,14,264,22.336877174381023
13,14,265,22.50551576357418
13,14,266,22.590960563475765
13,14,267,22.479054052476506
13,14,268,22.053598030805517
13,14,269,21.24932820953929
13,14,270,20.10143473763994
13,14,271,18.766805320658456
13,14,272,17.509102058580506
13,14,273,16.629753048780902
13,14,274,16.281392650932975
13,14,275,16.764235496999184
13,14,277,18.065295042000198
13,14,278,18.686502911101016
13,14,279,19.80112683307522
13,14,286,21.372469390834073
13,14,288,22.123018793197584
13,14,289,22.406431745694295
13,14,290,22.465592656184462
13,14,291,22.283167397064034
13,14,292,21.976332835467293
13,14,293,21.6624543444288
13,14,294,21.44321571083183
13,14,295,21.369814015197086
13,14,296,21.44414261778971
13,14,297,21.655556373102026
13,14,298,21.966190778813896
13,14,299,22.322011244146267
13,14,300,22.651073287906808
13,14,301,22.867838575334762
13,14,302,22.901379192988077
13,14,303,22.746625270687478
13,14,304,22.444938663235117
13,14,305,22.055878349734286
13,14,306,21.659684934246513
13,14,307,21.322249981821948
13,14,308,21.07186709037486
13,14,309,20.923352089960503
13,14,310,20.892562419200132
13,14,311,20.985205407689914
13,14,312,21.20599865507969
13,14,313,21.540166554560045
13,14,314,21.932201933781666
13,14,315,22.303228752325566
13,14,316,22.574207526720162
13,14,317,22.681920759489543
13,14,318,22.613885302536538
13,14,319,22.412252835061114
13,14,320,22.142521545279376
13,14,321,21.87237564275236
13,14,322,21.652027495936366
13,14,323,21.499747780090697
13,14,324,21.40951862008058
13,14,325,21.372321035038542
13,14,326,21.385459604424703
13,14,327,21.447231978514957
13,14,328,21.548210220199948
13,14,329,21.672896097181795
13,14,330,21.796457759909114
13,14,331,21.886371187220927
13,14,332,21.920347673658057
13,14,333,21.892762247140567
13,14,334,21.810870839182872
13,14,335,21.698015042366062
13,14,336,21.589816323345993
13,14,337,21.518027212569248
13,14,338,21.50563123495062
13,14,339,21.558447948143257
13,14,340,21.661274351220964
13,14,341,21.784743556192424
13,14,342,21.900833605846078
13,14,343,21.983222917419475
13,14,344,22.015171214738928
13,14,345,21.999290812672992
13,14,346,21.95111886530423
13,14,347,21.886948327078507
13,14,348,21.827246972064394
13,14,349,21.798641350848722
13,14,350,21.815249870746957
13,14,351,21.874480076092624
13,14,352,21.96210533545786
13,14,353,22.055982160358234
13,14,354,22.127017833274124
13,14,355,22.149865706316607
13,14,356,22.113146059498625
13,14,357,22.019943741689136
13,14,358,21.88496956758224
13,14,359,21.73535887221682
13,14,360,21.607280350568075
13,14,361,21.532646666421247
13,14,362,21.53500646623676
13,14,363,21.62405096453484
13,14,364,21.78716204213468
13,14,365,21.99142600635958
13,14,366,22.193456258395404
13,14,367,22.34786767248662
13,14,368,22.41851823839772
13,14,369,22.38748945824819
13,14,370,22.260712202846342
13,14,371,22.067553271468544
13,14,372,21.854000941140317
13,14,373,21.675679335874552
13,14,374,21.58231365147144
13,14,375,21.60256602080206
13,14,376,21.733373372290874
13,14,377,21.922756398043628
13,14,378,22.096024050775338
13,14,379,22.191347943768253
13,14,380,22.161677179705162
13,14,381,22.02175804470555
13,14,382,21.858077266437924
13,14,383,21.636132485950892
13,14,385,20.97478275931519
13,14,386,20.83179277093646
13,14,387,21.01314395918794
13,14,388,21.416713076750995
13,14,389,21.931160597160517
13,14,392,22.07103261990501
13,14,393,21.728619351076027
13,14,394,21.471137619998693
13,14,396,21.1686941772772
13,14,397,21.15367364260098
13,14,398,21.203779042975132
13,14,399,21.24640133938215
13,14,400,21.276491385960153
13,14,401,21.296798682543223
13,14,402,21.3003667417682
13,14,403,21.280712368151576
13,14,404,21.228948845559085
13,14,405,21.142956666801076
13,14,406,21.037630560288164
13,14,407,20.937351708869187
13,14,408,20.868371574565472
13,14,409,20.853778132541443
13,14,410,20.908741487757236
13,14,411,21.026853355080537
13,14,412,21.17658925326501
13,14,413,21.304331515661204
13,14,414,21.35226517459912
13,14,415,21.26289772197207
13,14,416,21.004090052909515
13,14,417,20.602327294559593
13,14,418,20.1451741327635
13,14,419,19.736639273268946
13,14,420,19.465454023404515
13,14,421,19.37683254595854
13,14,422,19.454341362050126
13,14,423,19.633081306615974
13,14,424,19.834426038799158
13,14,425,19.99887187746395
13,14,426,20.09681669200157
13,14,427,20.129899728674765
13,14,428,20.121186538077595
13,14,429,20.12198361206665
13,14,430,20.178532967385614
13,14,431,20.320097855842764
13,14,432,20.556149646700174
13,14,433,20.87425047502368
13,14,434,21.214305467595818
13,14,435,21.507460375735505
13,14,436,21.70628142860522
13,14,437,21.77854638981537
13,14,438,21.71275686574199
13,14,439,21.546885501256984
13,14,440,21.345879531612955
13,14,441,21.167399872744284
13,14,442,21.069345665446367
13,14,443,21.087791463239657
13,14,444,21.214462288738485
13,14,445,21.404710448193462
13,14,446,21.61026812216269
13,14,447,21.788786355892586
13,14,448,21.914799426949287
13,14,449,21.98372133714228
13,14,450,22.02401229560737
13,14,451,22.06283876147874
13,14,452,22.104109217506448
13,14,453,22.13826696879655
13,14,454,22.162133053563377
13,14,455,22.160399026364352
13,14,456,22.12348594712041
13,14,457,22.058175807745588
13,14,458,21.97860477747181
13,14,459,21.887476028796442
13,14,460,21.774776139915836
13,14,461,21.62401473423828
13,14,462,21.4323043806839
13,14,463,21.210367859973946
13,14,464,20.971096203525438
13,14,465,20.744048135037772
13,14,466,20.563948376943372
13,14,467,20.435993667111003
13,14,468,20.340399309333492
13,14,469,20.263205412031898
13,14,470,20.19375232499385
13,14,471,20.129503701931533
13,14,472,20.081568941618823
13,14,473,20.073397413467024
13,14,474,20.122761873189543
13,14,475,20.228284625536322
13,14,476,20.367250394652633
13,14,477,20.508404344989103
13,14,478,20.621577855621116
13,14,479,20.68848918799665
13,14,480,20.708882058157965
13,14,481,20.701378603505592
13,14,482,20.696458865876483
13,14,483,20.72299822627851
13,14,484,20.792643573795242
13,14,485,20.904619029365794
13,14,486,21.031839242501697
13,14,487,21.1514270243538
13,14,488,21.241825121385205
13,14,489,21.293309372490437
13,14,490,21.31001872972621
13,14,491,21.29727521687195
13,14,492,21.260526433699994
13,14,493,21.216693118690195
13,14,494,21.184118313808145
13,14,495,21.17260555292581
13,14,496,21.185972076687555
13,14,497,21.2178551099623
13,14,498,21.255837017229105
13,14,499,21.29795044831057
13,14,500,21.347970659893104
13,14,501,21.405545715562422
13,14,502,21.468532049157083
13,14,503,21.52282990015105
13,14,504,21.532944160500758
13,14,505,21.470710381626915
13,14,506,21.34476691376175
13,14,507,21.186744476056976
13,14,508,21.04826494585757
13,14,509,20.995308948968287
13,14,510,21.06979668145334
13,14,511,21.251695423994438
13,14,512,21.493956370924412
13,14,513,21.74041001284175
13,14,514,21.940304148424975
13,14,515,22.07168125965019
13,14,516,22.166324277179623
13,14,517,22.273722652863945
13,14,518,22.423609396777966
13,14,519,22.60333498799247
13,14,520,22.766516010040633
13,14,521,22.85705304795389
13,14,522,22.816395484405174
13,14,523,22.618035895502107
13,14,524,22.29309491382604
13,14,525,21.922516045413463
13,14,526,21.590536075472258
13,14,527,21.393104076151506
13,14,528,21.383304098798007
13,14,529,21.56148075279603
13,14,530,21.876881937413522
13,14,531,22.247169903061295
13,14,532,22.570680504402784
13,14,533,22.791211687466802
13,14,534,22.899921223223725
13,14,535,22.91876861287151
13,14,536,22.88071476212856
13,14,537,22.82321456087798
13,14,538,22.761852820898444
13,14,539,22.68956615063833
13,14,540,22.608383016385584
13,14,541,22.55031840810382
13,14,542,22.54998438704626
13,14,543,22.625833333164508
13,14,544,22.774437177519346
13,14,545,22.959653734709182
13,14,546,23.119841360070456
13,14,547,23.19871346036036
13,14,548,23.168118498800858
13,14,549,23.046164032813373
13,14,550,22.87555570051872
13,14,551,22.708355571344104
13,14,552,22.59548868834991
13,14,553,22.55878504721775
13,14,554,22.589961924284836
13,14,555,22.67473582817149
13,14,556,22.792587562989343
13,14,557,22.91560170756145
13,14,558,23.027638185901157
13,14,559,23.112362375758764
13,14,560,23.145649686653954
13,14,561,23.10742976787382
13,14,562,23.012533589848285
13,14,563,22.9031776074194
13,14,564,22.81051272181216
13,14,565,22.73873626740004
13,14,566,22.686873186145263
13,14,567,22.654449740814588
13,14,568,22.641888771729857
13,14,569,22.65106360948069
13,14,570,22.6841214159743
13,14,571,22.734870421387733
13,14,572,22.784415335987294
13,14,573,22.807721751211627
13,14,574,22.784453903014967
13,14,575,22.713883561541845
13,14,576,22.616345109086406
13,14,577,22.52444123236643
13,14,578,22.448639485671784
13,14,579,22.382320747891427
13,14,580,22.310872064509645
13,14,581,22.218400435633193
13,14,582,22.094975440354197
13,14,583,21.95326526657915
13,14,584,21.823599781479558
13,14,585,21.73167762724002
13,14,586,21.69080714934129
13,14,587,21.7024240351499
13,14,588,21.757448817845738
13,14,589,21.842084770880835
13,14,590,21.939091262658508
13,14,591,22.031145180019834
13,14,592,22.100136874577938
13,14,593,22.13414872845023
13,14,594,22.12557512813984
13,14,595,22.074283894957038
13,14,596,21.987327899683233
13,14,597,21.883397753557702
13,14,598,21.779542975495875
13,14,599,21.68691536420092
13,14,600,21.615539418924197
13,14,601,21.573503180997875
13,14,602,21.563832010111913
13,14,603,21.58365280951918
13,14,604,21.627699421822257
13,14,605,21.693726872654686
13,14,606,21.785141116678037
13,14,607,21.90638031886778
13,14,608,22.060854821931386
13,14,609,22.253632194920392
13,14,610,22.47692010805126
13,14,611,22.705372981835186
13,14,612,22.904018944722655
13,14,613,23.048793263792817
13,14,614,23.128417613782435
13,14,615,23.152609582321162
13,14,616,23.15002460294171
13,14,617,23.154677943244604
13,14,618,23.185906736297987
13,14,619,23.24235670960487
13,14,620,23.301536042237995
13,14,621,23.337689012678183
13,14,622,23.329180006444094
13,14,623,23.26433254954783
13,14,624,23.147974798772335
13,14,625,22.996577950246667
13,14,626,22.821152460094975
13,14,627,22.635821775637318
13,14,628,22.46051284701166
13,14,629,22.303532241007975
13,14,630,22.17162619881032
13,14,631,22.07094145349737
13,14,632,21.999716004549516
13,14,633,21.944181970967353
13,14,634,21.898677722502864
13,14,635,21.857175946330774
13,14,636,21.820104362763733
13,14,637,21.79632853545281
13,14,638,21.80575743999094
13,14,639,21.85656273126883
13,14,640,21.94387732992817
13,14,641,22.049890963293347
13,14,642,22.148541661322028
13,14,643,22.19403671241461
13,14,644,22.150302038848686
13,14,645,22.01061784623713
13,14,646,21.79531975434584
13,14,647,21.534232188977285
13,14,648,21.273175380364638
13,14,649,21.063160798970447
13,14,650,20.94554840401463
13,14,651,20.937016412065024
13,14,652,21.034663451605212
13,14,653,21.21727888629916
13,14,654,21.444433511303302
13,14,655,21.66666698925306
13,14,656,21.84516181895396
13,14,657,21.964629229956646
13,14,658,22.028504797143132
13,14,659,22.04275286183625
13,14,660,22.013392145901133
13,14,661,21.954043126475007
13,14,662,21.87560087389625
13,14,663,21.79534024784149
13,14,664,21.755689411608564
13,14,665,21.79770379670361
13,14,666,21.932857675756335
13,14,667,22.140899858695438
13,14,668,22.378899407932842
13,14,669,22.581796410458544
13,14,670,22.689737565984228
13,14,671,22.674567252384488
13,14,672,22.547657851144276
13,14,673,22.347120313727817
13,14,674,22.140120940103117
13,14,675,21.999869244508183
13,14,676,21.9810105093416
13,14,677,22.103542064457976
13,14,678,22.344588438479093
13,14,679,22.639758258402935
13,14,680,22.920022753150995
13,14,681,23.126038257248045
13,14,682,23.237076156888005
13,14,683,23.281822877673893
13,14,684,23.305270188302188
13,14,685,23.340041548297744
13,14,686,23.398808113370045
13,14,687,23.446520764209225
13,14,688,23.44089448802044
13,14,689,23.37057819543022
13,14,690,23.257139315181124
13,14,691,23.109075896947974
13,14,692,22.96823671547872
13,14,693,22.879183344630572
13,14,694,22.850510422883353
13,14,695,22.880085316042692
13,14,696,22.963757034621604
13,14,697,23.07188365339988
13,14,698,23.14470151068528
13,14,699,23.068271321668277
13,14,700,22.86475550665023
13,14,701,22.606913877593797
13,14,702,22.358672675018493
13,14,703,22.17057750476907
13,14,704,22.06111459795567
13,14,705,22.015647125596345
13,14,706,22.010140818559204
13,14,707,22.04128670314037
13,14,708,22.1164261650706
13,14,709,22.246989150199273
13,14,710,22.448559178185228
13,14,711,22.706203370642356
13,14,712,22.938795777060133
13,14,713,23.06675484547893
13,14,714,23.055738311013986
13,14,723,23.946483893082327
13,14,724,24.599934893346084
13,14,725,25.034038605294715
13,14,726,25.301620462394272
13,14,727,25.340242473092943
13,14,728,25.153791551923472
13,14,729,24.787070261682384
13,14,730,24.32981799996949
13,14,731,23.90275118610212
13,14,732,23.636836698496754
13,14,733,23.62539780916176
13,14,734,23.851281364559835
13,14,735,24.241143502265587
13,14,736,24.665557785127255
13,14,737,24.971984659809916
13,14,738,25.05564428809024
13,14,739,24.923445878401882
13,14,740,24.612050080104268
13,14,741,24.188776375595847
13,14,742,23.730931383909596
13,14,743,23.315102528061864
13,14,744,22.986354574366093
13,14,745,22.7731025658505
13,14,746,22.678713417013714
13,14,747,22.7217354520392
13,14,748,22.735225321249235
13,14,774,22.053253679105836
13,14,775,22.56138220164883
13,14,776,22.936402801625
13,14,777,23.032259658417892
13,14,778,22.971307307958433
13,14,779,22.848160227732777
13,14,780,22.712276798116967
13,14,781,22.590837050082754
13,14,782,22.5223292358088
13,14,783,22.570057480292483
13,14,784,22.73794740600661
13,14,785,22.9673387654206
13,14,786,23.168328517847716
13,14,787,23.250853256883794
13,14,788,23.157297579545336
13,14,789,22.900384280701648
13,14,790,22.561867640948158
13,14,791,22.267542284191
13,14,792,22.115013982372037
13,14,793,22.142509721251344
13,14,794,22.292561872581107
13,14,795,22.483671147180324
13,14,796,22.62778994852655
13,14,797,22.700095657853257
13,14,798,22.726866622242405
13,14,799,22.758540240043352
13,14,800,22.84424040022845
13,14,801,23.019453782045677
13,14,802,23.26008248452242
13,14,803,23.486890813335666
13,14,804,23.590076864047575
13,14,805,23.503312417013493
13,14,806,23.20917387486243
13,14,807,22.771259566881874
13,14,808,22.324311871430268
13,14,809,22.040146750936916
13,14,810,22.01545594954487
13,14,811,22.20375778487174
13,14,812,22.50503424501881
13,14,813,22.803522733654052
13,14,814,22.98330093136533
13,14,815,22.951537705722757
13,14,816,22.734777582197445
13,14,817,22.399203461740434
13,14,818,22.012382878570385
13,14,819,21.683290591776096
13,14,820,21.496559922313992
13,14,821,21.482513128427883
13,14,822,21.638470517108438
13,14,823,21.925222345485036
13,14,824,22.184549839246188
13,14,825,22.329772289870334
13,14,826,22.358151966485785
13,14,827,22.290306776529626
13,14,828,22.15725497781089
13,14,829,21.993965893675888
13,14,830,21.81399542857362
13,14,831,21.650555614208876
13,14,832,21.535042343422255
13,14,833,21.491091096666775
13,14,834,21.554401806252844
13,14,835,21.750091754504915
13,14,836,22.03563855990018
13,14,837,22.332883026410084
13,14,838,22.56217806193473
13,14,839,22.64843594579694
13,14,840,22.559429791336
13,14,841,22.347705674798732
13,14,842,22.091116600405957
13,14,843,21.872587261241886
13,14,844,21.785444033353574
13,14,845,21.890710564982182
13,14,846,22.18610320326727
13,14,847,22.621715090759075
13,14,848,23.032806801661323
13,14,849,23.530471598887637
13,14,853,24.069777407898048
13,14,854,23.237226119852245
13,14,856,22.538462616016208
13,14,857,23.379805946230746
13,14,858,24.696470635432643
13,14,859,26.03881756073353
13,14,860,27.038761240179777
13,14,861,27.49422887175915
13,14,862,27.392202326888384
13,14,863,26.860141489164196
13,14,864,26.107902993100755
13,14,865,25.327787322634183
13,14,866,24.606323283075685
13,14,867,24.07314292359968
13,14,868,23.785666364224863
13,14,869,23.699567389882915
13,14,870,23.756819743239753
13,14,871,23.876378581813523
13,14,872,23.96378911003615
13,14,873,23.975629440673334
13,14,874,23.821760484922734
13,14,875,23.476396163107324
13,14,876,22.99753976777388
13,14,877,22.521447712120278
13,14,878,22.12631161177294
13,14,879,21.870612198805727
13,14,880,21.7800420683758
13,14,881,21.82929695206412
13,14,882,21.960779570805254
13,14,883,22.116534953125473
13,14,884,22.240488035620622
13,14,885,22.314373240464263
13,14,886,22.362414935287678
13,14,887,22.426077891479487
13,14,888,22.55130658836006
13,14,889,22.78095873158902
13,14,890,23.114217720528085
13,14,891,23.530992181136494
13,14,892,24.007825558420663
13,14,893,24.521580319871806
13,14,894,24.898545731103685
13,14,916,24.896664211034786
13,14,917,24.416879565360187
13,14,918,23.701049846068432
13,14,919,22.96816603879925
13,14,920,22.303136600400872
13,14,921,21.785040188296612
13,14,922,21.46140937036603
13,14,923,21.32037588798733
13,14,924,21.320072878082435
13,14,925,21.374952780688144
13,14,926,21.427423436784366
13,14,927,21.476312955642044
13,14,928,21.554701618937806
13,14,929,21.676278948598952
13,14,930,21.841291565328444
13,14,931,22.02598475243091
13,14,932,22.19521918626241
13,14,933,22.28539936931651
13,14,934,22.308584129540144
13,14,936,21.645152601909878
13,14,937,21.000478493428222
13,14,938,20.53396591704095
13,14,939,20.35976231416766
13,14,940,20.45119273750248
13,14,941,20.73853017267973
13,14,942,21.116572387922428
13,14,943,21.4834296579789
13,14,944,21.78210160600202
13,14,945,21.976769733949318
13,14,946,22.050359234954893
13,14,947,22.0214916345335
13,14,948,21.949586786167146
13,14,949,21.876973358307783
13,14,951,21.795170996297365
13,14,954,22.38276088303458
13,14,955,22.705441123255834
13,14,956,22.923070658001862
13,14,957,23.007866621653942
13,14,958,22.973196884877794
13,14,959,22.848749352761722
13,14,960,22.655574387836893
13,14,961,22.427652074944223
13,14,962,22.18924741929126
13,14,963,21.974772256711827
13,14,964,21.839658495829845
13,14,965,21.86034259277562
13,14,966,22.069106745437164
13,14,967,22.449759478379356
13,14,968,22.91068452765519
13,14,969,23.337096970625236
13,14,970,23.609977242592297
13,14,971,23.668781626495722
13,14,972,23.53142014211371
13,14,973,23.315776826607937
13,14,974,23.13476821183381
13,14,975,23.049926312981082
13,14,976,23.11768341678139
13,14,1001,21.768876072195535
13,14,1002,21.39524801776378
13,14,1003,21.114100967187042
13,14,1004,20.90091516432771
13,14,1005,20.776166029224907
13,14,1006,20.81108710614422
13,14,1007,20.979038229710614
13,14,1008,21.218815417935847
13,14,1009,21.480701528056105
13,14,1010,21.739304724873527
13,14,1011,21.966961238358184
13,14,1012,22.141239711746593
13,14,1013,22.25085713329853
13,14,1014,22.290426020332443
13,14,1015,22.257871655437395
13,14,1016,22.1605579729709
13,14,1017,22.01058260459686
13,14,1018,21.833418068465566
13,14,1019,21.67321147636098
13,14,1020,21.58831178478194
13,14,1021,21.630013397107035
13,14,1022,21.81578009451888
13,14,1023,22.111023450181516
13,14,1024,22.446828741375022
13,14,1025,22.731560853157138
13,14,1026,22.88585525888448
13,14,1027,22.866857306948013
13,14,1028,22.672377837142594
13,14,1029,22.353018075124965
13,14,1030,21.993315340117793
13,14,1031,21.694776659029454
13,14,1032,21.556443833591636
13,14,1033,21.669314491138525
13,14,1034,22.05755340596993
13,14,1035,22.67561241284207
13,14,1036,23.40523768858463
13,14,1037,24.100187362911722
13,14,1038,24.580847596268086
13,14,1039,24.73561435543681
13,14,1040,24.556228508537288
13,14,1041,24.13606625773081
13,14,1042,23.57869614758863
13,14,1043,23.0122863229546
13,14,1044,22.5536668374024
13,14,1045,22.265270485464605
13,14,1046,22.13596052525166
13,14,1047,22.15200786055476
13,14,1048,22.285690088834812
13,14,1049,22.479777198015814
13,14,1050,22.66839359024702
13,14,1051,22.804606594952755
13,14,1052,22.854593778271656
13,14,1053,22.804049184200807
13,14,1054,22.658507459565772
13,14,1055,22.452477984764045
13,14,1056,22.243267251393384
13,14,1057,22.09522831886481
13,14,1058,22.04865008355139
13,14,1059,22.12296377178791
13,14,1060,22.30978611945435
13,14,1061,22.575132933988428
13,14,1062,22.8582846144229
13,14,1063,23.10828835067169
13,14,1064,23.28772688714406
13,14,1065,23.372040395699035
13,14,1066,23.355900412930737
13,14,1067,23.257613333406933
13,14,1068,23.11102418668258
13,14,1069,22.957801822790596
13,14,1070,22.841821314266834
13,14,1071,22.796611582336553
13,14,1072,22.839786604357403
13,14,1073,22.96570663617824
13,14,1074,23.15587618356821
13,14,1075,23.379404488711227
13,14,1076,23.591858814634136
13,14,1077,23.75270471655945
13,14,1078,23.83746795334059
13,14,1079,23.83881961465261
13,14,1080,23.76400636760522
13,14,1081,23.641538309893825
13,14,1082,23.510023760805375
13,14,1083,23.407376478083528
13,14,1084,23.35795116253201
13,14,1085,23.382919694506512
13,14,1086,23.491966710596056
13,14,1087,23.674846951792208
13,14,1088,23.90281202504943
13,14,1089,24.141327273968898
13,14,1090,24.352068194904028
13,14,1091,24.502853149942407
13,14,1092,24.577986944845378
13,14,1093,24.579372073739215
13,14,1094,24.522691070272735
13,14,1095,24.430469879971238
13,14,1096,24.33098189093079
13,14,1097,24.252959947826334
13,14,1098,24.218756065718072
13,14,1099,24.241048554200376
13,14,1100,24.318206619808585
13,14,1101,24.427843125002923
13,14,1102,24.535623176669223
13,14,1103,24.62320571350952
14,15,0,20.49456464378507
14,15,1,20.54506446706928
14,15,2,20.606063218530725
14,15,3,20.67048987519982
14,15,4,20.723808430102064
14,15,5,20.759175464508793
14,15,6,20.776163506077317
14,15,7,20.777508757062993
14,15,8,20.76260473705677
14,15,9,20.73304997659511
14,15,10,20.692951548433857
14,15,11,20.646834812793106
14,15,12,20.600830293440783
14,15,13,20.56256224762857
14,15,14,20.53392913003951
14,15,15,20.513773320717995
14,15,16,20.500742108227875
14,15,17,20.493185185646468
14,15,18,20.4887678529314
14,15,19,20.488992527484037
14,15,20,20.49770609735518
14,15,21,20.51757510648929
14,15,22,20.54938631189127
14,15,23,20.593074015021834
14,15,24,20.644937829118433
14,15,25,20.696224838651162
14,15,26,20.73987536420877
14,15,27,20.772589499147923
14,15,28,20.793278016574003
14,15,29,20.803389798524144
14,15,30,20.807519738724732
14,15,31,20.80826043364553
14,15,32,20.80443575129133
14,15,33,20.79485869397288
14,15,34,20.779015863272956
14,15,35,20.75750115350732
14,15,36,20.73406055072526
14,15,37,20.715671835506676
14,15,38,20.705881752624876
14,15,39,20.705740582680694
14,15,40,20.713915940471892
14,15,41,20.725582473484554
14,15,42,20.734726010169876
14,15,43,20.73962062015241
14,15,44,20.741932587223292
14,15,45,20.74566078235986
14,15,46,20.75596903162633
14,15,47,20.775539474506477
14,15,48,20.80313040963333
14,15,49,20.833327913288137
14,15,50,20.858881933908325
14,15,51,20.87406295839005
14,15,52,20.877492357136802
14,15,53,20.869701945784264
14,15,54,20.853579657553134
14,15,55,20.833474290938778
14,15,56,20.812696996077705
14,15,57,20.792273170083398
14,15,58,20.77386887093204
14,15,59,20.759810378859527
14,15,60,20.75313213209762
14,15,61,20.756995429421554
14,15,62,20.773648087775914
14,15,63,20.80200442313434
14,15,64,20.838194886177906
14,15,65,20.876125124482105
14,15,66,20.910330670529774
14,15,67,20.937715061155274
14,15,68,20.95896037767793
14,15,69,20.976470719446855
14,15,70,20.992826163072934
14,15,71,21.009250925549445
14,15,72,21.024436469837887
14,15,73,21.035346923565264
14,15,74,21.04092858200793
14,15,75,21.042609065309165
14,15,76,21.042443676880264
14,15,77,21.043388096938344
14,15,78,21.047975446892544
14,15,79,21.054267936820214
14,15,80,21.055959806224557
14,15,81,21.047765394685513
14,15,82,21.02588014750283
14,15,83,20.98954049201471
14,15,84,20.943922187739552
14,15,85,20.898765797028158
14,15,86,20.8608015011015
14,15,87,20.8333102862975
14,15,88,20.81656978380282
14,15,89,20.806785609111824
14,15,90,20.79817527734964
14,15,91,20.78787213593365
14,15,92,20.777869700277932
14,15,93,20.770970698183277
14,15,94,20.769797942749744
14,15,95,20.776607237772616
14,15,96,20.792206671885317
14,15,97,20.81336843090768
14,15,98,20.83716652110599
14,15,99,20.862847218761814
14,15,100,20.889211106202858
14,15,101,20.914776524525273
14,15,102,20.938772867799162
14,15,103,20.95960117387536
14,15,104,20.97297617680031
14,15,105,20.97610221239158
14,15,106,20.968232310933956
14,15,107,20.950973452715616
14,15,108,20.926653305204535
14,15,109,20.8990538343079
14,15,110,20.870457365129962
14,15,111,20.8427622848693
14,15,112,20.81653391860664
14,15,113,20.792394770585666
14,15,114,20.77232986963023
14,15,115,20.760765027166602
14,15,116,20.760117731704366
14,15,117,20.77065591494238
14,15,118,20.790564113938803
14,15,119,20.81511709041406
14,15,120,20.837482016219173
14,15,121,20.85318280242376
14,15,122,20.85944687161504
14,15,123,20.855832954574453
14,15,124,20.843770201038602
14,15,125,20.825733577197937
14,15,126,20.80303356617282
14,15,127,20.77961958082973
14,15,128,20.76224049220417
14,15,129,20.75704722586866
14,15,130,20.767568580551284
14,15,131,20.79405105260962
14,15,132,20.830464835291878
14,15,133,20.865852473482096
14,15,134,20.892029017373062
14,15,135,20.906618105573614
14,15,136,20.912025828928353
14,15,137,20.914109374709536
14,15,138,20.918090248205754
14,15,139,20.92479276206802
14,15,140,20.92878434398659
14,15,141,20.922476035841907
14,15,142,20.901505046651472
14,15,143,20.867535370618594
14,15,144,20.82571513947978
14,15,145,20.78430238199495
14,15,146,20.75278418213729
14,15,147,20.735973780741855
14,15,148,20.7328530300023
14,15,149,20.740253851274648
14,15,150,20.753208844271352
14,15,151,20.764009706962486
14,15,152,20.765473715762287
14,15,153,20.755233746709187
14,15,154,20.733533445487446
14,15,155,20.704190991996764
14,15,156,20.67444130582776
14,15,157,20.654033060958415
14,15,158,20.64695165813352
14,15,159,20.652206029459265
14,15,160,20.664093135583997
14,15,161,20.675544431973698
14,15,162,20.679002353366137
14,15,163,20.67198226735064
14,15,164,20.657589150835253
14,15,165,20.64261509819987
14,15,166,20.633112982453365
14,15,167,20.63294960240391
14,15,168,20.642505094624514
14,15,169,20.658324757488973
14,15,170,20.67549070968539
14,15,171,20.690174653238582
14,15,172,20.700368392609786
14,15,173,20.705684782572714
14,15,174,20.706792282413115
14,15,175,20.705176163457303
14,15,176,20.70297969174492
14,15,177,20.70169599940581
14,15,178,20.70373061191302
14,15,179,20.711361215036835
14,15,180,20.725002024311166
14,15,181,20.741550398052322
14,15,182,20.758594714500475
14,15,183,20.772779044130626
14,15,184,20.782067956417794
14,15,185,20.785223017702304
14,15,186,20.784507565493296
14,15,187,20.780164006442018
14,15,188,20.769854881163276
14,15,189,20.75057454815272
14,15,190,20.723065650080827
14,15,191,20.68910883495179
14,15,192,20.652866153437756
14,15,193,20.62092250099307
14,15,194,20.598303321948517
14,15,195,20.585419890555862
14,15,196,20.580128177894125
14,15,197,20.579930336708177
14,15,198,20.583770647824398
14,15,199,20.593002297235337
14,15,200,20.610948659653356
14,15,201,20.640037598955086
14,15,202,20.68016988306512
14,15,203,20.728849868163504
14,15,204,20.781859945671684
14,15,205,20.8330806462771
14,15,206,20.877458201332058
14,15,207,20.91254936343275
14,15,208,20.937188445148678
14,15,209,20.950286337710462
14,15,210,20.952388940084322
14,15,211,20.947640858783043
14,15,212,20.941259248624547
14,15,213,20.936735678423936
14,15,214,20.93726734012884
14,15,215,20.945552576891075
14,15,216,20.959337791499834
14,15,217,20.974304290967357
14,15,218,20.988309467054233
14,15,219,20.99972146006077
14,15,220,21.006168256638336
14,15,221,21.006081383665276
14,15,222,20.998535896635115
14,15,223,20.982421109397947
14,15,224,20.956454953969352
14,15,225,20.92188575336003
14,15,226,20.882454016830568
14,15,227,20.841498166280743
14,15,228,20.801871865308655
14,15,229,20.768592424647412
14,15,230,20.743967481384242
14,15,231,20.727426581375056
14,15,232,20.717819108068618
14,15,233,20.71367891436841
14,15,234,20.711197621738126
14,15,235,20.70724559273608
14,15,236,20.70035675648354
14,15,237,20.69008063831976
14,15,238,20.67696660193723
14,15,239,20.662222794775168
14,15,240,20.647427406434968
14,15,241,20.63415865003449
14,15,242,20.623685726769043
14,15,243,20.615961597585308
14,15,244,20.61160597679094
14,15,245,20.611219450673715
14,15,246,20.614588092727796
14,15,247,20.623033552319875
14,15,248,20.63925659240718
14,15,249,20.66510371561031
14,15,250,20.701860515793207
14,15,251,20.74903669245085
14,15,252,20.80235719239615
14,15,253,20.854826232443145
14,15,254,20.899029913792628
14,15,255,20.929466784626843
14,15,256,20.944992794145094
14,15,257,20.947446067783236
14,15,258,20.94363363535062
14,15,259,20.94490505543956
14,15,260,20.96291331135685
14,15,261,21.010184991982644
14,15,262,21.14885199665495
14,15,263,21.435163124671682
14,15,264,21.871146605767063
14,15,265,22.454840972255408
14,15,266,23.115634555994454
14,15,267,23.7117043074497
14,15,268,24.089950030319724
14,15,269,24.137842438192838
14,15,270,23.891448225256337
14,15,271,23.485232524364857
14,15,272,23.074438029318515
14,15,273,22.88270489262615
14,15,277,22.82186461337005
14,15,279,22.670967901370357
14,15,286,22.680549662348604
14,15,288,22.845723138669964
14,15,289,22.66981699714142
14,15,290,22.45312914847394
14,15,291,22.270445797139416
14,15,292,22.065371773873906
14,15,293,21.828584516661213
14,15,294,21.564840843050504
14,15,295,21.30985162110017
14,15,296,21.112483033062222
14,15,297,21.027993333059918
14,15,298,21.072873665259397
14,15,299,21.241172268572594
14,15,300,21.47797116891153
14,15,301,21.69288498497721
14,15,302,21.79489059959961
14,15,303,21.74018127135509
14,15,304,21.523111641701675
14,15,305,21.188143328838112
14,15,306,20.813726260077473
14,15,307,20.479627642860077
14,15,308,20.241730159816594
14,15,309,20.13771378635655
14,15,310,20.18216682364935
14,15,311,20.36643047291432
14,15,312,20.659106928246754
14,15,313,21.02638369765939
14,15,314,21.42497160272788
14,15,315,21.794607911996327
14,15,316,22.06416184146619
14,15,317,22.17717637368182
14,15,318,22.084322727689276
14,15,319,21.780603588214355
14,15,320,21.328536776357325
14,15,321,20.83815901457324
14,15,322,20.41995438687409
14,15,323,20.165242915616517
14,15,324,20.1103707634075
14,15,325,20.227497452284368
14,15,326,20.447597134359338
14,15,327,20.702976589291136
14,15,328,20.931949045041694
14,15,329,21.086390006877405
14,15,330,21.13848983818018
14,15,331,21.088536442741443
14,15,332,20.943222967837674
14,15,333,20.725892518705358
14,15,334,20.478635440146636
14,15,335,20.257199662773253
14,15,336,20.108539925167634
14,15,337,20.06478966025043
14,15,338,20.136173033686124
14,15,339,20.309769879039244
14,15,340,20.544994784825562
14,15,341,20.780756203965232
14,15,342,20.959531086828942
14,15,343,21.045999471996602
14,15,344,21.03165354133995
14,15,345,20.933286260810657
14,15,346,20.794393632680464
14,15,347,20.66565140468527
14,15,348,20.586840972781523
14,15,349,20.579604763234915
14,15,350,20.647341643215068
14,15,351,20.76866388708904
14,15,352,20.909399115786687
14,15,353,21.03400371877331
14,15,354,21.109355309822043
14,15,355,21.11576812350586
14,15,356,21.05764025023807
14,15,357,20.955002631124536
14,15,358,20.83096830167146
14,15,359,20.715497493237542
14,15,360,20.63808988193887
14,15,361,20.61680527243885
14,15,362,20.65798703801344
14,15,363,20.76277661755773
14,15,364,20.915728956582438
14,15,365,21.08469166916435
14,15,366,21.22973315107947
14,15,367,21.31407913210382
14,15,368,21.309770573843416
14,15,369,21.209499127088506
14,15,370,21.029958309154818
14,15,371,20.812533356594873
14,15,372,20.611264099023746
14,15,373,20.4785475645385
14,15,374,20.457064227473552
14,15,375,20.566432940154794
14,15,376,20.79357017377546
14,15,377,21.114000920355277
14,15,378,21.473854610045695
14,15,379,21.784045071224842
14,15,380,21.970927612018304
14,15,381,21.992151107132823
14,15,382,21.801836101150915
14,15,383,21.41941727438675
14,15,385,20.93592938491786
14,15,386,20.92763982125083
14,15,387,21.00021817716831
14,15,388,21.180352774968718
14,15,389,21.360323361201406
14,15,392,21.438004409245316
14,15,393,21.222501430178827
14,15,394,20.965080060039945
14,15,396,20.93501311302877
14,15,397,21.1388368080307
14,15,398,21.354947266840682
14,15,399,21.531339284591485
14,15,400,21.60655548941936
14,15,401,21.604294699859825
14,15,402,21.594708541926117
14,15,403,21.60406116960785
14,15,404,21.623002194156747
14,15,405,21.618486631250992
14,15,406,21.531982939749415
14,15,407,21.323465832352706
14,15,408,21.043513995039916
14,15,409,20.778891176191237
14,15,410,20.59854593139531
14,15,411,20.531553726941823
14,15,412,20.569033445018917
14,15,413,20.63833922157913
14,15,414,20.64993058273818
14,15,415,20.54331879114034
14,15,416,20.324600510616488
14,15,417,20.035717249970748
14,15,418,19.748776757035888
14,15,419,19.54834352289174
14,15,420,19.516808986082737
14,15,421,19.688963258358548
14,15,422,20.048441986259178
14,15,423,20.53492450956546
14,15,424,21.049314400748415
14,15,425,21.4653579994166
14,15,426,21.677056664442635
14,15,427,21.65509255357737
14,15,428,21.439280253731166
14,15,429,21.1315495050006
14,15,430,20.861686075696316
14,15,431,20.73995712356248
14,15,432,20.81254100595366
14,15,433,21.061835049879452
14,15,434,21.4099111700989
14,15,435,21.753528580450467
14,15,436,22.003141456583357
14,15,437,22.09877746887083
14,15,438,22.017105486779798
14,15,439,21.785663319223623
14,15,440,21.47165071861615
14,15,441,21.157375767290453
14,15,442,20.91532820966537
14,15,443,20.798827448019694
14,15,444,20.82209327082409
14,15,445,20.963803765393525
14,15,446,21.165390526168633
14,15,447,21.36358643363091
14,15,448,21.517361271411218
14,15,449,21.619147551878793
14,15,450,21.68041870847273
14,15,451,21.726534020868463
14,15,452,21.76238164847226
14,15,453,21.764054715229072
14,15,454,21.693109319782785
14,15,455,21.52271325213458
14,15,456,21.268726276225532
14,15,457,21.003849699702776
14,15,458,20.81945225086836
14,15,459,20.773283193386956
14,15,460,20.864647193464005
14,15,461,21.0193606842597
14,15,462,21.13181371551255
14,15,463,21.120821427442262
14,15,464,20.986634325152142
14,15,465,20.795380494941444
14,15,466,20.653835023836194
14,15,467,20.64679712027355
14,15,468,20.783001309555857
14,15,469,20.977731105169113
14,15,470,21.123544539909634
14,15,471,21.146696999352102
14,15,472,21.03574332235712
14,15,473,20.852826829286126
14,15,474,20.704391740325157
14,15,475,20.671461578207854
14,15,476,20.76358630458312
14,15,477,20.91881481687735
14,15,478,21.04579193007583
14,15,479,21.083021801585087
14,15,480,21.020992472116372
14,15,481,20.8955311471041
14,15,482,20.779625918086353
14,15,483,20.730268269870948
14,15,484,20.76531247563358
14,15,485,20.941440814608942
14,15,486,21.139927841278993
14,15,487,21.318274143003872
14,15,488,21.476850090342158
14,15,489,21.614043062960764
14,15,490,21.72949572369773
14,15,491,21.815658811748918
14,15,492,21.855798908856418
14,15,493,21.83075510100779
14,15,494,21.767808587933164
14,15,495,21.70047613498527
14,15,496,21.648771878692518
14,15,497,21.619971582832257
14,15,498,21.61661510450054
14,15,499,21.627027130331406
14,15,500,21.6511364639408
14,15,501,21.702698763453633
14,15,502,21.78704524745194
14,15,503,21.86262249437977
14,15,504,21.864639302909357
14,15,505,21.73673342002619
14,15,506,21.457288297855804
14,15,507,21.075178025934882
14,15,508,20.72195822660719
14,15,509,20.531176599809676
14,15,510,20.586614528634943
14,15,511,20.90154461970137
14,15,512,21.375339050326446
14,15,513,21.843920502987455
14,15,514,22.178179175130605
14,15,515,22.323501730653117
14,15,516,22.28834651486261
14,15,517,22.168737048593368
14,15,518,22.081716592737834
14,15,519,22.101171214808502
14,15,520,22.216864323122113
14,15,521,22.364794418037004
14,15,522,22.452480949722805
14,15,523,22.397714524262327
14,15,524,22.160539093804978
14,15,525,21.79038726116336
14,15,526,21.401711402583675
14,15,527,21.103572498585986
14,15,528,20.97035483569214
14,15,529,21.030711861095934
14,15,530,21.23794705958315
14,15,531,21.483858239442217
14,15,532,21.670533893751454
14,15,533,21.73551334399497
14,15,534,21.659434185722372
14,15,535,21.462846078440958
14,15,536,21.198938899515518
14,15,537,20.930850406063506
14,15,538,20.716572294705358
14,15,539,20.587564468410292
14,15,540,20.557144342790846
14,15,541,20.628847017964652
14,15,542,20.778788368467538
14,15,543,20.95827988569645
14,15,544,21.11883173741955
14,15,545,21.222890181233062
14,15,546,21.237853320285367
14,15,547,21.15202995778799
14,15,548,20.975850958019272
14,15,549,20.7378296485988
14,15,550,20.480062216540205
14,15,551,20.25758336694589
14,15,552,20.120582457052063
14,15,553,20.102541481373553
14,15,554,20.205947136902964
14,15,555,20.404949271974758
14,15,556,20.64661559833016
14,15,557,20.87203424334639
14,15,558,21.033313730609997
14,15,559,21.107761038894076
14,15,560,21.09514110649506
14,15,561,21.016397470314725
14,15,562,20.90121807054242
14,15,563,20.785073428310984
14,15,564,20.6959241814144
14,15,565,20.64088425508037
14,15,566,20.61274505975341
14,15,567,20.607258819184228
14,15,568,20.617723367373184
14,15,569,20.63650645097755
14,15,570,20.6613053219307
14,15,571,20.68717281480443
14,15,572,20.70068983423659
14,15,573,20.689178457627005
14,15,574,20.649751877359435
14,15,575,20.59833279377117
14,15,576,20.566715785719683
14,15,577,20.582925472641637
14,15,578,20.663546893144062
14,15,579,20.80511618399636
14,15,580,20.97485155097408
14,15,581,21.134135181670022
14,15,582,21.254939053149133
14,15,583,21.314257137373364
14,15,584,21.30041086261052
14,15,585,21.22137911638909
14,15,586,21.086153761639476
14,15,587,20.91542106190563
14,15,588,20.746039425664673
14,15,589,20.61508221698833
14,15,590,20.54457806141822
14,15,591,20.54990983228706
14,15,592,20.624866276424086
14,15,593,20.742977023840037
14,15,594,20.87084954010302
14,15,595,20.982921013644532
14,15,596,21.053678523716506
14,15,597,21.069316996161486
14,15,598,21.03043527262409
14,15,599,20.95288278608535
14,15,600,20.857957304816683
14,15,601,20.767165407136524
14,15,602,20.695804898496046
14,15,603,20.655112619293426
14,15,604,20.642404551916083
14,15,605,20.64509596318885
14,15,606,20.660657650421882
14,15,607,20.68961157341076
14,15,608,20.728782097948095
14,15,609,20.78446094075771
14,15,610,20.8713483651317
14,15,611,20.98481818258412
14,15,612,21.108214422637992
14,15,613,21.22123022212203
14,15,614,21.301127136318783
14,15,615,21.330935522703992
14,15,616,21.31733361515358
14,15,617,21.291028401458092
14,15,618,21.286007488586606
14,15,619,21.32125550130457
14,15,620,21.395313036272047
14,15,621,21.495123099255206
14,15,622,21.587643474904375
14,15,623,21.6381547558632
14,15,624,21.636885290397068
14,15,625,21.592393567910257
14,15,626,21.516611911350306
14,15,627,21.432149403012925
14,15,628,21.370621541283562
14,15,629,21.34570675295693
14,15,630,21.357933711811974
14,15,631,21.389683414269363
14,15,632,21.409848387327486
14,15,633,21.38793562829175
14,15,634,21.305813571644293
14,15,635,21.16001587719158
14,15,636,20.986042922077498
14,15,637,20.843791371018465
14,15,638,20.771808816746578
14,15,639,20.785322906278314
14,15,640,20.88414114856941
14,15,641,21.027695798703377
14,15,642,21.14807552206724
14,15,643,21.199027963360418
14,15,644,21.155688282442284
14,15,645,21.005538835883833
14,15,646,20.763541711442688
14,15,647,20.47515493639484
14,15,648,20.19085096799456
14,15,649,19.962117780273612
14,15,650,19.831724777042755
14,15,651,19.83120637728171
14,15,652,19.967276072323724
14,15,653,20.213064108468775
14,15,654,20.515888059161508
14,15,655,20.820178445513932
14,15,656,21.06655268610791
14,15,657,21.212887150590596
14,15,658,21.248231044794966
14,15,659,21.191851992580865
14,15,660,21.06664804692302
14,15,661,20.91116914628443
14,15,662,20.764557649213792
14,15,663,20.667429587754008
14,15,664,20.650605566832514
14,15,665,20.743745820752213
14,15,666,20.940153344597956
14,15,667,21.21153942031594
14,15,668,21.509504856948496
14,15,669,21.776194972090096
14,15,670,21.951187778239333
14,15,671,22.011410351390545
14,15,672,21.950444236224406
14,15,673,21.781672376730096
14,15,674,21.53727371113257
14,15,675,21.26610893071918
14,15,676,21.01145723472209
14,15,677,20.807715051860278
14,15,678,20.67065440865138
14,15,679,20.599652015260006
14,15,680,20.581443247812814
14,15,681,20.60532681982524
14,15,682,20.67023942304309
14,15,683,20.78265336211604
14,15,684,20.94272589390771
14,15,685,21.13758911018686
14,15,686,21.333198840203274
14,15,687,21.49344770299281
14,15,688,21.58264683447903
14,15,689,21.583949151207783
14,15,690,21.50976100972933
14,15,691,21.388876630709163
14,15,692,21.240243234293292
14,15,693,21.086935849983714
14,15,694,20.956132680498257
14,15,695,20.861883252727754
14,15,696,20.808587861935415
14,15,697,20.802069222263494
14,15,698,20.84099533287575
14,15,699,20.894354732682118
14,15,700,20.93788217784999
14,15,701,20.96929066290263
14,15,702,20.995536775798485
14,15,703,21.018006390171966
14,15,704,21.043687201531178
14,15,705,21.07908149043347
14,15,706,21.120300276075564
14,15,707,21.16972585308277
14,15,708,21.241418177260172
14,15,709,21.35810995704266
14,15,710,21.52410398327399
14,15,711,21.700679253011003
14,15,712,21.826544343580625
14,15,713,21.840409598815864
14,15,714,21.692190097835894
14,15,716,20.827969579803348
14,15,723,21.2163344450369
14,15,724,21.938642864233977
14,15,725,22.71788331883622
14,15,726,23.28177405800856
14,15,727,23.531092894648218
14,15,728,23.39005847785729
14,15,729,22.849413846179946
14,15,730,21.994535681356652
14,15,731,21.021937291099693
14,15,732,20.146714019168662
14,15,733,19.5317724632163
14,15,734,19.27625602660234
14,15,735,19.382704793729463
14,15,736,19.77740355308485
14,15,737,20.330357872292875
14,15,738,20.890460965154027
14,15,739,21.32933139393365
14,15,740,21.593748502745946
14,15,741,21.665015968705347
14,15,742,21.572416696903634
14,15,743,21.38430173957752
14,15,744,21.163628274966204
14,15,745,20.950184610470316
14,15,746,20.800705603020575
14,15,747,20.74603468465073
14,15,748,20.937474135585997
14,15,774,21.348786163390397
14,15,775,21.449454237776116
14,15,776,21.415304247950058
14,15,777,21.397490222059854
14,15,778,21.3078086861896
14,15,779,21.157665355048973
14,15,780,20.98395037757576
14,15,781,20.824407248306475
14,15,782,20.719626632198537
14,15,783,20.71630951143013
14,15,784,20.81653347848582
14,15,785,20.970684570084856
14,15,786,21.127197002859724
14,15,787,21.242843062635274
14,15,788,21.2613914381479
14,15,789,21.17517648022126
14,15,790,21.038039700970486
14,15,791,20.90538013932735
14,15,792,20.83337268372521
14,15,793,20.869883536342286
14,15,794,21.000165745920338
14,15,795,21.171649020467473
14,15,796,21.354747911620407
14,15,797,21.51961678084669
14,15,798,21.642110767456295
14,15,799,21.72529445518808
14,15,800,21.787715650413613
14,15,801,21.83245602679181
14,15,802,21.854529398197403
14,15,803,21.840472911316034
14,15,804,21.778623953176545
14,15,805,21.660887507993742
14,15,806,21.49282984232736
14,15,807,21.31199511462638
14,15,808,21.192643696888663
14,15,809,21.18438140721164
14,15,810,21.278798295962993
14,15,811,21.426411085212383
14,15,812,21.550157192864845
14,15,813,21.55968259849989
14,15,814,21.416542050803056
14,15,815,21.150031697783536
14,15,816,20.814582998717906
14,15,817,20.465954478627996
14,15,818,20.152324815964132
14,15,819,19.908311575160802
14,15,820,19.757630430065465
14,15,821,19.734586845270318
14,15,822,19.859946084901473
14,15,823,20.113733010296727
14,15,824,20.41957579795561
14,15,825,20.7057451216095
14,15,826,20.91107021388511
14,15,827,20.985740175562054
14,15,828,20.922186002417558
14,15,829,20.76685082613561
14,15,830,20.555510324271943
14,15,831,20.321887391438448
14,15,832,20.128629428815664
14,15,833,20.025320563788434
14,15,834,20.030110850034774
14,15,835,20.15534829709473
14,15,836,20.383876645649305
14,15,837,20.64896427232237
14,15,838,20.88734507348139
14,15,839,21.046765686563923
14,15,840,21.08426179697562
14,15,841,20.982564236687814
14,15,842,20.77829777531096
14,15,843,20.541114167488924
14,15,844,20.384836628347458
14,15,845,20.442822150354672
14,15,846,20.821235521194204
14,15,847,21.520082294335516
14,15,848,22.474351988942402
14,15,849,23.147634473034493
14,15,853,20.479168796276298
14,15,854,20.07630009468905
14,15,856,20.652711835670974
14,15,857,21.087397812751018
14,15,858,21.53982567115334
14,15,859,21.88148465389216
14,15,860,21.99804783006695
14,15,861,21.84610122761236
14,15,862,21.476455056228815
14,15,863,21.00557830972169
14,15,864,20.558057912674105
14,15,865,20.21853829105188
14,15,866,20.05490163317841
14,15,867,20.113776421714913
14,15,868,20.404062193182014
14,15,869,20.899022451346774
14,15,870,21.54087556881676
14,15,871,22.215602098934287
14,15,872,22.79955755973847
14,15,873,23.176181820559577
14,15,874,23.260910618964232
14,15,875,23.045649203459917
14,15,876,22.612862200530273
14,15,877,22.086155365926615
14,15,878,21.614803956531546
14,15,879,21.335319674123195
14,15,880,21.30368554549003
14,15,881,21.482897862475493
14,15,882,21.784386122598697
14,15,883,22.086925701479625
14,15,884,22.282252307211095
14,15,885,22.32250670948337
14,15,886,22.229112893396305
14,15,887,22.066842469634075
14,15,888,21.938277989078884
14,15,889,21.941267317406304
14,15,890,22.11387351225715
14,15,891,22.378364254149542
14,15,892,22.646839103651136
14,15,893,22.79812131613306
14,15,894,22.795933251916402
14,15,916,22.449940155733326
14,15,917,22.37968187911733
14,15,918,21.98006954551228
14,15,919,21.357046718215766
14,15,920,20.769422454860354
14,15,921,20.41149929713517
14,15,922,20.33758813196164
14,15,923,20.505374739293433
14,15,924,20.841409145588567
14,15,925,21.257006706942516
14,15,926,21.6504794263627
14,15,927,21.95556038410042
14,15,928,22.167219143489064
14,15,929,22.321351409172756
14,15,930,22.461201795661047
14,15,931,22.61098755321047
14,15,932,22.704811102197706
14,15,933,22.60104519937605
14,15,934,22.1006460116094
14,15,936,20.273926648908628
14,15,937,19.334355924874888
14,15,938,18.508616773086505
14,15,939,18.01300818713364
14,15,940,18.022025611302592
14,15,941,18.538704286226963
14,15,942,19.388075197718916
14,15,943,20.287696639137966
14,15,944,21.042420866563667
14,15,945,21.469960558425488
14,15,946,21.5105974100752
14,15,947,21.247319835026538
14,15,948,20.845498202758986
14,15,949,20.486840985342123
14,15,951,20.21457659654931
14,15,954,20.838392020693128
14,15,955,21.232040752711246
14,15,956,21.595219213845088
14,15,957,21.835674369197505
14,15,958,21.874195987816936
14,15,959,21.67841684952003
14,15,960,21.26950189556389
14,15,961,20.718974873241923
14,15,962,20.11704652161218
14,15,963,19.582138180548917
14,15,964,19.264324410339942
14,15,965,19.28179735377098
14,15,966,19.656665206513274
14,15,967,20.316187993003002
14,15,968,21.11469005020329
14,15,969,21.87491081498447
14,15,970,22.464862572303073
14,15,971,22.843668916856625
14,15,972,23.047180635082388
14,15,973,23.127082017655564
14,15,974,23.14406108194383
14,15,975,23.13750824027141
14,15,976,23.00275115592484
14,15,1001,20.94043618367267
14,15,1002,20.18301196729504
14,15,1003,19.452037546417785
14,15,1004,19.06314974595302
14,15,1005,19.103950523982306
14,15,1006,19.5296203982343
14,15,1007,20.119912197418014
14,15,1008,20.674761799907724
14,15,1009,21.082046085378835
14,15,1010,21.289730859920823
14,15,1011,21.32676396989738
14,15,1012,21.291292622167344
14,15,1013,21.282891623097434
14,15,1014,21.329839059547844
14,15,1015,21.415102205584056
14,15,1016,21.48857972923793
14,15,1017,21.483876757000644
14,15,1018,21.34945878407656
14,15,1019,21.10069885865558
14,15,1020,20.81372788113455
14,15,1021,20.60617036124341
14,15,1022,20.590388882194386
14,15,1023,20.81724801625933
14,15,1024,21.240403375762263
14,15,1025,21.747395967249055
14,15,1026,22.18644929829619
14,15,1027,22.437693891775847
14,15,1028,22.314824168394562
14,15,1029,21.816441368936115
14,15,1030,21.075637793551053
14,15,1031,20.296846834032923
14,15,1032,19.683226955418487
14,15,1033,19.37231462866471
14,15,1034,19.40801423476152
14,15,1035,19.740290914035217
14,15,1036,20.25374985487816
14,15,1037,20.802061351025365
14,15,1038,21.258075863655208
14,15,1039,21.518373341696805
14,15,1040,21.532377613764144
14,15,1041,21.302381920357522
14,15,1042,20.900014427004788
14,15,1043,20.43616057062169
14,15,1044,20.02807192138473
14,15,1045,19.772646910062004
14,15,1046,19.740487599222565
14,15,1047,19.939143917645183
14,15,1048,20.314692297197528
14,15,1049,20.780516877018794
14,15,1050,21.240482170519417
14,15,1051,21.612082953115717
14,15,1052,21.855997855678346
14,15,1053,21.96660509144027
14,15,1054,21.96493990918312
14,15,1055,21.892733297212235
14,15,1056,21.78224083001524
14,15,1057,21.64968716173943
14,15,1058,21.520471301833982
14,15,1059,21.42638217686862
14,15,1060,21.38619931771277
14,15,1061,21.413780564733003
14,15,1062,21.515763289731414
14,15,1063,21.66311915785386
14,15,1064,21.80197080443867
14,15,1065,21.883384254532622
14,15,1066,21.87995044184414
14,15,1067,21.78596851711474
14,15,1068,21.631851175242375
14,15,1069,21.46833183296244
14,15,1070,21.350290210732844
14,15,1071,21.313415550974657
14,15,1072,21.36968724730084
14,15,1073,21.51158942584553
14,15,1074,21.72139448193699
14,15,1075,21.964021388203935
14,15,1076,22.19434340220129
14,15,1077,22.364283119656356
14,15,1078,22.4369235306484
14,15,1079,22.39008400286725
14,15,1080,22.227701870376954
14,15,1081,21.987188281516943
14,15,1082,21.72720110616915
14,15,1083,21.495685516785503
14,15,1084,21.32565260520389
14,15,1085,21.235422670900356
14,15,1086,21.22229870202299
14,15,1087,21.27098094163478
14,15,1088,21.366672909963153
14,15,1089,21.48920397241401
14,15,1090,21.608183780520264
14,15,1091,21.691275435779236
14,15,1092,21.71304268211491
14,15,1093,21.662736953789437
14,15,1094,21.554353349849244
14,15,1095,21.42572684620635
14,15,1096,21.323798835211655
14,15,1097,21.29062598811635
14,15,1098,21.352012757669428
14,15,1099,21.502669627153942
14,15,1100,21.71105165061393
14,15,1101,21.934460563090155
14,15,1102,22.124585866236956
14,15,1103,22.261602566548408
15,16,0,20.318598284505807
15,16,1,20.313728710184687
15,16,2,20.307417608437248
15,16,3,20.30006862981156
15,16,4,20.292172798694512
15,16,5,20.284941361278488
15,16,6,20.279000883373598
15,16,7,20.270910523873702
15,16,8,20.256924838262652
15,16,9,20.23688357605311
15,16,10,20.21120585525683
15,16,11,20.181800980761032
15,16,12,20.153720819249177
15,16,13,20.13251911062363
15,16,14,20.118886044036433
15,16,15,20.112020842036845
15,16,16,20.110535835071172
15,16,17,20.11190007830853
15,16,18,20.113626666376575
15,16,19,20.116170939953417
15,16,20,20.120807165447292
15,16,21,20.127392510151928
15,16,22,20.136063211831114
15,16,23,20.146658037008113
15,16,24,20.157491532451086
15,16,25,20.16557594888969
15,16,26,20.16977948865714
15,16,27,20.169812619897463
15,16,28,20.166592423402292
15,16,29,20.16218671562673
15,16,30,20.159178315566283
15,16,31,20.159133952018603
15,16,32,20.163055401097246
15,16,33,20.16996161225411
15,16,34,20.177674173595594
15,16,35,20.184798820778195
15,16,36,20.190242049744118
15,16,37,20.192317571934268
15,16,38,20.191007403587605
15,16,39,20.188126614054386
15,16,40,20.185816673933697
15,16,41,20.184861705105543
15,16,42,20.18543068293378
15,16,43,20.187555245694497
15,16,44,20.190875110897725
15,16,45,20.194240402081757
15,16,46,20.19875613485085
15,16,47,20.20583670967997
15,16,48,20.215121341472194
15,16,49,20.224751785204266
15,16,50,20.232860909494768
15,16,51,20.237016902328172
15,16,52,20.236276938303973
15,16,53,20.23103346616616
15,16,54,20.222978502643585
15,16,55,20.214381352411163
15,16,56,20.208560011855575
15,16,57,20.208132560079797
15,16,58,20.215290280084176
15,16,59,20.230782408904137
15,16,60,20.253731015748713
15,16,61,20.279889208017625
15,16,62,20.30547521836049
15,16,63,20.326987798311645
15,16,64,20.341765974138646
15,16,65,20.348764521057703
15,16,66,20.349898073496878
15,16,67,20.346958506637574
15,16,68,20.34370162801567
15,16,69,20.344246386486788
15,16,70,20.351029993061744
15,16,71,20.364493001527435
15,16,72,20.383223903797145
15,16,73,20.403211869322387
15,16,74,20.421565476528126
15,16,75,20.438232215723982
15,16,76,20.454296858231338
15,16,77,20.47132925314659
15,16,78,20.490005005365326
15,16,79,20.50764664501298
15,16,80,20.517498159981614
15,16,81,20.514059356344198
15,16,82,20.494683093347756
15,16,83,20.460380146922844
15,16,84,20.416190111259667
15,16,85,20.37184511767099
15,16,86,20.334364494426655
15,16,87,20.307280118835777
15,16,88,20.291388638426888
15,16,89,20.285315476679383
15,16,90,20.285282937939805
15,16,91,20.28889163908975
15,16,92,20.29672906759598
15,16,93,20.309493393671286
15,16,94,20.326658754685877
15,16,95,20.346720936954824
15,16,96,20.368254812064837
15,16,97,20.387064067724204
15,16,98,20.40035366131713
15,16,99,20.40839890294819
15,16,100,20.413140914840085
15,16,101,20.41445968736637
15,16,102,20.41386083000321
15,16,103,20.412298200763185
15,16,104,20.408941233222027
15,16,105,20.40218324502641
15,16,106,20.393740919705156
15,16,107,20.384847053546263
15,16,108,20.375698918142053
15,16,109,20.36580276209164
15,16,110,20.354766210587183
15,16,111,20.342533433821938
15,16,112,20.3299266763197
15,16,113,20.317943849120056
15,16,114,20.308616575583827
15,16,115,20.305772662661493
15,16,116,20.31064508755531
15,16,117,20.322043159568278
15,16,118,20.33850065305045
15,16,119,20.357666223485893
15,16,120,20.374021524751992
15,16,121,20.382188153264583
15,16,122,20.379998676858985
15,16,123,20.366853282814976
15,16,124,20.343181348384377
15,16,125,20.312445268836594
15,16,126,20.280365180145047
15,16,127,20.251519605433206
15,16,128,20.2318571309412
15,16,129,20.227693971962225
15,16,130,20.24198627861506
15,16,131,20.272353630522826
15,16,132,20.31227387005321
15,16,133,20.351863343235113
15,16,134,20.38180159310283
15,16,135,20.397156382593213
15,16,136,20.399358760845214
15,16,137,20.395001870316076
15,16,138,20.390370912981638
15,16,139,20.388138519396087
15,16,140,20.385586537591607
15,16,141,20.376597208416648
15,16,142,20.355645415158452
15,16,143,20.321837947211602
15,16,144,20.278863411613337
15,16,145,20.23443791870362
15,16,146,20.19721325315425
15,16,147,20.17286645671685
15,16,148,20.162359423172884
15,16,149,20.163210130816477
15,16,150,20.170159837705487
15,16,151,20.17482685997215
15,16,152,20.167341245392592
15,16,153,20.143157904081775
15,16,154,20.10182168240464
15,16,155,20.047304961222174
15,16,156,19.989111955390594
15,16,157,19.94115444209705
15,16,158,19.909616908809824
15,16,159,19.895057155920856
15,16,160,19.892777388557693
15,16,161,19.895565541610914
15,16,162,19.895745401093613
15,16,163,19.893169730148003
15,16,164,19.893977651329227
15,16,165,19.90557404420404
15,16,166,19.933186798896333
15,16,167,19.978331438940604
15,16,168,20.035731040392644
15,16,169,20.09361438624783
15,16,170,20.1439294967163
15,16,171,20.182794359131258
15,16,172,20.20918735175621
15,16,173,20.225625124341384
15,16,174,20.23634655215354
15,16,175,20.242550802810023
15,16,176,20.24367747000694
15,16,177,20.239018080427606
15,16,178,20.228908003574187
15,16,179,20.215403198678594
15,16,180,20.200249984146094
15,16,181,20.183573330488638
15,16,182,20.165981426370717
15,16,183,20.147305523200323
15,16,184,20.127763832636642
15,16,185,20.108222673236064
15,16,186,20.092009284866958
15,16,187,20.080620347028933
15,16,188,20.07350116878632
15,16,189,20.068430661551904
15,16,190,20.064229683436583
15,16,191,20.059145400461578
15,16,192,20.052612376631057
15,16,193,20.045858504400446
15,16,194,20.04135257943768
15,16,195,20.040998627694005
15,16,196,20.04590040243763
15,16,197,20.056071883305044
15,16,198,20.071572581435177
15,16,199,20.092719477932892
15,16,200,20.11980764378212
15,16,201,20.15145143274294
15,16,202,20.185320425541207
15,16,203,20.218426942471236
15,16,204,20.246782577032615
15,16,205,20.264775357346032
15,16,206,20.27026959735196
15,16,207,20.264989653543715
15,16,208,20.251562658104774
15,16,209,20.233009864808587
15,16,210,20.21508618170812
15,16,211,20.20272109237621
15,16,212,20.198194947822145
15,16,213,20.20148906096634
15,16,214,20.211290811349638
15,16,215,20.224236816993997
15,16,216,20.23565582432848
15,16,217,20.24154541572102
15,16,218,20.242529799728654
15,16,219,20.241221288436247
15,16,220,20.24018667924326
15,16,221,20.242029702292854
15,16,222,20.24881540754977
15,16,223,20.258343198277323
15,16,224,20.266828209475957
15,16,225,20.27165592600948
15,16,226,20.27116343850305
15,16,227,20.264030713165347
15,16,228,20.250725652121158
15,16,229,20.233715883821482
15,16,230,20.214935696745233
15,16,231,20.19582511469333
15,16,232,20.177721771273408
15,16,233,20.16142757773576
15,16,234,20.14625458683439
15,16,235,20.131541559568294
15,16,236,20.11709958099376
15,16,237,20.10382507538667
15,16,238,20.093060697086873
15,16,239,20.086149672832967
15,16,240,20.084015529602535
15,16,241,20.086244217422706
15,16,242,20.09122223271563
15,16,243,20.097123263945473
15,16,244,20.102532887772412
15,16,245,20.106903283723902
15,16,246,20.111679635918826
15,16,247,20.118773609063343
15,16,248,20.130357216899874
15,16,249,20.147892735461213
15,16,250,20.17186249476373
15,16,251,20.200310714793147
15,16,252,20.22940872919153
15,16,253,20.254441853597744
15,16,254,20.27175834175502
15,16,255,20.279577577140106
15,16,256,20.279245010370204
15,16,257,20.274282709746206
15,16,258,20.2665213858369
15,16,259,20.249389037961162
15,16,260,20.19972837408642
15,16,261,19.991968688288978
15,16,262,19.83514468142636
15,16,271,23.73973519099399
15,16,277,23.152990951874035
15,16,279,22.691042727329055
15,16,280,22.10111205274746
15,16,286,20.76189238879223
15,16,287,20.454721057523376
15,16,288,20.351749225547294
15,16,289,20.27125402707719
15,16,290,20.280537201445448
15,16,291,20.41288676272806
15,16,292,20.675590364036697
15,16,293,20.997144881035254
15,16,294,21.242228690786845
15,16,295,21.320991826982
15,16,296,21.242679375313404
15,16,297,21.04194170655976
15,16,298,20.798109592524103
15,16,299,20.601532381006955
15,16,300,20.503623055055726
15,16,301,20.480814128392108
15,16,302,20.498736830076975
15,16,303,20.526894250030647
15,16,304,20.545648471176374
15,16,305,20.538408100695996
15,16,306,20.52469516586643
15,16,307,20.528823145852726
15,16,308,20.553019268543615
15,16,309,20.59211707130455
15,16,310,20.64041377165837
15,16,311,20.668976197983227
15,16,312,20.65561130235269
15,16,313,20.6072945703857
15,16,314,20.538057781351966
15,16,315,20.46441120984395
15,16,316,20.415083065453835
15,16,317,20.406196071038973
15,16,318,20.41613188601573
15,16,319,20.427556049124615
15,16,320,20.446935742518523
15,16,321,20.475601859247455
15,16,322,20.518419288360327
15,16,323,20.60320680416244
15,16,324,20.73998914173778
15,16,325,20.901550307521415
15,16,326,21.05791498711607
15,16,327,21.18301532629609
15,16,328,21.24882576572529
15,16,329,21.2409334997459
15,16,330,21.171363338583294
15,16,331,21.060702314971632
15,16,332,20.925672210801
15,16,333,20.77906283097503
15,16,334,20.63062455630214
15,16,335,20.48176088100298
15,16,336,20.340792783681966
15,16,337,20.22660219058934
15,16,338,20.159977383253665
15,16,339,20.158953978357957
15,16,340,20.233318849457792
15,16,341,20.368411107251355
15,16,342,20.5314975387713
15,16,343,20.68865328559251
15,16,344,20.807896805773915
15,16,345,20.8669352582153
15,16,346,20.86292148205459
15,16,347,20.80872830468668
15,16,348,20.723978045101692
15,16,349,20.630821866905276
15,16,350,20.548860341441163
15,16,351,20.490679626913526
15,16,352,20.46125694132086
15,16,353,20.461073650268002
15,16,354,20.48454563379327
15,16,355,20.519832148069472
15,16,356,20.553700329422796
15,16,357,20.577745842668243
15,16,358,20.581418203654184
15,16,359,20.560960441630005
15,16,360,20.523338633434523
15,16,361,20.48413611572861
15,16,362,20.454254515913117
15,16,363,20.44325910718867
15,16,364,20.45407163420812
15,16,365,20.484080298281132
15,16,366,20.522328955628836
15,16,367,20.556630264592176
15,16,368,20.579391914660018
15,16,369,20.58741872885231
15,16,370,20.577746048012926
15,16,371,20.55445963271821
15,16,372,20.53539807264344
15,16,373,20.538309211464167
15,16,374,20.57754039725082
15,16,375,20.661628285738203
15,16,376,20.791118142467067
15,16,377,20.954367426463552
15,16,378,21.131202017003794
15,16,379,21.296559508459282
15,16,380,21.435155919156685
15,16,381,21.53725855503591
15,16,382,21.594709437085353
15,16,383,21.618885336276314
15,16,384,21.644516652182837
15,16,385,21.725736287806292
15,16,386,21.827451709092383
15,16,387,21.94466208043682
15,16,388,22.07609217921407
15,16,389,22.21113441047829
15,16,390,22.321938557363843
15,16,391,22.42204299461541
15,16,392,22.513978415434146
15,16,393,22.57472266174286
15,16,394,22.599639421706957
15,16,395,22.593157315902005
15,16,396,22.55240310460125
15,16,397,22.418235087306506
15,16,398,22.195823610502426
15,16,399,21.934476234111415
15,16,400,21.701371777271582
15,16,401,21.577466234375983
15,16,402,21.629551576812588
15,16,403,21.8543496018034
15,16,404,22.175006752825276
15,16,405,22.47583848052588
15,16,406,22.635912455109416
15,16,407,22.584341616808562
15,16,408,22.33095416627658
15,16,409,21.960083083385644
15,16,410,21.586458618247097
15,16,411,21.31629961363109
15,16,412,21.204336823122112
15,16,413,21.25378073929987
15,16,414,21.426179113686864
15,16,415,21.662814319618224
15,16,416,21.90615528248554
15,16,417,22.119491206219937
15,16,418,22.271030518905896
15,16,419,22.344674348650766
15,16,420,22.353836449305028
15,16,421,22.329024945462454
15,16,422,22.308890775595938
15,16,423,22.329697109139797
15,16,424,22.41311597106728
15,16,425,22.55321481381583
15,16,426,22.721431374895882
15,16,427,22.864536261924393
15,16,428,22.943118372668433
15,16,429,22.935198422994674
15,16,430,22.841462734364665
15,16,431,22.688451050847625
15,16,432,22.513192060001742
15,16,433,22.344479836657563
15,16,434,22.20883965813104
15,16,435,22.119027056060347
15,16,436,22.058130914173397
15,16,437,22.014651152266353
15,16,438,21.97700335326565
15,16,439,21.935603806219664
15,16,440,21.882271450126392
15,16,441,21.82907490514477
15,16,442,21.789882255141787
15,16,443,21.775617638464503
15,16,444,21.780391993012085
15,16,445,21.800689960177223
15,16,446,21.829115297133974
15,16,447,21.850798826215453
15,16,448,21.867097581632777
15,16,449,21.89093925694004
15,16,450,21.93054783124539
15,16,451,21.981925440189205
15,16,452,22.02886102004597
15,16,453,22.028104588047338
15,16,454,21.94611173598854
15,16,455,21.76963008024139
15,16,456,21.5221786502228
15,16,457,21.262642123594027
15,16,458,21.06460040301204
15,16,459,20.972602956645883
15,16,460,20.990164211928366
15,16,461,21.06795989649172
15,16,462,21.132042078116594
15,16,463,21.129812526649157
15,16,464,21.052453030813677
15,16,465,20.936914707927446
15,16,466,20.85800714146929
15,16,467,20.888281744162008
15,16,468,21.045779413597163
15,16,469,21.286517834477216
15,16,470,21.520800265158925
15,16,471,21.666159935601268
15,16,472,21.678209093770676
15,16,473,21.573102454210808
15,16,474,21.41085483487637
15,16,475,21.27383264054735
15,16,476,21.19812268729221
15,16,477,21.16785155094993
15,16,478,21.14963676367701
15,16,479,21.127346276339356
15,16,480,21.104383230280366
15,16,481,21.116269919508554
15,16,482,21.221160312238954
15,16,483,21.33103005628779
15,16,485,21.779829959352284
15,16,486,22.027291815541957
15,16,487,22.08099994300891
15,16,488,22.057134703489062
15,16,489,22.011204904223895
15,16,490,22.00585722140634
15,16,491,22.07000646379595
15,16,492,22.183046642931224
15,16,493,22.30747162306872
15,16,494,22.40153968945963
15,16,495,22.44340924709477
15,16,496,22.434570556381647
15,16,497,22.383731414131184
15,16,498,22.303196590208636
15,16,499,22.220923538168194
15,16,500,22.168555109249006
15,16,501,22.177215096743367
15,16,502,22.261417973634824
15,16,503,22.39995277040069
15,16,504,22.538123040536014
15,16,505,22.62444186301151
15,16,506,22.607573956333216
15,16,507,22.479276714467225
15,16,508,22.288524456102785
15,16,509,22.1094369237308
15,16,510,21.994181946600538
15,16,511,21.976491732630173
15,16,512,22.040848808109015
15,16,513,22.129526446033935
15,16,514,22.182178866303634
15,16,515,22.1645176057147
15,16,516,22.06908008891079
15,16,517,21.927583667765358
15,16,518,21.786756331136115
15,16,519,21.68193108955983
15,16,520,21.620380824245803
15,16,521,21.596872022575422
15,16,522,21.58981749712241
15,16,523,21.578011111082798
15,16,524,21.547373166583295
15,16,525,21.509667825290467
15,16,526,21.479523959496348
15,16,527,21.462881176068656
15,16,528,21.456222333228006
15,16,529,21.45921300087893
15,16,530,21.460461152654908
15,16,531,21.44353543059169
15,16,532,21.402416394519307
15,16,533,21.34198484535367
15,16,534,21.272102622184033
15,16,535,21.202166694622502
15,16,536,21.13773509612914
15,16,537,21.08575881060632
15,16,538,21.053285142160533
15,16,539,21.036004523738924
15,16,540,21.02765716459519
15,16,541,21.027067753609515
15,16,542,21.022593550476852
15,16,543,21.0012005909754
15,16,544,20.958767613295166
15,16,545,20.901409998452674
15,16,546,20.83262818711308
15,16,547,20.76605355834705
15,16,548,20.70702680268617
15,16,549,20.65635576255863
15,16,550,20.602000470060243
15,16,551,20.54711572690896
15,16,552,20.496264263093952
15,16,553,20.45944938807714
15,16,554,20.441426218101924
15,16,555,20.455024134668417
15,16,556,20.49413203143796
15,16,557,20.544992415593857
15,16,558,20.593226943744217
15,16,559,20.631290140547296
15,16,560,20.651117354780023
15,16,561,20.653305467908055
15,16,562,20.64457512083151
15,16,563,20.63347314065665
15,16,564,20.628094610588185
15,16,565,20.627648472716942
15,16,566,20.626004734558524
15,16,567,20.61887744717933
15,16,568,20.6112127533147
15,16,569,20.60945633600335
15,16,570,20.624431990164695
15,16,571,20.660803455864365
15,16,572,20.710723620241417
15,16,573,20.76085122457638
15,16,574,20.797219652322397
15,16,575,20.816139495150267
15,16,576,20.82821435119817
15,16,577,20.84935759922925
15,16,578,20.886750990829785
15,16,579,20.946668419341236
15,16,580,21.028940527735752
15,16,581,21.129304695950303
15,16,582,21.242820252618163
15,16,583,21.358316126918595
15,16,584,21.459889556560608
15,16,585,21.52321569690374
15,16,586,21.527238559236057
15,16,587,21.472456553153236
15,16,588,21.38474065693501
15,16,589,21.294341694993197
15,16,590,21.240445287886725
15,16,591,21.258935704862697
15,16,592,21.363602043063164
15,16,593,21.543448028227743
15,16,594,21.776903894920046
15,16,595,22.032592258268213
15,16,596,22.268345876771907
15,16,597,22.43946662457778
15,16,598,22.52371960083375
15,16,599,22.516230614967302
15,16,600,22.424974108660155
15,16,601,22.274920779583553
15,16,602,22.104800716855934
15,16,603,21.939556099684353
15,16,604,21.793064899428295
15,16,605,21.668492882498455
15,16,606,21.562398487503486
15,16,607,21.464946487201853
15,16,608,21.37311184578351
15,16,609,21.29693933230685
15,16,610,21.253830519179964
15,16,611,21.249777151480586
15,16,612,21.284498345564327
15,16,613,21.347240176944528
15,16,614,21.413075709399234
15,16,615,21.45145547233846
15,16,616,21.444386425151027
15,16,617,21.385753181189394
15,16,618,21.27589929405598
15,16,619,21.12233760281511
15,16,620,20.95148107382251
15,16,621,20.795843218565306
15,16,622,20.675903393730525
15,16,623,20.61362558865258
15,16,624,20.622132227393795
15,16,625,20.68932921180726
15,16,626,20.79938728421678
15,16,627,20.947379946565505
15,16,628,21.125820091180607
15,16,629,21.33439858549514
15,16,630,21.569665423235932
15,16,631,21.80133839521381
15,16,632,21.987272412089162
15,16,633,22.093633167007823
15,16,634,22.094182589063497
15,16,635,21.98940299192823
15,16,636,21.809914092271647
15,16,637,21.59941018482783
15,16,638,21.39660737457281
15,16,639,21.233042676845646
15,16,640,21.12082154500995
15,16,641,21.064109385128585
15,16,642,21.064446166085922
15,16,643,21.121992957690793
15,16,644,21.225869999000054
15,16,645,21.36505479960097
15,16,646,21.525509450004776
15,16,647,21.677581767238586
15,16,648,21.783918726602902
15,16,649,21.823161678690347
15,16,650,21.788014311115052
15,16,651,21.69226122028611
15,16,652,21.574572510086018
15,16,653,21.478156342320148
15,16,654,21.430551888485383
15,16,655,21.43827531737984
15,16,656,21.47633676255298
15,16,657,21.50764603499191
15,16,658,21.510887504593942
15,16,659,21.483261087445534
15,16,660,21.435021068027762
15,16,661,21.382589288403164
15,16,662,21.337287478421644
15,16,663,21.293184486422575
15,16,664,21.238133978279492
15,16,665,21.172686436154933
15,16,666,21.113324817009516
15,16,667,21.082013713026956
15,16,668,21.10194690371528
15,16,669,21.194501255742882
15,16,670,21.345088117777284
15,16,671,21.510453580658563
15,16,672,21.64034478489635
15,16,673,21.702651394714938
15,16,674,21.66080695556921
15,16,675,21.49939969762358
15,16,676,21.24626337145494
15,16,677,20.951666253432744
15,16,678,20.642447470842207
15,16,679,20.354427268985464
15,16,680,20.142830227752622
15,16,681,20.03102642543391
15,16,682,20.014376560627348
15,16,683,20.096731996680624
15,16,684,20.26149062661731
15,16,685,20.457143319272614
15,16,686,20.644674284610968
15,16,687,20.795464784336865
15,16,688,20.87481876943291
15,16,689,20.867445491879018
15,16,690,20.78566958484544
15,16,691,20.642755573973055
15,16,692,20.458409016345765
15,16,693,20.258179540666802
15,16,694,20.06947248349657
15,16,695,19.91911338933097
15,16,696,19.83021643181324
15,16,697,19.81707486692716
15,16,698,19.889176617212716
15,16,699,20.036849659502398
15,16,700,20.232616689536894
15,16,701,20.44832902181181
15,16,702,20.659206683835368
15,16,703,20.845365262732876
15,16,704,20.998456924033096
15,16,705,21.11495532581605
15,16,706,21.196729740090877
15,16,707,21.24954108955475
15,16,708,21.279273234620334
15,16,709,21.296385505493966
15,16,710,21.31903602467779
15,16,711,21.345717492112765
15,16,712,21.380631193513732
15,16,713,21.446530239827858
15,16,714,21.566075664993853
15,16,715,21.738182720205646
15,16,716,21.974559775436866
15,16,717,22.278564340098647
15,16,718,22.570999217618898
15,16,719,22.750416292172403
15,16,720,22.748068207882447
15,16,721,22.536730494234156
15,16,722,22.151799746311603
15,16,723,21.694630356745826
15,16,724,21.366785298846388
15,16,725,21.225121374572133
15,16,726,21.253043242992607
15,16,727,21.388820781277726
15,16,728,21.54652744580185
15,16,729,21.645906010083863
15,16,730,21.641211330183918
15,16,731,21.532164767927203
15,16,732,21.349535990979003
15,16,733,21.134802897891333
15,16,734,20.918744076705558
15,16,735,20.714880004854297
15,16,736,20.54599017436212
15,16,737,20.43986955036087
15,16,738,20.4044767764083
15,16,739,20.44343776165004
15,16,740,20.587119208828362
15,16,741,20.843354647000098
15,16,742,21.176439111552384
15,16,743,21.52651685528556
15,16,744,21.84234606611481
15,16,745,22.05276581827444
15,16,746,22.09488697663471
15,16,747,21.98490763214028
15,16,748,21.795228576499404
15,16,749,21.54609276391311
15,16,750,21.279417404268468
15,16,751,21.067749265819874
15,16,752,20.937563628378626
15,16,753,20.8886977016966
15,16,754,20.941199058428623
15,16,755,21.08067250031381
15,16,756,21.237638357769427
15,16,757,21.34981305783059
15,16,758,21.3716517574408
15,16,759,21.275804252285347
15,16,760,21.084278562681206
15,16,761,20.86084218936008
15,16,762,20.654570898870393
15,16,763,20.503348089642216
15,16,764,20.419669257031583
15,16,765,20.362209911972506
15,16,766,20.29417963264433
15,16,767,20.211022706375392
15,16,768,20.097314642445514
15,16,769,19.951433771353553
15,16,770,19.840153240257735
15,16,771,19.81600304268683
15,16,772,19.891567834802164
15,16,773,20.07617010755448
15,16,774,20.36419796269285
15,16,775,20.70163018561699
15,16,776,21.028023780707315
15,16,777,21.29144338973748
15,16,778,21.443030071970178
15,16,779,21.458658703386305
15,16,780,21.353998589439602
15,16,781,21.17560339493332
15,16,782,20.971735580046058
15,16,783,20.775697058602745
15,16,784,20.613615292259176
15,16,785,20.496101206245736
15,16,786,20.43503904136434
15,16,787,20.438635521230108
15,16,788,20.502634360489957
15,16,789,20.609201429109163
15,16,790,20.73978810382192
15,16,791,20.864957852290168
15,16,792,20.960285166367278
15,16,793,21.008418880951524
15,16,794,21.00104724200857
15,16,795,20.947667610562394
15,16,796,20.86938722798481
15,16,797,20.78840668988564
15,16,798,20.730528953703388
15,16,799,20.712306872329705
15,16,800,20.732712875627076
15,16,801,20.795042709531806
15,16,802,20.904505365353486
15,16,803,21.062881910249644
15,16,804,21.275813101853625
15,16,805,21.530803601569232
15,16,806,21.787700736234132
15,16,807,21.991620033801166
15,16,808,22.09176256441007
15,16,809,22.04717041605678
15,16,810,21.861580211947242
15,16,811,21.57757802544373
15,16,812,21.267264232848728
15,16,813,21.008075543334563
15,16,814,20.852978947783164
15,16,815,20.81575000138012
15,16,816,20.863716191588757
15,16,817,20.920525018308034
15,16,818,20.910844192266133
15,16,819,20.801999775234982
15,16,820,20.5839564731448
15,16,821,20.298676519500354
15,16,822,20.035507085879573
15,16,823,19.862804645467307
15,16,824,19.80348610536817
15,16,825,19.874341790535066
15,16,826,20.056085985883914
15,16,827,20.289475425715402
15,16,828,20.523623155861895
15,16,829,20.724290895320884
15,16,830,20.851246700905122
15,16,831,20.878124311466816
15,16,832,20.802616163860897
15,16,833,20.646369214645222
15,16,834,20.445429788163686
15,16,835,20.249291290870673
15,16,836,20.105970739465075
15,16,837,20.053684952434942
15,16,838,20.092620390715453
15,16,839,20.202068064905077
15,16,840,20.34758611678508
15,16,841,20.487018561276383
15,16,842,20.57730858146584
15,16,843,20.604822641421475
15,16,844,20.573981402694667
15,16,845,20.51823217970557
15,16,846,20.50975557191509
15,16,847,20.62118777438434
15,16,848,20.874189691921213
15,16,849,21.201845517087623
15,16,850,21.516186933143572
15,16,851,21.782117289504807
15,16,852,21.933297369289022
15,16,853,21.95770722023003
15,16,854,21.943193076922984
15,16,855,21.841898401055793
15,16,856,21.61012574275867
15,16,857,21.27036633325248
15,16,858,20.839385640330335
15,16,859,20.363706626001782
15,16,860,19.878889229608646
15,16,861,19.42950158884939
15,16,862,19.129787989970623
15,16,863,19.01168584703132
15,16,864,19.053563816409724
15,16,865,19.206846399249052
15,16,866,19.42722293658126
15,16,867,19.65623709100292
15,16,868,19.859160642128177
15,16,869,20.048142452860855
15,16,870,20.251041286328807
15,16,871,20.46500263187975
15,16,872,20.694783805349005
15,16,873,20.933619830185926
15,16,874,21.151103507741382
15,16,875,21.300459229260095
15,16,876,21.368426500436193
15,16,877,21.36380896908601
15,16,878,21.313039246599605
15,16,879,21.24358173397336
15,16,880,21.201365621690243
15,16,881,21.20552978031179
15,16,882,21.23708021486944
15,16,883,21.256659381325058
15,16,884,21.238246888295365
15,16,885,21.16621246133602
15,16,886,21.04263443449836
15,16,887,20.900721176309062
15,16,888,20.790639258581812
15,16,889,20.766617183620173
15,16,890,20.851181470904727
15,16,891,21.026446962033237
15,16,892,21.223706151730223
15,16,893,21.366473276684108
15,16,894,21.398767184080317
15,16,897,20.53902604607712
15,16,898,20.273479415265754
15,16,900,20.038563481499867
15,16,901,20.053950621323924
15,16,905,21.831177685011355
15,16,906,22.392044357066908
15,16,908,22.375314716152744
15,16,909,22.4814301381386
15,16,910,22.653763694003747
15,16,911,22.803882579250274
15,16,912,22.916555800932606
15,16,913,22.97855175012191
15,16,914,22.947183608892427
15,16,915,22.765730638085856
15,16,916,22.457142202252886
15,16,917,22.160208092697154
15,16,918,21.8521739338764
15,16,919,21.537765919485608
15,16,920,21.2717494523393
15,16,921,21.09468023990248
15,16,922,21.026010752826448
15,16,923,20.98825507391825
15,16,924,20.95431715222734
15,16,925,20.917100303110754
15,16,926,20.894690097546807
15,16,927,20.90337859181529
15,16,928,20.95592972706748
15,16,929,21.060499426767503
15,16,930,21.233189459368653
15,16,931,21.475234369060022
15,16,932,21.780262320008042
15,16,933,22.10432510426327
15,16,934,22.361568975907616
15,16,935,22.464593500727126
15,16,936,22.41532241969272
15,16,937,22.173331539080223
15,16,938,21.771117682601517
15,16,939,21.31630034641682
15,16,940,20.931056076962697
15,16,941,20.692130238885866
15,16,942,20.5580740232988
15,16,944,20.687460580710617
15,16,945,20.899478594943574
15,16,946,20.958550640737986
15,16,947,20.91578820521213
15,16,948,20.853157419546456
15,16,952,21.098940174970824
15,16,953,21.2014170373309
15,16,954,21.26991541252227
15,16,955,21.396205917603282
15,16,956,21.539093632716554
15,16,957,21.664593962015463
15,16,958,21.703549879613572
15,16,959,21.604168301541367
15,16,960,21.3592499956538
15,16,961,20.99818910895933
15,16,962,20.58988492671944
15,16,963,20.222466089232967
15,16,964,19.95871145456416
15,16,965,19.81772704432444
15,16,966,19.790089041781087
15,16,967,19.840857954474
15,16,968,19.936234365102923
15,16,969,20.05027009869998
15,16,970,20.18512136540131
15,16,971,20.370745683446078
15,16,972,20.660681267580816
15,16,973,21.06579040672758
15,16,974,21.53825935184084
15,16,975,22.03785763555632
15,16,976,22.347989407238064
15,16,983,21.48927766452775
15,16,987,21.53406616043523
15,16,988,21.830769405717806
15,16,991,20.964242898735307
15,16,995,20.569931292761826
15,16,996,20.499949215500386
15,16,997,20.52164425026565
15,16,998,20.558655656450522
15,16,999,20.618187398658012
15,16,1000,20.63158287675795
15,16,1001,20.62449131135076
15,16,1002,20.61844195364485
15,16,1003,20.654728904258214
15,16,1004,20.731733492270873
15,16,1005,20.871321189064574
15,16,1006,21.017049992267022
15,16,1007,21.055057836805013
15,16,1008,20.9485947083163
15,16,1009,20.724469594646735
15,16,1010,20.4446816972482
15,16,1011,20.19601389363911
15,16,1012,20.067416566236794
15,16,1013,20.108977398878864
15,16,1014,20.306213201440972
15,16,1015,20.59575518023971
15,16,1016,20.909073818379586
15,16,1017,21.172265263559808
15,16,1018,21.325347581851513
15,16,1019,21.34563747957518
15,16,1020,21.248050776254527
15,16,1021,21.046381967026367
15,16,1022,20.769449373177117
15,16,1023,20.456767339821624
15,16,1024,20.13015932855297
15,16,1025,19.78114411550808
15,16,1027,19.77382369890348
15,16,1028,20.094605424397976
15,16,1029,20.332476949903338
15,16,1030,20.489808912610506
15,16,1031,20.54402120765394
15,16,1032,20.490427985082597
15,16,1033,20.367791084548085
15,16,1034,20.201141247163434
15,16,1035,20.020352921119855
15,16,1036,19.85636471363931
15,16,1037,19.737542383243028
15,16,1038,19.668363861214406
15,16,1039,19.651414159939577
15,16,1040,19.686365934224472
15,16,1041,19.76971887464328
15,16,1042,19.893841379557212
15,16,1043,20.046352670255967
15,16,1044,20.20758283485517
15,16,1045,20.346498306515585
15,16,1046,20.432377087906115
15,16,1047,20.447756884303185
15,16,1048,20.39735771317068
15,16,1049,20.299818570399896
15,16,1050,20.191056310810293
15,16,1051,20.12060942638097
15,16,1052,20.118959042255806
15,16,1053,20.190373050758
15,16,1054,20.33213590839763
15,16,1055,20.526740699437568
15,16,1056,20.72710948167786
15,16,1057,20.886844293539582
15,16,1058,20.98243180931539
15,16,1059,21.00280954925955
15,16,1060,20.94864317511466
15,16,1061,20.845428814884222
15,16,1062,20.73485873045753
15,16,1063,20.644619859384026
15,16,1064,20.592449906598663
15,16,1065,20.59138801214462
15,16,1066,20.637640719623192
15,16,1067,20.711650339326592
15,16,1068,20.797316665194174
15,16,1069,20.87875296423847
15,16,1070,20.93842271386957
15,16,1071,20.96836161644549
15,16,1072,20.96619427435329
15,16,1073,20.933177575273874
15,16,1074,20.87809935912205
15,16,1075,20.815776332602415
15,16,1076,20.760937725224064
15,16,1077,20.727041643247922
15,16,1078,20.71898664057468
15,16,1079,20.731900816590986
15,16,1080,20.7546181140534
15,16,1081,20.774633542445365
15,16,1082,20.776759057758028
15,16,1083,20.748721117400848
15,16,1084,20.68419901753494
15,16,1085,20.580567259715636
15,16,1086,20.44455392714287
15,16,1087,20.297655087169534
15,16,1088,20.16599174061381
15,16,1089,20.074668068054624
15,16,1090,20.044148025665386
15,16,1091,20.07726420650826
15,16,1092,20.15889298876071
15,16,1093,20.274260097714034
15,16,1094,20.404137895520417
15,16,1095,20.53138751281036
15,16,1096,20.6450587772106
15,16,1097,20.743113170238637
15,16,1098,20.822466511890298
15,16,1099,20.88221638547859
15,16,1100,20.922091743484586
15,16,1101,20.945896166793872
15,16,1102,20.958198682832137
15,16,1103,20.963154092839424
16,17,0,29.169439040784923
16,17,1,29.151092356827153
16,17,2,29.12953427897765
16,17,3,29.107219103689406
16,17,4,29.088863498474566
16,17,5,29.076630287600228
16,17,6,29.06794695875071
16,17,7,29.058403739353427
16,17,8,29.04710743844415
16,17,9,29.033594403373996
16,17,10,29.01626664077463
16,17,11,28.99611730683191
16,17,12,28.975806847728187
16,17,13,28.95618095526025
16,17,14,28.938665049297384
16,17,15,28.92582888641908
16,17,16,28.919337720962986
16,17,17,28.919273986213668
16,17,18,28.925024574618902
16,17,19,28.93484914878384
16,17,20,28.945997601001896
16,17,21,28.95632731355394
16,17,22,28.963921843948526
16,17,23,28.96845591916817
16,17,24,28.970628250920562
16,17,25,28.971608977064026
16,17,26,28.972069865272783
16,17,27,28.9742914496185
16,17,28,28.978961645990363
16,17,29,28.98709804972169
16,17,30,29.000236844759844
16,17,31,29.01870683375852
16,17,32,29.040340519065964
16,17,33,29.063211633537676
16,17,34,29.083666749895613
16,17,35,29.097238676758256
16,17,36,29.101062770047406
16,17,37,29.094396852078166
16,17,38,29.0777303331541
16,17,39,29.05378221431336
16,17,40,29.026565957445396
16,17,41,28.999746493301213
16,17,42,28.975374566675484
16,17,43,28.95493278598571
16,17,44,28.94016956394803
16,17,45,28.931053493194263
16,17,46,28.926957723659683
16,17,47,28.92865364141703
16,17,48,28.936259955497416
16,17,49,28.947398038568263
16,17,50,28.961668651811056
16,17,51,28.978817051756497
16,17,52,28.996721403383827
16,17,53,29.01386770239419
16,17,54,29.03047837702033
16,17,55,29.045818326656338
16,17,56,29.05951294636341
16,17,57,29.072067887519477
16,17,58,29.08420581078444
16,17,59,29.09602767736247
16,17,60,29.10830915440914
16,17,61,29.12239101349213
16,17,62,29.139629902489595
16,17,63,29.15988621221053
16,17,64,29.18238751860776
16,17,65,29.204347865943333
16,17,66,29.221639203864015
16,17,67,29.22995710739695
16,17,68,29.226589127746692
16,17,69,29.21243888224163
16,17,70,29.191694971523273
16,17,71,29.169401086229954
16,17,72,29.151160033785434
16,17,73,29.142338038300956
16,17,74,29.14279997542947
16,17,75,29.14795623222776
16,17,76,29.153414530425888
16,17,77,29.155862935083203
16,17,78,29.152515992653
16,17,79,29.144673606554836
16,17,80,29.138971320910812
16,17,81,29.141253030233514
16,17,82,29.154457934970996
16,17,83,29.17845696012163
16,17,84,29.210121981092154
16,17,85,29.24183585774785
16,17,86,29.267148915517634
16,17,87,29.28241865580321
16,17,88,29.287606391893444
16,17,89,29.284383309270535
16,17,90,29.275677756340507
16,17,91,29.26211763919034
16,17,92,29.241699107421002
16,17,93,29.213305046339524
16,17,94,29.177643970368933
16,17,95,29.136433041072785
16,17,96,29.094386761056118
16,17,97,29.05940487500387
16,17,98,29.03579833600277
16,17,99,29.024977912902536
16,17,100,29.026469135272503
16,17,101,29.038093810214527
16,17,102,29.055607760146692
16,17,103,29.075008505548908
16,17,104,29.091685611690604
16,17,105,29.103011211541443
16,17,106,29.10824564886124
16,17,107,29.108003039996248
16,17,108,29.103281326853356
16,17,109,29.09579036888628
16,17,110,29.087091406712396
16,17,111,29.076468078318168
16,17,112,29.061745024780027
16,17,113,29.04366270343656
16,17,114,29.0256640576903
16,17,115,29.010611041906056
16,17,116,29.00252366161464
16,17,117,29.004623361713627
16,17,118,29.016186818370223
16,17,119,29.034018610372065
16,17,120,29.055225432994032
16,17,121,29.076224838298998
16,17,122,29.09490686519983
16,17,123,29.111239631411056
16,17,124,29.125940548536583
16,17,125,29.13824453225669
16,17,126,29.146736144885544
16,17,127,29.14993668074602
16,17,128,29.145672819275408
16,17,129,29.13206805558998
16,17,130,29.11058463112617
16,17,131,29.08393966885027
16,17,132,29.05552321646359
16,17,133,29.030495612095354
16,17,134,29.013907365298188
16,17,135,29.007146855937062
16,17,136,29.010637706361308
16,17,137,29.022491831485958
16,17,138,29.038695541157743
16,17,139,29.054084196143684
16,17,140,29.064892174915435
16,17,141,29.067971064161608
16,17,142,29.063574467555046
16,17,143,29.052968707251697
16,17,144,29.038735436808768
16,17,145,29.024603869553488
16,17,146,29.014459460421737
16,17,147,29.008724859092418
16,17,148,29.006881516564093
16,17,149,29.007094308527773
16,17,150,29.00631398150026
16,17,151,29.00209330538554
16,17,152,28.995515519405977
16,17,153,28.989110051576024
16,17,154,28.985899063080762
16,17,155,28.987773736443625
16,17,156,28.995814221542897
16,17,157,29.00786749646031
16,17,158,29.020942691448305
16,17,159,29.032000491118524
16,17,160,29.03992307914853
16,17,161,29.04306892487211
16,17,162,29.042102531812013
16,17,163,29.03931753516207
16,17,164,29.038716526975684
16,17,165,29.043064323746098
16,17,166,29.054527806335138
16,17,167,29.07226740812283
16,17,168,29.09335527163866
16,17,169,29.11367019671678
16,17,170,29.13091621194092
16,17,171,29.14555154012499
16,17,172,29.16037965753794
16,17,173,29.177408725200863
16,17,174,29.197544315278076
16,17,175,29.21914394926392
16,17,176,29.236603672021126
16,17,177,29.244039067460314
16,17,178,29.238300084024253
16,17,179,29.218075732686547
16,17,180,29.18501296988634
16,17,181,29.14566268434825
16,17,182,29.10673607705241
16,17,183,29.07285600595433
16,17,184,29.047643803353882
16,17,185,29.032429764271455
16,17,186,29.0232952240029
16,17,187,29.014882885208685
16,17,188,29.002335328174535
16,17,189,28.98228489230627
16,17,190,28.95360389580543
16,17,191,28.920397065608203
16,17,192,28.88942889993217
16,17,193,28.868138712858105
16,17,194,28.86145498538474
16,17,195,28.870483575491562
16,17,196,28.89261528733104
16,17,197,28.922960267248946
16,17,198,28.955665678880077
16,17,199,28.98597614762535
16,17,200,29.01348079861365
16,17,201,29.039386703645064
16,17,202,29.064818480655333
16,17,203,29.09083745450476
16,17,204,29.11797413267384
16,17,205,29.143649054271766
16,17,206,29.16365652884579
16,17,207,29.174821382688265
16,17,208,29.176150077533485
16,17,209,29.168825760015373
16,17,210,29.155619932921404
16,17,211,29.13959589501445
16,17,212,29.1204639894726
16,17,213,29.096514380706775
16,17,214,29.065311391946157
16,17,215,29.0251367525228
16,17,216,28.9782447631214
16,17,217,28.934072179481046
16,17,218,28.899304804685553
16,17,219,28.877370525791253
16,17,220,28.86972826339968
16,17,221,28.873847213486822
16,17,222,28.88256422739601
16,17,223,28.892011845841235
16,17,224,28.901031156844134
16,17,225,28.908447367763934
16,17,226,28.91469788834803
16,17,227,28.921002646066004
16,17,228,28.927639264957815
16,17,229,28.934285966350746
16,17,230,28.941276087327573
16,17,231,28.94699210943451
16,17,232,28.949929174907535
16,17,233,28.949497019016622
16,17,234,28.946392736687457
16,17,235,28.942426002031368
16,17,236,28.940857450705234
16,17,237,28.9429709607856
16,17,238,28.94951023899158
16,17,239,28.959988181927372
16,17,240,28.97222602302525
16,17,241,28.983375911106002
16,17,242,28.99319433164561
16,17,243,29.001574288057355
16,17,244,29.009027135450022
16,17,245,29.017041638862683
16,17,246,29.028715990275963
16,17,247,29.04655319914289
16,17,248,29.07127994295354
16,17,249,29.101231264504623
16,17,250,29.133223151075494
16,17,251,29.163216132652774
16,17,252,29.187260029069034
16,17,253,29.20302793904687
16,17,254,29.21101807631738
16,17,255,29.213977819525045
16,17,256,29.214189523031557
16,17,257,29.213934146304705
16,17,258,29.216125054226875
16,17,259,29.219529745616388
16,17,260,29.225364759613445
16,17,261,29.34479183646346
16,17,262,29.374416854829178
16,17,271,29.96026450935141
16,17,279,28.94200426953759
16,17,280,28.4147854650273
16,17,281,28.202190455396618
16,17,284,27.82820036576728
16,17,285,27.68818766838609
16,17,286,27.660161628035155
16,17,287,27.48861780057274
16,17,288,27.275371957088286
16,17,289,27.098561483375633
16,17,290,27.043962672443346
16,17,291,27.176060024145315
16,17,292,27.50830576361771
16,17,293,27.95731921028986
16,17,294,28.386611084131914
16,17,295,28.66819131243817
16,17,296,28.72554773785679
16,17,297,28.536943333627732
16,17,298,28.15562974334678
16,17,299,27.679562206548308
16,17,300,27.23364159548443
16,17,301,26.93269369902416
16,17,302,26.84575282261625
16,17,303,26.982121017504035
16,17,304,27.315513841821428
16,17,305,27.79240869297628
16,17,306,28.336313448333378
16,17,307,28.877712685012938
16,17,308,29.356557729243047
16,17,309,29.70241303073457
16,17,310,29.84813608646548
16,17,311,29.76100886733698
16,17,312,29.456694461267833
16,17,313,28.98334657108402
16,17,314,28.42341885761682
16,17,315,27.887596624386486
16,17,316,27.485620164853863
16,17,317,27.284409933334867
16,17,318,27.31961686195836
16,17,319,27.578042786929007
16,17,320,27.987582143699935
16,17,321,28.45491444989841
16,17,322,28.889740718878844
16,17,323,29.210260007250092
16,17,324,29.38113142709313
16,17,325,29.42028556536344
16,17,326,29.360053110561324
16,17,327,29.242290893104954
16,17,328,29.11842716738321
16,17,329,29.02494464639944
16,17,330,28.976895845226156
16,17,331,28.974320817625035
16,17,332,29.011246973987827
16,17,333,29.075376317532104
16,17,334,29.152378591228057
16,17,335,29.2229063168437
16,17,336,29.269278349172
16,17,337,29.273295204858307
16,17,338,29.223406319595927
16,17,339,29.12109461652092
16,17,340,28.988601170622744
16,17,341,28.868402699901797
16,17,342,28.804168573337314
16,17,343,28.81706118279433
16,17,344,28.898716231726777
16,17,345,29.01461513484543
16,17,346,29.112470411542535
16,17,347,29.150415884752245
16,17,348,29.10989054892945
16,17,349,28.999396641270604
16,17,350,28.849325957160072
16,17,351,28.705857448865363
16,17,352,28.60885268988984
16,17,353,28.585461855917366
16,17,354,28.64737768646633
16,17,355,28.78673326268446
16,17,356,28.971958342429478
16,17,357,29.162216338203812
16,17,358,29.32304193009349
16,17,359,29.423657993666282
16,17,360,29.446550257957753
16,17,361,29.39046223846042
16,17,362,29.267942020310972
16,17,363,29.096249915613786
16,17,364,28.89967691311773
16,17,365,28.703109779641547
16,17,366,28.537127094255435
16,17,367,28.430400033023208
16,17,368,28.40135467375036
16,17,369,28.453533491757437
16,17,370,28.577093887496883
16,17,371,28.742025988311926
16,17,372,28.901065449988014
16,17,373,29.005186211313234
16,17,374,29.024748541779815
16,17,375,28.948725073680738
16,17,376,28.7919802350212
16,17,377,28.605482132063077
16,17,378,28.46273033524058
16,17,379,28.41646343665825
16,17,380,28.494254661225366
16,17,381,28.68965963985621
16,17,382,28.954697865711626
16,17,383,29.214537832540252
16,17,384,29.422798663391834
16,17,385,29.565987555244856
16,17,386,29.651747789300572
16,17,387,29.710819535317604
16,17,388,29.78996374208526
16,17,389,29.920025004856452
16,17,390,30.101690845608513
16,17,391,30.312691632304308
16,17,392,30.510691557026803
16,17,393,30.652839192949298
16,17,394,30.7041372989791
16,17,395,30.65207632646487
16,17,396,30.474384503460655
16,17,397,30.187569427426148
16,17,398,29.827350827953396
16,17,399,29.462017661204975
16,17,400,29.169919118364678
16,17,401,29.016628654894184
16,17,402,29.02660518146488
16,17,403,29.191948143800982
16,17,404,29.460280982725738
16,17,405,29.74171233673863
16,17,406,29.945980809559224
16,17,407,30.00833874577963
16,17,408,29.90559902910444
16,17,409,29.66694344891749
16,17,410,29.370987996978332
16,17,411,29.10249548247073
16,17,412,28.923915432177527
16,17,413,28.866874052467697
16,17,414,28.924213638734248
16,17,415,29.06332427253188
16,17,416,29.23845962432299
16,17,417,29.403307374160114
16,17,418,29.516901736903932
16,17,419,29.556326556108516
16,17,420,29.50596327871369
16,17,421,29.378126245410538
16,17,422,29.194364986348027
16,17,423,28.986935659909516
16,17,424,28.79995807629781
16,17,425,28.677548095580832
16,17,426,28.629921927526695
16,17,427,28.65471067636423
16,17,428,28.732330858115184
16,17,429,28.814156954332248
16,17,430,28.85077966665656
16,17,431,28.815852830973544
16,17,432,28.70924030997743
16,17,433,28.55618788874119
16,17,434,28.396205677918275
16,17,435,28.26667995092378
16,17,436,28.202807298772864
16,17,437,28.224611020168034
16,17,438,28.32490689555202
16,17,439,28.48332287333099
16,17,440,28.675824953074564
16,17,441,28.85915205740745
16,17,442,28.98063305666675
16,17,443,29.015304442856365
16,17,444,28.97003906344145
16,17,445,28.862596913718843
16,17,446,28.724251888419982
16,17,447,28.596530276241666
16,17,448,28.490488331807324
16,17,449,28.399559208951263
16,17,450,28.31952378408633
16,17,451,28.24844413141732
16,17,452,28.17389106040494
16,17,453,28.105095010253883
16,17,454,28.04023766107243
16,17,455,27.966455628009967
16,17,456,27.871667337298803
16,17,457,27.763443967286825
16,17,458,27.648458005499958
16,17,459,27.548908037010225
16,17,460,27.482930115331506
16,17,461,27.4656961227123
16,17,462,27.49490954366846
16,17,463,27.554487507563948
16,17,464,27.625691667932973
16,17,465,27.699789368571277
16,17,466,27.765547326420986
16,17,467,27.81613534999207
16,17,468,27.86197398374411
16,17,469,27.906677052427742
16,17,470,27.957669787102787
16,17,471,28.014725299157448
16,17,472,28.07268634994505
16,17,473,28.117279432035872
16,17,474,28.146549684606917
16,17,475,28.151908921590586
16,17,476,28.133802221534758
16,17,477,28.098832590166165
16,17,478,28.051955985733045
16,17,479,27.993312279989595
16,17,480,27.92932719116314
16,17,481,27.881965526837515
16,17,482,27.852309816724897
16,17,483,27.931001604461887
16,17,485,27.949825544723577
16,17,486,27.82199621962592
16,17,487,27.75586265319504
16,17,488,27.677160206505928
16,17,489,27.612277653951004
16,17,490,27.571099432164594
16,17,491,27.564108756963407
16,17,492,27.595563357366515
16,17,493,27.66384758939187
16,17,494,27.760613808870804
16,17,495,27.854583122704746
16,17,496,27.90760142968388
16,17,497,27.909080525253195
16,17,498,27.85731311083087
16,17,499,27.756517867908013
16,17,500,27.64805388430753
16,17,501,27.5786395519256
16,17,502,27.573087179314122
16,17,503,27.64203664442013
16,17,504,27.792518150917342
16,17,505,27.991410276333312
16,17,506,28.198314039872905
16,17,507,28.380117406152227
16,17,508,28.520114184134677
16,17,509,28.59675104483307
16,17,510,28.6065402052944
16,17,511,28.545338882691247
16,17,512,28.426882483637872
16,17,513,28.271514346601496
16,17,514,28.115970389560605
16,17,515,27.99748490270805
16,17,516,27.961406160969048
16,17,517,28.011884966963795
16,17,518,28.13437319778425
16,17,519,28.29994032299973
16,17,520,28.47936478721214
16,17,521,28.648766318581313
16,17,522,28.818655473729486
16,17,523,28.995563518874334
16,17,524,29.178117265536002
16,17,525,29.35488370309346
16,17,526,29.489932624139396
16,17,527,29.536024639603657
16,17,528,29.468808923068366
16,17,529,29.296330442730135
16,17,530,29.04731769140979
16,17,531,28.776283770678326
16,17,532,28.544021277449943
16,17,533,28.398519375409666
16,17,534,28.36222940023209
16,17,535,28.438583754101888
16,17,536,28.612324071335504
16,17,537,28.838460033132986
16,17,538,29.053582865651396
16,17,539,29.19133895320621
16,17,540,29.20851382721262
16,17,541,29.088305935062433
16,17,542,28.866974503098522
16,17,543,28.606922228485235
16,17,544,28.37577881669682
16,17,545,28.220690313047736
16,17,546,28.1726070334538
16,17,547,28.214634571890567
16,17,548,28.315060462625016
16,17,549,28.43557266493475
16,17,550,28.535687236584153
16,17,551,28.573923516161955
16,17,552,28.538524097454363
16,17,553,28.43759487695215
16,17,554,28.30080082268748
16,17,555,28.166501156267234
16,17,556,28.067800699438678
16,17,557,28.024552766749842
16,17,558,28.041126228050025
16,17,559,28.103762988746663
16,17,560,28.189258070697687
16,17,561,28.27701244442316
16,17,562,28.347295358975156
16,17,563,28.382917074546334
16,17,564,28.377460403545555
16,17,565,28.341540762822135
16,17,566,28.29654656094929
16,17,567,28.267114909352994
16,17,568,28.271299564188926
16,17,569,28.317779103421604
16,17,570,28.40242240588904
16,17,571,28.514932406129375
16,17,572,28.642447828562055
16,17,573,28.779702766344432
16,17,574,28.923464016252183
16,17,575,29.06972200345553
16,17,576,29.198552437447145
16,17,577,29.285880983577638
16,17,578,29.314928129127996
16,17,579,29.2867586742026
16,17,580,29.217802187536414
16,17,581,29.14262904084007
16,17,582,29.09376314068308
16,17,583,29.08724907832941
16,17,584,29.11431523539588
16,17,585,29.149388122468153
16,17,586,29.1639035245175
16,17,587,29.135997823684747
16,17,588,29.054645797705913
16,17,589,28.923954170803146
16,17,590,28.77162194051363
16,17,591,28.63421169358961
16,17,592,28.55205193442758
16,17,593,28.550541110950277
16,17,594,28.629580714235097
16,17,595,28.75740998292045
16,17,596,28.890881979770505
16,17,597,28.98618678433439
16,17,598,29.014857588469575
16,17,599,28.986215499638213
16,17,600,28.928748810657495
16,17,601,28.866299044558644
16,17,602,28.812683833313272
16,17,603,28.778545451001513
16,17,604,28.756224826190266
16,17,605,28.73376569448499
16,17,606,28.698189920959788
16,17,607,28.640943556774555
16,17,608,28.556135053338224
16,17,609,28.436995184760683
16,17,610,28.280608561995372
16,17,611,28.108760521844953
16,17,612,27.954219336453093
16,17,613,27.841426781160553
16,17,614,27.78585796459131
16,17,615,27.786111346803875
16,17,616,27.81342770118765
16,17,617,27.821853561046776
16,17,618,27.77617299361231
16,17,619,27.66914673984164
16,17,620,27.523706352948324
16,17,621,27.37506061307378
16,17,622,27.279534450527024
16,17,623,27.279635199213157
16,17,624,27.36989191791012
16,17,625,27.51988946024606
16,17,626,27.715689786124784
16,17,627,27.93635175117952
16,17,628,28.16640079693935
16,17,629,28.420881136958442
16,17,630,28.704887480966814
16,17,631,28.99228103915717
16,17,632,29.24684911077455
16,17,633,29.437054499818032
16,17,634,29.54454977613184
16,17,635,29.57788435672725
16,17,636,29.55090649810039
16,17,637,29.467718237213667
16,17,638,29.32489838237781
16,17,639,29.119087403592243
16,17,640,28.860822314278863
16,17,641,28.58827805559739
16,17,642,28.371245304652412
16,17,643,28.294328630003722
16,17,644,28.41647421062654
16,17,645,28.741816504003946
16,17,646,29.221854458079754
16,17,647,29.77008844987996
16,17,648,30.27913275003618
16,17,649,30.655536978956235
16,17,650,30.848974013979635
16,17,651,30.853988185519874
16,17,652,30.702987830953763
16,17,653,30.45754257833223
16,17,654,30.180070193044617
16,17,655,29.921949047973005
16,17,656,29.714720219991648
16,17,657,29.569477409233517
16,17,658,29.47779778868706
16,17,659,29.420559370833285
16,17,660,29.37179904338804
16,17,661,29.323833675993647
16,17,662,29.260794801053656
16,17,663,29.161449947854912
16,17,664,29.025250896365083
16,17,665,28.871833787397815
16,17,666,28.71469086504763
16,17,667,28.59243067641355
16,17,668,28.563421971667953
16,17,669,28.658984057214
16,17,670,28.862331576020942
16,17,671,29.13163752872444
16,17,672,29.416941693411307
16,17,673,29.64746249576844
16,17,674,29.769165133737637
16,17,675,29.792613689413823
16,17,676,29.751264073189308
16,17,677,29.660385919118344
16,17,678,29.541989034536464
16,17,679,29.410005036340568
16,17,680,29.23980952488728
16,17,681,29.019207025519673
16,17,682,28.77248328220744
16,17,683,28.532935413824816
16,17,684,28.341106575171654
16,17,685,28.23815226660668
16,17,686,28.23663955852645
16,17,687,28.312849932205182
16,17,688,28.429812326679752
16,17,689,28.5401004851002
16,17,690,28.60633479412879
16,17,691,28.608281247010368
16,17,692,28.54085471810562
16,17,693,28.411525687176617
16,17,694,28.249845616964812
16,17,695,28.09027150148055
16,17,696,27.966469373245136
16,17,697,27.905015382956915
16,17,698,27.91758370742972
16,17,699,27.987829224903212
16,17,700,28.086727256653738
16,17,701,28.188995505069276
16,17,702,28.278002024666172
16,17,703,28.335052553165458
16,17,704,28.345979289286326
16,17,705,28.316784874303178
16,17,706,28.24677472486575
16,17,707,28.130827944842533
16,17,708,27.994071123115386
16,17,709,27.877454623080403
16,17,710,27.790418572294676
16,17,711,27.73923757163183
16,17,712,27.7434513663194
16,17,713,27.810018754220884
16,17,714,27.941799334305912
16,17,715,28.1539294885453
16,17,716,28.446306914333167
16,17,717,28.777518696685963
16,17,718,29.073300640417724
16,17,719,29.248642446874367
16,17,720,29.231400592324057
16,17,721,28.996374430738232
16,17,722,28.592311196390956
16,17,723,28.121678718161103
16,17,724,27.71192721570994
16,17,725,27.4571381736991
16,17,726,27.409911166463086
16,17,727,27.56314270651885
16,17,728,27.858591204367883
16,17,729,28.216446370189313
16,17,730,28.56750746382602
16,17,731,28.838788157496097
16,17,732,28.976364052231514
16,17,733,28.959660424855258
16,17,734,28.783536118014002
16,17,735,28.46737747575402
16,17,736,28.071423274528186
16,17,737,27.67181768570936
16,17,738,27.34082880148353
16,17,739,27.131163082638622
16,17,740,27.065313943387952
16,17,741,27.14705891933257
16,17,742,27.354031200305315
16,17,743,27.631156410994173
16,17,744,27.926720218920217
16,17,745,28.19939851739595
16,17,746,28.39588457194947
16,17,747,28.487844841443852
16,17,748,28.487507950393596
16,17,749,28.41591584752217
16,17,750,28.29479175119761
16,17,751,28.15544636752674
16,17,752,28.018765694215762
16,17,753,27.886626518508415
16,17,754,27.748554813234048
16,17,755,27.593166710437053
16,17,756,27.418816553038404
16,17,757,27.230607694316973
16,17,758,27.040850574447255
16,17,759,26.88144278982232
16,17,760,26.789764136594655
16,17,761,26.79252326556585
16,17,762,26.910830034174197
16,17,763,27.14658979255626
16,17,764,27.46978016283912
16,17,765,27.84443198362987
16,17,766,28.22399767643618
16,17,767,28.549204041572356
16,17,768,28.773314174925236
16,17,769,28.87165047540866
16,17,770,28.823755434908794
16,17,771,28.658043610245137
16,17,772,28.425853371680873
16,17,773,28.19184126652439
16,17,774,28.037245030956626
16,17,775,28.035527138846447
16,17,776,28.18920346507568
16,17,777,28.463780803728167
16,17,778,28.797884272526773
16,17,779,29.10590203531866
16,17,780,29.31043048072345
16,17,781,29.37075056239576
16,17,782,29.28129263673378
16,17,783,29.064528918274597
16,17,784,28.764246434485198
16,17,785,28.444478747744114
16,17,786,28.177251691217084
16,17,787,28.017958442501246
16,17,788,27.980119862488337
16,17,789,28.05581822687521
16,17,790,28.204926028291613
16,17,791,28.36734105677061
16,17,792,28.494113270324302
16,17,793,28.565746789880734
16,17,794,28.56107836946852
16,17,795,28.470467759858348
16,17,796,28.307534764916177
16,17,797,28.08608251775991
16,17,798,27.82819626020808
16,17,799,27.57551644450498
16,17,800,27.38117420774385
16,17,801,27.2906799425708
16,17,802,27.344847633076938
16,17,803,27.565734480993296
16,17,804,27.942124598221483
16,17,805,28.424008504928768
16,17,806,28.93455923269365
16,17,807,29.374151675138158
16,17,808,29.634287140463414
16,17,809,29.64423184475479
16,17,810,29.397641607790803
16,17,811,28.952818180220554
16,17,812,28.423941626128244
16,17,813,27.963713453663743
16,17,814,27.710923385642378
16,17,815,27.72870810023417
16,17,816,27.987094952244693
16,17,817,28.387576226221643
16,17,818,28.795508334535327
16,17,819,29.061788494274488
16,17,820,29.09920826551411
16,17,821,28.91413924113782
16,17,822,28.572031358684676
16,17,823,28.170992360132917
16,17,824,27.843500740834838
16,17,825,27.691313950738675
16,17,826,27.73965679458299
16,17,827,27.965985296324202
16,17,828,28.31331736711774
16,17,829,28.68990247107275
16,17,830,29.00360880121562
16,17,831,29.19322063056067
16,17,832,29.23091748721625
16,17,833,29.11272082923706
16,17,834,28.862609700371674
16,17,835,28.53369200839485
16,17,836,28.193170233686562
16,17,837,27.89529109408695
16,17,838,27.684160605473924
16,17,839,27.59523011722926
16,17,840,27.628539569519553
16,17,841,27.746126135464714
16,17,842,27.88742412149985
16,17,843,27.987100594718086
16,17,844,27.970558828581567
16,17,845,27.810963915339645
16,17,846,27.55210614945878
16,17,847,27.30350527194069
16,17,848,27.17755273663767
16,17,849,27.25851334449241
16,17,850,27.56103988820023
16,17,851,28.03850033818731
16,17,852,28.563341095789237
16,17,853,28.990483061696555
16,17,854,29.220357015994328
16,17,855,29.189701357766566
16,17,856,28.867719864978692
16,17,857,28.295405394545718
16,17,858,27.56531793707601
16,17,861,25.632698490263436
16,17,862,25.58195041338405
16,17,863,25.857765282257805
16,17,864,26.263337066358474
16,17,865,26.744392373651642
16,17,866,27.18925000187973
16,17,867,27.506905274911137
16,17,868,27.660005186780058
16,17,869,27.67691265994487
16,17,870,27.605622920675156
16,17,871,27.535012599560478
16,17,872,27.53976213893827
16,17,873,27.648771398001465
16,17,874,27.85078249807309
16,17,875,28.11768158955192
16,17,876,28.38902442484951
16,17,877,28.62665389344744
16,17,878,28.82447559933744
16,17,879,28.978478961847372
16,17,880,29.067412848875236
16,17,881,29.083904555616776
16,17,882,29.013396159321115
16,17,883,28.835631596767573
16,17,884,28.557569950386622
16,17,885,28.213772296321032
16,17,886,27.835016687028602
16,17,887,27.454001354756773
16,17,888,27.11818072960451
16,17,889,26.88025936184747
16,17,890,26.817557056198147
16,17,891,27.023052294469704
16,17,892,27.50804909916643
16,17,893,28.21005326967835
16,17,894,28.817584979404927
16,17,897,29.09025169797071
16,17,898,28.917212038247897
16,17,900,28.5915737888076
16,17,901,28.577474927134467
16,17,905,29.291151052605308
16,17,906,29.31674140832434
16,17,907,29.444529690207148
16,17,908,29.69938723233296
16,17,909,30.006590736610953
16,17,910,30.260497368170025
16,17,911,30.37112862812918
16,17,912,30.305114665457086
16,17,913,30.073704113186274
16,17,914,29.747748626942016
16,17,915,29.437004043825418
16,17,916,29.23698420476687
16,17,917,29.224233610295094
16,17,918,29.395607376827662
16,17,919,29.683755177128695
16,17,920,29.983533158940674
16,17,922,30.44295457395137
16,17,923,30.309180960646884
16,17,924,29.933555256826125
16,17,925,29.45106955534677
16,17,926,28.95066075345655
16,17,927,28.5250761595708
16,17,928,28.238246126110564
16,17,929,28.09836437235179
16,17,930,28.0754601048523
16,17,931,28.133502747071276
16,17,932,28.262389022193215
16,17,933,28.457841147852367
16,17,934,28.699409010464198
16,17,935,28.963939701546664
16,17,936,29.2187705648175
16,17,937,29.41815297987519
16,17,938,29.515945718433233
16,17,939,29.519835974633597
16,17,940,29.385860835343067
16,17,944,28.69518474099816
16,17,945,28.698128203701362
16,17,946,28.763079145373016
16,17,947,28.877227052300753
16,17,948,28.98139174405174
16,17,952,28.914923559305024
16,17,953,28.84126779420879
16,17,954,28.701835565507935
16,17,955,28.496131496078718
16,17,956,28.346855913685662
16,17,957,28.292682159354992
16,17,958,28.35945934334044
16,17,959,28.568849692868916
16,17,960,28.891877067225202
16,17,961,29.254790578560385
16,17,962,29.590869307783848
16,17,963,29.804324164065978
16,17,964,29.7928571744655
16,17,965,29.514501332119004
16,17,966,29.01353760112008
16,17,967,28.37994607537983
16,17,968,27.74471051552523
16,17,969,27.26407985340001
16,17,970,26.937061063855975
16,17,972,26.608972207898727
16,17,973,27.00836961900417
16,17,974,27.50412956474988
16,17,975,27.83775470167845
16,17,976,27.90568471682742
16,17,977,27.800239249461413
16,17,979,27.888096277110666
16,17,982,27.221050812091995
16,17,983,27.083832026716806
16,17,987,27.00708548646824
16,17,994,27.34216219900163
16,17,995,27.077268253692214
16,17,996,26.92515489982603
16,17,997,26.884936132655845
16,17,998,26.974144559612142
16,17,1000,27.62245570507241
16,17,1003,29.20287154998509
16,17,1006,29.505262726668004
16,17,1007,29.18823286074852
16,17,1008,28.83862656902763
16,17,1009,28.53520825812772
16,17,1010,28.278213829287576
16,17,1011,28.079693751073265
16,17,1012,27.94948204507786
16,17,1013,27.898101019525107
16,17,1014,27.940980715255428
16,17,1015,28.09088472455632
16,17,1016,28.331824020269718
16,17,1017,28.627779537640983
16,17,1018,28.927505362095815
16,17,1019,29.171020914436458
16,17,1020,29.283052498978776
16,17,1021,29.204519149078845
16,17,1022,28.9301271415484
16,17,1023,28.52183440675637
16,17,1024,28.075338845080548
16,17,1025,27.75006238918244
16,17,1027,27.348951473518696
16,17,1028,27.388571056387423
16,17,1029,27.80326667773331
16,17,1030,28.43217182394092
16,17,1031,29.08413550410486
16,17,1032,29.556062362721292
16,17,1033,29.68188458249814
16,17,1034,29.40049449200007
16,17,1035,28.76312590422457
16,17,1036,27.913157153467214
16,17,1037,27.050539154725207
16,17,1038,26.384464668969144
16,17,1039,26.06173546797684
16,17,1040,26.119633700568016
16,17,1041,26.49695327515413
16,17,1042,27.071957834059432
16,17,1043,27.691292671761552
16,17,1044,28.2157008486603
16,17,1045,28.559937668034255
16,17,1046,28.686928311402685
16,17,1047,28.60236661874453
16,17,1048,28.351646321563727
16,17,1049,28.005485399498227
16,17,1050,27.648510274803133
16,17,1051,27.36622289181295
16,17,1052,27.228901464432482
16,17,1053,27.28487449585211
16,17,1054,27.54385899433668
16,17,1055,27.966548037964312
16,17,1056,28.474595869561945
16,17,1057,28.96771878106625
16,17,1058,29.340419719875328
16,17,1059,29.511738013126074
16,17,1060,29.45086850427881
16,17,1061,29.19302762671207
16,17,1062,28.813163652127894
16,17,1063,28.409531141977915
16,17,1064,28.08289146993271
16,17,1065,27.906586153486668
16,17,1066,27.90210399379964
16,17,1067,28.05502273684638
16,17,1068,28.311851750816405
16,17,1069,28.5872284633924
16,17,1070,28.796642422756204
16,17,1071,28.88152428109422
16,17,1072,28.81699085933169
16,17,1073,28.615188838223453
16,17,1074,28.32115918044506
16,17,1075,28.004373553565994
16,17,1076,27.738775794396282
16,17,1077,27.577249403549764
16,17,1078,27.54563902759276
16,17,1079,27.644976271730282
16,17,1080,27.84614562404704
16,17,1081,28.091496547129285
16,17,1082,28.320747689483046
16,17,1083,28.49180890676204
16,17,1084,28.57836794946597
16,17,1085,28.56312863574068
16,17,1086,28.451057287444954
16,17,1087,28.266353134968075
16,17,1088,28.040503642252578
16,17,1089,27.80945113753119
16,17,1090,27.619344073441173
16,17,1091,27.511166250271252
16,17,1092,27.502757556013837
16,17,1093,27.589042874304358
16,17,1094,27.75248424463289
16,17,1095,27.959849512215172
16,17,1096,28.16808459864051
16,17,1097,28.341028078519958
16,17,1098,28.452601165424035
16,17,1099,28.492380884783696
16,17,1100,28.465595510504954
16,17,1101,28.393698040653984
16,17,1102,28.31219100357367
16,17,1103,28.244950503265393
17,18,0,14.156907961516335
17,18,1,14.148115192095368
17,18,2,14.141022832106247
17,18,3,14.137246413064698
17,18,4,14.138470627347182
17,18,5,14.144635691781977
17,18,6,14.152879801648831
17,18,7,14.158027431201013
17,18,8,14.157983783589945
17,18,9,14.151948529330646
17,18,10,14.139372679716992
17,18,11,14.120912918134753
17,18,12,14.099079887555865
17,18,13,14.07806765970809
17,18,14,14.06223581488368
17,18,15,14.054841594910648
17,18,16,14.058159405865249
17,18,17,14.072218309314518
17,18,18,14.094886124140528
17,18,19,14.12242964497
17,18,20,14.149894654495515
17,18,21,14.171203972104285
17,18,22,14.182782566462237
17,18,23,14.184019415752319
17,18,24,14.176867817436765
17,18,25,14.165958264884658
17,18,26,14.157909600958021
17,18,27,14.156976165416134
17,18,28,14.163293238124963
17,18,29,14.174688461314362
17,18,30,14.188958672750237
17,18,31,14.20377814160817
17,18,32,14.218491268261216
17,18,33,14.233773805168221
17,18,34,14.251077738737822
17,18,35,14.269375696104635
17,18,36,14.285736632804756
17,18,37,14.296002295301562
17,18,38,14.298633229189788
17,18,39,14.294199989243062
17,18,40,14.285706797824535
17,18,41,14.27654655976155
17,18,42,14.269583499556417
17,18,43,14.264778580224766
17,18,44,14.258846788992384
17,18,45,14.248219791605841
17,18,46,14.231790386436153
17,18,47,14.210870859217854
17,18,48,14.188599833654058
17,18,49,14.170192021137272
17,18,50,14.15898608242678
17,18,51,14.155191276885818
17,18,52,14.15730158125846
17,18,53,14.163683175991533
17,18,54,14.17217592995713
17,18,55,14.182088946155481
17,18,56,14.193536042771004
17,18,57,14.206303660028853
17,18,58,14.21907325773346
17,18,59,14.230357810845563
17,18,60,14.23890581625452
17,18,61,14.245416940156453
17,18,62,14.251567475832934
17,18,63,14.259198954917343
17,18,64,14.269287553211978
17,18,65,14.281581281900337
17,18,66,14.293752430260872
17,18,67,14.302822661626749
17,18,68,14.306149034762921
17,18,69,14.303271608533382
17,18,70,14.296075144073171
17,18,71,14.287260971128772
17,18,72,14.279277090123978
17,18,73,14.275030702857775
17,18,74,14.27535004757623
17,18,75,14.277408831542457
17,18,76,14.27794462421758
17,18,77,14.275846957727843
17,18,78,14.270190194794349
17,18,79,14.261688745037434
17,18,80,14.253998235758527
17,18,81,14.250315835515227
17,18,82,14.250956442803362
17,18,83,14.254273179558067
17,18,84,14.257505955002204
17,18,85,14.257365366171234
17,18,86,14.2524685811996
17,18,87,14.243560646374162
17,18,88,14.23353636815797
17,18,89,14.224844722752728
17,18,90,14.218410874866262
17,18,91,14.21309123579495
17,18,92,14.206134246357918
17,18,93,14.19438816257502
17,18,94,14.176325443204226
17,18,95,14.152903126515954
17,18,96,14.127322767206508
17,18,97,14.10447886438975
17,18,98,14.088179401637928
17,18,99,14.080603516545823
17,18,100,14.081306877684845
17,18,101,14.088476083277005
17,18,102,14.099479959355541
17,18,103,14.111614448247769
17,18,104,14.122288775803021
17,18,105,14.130746530225956
17,18,106,14.136838907931454
17,18,107,14.14032657480284
17,18,108,14.141609919232476
17,18,109,14.141878533596644
17,18,110,14.141343242524858
17,18,111,14.138950400825115
17,18,112,14.13413187635166
17,18,113,14.127438604159513
17,18,114,14.119624971871511
17,18,115,14.112307764680605
17,18,116,14.108099481893339
17,18,117,14.108383385737135
17,18,118,14.112530375594078
17,18,119,14.118427549171537
17,18,120,14.124068442118642
17,18,121,14.12816017854139
17,18,122,14.13001346909925
17,18,123,14.129935789244902
17,18,124,14.130159571602713
17,18,125,14.131915690024353
17,18,126,14.13415753777251
17,18,127,14.13607497792383
17,18,128,14.137250033221742
17,18,129,14.13596713151838
17,18,130,14.130762870051841
17,18,131,14.122058915034954
17,18,132,14.111065137294437
17,18,133,14.098911886243313
17,18,134,14.087737471356164
17,18,135,14.079798941031823
17,18,136,14.076399891153592
17,18,137,14.07712686515483
17,18,138,14.080692230770007
17,18,139,14.085004244192046
17,18,140,14.088732578827125
17,18,141,14.09088414399229
17,18,142,14.091456901578505
17,18,143,14.09167744164506
17,18,144,14.09323708222916
17,18,145,14.096925069940466
17,18,146,14.104024438895582
17,18,147,14.115010970034312
17,18,148,14.128276917103804
17,18,149,14.141534106471823
17,18,150,14.153216869394932
17,18,151,14.161223427940639
17,18,152,14.165024511625989
17,18,153,14.166568870600912
17,18,154,14.16825163742379
17,18,155,14.17115002243825
17,18,156,14.176687746460837
17,18,157,14.185598976149176
17,18,158,14.196568364522637
17,18,159,14.207870356500615
17,18,160,14.219044039005295
17,18,161,14.228939245905893
17,18,162,14.236011986648277
17,18,163,14.24033354168496
17,18,164,14.242970634532517
17,18,165,14.245137014105298
17,18,166,14.248927869449526
17,18,167,14.256240007414412
17,18,168,14.267924250561833
17,18,169,14.283736395353621
17,18,170,14.302104414982491
17,18,171,14.321017789936846
17,18,172,14.339247170472468
17,18,173,14.356195428775251
17,18,174,14.371744071484475
17,18,175,14.385349089485493
17,18,176,14.39480357202914
17,18,177,14.397793278510937
17,18,178,14.392303308944703
17,18,179,14.376704519323704
17,18,180,14.351967951674206
17,18,181,14.32258419171594
17,18,182,14.292947319599575
17,18,183,14.266254724899307
17,18,184,14.24500949067675
17,18,185,14.229765808802938
17,18,186,14.218512636027338
17,18,187,14.208763946843591
17,18,188,14.199646665190787
17,18,189,14.190406621455052
17,18,190,14.18101754869848
17,18,191,14.172711679246667
17,18,192,14.167439340339724
17,18,193,14.16551993944317
17,18,194,14.16792162150632
17,18,195,14.175171828415447
17,18,196,14.186715812485096
17,18,197,14.200956666798817
17,18,198,14.216385787035097
17,18,199,14.230231608217291
17,18,200,14.2399156527183
17,18,201,14.2446872356717
17,18,202,14.244780904525566
17,18,203,14.241747436691828
17,18,204,14.238038626606512
17,18,205,14.23607965813952
17,18,206,14.23592885244829
17,18,207,14.237214923116076
17,18,208,14.238580782357433
17,18,209,14.23899765961096
17,18,210,14.237485353083931
17,18,211,14.233284983304554
17,18,212,14.225154968334245
17,18,213,14.21331099588708
17,18,214,14.198320130131416
17,18,215,14.181527386641807
17,18,216,14.166494650078567
17,18,217,14.158116336900607
17,18,218,14.157908323736697
17,18,219,14.165190282104051
17,18,220,14.178234311503681
17,18,221,14.194016512227195
17,18,222,14.207986837246443
17,18,223,14.217359580153701
17,18,224,14.220191547275547
17,18,225,14.215999460551279
17,18,226,14.20489376540861
17,18,227,14.188503471232739
17,18,228,14.169164488902844
17,18,229,14.150241435722776
17,18,230,14.133215319546446
17,18,231,14.118369221679023
17,18,232,14.10505454526728
17,18,233,14.09323292643708
17,18,234,14.083375548990466
17,18,235,14.076478701171087
17,18,236,14.07376001822678
17,18,237,14.075791116108066
17,18,238,14.081918628155087
17,18,239,14.090690358774092
17,18,240,14.100886503881732
17,18,241,14.111192522008196
17,18,242,14.121254437947954
17,18,243,14.132015030692457
17,18,244,14.144881521654199
17,18,245,14.16131703931094
17,18,246,14.183050991414039
17,18,247,14.210309059483691
17,18,248,14.24060090235587
17,18,249,14.27003792972744
17,18,250,14.294891209206414
17,18,251,14.312025294993795
17,18,252,14.321456719133918
17,18,253,14.326144463741123
17,18,254,14.328994634269309
17,18,255,14.330993093149514
17,18,256,14.332040366855734
17,18,257,14.329110195712305
17,18,258,14.316220018742358
17,18,259,14.291509195771814
17,18,260,14.266589030410598
17,18,261,14.263590024568842
17,18,262,14.269793405357772
17,18,263,14.288184396590003
17,18,264,14.389761240199567
17,18,265,14.583283179802304
17,18,266,14.839981263802418
17,18,267,15.11404984335663
17,18,268,15.348782282002931
17,18,269,15.50090898381553
17,18,270,15.551994624116526
17,18,271,15.515597182824283
17,18,272,15.516229480588036
17,18,273,15.46711013262516
17,18,274,15.325604303082505
17,18,275,15.228495153844097
17,18,278,15.793484717684006
17,18,279,15.640151492984334
17,18,280,15.322362454521379
17,18,281,15.092555036635
17,18,282,14.872272350554711
17,18,284,14.44440539923284
17,18,285,14.23496052032272
17,18,286,13.929904084519201
17,18,287,13.591711468917309
17,18,288,13.268723167448112
17,18,289,13.037171563338667
17,18,290,12.94643330415319
17,18,291,13.012284297431284
17,18,292,13.214950276536229
17,18,293,13.48670374803831
17,18,294,13.746109264993006
17,18,295,13.926927473290156
17,18,296,13.982277538762908
17,18,297,13.890558802684684
17,18,298,13.679006936577727
17,18,299,13.402421053363035
17,18,300,13.128255029009296
17,18,301,12.92746881992074
17,18,302,12.86220739651431
17,18,303,12.950937679254706
17,18,304,13.175520940475295
17,18,305,13.496255870513819
17,18,306,13.860977138258857
17,18,307,14.206382963999333
17,18,308,14.488558291767708
17,18,309,14.674533980858582
17,18,310,14.735827250371083
17,18,311,14.659401395464968
17,18,312,14.464779874225007
17,18,313,14.184463280666549
17,18,314,13.86290067312004
17,18,315,13.55818881819281
17,18,316,13.33430795852447
17,18,317,13.232540817457135
17,18,318,13.269730236357924
17,18,319,13.433927938267745
17,18,320,13.68486171499797
17,18,321,13.959486143249332
17,18,322,14.197799998270694
17,18,323,14.353830094101033
17,18,324,14.41484485632451
17,18,325,14.402242925315804
17,18,326,14.354407938751125
17,18,327,14.3039666306341
17,18,328,14.27666678276143
17,18,329,14.28048457372213
17,18,330,14.301608878161705
17,18,331,14.321866107352347
17,18,332,14.3380915932472
17,18,333,14.35310449921893
17,18,334,14.373528835656902
17,18,335,14.410357493026732
17,18,336,14.465649822506858
17,18,337,14.525135596181293
17,18,338,14.568809317545345
17,18,339,14.579463542665621
17,18,340,14.549287985851462
17,18,341,14.484970956259655
17,18,342,14.400727609723228
17,18,343,14.312378474929968
17,18,344,14.233002745124434
17,18,345,14.164449337832076
17,18,346,14.10244560607002
17,18,347,14.046323190875203
17,18,348,13.998178967155265
17,18,349,13.957221624940331
17,18,350,13.926506052835135
17,18,351,13.91325265693297
17,18,352,13.926233866107662
17,18,353,13.969463823998701
17,18,354,14.046610928458659
17,18,355,14.160513878983966
17,18,356,14.302497484722679
17,18,357,14.449294689637435
17,18,358,14.577794186135797
17,18,359,14.666960762042608
17,18,360,14.696481891214946
17,18,361,14.657261070228703
17,18,362,14.556903923598593
17,18,363,14.41270273057958
17,18,364,14.24873753946931
17,18,365,14.092511229009897
17,18,366,13.971874443509083
17,18,367,13.909713585288106
17,18,368,13.918388467739952
17,18,369,13.996929339086924
17,18,370,14.131158594279523
17,18,371,14.289872709566513
17,18,372,14.429392166126938
17,18,373,14.511504412929277
17,18,374,14.513580109107409
17,18,375,14.432031728579748
17,18,376,14.28863671376805
17,18,377,14.128881964368507
17,18,378,14.001864995140203
17,18,379,13.947299842007865
17,18,380,13.9828517533486
17,18,381,14.097151955554699
17,18,382,14.259989576774617
17,18,383,14.4327482851772
17,18,384,14.576860004944818
17,18,385,14.675498192289373
17,18,386,14.752939621394166
17,18,387,14.84405001000468
17,18,388,14.979103759563566
17,18,389,15.169376005424004
17,18,390,15.403251691242533
17,18,391,15.623938165544745
17,18,392,15.767170244706444
17,18,393,15.75787742744445
17,18,394,15.66757706491707
17,18,398,15.246397787516164
17,18,399,14.878132982991117
17,18,400,14.505719797233569
17,18,401,14.271194570071374
17,18,402,14.134366317858635
17,18,403,14.091652575844252
17,18,404,14.12844588312471
17,18,405,14.210380114115784
17,18,406,14.307959377725785
17,18,407,14.40261916144906
17,18,408,14.474660679212235
17,18,409,14.50546679808631
17,18,410,14.499772223626318
17,18,411,14.474879318947883
17,18,412,14.448469077145196
17,18,413,14.433163264615079
17,18,414,14.442673335801697
17,18,415,14.485398341428807
17,18,416,14.559894051979546
17,18,417,14.65497304161592
17,18,418,14.760924399892705
17,18,419,14.859086427129723
17,18,420,14.921441405270794
17,18,421,14.928002489262125
17,18,422,14.875948706374185
17,18,423,14.774227487194098
17,18,424,14.654613777409528
17,18,425,14.558715696655979
17,18,426,14.512131246293947
17,18,427,14.522456519328374
17,18,428,14.57926653887454
17,18,429,14.64666972410758
17,18,430,14.683246620088173
17,18,431,14.669338524394181
17,18,432,14.607999165742065
17,18,433,14.516905382838297
17,18,434,14.426722168114338
17,18,435,14.372903673399195
17,18,436,14.377023677713048
17,18,437,14.436887933556905
17,18,438,14.53812048729962
17,18,439,14.660136666650233
17,18,440,14.777075757685788
17,18,441,14.860488583823257
17,18,442,14.888663571056004
17,18,443,14.856624428740115
17,18,444,14.777935857591064
17,18,445,14.673832323023063
17,18,446,14.57008750708121
17,18,447,14.493042675156305
17,18,448,14.45108207348297
17,18,449,14.43722586032259
17,18,450,14.439972230696535
17,18,451,14.448593093048242
17,18,452,14.453596665309085
17,18,453,14.454718063236072
17,18,454,14.44469129270453
17,18,455,14.416532215290232
17,18,456,14.370375535106586
17,18,457,14.310597574642898
17,18,458,14.241397469150225
17,18,459,14.180553196992722
17,18,460,14.144125180943565
17,18,461,14.133579019216617
17,18,462,14.142202908611182
17,18,463,14.160816227143524
17,18,464,14.177694769163088
17,18,465,14.18530885613654
17,18,466,14.185472093349961
17,18,467,14.183482346861208
17,18,468,14.184293521606042
17,18,469,14.18951674288877
17,18,470,14.20198961293295
17,18,471,14.221521916126667
17,18,472,14.24519077193056
17,18,473,14.270981106460473
17,18,474,14.302059847503944
17,18,475,14.339551359527661
17,18,476,14.383994349553777
17,18,477,14.434508849835398
17,18,478,14.481548494053124
17,18,479,14.506948669246569
17,18,480,14.500027232557983
17,18,481,14.460239802420423
17,18,482,14.393889685569038
17,18,483,14.316827336055526
17,18,484,14.24031420403708
17,18,485,14.074634744852421
17,18,486,13.92476330800988
17,18,487,13.814865407065705
17,18,488,13.754770844588148
17,18,489,13.744496119877825
17,18,490,13.778570957946824
17,18,491,13.847858655538634
17,18,492,13.936604308022032
17,18,493,14.024347787454937
17,18,494,14.091849234464542
17,18,495,14.125959676241681
17,18,496,14.12527873621919
17,18,497,14.097934032134205
17,18,498,14.0583575505992
17,18,499,14.02407681898532
17,18,500,14.008270039816397
17,18,501,14.01391937370885
17,18,502,14.04106094635246
17,18,503,14.094007857727203
17,18,504,14.177805749413618
17,18,505,14.2921761682685
17,18,506,14.42583052861949
17,18,507,14.565819284516952
17,18,508,14.692015313911202
17,18,509,14.782333893768222
17,18,510,14.821807380097935
17,18,511,14.812723342114333
17,18,512,14.757816001413683
17,18,513,14.674569826738708
17,18,514,14.59666936936844
17,18,515,14.560556185811604
17,18,516,14.585839062386503
17,18,517,14.67941892334643
17,18,518,14.832545469860268
17,18,519,15.016117321076711
17,18,520,15.189510478877542
17,18,521,15.331979498960136
17,18,522,15.446521416544714
17,18,523,15.534987621961674
17,18,524,15.591278087164792
17,18,525,15.613181119418138
17,18,526,15.5803146276809
17,18,527,15.464262717498276
17,18,528,15.263337671469161
17,18,529,15.00879447477305
17,18,530,14.744373254509393
17,18,531,14.532091316669565
17,18,532,14.42425785904743
17,18,533,14.423919683537676
17,18,534,14.501366918904987
17,18,535,14.622959905617302
17,18,536,14.743649884357735
17,18,537,14.812889466407107
17,18,538,14.811742276875203
17,18,539,14.742452767272283
17,18,540,14.598955579431543
17,18,541,14.381190396250636
17,18,542,14.122707430085189
17,18,543,13.864872914072299
17,18,544,13.643059519619428
17,18,545,13.488771896419056
17,18,546,13.421361795849302
17,18,547,13.425443015453448
17,18,548,13.46603909973701
17,18,549,13.509346005662529
17,18,550,13.533613600418034
17,18,551,13.522062055463548
17,18,552,13.470699751894287
17,18,553,13.395478407938327
17,18,554,13.315371108607366
17,18,555,13.238928843525347
17,18,556,13.177550667762443
17,18,557,13.14168637246519
17,18,558,13.125473264408207
17,18,559,13.120670026200717
17,18,560,13.131713939553851
17,18,561,13.160180099533353
17,18,562,13.202701552911261
17,18,563,13.255950584742285
17,18,564,13.311191493930197
17,18,565,13.356473135480792
17,18,566,13.388571440557563
17,18,567,13.412520363639036
17,18,568,13.434379549029519
17,18,569,13.459492372443165
17,18,570,13.487705823360299
17,18,571,13.516883506752619
17,18,572,13.547708160546566
17,18,573,13.587692558951984
17,18,574,13.650434025821317
17,18,575,13.742473095936774
17,18,576,13.852812880729948
17,18,577,13.957692652825346
17,18,578,14.033161899498484
17,18,579,14.058858605982167
17,18,580,14.034158175581945
17,18,581,13.979629045733805
17,18,582,13.92680854941267
17,18,583,13.897113062631854
17,18,584,13.901082236995709
17,18,585,13.936817249844998
17,18,586,13.994269722758256
17,18,587,14.050958415892659
17,18,588,14.092684679466332
17,18,589,14.112272908454864
17,18,590,14.104708300112454
17,18,591,14.067030462646276
17,18,592,14.002442412590707
17,18,593,13.92281013447605
17,18,594,13.839491106429442
17,18,595,13.763555135597853
17,18,596,13.706089539948048
17,18,597,13.68347357758219
17,18,598,13.686974671634166
17,18,599,13.708323658320747
17,18,600,13.747016692389298
17,18,601,13.801051057249108
17,18,602,13.863208449288678
17,18,603,13.938587996126252
17,18,604,14.022759161227967
17,18,605,14.095929725676951
17,18,606,14.13795017817799
17,18,607,14.136868304248386
17,18,608,14.08915838295736
17,18,609,14.006385755988257
17,18,610,13.915923533744294
17,18,611,13.844623114056649
17,18,612,13.80887507104089
17,18,613,13.81272501561198
17,18,614,13.846764244397287
17,18,615,13.891391496402457
17,18,616,13.929067117462896
17,18,617,13.940188038619597
17,18,618,13.911262654144334
17,18,619,13.843160971157513
17,18,620,13.744778793125567
17,18,621,13.625194213008548
17,18,622,13.507854964018405
17,18,623,13.420729965876616
17,18,624,13.377824437409956
17,18,625,13.385401221555272
17,18,626,13.452360549943966
17,18,627,13.575275926229937
17,18,628,13.73298378096589
17,18,629,13.903780665350554
17,18,630,14.068903213890435
17,18,631,14.208852160267801
17,18,632,14.31019771126185
17,18,633,14.377989947692138
17,18,634,14.434179850496504
17,18,635,14.502310033198372
17,18,636,14.576901952950868
17,18,637,14.636121217269968
17,18,638,14.651672458465443
17,18,639,14.594870055643467
17,18,640,14.450038126373233
17,18,641,14.255268740622494
17,18,642,14.077295598976832
17,18,643,13.982779584165376
17,18,644,14.012178708430563
17,18,645,14.174198326926167
17,18,646,14.436464134509356
17,18,647,14.740623705399779
17,18,648,15.027677691138955
17,18,649,15.255583792398472
17,18,650,15.400485126729016
17,18,651,15.461439738466998
17,18,652,15.45337966504395
17,18,653,15.393158071594295
17,18,654,15.299093306041744
17,18,655,15.192256922179915
17,18,656,15.082677557887653
17,18,657,14.980374405125616
17,18,658,14.896847867233939
17,18,659,14.839490059239937
17,18,660,14.802552928417658
17,18,661,14.782254068140475
17,18,662,14.763360979832678
17,18,663,14.724562825157502
17,18,664,14.652360317976614
17,18,665,14.562237779937373
17,18,666,14.475477592585584
17,18,667,14.419977750872398
17,18,668,14.421145344132261
17,18,669,14.487622980196429
17,18,670,14.603815859746351
17,18,671,14.746601409859442
17,18,672,14.890079588818779
17,18,673,14.99805801352367
17,18,674,15.051017203447064
17,18,675,15.045794306285682
17,18,676,14.984670658243392
17,18,677,14.872812296893128
17,18,678,14.745781304347243
17,18,679,14.620881166590747
17,18,680,14.487301617165027
17,18,681,14.336137794395222
17,18,682,14.178497179800537
17,18,683,14.020225447262439
17,18,684,13.883527732502326
17,18,685,13.80097313849173
17,18,686,13.785597467404656
17,18,687,13.82063721590631
17,18,688,13.877629086590616
17,18,689,13.925813738762766
17,18,690,13.944692685882671
17,18,691,13.92754254476576
17,18,692,13.87530204890326
17,18,693,13.796343100855491
17,18,694,13.703086265953928
17,18,695,13.61200106639999
17,18,696,13.541923342489628
17,18,697,13.507911214404736
17,18,698,13.518730066126889
17,18,699,13.573308056100707
17,18,700,13.659392262465142
17,18,701,13.759049493120951
17,18,702,13.86108742659606
17,18,703,13.954783155177406
17,18,704,14.030468584968771
17,18,705,14.08136041815296
17,18,706,14.106844600534497
17,18,707,14.114030913101235
17,18,708,14.108497210112931
17,18,709,14.090880705859735
17,18,710,14.054020138547893
17,18,711,13.99054984861446
17,18,712,13.884856896665648
17,18,713,13.742349042367566
17,18,714,13.597266212478102
17,18,715,13.497124021905504
17,18,716,13.483510403847093
17,18,717,13.580607730803697
17,18,718,13.760824445563003
17,18,719,13.958195102062342
17,18,720,14.101143151399254
17,18,721,14.126813937711594
17,18,722,14.005852451549565
17,18,723,13.778732943478843
17,18,724,13.522207874019108
17,18,725,13.304405588320261
17,18,726,13.183341102708344
17,18,727,13.203665586792672
17,18,728,13.350746430594361
17,18,729,13.558408338711025
17,18,730,13.75468441673276
17,18,731,13.867455151030848
17,18,732,13.8402877923083
17,18,733,13.674955526692527
17,18,734,13.415752446271208
17,18,735,13.136787214644961
17,18,736,12.929693302765408
17,18,737,12.851612850437288
17,18,738,12.908399060280333
17,18,739,13.082246519563045
17,18,740,13.326122593819056
17,18,741,13.586191958010156
17,18,742,13.85073482636162
17,18,743,14.12700727518817
17,18,744,14.407369691870215
17,18,745,14.668774217212158
17,18,746,14.87869966177037
17,18,747,14.993728951616504
17,18,748,14.97810860487267
17,18,749,14.840119372630678
17,18,750,14.623985001335132
17,18,751,14.385218834106418
17,18,752,14.167642574479713
17,18,753,13.998674369526723
17,18,754,13.87452732605556
17,18,755,13.782033145537758
17,18,756,13.710832767280106
17,18,757,13.659642903686281
17,18,758,13.633645449257154
17,18,759,13.64003222672887
17,18,760,13.682346922241242
17,18,761,13.761467749517218
17,18,762,13.880974660564666
17,18,763,14.048056385782315
17,18,764,14.249112803315246
17,18,765,14.4557530252869
17,18,766,14.635054343913117
17,18,767,14.751253900651282
17,18,768,14.763362072127888
17,18,769,14.669544781670197
17,18,770,14.494348324744935
17,18,771,14.276955147302523
17,18,772,14.055848576337123
17,18,773,13.878948497936435
17,18,774,13.7791064491903
17,18,775,13.762451039390648
17,18,776,13.806550211339541
17,18,777,13.894096052305844
17,18,778,13.998005170594316
17,18,779,14.082276144137198
17,18,780,14.123216598674748
17,18,781,14.117872798195341
17,18,782,14.065460937769815
17,18,783,13.976060212860045
17,18,784,13.871087420991813
17,18,785,13.773103479239683
17,18,786,13.7037752453947
17,18,787,13.689215380087603
17,18,788,13.737296703716197
17,18,789,13.830781747567721
17,18,790,13.942284380119627
17,18,791,14.036274945098747
17,18,792,14.073112059790633
17,18,793,14.035782255197349
17,18,794,13.938746325635053
17,18,795,13.803498310154241
17,18,796,13.646521691708104
17,18,797,13.49270906333731
17,18,798,13.354949286168711
17,18,799,13.224323659673868
17,18,800,13.098612137935266
17,18,801,13.010890685917733
17,18,802,12.983797194127275
17,18,803,13.034506763811205
17,18,804,13.177607411845925
17,18,805,13.404985935541387
17,18,806,13.665379638242356
17,18,807,13.903690129237134
17,18,808,14.069533350739553
17,18,809,14.123494124872602
17,18,810,14.055562825308572
17,18,811,13.89700047534885
17,18,812,13.705168855959725
17,18,813,13.554593290604078
17,18,814,13.508620780279877
17,18,815,13.598546011686487
17,18,816,13.801765495018946
17,18,817,14.064056081320208
17,18,818,14.304611855391785
17,18,819,14.436551997629119
17,18,820,14.393638933012788
17,18,821,14.181708469032127
17,18,822,13.857546011545319
17,18,823,13.504045573266811
17,18,824,13.221766879209932
17,18,825,13.09981213243645
17,18,826,13.156813014489497
17,18,827,13.344909077161413
17,18,828,13.600784838181944
17,18,829,13.858679430444004
17,18,830,14.054178777589179
17,18,831,14.146978738917296
17,18,832,14.137170554842493
17,18,833,14.034225167051291
17,18,834,13.847006143656772
17,18,835,13.594652154002619
17,18,836,13.31240150355794
17,18,837,13.040667710042003
17,18,838,12.824098549150522
17,18,839,12.705572567257471
17,18,840,12.705046382364923
17,18,841,12.808189199993611
17,18,842,12.965789509131916
17,18,843,13.10883893946538
17,18,844,13.172619770870083
17,18,845,13.128014785283103
17,18,846,12.98630544448976
17,18,847,12.801174294525758
17,18,848,12.632039319865592
17,18,849,12.543911617928497
17,18,850,12.57481263225269
17,18,851,12.72499760999204
17,18,852,12.942659429652128
17,18,853,13.17660033394231
17,18,854,13.362511361979546
17,18,855,13.43846866932881
17,18,856,13.36868020906752
17,18,857,13.163424843065881
17,18,858,12.913359027931074
17,18,861,12.708019580955659
17,18,862,12.80680789756684
17,18,863,12.999620249635617
17,18,864,13.342599808680564
17,18,865,13.7087834522935
17,18,866,13.997936566365693
17,18,867,14.150883985939924
17,18,868,14.154955731125748
17,18,869,14.040750571001949
17,18,870,13.857578993593025
17,18,871,13.6697717403615
17,18,872,13.52241675868809
17,18,873,13.4379335866521
17,18,874,13.416244888031867
17,18,875,13.457928431300756
17,18,876,13.546129798008465
17,18,877,13.663035707520836
17,18,878,13.793513883711764
17,18,879,13.92120828725094
17,18,880,14.015823652950559
17,18,881,14.050102776891322
17,18,882,13.996881813070837
17,18,883,13.83933412128593
17,18,884,13.58987511389708
17,18,885,13.293046988960505
17,18,886,12.998076847229004
17,18,887,12.750897229082977
17,18,888,12.598425430807808
17,18,889,12.578344594502056
17,18,890,12.70316254869614
17,18,891,12.990834571173767
17,18,892,13.464816124519995
17,18,893,14.078159109695429
17,18,894,14.737458519667058
17,18,895,15.045437136692716
17,18,897,14.263153565495713
17,18,898,14.259275149936368
17,18,899,14.229487536509069
17,18,900,14.045366973902768
17,18,901,13.95019680223817
17,18,903,14.546968831902344
17,18,904,14.760944531273001
17,18,905,14.897220704635371
17,18,906,15.055335407121794
17,18,907,15.207061903588388
17,18,908,15.338850117927898
17,18,909,15.401058035966447
17,18,910,15.357716794428315
17,18,911,15.187950099059442
17,18,912,14.919121626781196
17,18,913,14.613502863371126
17,18,914,14.351427430391109
17,18,915,14.19236722365438
17,18,916,14.171180988407334
17,18,917,14.288383985815255
17,18,918,14.512451549606716
17,18,919,14.789452070959092
17,18,920,15.064075870447406
17,18,922,15.305804417901298
17,18,923,15.314845414043717
17,18,924,15.219244646971218
17,18,925,15.021860610062824
17,18,926,14.805526406586068
17,18,927,14.641786827131961
17,18,928,14.552060173801339
17,18,929,14.52774012969906
17,18,930,14.545978358872652
17,18,931,14.570881687077899
17,18,932,14.568753728706085
17,18,933,14.55065890721225
17,18,934,14.548991962090442
17,18,935,14.578643072019336
17,18,936,14.632769763780125
17,18,937,14.696046612646542
17,18,938,14.726810485498715
17,18,939,14.671495989757494
17,18,940,14.553552045844256
17,18,943,14.488794633166192
17,18,944,14.486991254151048
17,18,945,14.495835423401493
17,18,946,14.627672425916943
17,18,947,14.839895789713715
17,18,948,15.083975698429557
17,18,949,15.293101196130035
17,18,950,15.373919182706198
17,18,951,15.30161277776493
17,18,952,15.096852153051682
17,18,953,14.838502398407263
17,18,954,14.538635105814517
17,18,955,14.248596770640154
17,18,956,14.038751265080723
17,18,957,13.966720523754882
17,18,958,14.063055410008099
17,18,959,14.331265565720484
17,18,960,14.728085721131364
17,18,961,15.16737756231208
17,18,962,15.543724691842032
17,18,963,15.761095581582277
17,18,964,15.747931948560378
17,18,965,15.482206511589528
17,18,966,15.004496175742627
17,18,967,14.38024965080729
17,18,968,13.67337579619318
17,18,969,12.926021359215518
17,18,970,12.433460988191662
17,18,972,12.93050763193381
17,18,973,13.03344697405383
17,18,974,13.162846360434354
17,18,975,13.452523173827604
17,18,976,13.823577967188658
17,18,977,13.948105695471725
17,18,979,12.702568267535979
17,18,980,12.444661053629021
17,18,981,12.296981676616559
17,18,982,12.155546238126643
17,18,983,12.447801624300897
17,18,987,14.189451039316051
17,18,994,12.761184248934102
17,18,995,12.668226939256716
17,18,996,12.778652040209261
17,18,997,12.901119484011199
17,18,998,13.076866881558844
17,18,1000,13.523930303311564
17,18,1006,14.260968858747463
17,18,1007,14.174199682515942
17,18,1008,14.016079393116037
17,18,1009,13.764930395343846
17,18,1010,13.483996440348559
17,18,1011,13.224586958087604
17,18,1012,13.030660124900695
17,18,1013,12.947078607934955
17,18,1014,13.006335313756493
17,18,1015,13.21386565415364
17,18,1016,13.545079906179453
17,18,1017,13.940166406240998
17,18,1018,14.330169351995572
17,18,1019,14.642744837903507
17,18,1020,14.801921233871695
17,18,1021,14.76971043059752
17,18,1022,14.577500743347416
17,18,1023,14.281463361846408
17,18,1024,13.957489345840203
17,18,1025,13.70254622847017
17,18,1026,13.580428498685173
17,18,1027,13.57288766408113
17,18,1028,13.758224569229766
17,18,1029,14.136823208098882
17,18,1030,14.632541128264341
17,18,1031,15.120394887267118
17,18,1032,15.458371063024536
17,18,1033,15.53853739875835
17,18,1034,15.329373693598352
17,18,1035,14.885577742272249
17,18,1036,14.337787368603957
17,18,1037,13.84203873508047
17,18,1038,13.511409102492799
17,18,1039,13.390934900296996
17,18,1040,13.461862449352374
17,18,1041,13.647541638554747
17,18,1042,13.85907903908477
17,18,1043,14.03663544155079
17,18,1044,14.149463284236695
17,18,1045,14.1896996044547
17,18,1046,14.174471734988062
17,18,1047,14.125623978411271
17,18,1048,14.060585692574737
17,18,1049,13.999305641547883
17,18,1050,13.952767228738356
17,18,1051,13.920492032729173
17,18,1052,13.911407929725938
17,18,1053,13.941740334356538
17,18,1054,14.022370758611244
17,18,1055,14.16252299367943
17,18,1056,14.363299481167992
17,18,1057,14.595633376715323
17,18,1058,14.81116627583455
17,18,1059,14.953520032195689
17,18,1060,14.97486770065411
17,18,1061,14.861091883686955
17,18,1062,14.635630023370894
17,18,1063,14.341703838490776
17,18,1064,14.045061089195533
17,18,1065,13.819279369094229
17,18,1066,13.703574091514795
17,18,1067,13.702086323687054
17,18,1068,13.796175037009617
17,18,1069,13.942927144642049
17,18,1070,14.087964979896276
17,18,1071,14.200078178073943
17,18,1072,14.268286014019738
17,18,1073,14.295552699506429
17,18,1074,14.29590402875601
17,18,1075,14.284022545224177
17,18,1076,14.256240443775855
17,18,1077,14.205936317970846
17,18,1078,14.13209434776883
17,18,1079,14.039911704017971
17,18,1080,13.938176097605
17,18,1081,13.842057259174332
17,18,1082,13.761270438733487
17,18,1083,13.696150501275014
17,18,1084,13.640436798375278
17,18,1085,13.585237793505293
17,18,1086,13.523127789287633
17,18,1087,13.453970918898419
17,18,1088,13.390161758218026
17,18,1089,13.347777142007105
17,18,1090,13.34003842626724
17,18,1091,13.370677924697072
17,18,1092,13.433773368285234
17,18,1093,13.512560635013896
17,18,1094,13.58870228200175
17,18,1095,13.648406296296221
17,18,1096,13.68938120092856
17,18,1097,13.714481053153072
17,18,1098,13.721619812656074
17,18,1099,13.706522447667439
17,18,1100,13.674310696680442
17,18,1101,13.63469946338759
17,18,1102,13.594643695257835
17,18,1103,13.561024090273076
18,19,0,13.470138586903003
18,19,1,13.472022637699274
18,19,2,13.477939381363251
18,19,3,13.48930956946058
18,19,4,13.505910678278344
18,19,5,13.525507161979416
18,19,6,13.544604613664045
18,19,7,13.558950744501464
18,19,8,13.564480405132375
18,19,9,13.558793039001312
18,19,10,13.54176570136581
18,19,11,13.51470366487276
18,19,12,13.480467560506117
18,19,13,13.445179442079933
18,19,14,13.41449446838524
18,19,15,13.391422818801747
18,19,16,13.377491744061482
18,19,17,13.373576691434
18,19,18,13.378513320941234
18,19,19,13.390650092233496
18,19,20,13.40777861159312
18,19,21,13.427075832601233
18,19,22,13.445432127804361
18,19,23,13.460349298707438
18,19,24,13.47032769901802
18,19,25,13.47667335054428
18,19,26,13.481791641498994
18,19,27,13.487297395875615
18,19,28,13.493603641336396
18,19,29,13.49992417946747
18,19,30,13.504570518148379
18,19,31,13.506559659278182
18,19,32,13.506666648908272
18,19,33,13.50692299932002
18,19,34,13.510838320411517
18,19,35,13.520239663133106
18,19,36,13.534557503945466
18,19,37,13.551351259071252
18,19,38,13.567763282923277
18,19,39,13.580759853049576
18,19,40,13.589359059926112
18,19,41,13.593997438389895
18,19,42,13.595049592057853
18,19,43,13.592671675487509
18,19,44,13.586143861490022
18,19,45,13.5740936863016
18,19,46,13.555787734393315
18,19,47,13.532805564012978
18,19,48,13.50775333768724
18,19,49,13.484092026609456
18,19,50,13.464755890703398
18,19,51,13.451313840242968
18,19,52,13.443079617486653
18,19,53,13.438694581363468
18,19,54,13.436547448451577
18,19,55,13.436125122701727
18,19,56,13.437685670112126
18,19,57,13.442211553218044
18,19,58,13.449983883190129
18,19,59,13.460753627359907
18,19,60,13.472537087452537
18,19,61,13.483780929596586
18,19,62,13.493657586378555
18,19,63,13.502111462609909
18,19,64,13.509090133433185
18,19,65,13.516244788138865
18,19,66,13.524597123580017
18,19,67,13.53420583163457
18,19,68,13.544759506422023
18,19,69,13.556165490146613
18,19,70,13.566974213555623
18,19,71,13.575917036794097
18,19,72,13.581902372046578
18,19,73,13.583451534070738
18,19,74,13.579553808274465
18,19,75,13.570830511980784
18,19,76,13.557524167782855
18,19,77,13.54036308657787
18,19,78,13.521957927048446
18,19,79,13.50486165701423
18,19,80,13.489681486271095
18,19,81,13.477595659352744
18,19,82,13.469517482601942
18,19,83,13.464147028998259
18,19,84,13.459089495383582
18,19,85,13.45424412957724
18,19,86,13.44993696835086
18,19,87,13.445964283919164
18,19,88,13.442738767786317
18,19,89,13.442246563753713
18,19,90,13.444497606681654
18,19,91,13.447728339864579
18,19,92,13.450404790489607
18,19,93,13.451060769366487
18,19,94,13.447684052443197
18,19,95,13.439706878065131
18,19,96,13.428295906788373
18,19,97,13.415292715932596
18,19,98,13.402664243037917
18,19,99,13.391902024486651
18,19,100,13.383782176233549
18,19,101,13.378111797886083
18,19,102,13.37385948673283
18,19,103,13.36977640507262
18,19,104,13.364536721831275
18,19,105,13.357967803679
18,19,106,13.350602252743608
18,19,107,13.343238684353938
18,19,108,13.337269299102676
18,19,109,13.334887822627916
18,19,110,13.335878270471198
18,19,111,13.33926085192796
18,19,112,13.344517295260903
18,19,113,13.35115843992642
18,19,114,13.358703409227155
18,19,115,13.368852590027217
18,19,116,13.384590675790003
18,19,117,13.407754707505003
18,19,118,13.438665169622164
18,19,119,13.475720520113777
18,19,120,13.515335048341553
18,19,121,13.552614476178094
18,19,122,13.583636169163988
18,19,123,13.606122147663472
18,19,124,13.620119807673012
18,19,125,13.627250084326214
18,19,126,13.629190205412396
18,19,127,13.62666782256089
18,19,128,13.619028688885269
18,19,129,13.605656467032853
18,19,130,13.585823276998681
18,19,131,13.559918156126376
18,19,132,13.53015204366242
18,19,133,13.500559738397929
18,19,134,13.473234472760765
18,19,135,13.449236392698598
18,19,136,13.428589200771405
18,19,137,13.410550750884752
18,19,138,13.393843054058403
18,19,139,13.378334344386689
18,19,140,13.364365620273077
18,19,141,13.352737281334914
18,19,142,13.343645036242354
18,19,143,13.337237820500391
18,19,144,13.33325441607693
18,19,145,13.331947489820575
18,19,146,13.333470539354236
18,19,147,13.338787991225013
18,19,148,13.347730631277619
18,19,149,13.360138062661042
18,19,150,13.37524842376826
18,19,151,13.392081067342907
18,19,152,13.408872925612961
18,19,153,13.425014902147046
18,19,154,13.440640392768158
18,19,155,13.455703825776002
18,19,156,13.470305572114581
18,19,157,13.484657503074684
18,19,158,13.49824441839808
18,19,159,13.510031581051171
18,19,160,13.519857894209387
18,19,161,13.527461815743147
18,19,162,13.53282610379997
18,19,163,13.536198829816986
18,19,164,13.537731887132063
18,19,165,13.537784181352531
18,19,166,13.537179609295054
18,19,167,13.536859379855233
18,19,168,13.537777514038265
18,19,169,13.540794206924106
18,19,170,13.545717208944746
18,19,171,13.551496081724721
18,19,172,13.557055533958655
18,19,173,13.561764576516973
18,19,174,13.565213700559445
18,19,175,13.566822223624694
18,19,176,13.566679501993798
18,19,177,13.564913377246205
18,19,178,13.561413141398663
18,19,179,13.555953558052638
18,19,180,13.549017450546406
18,19,181,13.541037597918564
18,19,182,13.53204696823131
18,19,183,13.522035140114584
18,19,184,13.511500351454464
18,19,185,13.50093643234442
18,19,186,13.490767549805518
18,19,187,13.48107518956619
18,19,188,13.471019491992452
18,19,189,13.460221540061873
18,19,190,13.449086601698367
18,19,191,13.438184287296062
18,19,192,13.428789964758076
18,19,193,13.423455459913306
18,19,194,13.423106697105796
18,19,195,13.426867753276031
18,19,196,13.433337538352374
18,19,197,13.441163199411202
18,19,198,13.448365147699937
18,19,199,13.453080495944482
18,19,200,13.454162097060053
18,19,201,13.452016081285256
18,19,202,13.448138589478445
18,19,203,13.44410806277996
18,19,204,13.441495058853233
18,19,205,13.441861552087055
18,19,206,13.444883981083759
18,19,207,13.448207820359515
18,19,208,13.450139179400383
18,19,209,13.450425969415292
18,19,210,13.449036129997923
18,19,211,13.446476468321176
18,19,212,13.444723328440336
18,19,213,13.44550659749775
18,19,214,13.449928153432005
18,19,215,13.45920320535239
18,19,216,13.474286718146939
18,19,217,13.494573499910206
18,19,218,13.51815499161793
18,19,219,13.542752111404026
18,19,220,13.565949994644319
18,19,221,13.585730495278618
18,19,222,13.600892905302068
18,19,223,13.61172912414089
18,19,224,13.618723919905662
18,19,225,13.622504434922243
18,19,226,13.62412806380012
18,19,227,13.624615389271138
18,19,228,13.624075794517688
18,19,229,13.621910749790056
18,19,230,13.617312680194955
18,19,231,13.609722727415038
18,19,232,13.599150634080674
18,19,233,13.586586563889618
18,19,234,13.57444439839103
18,19,235,13.56474524685311
18,19,236,13.557737472425204
18,19,237,13.553369026614028
18,19,238,13.550576530275576
18,19,239,13.547810113619057
18,19,240,13.544798673197782
18,19,241,13.542990650089216
18,19,242,13.542327866333956
18,19,243,13.543472469186918
18,19,244,13.547152690587057
18,19,245,13.552889110557894
18,19,246,13.558697150404264
18,19,247,13.564080769269138
18,19,248,13.56819155810566
18,19,249,13.570545674005604
18,19,250,13.57102813690035
18,19,251,13.570278111502825
18,19,252,13.568726301235111
18,19,253,13.567419802158819
18,19,254,13.56608264743793
18,19,255,13.56367350849978
18,19,256,13.559655929651294
18,19,257,13.55345308397506
18,19,258,13.544155724487277
18,19,259,13.538254180197146
18,19,260,13.557697271300796
18,19,261,13.619130651261576
18,19,262,13.721965136491814
18,19,263,13.864834119263278
18,19,264,14.03907206166549
18,19,265,14.208688015872672
18,19,266,14.339660264985284
18,19,267,14.42080934034061
18,19,268,14.443464481110235
18,19,269,14.417840826805595
18,19,270,14.347409459179339
18,19,271,14.225718253339874
18,19,272,14.056443481399565
18,19,273,13.852959548316619
18,19,274,13.627424690098533
18,19,275,13.446980742529286
18,19,276,13.384776515429483
18,19,277,13.442813293332662
18,19,278,13.567697261352974
18,19,279,13.648758694511297
18,19,280,13.718490019204458
18,19,281,13.817934477591539
18,19,282,13.857764492676251
18,19,284,13.526093739898904
18,19,285,13.455837297452623
18,19,286,13.32628770271462
18,19,287,13.054642212244843
18,19,288,12.715832813289643
18,19,289,12.387849196775464
18,19,290,12.146386273660879
18,19,291,12.044120604257461
18,19,292,12.09629877041673
18,19,293,12.280097445491048
18,19,294,12.5557869776094
18,19,295,12.87308358467135
18,19,296,13.176597633614934
18,19,297,13.415951460626697
18,19,298,13.56649998581028
18,19,299,13.625909311622639
18,19,300,13.612761264091061
18,19,301,13.566229490149857
18,19,302,13.527018962442197
18,19,303,13.5212372237031
18,19,304,13.555620269528708
18,19,305,13.61640320040477
18,19,306,13.6768822276834
18,19,307,13.717586920832884
18,19,308,13.727515077613488
18,19,309,13.70341151612249
18,19,310,13.651056143148613
18,19,311,13.580418885679771
18,19,312,13.50101921964889
18,19,313,13.422626267943132
18,19,314,13.355958241711413
18,19,315,13.314683979438758
18,19,316,13.31730138449303
18,19,317,13.37473723406558
18,19,318,13.48254148944461
18,19,319,13.618841276969087
18,19,320,13.754135962363087
18,19,321,13.857713772995867
18,19,322,13.906820049714119
18,19,323,13.895322124736452
18,19,324,13.841756767254683
18,19,325,13.77435621538794
18,19,326,13.719959698342674
18,19,327,13.696531564079255
18,19,328,13.708218893816353
18,19,329,13.745395078551608
18,19,330,13.792045124935733
18,19,331,13.831069297758924
18,19,332,13.853528962100883
18,19,333,13.85963506760452
18,19,334,13.855695658330681
18,19,335,13.852332961587445
18,19,336,13.854552752674683
18,19,337,13.85591469545677
18,19,338,13.84627594073755
18,19,339,13.817713445311611
18,19,340,13.764021335886659
18,19,341,13.689851919618151
18,19,342,13.609593968882272
18,19,343,13.540215489830256
18,19,344,13.494731381870222
18,19,345,13.4803847908372
18,19,346,13.498543040951212
18,19,347,13.5452527924609
18,19,348,13.61073251820402
18,19,349,13.680042436375055
18,19,350,13.741038365417241
18,19,351,13.785722105842787
18,19,352,13.811415000811769
18,19,353,13.820555192937226
18,19,354,13.82091033041287
18,19,355,13.82334551497979
18,19,356,13.836690891231978
18,19,357,13.86184406332028
18,19,358,13.89441503960131
18,19,359,13.927879998605995
18,19,360,13.949708047585762
18,19,361,13.94587734297619
18,19,362,13.912286430918906
18,19,363,13.852266594077975
18,19,364,13.773979547183465
18,19,365,13.692766379685487
18,19,366,13.626416770266664
18,19,367,13.58579173442964
18,19,368,13.574148045996884
18,19,369,13.587131083847908
18,19,370,13.612443387709845
18,19,371,13.634385496021789
18,19,372,13.637653460730679
18,19,373,13.616372042824292
18,19,374,13.571427080410016
18,19,375,13.506561728234379
18,19,376,13.431703378821647
18,19,377,13.36447741482195
18,19,378,13.318687990051206
18,19,379,13.306878522405253
18,19,380,13.337217880018855
18,19,381,13.397609936244862
18,19,382,13.471492355198881
18,19,383,13.544285166210692
18,19,384,13.597683367172914
18,19,385,13.625068014175858
18,19,386,13.652110049748028
18,19,387,13.706605403548807
18,19,388,13.804386358952538
18,19,389,13.95171736374329
18,19,390,14.147579074327854
18,19,391,14.388135346726576
18,19,392,14.656116893159274
18,19,393,14.959367128859599
18,19,394,15.18995741332584
18,19,398,14.479978491234913
18,19,399,14.324518369373871
18,19,401,14.185056583848947
18,19,402,14.048082691304856
18,19,403,13.875920109343795
18,19,404,13.745753841071805
18,19,405,13.642926233953505
18,19,406,13.568186757882097
18,19,407,13.536783982333443
18,19,408,13.55444111087106
18,19,409,13.615453360798812
18,19,410,13.71125733587881
18,19,411,13.822382944047169
18,19,412,13.931901456761747
18,19,413,14.029713097929548
18,19,414,14.11034580402516
18,19,415,14.17352885010982
18,19,416,14.226674571737254
18,19,417,14.273274420209917
18,19,418,14.315512743791304
18,19,419,14.34960038279686
18,19,420,14.360193127230206
18,19,421,14.334489390093438
18,19,422,14.272789515185217
18,19,423,14.183075671063536
18,19,424,14.084422782379947
18,19,425,14.00881054027065
18,19,426,13.979174577630145
18,19,427,14.002128007482572
18,19,428,14.071296108115252
18,19,429,14.165769307659543
18,19,430,14.254422809583147
18,19,431,14.316662009041245
18,19,432,14.342632771876819
18,19,433,14.333040298134392
18,19,434,14.30381953061984
18,19,435,14.276152899179776
18,19,436,14.257734777414674
18,19,437,14.253530110024327
18,19,438,14.266239496723344
18,19,439,14.289637001465946
18,19,440,14.31600955774227
18,19,441,14.344007648425675
18,19,442,14.36563287684965
18,19,443,14.373440457535688
18,19,444,14.365067929288195
18,19,445,14.339660922402842
18,19,446,14.296445669380107
18,19,447,14.241412407299723
18,19,448,14.180844801208078
18,19,449,14.124172400788067
18,19,450,14.079305021193056
18,19,451,14.051611539196825
18,19,452,14.040078337275965
18,19,453,14.040986846439079
18,19,454,14.041520772374533
18,19,455,14.030558713365139
18,19,456,14.006135828802371
18,19,457,13.978527930258174
18,19,458,13.953133225693211
18,19,459,13.936994942352053
18,19,460,13.934500601550225
18,19,461,13.940897196125087
18,19,462,13.941399846810393
18,19,463,13.930919084158495
18,19,464,13.903061676726967
18,19,465,13.858910238684716
18,19,466,13.80791518037133
18,19,467,13.762928643149353
18,19,468,13.734448492604889
18,19,469,13.738806830621161
18,19,470,13.781020657240518
18,19,471,13.85303150569972
18,19,472,13.93895643894068
18,19,473,14.019744384899958
18,19,474,14.082418320820771
18,19,475,14.126100554437292
18,19,476,14.159327134743732
18,19,477,14.19577044011256
18,19,478,14.244154695042749
18,19,479,14.30034897792689
18,19,480,14.357659381438014
18,19,481,14.408446323197555
18,19,482,14.443305568818579
18,19,483,14.453510322717818
18,19,484,14.432210589828083
18,19,485,14.370649739666314
18,19,486,14.289818579112005
18,19,487,14.216885148750755
18,19,488,14.175976520381862
18,19,489,14.17371181393122
18,19,490,14.207013237200321
18,19,491,14.259559112470402
18,19,492,14.306403015863545
18,19,493,14.327037111315716
18,19,494,14.324525667182494
18,19,495,14.30060220488762
18,19,496,14.260575676667065
18,19,497,14.211376596211839
18,19,498,14.16181541749693
18,19,499,14.109104709286463
18,19,500,14.05177126912009
18,19,501,13.990333360195034
18,19,502,13.931304301473634
18,19,503,13.884101425284527
18,19,504,13.866455835367667
18,19,505,13.888177467498956
18,19,506,13.947601305393285
18,19,507,14.034356005589316
18,19,508,14.125937926653245
18,19,509,14.186312092104798
18,19,510,14.201722909327465
18,19,511,14.17758681025676
18,19,512,14.118308730769334
18,19,513,14.0473151267599
18,19,514,14.003501584836378
18,19,515,14.020166372402734
18,19,516,14.10358853114834
18,19,517,14.253957044401512
18,19,518,14.442028608466181
18,19,519,14.636523427949562
18,19,520,14.793751719738026
18,19,521,14.895598227002223
18,19,522,14.948421129126935
18,19,523,14.97783848898606
18,19,524,14.987952281703288
18,19,525,14.978911474551865
18,19,526,14.94039372472029
18,19,527,14.852658767425725
18,19,528,14.711866431794377
18,19,529,14.54325129595544
18,19,530,14.38527642043958
18,19,531,14.282116568829288
18,19,532,14.261110428371008
18,19,533,14.312283871289752
18,19,534,14.394786185179857
18,19,535,14.46612709997822
18,19,536,14.488052139840393
18,19,537,14.441125080909371
18,19,538,14.33346185065117
18,19,539,14.204488234025753
18,19,540,14.081347653597485
18,19,541,13.975116838541814
18,19,542,13.895105616666944
18,19,543,13.840135150564045
18,19,544,13.786469391555459
18,19,545,13.725408981983094
18,19,546,13.66881381354038
18,19,547,13.621424766536283
18,19,548,13.587503571469666
18,19,549,13.578874539198429
18,19,550,13.599681330049698
18,19,551,13.627698419266826
18,19,552,13.643242118331827
18,19,553,13.636029122818432
18,19,554,13.60500129136338
18,19,555,13.550789392119567
18,19,556,13.493937083474746
18,19,557,13.453394606391589
18,19,558,13.440754940631855
18,19,559,13.455750488476879
18,19,560,13.49427337959342
18,19,561,13.541436886317108
18,19,562,13.582549355082751
18,19,563,13.605673738150644
18,19,564,13.608096372345178
18,19,565,13.59578958763173
18,19,566,13.57735019775655
18,19,567,13.556814323285362
18,19,568,13.533264403717597
18,19,569,13.50150093075809
18,19,570,13.455410602730607
18,19,571,13.39618084252386
18,19,572,13.33534846396182
18,19,573,13.2893938405834
18,19,574,13.268338477816554
18,19,575,13.270879654199392
18,19,576,13.287940168787015
18,19,577,13.307696762469362
18,19,578,13.316655553121507
18,19,579,13.308784156597245
18,19,580,13.293300973235908
18,19,581,13.284716678914998
18,19,582,13.295323945790143
18,19,583,13.34049734269222
18,19,584,13.43444837297804
18,19,585,13.571392299863687
18,19,586,13.73401118476479
18,19,587,13.898009608295334
18,19,588,14.034772841945312
18,19,589,14.116865860957596
18,19,590,14.14029427356931
18,19,591,14.10808479077834
18,19,592,14.033004196425233
18,19,593,13.935728225196012
18,19,594,13.837123841101542
18,19,595,13.748520317824322
18,19,596,13.687098775363623
18,19,597,13.662522071764291
18,19,598,13.671388599127695
18,19,599,13.70885663244465
18,19,600,13.76258059875409
18,19,601,13.815348862759357
18,19,602,13.858567443010914
18,19,603,13.890917139383191
18,19,604,13.911119845449338
18,19,605,13.921471287920687
18,19,606,13.92342376022501
18,19,607,13.91282306503624
18,19,608,13.889802391503759
18,19,609,13.858852959141831
18,19,610,13.831780808817475
18,19,611,13.81801618822644
18,19,612,13.824476665088659
18,19,613,13.845874921409253
18,19,614,13.871574016926775
18,19,615,13.88976488620116
18,19,616,13.894720278503042
18,19,617,13.880025901201384
18,19,618,13.845973922169057
18,19,619,13.797330325038525
18,19,620,13.734050363225117
18,19,621,13.650224831998518
18,19,622,13.55427830150254
18,19,623,13.464068982074577
18,19,624,13.398530034374401
18,19,625,13.384841754272966
18,19,626,13.438077368775497
18,19,627,13.543913951543576
18,19,628,13.678065747578566
18,19,629,13.807638320527376
18,19,630,13.88564117347977
18,19,631,13.902113639400042
18,19,632,13.882887208907155
18,19,633,13.854039204722733
18,19,634,13.842399103876044
18,19,635,13.877621106166488
18,19,636,13.951640077305653
18,19,637,14.031565996492956
18,19,638,14.085330572628854
18,19,639,14.09147970352694
18,19,640,14.04709054653804
18,19,641,13.97914204383123
18,19,642,13.929836609432138
18,19,643,13.9299446581178
18,19,644,13.994956880741526
18,19,645,14.118252968287603
18,19,646,14.272908127182548
18,19,647,14.420616318583004
18,19,648,14.540797823933675
18,19,649,14.624232600418416
18,19,650,14.670927678643578
18,19,651,14.689644977511067
18,19,652,14.689633807347295
18,19,653,14.66910502542387
18,19,654,14.624488027767814
18,19,655,14.557573500436813
18,19,656,14.472937263829207
18,19,657,14.384149529918504
18,19,658,14.308841973137712
18,19,659,14.26161119795624
18,19,660,14.243135316221554
18,19,661,14.246594972743674
18,19,662,14.260037955808338
18,19,663,14.270346162780056
18,19,664,14.262838375147396
18,19,665,14.23945433262863
18,19,666,14.209891174052922
18,19,667,14.180400407697789
18,19,668,14.154611743118744
18,19,669,14.141428601904943
18,19,670,14.148457072541845
18,19,671,14.174227226845861
18,19,672,14.210636162300228
18,19,673,14.252765977238099
18,19,674,14.298138752549493
18,19,675,14.330424127064063
18,19,676,14.33821768590695
18,19,677,14.324363347247603
18,19,678,14.29156351608256
18,19,679,14.230838498300033
18,19,680,14.140618873465971
18,19,681,14.027955103545807
18,19,682,13.903463252358017
18,19,683,13.78259835208615
18,19,684,13.687063427363148
18,19,685,13.63222058951683
18,19,686,13.615092097846153
18,19,687,13.617959686654505
18,19,688,13.619260038388317
18,19,689,13.605745426349651
18,19,690,13.570843586534835
18,19,691,13.514022187168361
18,19,692,13.443722895711227
18,19,693,13.373141939339318
18,19,694,13.312289203612755
18,19,695,13.264326441207256
18,19,696,13.237312651317485
18,19,697,13.23572482028847
18,19,698,13.251080050743651
18,19,699,13.27160150895994
18,19,700,13.302973860323068
18,19,701,13.349052137799353
18,19,702,13.413896890050397
18,19,703,13.503901496203543
18,19,704,13.610515429319651
18,19,705,13.711576947796454
18,19,706,13.800260989914253
18,19,707,13.872396466936138
18,19,708,13.921935249352796
18,19,709,13.957126263415727
18,19,710,13.986303174401732
18,19,711,13.987843085795344
18,19,712,13.93799067284674
18,19,713,13.837466901717825
18,19,714,13.710974328475762
18,19,715,13.594727813057368
18,19,716,13.52979352510534
18,19,717,13.549168470155983
18,19,718,13.661943014862556
18,19,719,13.82947044328708
18,19,720,13.975032751400247
18,19,721,14.038907747651637
18,19,722,13.987445910029015
18,19,723,13.797643118895746
18,19,724,13.489149058167195
18,19,725,13.142707735223627
18,19,726,12.845958525344994
18,19,727,12.654151586215601
18,19,728,12.598569989847908
18,19,729,12.674179094469629
18,19,730,12.830512023710488
18,19,731,12.996407338019383
18,19,732,13.113787457652496
18,19,733,13.155813437475606
18,19,734,13.125225319681
18,19,735,13.053875989539634
18,19,736,12.974925879127747
18,19,737,12.930776153756268
18,19,738,12.955349916139111
18,19,739,13.063480315051045
18,19,740,13.237941313799894
18,19,741,13.477161525428086
18,19,742,13.773342814258426
18,19,743,14.091192998198707
18,19,744,14.373325756685947
18,19,745,14.570578385860625
18,19,746,14.630970802587889
18,19,747,14.51389359390861
18,19,748,14.235178815891834
18,19,749,13.860764636473712
18,19,750,13.481079111101105
18,19,751,13.164026806274657
18,19,752,12.955788976274285
18,19,753,12.85946943772809
18,19,754,12.860057126123044
18,19,755,12.915147509124312
18,19,756,13.001438933374658
18,19,757,13.09951956721646
18,19,758,13.199792889413803
18,19,759,13.273681325110244
18,19,760,13.305838726015999
18,19,761,13.295519742096072
18,19,762,13.263139997244167
18,19,763,13.235952499134058
18,19,764,13.249557055642516
18,19,765,13.321065820923424
18,19,766,13.443564872950718
18,19,767,13.574891857495805
18,19,768,13.670385326735865
18,19,769,13.700275299339275
18,19,770,13.658750182467296
18,19,771,13.556157002902111
18,19,772,13.443582520622162
18,19,773,13.364461763082247
18,19,774,13.343071986854737
18,19,775,13.388826467765476
18,19,776,13.489219762041879
18,19,777,13.611535982279346
18,19,778,13.733117271651992
18,19,779,13.831739000730465
18,19,780,13.881266235227113
18,19,781,13.877071432206
18,19,782,13.81538534772852
18,19,783,13.694752042565328
18,19,784,13.536716352795493
18,19,785,13.38107331200917
18,19,786,13.254374323137597
18,19,787,13.18667602489431
18,19,788,13.193953896384789
18,19,789,13.259755891152741
18,19,790,13.343764152724157
18,19,791,13.414030942212165
18,19,792,13.44279093563015
18,19,793,13.414851081854053
18,19,794,13.336832226701937
18,19,795,13.233627476813272
18,19,796,13.126378303261259
18,19,797,13.015123269440972
18,19,798,12.896870851928286
18,19,799,12.770925056638603
18,19,800,12.640606476110957
18,19,801,12.509832362377738
18,19,802,12.412494433671533
18,19,803,12.382923747240396
18,19,804,12.437708462099657
18,19,805,12.568944526885524
18,19,806,12.767916713378973
18,19,807,13.002568093970293
18,19,808,13.230474691020195
18,19,809,13.416321363290502
18,19,810,13.551353825402012
18,19,811,13.631682825372723
18,19,812,13.670648340444444
18,19,813,13.699004225301858
18,19,814,13.753095132903928
18,19,815,13.83395146952267
18,19,816,13.92447839589248
18,19,817,14.006962185177935
18,19,818,14.057786441456257
18,19,819,14.043931955766196
18,19,820,13.964350499623386
18,19,821,13.839162820241485
18,19,822,13.691082039911526
18,19,823,13.546047600045648
18,19,824,13.438534583908757
18,19,825,13.379385495543465
18,19,826,13.370603036579308
18,19,827,13.401560704574674
18,19,828,13.45868122375391
18,19,829,13.51889560367068
18,19,830,13.569579167447504
18,19,831,13.591187853453814
18,19,832,13.571669504006392
18,19,833,13.50707686000326
18,19,834,13.410197102183234
18,19,835,13.300386599180195
18,19,836,13.19977732993953
18,19,837,13.125646216957719
18,19,838,13.095367830417832
18,19,839,13.11270699406406
18,19,840,13.164390879033451
18,19,841,13.233851239421432
18,19,842,13.30296033914406
18,19,843,13.338854581193717
18,19,844,13.325117132968533
18,19,845,13.269492862688093
18,19,846,13.187593470473852
18,19,847,13.104464122688476
18,19,848,13.069976500600086
18,19,849,13.114226867391718
18,19,850,13.235173198409097
18,19,851,13.419844082628538
18,19,852,13.64016712216142
18,19,853,13.838089181735644
18,19,854,13.96701251366007
18,19,855,14.017689300443458
18,19,856,13.976704967264885
18,19,857,13.845899986014896
18,19,858,13.669537105652482
18,19,859,13.500484554069903
18,19,860,13.367585144708855
18,19,861,13.316719763190342
18,19,862,13.350996655380253
18,19,863,13.475960275865347
18,19,864,13.663712338152548
18,19,865,13.874696158714602
18,19,866,14.05777830949719
18,19,867,14.169299011797998
18,19,868,14.203017577096952
18,19,869,14.168847798509141
18,19,870,14.075970915428174
18,19,871,13.923598572084897
18,19,872,13.722641387649622
18,19,873,13.496664514596985
18,19,874,13.280383181679102
18,19,875,13.11501639269401
18,19,876,13.044189641822582
18,19,877,13.08547950947031
18,19,878,13.23242639943835
18,19,879,13.46153390917195
18,19,880,13.717060271397408
18,19,881,13.930494275156049
18,19,882,14.05591075012023
18,19,883,14.069037924819147
18,19,884,13.972054729850877
18,19,885,13.796752497424633
18,19,886,13.599378697582923
18,19,887,13.434738852103212
18,19,888,13.335669601744256
18,19,889,13.304853950718773
18,19,890,13.353454098972557
18,19,891,13.485158242012396
18,19,892,13.681304145523319
18,19,893,13.905707473695015
18,19,894,14.108866178573608
18,19,895,14.188983115650135
18,19,896,14.084893353082377
18,19,897,13.928076338754805
18,19,898,13.798912723931721
18,19,899,13.670436799663797
18,19,900,13.541696964624903
18,19,901,13.48182469603919
18,19,902,13.527603427878548
18,19,903,13.655762915896494
18,19,904,13.790233717190405
18,19,905,13.903193794447505
18,19,906,13.986181400995422
18,19,907,14.04272636046722
18,19,908,14.070988279404562
18,19,909,14.077053477158149
18,19,910,14.065669145900932
18,19,911,14.038629859126921
18,19,912,14.001578278893822
18,19,913,13.961019543090813
18,19,914,13.916064084228383
18,19,915,13.878277338482897
18,19,916,13.855453888439229
18,19,917,13.849069594830597
18,19,918,13.867565291267638
18,19,919,13.913253178843767
18,19,920,13.966758644533908
18,19,921,14.020048852037176
18,19,922,14.074347771452398
18,19,923,14.132297436212323
18,19,924,14.16873262503975
18,19,925,14.164507873355134
18,19,926,14.11432651036506
18,19,927,14.032286733807632
18,19,928,13.927472080823682
18,19,929,13.828859112673205
18,19,930,13.771263408904007
18,19,931,13.7613457990039
18,19,932,13.780088530251561
18,19,933,13.831511783017516
18,19,934,13.903735740019743
18,19,935,13.97445749434229
18,19,936,14.028523983001575
18,19,937,14.046774068608645
18,19,938,14.017962384124642
18,19,939,13.949869557401286
18,19,942,13.69975497419921
18,19,943,13.508936967006834
18,19,944,13.39553689177584
18,19,945,13.425796257809568
18,19,946,13.566717830000766
18,19,947,13.780163288181809
18,19,948,14.019997853048087
18,19,949,14.244704565305526
18,19,950,14.429691057539884
18,19,951,14.551699392982876
18,19,952,14.58404986451952
18,19,953,14.523035786952763
18,19,954,14.392194347912062
18,19,955,14.22098491952883
18,19,956,14.060334445841693
18,19,957,13.954939149013372
18,19,958,13.93029817232861
18,19,959,13.980921919832445
18,19,960,14.086476088303055
18,19,961,14.20841089222002
18,19,962,14.316043950678614
18,19,963,14.386514690089411
18,19,964,14.400702158911004
18,19,965,14.339371154776487
18,19,966,14.181985064404724
18,19,967,13.914053808795925
18,19,968,13.543467096220143
18,19,969,13.11030680820772
18,19,970,12.720145146728163
18,19,971,12.486393204336437
18,19,972,12.39038076809684
18,19,973,12.369812361206007
18,19,974,12.439824529261077
18,19,975,12.59730809730354
18,19,976,12.78141342870692
18,19,977,12.885298166694552
18,19,978,12.830327750468026
18,19,979,12.666473228313002
18,19,980,12.494552977375678
18,19,981,12.323747029631782
18,19,982,12.173373764793677
18,19,983,12.129448657188133
18,19,984,12.204993187549613
18,19,985,12.394361824917564
18,19,986,12.614455496689441
18,19,987,12.778683956711678
18,19,988,12.75394160266129
18,19,989,12.686461676027879
18,19,990,12.637537602251431
18,19,991,12.629813858956693
18,19,992,12.65955066825902
18,19,993,12.705408084315208
18,19,994,12.771802428046676
18,19,995,12.848753630558747
18,19,996,12.948070673868584
18,19,997,13.062431647495071
18,19,998,13.208847673210915
18,19,999,13.383371810217195
18,19,1000,13.612368178086383
18,19,1001,13.791013340213976
18,19,1005,14.104490399841787
18,19,1006,14.131512600306547
18,19,1007,14.096216985642021
18,19,1008,13.957501083973625
18,19,1009,13.747914556335253
18,19,1010,13.517767609178428
18,19,1011,13.319752698511845
18,19,1012,13.191338014161618
18,19,1013,13.153307854286012
18,19,1014,13.198647010011314
18,19,1015,13.319218899799697
18,19,1016,13.501993960877703
18,19,1017,13.724220530468633
18,19,1018,13.952319746564473
18,19,1019,14.141751489902655
18,19,1020,14.242013698936224
18,19,1021,14.232184776358014
18,19,1022,14.131625039521879
18,19,1023,13.973025843716572
18,19,1024,13.803969989364298
18,19,1025,13.68662268827959
18,19,1026,13.654517118023483
18,19,1027,13.702386269172369
18,19,1028,13.829880294705601
18,19,1029,14.022382822699239
18,19,1030,14.234448608941639
18,19,1031,14.41927469549212
18,19,1032,14.54603700838753
18,19,1033,14.581492476415075
18,19,1034,14.518573999352633
18,19,1035,14.37684297750026
18,19,1036,14.19633308507941
18,19,1037,14.017636585780066
18,19,1038,13.896359125028566
18,19,1039,13.850029580060939
18,19,1040,13.871844862502524
18,19,1041,13.934899815377138
18,19,1042,14.009500982090719
18,19,1043,14.061775976703876
18,19,1044,14.083852911458196
18,19,1045,14.085484464191017
18,19,1046,14.080730517156011
18,19,1047,14.082164611363732
18,19,1048,14.101283656794257
18,19,1049,14.146310528848312
18,19,1050,14.210636380601297
18,19,1051,14.276625788700226
18,19,1052,14.326803938225446
18,19,1053,14.343587719422958
18,19,1054,14.3152459016276
18,19,1055,14.243513721499253
18,19,1056,14.155032901878938
18,19,1057,14.082643344487378
18,19,1058,14.058307611150589
18,19,1059,14.088639546433365
18,19,1060,14.156144689174432
18,19,1061,14.226535070990481
18,19,1062,14.262997630300111
18,19,1063,14.227417618632243
18,19,1064,14.11600880038086
18,19,1065,13.962032915357101
18,19,1066,13.803941816221494
18,19,1067,13.673932236908517
18,19,1068,13.601404154731
18,19,1069,13.598030997842434
18,19,1070,13.658035543619283
18,19,1071,13.779616341719088
18,19,1072,13.956140089925366
18,19,1073,14.17511955882999
18,19,1074,14.417302054749968
18,19,1075,14.644725542575115
18,19,1076,14.803380436099099
18,19,1077,14.863928984242953
18,19,1078,14.822590780614513
18,19,1079,14.690086683622955
18,19,1080,14.506887279506579
18,19,1081,14.324113639121679
18,19,1082,14.165828607047558
18,19,1083,14.038986955730861
18,19,1084,13.948811381327522
18,19,1085,13.890164273240872
18,19,1086,13.853308004226239
18,19,1087,13.841612056996826
18,19,1088,13.855646340275756
18,19,1089,13.88810716678188
18,19,1090,13.928738880782939
18,19,1091,13.968517326712604
18,19,1092,13.995370174339767
18,19,1093,14.004672225316797
18,19,1094,13.9969296492312
18,19,1095,13.980663881259433
18,19,1096,13.968678259438159
18,19,1097,13.962640868796715
18,19,1098,13.956902304086835
18,19,1099,13.951938758535706
18,19,1100,13.945888469892731
18,19,1101,13.932402037668641
18,19,1102,13.916340265963136
18,19,1103,13.904207548797048
