point_id,frame,x,y
0,0,131.41805828942384,294.0296120708787
0,1,131.65721268112134,294.12601141680227
0,2,131.92510660222524,294.2354596906419
0,3,132.15215587936817,294.3277050226352
0,4,132.2341699837927,294.35923953201456
0,5,132.2526492768379,294.3620106596694
0,6,132.2624880732497,294.3710007605752
0,7,132.26152251523638,294.38746785965316
0,8,132.25027584445962,294.4077905726334
0,9,132.24353678590091,294.42085575049776
0,10,132.24357585240486,294.40300037705475
0,11,132.25101949691833,294.37125139080706
0,12,132.2630349243866,294.3231695234813
0,13,132.26341543207423,294.2631161948985
0,14,132.24302158394997,294.2021489708443
0,15,132.20154989059114,294.1652236730741
0,16,132.1424079302483,294.1326951926474
0,17,132.07176174073302,294.10871946369946
0,18,132.0067704678932,294.0901794005704
0,19,131.94894902933567,294.0751901513875
0,20,131.89602193646496,294.067103802788
0,21,131.85339102943578,294.0682010066312
0,22,131.8261134312261,294.0794766848669
0,23,131.8199735198736,294.11692316966406
0,24,131.8166585827483,294.16140425824403
0,25,131.81757812743717,294.2118032690223
0,26,131.8247021378242,294.27046101756775
0,27,131.82971532620311,294.3273288934833
0,28,131.83823607337442,294.3778670275581
0,29,131.85822234212716,294.42723950863905
0,30,131.88537215788162,294.47253473339305
0,31,131.90928742850582,294.50934908909153
0,32,131.92967956070848,294.53653771289254
0,33,131.92747139293334,294.54169049201073
0,34,131.89212674968493,294.5432793837357
0,35,131.83633337290067,294.54236071800807
0,36,131.76784053596865,294.52866372533674
0,37,131.689607083495,294.50389998701905
0,38,131.6308845577817,294.48383702373127
0,39,131.60378511534634,294.4677482592805
0,40,131.59554278770523,294.4625158435386
0,41,131.60678615519728,294.48312344149883
0,42,131.63284477190558,294.52341611948293
0,43,131.6471675025481,294.5643159549267
0,44,131.65358957638432,294.59821221295726
0,45,131.64967590218797,294.60519730140396
0,46,131.60749823254093,294.55176373521266
0,47,131.55027504169223,294.4653498010558
0,48,131.490729224501,294.35934822097835
0,49,131.4341835524762,294.25440640757614
0,50,131.3881752080798,294.1790480741272
0,51,131.37526712356643,294.150411141343
0,52,131.3753902873708,294.14509704245955
0,53,131.37769365657903,294.1526713576177
0,54,131.37873279064246,294.15821405047365
0,55,131.37539265791526,294.1508067385858
0,56,131.36824943703982,294.1434577135702
0,57,131.3680805021234,294.14363063788653
0,58,131.39663577304657,294.1684659191269
0,59,131.43283848524953,294.211830595984
0,60,131.47472085208128,294.2632434568014
0,61,131.51910333447628,294.31018693727475
0,62,131.55151767062304,294.3432874705519
0,63,131.5569386929882,294.34806958497705
0,64,131.55263070469988,294.3312116477062
0,65,131.5430993503788,294.305386068262
0,66,131.53270455540982,294.281338241094
0,67,131.5264043608974,294.2619780748023
0,68,131.52026263640042,294.2468361056545
0,69,131.51602448979523,294.246482011522
0,70,131.5140900260385,294.2729825972637
0,71,131.50920237333918,294.31088285612645
0,72,131.51324140843508,294.3727042836685
0,73,131.51958700955524,294.4473524119461
0,74,131.52684234697784,294.5149737785983
0,75,131.53296500926194,294.5550627779208
0,76,131.5381712385358,294.58203666598615
0,77,131.52940273228234,294.5841041959165
0,78,131.51925302474942,294.5777926340643
0,79,131.51494794396967,294.57532534917146
0,80,131.51104971949792,294.5700980612555
0,81,131.51203895931127,294.5607754408591
0,82,131.51802360562934,294.53627229829084
0,83,131.5175108250385,294.491737502597
0,84,131.52929498419076,294.42247653581825
0,85,131.5355836513132,294.33948846432884
0,86,131.53944928109817,294.2578049145246
0,87,131.54437320927644,294.19456236895076
0,88,131.56018316182664,294.1498546181536
0,89,131.56980336598687,294.13561053767853
0,90,131.59173715402417,294.14504428026646
0,91,131.62011329192308,294.1611237420061
0,92,131.65116224308974,294.1763226641841
0,93,131.67741366138503,294.18252091686435
0,94,131.6912476138505,294.1591297353526
0,95,131.6923451291366,294.12988045775296
0,96,131.68319326563673,294.1107919085202
0,97,131.6659721473305,294.10524794098797
0,98,131.64230071843926,294.11190961927593
0,99,131.61863123053297,294.13739171319145
0,100,131.6058825775871,294.1687560677367
0,101,131.61301019246181,294.200656894663
0,102,131.63231503371344,294.2295036039588
0,103,131.66097913230632,294.25872656272645
0,104,131.68893872794814,294.2876511644008
0,105,131.70109888748,294.300535037798
0,106,131.6768314908399,294.27480961360084
0,107,131.63109036562543,294.23019499081147
0,108,131.57456397731102,294.1832459508195
0,109,131.5469041135402,294.1758250284123
0,110,131.6192140803435,294.2744308627025
0,111,131.86130707760202,294.5583749823111
0,112,132.34711851253405,295.0957876909908
0,113,133.14647493424903,295.99925508061796
0,114,134.24241786057507,297.26193249510555
0,115,135.57000469734618,298.8027435040276
0,116,137.03300732700984,300.5458730208136
0,117,138.4955707034546,302.28826957861247
0,118,139.73619970823717,303.83681889271054
0,119,140.69813566772393,305.1192144500908
0,120,141.4867568556717,306.1542268271203
0,121,142.29095620511077,307.0016715993047
0,122,143.13484362998796,307.8344149557162
0,123,144.10227644088016,308.79501147862703
0,124,145.26793041850166,309.8811236277721
0,125,146.6864328649904,311.16825779774626
0,126,148.2842301265569,312.73425311333995
0,127,150.12166861166182,314.6294582213993
0,128,152.3182717715866,316.7552379404083
0,129,154.83187112511277,319.1711505520419
0,130,157.47987596639385,321.6755974530245
0,131,159.94543499701894,323.98785626119366
0,132,162.12205332667753,325.88877901018685
0,133,163.89065695270676,327.4416775133375
0,134,165.05777182746448,328.6472456229703
0,135,165.72930165554232,329.65641939542616
0,136,166.32635185319876,330.7865606362108
0,137,166.91350552243568,332.0933703890059
0,138,167.50724091955962,333.4951474635451
0,139,168.34602511113007,334.9124519444318
0,140,169.29920084950498,336.29788305783006
0,141,170.0691197173606,337.29028391532637
0,142,170.6120878961327,337.92172457507957
0,143,170.85557808228646,338.1130482607251
0,144,170.71532787818023,337.94950695353083
0,145,170.27095209352277,337.530534430585
0,146,169.5856973895366,337.0931531506468
0,147,168.5755044556841,336.50655354397406
0,148,167.21965851669808,335.7239971716673
0,149,165.65060662155946,334.65011299823436
0,150,163.80940842607362,333.08989164920007
0,151,161.71318100009628,330.9393200727338
0,152,159.5211228411029,328.3918637673912
0,153,157.34486910850117,325.66478816921693
0,154,155.1950303317125,322.8559206122655
0,155,153.23836499415626,320.2918343772559
0,156,151.57942092820184,318.1957406308609
0,157,150.187025799793,316.45515177201185
0,158,149.0852399635011,314.9522805332391
0,159,148.23647864037972,313.82281720878865
0,160,147.71451628787145,313.00766803896056
0,161,147.63985372611478,312.4097379507212
0,162,147.6893744045077,312.0789736649795
0,163,147.49774789691998,311.9477318210161
0,164,147.03323045451396,311.7969830588762
0,165,146.5068065555362,311.5265756562389
0,166,146.03624109863836,311.18833363539846
0,167,145.8724630164627,310.8891060232242
0,168,146.1445130845245,310.6706641327724
0,169,146.5759498930358,310.4547713848314
0,170,146.6475798244042,310.1251395625246
0,171,146.19465041452347,309.61893902539236
0,172,145.43830079157874,308.99573457964124
0,173,144.7124627036257,308.37170114262614
0,174,144.23759377959604,307.7525819334891
0,175,143.90453750973512,307.1617620223881
0,176,143.5696733920092,306.6055492941332
0,177,143.17828440789108,306.07606176053514
0,178,142.75225014542204,305.68111813296264
0,179,142.4049532325708,305.425744471406
0,180,142.3911986014821,305.36860169218966
0,181,142.77674446412144,305.540685070349
0,182,143.44437724292484,305.9220504884653
0,183,144.35823410489442,306.5221545127818
0,184,145.3040725628272,307.3872638366454
0,185,146.18557368392166,308.4627638460015
0,186,146.88692313792936,309.6556111978456
0,187,147.39545833917865,310.79763466466903
0,188,147.668100481095,311.6371855763087
0,189,147.94027527666205,312.2425207437302
0,190,148.3134780410403,312.5969794114178
0,191,148.70176524765122,312.6509061148008
0,192,149.0475580860397,312.43780601127406
0,193,149.2930670068243,312.1591691584179
0,194,149.51316260318254,311.98612032529553
0,195,149.77901435558223,311.94998152018576
0,196,150.3616543345067,312.1670135866011
0,197,151.2866003099809,312.6595627131803
0,198,152.50775737553198,313.44106767832506
0,199,153.86488126220627,314.4633439055471
0,200,155.38835992471073,315.86156449011605
0,201,157.17272358549562,317.6944900240685
0,202,159.2429090755077,319.90194309376125
0,203,161.5728346574851,322.26279145779586
0,204,164.12468553067205,324.7320909159036
0,205,166.6818558260858,327.1524529806258
0,206,168.98726313588614,329.2626505430271
0,207,171.13119168762,331.0064241681
0,208,172.87433751091487,332.3491824653589
0,209,174.05037140411758,333.0408489422235
0,210,174.56941445866184,333.02508408850514
0,211,174.29130448237686,332.29989993671626
0,212,173.02269881254162,330.9186733160301
0,213,171.07419345629845,329.0815424571416
0,214,168.64210215047223,327.0688830340047
0,215,166.05128911504485,325.19787221848793
0,216,163.75079819894503,323.7272137656381
0,217,162.12134785563717,322.86518156289566
0,218,161.34199203807574,322.64076160306576
0,219,161.48132659010355,323.02753466133487
0,220,162.40146384551463,323.7816222896285
0,221,163.90371339652296,324.84822304237775
0,222,165.79750030754013,326.0677233163915
0,223,167.88615057267026,327.27513233084204
0,224,169.95336317838073,328.3082528716329
0,225,171.74726005209774,329.23038790410146
0,226,173.10052606929122,329.89052598757826
0,227,173.97560037572617,330.27039221418534
0,228,174.24355867687,330.41761513878646
0,229,173.99782031083058,330.41693984227174
0,230,173.5148623254714,330.2202590272323
0,231,172.9355468681639,329.9449833799481
0,232,172.1308013069058,329.43614599860604
0,233,171.39398239523513,328.6237469449203
0,234,170.60869787608416,327.7719944761117
0,235,169.68103825354498,327.10174316858246
0,236,168.66714320079222,326.54662254426097
0,237,168.01636686091288,325.9310613394845
0,238,167.65004735228612,325.2984489495162
0,239,167.22492235575828,324.7210980537452
0,240,166.77426027764184,324.06738201920496
0,241,166.41482986244222,323.30224692898474
0,242,166.12072877129512,322.63479011501533
0,243,166.02179935897306,322.1903383730631
0,244,166.25787547395024,321.9213336260286
0,245,166.6397946789995,321.9283203058683
0,246,166.97018609108432,322.2764208551983
0,247,167.26006770837063,322.64269508261447
0,248,167.4933570921366,322.71416007813497
0,249,167.50123779758223,322.85956990187225
0,250,167.42335523065694,323.190552883004
0,251,167.47090846557677,323.234252623445
0,252,167.57220234633786,323.02118466202177
0,253,167.56881705710538,322.8118507357891
0,254,167.19847851891467,322.55578674949857
0,255,166.23742429737368,322.08194637351704
0,256,164.69991232853408,321.5221997979554
0,257,162.69882806221233,320.753643323124
0,258,160.48117111883346,319.71636684420037
0,259,158.39273041599148,318.3525326275449
0,260,156.81792843309077,316.8518224260727
0,261,155.7453647683626,315.370640092663
0,262,155.06044939588065,314.0482734960359
0,263,154.5923251336679,313.0995787527416
0,264,154.2316035403263,312.69369135307824
0,265,154.04552702658088,312.7324389289317
0,266,154.05590440886962,313.1342695462401
0,267,154.32347656041142,313.89078822049714
0,268,154.84908637235753,314.8163565985855
0,269,155.82196060896175,315.79586412871475
0,270,156.8667984600754,316.6943346803128
0,271,157.7959469654754,317.33206985662594
0,272,158.385961782883,317.6311849768374
0,273,158.34650437485016,317.58205843964765
0,274,157.53617956895698,317.0488231424725
0,275,156.36841883467645,316.1527668788627
0,276,154.9809177189264,315.02385658228303
0,277,153.57250950239109,313.64367419939583
0,278,152.3069374433555,312.1855802114929
0,279,151.30587387435253,310.99579563571933
0,280,150.44874383996734,310.0978521056276
0,281,149.8540128915695,309.50225947010813
0,282,149.38292413481972,309.2416767180506
0,283,149.1393421853295,309.26421901043824
0,284,149.1129128064526,309.3826113314504
0,285,149.35649734558658,309.55299671912474
0,286,149.84406888463366,309.9183181008317
0,287,150.63730246210943,310.6054113230633
0,288,151.53799728608368,311.49223944738327
0,289,152.46671581469067,312.5387883194252
0,290,153.47956414553408,313.7417205551694
0,291,154.5436731852799,314.8666117174637
0,292,155.38883828759973,315.6749633995774
0,293,155.91186641188392,316.10647327759733
0,294,156.0370452450636,316.22240477669925
0,295,155.80093730197498,316.09518385315744
0,296,154.9958229083756,315.7161770171063
0,297,153.92028363487236,315.1962033087606
0,298,153.05537539839742,314.7818855918033
0,299,152.5195790070616,314.4504051706112
0,300,152.14851606695757,314.1273593387321
0,301,151.97887320091607,313.9349702242741
0,302,151.96052259663017,313.86948784522883
0,303,151.99060449081895,313.88038507722683
0,304,152.0426848927338,313.9266276788578
0,305,152.1086373249327,313.97713890387126
0,306,152.4086382093255,314.02467667807076
0,307,153.0544223620767,314.07427688206957
0,308,153.87576494572403,314.1488350896869
0,309,154.70479633601752,314.3752397657609
0,310,155.48871037287364,314.69124981073776
0,311,156.05191513827603,315.0492518624952
0,312,156.36578684935068,315.3614331699055
0,313,156.61877250566874,315.61881971857457
0,314,156.82423158191628,315.7188795829217
0,315,156.86559849114835,315.62571580654463
0,316,156.56053564333754,315.29292316585935
0,317,155.86175181475932,314.84223169301447
0,318,154.80082325986282,314.20834095436845
0,319,153.6696599442705,313.44721065659627
0,320,152.7613384710728,312.777577748561
0,321,152.48705570657364,312.3100420186559
0,322,152.95509941937988,312.05536764384897
0,323,153.8914137975456,312.2702866122577
0,324,155.09859714350947,313.0207235720949
0,325,156.3515285386479,314.1092893780808
0,326,157.40445613875076,315.2028393343077
0,327,158.26802133709378,316.2834206069684
0,328,158.99941734306393,316.9998959176777
0,329,159.6227029316008,317.290039910788
0,330,160.19932438549816,317.4039136177903
0,331,160.66029999148208,317.6340799513784
0,332,160.69829305345476,317.96471164105935
0,333,160.39636396140992,318.3657830148524
0,334,159.8427675797499,318.7368572586132
0,335,159.16595618484877,318.83087001698146
0,336,158.52535655308571,318.57296851227215
0,337,157.99256725300222,317.9623726201674
0,338,157.57228369480012,317.08265988992144
0,339,157.22591319363482,316.1061365733846
0,340,156.7338574623092,315.1529166391747
0,341,155.9011670619131,314.32390883491536
0,342,154.82350696597842,313.63911860650774
0,343,153.7081675062151,313.1990390245685
0,344,152.6222779735205,312.78602229711476
0,345,151.5768879210708,312.2771651308495
0,346,150.74452457971066,311.6452296507805
0,347,150.14921532845037,311.09992404525593
0,348,149.54222164343216,310.6787126146835
0,349,148.9706082961814,310.459905859674
0,350,148.6062506248909,310.631487151883
0,351,148.3899590770759,311.12282986787704
0,352,148.21953458412037,311.56941540380126
0,353,148.12153176938253,311.82454688073966
0,354,147.88397919474403,311.9248135226842
0,355,147.42671761297655,311.84128564373276
0,356,146.90280097972362,311.6729739774788
0,357,146.57665848458552,311.59247263900147
0,358,146.5829005505144,311.7091716587852
0,359,146.96708326792609,311.997207982056
0,360,147.52526572273044,312.33639675590325
0,361,148.23610194930725,312.73273556210614
0,362,149.00893641172172,313.17064693579914
0,363,149.72933220197743,313.6451512024793
0,364,150.24783964282693,314.1162849511418
0,365,150.63165349185144,314.5778482880257
0,366,150.94136091198422,315.0577551144101
0,367,151.2510850631955,315.55978546205466
0,368,151.52829541494572,315.9331522398078
0,369,151.69557830366233,316.15788902475356
0,370,151.82826145513647,316.2596439139033
0,371,151.8076147199557,316.1680425519073
0,372,151.4107214065948,315.81536238949786
0,373,150.36174348653,315.150835784849
0,374,148.66453773197728,314.0113651998627
0,375,146.3630520919722,312.4429405998809
0,376,143.46221037499282,310.4508708908506
0,377,140.09324180411048,307.92318364021577
0,378,136.65926519519144,304.9841613449223
0,379,133.57425579081175,301.8211597931767
0,380,130.99070935102085,298.54599215704485
0,381,129.02252859269822,295.267909369781
0,382,127.7718988835784,292.2510055582195
0,383,127.0934772328971,289.71350157109157
0,384,126.85897039080552,287.88626657392416
0,385,127.05720374400906,286.81974067638447
0,386,127.66273354220539,286.52951226107626
0,387,128.54161750121966,287.07227026939637
0,388,129.69729420705963,288.3600247637805
0,389,131.12623714657164,290.2596791274882
0,390,132.66299578505846,292.58518329019
0,391,134.12139009267344,295.11189367593437
0,392,135.34665574886856,297.54335477219195
0,393,136.25391229727938,299.6833493902184
0,394,136.7038718815566,301.3917642600801
0,395,136.71909282947928,302.64749135791516
0,396,136.4016260768039,303.4726338477137
0,397,135.86596288381588,303.8855483399207
0,398,135.19036726630188,303.84009956753795
0,399,134.45488661424034,303.3292316646639
0,400,133.74026201139412,302.39394587248427
0,401,133.10202988079914,301.16577118326336
0,402,132.56136857433694,299.7572346378211
0,403,132.146178827132,298.2397573916224
0,404,131.9456723694613,296.80082590968817
0,405,131.91624141807608,295.4878355426726
0,406,132.01270554166322,294.3037797406758
0,407,132.22406805438507,293.3170423842541
0,408,132.53194245127392,292.66375613498803
0,409,132.82064164084377,292.3377956620479
0,410,133.04749503210263,292.3523966251663
0,411,133.18658085042105,292.7325284202729
0,412,133.17827867881067,293.4269658306602
0,413,133.064363937274,294.3822656766252
0,414,132.9162765232292,295.5340528023463
0,415,132.78500071883414,296.7604375868467
0,416,132.76587524532812,297.94442730987845
0,417,132.93652071875488,298.97910607605365
0,418,133.25608439406662,299.8131580199762
0,419,133.67650500512786,300.37082140543305
0,420,134.15333928401216,300.6925481931675
0,421,134.55742598822278,300.7724783158951
0,422,134.8300625724424,300.70351662263226
0,423,134.99273733937096,300.47007381632346
0,424,135.06313027245454,300.0879645315332
0,425,134.97397997701788,299.43525002556413
0,426,134.7726959979792,298.5147869227869
0,427,134.46954271752773,297.35051083183146
0,428,134.05398622835008,296.06793395759416
0,429,133.4920699885765,294.76508544410603
0,430,132.91964832870775,293.6802486480394
0,431,132.32997985123927,292.92932939401874
0,432,131.78778785798113,292.543958687268
0,433,131.36828472858846,292.51367952824705
0,434,131.09820218774607,292.8591904132851
0,435,131.0023141806028,293.55719738626783
0,436,131.1661192421232,294.5289407634128
0,437,131.58324702973903,295.70351953835717
0,438,132.1926123934301,296.9663095684027
0,439,132.9852726959662,298.18257652806005
0,440,133.84776611460285,299.2289350915708
0,441,134.64639435937454,300.05435644055837
0,442,135.31682382057812,300.61248434850773
0,443,135.8012109278193,300.8679090146229
0,444,136.02717595216868,300.84318563797524
0,445,135.98674955855597,300.55741174325266
0,446,135.73767694138945,300.04479942628717
0,447,135.2247552040886,299.2818737168992
0,448,134.52369885051885,298.35205210144846
0,449,133.6933293682062,297.2831303593776
0,450,132.78828840740036,296.122825199001
0,451,131.88372946367167,294.98647160726307
0,452,131.16779819247594,294.03469598914035
0,453,130.6732198803184,293.3657244871099
0,454,130.48945784730418,293.08485488049627
0,455,130.61014161392188,293.1733516258366
0,456,130.95486715268248,293.5543423278959
0,457,131.49090156283074,294.2466268627391
0,458,132.15835101137156,295.1650238156349
0,459,132.83658811260617,296.10976758731323
0,460,133.50576235705375,297.03721501090155
0,461,134.10827028369184,297.9113283770069
0,462,134.5746509047244,298.6154456316403
0,463,134.88523669733448,299.0901101636663
0,464,135.0364618887676,299.38578332023343
0,465,134.99274251937499,299.4990538487297
0,466,134.80616592551888,299.434172443648
0,467,134.46670065606145,299.16703856136206
0,468,133.97666396372958,298.7086326648051
0,469,133.382487387509,298.1062184581469
0,470,132.77671418308503,297.36863040792093
0,471,132.23422657294503,296.5335931117197
0,472,131.8029560230559,295.7251147380959
0,473,131.50141594524155,295.04295721609986
0,474,131.32590346777,294.5094710443227
0,475,131.2798995174263,294.20149840623054
0,476,131.35455936775526,294.1370217230137
0,477,131.55211616265035,294.2568581246378
0,478,131.9067914753197,294.5575359143716
0,479,132.368948232412,295.0623961605756
0,480,132.86537266044863,295.68372924744057
0,481,133.3245286203486,296.30054228105007
0,482,133.67797757730287,296.878074737506
0,483,133.8311034708257,297.36541646041854
0,484,133.80169693044363,297.670432669216
0,485,133.64739580147625,297.7993813506283
0,486,133.40752141201924,297.82138140667837
0,487,133.1178597200961,297.7416451010555
0,488,132.84530692971762,297.5463907217353
0,489,132.6192677601139,297.2531946593294
0,490,132.41487373493618,296.8361605404728
0,491,132.24248621324958,296.3433834532063
0,492,132.13241685917313,295.8224669730379
0,493,132.08386592353642,295.2993036706864
0,494,132.11786074964107,294.8220227689674
0,495,132.22601569646062,294.47817673502357
0,496,132.37730498048876,294.2638014310843
0,497,132.52273511042267,294.16349626462267
0,498,132.61783557613342,294.17224155136086
0,499,132.64159851278527,294.27776264402416
0,500,132.60630466413087,294.44754781810263
0,501,132.51499293020925,294.66500150267376
0,502,132.4039744608358,294.9263436761779
0,503,132.32248982649494,295.2515559893849
0,504,132.27909716354094,295.612498247425
0,505,132.26381415755384,295.9680491252882
0,506,132.28788167693443,296.283713013212
0,507,132.33937119037097,296.5279559881478
0,508,132.40313082821643,296.6852447117619
0,509,132.4578790495824,296.74877463622
0,510,132.53189873762085,296.7345568241644
0,511,132.62391802968347,296.6710702405386
0,512,132.7280383089249,296.5690513753065
0,513,132.81637577204984,296.4091401241843
0,514,132.89345899905277,296.1911012785154
0,515,132.9456484504395,295.9563367072836
0,516,132.95186223051496,295.7110271748557
0,517,132.89472083686206,295.4811746034143
0,518,132.79328675806443,295.2867980924745
0,519,132.65728601250393,295.14127957754465
0,520,132.4718018362551,295.0520027508691
0,521,132.26074758424832,295.00488358599983
0,522,132.09541389249452,295.0355774422155
0,523,131.9724322147489,295.1255554697272
0,524,131.90177921842454,295.270010516893
0,525,131.91723730069285,295.4621253004933
0,526,132.05010899247102,295.7311219969807
0,527,132.22743837707014,296.0088834944683
0,528,132.4133750402676,296.26116562965046
0,529,132.58707163176248,296.48752683094614
0,530,132.71647223191883,296.66209730455154
0,531,132.75716399154604,296.7440193976251
0,532,132.74614140948233,296.74388682940315
0,533,132.7268235433689,296.6779795679754
0,534,132.68471209994883,296.56630644634373
0,535,132.6117223304292,296.3874885098926
0,536,132.53687848087506,296.1749927914802
0,537,132.44280319884112,295.94561700494705
0,538,132.35457045839428,295.74748833766
0,539,132.29101320336127,295.5766236010728
0,540,132.2547660508242,295.45429617409695
0,541,132.2382895714033,295.38566048135226
0,542,132.27650720056798,295.3981355785547
0,543,132.32892690268403,295.46336117126145
0,544,132.38453410557338,295.5813530512857
0,545,132.4548918688865,295.772007140897
0,546,132.54045104932524,296.0099039431334
0,547,132.62673539495083,296.2438924042771
0,548,132.69811559129028,296.4774969646049
0,549,132.76449439998007,296.6677207698216
0,550,132.8462725214073,296.7370242421622
0,551,132.8951112221491,296.70509860059366
0,552,132.89366778910312,296.6104737914195
0,553,132.84205903424052,296.4486407857493
0,554,132.74883637866418,296.27002884574625
0,555,132.58287794049883,296.1236448255707
0,556,132.3842606236302,295.9884604969115
0,557,132.20020086218756,295.8313003737242
0,558,132.0743956095665,295.66059215429453
0,559,131.99115790370865,295.48041184650583
0,560,131.9635545405289,295.3144393274041
0,561,131.99145608872172,295.1769365714607
0,562,132.06516905680996,295.12122005315365
0,563,132.15561825454503,295.16386363972896
0,564,132.27631343341528,295.2966601448921
0,565,132.42044859199015,295.50768149030694
0,566,132.5687490438022,295.7984142856869
0,567,132.6770751414541,296.0847148176267
0,568,132.75074865522532,296.32612976168633
0,569,132.7776036315115,296.50916416447984
0,570,132.7530291068968,296.6325029233311
0,571,132.6882636839625,296.6863179830515
0,572,132.59886804875262,296.679637791787
0,573,132.49250767186984,296.5982822843032
0,574,132.3879561372339,296.4161134986169
0,575,132.28888794302114,296.161829127098
0,576,132.19738327349913,295.8567650691493
0,577,132.11954497604458,295.5530649932494
0,578,132.05853264747248,295.29865088760516
0,579,132.01459290374893,295.1426901550978
0,580,132.00583700817472,295.0770051533412
0,581,132.03150450985865,295.0704964935573
0,582,132.09177589657764,295.1125905694963
0,583,132.16621884911427,295.19144208307245
0,584,132.2456638199593,295.303446025886
0,585,132.30948447580704,295.4195477313414
0,586,132.353396064482,295.5401234407557
0,587,132.35545113294194,295.64027384209385
0,588,132.34222724851492,295.7109093419815
0,589,132.3215167567773,295.7503874343861
1,0,145.11077395368926,302.882851292911
1,1,145.36971880226622,303.08872339707426
1,2,145.66458344236406,303.310981387247
1,3,145.9218218803601,303.4988517417231
1,4,146.0028402640676,303.5469681182005
1,5,146.0479164395438,303.54323515415086
1,6,146.08608647205975,303.5388516055412
1,7,146.1018065430776,303.54016888522233
1,8,146.08726606135323,303.5385623980236
1,9,146.07145983473788,303.5373601339021
1,10,146.0661684747763,303.5134960090163
1,11,146.07579754052227,303.4927853200684
1,12,146.10468965070194,303.477645391477
1,13,146.13602025337985,303.4600965367013
1,14,146.15395158866858,303.43754304245346
1,15,146.15543044533584,303.43591071727445
1,16,146.13650971293004,303.4313633228959
1,17,146.091905251935,303.4221479754883
1,18,146.03937716072227,303.4152007218919
1,19,145.97882669711265,303.4118111699815
1,20,145.91152647693661,303.4077304030487
1,21,145.85692563482368,303.4017514041916
1,22,145.84503151054085,303.3958126452289
1,23,145.87574370165103,303.4168085145707
1,24,145.9271863610314,303.4468806236037
1,25,145.99275967342894,303.4828057571253
1,26,146.06225664441016,303.5308324926431
1,27,146.10776693067766,303.5819499626416
1,28,146.13941052501178,303.6297271097065
1,29,146.1706165809948,303.6808341784697
1,30,146.2038023870206,303.73248191924256
1,31,146.2346200666324,303.7792842872488
1,32,146.2653886471867,303.82253623990505
1,33,146.27502850640778,303.8343805421274
1,34,146.23826306034164,303.81357985475086
1,35,146.17223999453174,303.78693500605794
1,36,146.0815641600588,303.7422684835333
1,37,145.97297793053542,303.6796286748296
1,38,145.86971682119858,303.62364113959984
1,39,145.80388985013823,303.59300580110477
1,40,145.75372970243973,303.5692913689538
1,41,145.73088274305263,303.5740096481643
1,42,145.72520549944318,303.6045742708699
1,43,145.72073678444815,303.6387162867896
1,44,145.71869444232664,303.67017722502095
1,45,145.7273829839364,303.6840063770294
1,46,145.72044669936992,303.6376218058892
1,47,145.71015821281043,303.5642953821781
1,48,145.69743764541857,303.4758456895867
1,49,145.6844391495622,303.3853419438667
1,50,145.6678744030878,303.31583380826646
1,51,145.65839096869317,303.29005875717274
1,52,145.6421915282738,303.27792087109873
1,53,145.62806283159733,303.2772169349585
1,54,145.6145015434969,303.2786379957463
1,55,145.60112494202522,303.27454999237295
1,56,145.5891791093553,303.27591830669144
1,57,145.59128477815293,303.28792834031316
1,58,145.61872957796908,303.31833598639344
1,59,145.65770496219656,303.3610857062066
1,60,145.70264765985064,303.4070059564906
1,61,145.75065771043603,303.44911463670974
1,62,145.79346398469372,303.4809757493422
1,63,145.8116961625382,303.4912344989109
1,64,145.8099395542424,303.48639037474425
1,65,145.80022838357877,303.4787660690812
1,66,145.7882542716388,303.46848712927255
1,67,145.77393943679996,303.45800305197065
1,68,145.76402618706848,303.4501359498101
1,69,145.76504227324742,303.44667755219115
1,70,145.77393019228356,303.4449076865736
1,71,145.7696897938615,303.4474613359933
1,72,145.76381734452445,303.47165602127535
1,73,145.75716178956617,303.50345025486797
1,74,145.74503508162095,303.53252021075525
1,75,145.7259942324222,303.55526553969935
1,76,145.71523423420086,303.5763976831315
1,77,145.70280044251783,303.57869626744053
1,78,145.68922742842076,303.5797504291057
1,79,145.68079304486082,303.5863310774726
1,80,145.6745321597016,303.59287630846245
1,81,145.67382141031015,303.5986514066619
1,82,145.6759609745337,303.6124121436135
1,83,145.67082389512473,303.62029340493876
1,84,145.66830489472937,303.61793833097124
1,85,145.66138049033384,303.60517733404976
1,86,145.6539147293262,303.589571177833
1,87,145.64257314481094,303.5639293236876
1,88,145.63942291992845,303.5349733270537
1,89,145.63832887434523,303.5204205560283
1,90,145.64821739059204,303.5248216049862
1,91,145.6648220995141,303.53447208823724
1,92,145.6916325952443,303.54358290438444
1,93,145.72121310022982,303.54751360236736
1,94,145.74447593770475,303.5175156613229
1,95,145.75463955186694,303.4713412709113
1,96,145.7507449044566,303.42721294192535
1,97,145.73793226407267,303.39276380251334
1,98,145.71707843356694,303.36736332477466
1,99,145.69637007183044,303.36553653825655
1,100,145.68721556951257,303.37870025586807
1,101,145.70236791954719,303.40411923405964
1,102,145.73157330462038,303.43424365805055
1,103,145.77008276955732,303.4700574493806
1,104,145.80458922237315,303.5071822325852
1,105,145.81556194968456,303.5194711566689
1,106,145.75004382301657,303.45346249305675
1,107,145.6434577345581,303.3481915696193
1,108,145.5277804997908,303.2357615938285
1,109,145.44616359211213,303.1608090120266
1,110,145.4826160157549,303.20732812789294
1,111,145.77161752530264,303.51616070018554
1,112,146.34515887848758,304.1242848841773
1,113,147.1719142088946,305.07823554158455
1,114,148.20232550666816,306.3118163512672
1,115,149.37006416749887,307.75377946623394
1,116,150.64662686716187,309.27206033392406
1,117,151.98980334545624,310.7212807699319
1,118,153.17656330526577,311.98969786976545
1,119,154.19649398268734,313.09002667704715
1,120,155.1465458869678,314.004380473301
1,121,156.04519909013416,314.76640152680295
1,122,156.83256341155885,315.48592386225823
1,123,157.7223562236033,316.2474544987145
1,124,158.755949049389,317.105491241347
1,125,159.98243034980734,318.16742680436664
1,126,161.48535430854935,319.4850394637815
1,127,163.32045723184328,321.09278859096673
1,128,165.4452630438385,322.96671410423613
1,129,167.8409211091483,325.0803713688159
1,130,170.3710240570503,327.2193321374773
1,131,172.6939414704534,329.2225640129887
1,132,174.69213243399935,330.90891898503463
1,133,176.27586949673312,332.2916212886527
1,134,177.35520197120547,333.35804946229405
1,135,178.037825037813,334.27467647085143
1,136,178.5762734765593,335.24138999252636
1,137,179.0399094183775,336.3481104328603
1,138,179.6404655104988,337.4891484982281
1,139,180.49245189229455,338.6981378803757
1,140,181.3059993075431,339.99120000609423
1,141,181.91264786242127,341.139448156959
1,142,182.42122398359552,342.0395652514726
1,143,182.606809761508,342.64056865459736
1,144,182.41722347497856,342.8811076608425
1,145,181.93037807545477,342.75495870767645
1,146,181.2363115770524,342.43985117911996
1,147,180.21944623241563,341.9324521741899
1,148,178.95636249996375,341.2148394551589
1,149,177.4853131574065,340.22488547918545
1,150,175.8467350565398,338.87118818909266
1,151,173.92885711062195,336.9106015622627
1,152,171.93794428119688,334.5903785543754
1,153,169.93843789720523,332.1472697726002
1,154,167.91359843201778,329.69736963054174
1,155,166.03601785619443,327.40992621131784
1,156,164.45210569748878,325.6333791064622
1,157,163.0280629882884,324.2680198055129
1,158,161.85738611756165,322.9980194352996
1,159,160.93700413517854,321.9417315593143
1,160,160.4010488003725,321.15745805684867
1,161,160.51594022701218,320.41382873519456
1,162,160.77640676890127,319.6984137696341
1,163,160.58990587927576,319.38648068005125
1,164,160.0806141669341,319.2522813119357
1,165,159.5670191726912,319.07630156854935
1,166,159.00700998969452,318.90059056652046
1,167,158.7036006073457,318.7881254867593
1,168,158.94175611593118,318.57119671235705
1,169,159.41611220737394,318.2495908432501
1,170,159.52848281230965,317.8357738862362
1,171,159.19630854523746,317.3836729344448
1,172,158.65914919435141,316.99028672661325
1,173,158.25154180593552,316.6582969376409
1,174,158.1045424049656,316.3425137251369
1,175,158.007057966337,316.0076226975517
1,176,157.76262071298606,315.66522201974976
1,177,157.3718056665728,315.2119985732736
1,178,156.89107110043304,314.7676192198432
1,179,156.5010416937138,314.4393463738668
1,180,156.44652039803915,314.2852952336849
1,181,156.76809030060178,314.39140800631577
1,182,157.34559220094263,314.7751316712056
1,183,158.1319160687344,315.3717259464678
1,184,158.9158162908259,316.10755170475437
1,185,159.66778637284622,317.01610409933767
1,186,160.33026496424156,318.01911900888774
1,187,160.91809158130087,318.9829203522832
1,188,161.3168428269241,319.7100385447346
1,189,161.77920811601712,320.321074455655
1,190,162.33322383864606,320.70153070763143
1,191,162.82183189359327,320.7796102256581
1,192,163.1856576321313,320.58328647295775
1,193,163.4244897470603,320.36848115495974
1,194,163.61786400649007,320.2063891930786
1,195,163.97147807047523,320.1759968485748
1,196,164.66705614532918,320.3611418736263
1,197,165.65792489526945,320.7392488444109
1,198,166.85396159812626,321.3940979627796
1,199,168.05164978326005,322.37955499829155
1,200,169.23328793843416,323.67310676219734
1,201,170.69935464282307,325.2811390958276
1,202,172.5267735747801,327.1578011979925
1,203,174.72500663435565,329.1281102888226
1,204,177.27065911909438,331.15382263434907
1,205,179.95635118878567,333.18432151839687
1,206,182.37230646840732,334.98705422045407
1,207,184.51178061000022,336.533317111739
1,208,186.23914000038366,337.76132404051066
1,209,187.45204232444448,338.33442484205864
1,210,188.07013046488154,338.1942767211837
1,211,187.91456327981908,337.49290654864745
1,212,186.8668151097816,336.33386431234203
1,213,185.15381039635886,334.7437859664254
1,214,182.83712107981717,333.0326122521091
1,215,180.14079772574698,331.5767578957562
1,216,177.72795609369618,330.43010849600097
1,217,175.97819722949058,329.7229259446314
1,218,175.11877420390874,329.58608288374575
1,219,175.22821724566495,329.95759604477416
1,220,176.2136642608029,330.4807327444303
1,221,177.70382709762924,331.2912373380914
1,222,179.6298448384264,332.3595107742874
1,223,181.70300488065735,333.5696538232828
1,224,183.71175316283976,334.65252485822066
1,225,185.3648387980369,335.6604934276308
1,226,186.65216874771585,336.4470671955192
1,227,187.52342795392977,336.7882945330174
1,228,187.79401102596307,336.7631213932874
1,229,187.55940575768855,336.6170865322067
1,230,187.10113934450695,336.36621979386683
1,231,186.34755158131966,335.890344285116
1,233,184.93063123364786,334.2051512041623
1,234,184.19608481763498,332.9583099447428
1,235,183.04929499188623,332.1691104320397
1,238,181.43349113163904,330.2040318160896
1,239,181.11082351857155,329.3099171045172
1,240,180.5996380542151,328.6078846838301
1,241,180.25380893021938,327.6335963439272
1,242,180.1355254719997,326.6595413728165
1,243,180.06462345399277,326.0152397323662
1,244,180.1521103584772,325.6886488860092
1,245,180.3186021683399,325.92046564773716
1,246,180.4099642231135,326.6612892365519
1,248,180.75302283792516,327.4515906491258
1,249,181.16075393381504,327.46372765990037
1,252,181.85422350811677,327.17220946839643
1,253,181.9435317424818,326.60204482557714
1,254,181.38830433981033,326.3238181646596
1,255,180.2293124613334,326.07398552244354
1,257,177.34740514190676,325.38166860214966
1,258,175.05919224901825,324.70795003781063
1,259,172.6828850913032,323.96267296343495
1,260,170.8485610071669,322.9607516784133
1,261,169.61195434069452,321.8640031139944
1,262,168.84414096167419,320.6272615913134
1,263,168.2211535136376,319.60449774384904
1,264,167.835655357873,319.05367589519506
1,265,167.89777011415524,318.9364213928696
1,266,168.033853225097,319.23601103049776
1,267,168.16370080095842,320.12316429032796
1,268,168.66716283254488,321.17055297004356
1,269,169.4416536128706,322.130612336232
1,270,170.1442679602946,322.9441770774036
1,271,170.92025029243976,323.35413806015015
1,272,171.58430999723055,323.4274174232497
1,273,171.57538872285122,323.28414083460734
1,274,170.86707973191318,322.7451758387169
1,275,169.66360858522114,321.94628497211045
1,276,168.36644823201627,320.96669318525755
1,277,167.04401029910593,319.7777696804701
1,278,165.85280703219073,318.5994506174211
1,279,164.83039191956482,317.82281258260645
1,280,163.92983968108857,317.3209446529662
1,281,163.14557816606666,317.0000437013057
1,282,162.38213645669364,316.8936290810912
1,283,161.94921007170825,316.88964916366797
1,284,161.87650252360982,316.85692765518365
1,285,162.27499174366875,316.86309826189415
1,286,163.06979753990137,317.124256709597
1,287,164.22117113904042,317.755436548958
1,288,165.41803830335613,318.6527514883224
1,289,166.46737899991393,319.76272194263316
1,290,167.40546803643622,320.9391548891927
1,291,168.3257891333284,322.0303488163197
1,292,169.06448058149553,322.7820372819477
1,293,169.52743365897913,323.14890746946656
1,294,169.64113781863,323.3002371147159
1,295,169.39564572069438,323.24778247648055
1,296,168.56240275103124,322.9447644558364
1,297,167.38379671281302,322.47862775716317
1,298,166.4167546858658,322.0640252839342
1,299,165.87666102737214,321.6063340006603
1,300,165.56563906272586,321.2242583779777
1,301,165.43427175635304,320.9339799205544
1,302,165.45954773322092,320.7389267693327
1,303,165.5031227919397,320.6074647418978
1,304,165.45070924078638,320.5561866471949
1,305,165.39083988488568,320.5153110778427
1,306,165.5341779599262,320.5259712104351
1,307,166.02668167213906,320.59855478653714
1,308,166.6892311492217,320.7375358433947
1,309,167.3787633289852,320.95617735678957
1,310,168.00847371551262,321.15953175410993
1,311,168.45081854441676,321.4014470322124
1,312,168.68462426681324,321.60133893164385
1,313,168.87379708541914,321.7323758346703
1,314,169.05789739465297,321.78288444737393
1,315,169.14803737324897,321.78194982569016
1,316,169.00759539269387,321.57408216015017
1,317,168.52494424530963,321.2414420004444
1,318,167.72287678750993,320.7222208558117
1,319,166.85288490383698,320.0620887318018
1,320,166.15260495683634,319.39106620749243
1,321,165.9389845233404,318.8837985090342
1,322,166.32599555234623,318.6142070248117
1,323,167.15776836968467,318.96137944065083
1,324,168.2920802613114,320.04418192579294
1,325,169.46000348281586,321.49855215899936
1,326,170.37166728503084,322.94185801748574
1,327,171.12171138296824,324.3100334928729
1,328,171.76874615622546,325.1330193905777
1,329,172.2930325523319,325.25896466012716
1,330,172.83694222752058,325.0858090445521
1,331,173.26476063741177,325.06001389684457
1,332,173.21301752552472,325.12563295818006
1,333,172.77414393560215,325.29243671162794
1,334,172.04930398735166,325.4709480302096
1,335,171.19571974190313,325.5373476515355
1,336,170.54172795866037,325.25864764227777
1,337,170.12706123752756,324.6688596697117
1,338,169.88267919230955,323.80364353943327
1,339,169.67955894355083,322.8622359170942
1,340,169.27991762008557,321.96048687177483
1,341,168.44635390225537,321.2234906437507
1,342,167.31240780837868,320.666565057695
1,343,166.12051716010637,320.3964778235646
1,344,165.04038525758392,320.2630437542411
1,345,164.025796788154,319.96021458504015
1,346,163.27177626335813,319.48023488125256
1,347,162.7835024263878,319.0373104983704
1,348,162.26661283235507,318.6544642206291
1,349,161.7124232696212,318.3263319254918
1,350,161.38623221210577,318.3467954883986
1,351,161.17281821050184,318.6486954162252
1,352,160.98565819723197,318.92212638372484
1,353,160.9278115270935,319.0381438019471
1,354,160.85313221260472,319.05977108476776
1,355,160.56898746944194,318.96739993958084
1,356,160.27463681010772,318.8502247303618
1,357,160.12849940425104,318.84329269029894
1,358,160.2201281604306,319.01512628820285
1,359,160.73547251579856,319.38962258351313
1,360,161.3563724513754,319.83141312852445
1,361,161.98816102492594,320.31207573388616
1,362,162.7097826651653,320.76051038690366
1,363,163.37832608682015,321.216958525873
1,364,163.68333705917908,321.6160293171262
1,365,163.83137210622692,321.95949628712634
1,366,163.972743257182,322.2853675783152
1,367,164.1545526779635,322.7186851453986
1,368,164.3684587250089,323.08848797778137
1,369,164.49166976872175,323.2565985423567
1,370,164.65586635210968,323.38818293612644
1,371,164.71336311222814,323.38865515263643
1,372,164.42643331638973,323.1287415768001
1,373,163.42580106391725,322.56455724816755
1,374,161.8303718537611,321.7001832038527
1,375,159.57645488817195,320.40525062487404
1,376,156.72021014622177,318.6274232895304
1,377,153.41332805976577,316.2537267966805
1,378,150.07526480381858,313.44254154522065
1,379,146.97035024759296,310.3369671504568
1,380,144.37951297011787,307.11919836277116
1,381,142.44550620680477,303.98467148486446
1,382,141.1992955505949,301.1758175648065
1,383,140.57165242509788,298.8675458402753
1,384,140.45519806821315,297.21536695878666
1,385,140.80183213378177,296.2896880226205
1,386,141.51411960231746,296.07558490904813
1,387,142.50125765406423,296.6146531587922
1,388,143.7534215071552,297.844856278389
1,389,145.23316977120604,299.6471633132011
1,390,146.73618333184407,301.7810451280569
1,391,148.0669957770183,304.02246262205904
1,392,149.10123682746263,306.154665160375
1,393,149.75995742325338,308.04473507016803
1,394,149.94980873682618,309.4872195049972
1,395,149.77632422000084,310.46527922278966
1,396,149.45234891812436,311.05973869845417
1,397,149.01329069954903,311.2284760104094
1,398,148.4864712600487,310.97848393141606
1,399,147.92493677400574,310.381867470492
1,400,147.41384790068372,309.5044874579356
1,401,146.86793103115826,308.36624877566055
1,402,146.29277630886148,307.12456868129476
1,403,145.79944510194775,305.7762889613085
1,404,145.59480669713088,304.503700563016
1,405,145.55561047509963,303.3528426142712
1,406,145.65267794692377,302.4059445218702
1,407,145.93827683152244,301.6661289120063
1,408,146.33815893428329,301.2234919921013
1,409,146.67168640384793,301.0504548933588
1,410,146.92757955962625,301.16613189081187
1,411,147.0778481459566,301.5611338147253
1,412,147.04914256406462,302.1902871279265
1,413,146.86181927408822,303.04095153883725
1,414,146.62683023096054,304.03693030262485
1,415,146.40390249782774,305.0794424766467
1,416,146.33263065655456,306.07758082476755
1,417,146.47877602853515,306.95649099518147
1,418,146.8707965767887,307.66754600852
1,419,147.4113705496072,308.1665510185016
1,420,148.00384593010833,308.4663002787977
1,421,148.5019227987979,308.5692575775443
1,422,148.8406951991653,308.5282425291125
1,423,149.00342723560925,308.33339983745714
1,424,149.0004099843741,308.00942121615736
1,425,148.8472507293237,307.49642136067
1,426,148.6195408856653,306.7637906711705
1,427,148.33793202225237,305.8457927948886
1,428,147.98806034102452,304.82233917311095
1,429,147.5372927089322,303.75077676306796
1,430,147.0639492939797,302.79086359559955
1,431,146.55083496545325,302.09566162320573
1,432,146.06135655172434,301.7065414117827
1,433,145.65021058682655,301.6187627849281
1,434,145.35300162858317,301.87541083649427
1,435,145.2008893607073,302.4532990155235
1,436,145.26346548673945,303.24816191132254
1,437,145.56169790094722,304.1821229811655
1,438,146.03808453816046,305.17469791767854
1,439,146.67657135073702,306.12096823888544
1,440,147.4047910373372,306.9364878977036
1,441,148.14673965056537,307.62202844797895
1,442,148.81067440903135,308.17220705542593
1,443,149.34416017647584,308.52486310896984
1,444,149.66817926148462,308.6356752154694
1,445,149.73100108688507,308.50272497223494
1,446,149.54130179177233,308.13306618747987
1,447,149.08227650298028,307.4939808714038
1,448,148.393894457747,306.648950317654
1,449,147.54077232964235,305.67369093718173
1,450,146.64084992968,304.6437464520749
1,451,145.7851217784729,303.65281956725823
1,452,145.10735409317547,302.81780901512604
1,453,144.66720737541957,302.2326248955731
1,454,144.52124085617456,301.972697060775
1,455,144.66393848188048,302.045575463983
1,456,145.03008424046143,302.3923079837857
1,457,145.58739047280173,303.004719352018
1,458,146.266430389474,303.82590807693515
1,459,146.96869268370548,304.7022096531703
1,460,147.63169241643516,305.54989663974624
1,461,148.20266883232136,306.31473032303467
1,462,148.6352170657654,306.93085288267355
1,463,148.9318538217482,307.3381792571887
1,464,149.09423141984598,307.5691018400971
1,465,149.0711595283392,307.61628362639016
1,466,148.90976590531287,307.5172006367421
1,467,148.58589875952728,307.24426867515797
1,468,148.0862696409038,306.8242512211756
1,469,147.4474235343648,306.30452976233545
1,470,146.78634117441166,305.6877094238784
1,471,146.14976314487274,304.9974274200014
1,472,145.61334918237878,304.34872607428196
1,473,145.25288156995381,303.7923938521959
1,474,145.07516014393585,303.33696332068376
1,475,145.0659643328395,303.07203739644956
1,476,145.2182663326251,303.0188593576824
1,477,145.52068472958675,303.12069889626616
1,478,145.94452245991897,303.3878897726979
1,479,146.42828117038192,303.8530391817247
1,480,146.9060881488788,304.4128857538685
1,481,147.34687756788557,304.96012006010346
1,482,147.66505312854562,305.45103211488066
1,483,147.81029639655657,305.8498650271356
1,484,147.81462795043885,306.07355116842854
1,485,147.71726330330074,306.14083351285115
1,486,147.50341204885746,306.1066309055379
1,487,147.22958949810703,305.99621761098655
1,488,146.93833109638254,305.7865936778913
1,489,146.68556026906816,305.5105392748802
1,490,146.47665296661188,305.1726136897889
1,491,146.33432385480032,304.81437579745733
1,492,146.27787440621714,304.4491713585942
1,493,146.28588385685396,304.1027410616343
1,494,146.37995778840335,303.8014862994393
1,495,146.53841724839546,303.6049745495111
1,496,146.71720213154194,303.49491231209925
1,497,146.88664622500255,303.47697688533526
1,498,147.02613842926718,303.5538416521787
1,499,147.0745996465928,303.69771452350517
1,500,147.04389431150113,303.86489083381537
1,501,146.94932278231377,304.042374056937
1,502,146.8001889844119,304.2247773548384
1,503,146.6618514595022,304.4348901770855
1,504,146.5646793422364,304.6558763488161
1,505,146.50355590207914,304.86584489855386
1,506,146.49400457870223,305.051570544207
1,507,146.54260067974772,305.1905649131327
1,508,146.62048967236294,305.263082388855
1,509,146.70867186426523,305.2761908673478
1,510,146.81618846156334,305.24691122119486
1,511,146.9338545583784,305.1899603247445
1,512,147.0509690638435,305.1187344052925
1,513,147.1478189148695,305.02268368580565
1,514,147.19161661096328,304.87707155905036
1,515,147.1900046038365,304.6989119721621
1,516,147.16150277239018,304.49777678225377
1,517,147.09211047326687,304.2985576300918
1,518,146.97936116818414,304.1166853382576
1,519,146.8685395063595,303.9871299929921
1,520,146.72748300968212,303.9099222468683
1,521,146.5171732297182,303.87808911316364
1,522,146.3024705487424,303.90628103416344
1,523,146.1177396445228,303.9879333372617
1,524,145.97998417467252,304.1098902146162
1,525,145.93518778552482,304.2760421947574
1,526,146.04294689450327,304.48823673836586
1,527,146.2532718343152,304.71050830023387
1,528,146.49261337736706,304.91248857727686
1,529,146.7408953769773,305.0968116543572
1,530,146.9483433000923,305.23723837504133
1,531,147.0694860080147,305.31905192901354
1,532,147.114112328915,305.3367495170954
1,533,147.11574094930555,305.2820998203691
1,534,147.06376763508177,305.18089509468024
1,535,146.97471900134323,305.02498463105115
1,536,146.8725667370783,304.82520152941663
1,537,146.74628946829753,304.6001404400004
1,538,146.6340524091149,304.3995319028671
1,539,146.54874084402303,304.2236871021879
1,540,146.48011679091437,304.09422602199095
1,541,146.4283172976366,304.0401176324487
1,542,146.43235773617548,304.0671707596573
1,543,146.4513704420866,304.1633786246931
1,544,146.47726263803435,304.31151574798383
1,545,146.5369196174123,304.5181630192927
1,546,146.62002369821138,304.7449514037867
1,547,146.7162024786454,304.9697920760905
1,548,146.82341614907125,305.1720367782406
1,549,146.94833026313046,305.3288357206769
1,550,147.08403088333458,305.3927377507988
1,551,147.17628145420613,305.39260769799097
1,552,147.20197938684842,305.34947973839064
1,553,147.1534108317228,305.2574252962734
1,554,147.03084533992424,305.13424238768164
1,555,146.82836217840173,305.0154347834946
1,556,146.61197935598932,304.8673938705437
1,557,146.41531008088606,304.6872812798033
1,558,146.27628349384474,304.50140117746867
1,559,146.17808420772582,304.3214565261443
1,560,146.13461725003975,304.169095741089
1,561,146.1365591252071,304.0730352405891
1,562,146.16721440738516,304.0505210793802
1,563,146.23033832918017,304.10328915190655
1,564,146.32407788053234,304.2221273465931
1,565,146.44394391059737,304.39194290525296
1,566,146.5789145576159,304.6023314111766
1,567,146.72852329458445,304.8024362318828
1,568,146.85326845366637,304.9751393693684
1,569,146.95078356561777,305.11686931549497
1,570,146.99179482899237,305.2117283557179
1,571,146.97613132967825,305.2430952623459
1,572,146.90061170696333,305.2173629172132
1,573,146.79714176239753,305.1145943021134
1,574,146.66829268008107,304.9220460778492
1,575,146.55288661279164,304.6898333607627
1,576,146.4507367351288,304.444520458109
1,577,146.36848061212083,304.2161497176471
1,578,146.30475481805988,304.0430405186934
1,579,146.28459246745464,303.9597700987774
1,580,146.28873887511762,303.94299761659016
1,581,146.33313390383822,303.96964727678943
1,582,146.4132692958514,304.03109134792714
1,583,146.51255457730838,304.1182003253005
1,584,146.61909184854005,304.22847039873415
1,585,146.70948762959088,304.33009873618084
1,586,146.7391898001097,304.407423995402
1,587,146.7092490959245,304.4473917302425
1,588,146.6558246478335,304.4595673650208
1,589,146.5902879396309,304.44622259198195
2,0,166.56514369774325,303.8313754844184
2,1,166.8040448026248,304.00422117923824
2,2,167.07916057461847,304.18992279987725
2,3,167.33456447178798,304.34120597297516
2,4,167.4661715140616,304.37907178269916
2,5,167.51686358409012,304.36120752416554
2,6,167.51969594321298,304.31860780625766
2,7,167.48853832766798,304.2758823546882
2,8,167.44178555074598,304.24707610394773
2,9,167.41388312728844,304.241254740549
2,10,167.42315247629065,304.2497567930239
2,11,167.4574015087518,304.27326242475715
2,12,167.50693292382658,304.29833674634426
2,13,167.5556976451666,304.3083971841162
2,14,167.58689909252527,304.30412873773327
2,15,167.58122022674223,304.291520021953
2,16,167.5556452643393,304.2699311498986
2,17,167.5154320630776,304.24544248001814
2,18,167.46624028868732,304.22312876850276
2,19,167.41232778743023,304.2043812994183
2,20,167.36196691341095,304.18729777455326
2,21,167.32079240223325,304.16849077654007
2,22,167.2936496410584,304.14923764997
2,23,167.2829321849385,304.1441265935625
2,24,167.28498682402622,304.14685914134316
2,25,167.29846641838392,304.1566358486021
2,26,167.31773543492187,304.1771991266744
2,27,167.3371851646273,304.2055256811126
2,28,167.35379290657008,304.22973617027776
2,29,167.3684659173474,304.2538940685013
2,30,167.3815461719213,304.27813288187014
2,31,167.39513690895507,304.3021360558692
2,32,167.4094891357754,304.32513382483404
2,33,167.41525078094193,304.33991255985933
2,34,167.38881548326484,304.3420667040315
2,35,167.34770896258578,304.3396451799611
2,36,167.298176756665,304.32687241127127
2,37,167.24118941919477,304.3008797968244
2,38,167.1884384599864,304.2758775389349
2,39,167.1684983895848,304.26150077709036
2,40,167.16446028513502,304.25244706778193
2,41,167.16416762153773,304.25414831278795
2,42,167.16907461413413,304.26967195555113
2,43,167.17406425106591,304.28653440206955
2,44,167.1798906179073,304.3012683200372
2,45,167.18704685441142,304.3084403496806
2,46,167.2017346897666,304.2967720248915
2,47,167.22880524270747,304.2769443056206
2,48,167.26287684081677,304.2608563050434
2,49,167.29798120281885,304.2491737517469
2,50,167.33163640218808,304.2492082206462
2,51,167.35372798304178,304.2613843994042
2,52,167.35663070568293,304.27122919064243
2,53,167.35345798453287,304.2773458350505
2,54,167.34879100420702,304.280032305512
2,55,167.33930441079755,304.2777114016828
2,56,167.33250695165387,304.2796652844788
2,57,167.32986880447498,304.2835086999006
2,58,167.3221987840671,304.27346421270806
2,59,167.30130219443384,304.26062521815714
2,60,167.27632664513897,304.24597346676813
2,61,167.25308183344796,304.2271910258447
2,62,167.23307623937822,304.21067301661327
2,63,167.21804923755383,304.2052339850891
2,64,167.21576089441953,304.2020849232306
2,65,167.21794566434625,304.2007595292724
2,66,167.21873763143734,304.19603677772534
2,67,167.21789953452173,304.1896882137162
2,68,167.21716677932469,304.18360592214367
2,69,167.21612577377357,304.1747060091277
2,70,167.21797604583037,304.1549679866187
2,71,167.2067369294634,304.1414708827184
2,72,167.18766564184995,304.1396170770389
2,73,167.1669463262586,304.14151957018663
2,74,167.14540349021192,304.14745054050724
2,75,167.11983801387402,304.1597478308131
2,76,167.10713969140755,304.1682575318972
2,77,167.10192694472678,304.1694558062193
2,78,167.09813844865573,304.1721902227595
2,79,167.08892361974134,304.1742874813245
2,80,167.07826732890715,304.18062171014236
2,81,167.07324866218744,304.199967014338
2,82,167.08232959586044,304.24597853468487
2,83,167.0958848977154,304.2985198988146
2,84,167.1151699738007,304.3534882482369
2,85,167.13454788171896,304.4017666035119
2,86,167.15231637462605,304.43770050289424
2,87,167.16045042155042,304.4446209205691
2,88,167.16785112429147,304.4396632898609
2,89,167.17280454231968,304.43050378034803
2,90,167.1832616000193,304.42599863913773
2,91,167.19736759045534,304.42216717158806
2,92,167.21487766420006,304.41755156551903
2,93,167.22842647485993,304.404616319717
2,94,167.23166479133945,304.360452016307
2,95,167.22460196493662,304.30105957788766
2,96,167.20972127288906,304.2417237934368
2,97,167.18895522859384,304.187397967833
2,98,167.1724884344561,304.1406095775504
2,99,167.1668439749898,304.12217889835523
2,100,167.17057307297998,304.1188968156564
2,101,167.17725435120335,304.11759447297817
2,102,167.18321550912873,304.11677681671796
2,103,167.18737272709927,304.1214967843404
2,104,167.18805884862815,304.1303556162054
2,105,167.17609398896317,304.13094976171726
2,106,167.14097406796148,304.11061471995856
2,107,167.0960945751078,304.0828830075946
2,108,167.05438452206434,304.0597044497239
2,109,167.05596737433282,304.0778912521771
2,110,167.1631707043824,304.20936447091935
2,111,167.45590478410296,304.55056109585365
2,112,167.96429658704997,305.1193913386538
2,113,168.6571386272958,305.9336099431309
2,114,169.50817072233798,306.96894369260224
2,115,170.49261585163987,308.1536251724172
2,116,171.58924007770574,309.39485406839486
2,117,172.82573782621682,310.6028082626769
2,118,173.99646940317524,311.7848127577722
2,119,175.06330350468716,312.8640144801208
2,120,176.10150560586928,313.8297149892324
2,121,177.16183390297502,314.67162750497107
2,122,178.09140775526092,315.4675769430049
2,123,178.99713158396403,316.18917483738005
2,124,179.98043393223492,316.9448826865753
2,125,181.12399330118745,317.8119795699437
2,126,182.32336384875657,318.86778803548424
2,127,183.67567013784472,320.1180906580779
2,128,185.3862570065733,321.587546173569
2,129,187.3796879528462,323.324242177443
2,130,189.3369391271157,325.2242926147965
2,131,191.20023663655024,327.0397083076666
2,132,193.08029413489555,328.6352603845648
2,133,194.66599954587298,329.997066702201
2,134,195.83071027959696,331.0310299414069
2,135,196.69845149074965,331.8571951786492
2,136,197.27414017767083,332.758869856055
2,137,197.5128636106959,333.7772061106673
2,138,197.71767044236174,334.7787747230989
2,139,198.0244708797477,335.8180524433926
2,140,198.28349659180495,336.9021584143909
2,141,198.49610979922448,337.8500861776634
2,142,198.64994296687823,338.62663107514595
2,143,198.59532746570352,339.28070560854997
2,144,198.3619301886364,339.6964878991044
2,145,198.02193926695531,339.8232111450758
2,146,197.54940762374696,339.6993876853184
2,147,196.82269264562208,339.32756561083886
2,148,195.8753301369929,338.6698742081376
2,149,194.68092565194843,337.72414283466844
2,150,193.26613515719995,336.3772375566098
2,151,191.79867753187202,334.61511761806605
2,152,190.27215846296104,332.574620721856
2,153,188.72133610482504,330.4744326717303
2,154,187.1552084073437,328.3876125036564
2,155,185.60603685697635,326.4704049156704
2,156,184.1087983772314,324.84182094292004
2,157,182.85033073971863,323.4711289341338
2,158,181.8891849355431,322.17883524291375
2,159,181.22428063087793,321.09415770877723
2,160,181.10728455971142,320.17756076908347
2,161,181.58449217580352,319.31813762660664
2,162,182.0540300831883,318.7461560781212
2,163,182.15204373786923,318.6223163802348
2,164,182.0454945683954,318.70971005424093
2,165,181.8051835019654,318.8402562409613
2,166,181.55341914488847,319.0456083032958
2,167,181.56318376474616,319.1380789238866
2,168,181.84379999141035,319.10218252524203
2,169,182.14896328924513,318.95432983024136
2,170,182.12326901418083,318.76730600852216
2,171,181.7339708433982,318.5124517769256
2,172,181.27435633688953,318.18271847654825
2,173,181.04031125088548,317.7440574794903
2,174,180.95018001882192,317.3274205076449
2,175,181.04154097116978,316.9428352857949
2,176,180.91633370440007,316.6222781848752
2,177,180.53323192010552,316.36988465455073
2,178,180.02547530150267,316.18843060927884
2,179,179.65461908171756,316.00591393633874
2,180,179.47565179105752,315.86486602127417
2,181,179.754442642351,315.85847368173523
2,182,180.35830690906195,316.08850933696647
2,183,181.16165332527535,316.5251707669019
2,184,181.97247628056996,317.21607508465365
2,185,182.73087884551722,318.1683810109337
2,186,183.36148262339728,319.2534190108204
2,187,183.88847077468745,320.2645762608257
2,188,184.20374339286025,321.136170333761
2,189,184.44390733170744,321.8573096059768
2,190,184.84915387136337,322.3417385151427
2,191,185.2894727541644,322.5190729960964
2,192,185.5636619571729,322.4651008095831
2,193,185.7159832599694,322.3145192721621
2,194,185.95255947416672,322.0744727625124
2,195,186.23360824863437,321.9052178896332
2,196,186.70379538177778,321.94871490560166
2,197,187.50781930352014,322.2363953000134
2,198,188.58582417574962,322.8571849843691
2,199,189.6735654826528,323.87554584484
2,200,190.8303247987104,325.17229257135006
2,201,192.28259044617292,326.70446904416946
2,202,194.02602850643657,328.37734910091905
2,203,196.066383507798,330.0925811166108
2,204,198.46005066918232,331.86404936219355
2,205,200.97137904755846,333.6482924897226
2,206,203.14800893254343,335.2789380321841
2,207,204.98391956666046,336.7189006437063
2,208,206.38687716600597,337.83563598992987
2,209,207.27027889518334,338.34164690952264
2,210,207.58633855773635,338.1994527400112
2,211,207.25397931079038,337.4979020429276
2,212,206.18574862496044,336.42160037402897
2,213,204.51749691423814,335.01122468551085
2,214,202.3494699723899,333.506798273086
2,215,200.05017091358548,332.2240342987473
2,216,197.9931285005352,331.29539731036135
2,217,196.54113469372297,330.6935461504199
2,218,195.98490798110612,330.46854745838175
2,219,196.25015647521374,330.6256710594796
2,220,197.052053819466,330.951672458522
2,221,198.29806654628203,331.50467153484755
2,222,199.7843319366678,332.30198013166705
2,223,201.3219167762915,333.2909919059905
2,224,202.91445479255793,334.37366907064876
2,225,204.32575344460236,335.45996036163416
2,226,205.45892685569729,336.3947885783947
2,227,206.275337056274,336.9872345405776
2,228,206.57934993190378,337.2178174943819
2,229,206.28409129453274,337.0279638916511
2,230,205.67301870827734,336.5171995005836
2,231,204.85640673072393,335.92455936382754
2,232,203.94938912224183,335.14638774398446
2,233,203.13401509182555,334.0436967038011
2,234,202.38947622525424,332.98396509557966
2,235,201.63067581624864,332.1371435284742
2,236,200.8436298284653,331.32969432504086
2,237,200.24070315862,330.5272795812988
2,238,199.86479713331283,329.84563639580045
2,239,199.44085263546447,329.4082579548345
2,240,198.9889772886392,329.0508894144514
2,241,198.65581166975574,328.62149825702176
2,242,198.4954547473202,328.20990077480315
2,243,198.5793878671082,327.7845379971246
2,244,198.8306587753228,327.4899238243878
2,245,199.19485166797483,327.3938773602647
2,246,199.6785193363979,327.503851912088
2,247,200.25160352810656,327.52882946375684
2,248,201.14773257731076,327.11224607698614
2,249,202.24776672270136,326.46014058126394
2,250,203.09606370369292,326.1740977929166
2,251,203.5782551827106,326.0329808255298
2,252,203.86934747559155,325.82236224936867
2,253,203.71281811629362,325.7913043317991
2,254,203.04567696219934,325.82092195954715
2,255,202.16277421685666,325.4408612928965
2,256,201.17897664974117,324.79538294504
2,257,199.74166368447132,324.2518529796969
2,258,197.57409214633455,324.1502437242795
2,259,195.2729552574181,324.0922655389091
2,260,193.27616675437014,323.823978396614
2,261,191.6443040259039,323.28429015515826
2,262,190.52220582771753,322.3559031296955
2,263,189.97236891446957,321.2745228053091
2,264,189.6394291806783,320.4989975719259
2,265,189.41011389474536,320.2068100677147
2,266,189.09147190156386,320.60084037555566
2,267,188.84373366678997,321.522206897833
2,268,188.99014274408287,322.50599977256326
2,269,189.61430778314505,323.3610672697402
2,270,190.43332133112725,324.095953961679
2,271,191.27956261356843,324.45842871412606
2,272,191.86381545261025,324.5898526261689
2,273,191.89342741763338,324.5676329934366
2,274,191.2868269296989,324.32220398390933
2,275,190.22875877836873,323.78044697877715
2,276,189.09462287082093,323.0141991763332
2,277,187.96962782154753,322.0647907154616
2,278,186.92567874020597,321.0503355618359
2,279,185.97847730721165,320.1362356011534
2,280,185.17825583317764,319.4617875882884
2,281,184.42957767959368,319.0766950270094
2,282,183.75077433316773,318.9593596938877
2,283,183.28388346553834,319.0020741637462
2,284,183.0847992906127,319.120592687848
2,285,183.2581948497871,319.2635299705023
2,286,183.99249742282458,319.42451040471445
2,287,185.05227898452773,319.66337812766085
2,288,186.21444991877016,320.09708823469646
2,289,187.38462600884202,320.7663955024584
2,290,188.45724680277672,321.59411564424573
2,291,189.27366142829644,322.5180191152086
2,292,189.88726090535852,323.36097410347963
2,293,190.28059491634983,323.94288739459034
2,294,190.38825640288684,324.2329427151767
2,295,190.14899861566894,324.2880726296156
2,296,189.5129368471921,324.09329644015736
2,297,188.67980470224066,323.7123864562157
2,298,187.90214339240995,323.2615797375538
2,299,187.28916417476586,322.78887415990204
2,300,186.8925521049511,322.3462279625159
2,301,186.67077463015417,321.93687523768995
2,302,186.5156994652579,321.66038272228036
2,303,186.40235924221744,321.5833207718491
2,304,186.31244289171482,321.68298893666275
2,305,186.24965259198925,321.86482090604545
2,306,186.39113806795007,322.0935418554627
2,307,186.86320465061277,322.31295302883257
2,308,187.44980931311213,322.4791256094316
2,309,188.05469786456115,322.62603046272255
2,310,188.6367430297654,322.7630942282869
2,311,189.00521446105174,322.9978375069334
2,312,189.13003839969048,323.29737422459294
2,313,189.23485427127122,323.60605349682834
2,314,189.32412032146905,323.81067455975966
2,315,189.33068052070408,323.8634825371206
2,316,189.15505885619385,323.6852185248438
2,317,188.67960117759705,323.3718526727704
2,318,187.89792754339572,322.8612878251502
2,319,187.03251411037232,322.21951922125413
2,320,186.2798659847391,321.6704234495293
2,321,185.86993472984966,321.25336870340885
2,322,185.9943484796705,320.9251607236731
2,323,186.55687378625115,320.9307981881011
2,324,187.36890640340593,321.4189991826526
2,325,188.20624454500376,322.2073902084946
2,326,189.01596168390844,323.1740590555042
2,327,189.76836814825373,324.12865528092703
2,328,190.5286019634401,324.84963668549017
2,329,191.3842402683402,325.20699673481795
2,330,192.32051896936954,325.29616071888677
2,331,192.92580829583434,325.3821501796369
2,332,192.9954654917591,325.6145249100986
2,333,192.5320634200159,325.95004931878964
2,334,191.61636202129722,326.3050891872404
2,335,190.57182908349083,326.5309927616535
2,336,189.87299266077437,326.43348591357767
2,337,189.50898449648818,325.963819089292
2,338,189.3730249122181,325.21911867252913
2,339,189.26235930339223,324.3432198960612
2,340,188.89672956477864,323.52250751252194
2,341,188.05695339264523,322.8391314412049
2,342,186.91017634807045,322.28905104494083
2,343,185.7787888789947,321.85141744414994
2,344,184.8119356494578,321.4370588002617
2,345,184.00941581687857,320.92040959279365
2,346,183.46945489304653,320.287120891317
2,347,183.17786782087558,319.73053464794583
2,348,182.88267395628696,319.3025199770695
2,349,182.56704253977506,319.02689400889227
2,350,182.38584623878077,318.9793884492896
2,351,182.27116543694362,319.0864425531189
2,352,182.19443462833584,319.20514487264273
2,353,182.20313167343983,319.2532187811016
2,354,182.17808829931445,319.26117435838887
2,355,181.96679773095593,319.21990537834097
2,356,181.7675831151559,319.20174021062434
2,357,181.67630057532475,319.21162904075555
2,358,181.75967517756845,319.25314574865945
2,359,182.15897244329093,319.35710751492024
2,360,182.72003315138107,319.5570541780847
2,361,183.31673267212128,319.8139737343267
2,362,183.97868003525903,320.0938681787516
2,363,184.56617745221035,320.49363472628403
2,364,184.8591870257215,320.978476648271
2,365,184.97616676180843,321.41492428882884
2,366,185.1202961263082,321.81030757496137
2,367,185.30086290555084,322.1998306631119
2,368,185.49176858402356,322.4899378528796
2,369,185.60868145804224,322.6142411274365
2,370,185.73097284529618,322.66306639774297
2,371,185.6362075296931,322.64273190152085
2,372,185.1228551079999,322.5063412764981
2,373,184.06021270176464,322.1500714098681
2,374,182.58155461997265,321.5144605095989
2,375,180.6236754609487,320.5143691322238
2,376,178.16045400339175,319.07272320145125
2,377,175.3645298673618,317.1085837802789
2,378,172.47375029311854,314.6407992389274
2,379,169.63158758943436,311.7809480980564
2,380,167.03210334099893,308.679971720775
2,381,164.98973123538056,305.54245352226036
2,382,163.57242956039877,302.6871930729697
2,383,162.72730629287022,300.3843889680789
2,384,162.45664167282527,298.74881418176085
2,385,162.77139649039725,297.82676805394055
2,386,163.4809349305158,297.6047289068194
2,387,164.3953529982759,297.9671412823393
2,388,165.53891905211177,298.9076769525168
2,389,166.8131610571338,300.3561059838039
2,390,168.0152407750598,302.1262326144951
2,391,169.06776034549765,304.04362612991383
2,392,169.9580565578364,306.02856428029094
2,393,170.6008680727289,307.9352418503468
2,394,170.95892794588065,309.5811699304997
2,395,171.09742643804913,310.8577281509004
2,396,171.0769842655559,311.7462546174136
2,397,170.8673417709934,312.10195560703215
2,398,170.47695477480246,311.9301119236996
2,399,169.93066989916846,311.30075762157816
2,400,169.27468522879366,310.33707111689847
2,401,168.5654489772838,309.10177438419703
2,402,167.87506917260114,307.7717120145174
2,403,167.27708138197679,306.379807799858
2,404,166.89268759406374,305.04208478577374
2,405,166.68255365243925,303.82176486381917
2,406,166.6216050003859,302.78885384330624
2,407,166.75258113588,301.97881045806605
2,408,167.01055565911096,301.4214492101692
2,409,167.28211165375257,301.149673770628
2,410,167.5263524516105,301.23097399552773
2,411,167.66716104538557,301.62351454577833
2,412,167.66494264048282,302.2969846601204
2,413,167.5258721312763,303.24408873802156
2,414,167.3407686297891,304.3301046694232
2,415,167.20166015156298,305.4227693960835
2,416,167.2500398393037,306.4766988535092
2,417,167.49521182029102,307.4111431898676
2,418,167.94807843538968,308.15349471894535
2,419,168.5110239401656,308.69645335836935
2,420,169.09212711374698,309.0167220610591
2,421,169.5433277913306,309.09295408859265
2,422,169.81184756449036,308.9632542359716
2,423,169.88432475104517,308.6495355546662
2,424,169.80047179231565,308.16793672928895
2,425,169.5975362359971,307.54414749852685
2,426,169.3285440537422,306.7730711467562
2,427,168.99475743267558,305.851441294597
2,428,168.59349434167942,304.83380203780115
2,429,168.13214377535022,303.8073935125139
2,430,167.66652201454573,302.88796044716804
2,431,167.20903037325579,302.21029102266584
2,432,166.8483444648681,301.8739189035256
2,433,166.59352651690688,301.86723065748436
2,434,166.4308997562881,302.1981643992658
2,435,166.40406980010232,302.8297578293189
2,436,166.5442105310731,303.6766211212218
2,437,166.8234658677736,304.6403266689832
2,438,167.26142868043746,305.65098180214244
2,439,167.85309771056632,306.608450859298
2,440,168.51953059633163,307.4239722736574
2,441,169.19698060786527,308.05978517220586
2,442,169.81570837290306,308.5018333875508
2,443,170.29747229028615,308.7231052884485
2,444,170.5638039300253,308.70065421702276
2,445,170.5458982360182,308.44955446590217
2,446,170.28655284949784,307.9852024896666
2,447,169.79158131998054,307.30951182644986
2,448,169.10204911566416,306.5071950654007
2,449,168.29066936605813,305.6235528621841
2,450,167.49953315843862,304.7104824895475
2,451,166.7928076964597,303.85985164670984
2,452,166.26648533617777,303.1664598147275
2,453,165.9646606094137,302.65502971851856
2,454,165.8981222209135,302.411684618644
2,455,166.00814722760722,302.45555689867416
2,456,166.2426213843782,302.7589835180243
2,457,166.58399246153374,303.26968987201354
2,458,166.98591275142385,303.967462241242
2,459,167.4313086702975,304.7568498283311
2,460,167.9514831604067,305.5612927745113
2,461,168.48356475734175,306.2688731065078
2,462,168.96629882472976,306.82790066392266
2,463,169.3916663363495,307.20011127278536
2,464,169.70922759857876,307.382550849322
2,465,169.80661651573064,307.38113950714177
2,466,169.7195172156536,307.2754400704352
2,467,169.4605116236026,307.07837302400924
2,468,169.03888781508266,306.7656927782536
2,469,168.49093756751682,306.3713054247076
2,470,167.92492613765458,305.89868603738256
2,471,167.3949592358505,305.35895862610363
2,472,166.94477876022427,304.8150103510532
2,473,166.6348424615643,304.3398172559323
2,474,166.47934743344535,303.9456990649253
2,475,166.45933893714437,303.6844634099371
2,476,166.56838012613667,303.5722314333779
2,477,166.79925373194357,303.61248284385147
2,478,167.11144900847242,303.7729139591581
2,479,167.44571233330862,304.08888244736033
2,480,167.75634802372755,304.5121487554448
2,481,168.01826496294072,304.96788536288625
2,482,168.19312736837102,305.3839851981744
2,483,168.26976686326154,305.76305681965414
2,484,168.2891051273412,306.03228775900584
2,485,168.27458481335862,306.19570633888685
2,486,168.2172587201795,306.26694205233133
2,487,168.12525773116582,306.2777403204256
2,488,168.00407973198344,306.2037567793993
2,489,167.90236917724107,306.06794429023086
2,490,167.78550046981286,305.84257770253663
2,491,167.65508795979832,305.5778991439122
2,492,167.564109227874,305.290530431904
2,493,167.52614112497415,305.01562242387
2,494,167.52885495501482,304.75286727789137
2,495,167.6066256481741,304.56104865909816
2,496,167.74670126894506,304.4383418146511
2,497,167.89240107798065,304.3881560503371
2,498,167.99589750747194,304.3890309769881
2,499,168.01399524091659,304.42850124575705
2,500,167.941108819399,304.5070843547007
2,501,167.81913698015873,304.6182663027019
2,502,167.68320027076194,304.75310800272723
2,503,167.57131645238366,304.9216368577912
2,504,167.51810073882203,305.123737317487
2,505,167.54888388294196,305.31784563127724
2,506,167.62704893080124,305.4850868821958
2,507,167.71504236102498,305.60872892396196
2,508,167.80637255447309,305.67491856511305
2,509,167.89325620207364,305.68553873607317
2,510,167.96234673877854,305.6614218590811
2,511,168.00632743737106,305.60298504679963
2,512,168.01678481628412,305.5016947453117
2,513,168.00450903534505,305.374920418788
2,514,167.95712845011522,305.21867723731407
2,515,167.88445997383636,305.0479731535214
2,516,167.80559304690854,304.87142150586357
2,517,167.74542023670188,304.7216527966814
2,518,167.67583091355434,304.5988283007355
2,519,167.60180450419693,304.51277379893173
2,520,167.50772338267794,304.4447894820815
2,521,167.38228898308608,304.4083939636546
2,522,167.24653222578615,304.4192674081214
2,523,167.16969778980652,304.50155766492134
2,524,167.15045728596954,304.636291882136
2,525,167.18710412024134,304.820687933214
2,526,167.29250692791896,305.014760735518
2,527,167.45702360901035,305.19313129656103
2,528,167.60100155082648,305.3208819692718
2,529,167.72471078127987,305.41118983988275
2,530,167.82851801016315,305.46327086722454
2,531,167.8975842256792,305.48991604506136
2,532,167.91364557145948,305.47009000984247
2,533,167.88374767006866,305.39839160041134
2,534,167.80632714979257,305.2854292241298
2,535,167.7009758910955,305.12448139621046
2,536,167.59478692807326,304.9345107955516
2,537,167.495485607548,304.7422285986378
2,538,167.44947929956933,304.57211376558
2,539,167.44712014126716,304.42475477615204
2,540,167.4614792653805,304.323766369654
2,541,167.4693112730256,304.27767362246243
2,542,167.4777767919104,304.2811602508744
2,543,167.46529917915012,304.33592968413
2,544,167.45756649717987,304.4411517900319
2,545,167.4882681941557,304.6001624884563
2,546,167.56123213881074,304.790932087565
2,547,167.66054567542406,304.9875901637325
2,548,167.76608907709587,305.15420353850055
2,549,167.8715180567198,305.27434724195524
2,550,167.97214104143637,305.3396047023188
2,551,168.04079624310373,305.35969499722285
2,552,168.05885270206963,305.3497787620619
2,553,168.01921939107868,305.3100318471501
2,554,167.91559694657943,305.246386713926
2,555,167.76212360566893,305.16946169779806
2,556,167.6005540582685,305.06945567344343
2,557,167.4653028749297,304.96159962604077
2,558,167.3787919507789,304.86401795597124
2,559,167.33954276031065,304.7849379162559
2,560,167.34113354598037,304.71492842743817
2,561,167.36731692938648,304.66663223917385
2,562,167.39617183409058,304.62494181095275
2,563,167.4423380436521,304.60669594422734
2,564,167.50754220611222,304.61167151099045
2,565,167.5736704256314,304.63424352616664
2,566,167.63696654343732,304.678003854381
2,567,167.7160284300213,304.7500717073264
2,568,167.78105146899446,304.8312452795466
2,569,167.82835540948145,304.91049651647677
2,570,167.8485374626696,304.9741721810678
2,571,167.84061448158207,305.00391963637566
2,572,167.80456878184302,304.9988321789434
2,573,167.74369811260837,304.94949539424005
2,574,167.6601116193634,304.87443832263773
2,575,167.57596764221455,304.7907437825139
2,576,167.50594926924717,304.7146714306706
2,577,167.44229887060027,304.655047875507
2,578,167.40456622591142,304.6254012246677
2,579,167.40374901482488,304.6181844696598
2,580,167.4228796055593,304.6271176741305
2,581,167.45431596566746,304.642250080049
2,582,167.50003366824217,304.65224434026726
2,583,167.5546045633902,304.66444471151425
2,584,167.6126441196548,304.6833453458329
2,585,167.66512639304455,304.7137018420894
2,586,167.70987214235166,304.7516740832095
2,587,167.73987950559896,304.7877686039876
2,588,167.7537220437209,304.8143928653086
2,589,167.75354245257535,304.830783323946
3,0,181.75090716460755,291.02455688686234
3,1,181.90711066142708,291.1756121737553
3,2,182.0798897650096,291.34372687375
3,3,182.24123649904521,291.4829231650135
3,4,182.33218697385527,291.5213663047179
3,5,182.35594558998105,291.526618640829
3,6,182.33930476924715,291.51927936654033
3,7,182.31033457748967,291.50901538202737
3,8,182.28015651968877,291.50598518995287
3,9,182.26326756062497,291.5222903613975
3,10,182.26656874082553,291.5595960941273
3,11,182.28556232123182,291.6020759314851
3,12,182.30786371545435,291.6332126732272
3,13,182.32860084913798,291.64638680999326
3,14,182.33994892287274,291.63675237626245
3,15,182.3349025516783,291.6020628465477
3,16,182.3163277772756,291.56190045676976
3,17,182.287922507734,291.5294087209434
3,18,182.24789587514599,291.5062700302179
3,19,182.19915136289836,291.49372719125137
3,20,182.1468065524563,291.48658740986355
3,21,182.10299432142918,291.4785761782095
3,22,182.0858155623016,291.46711915741025
3,23,182.09109916204943,291.45908627039165
3,24,182.11254277857185,291.4530228463509
3,25,182.14866373168928,291.45082054490115
3,26,182.18901444406245,291.45491976156495
3,27,182.2141013852283,291.4675332604001
3,28,182.23161957603457,291.4814616113949
3,29,182.24585451133572,291.4954536840306
3,30,182.25573663863224,291.5091881231973
3,31,182.2607245465176,291.52232132224077
3,32,182.26378514245036,291.5317215759375
3,33,182.25600579307192,291.5352755948808
3,34,182.22325691480194,291.52943661587625
3,35,182.18292754287893,291.51754298005915
3,36,182.14215829221754,291.49839083811264
3,37,182.1053866002924,291.47288464781263
3,38,182.07861077482985,291.44923930671763
3,39,182.0802625572596,291.4353169393229
3,40,182.09048976285212,291.4289601630832
3,41,182.09905704248504,291.4299329141737
3,42,182.1012099858847,291.43835392197104
3,43,182.09838272300001,291.44693882940595
3,44,182.09252508792238,291.4531172510645
3,45,182.0920256159525,291.45653353039336
3,46,182.10509291781364,291.46067584709135
3,47,182.12298573359962,291.4663123086218
3,48,182.143506009804,291.4752747137739
3,49,182.16434864736905,291.4887188593449
3,50,182.17837568428405,291.50572157964945
3,51,182.1773242244238,291.5212561929852
3,52,182.17203225087542,291.5331741826106
3,53,182.1663739947796,291.5431964285958
3,54,182.16015941929936,291.54806901162874
3,55,182.15315571192073,291.5497437206633
3,56,182.1469359645616,291.5488705047309
3,57,182.14007394792864,291.5458871265727
3,58,182.1281033834595,291.5357189110187
3,59,182.11425780241817,291.5265139182632
3,60,182.1002462754098,291.5159604544151
3,61,182.08941331253882,291.5056870235539
3,62,182.0828729296278,291.4977032877643
3,63,182.07966562176114,291.49632036041055
3,64,182.0752696308755,291.4959144993686
3,65,182.0692987393862,291.49766235092665
3,66,182.06271600026244,291.4971455695507
3,67,182.0557299675401,291.49454400363265
3,68,182.0513056817822,291.48912902506925
3,69,182.0505347587533,291.48036198527717
3,70,182.05855761557004,291.46569540448456
3,71,182.0584277505391,291.4575368837349
3,72,182.0507376578664,291.4555727417605
3,73,182.04140417338826,291.4563978389383
3,74,182.03072222689707,291.46235137556084
3,75,182.01339285205407,291.4736085902424
3,76,182.00654247033083,291.48250904605686
3,77,182.0085723602374,291.4900731057449
3,78,182.00900266766615,291.4985383561684
3,79,182.00367965955886,291.5040618368937
3,80,181.9976785021201,291.5106773710947
3,81,181.99394625940468,291.521653971056
3,82,182.0016734492708,291.5365670685505
3,83,182.019245075696,291.5576692616968
3,84,182.04063011018363,291.58077130376995
3,85,182.0595494511907,291.60016501829847
3,86,182.07389161453725,291.61496500818845
3,87,182.0731172519718,291.6242837246668
3,88,182.0629748210596,291.6261501188036
3,89,182.05283643923403,291.62554150079694
3,90,182.04483256887386,291.6258988181332
3,91,182.03943227246975,291.62316949444767
3,92,182.0399271197166,291.61733645794635
3,93,182.04535399216786,291.6086561722693
3,94,182.05391372358054,291.58889375828755
3,95,182.06165463985892,291.5627777856287
3,96,182.06417372362625,291.5370686557559
3,97,182.0651089841543,291.5135556088578
3,98,182.06494397000665,291.4906200793546
3,99,182.06317659120444,291.47765394509986
3,100,182.0621107086038,291.4709077624591
3,101,182.0633795753799,291.46500013634727
3,102,182.059824429953,291.4588652178411
3,103,182.05413126099992,291.4567989904746
3,104,182.04584094480686,291.4580399595113
3,105,182.03109450246524,291.45858696431173
3,106,182.00264525614142,291.45563872711875
3,107,181.97453308864033,291.4541257315921
3,108,181.9573165441786,291.4597413617838
3,109,181.97236959870162,291.5057287091918
3,110,182.03009480212748,291.6719338761162
3,111,182.1413980176926,292.00234480834615
3,112,182.44550298757824,292.5240327200042
3,113,182.81407214479034,293.2950601586319
3,114,183.26684369671577,294.3442287181498
3,115,183.92509059860743,295.5283294324712
3,116,184.7899871241197,296.7821691950815
3,117,185.7939525026234,297.9931850023525
3,118,186.8939020246924,299.13135021165664
3,119,187.9683033717246,300.04792386304547
3,120,188.99710183328634,300.85699645843187
3,121,190.06574316393701,301.60899922910033
3,122,191.00305436184402,302.37537682270397
3,123,191.89288649198514,303.1392547028038
3,124,192.95128907587218,303.98718832843866
3,125,194.1269533384554,304.91902017160993
3,126,195.2928567788984,305.91625326690666
3,127,196.57808555738615,307.0338187003004
3,128,198.1462680062867,308.3284333406097
3,129,199.88567900969522,309.8140979386313
3,130,201.66333964137462,311.40306103942936
3,131,203.3943100327767,312.9867983457645
3,132,205.16506331144802,314.3789304368856
3,133,206.71036676703272,315.5444791721283
3,134,207.97999545285253,316.45406859307474
3,135,208.94793898792295,317.2460728376953
3,136,209.6398576018161,318.07441888115693
3,137,210.0004508810609,318.91438951188013
3,138,210.24807451268975,319.6969568304021
3,139,210.54430544001116,320.484397471068
3,140,210.93217114148356,321.20723245210155
3,141,211.45943347162824,321.77614034313603
3,142,212.12016189296486,322.34740561382296
3,143,212.6898300063285,322.9314791066509
3,144,213.04052505165873,323.45753569870374
3,145,213.1846336797348,323.8445972435102
3,146,213.03331286777484,324.04982266066634
3,147,212.49964706479466,323.9893878447023
3,148,211.7165034153729,323.5206516782308
3,149,210.61022833968258,322.531921657016
3,150,209.23802064766247,321.053233050088
3,151,207.7467041719318,319.2165154848063
3,152,206.17139606731382,317.05637408761726
3,153,204.51516634067107,314.9046369042759
3,154,202.90977166919203,312.81549244860696
3,155,201.277840003891,310.95467351216706
3,156,199.7541407442134,309.2974358896809
3,157,198.40994500495955,307.9112204475418
3,158,197.39642594467696,306.52189084722244
3,159,196.7145126722307,305.42716323796583
3,160,196.56202138050023,304.56920065690065
3,161,196.889979524249,303.81025878936174
3,162,197.37569836121074,303.44613081323007
3,163,197.65744462066866,303.6216224682603
3,164,197.72733727727106,304.0388693660003
3,165,197.65322770933227,304.48898334784764
3,166,197.54435431730187,304.97980080126797
3,167,197.4849926276391,305.2651769114697
3,168,197.625554689148,305.3629591028802
3,169,197.84527513894318,305.27759605366515
3,170,197.87660242206698,305.0241688073726
3,171,197.65183442026418,304.66498445107754
3,172,197.38259307090766,304.2442771345448
3,173,197.201295307219,303.73442275144174
3,174,197.06316390249486,303.2855315933418
3,175,197.03690411057931,302.9155692626719
3,176,196.9254257162807,302.59947664394093
3,177,196.65416047175586,302.30949264754446
3,178,196.2255175307709,302.0995982201626
3,179,195.84339853863122,301.863609313938
3,180,195.59060550106926,301.6419814740987
3,181,195.63166053634603,301.5362835153937
3,182,196.00908822990874,301.57326577339194
3,183,196.65609409349696,301.72722343399005
3,184,197.40350707626465,302.1676734053508
3,185,198.19090508089306,302.9080055758489
3,186,198.81162183299867,303.9390883369758
3,187,199.26665514102118,305.00453779189365
3,188,199.58075824095516,306.0082674900031
3,189,199.8409617907005,306.8630166144622
3,190,200.06540941493574,307.56143115171926
3,191,200.35422064307218,307.87335250614814
3,192,200.6457086488486,307.8510781102012
3,193,200.9597848686173,307.54825624621196
3,194,201.3870619129023,307.02350120582463
3,195,201.81481061394265,306.6250361193299
3,196,202.33879531466306,306.5000755378981
3,197,202.94514347706811,306.78184980923004
3,198,203.6447838331789,307.55743833335487
3,199,204.3531606883047,308.7235065239103
3,200,205.2530396762796,310.05539491451276
3,201,206.40436515304938,311.60001643511856
3,202,207.91889706264047,313.17311562332196
3,203,209.72934113330166,314.8740935347839
3,204,211.83026361561676,316.65463484500054
3,205,214.0098644101169,318.47319726060874
3,206,215.90445805069984,320.184417015355
3,207,217.37412318158104,321.7889210898194
3,208,218.3785920572408,323.0405164124203
3,209,218.92406693689068,323.68737559308687
3,210,218.9839329494647,323.5646427513791
3,211,218.48404027376674,322.8085563304776
3,212,217.36741681605892,321.59953062691557
3,213,215.72966989208092,320.04114022061793
3,214,213.59737749271426,318.53367488430445
3,215,211.29804394098556,317.34353615887005
3,216,209.32439116437223,316.5047922454873
3,217,207.96180528644123,316.0165398328871
3,218,207.33346834872236,315.85652823874597
3,219,207.44974234264382,315.9774240226372
3,220,208.1367462480078,316.2499903092828
3,221,209.17252525204492,316.7052578794311
3,222,210.3854267059686,317.3457605387895
3,223,211.7196607623789,318.2065310221547
3,224,213.21873140519227,319.0891425249791
3,225,214.62142284910135,319.9526386536792
3,226,215.7800888807853,320.7185007783202
3,227,216.6973737986252,321.14156464108095
3,228,217.2883287367788,321.2755447898785
3,229,217.37891685631834,320.80805340112164
3,230,217.23387601602363,319.4569783811099
3,231,216.88440994790346,318.5544735262899
3,232,216.33500297123706,317.81486343342544
3,233,215.85826739811796,316.52561427264504
3,234,215.49554013782122,315.328123256542
3,235,215.21086085164177,314.6148603425456
3,236,215.03969082098078,313.3952583281461
3,237,214.85489011753742,312.115473224533
3,238,214.43211157591065,311.2805195705347
3,239,213.76475242318276,311.1330588926075
3,240,212.8936388288669,311.51301923468714
3,241,212.0869413811787,311.7973105448637
3,242,211.6561531533143,311.95672350512797
3,243,211.57188435523307,312.07190388115475
3,244,211.68629004781823,312.10423416431587
3,245,212.0080587991409,312.1560074940029
3,246,212.3723581957328,312.4487662218572
3,247,212.70522623330504,312.89557147689584
3,248,213.2040179966042,313.2967079444598
3,249,213.89369300478455,313.4008289786753
3,250,214.53462319926444,313.3607271129221
3,251,215.1354698464139,313.1095974439524
3,252,215.46276549066368,312.9319042818776
3,253,215.49278356714953,312.59081094626106
3,254,215.05894435686034,312.4528977370329
3,255,214.31101320610753,312.1675657882703
3,256,213.35000079069366,311.6600168596131
3,257,211.96369063372757,311.3203503623572
3,258,210.15146455617148,311.25620094362284
3,259,208.31552840034863,310.834509963057
3,260,206.58841011007956,310.2912068290363
3,261,204.93086039123864,309.83257404513085
3,262,203.66077828207113,308.97334423477946
3,263,202.7544925535202,308.1024794078517
3,264,202.16960564857655,307.50971873292207
3,265,201.80792537518622,307.2189817568369
3,266,201.6286326405533,307.35731039070134
3,267,201.73716758810207,307.8845085452219
3,268,202.11019129179653,308.6183283887481
3,269,202.73483422854883,309.3310220811289
3,270,203.46066178381403,309.9717594882822
3,271,204.02983318609319,310.46688738835826
3,272,204.39045506337007,310.6931953485255
3,273,204.35062785861098,310.7004919422104
3,274,203.86117939740532,310.5496809767801
3,275,203.01372994752853,310.250200146999
3,276,202.05962750688596,309.69642377003476
3,277,201.04804374958067,308.93104086551966
3,278,200.0571059007369,308.102529164517
3,279,199.11925901849185,307.3360301445966
3,280,198.34489762559122,306.6654137758702
3,281,197.7066715301873,306.165305903349
3,282,197.178718316388,305.957761053832
3,283,196.82843065978494,305.9310892703066
3,284,196.67074275461695,306.0249558096968
3,285,196.81187309596828,306.17659616427704
3,286,197.4560961638811,306.30380424755094
3,287,198.42205364989996,306.4168974027396
3,288,199.50993590550425,306.6111301976567
3,289,200.55698231799522,306.96689814194843
3,290,201.48915083610913,307.45574211997666
3,291,202.16831742972624,308.0656590913467
3,292,202.58571802133196,308.8386489049425
3,293,202.81136650864374,309.54851012797826
3,294,202.85576203928358,310.02942886768267
3,295,202.65537077862763,310.27852324304297
3,296,202.17031017165803,310.30293644701953
3,297,201.60997334602,309.96735864694597
3,298,201.09669226882454,309.44566263467885
3,299,200.7502899491985,308.87926931779907
3,300,200.5702663032694,308.37878198066545
3,301,200.48568862191874,307.96556707968676
3,302,200.39117251026948,307.7070819171927
3,303,200.27539009377767,307.68170079979353
3,304,200.11979356805222,307.87472929321984
3,305,199.9768572384951,308.1680388979893
3,306,200.00132749029117,308.49867681420596
3,307,200.29077562973612,308.76902735395043
3,308,200.70462316012888,308.89160423284676
3,309,201.19144459809357,308.91243896155186
3,310,201.6642549096079,309.004768637168
3,311,202.01849438588144,309.24993672042973
3,312,202.1677476984184,309.67357815957166
3,313,202.23427893886424,310.16583355245746
3,314,202.24328619483936,310.55531809827517
3,315,202.18755334363019,310.63636473529397
3,316,201.9504358773172,310.41545685762776
3,317,201.5155201013487,309.98890512724626
3,318,200.883166856345,309.4530714784354
3,319,200.18218045745138,308.89031056064505
3,320,199.52869786920974,308.47311106733787
3,321,199.13065279072373,308.1616085910597
3,322,199.10899542750786,307.8737179068792
3,323,199.44863962230858,307.72040891244166
3,324,200.02294607057826,307.86526920804897
3,325,200.62540616177384,308.369570816677
3,326,201.18778331971137,309.1487565469426
3,327,201.78530311827288,310.0445442158708
3,328,202.4770619724658,310.85306231719863
3,329,203.2874357346507,311.38932189797487
3,330,204.1933056267327,311.59916288808245
3,331,204.749574802103,311.7756283762587
3,332,204.85511574789112,311.9875863264702
3,333,204.46088379258063,312.26808974595497
3,334,203.7005136585728,312.6247442201071
3,335,202.83262516217226,312.8419322212088
3,336,202.35815622206184,312.6364469836146
3,337,202.155278958113,312.07785106567167
3,338,202.1199051124542,311.31759434673165
3,339,201.94507832035777,310.5085374118925
3,340,201.52240505096788,309.7885925247282
3,341,200.67838509077978,309.26703171858594
3,342,199.57951935917555,308.8978393994902
3,343,198.51387188025933,308.5332463925235
3,344,197.59155206235752,308.0697801637839
3,345,196.84723423595,307.4759442722136
3,346,196.4270628724087,306.7726059222266
3,347,196.31426848036162,306.1510804974913
3,348,196.2445123895386,305.756933516409
3,349,196.29899261520816,305.59167078168423
3,350,196.47245236942013,305.65492134031774
3,351,196.6711521947301,305.838096815383
3,352,196.63404060666878,306.1824803417861
3,353,196.53181660197288,306.4472578322879
3,354,196.34932769230522,306.5532321257994
3,355,196.03629722245566,306.5728183089543
3,356,195.69516312058175,306.587522018019
3,357,195.6484326890421,306.43714677504556
3,358,195.76267704358037,306.30238374434583
3,359,196.08861864658112,306.29017493511355
3,360,196.49666436642215,306.40024852477706
3,361,196.98286920602513,306.61333005304925
3,362,197.5170699682353,306.88995508001915
3,363,198.06665241572125,307.2783790294303
3,364,198.40058529444744,307.7468500491052
3,365,198.6556167877765,308.16840248937905
3,366,198.82721104472137,308.5566714077303
3,367,198.88417138882926,308.8914784430658
3,368,198.87775001368195,309.0801092013085
3,369,198.90110871987287,309.13580422300987
3,370,198.91327499581638,309.15062708523493
3,371,198.80712683364754,309.1372725478979
3,372,198.3917409457594,309.0592935600202
3,373,197.5129261993679,308.85954062602724
3,374,196.18980233696539,308.4172564790891
3,375,194.44260355212796,307.60087908111575
3,376,192.24873980355903,306.2961808027735
3,377,189.75262324994907,304.4938450965484
3,378,187.20872063126603,302.1476573468939
3,379,184.69938052723697,299.2988514734381
3,380,182.2891455599326,296.2022077253839
3,381,180.2723447329126,293.0783786015311
3,382,178.65883698192246,290.2231493196276
3,383,177.4266647489192,287.8925280670915
3,384,176.67533649297664,286.24604468457017
3,385,176.4703152326087,285.27527760110337
3,386,176.73102657491873,284.98210555947315
3,387,177.4798524403828,285.2116806165048
3,388,178.64037389638534,285.98141184172243
3,389,180.03753491946836,287.24466863464676
3,390,181.48599178323803,288.8781990634541
3,391,182.79843877308096,290.69743286444316
3,392,183.920222911031,292.70932385026083
3,393,184.77939017905925,294.6749171128065
3,394,185.35303147677737,296.3944579206682
3,395,185.69906319801456,297.7222761084444
3,396,185.86264804501928,298.66690000740016
3,397,185.77789859533073,299.05387642802873
3,398,185.41209008091866,298.90892109357753
3,399,184.7781120029093,298.31961771336086
3,400,183.9618813956679,297.38081017902493
3,401,183.0618992873331,296.1973732996895
3,402,182.1597774491634,294.8876740828917
3,403,181.3393840701234,293.5495165997992
3,404,180.72907476968356,292.29357125325197
3,405,180.33179374026741,291.1653432666577
3,406,180.10687068271318,290.15488012181396
3,407,180.11883250576042,289.297693757248
3,408,180.3465341808408,288.6261669883463
3,409,180.6869031019402,288.2255761893357
3,410,181.04220759707587,288.1974567618408
3,411,181.37772715418808,288.53341133459963
3,412,181.6280806404184,289.19929179085204
3,413,181.82617958436416,290.1653631752892
3,414,181.9896492502837,291.2734044128912
3,415,182.16435739023984,292.3705536202879
3,416,182.42349970922155,293.40612341873594
3,417,182.78992873964077,294.32800253042893
3,418,183.24120732838827,295.09104840267827
3,419,183.73414381911533,295.65188363346016
3,420,184.20594808595843,295.98882149600354
3,421,184.49117474497473,296.08156944390964
3,422,184.54270670456566,295.8876632966571
3,423,184.4017124471291,295.449942384008
3,424,184.1143282361227,294.8066803574032
3,425,183.67767817085053,294.0103398007394
3,426,183.1895662040752,293.12733852461884
3,427,182.67087011028542,292.2401547836515
3,428,182.1256756087068,291.33584600595515
3,429,181.61969278996037,290.465443673206
3,430,181.22090668521167,289.72751686358913
3,431,180.93705155259414,289.2016317107942
3,432,180.80720508391448,288.9538760648721
3,433,180.78325320840045,289.0013008617903
3,434,180.8299944956194,289.36862667896014
3,435,180.97593386153042,290.00468350490854
3,436,181.21551876312688,290.7909112889922
3,437,181.53550907557113,291.66701651738464
3,438,182.0118116423845,292.58690091954884
3,439,182.62211638706754,293.46762611034836
3,440,183.31489121593077,294.2308757172672
3,441,184.0083386034821,294.8407694390775
3,442,184.6081954919549,295.2197972423212
3,443,185.00149396361272,295.3325759400604
3,444,185.1404181205925,295.17208582538285
3,445,184.97781663439258,294.78511652544984
3,446,184.60000394102403,294.2202095161108
3,447,184.0584784101205,293.5311809438842
3,448,183.36537813386164,292.7941652769892
3,449,182.5846078310473,292.0499734209795
3,450,181.83987179337137,291.30657681550144
3,451,181.20087172914043,290.6296635884403
3,452,180.73116646508362,290.0986727990097
3,453,180.4973712776584,289.7360767875297
3,454,180.4868990004398,289.58217669248256
3,455,180.63349792633596,289.668118438787
3,456,180.8568877573019,289.9787910885389
3,457,181.14587519152786,290.46697969596596
3,458,181.43819207501872,291.0910039290206
3,459,181.74773423483703,291.79115645927726
3,460,182.15627350625283,292.48639563058487
3,461,182.6320011684611,293.07322565979734
3,462,183.12412289709252,293.51362653582913
3,463,183.6267679025251,293.80955851804606
3,464,184.04687038658943,293.94882859188954
3,465,184.24541401453277,293.9310703540367
3,466,184.21475607221882,293.81364318865576
3,467,183.9683549661503,293.59918270386174
3,468,183.55089230543777,293.27128748657015
3,469,183.0223160638489,292.8502851624247
3,470,182.45011357568313,292.39093509923384
3,471,181.9242082815115,291.89415429048483
3,472,181.49502062239455,291.4031821901647
3,473,181.19697314902058,290.9743575544517
3,474,181.05482250058787,290.65870275898163
3,475,181.08010835952416,290.45719911736154
3,476,181.2454885789849,290.390907998801
3,477,181.51998623454784,290.4878560390816
3,478,181.81697254330342,290.70106035002095
3,479,182.09262829661594,291.0230480676623
3,480,182.31761809552904,291.4197363540706
3,481,182.4917203788639,291.8474373431574
3,482,182.6144638673619,292.2318773892578
3,483,182.72960080693747,292.571517660958
3,484,182.8435694098169,292.8111862403418
3,485,182.9561781325176,292.9556143940874
3,486,183.03592798612104,293.01016767005365
3,487,183.04495674781526,292.98722917624445
3,488,182.9660558115988,292.89538770570346
3,489,182.8329227512275,292.755473006275
3,490,182.65707431952578,292.54395593602385
3,491,182.44545384062002,292.2899879463648
3,492,182.25865589057165,292.03654687456765
3,493,182.1268659225018,291.79379957036497
3,494,182.06040675589693,291.5612836159729
3,495,182.0847576386374,291.39011686994354
3,496,182.18600672992483,291.281048052192
3,497,182.32237681422887,291.2219527815051
3,498,182.45949771450805,291.2140284868332
3,499,182.55840386364218,291.26399559272636
3,500,182.5759058507325,291.36298795863144
3,501,182.53775624351746,291.50227806297767
3,502,182.4709603254954,291.66124867550826
3,503,182.4119684804144,291.83749075344144
3,504,182.39080595060577,292.01381819701885
3,505,182.44009048555358,292.1609630933936
3,506,182.5566360141019,292.278163717159
3,507,182.69997632402877,292.36642318226893
3,508,182.8319950758065,292.4138722240826
3,509,182.91871606459813,292.42313661692145
3,510,182.9345671937177,292.41623271476874
3,511,182.87739612095083,292.3826248974469
3,512,182.77667790002025,292.31735136953097
3,513,182.6592873611019,292.2206565784715
3,514,182.5324742949713,292.08988264824995
3,515,182.41933672321323,291.94104452683
3,516,182.35008929333281,291.7956094540797
3,517,182.33469051201095,291.66511657627507
3,518,182.3343669812337,291.55563913445803
3,519,182.34279068298846,291.4812468973173
3,520,182.34252605660996,291.43264954255994
3,521,182.3048807453071,291.41966511607757
3,522,182.23219998500926,291.4455730690782
3,523,182.18111226846761,291.50236368533405
3,524,182.16987905473766,291.59529340055724
3,525,182.19822086493704,291.71828988906725
3,526,182.28249760747698,291.85129999677963
3,527,182.41544101993793,291.972193770791
3,528,182.55111360033737,292.0930243620478
3,529,182.67182613618303,292.19299966593235
3,530,182.77170031025497,292.26826945014216
3,531,182.82213309119845,292.3070413086784
3,532,182.8039467721937,292.31102145305925
3,533,182.7215193101836,292.262396716908
3,534,182.58325840482286,292.1666772950142
3,535,182.41654954508118,292.0304122589567
3,536,182.26305240889567,291.8695606804315
3,537,182.13900907279344,291.7066538784621
3,538,182.0587714425151,291.55096017885063
3,539,182.02730612086515,291.43404775410016
3,540,182.01867418580488,291.3619130390926
3,541,182.00620963535076,291.3354950310393
3,542,182.00124700082324,291.34935778489
3,543,182.01189234459844,291.4154986283571
3,544,182.03971476111417,291.5142179023398
3,545,182.08943213263285,291.6472379908893
3,546,182.15911103094456,291.8015862437583
3,547,182.23535521310825,291.947505807039
3,548,182.30521548090098,292.0648835551398
3,549,182.37409732629482,292.15178780695015
3,550,182.45256829508978,292.194779950929
3,551,182.51988482714881,292.2005704193433
3,552,182.55382275878858,292.1821706459651
3,553,182.54957958431638,292.14317129789947
3,554,182.5023350338431,292.07759238398256
3,555,182.4085063257955,291.99176876720526
3,556,182.2938022453721,291.8822910512657
3,557,182.19312713674336,291.77460799475625
3,558,182.12283668452935,291.68530240436644
3,559,182.0884492097824,291.62107203090176
3,560,182.09602007113597,291.57585117109994
3,561,182.1385967264696,291.5566374563207
3,562,182.19764617022602,291.5490060401613
3,563,182.27016735081958,291.5441438977359
3,564,182.3502848107652,291.54366584317086
3,565,182.42493593660976,291.5536622272317
3,566,182.49042245861298,291.58542189449327
3,567,182.54961308153827,291.6357086824407
3,568,182.59670077238698,291.69824243682115
3,569,182.6300468439329,291.7566204743012
3,570,182.6475644104676,291.7991454509663
3,571,182.6530774035742,291.8101344163542
3,572,182.64607644999862,291.79213276334275
3,573,182.62079852967733,291.7497202563953
3,574,182.56898069124358,291.6949926778018
3,575,182.49686560630258,291.6363286669377
3,576,182.41531407520043,291.5761191849959
3,577,182.32763853899505,291.521707595957
3,578,182.24638140629162,291.4797560006378
3,579,182.18719863906114,291.4525088768985
3,580,182.1531188695087,291.4406399876912
3,581,182.1449985992048,291.4386130554743
3,582,182.1655582960287,291.44001438860073
3,583,182.2111938079432,291.4415850792721
3,584,182.27338133903535,291.4462069581873
3,585,182.34449958855615,291.46976146078794
3,586,182.42280812862882,291.5215668130804
3,587,182.48965780470564,291.58505981258423
3,588,182.5399093429966,291.6502821173488
3,589,182.57366661414812,291.70972384038737
4,0,195.71179130358482,278.1365566934572
4,1,195.70075344905678,278.2759523488956
4,2,195.6827137695638,278.42770839739336
4,3,195.67314498378772,278.5531498844617
4,4,195.71068071712324,278.5932632512871
4,5,195.70615167947005,278.5964580432875
4,6,195.66848037237253,278.58346572494025
4,7,195.62857844581347,278.57048499039985
4,8,195.59446464738483,278.5635803897668
4,9,195.56475932118192,278.57292897844553
4,10,195.54415284771488,278.6009152732979
4,11,195.5379788266544,278.6395017227638
4,12,195.5369336189776,278.6763322528081
4,13,195.5352907611134,278.70844034578255
4,14,195.53655920142202,278.7302431610693
4,15,195.53889511728804,278.7392452492274
4,16,195.53575065483508,278.741321027042
4,17,195.53121734113762,278.745208637715
4,18,195.52563481823626,278.75264701583797
4,19,195.51345156589431,278.76504241901046
4,20,195.49780233677023,278.77767598990664
4,21,195.49261831336545,278.78133245928774
4,22,195.5186216006071,278.7626661733085
4,23,195.55693958672558,278.7341976771747
4,24,195.59956455750415,278.7013996507891
4,25,195.64495351467755,278.6720380926552
4,26,195.68204960052256,278.65699809830045
4,27,195.6822472379046,278.66692987141937
4,28,195.66849247004112,278.68705992261073
4,29,195.6521903569113,278.70977576198464
4,30,195.63611227639768,278.72835036177116
4,31,195.6183486263207,278.74058350256144
4,32,195.60995295807834,278.74484944723815
4,33,195.60458888196763,278.74514396701574
4,34,195.59074953510012,278.7423450501141
4,35,195.56869681413113,278.7362829470834
4,36,195.54183284182596,278.7249076103552
4,37,195.51472628525667,278.70955699021914
4,38,195.4931694415024,278.6943803333449
4,39,195.49067852810225,278.6827021250174
4,40,195.50179129837088,278.6769631381779
4,41,195.5169396232029,278.67730718170355
4,42,195.528425078132,278.6845183796639
4,43,195.5378486209427,278.69242196463665
4,44,195.5452279834946,278.6992822121205
4,45,195.55772889452894,278.7066957134725
4,46,195.58464507084906,278.72186917416025
4,47,195.61612878764493,278.7361977243871
4,48,195.64718452885722,278.74795505321526
4,49,195.67446556658072,278.75709729158615
4,50,195.6899049985088,278.7586348673341
4,51,195.68769869586055,278.7521762828792
4,52,195.67939066513927,278.74663831232436
4,53,195.66794586011935,278.7442390307743
4,54,195.65673496540134,278.74238870180835
4,55,195.64764796615776,278.74552022782115
4,56,195.6417945007397,278.74726084972616
4,57,195.6344014127015,278.74827584213637
4,58,195.61343142717067,278.7490620487919
4,59,195.58906653918166,278.7539792480894
4,60,195.56131863889897,278.75873978305407
4,61,195.5317476909007,278.7644553299428
4,62,195.50644141287725,278.77186577579147
4,63,195.49226122592154,278.781555116632
4,64,195.4766309544732,278.79110623289444
4,65,195.4608912149709,278.80393980359406
4,66,195.44859631632465,278.81683272109433
4,67,195.4392826948607,278.825743683991
4,68,195.43508110477111,278.8297938454358
4,69,195.43822207942668,278.8282067236665
4,70,195.4532883750916,278.81881000584406
4,71,195.46462037219848,278.80977596631544
4,72,195.47192715082028,278.80235735759555
4,73,195.48247426374994,278.7965564210336
4,74,195.4912915355592,278.7957850448977
4,75,195.49221059682083,278.79932730954346
4,76,195.49946843835656,278.8020291657677
4,77,195.50811036072102,278.8084694277788
4,78,195.50835230530103,278.8174277219912
4,79,195.5000338568758,278.82510308461116
4,80,195.48781846490704,278.8334581704101
4,81,195.47493088667375,278.84112998452787
4,82,195.4761427649053,278.83974470059906
4,83,195.49358147058672,278.83525704234853
4,84,195.51631913929185,278.8290449844271
4,85,195.5445296548876,278.8217276923467
4,86,195.5737592478958,278.81546545816224
4,87,195.58712974085262,278.8160734567303
4,88,195.58409293579854,278.81850625510856
4,89,195.5759481686509,278.8223292848896
4,90,195.56130190699048,278.8243921914163
4,91,195.54320054156693,278.82342967037863
4,92,195.52969971895666,278.81994710083524
4,93,195.52285584348022,278.8170000241826
4,94,195.52366797992946,278.8140192198262
4,95,195.5230140542441,278.8132833388025
4,96,195.52160997586776,278.81332514922286
4,97,195.52189888001882,278.8156676889559
4,98,195.5238905277099,278.8150101188618
4,99,195.52576444437324,278.8141587850411
4,100,195.53553802333326,278.81187302072703
4,101,195.55002869193171,278.8082946446056
4,102,195.55976187889087,278.8042131299839
4,103,195.5660354521894,278.8037206519888
4,104,195.57063252029303,278.8024015335865
4,105,195.57403812606364,278.7988884333678
4,106,195.5828762224186,278.78931731704444
4,107,195.594444382832,278.7782346031864
4,108,195.61674798575635,278.77741561698264
4,109,195.68268561364465,278.813323881437
4,110,195.83135850780573,278.92938761151925
4,111,196.07743770316685,279.19263302187426
4,112,196.4696170688831,279.6412591856876
4,113,196.8678496892478,280.3714566958466
4,114,197.3185290094078,281.33544805075974
4,115,197.8475806994493,282.4410094766116
4,116,198.44571582596473,283.58972630666915
4,117,199.2366825766368,284.5924997624012
4,118,200.18097587061075,285.4362209902503
4,119,201.0852749907143,286.15454722340223
4,120,202.01476266152943,286.73495141487325
4,121,203.08213343714306,287.1485634953503
4,122,204.02918481616175,287.62496310822553
4,123,204.99906138843912,288.0868531677931
4,124,206.09061766912723,288.59932388661116
4,125,207.16819879052713,289.316585301954
4,126,208.18239962367866,290.17408493944237
4,127,209.27302742509036,291.111703674095
4,128,210.611137345378,292.17379564979836
4,129,212.24628807223894,293.28712885626277
4,130,214.03746502681028,294.44626535306037
4,131,215.75140891191919,295.7722652683491
4,132,217.38939820943028,297.0564410996741
4,133,218.76678907718434,298.20684917337445
4,134,219.78768507298224,299.21384511670175
4,135,220.50592557241671,300.0325401876356
4,136,221.10296354135218,300.67771642745294
4,137,221.5519810810366,301.29780366504576
4,138,221.7975520962112,302.0281933290981
4,139,222.0603655908311,302.8281564470372
4,140,222.42623992534996,303.5839325548149
4,141,222.87391565186766,304.2589744803564
4,142,223.3531050008906,304.9614570094182
4,143,223.90943503924728,305.56262288954343
4,144,224.34540192994774,306.0104697642167
4,145,224.65307768574192,306.33547054580157
4,146,224.62812656887576,306.5075307483323
4,147,224.27398870343407,306.31732122753004
4,148,223.59199772140596,305.5970193153357
4,149,222.6181278763442,304.35924035121246
4,150,221.43113907247903,302.72860326474637
4,151,220.27563891936953,300.7037668939403
4,152,219.23767862225506,298.28954439929515
4,153,218.20907010538093,295.9009746893388
4,154,217.21036490936916,293.70841640321834
4,155,216.00823564902197,291.7663646460247
4,156,214.58722536180937,290.245215600137
4,157,213.11375941605337,289.22225138846096
4,158,211.83334244139564,288.47541422119855
4,159,210.7961137618483,287.96777891243755
4,160,210.26858100364697,287.56176383657044
4,161,210.34212931575425,287.12216059096977
4,162,210.63590762719704,286.8647032871852
4,163,210.97298061442783,286.7898722437647
4,164,211.2490899352766,286.8278812281029
4,165,211.4380205954901,287.00957503303835
4,166,211.45616798858282,287.3352523305236
4,167,211.40814861788718,287.60695271668084
4,168,211.3571788190607,287.8214084247597
4,169,211.2778861779088,287.99473958358493
4,170,211.09089933515799,288.01309018173276
4,171,210.79443002133155,287.8560888347935
4,172,210.47071678002322,287.584600617984
4,173,210.1383785572459,287.2446664228027
4,174,209.80153024989966,286.8683076313302
4,175,209.49810319023806,286.4965124932878
4,176,209.25865413379015,286.1937221053495
4,177,209.06031482694775,286.00288797282053
4,178,208.83663607713555,285.96456818075205
4,179,208.64828677375834,286.01796376398573
4,180,208.55668462193347,286.12279420684683
4,181,208.65013308029896,286.21327807102415
4,182,208.9512557406042,286.31122139540264
4,183,209.51456933279923,286.40595957832676
4,184,210.28432800177427,286.61199159799634
4,185,211.10142315967357,287.0133834772053
4,186,211.7127257372314,287.6245280858431
4,187,212.1309829307225,288.2888447528286
4,188,212.39486806071727,288.97307335045775
4,189,212.59372916922675,289.65467084939826
4,190,212.72236807184814,290.2983148972018
4,191,212.94492885531102,290.71460022313283
4,192,213.3150117714178,290.79476943466784
4,193,213.7800254126029,290.54215337384016
4,194,214.22995071899882,290.11575969804016
4,195,214.65357588106144,289.76417285940886
4,196,215.02707462492396,289.69592938873427
4,197,215.26231550144377,290.09378559589305
4,198,215.5886881426752,290.95367283930665
4,199,216.11253092457034,292.10991634426045
4,200,216.91592785422236,293.41126395817514
4,201,218.00865630884428,294.8578401315701
4,202,219.4757251073389,296.3354374892329
4,203,221.2131064530967,297.84220061830973
4,204,223.1348724887122,299.35361767706115
4,205,225.17310836612359,300.7760144105976
4,206,227.0448795328302,302.1702264284161
4,207,228.47959384065072,303.61094900137357
4,208,229.33398651301547,304.9505268318811
4,209,229.56940619596514,305.93534449048417
4,210,229.20661583063082,306.43743442040494
4,211,228.34525125868637,306.23098500476067
4,212,227.03312421235842,305.35753871667794
4,213,225.32787504590218,304.05628110284783
4,214,223.35143469259847,302.66652078709683
4,215,221.21309811456538,301.47150131143826
4,216,219.28980826837503,300.6370615769029
4,217,217.94391651736757,300.1600088421558
4,218,217.25049144367955,300.0277667158795
4,219,217.2714936013806,300.1419318676382
4,220,217.9386187438161,300.3952650017041
4,221,218.9689336548476,300.86218615543305
4,222,220.12268259035503,301.5400878087169
4,223,221.36485538940505,302.27361579125676
4,224,222.7394511202523,302.94968355920946
4,225,224.07949288031716,303.57149458353337
4,226,225.20303541006933,304.1415195654859
4,227,226.07384638963646,304.5092503473207
4,228,226.67993436124584,304.7521915579032
4,229,226.786344481281,304.78377665260314
4,230,226.65598247056982,304.3767685101002
4,231,226.43321064246953,303.83254342182624
4,232,226.12881394767302,303.2274034610068
4,233,225.80866276729304,302.2897069152718
4,234,225.60700988982558,301.1864862707273
4,235,225.34170411828686,300.26564676992314
4,236,225.07629238059948,299.25948176436157
4,237,224.7702409956362,298.2377118585355
4,238,224.34547907093832,297.41895626247504
4,239,223.83528259258233,296.88630807139594
4,240,223.3027380625788,296.59346057250355
4,241,222.79778031555873,296.36690273485794
4,242,222.48781624080627,296.14928339076005
4,243,222.44575778457207,295.9759419753919
4,244,222.51963009556724,295.96074723423163
4,245,222.754553373604,296.01996763529417
4,246,223.15847172813162,296.1246386685284
4,247,223.5764103785314,296.38313527087877
4,248,223.96523183257966,296.5947663999653
4,249,224.37638920507163,296.70811305053286
4,250,224.71607990468596,296.83028324041396
4,251,224.93387246430026,296.91419763681193
4,252,225.11590243709512,296.8398413949673
4,253,225.23438091891373,296.7164859245376
4,254,225.1773991304144,296.5245601671125
4,255,224.85030002615653,296.21938697760373
4,256,224.2581569700155,295.8456298078585
4,257,223.27609229957454,295.4707825463751
4,258,221.9274381356542,295.08612159243177
4,259,220.3954538560716,294.59276627982314
4,260,218.9314595737947,293.971211030169
4,261,217.62007788678287,293.2672603306535
4,262,216.67430296965995,292.3864666282148
4,263,215.99821149077482,291.54445609848983
4,264,215.56941505577558,290.8857424821994
4,265,215.35127175340747,290.4033216281853
4,266,215.3385311517648,290.20741070909344
4,267,215.427961068793,290.4769246807291
4,268,215.71310977490077,291.0597888347039
4,269,216.2280728241362,291.65541420179295
4,270,216.8267205738218,292.1942209005253
4,271,217.281029064049,292.64832456467735
4,272,217.57977279601133,292.9151824942297
4,273,217.62125027962674,292.98861908430786
4,274,217.30530682983567,292.908200233469
4,275,216.70504550403504,292.6582444296141
4,276,215.93470427686472,292.18392514963494
4,277,215.0115216474261,291.4868168824371
4,278,214.05512675799312,290.64579058406815
4,279,213.1890042293513,289.8505114067987
4,280,212.47669462258634,289.16737896037995
4,281,211.9456496482879,288.6709705549891
4,282,211.61434021539122,288.38857377155745
4,283,211.42827593722697,288.3209521338852
4,284,211.33217428074826,288.4319642167328
4,285,211.38711039660294,288.70724865957794
4,286,211.83626862609563,288.9611789585924
4,287,212.69324240830994,289.180101404937
4,288,213.8130765418955,289.36014342491774
4,289,215.01012258797635,289.6509926579027
4,290,216.1359696898973,290.03000359180385
4,291,216.89661357516778,290.576619481952
4,292,217.1573442246041,291.37314788874903
4,293,217.0416255343601,292.28150755623506
4,294,216.60924103177626,292.99511848263074
4,295,215.9564025610565,293.4281705238173
4,296,215.20627357124712,293.5820718039248
4,297,214.4763197939262,293.33390833464955
4,298,213.89992649477455,292.75713152235306
4,299,213.67316223011292,292.0146159414339
4,300,213.76674852918111,291.305337889489
4,301,213.97758850777157,290.74146116717924
4,302,214.08838424029386,290.38600591417475
4,303,214.01672248937496,290.26007435090526
4,304,213.76026381832548,290.37649732877225
4,305,213.41989400928753,290.6636636852926
4,306,213.22600104589853,290.99819735535857
4,307,213.36570401691256,291.2840305928505
4,308,213.75131276303006,291.5381615378031
4,309,214.25742555330964,291.7218783266205
4,310,214.74511087160022,291.83884057205273
4,311,215.11599117596828,292.02709635699705
4,312,215.34918817801753,292.4019910109603
4,313,215.47038606435166,292.8435600931203
4,314,215.5276388084267,293.22000354812553
4,315,215.48065001456564,293.3931891805307
4,316,215.22292371894372,293.2361787966299
4,317,214.8079974716198,292.7262261549016
4,318,214.32705639318243,291.95588736289517
4,319,213.81529998490998,291.1099541067154
4,320,213.38502699995047,290.41947664138706
4,321,213.24250319519714,290.0144746390616
4,322,213.29243927668693,289.8614298102674
4,323,213.50802958492372,289.99994229546724
4,324,213.9163099976813,290.4074974680987
4,325,214.3779643651933,291.0619496768523
4,326,214.75361010465735,291.87647141301557
4,327,215.2006848734278,292.7681651812402
4,328,215.73417225680774,293.59100734461936
4,329,216.26611914134187,294.237852325766
4,330,216.74659314782429,294.6299742388985
4,331,217.08866249181509,294.8948738002903
4,332,217.12671950240224,295.09108241935724
4,333,216.85399407950635,295.3276645796114
4,334,216.34697804816543,295.670664052832
4,335,215.83567442002692,295.88944604989473
4,336,215.53010374894774,295.78155094573214
4,337,215.43667105932784,295.37027622620013
4,338,215.37896027083994,294.68343245145036
4,339,215.08045764462352,293.8783602419793
4,340,214.4780760899811,293.1964820784837
4,341,213.54640154424234,292.7160334184125
4,342,212.5159208663861,292.37472280017045
4,343,211.5864174144462,292.0974960237736
4,344,210.87799606084158,291.80420451914273
4,345,210.3802093406988,291.40436876212607
4,346,210.1010552287373,290.8930747309743
4,347,209.92453298398874,290.40342495622053
4,348,209.7116188629905,290.08758998326203
4,349,209.56469662371566,289.96222007866754
4,350,209.508958512261,290.056576898347
4,351,209.52000266136005,290.3190343765098
4,352,209.45112094978955,290.72351311254357
4,353,209.37342846475477,291.11909299570266
4,354,209.28763039756427,291.3470189732148
4,355,209.1453873838477,291.4392722076658
4,356,208.92820385873753,291.4675931297785
4,357,208.8417213435961,291.35885570945453
4,358,208.89179698503605,291.1958621442777
4,359,209.05411121566627,291.0963194687053
4,360,209.32536559566418,291.1326397698615
4,361,209.71485595956614,291.2927008930466
4,362,210.18381727414152,291.61001795993394
4,363,210.6981051659478,291.9892186331952
4,364,211.09903315286448,292.4273608134076
4,365,211.42110915402102,292.7640581758248
4,366,211.65145429464414,292.9783226655133
4,367,211.7664288998867,293.05748086550034
4,368,211.79423301418356,293.0392676363794
4,369,211.88268193083007,292.9108358349258
4,370,211.97452534502324,292.8592324328095
4,371,211.97984641785402,292.87102498194463
4,372,211.70000500535463,292.9332693009345
4,373,210.98165565157652,292.9755293270399
4,374,209.7751711041366,292.8208761670159
4,375,208.14117407594944,292.21350777492404
4,376,206.1441858144826,291.08861183857795
4,377,203.9630477890808,289.48767963759576
4,378,201.71096712018507,287.3863079601498
4,379,199.47841637637714,284.8819313405277
4,380,197.25751884467277,282.26540457468735
4,381,195.1970417085846,279.72035894921163
4,382,193.2958711836687,277.4278660040726
4,383,191.67220359311682,275.592532415419
4,384,190.48891162275086,274.28199755991113
4,385,189.81512607016955,273.50305112250993
4,386,189.658767813976,273.30178991342956
4,387,190.1210382740415,273.48337258493615
4,388,191.1770878539281,274.063309025275
4,389,192.59765530252466,275.08540474320927
4,390,194.19108740715714,276.4273888513405
4,391,195.72715014499448,277.9572969122064
4,392,197.02331897697383,279.697398208691
4,393,198.0096901730589,281.43910133857077
4,394,198.69461501728333,283.01580240968366
4,395,199.1692825185325,284.262040645221
4,396,199.48438385209863,285.09624575467757
4,397,199.6752738880112,285.3930746089558
4,398,199.68111794041798,285.1805757303047
4,399,199.4819428721154,284.5112550585147
4,400,199.05118245197679,283.5372574739165
4,401,198.3862539303798,282.38583936009275
4,402,197.4054583302349,281.2129827646502
4,403,196.15101755002425,280.14771608631
4,404,194.88161144594085,279.2562300191822
4,405,193.7357672186169,278.5047465077384
4,406,192.8306612995174,277.84751453102115
4,407,192.33773155348868,277.259298308593
4,408,192.31305142793832,276.72972996547946
4,409,192.57406170026837,276.3401853480636
4,410,193.02731664446583,276.21059346640476
4,411,193.60684013942728,276.3492069065458
4,412,194.25675715110347,276.75083988940935
4,413,194.90379013234966,277.41141612300277
4,414,195.46479211009427,278.2539339324332
4,415,195.93816946881577,279.1874204540942
4,416,196.3869836550663,280.1677385101502
4,417,196.83163082440646,281.06545332412713
4,418,197.29144843645443,281.7874500648403
4,419,197.85053526806058,282.21480565938907
4,420,198.44293830423754,282.3309496845365
4,421,198.895083090006,282.19183652446503
4,422,199.09839597852311,281.86592075400154
4,423,199.02702560237958,281.443528823365
4,424,198.59144861435016,281.01950151295944
4,425,197.90804938856803,280.5328674643121
4,426,197.03731133730858,279.96409406682494
4,427,196.12056532866217,279.38166162095905
4,428,195.27750181789645,278.71348720046393
4,429,194.63280304833282,277.97164633322865
4,430,194.1597086198354,277.2990073739552
4,431,193.93387097915348,276.7965573205903
4,432,193.92199268773402,276.4891716977264
4,433,194.0548336256892,276.4444614004532
4,434,194.2834362487132,276.67583627501665
4,435,194.58863173774296,277.1379952281833
4,436,194.92148813593485,277.7613182928992
4,437,195.2799738210582,278.4851018467818
4,438,195.7587625116779,279.27628548300004
4,439,196.33826701366698,280.11067715827073
4,440,196.9704370838212,280.8664229670167
4,441,197.63843074586964,281.42042602043756
4,442,198.2527067503044,281.72133628797314
4,443,198.67710564487592,281.76328766922893
4,444,198.83507031589878,281.56483399421677
4,445,198.67248055665846,281.21238953679244
4,446,198.23040851372642,280.77943182573495
4,447,197.6124618525332,280.30665114996606
4,448,196.7882452344846,279.80060603227025
4,449,195.8938829414929,279.26154971840435
4,450,195.06723408691417,278.70109717589634
4,451,194.41518893613824,278.1419922142679
4,452,193.92403059714985,277.64591634194164
4,453,193.71305983435795,277.27494181736347
4,454,193.7716766319591,277.0404187280574
4,455,194.0671324280839,276.98360183750293
4,456,194.4301823760781,277.1535228859085
4,457,194.82329088440864,277.5380697387098
4,458,195.1995031616401,278.0678192046003
4,459,195.5209752364445,278.7060200516459
4,460,195.84609516698382,279.3649739326499
4,461,196.22396030010358,279.97508341761204
4,462,196.64962472924856,280.46559967456443
4,463,197.07770706627286,280.80455653891426
4,464,197.4701411156819,280.9574205440509
4,465,197.70231755218927,280.93978838887693
4,466,197.71730340751424,280.7750836996978
4,467,197.51353004413826,280.50249445211205
4,468,197.15661218581354,280.14462325073356
4,469,196.68178236963888,279.7390832937173
4,470,196.10955547176496,279.32380004481377
4,471,195.57060275865854,278.9072829337833
4,472,195.15270939927538,278.48948271314515
4,473,194.8819981538614,278.1048835585113
4,474,194.75176520338675,277.8074108894461
4,475,194.80466175526337,277.62503251802565
4,476,194.98888824334657,277.5547901535582
4,477,195.21594857480864,277.63862055798444
4,478,195.4096836075947,277.8651462487134
4,479,195.59203064906708,278.2041954488631
4,480,195.75681732206164,278.6040252577679
4,481,195.88932552416605,279.0485756685951
4,482,196.00825652350375,279.45535268870015
4,483,196.15547966411904,279.78257713705176
4,484,196.30091334383366,279.99791709876337
4,485,196.452115837868,280.10121375265805
4,486,196.60152040277814,280.0849889498491
4,487,196.69408091950143,279.98322471708696
4,488,196.68497162328939,279.83917709424156
4,489,196.6178082714103,279.65311933175263
4,490,196.48096499055512,279.4464486960481
4,491,196.2635744791296,279.2459855723537
4,492,196.03162516477215,279.07690169763134
4,493,195.8297098055232,278.9329691273427
4,494,195.67715495143452,278.81463085468613
4,495,195.62394454892453,278.72236748295217
4,496,195.67793231154275,278.6564341196077
4,497,195.80936066679968,278.60654468164455
4,498,195.97621327326115,278.5881745236038
4,499,196.12811540060244,278.6254085626868
4,500,196.19175146320862,278.7051405559676
4,501,196.19219613546773,278.80792040202687
4,502,196.16396784607758,278.9230814459807
4,503,196.15061166497966,279.0392109138001
4,504,196.1847108692154,279.14668564029756
4,505,196.30520558344944,279.2227058389091
4,506,196.47262214923657,279.274593423401
4,507,196.63752691809754,279.3104189106212
4,508,196.77811621669278,279.3267290035607
4,509,196.86145069253476,279.3098752071325
4,510,196.85159486393772,279.296683392479
4,511,196.76938026404824,279.2836480682794
4,512,196.64958633040374,279.2663524721825
4,513,196.49935200129477,279.2368725005147
4,514,196.3219122132876,279.1876310859591
4,515,196.16054010249155,279.1234078836641
4,516,196.04743637580233,279.03917876751404
4,517,195.99863252170368,278.94009982515496
4,518,195.98655017103002,278.8370779721403
4,519,196.0043998810191,278.748291712696
4,520,196.03376813513674,278.6653759238387
4,521,196.03576783851608,278.6203951268211
4,522,195.99422411803815,278.6115151499252
4,523,195.95403495418148,278.62379338124964
4,524,195.94049896015582,278.6761517365879
4,525,195.9560720681283,278.7667300305379
4,526,196.03778175925027,278.8853023634494
4,527,196.17485004280505,278.99012383001786
4,528,196.33579791719725,279.0940735865315
4,529,196.491029637631,279.1815312780229
4,530,196.62064972739208,279.2546940873193
4,531,196.67873033793452,279.29367859535995
4,532,196.66607054173764,279.33762520495185
4,533,196.57273649359504,279.36300619871315
4,534,196.3938420182897,279.3512762123408
4,535,196.17144330209246,279.298019045317
4,536,195.94785262308238,279.2051737059561
4,537,195.73378882128173,279.0722415175845
4,538,195.55539409952215,278.9237295779733
4,539,195.4536178773341,278.79118100527506
4,540,195.3922626434736,278.6904785875355
4,541,195.35111741070958,278.63623018777196
4,542,195.34861840285868,278.6380136957411
4,543,195.38708022483684,278.69194964300476
4,544,195.4505899147398,278.7891970039683
4,545,195.53833073101782,278.9267773495006
4,546,195.6441755735491,279.08680205342694
4,547,195.75832735830372,279.2229794783183
4,548,195.86912576595057,279.3190366253916
4,549,195.96779852219586,279.3705083868972
4,550,196.09203175532548,279.367516454934
4,551,196.22225872878684,279.3246701868713
4,552,196.3194458249977,279.26623279095384
4,553,196.3695183921978,279.20321977142413
4,554,196.36197796666536,279.1395788985644
4,555,196.26632958833733,279.0717268395775
4,556,196.1133360659295,278.9923105606473
4,557,195.95312325278212,278.9169711930653
4,558,195.81284286890852,278.8532590852401
4,559,195.7103174185276,278.8018114665786
4,560,195.66924682041707,278.76473315435607
4,561,195.68035765228322,278.7481948175678
4,562,195.71684834258286,278.7445098331627
4,563,195.7807511183552,278.7498947704184
4,564,195.85584861854952,278.7713628169308
4,565,195.93515375083726,278.80782107591125
4,566,196.00900646722445,278.86100416646843
4,567,196.08374210725873,278.9242478301378
4,568,196.14514860081857,278.99345110938896
4,569,196.20607418777172,279.0452875565217
4,570,196.25584771412775,279.0721349763547
4,571,196.29804838625108,279.0705344071424
4,572,196.31603906626697,279.0449979829515
4,573,196.30584657276032,278.9959385700016
4,574,196.26082300530933,278.9369578482359
4,575,196.17545734563717,278.8785015927301
4,576,196.06115197070173,278.82175231922486
4,577,195.93304076175139,278.76989077923326
4,578,195.80782862556396,278.72818353631783
4,579,195.70258795621837,278.7005616762709
4,580,195.62595202132718,278.6917841431927
4,581,195.59000401913346,278.69706374274176
4,582,195.60519760897068,278.70894658611775
4,583,195.66914638841735,278.7243265351619
4,584,195.76441216731234,278.73960610951553
4,585,195.8808732805388,278.7584447124854
4,586,196.01305909344867,278.78937595269946
4,587,196.12914762410225,278.82975124814106
4,588,196.2163782525672,278.8724407148482
4,589,196.27746916649028,278.9102521201117
5,0,208.60810036418076,270.43499971054405
5,1,208.69949470317843,270.5693811544114
5,2,208.8021610067753,270.7203271897639
5,3,208.89948241497598,270.8526155035073
5,4,208.95745320582404,270.9043027475431
5,5,208.97250273852077,270.93537477641803
5,6,208.9567376847303,270.9443430202954
5,7,208.92847113659147,270.94603791890023
5,8,208.90103188608975,270.94602890524925
5,9,208.8751564178326,270.9643412218979
5,10,208.85090294155907,271.0124972552638
5,11,208.83411225222878,271.0746932484457
5,12,208.81244043348187,271.14110289721646
5,13,208.78519748818906,271.21062685190793
5,14,208.76196576582768,271.2694736918528
5,15,208.74576400414966,271.30389229328335
5,16,208.7271879611508,271.32993410672395
5,17,208.71310225907627,271.35476155062497
5,18,208.69977335706875,271.37840333513475
5,19,208.67909084321587,271.4042871545195
5,20,208.65600752993765,271.42763810984576
5,21,208.65122187634168,271.43050154442494
5,22,208.68883946985096,271.3818966383164
5,23,208.7484191783818,271.31163006645517
5,24,208.81294536875538,271.2347241197188
5,25,208.87321465101988,271.1630029193757
5,26,208.91610906839958,271.11099792094666
5,27,208.9122934800177,271.1097318461917
5,28,208.88645340422687,271.12864452379273
5,29,208.85450231629582,271.15370710437
5,30,208.82570088036232,271.17198023824307
5,31,208.7956585654907,271.18455959847955
5,32,208.77327310005495,271.18887831592946
5,33,208.75263184121076,271.18859523694067
5,34,208.7212138496448,271.1863120008575
5,35,208.6875321580819,271.18492811932475
5,36,208.6533263294844,271.181975903924
5,37,208.62013389709568,271.1795324490335
5,38,208.5913118609225,271.1819375470323
5,39,208.5846845576637,271.186180376125
5,40,208.58927317589328,271.19076684759204
5,41,208.59851502623388,271.19716062384083
5,42,208.6068732207318,271.2057126415765
5,43,208.61866052349313,271.2096822530079
5,44,208.63044199779526,271.21136583010957
5,45,208.64169168479546,271.2185504546822
5,46,208.65272415691814,271.2427337439942
5,47,208.67263584054112,271.267820258711
5,48,208.69489091351937,271.2897326906773
5,49,208.71517084582644,271.3065727191961
5,50,208.72587500870785,271.3079679055685
5,51,208.72992569340872,271.2929435622067
5,52,208.72241564483616,271.27902945404276
5,53,208.71061349909033,271.2705977964841
5,54,208.70160537634843,271.26109485200317
5,55,208.69577036661204,271.26121005446606
5,56,208.69405262500953,271.26085668899566
5,57,208.69286398701058,271.2586393720919
5,58,208.6783779951883,271.25872738491216
5,59,208.65748248470285,271.275756459299
5,60,208.63563071958836,271.2964971283488
5,61,208.61128135094793,271.3205356008152
5,62,208.58783325069794,271.34657384448764
5,63,208.5728641670763,271.3719570009105
5,64,208.55877320632803,271.38922306954333
5,65,208.5441653135329,271.4083595685903
5,66,208.53552178099682,271.4256229359383
5,67,208.53419728732013,271.4384523173031
5,68,208.5393059975247,271.4475596822344
5,69,208.54997277019547,271.4504296304934
5,70,208.56906263391713,271.44146195006476
5,71,208.58071864594146,271.4328516511268
5,72,208.5852129534443,271.42777899948175
5,73,208.58914107246235,271.42636462245144
5,74,208.58836021425682,271.4354224742725
5,75,208.5826085533196,271.4514766006583
5,76,208.58309537053424,271.4668209347183
5,77,208.58074570264185,271.4839340230779
5,78,208.56954047382098,271.5014931612293
5,79,208.55326939598265,271.5123234792486
5,80,208.53330796663653,271.5238369666367
5,81,208.50936478927017,271.5310721656219
5,82,208.49033652775248,271.52283161998974
5,83,208.4898009023067,271.497587394528
5,84,208.495554843869,271.46416159468106
5,85,208.5053428465073,271.4263183731942
5,86,208.52301480337496,271.3906170858317
5,87,208.54156520799037,271.3688312919021
5,88,208.5437883526059,271.3626616616607
5,89,208.53971008717082,271.3646212261209
5,90,208.5306777927738,271.36645668925365
5,91,208.5172866322204,271.366073956635
5,92,208.50472901760182,271.3622593781434
5,93,208.49651350332368,271.35986838861754
5,94,208.4951865018481,271.36416552232254
5,95,208.48961808484987,271.38323259860414
5,96,208.4807238584697,271.4084822487564
5,97,208.4684414623253,271.43687276233885
5,98,208.45605960365313,271.46171137794573
5,99,208.44228677058635,271.4808396851948
5,100,208.44075048818485,271.48611614389006
5,101,208.45104255469522,271.48006978853545
5,102,208.46293505021336,271.47000948546986
5,103,208.47482955478839,271.46331458463413
5,104,208.48853508792868,271.45424436872366
5,105,208.50145428580944,271.4413067715155
5,106,208.52096048083726,271.41145886171387
5,107,208.55064080952144,271.3832383615014
5,108,208.58569498730708,271.3674296007232
5,109,208.64703410501164,271.3789568393715
5,110,208.748326516916,271.43882839314875
5,111,208.98360148965344,271.58023555426604
5,112,209.4394139775408,271.82636621632633
5,113,210.07379721987238,272.1999567284096
5,114,210.66765468708203,272.9063304120221
5,115,211.27116386703446,273.83840538333
5,116,211.9138087414297,274.84597515984854
5,117,212.56954036130116,275.8278357756108
5,118,213.22586753500792,276.83260357347615
5,119,214.02071082297522,277.5493160874811
5,120,214.94430833331862,277.9920300516806
5,121,215.89327923287388,278.27258331926
5,122,216.7467886468562,278.5815861234067
5,123,217.58859085209872,278.8349862965337
5,124,218.43697242907547,279.2278875770915
5,125,219.26205395760468,279.8623694090064
5,126,220.14551681462308,280.5859351333234
5,127,221.2568772246037,281.2249150920755
5,128,222.62644316596183,281.9124810132197
5,129,224.32214708425624,282.5637549626273
5,130,226.1105556147928,283.2949034550984
5,131,227.67101979959887,284.38016747459045
5,132,228.93385205840954,285.7156311374814
5,133,229.9315775254977,287.01564113420284
5,134,230.55614945312644,288.2212921523817
5,135,230.98289054620295,289.1985631541022
5,136,231.47097517963377,289.86181239662005
5,137,231.95322908360492,290.3804569545452
5,138,232.31761761335764,290.9186993793458
5,139,232.70169911887956,291.50110044001894
5,140,233.14096470584235,292.15239933860556
5,141,233.61247697112253,292.8419722565156
5,142,234.1997295742762,293.3574448108186
5,143,234.82188289420333,293.74999932282543
5,144,235.44939358235678,293.94716564000487
5,145,235.98293821289442,293.92979560733426
5,146,236.23805326276008,293.5587712325705
5,147,236.10246382555525,292.91972893870576
5,148,235.4344797249661,292.17859980205935
5,149,234.299585654725,291.3188731292606
5,150,232.8531466979995,290.3266756373158
5,151,231.2989296662262,289.22075076814724
5,152,229.81343994863354,287.9408508500687
5,153,228.48711275749585,286.4188266475447
5,154,227.25180167817203,284.8406759642979
5,155,225.98422361596667,283.3278821340776
5,156,224.63320857702396,282.082115780264
5,157,223.2727962164628,281.21232923656305
5,158,222.16788012513712,280.5592862259464
5,159,221.33587162587273,280.0611288295888
5,160,220.88866747404327,279.63154869739856
5,161,220.90663929965189,279.2662702674631
5,162,221.15287045753956,279.0763337260564
5,163,221.49628796659945,279.0251663727517
5,164,221.81529475638862,279.1072746938097
5,165,222.0723626681306,279.3248324283469
5,166,222.18427858138608,279.62641397774263
5,167,222.17700251541748,279.88932163814343
5,168,222.07982165485254,280.12104183883696
5,169,221.91771464737639,280.3091531380768
5,170,221.67629203720873,280.35445647602535
5,171,221.39153424717236,280.20147245099184
5,172,221.0873384293496,279.95267886218727
5,173,220.695905292112,279.6761517070334
5,174,220.27340700276048,279.3672162982506
5,175,219.9075179164266,279.0322631413315
5,176,219.62439110162504,278.73088540515016
5,177,219.39923383792856,278.49105843476445
5,178,219.2407446918192,278.3226412225141
5,179,219.141730930898,278.20219985914156
5,180,219.10748070455907,278.1267063088527
5,181,219.2238074468762,278.0575731489207
5,182,219.56945776254844,278.03069711874275
5,183,220.19949352628484,278.0568614377803
5,184,221.0471005100987,278.253348897105
5,185,221.95424081068367,278.6659729127565
5,186,222.63916023244727,279.29309378374205
5,187,223.11796962917012,279.95637791620476
5,188,223.44174665779417,280.64718290822987
5,189,223.673423837766,281.37999091956095
5,190,223.84062021332895,282.1038305151316
5,191,224.11007744050633,282.61799486718616
5,192,224.50158734308818,282.7492184678641
5,193,224.92337980926575,282.5713577637438
5,194,225.29142616748305,282.2223178799938
5,195,225.57251253681082,281.93833110899385
5,196,225.83171405049632,281.9185142171689
5,197,226.0142985573915,282.38553721423557
5,198,226.24744181702764,283.2779303232169
5,199,226.54525446292607,284.5005816725847
5,200,227.06468250985517,285.8947211569942
5,201,227.78498122753228,287.45058976815056
5,202,228.8372770480241,288.9023130110781
5,203,230.15689379016868,290.2749158104305
5,204,231.76730252748334,291.5465384502857
5,205,233.54850374798528,292.71202172907266
5,206,235.23690235345342,293.8776281350379
5,207,236.45619892508324,295.329275187435
5,208,237.1129882279378,296.8146231423289
5,209,237.18671853887798,297.93565154133563
5,210,236.68965356978163,298.5112110349287
5,211,235.80656294750995,298.2843289836809
5,212,234.6379711011273,297.28699576090844
5,213,233.24849833641815,295.8166142553638
5,214,231.62093774923042,294.32171046568607
5,215,229.83782319789594,293.07294705899653
5,216,228.16154892145676,292.2006780932656
5,217,226.98666177483904,291.6403900190301
5,218,226.3691438772972,291.3650062729939
5,219,226.4742122085404,291.2737826057348
5,220,227.22090035839173,291.3153585993411
5,221,228.31438269930956,291.6429952759187
5,222,229.41522254815936,292.2815662933774
5,223,230.5261440686957,292.9926346599567
5,224,231.67529148952553,293.58763759210893
5,225,232.7664226540914,294.12051887183566
5,226,233.69997260875815,294.49225227094524
5,227,234.49001086975827,294.6709075330387
5,228,235.05087665506795,294.8383726645532
5,229,235.2094311237547,294.9616448514435
5,230,235.17137486326538,294.7822732412059
5,231,234.9748557080056,294.47817521324407
5,232,234.67162464273204,294.1002093090815
5,233,234.37467601832404,293.47364317907324
5,234,234.17704342463264,292.6625816566813
5,235,233.92850350784738,291.9267712995393
5,236,233.68037597314247,291.1710187263378
5,237,233.3956451863481,290.36336388825
5,238,233.01069618297566,289.6659202440819
5,239,232.56429310205425,289.17557336146626
5,240,232.14297865703765,288.82255817599577
5,241,231.8120279893445,288.5021497841229
5,242,231.5874528635211,288.2819817381572
5,243,231.54214150830785,288.1043694893903
5,244,231.64203514982626,288.03116350326155
5,245,231.86818502023405,288.0434058036141
5,246,232.1650595825603,288.1516359697218
5,247,232.5527488027874,288.37128427804515
5,248,232.99275768767103,288.5720888272441
5,249,233.41682779398357,288.72310398794644
5,250,233.7486027721735,288.8983664596122
5,251,233.99875910872814,289.0629892551771
5,252,234.19710146741863,289.0164057614468
5,253,234.32798301988905,288.8488962079972
5,254,234.37205511948568,288.5848251949807
5,255,234.11754938605623,288.31894507115123
5,256,233.6104787675527,288.0030387145985
5,257,232.78895036272417,287.6095126263275
5,258,231.6522945032434,287.15216608339324
5,259,230.26937093592232,286.62254581696726
5,260,228.97782369138787,285.95525104891465
5,261,227.83406964095457,285.18994320604867
5,262,227.02036458497727,284.37752032093294
5,263,226.438226787712,283.71300604721694
5,264,226.07341012332276,283.2331509388607
5,265,225.92238247837824,282.877843317123
5,266,225.9839881292975,282.6983779565732
5,267,226.06071282882806,282.9280767513623
5,268,226.2996541349751,283.41302067047155
5,269,226.72242703183,283.9396343517807
5,270,227.21229543168891,284.43918534716653
5,271,227.5818005608566,284.92179721736716
5,272,227.85434001739767,285.232523039446
5,273,227.93268180991808,285.3177408017032
5,274,227.7032717069599,285.248375355338
5,275,227.19447325638913,285.03797537676655
5,276,226.47497073005573,284.65957773616964
5,277,225.5951389772382,284.0927011108759
5,278,224.67521678953491,283.41986071393893
5,279,223.84726608156117,282.751873814032
5,280,223.16018656737094,282.1572797888102
5,281,222.65657475135575,281.7188488707476
5,282,222.3168714107638,281.4655751474816
5,283,222.09579769111815,281.3933739627682
5,284,221.99007688659168,281.4701216002142
5,285,222.04849412668884,281.66225966949105
5,286,222.4643560033354,281.84490384251313
5,287,223.28990105668535,282.0265918064487
5,288,224.34081563412292,282.16556851900094
5,289,225.42764197436298,282.40524341260107
5,290,226.39404962567386,282.75901619572466
5,291,226.99988547280927,283.24755037253345
5,292,227.17806074128995,283.90107492557144
5,293,227.08204636135108,284.6544507637174
5,294,226.76716124505114,285.23872572234916
5,295,226.32978077053204,285.5419878347484
5,296,225.86137663287553,285.5763909962707
5,297,225.34068979145982,285.34063471665564
5,298,224.81725237777263,284.95775848405015
5,299,224.48089660080535,284.52985194176415
5,300,224.37466734553198,284.14508481183117
5,301,224.4069940921335,283.8356783465847
5,302,224.43558916710873,283.61613708376996
5,303,224.39904913761367,283.4292725680981
5,304,224.29116011448212,283.3041564598915
5,305,224.17185636049274,283.26875022886765
5,306,224.14543676446502,283.3403017194921
5,307,224.35050590925684,283.4595237004579
5,308,224.67978205401587,283.67313280831036
5,309,225.0536486006883,283.9023824123262
5,310,225.36212631443053,284.1211314424798
5,311,225.5551872935846,284.3683646310263
5,312,225.7178802778118,284.6914169570452
5,313,225.89439965901371,284.9875265862444
5,314,226.05512204459185,285.22733021597566
5,315,226.1502733862845,285.2989248248497
5,316,226.1308530115281,285.0833931302265
5,317,225.92288420231415,284.5852212443031
5,318,225.575916526726,283.90556308753605
5,319,225.19125836132685,283.1502258137764
5,320,224.85842989665923,282.53105520271936
5,321,224.678165957351,282.2005005997999
5,322,224.6740092376505,282.1479070528904
5,323,224.8416193348068,282.35938692946746
5,324,225.13678709911474,282.8183116034443
5,325,225.4964375907601,283.44682571508343
5,326,225.80718627540054,284.1784590307228
5,327,226.11389194148083,284.943401624543
5,328,226.48291618432899,285.6434738636489
5,329,226.87547015918918,286.1574435672704
5,330,227.22834028327117,286.504784107322
5,331,227.49865468055873,286.7231386733667
5,332,227.58815407763768,286.85176699916565
5,333,227.44030271904754,286.98921589755395
5,334,227.0844216228166,287.2337607705332
5,335,226.6937390411647,287.376621998451
5,336,226.4290750848679,287.29297181838473
5,337,226.28802638576627,286.9762977220097
5,338,226.1681760497392,286.42114848618564
5,339,225.9125937569365,285.719757627232
5,340,225.40272528333463,285.08855610560823
5,341,224.59764250246943,284.5865615302822
5,342,223.66755911668074,284.210773450691
5,343,222.786057521021,283.8855889258173
5,344,222.05411916563884,283.519480594851
5,345,221.50669320293377,283.0665547135856
5,346,221.16039983661133,282.5645791857802
5,347,220.94480626132022,282.05165210197316
5,348,220.7542276486458,281.67380781798823
5,349,220.66097235041343,281.4907547115724
5,350,220.69980060231302,281.4763986966189
5,351,220.8293699952564,281.5974574512491
5,352,220.82668773978838,281.95190255353464
5,353,220.72634859421044,282.36396014808554
5,354,220.54244493318362,282.70674507917175
5,355,220.288816833869,282.9329573844388
5,356,219.9852537137131,283.0312776992494
5,357,219.88806063197805,282.8870205706057
5,358,220.03589429206613,282.60141630649105
5,359,220.34769547317495,282.312916839302
5,360,220.68889658327683,282.1819227079467
5,361,221.09705202394355,282.2277317217139
5,362,221.5680200270264,282.4710395528684
5,363,222.01342700468092,282.87684267096284
5,364,222.38933542264178,283.3723571770378
5,365,222.78662909104085,283.748982034264
5,366,223.166284346717,283.94772702925513
5,367,223.44782725272762,283.9840703293271
5,368,223.6823210399376,283.93703074621527
5,369,223.85160563022762,283.86449387585594
5,370,223.92799094260428,283.8775740329669
5,371,223.87146080906936,284.0272112273471
5,372,223.54483500199845,284.2274981809801
5,373,222.75226142383167,284.35352549066533
5,374,221.54286599566265,284.23653071948576
5,375,219.97195775200024,283.70221171396196
5,376,218.07984991906963,282.67103814372547
5,377,216.02340624811777,281.1976686077705
5,378,213.99551329899847,279.3035012832621
5,379,211.9782373661966,277.04537730170716
5,380,209.93250784102295,274.7051070543288
5,381,207.99246938353775,272.41796282637597
5,382,206.17007610023606,270.337646715333
5,383,204.57557078632468,268.57296623541424
5,384,203.37710158088638,267.2401984680067
5,385,202.7057574961252,266.3548392367993
5,386,202.51794937219486,266.0200912414731
5,387,202.97151141157258,266.0633419916228
5,388,203.98732261078905,266.50820360781825
5,389,205.33590482161262,267.421308597022
5,390,206.8320862358536,268.66338816875765
5,391,208.3188938999526,270.0591411941983
5,392,209.5411194274042,271.66230458219275
5,393,210.4519429891838,273.30544280624855
5,394,211.1722699267576,274.7684706768468
5,395,211.72653767011298,275.915997738844
5,396,212.1028424412888,276.6900983494696
5,397,212.31836580077015,276.9954680583496
5,398,212.32831994363906,276.84766637729933
5,399,212.10705902672575,276.30213664901595
5,400,211.67271639222415,275.49044065831487
5,401,211.0539401120593,274.49279296667873
5,402,210.23556660501728,273.4431384176947
5,403,209.24390521570902,272.4710525306329
5,404,208.13148757978217,271.668029268253
5,405,207.02097751645,270.9860672813584
5,406,206.05508314888468,270.4211229422105
5,407,205.404194869272,269.94799066821344
5,408,205.14697143273486,269.5431572443085
5,409,205.2873502654254,269.19466211090275
5,410,205.73647745171897,269.01682711821826
5,411,206.35034230144763,269.05006580902574
5,412,207.0452324437845,269.2865361880408
5,413,207.73118737595797,269.73222343471843
5,414,208.33229590663163,270.3951470081693
5,415,208.85372249031113,271.2199798079422
5,416,209.3522818966313,272.12297614911967
5,417,209.8229607456645,272.9609951264584
5,418,210.28033045083595,273.62233122718015
5,419,210.77262166614545,273.9997812701992
5,420,211.25281838062696,274.06295812046716
5,421,211.60492899218636,273.86825757006153
5,422,211.746524013059,273.5441554637128
5,423,211.61500161467623,273.20615926461767
5,424,211.16296149799354,272.9055040381195
5,425,210.4283017896518,272.62298654600875
5,426,209.52068109658583,272.3246891844138
5,427,208.56237106398302,271.9803773060189
5,428,207.70064932874325,271.5055172397517
5,429,207.0339058932527,270.9052577244568
5,430,206.61086643558735,270.28340993054803
5,431,206.4363727142313,269.74458671166184
5,432,206.479145393508,269.3746204817364
5,433,206.6812287560787,269.25518903477956
5,434,207.00246707270614,269.4083546652998
5,435,207.37890322310335,269.7940203883998
5,436,207.78395640551932,270.35260915752
5,437,208.19480448101555,271.0193441797106
5,438,208.6905496415889,271.74576514828954
5,439,209.24932777295618,272.47823765708705
5,440,209.83206508554977,273.1072579895494
5,441,210.4045551944512,273.5612608331803
5,442,210.93275977600976,273.75420501799994
5,443,211.28605599341572,273.70785698978057
5,444,211.38691571920947,273.5006885824079
5,445,211.2232248386559,273.1982654370825
5,446,210.84661289302863,272.80766843376836
5,447,210.2896642663251,272.4289339953954
5,448,209.56959839791992,272.0486343110761
5,449,208.8176006051009,271.61759056349524
5,450,208.12019439086592,271.1596171794639
5,451,207.56454404476867,270.7021945431329
5,452,207.1677723776113,270.2554864381148
5,453,207.00021133306544,269.8745145189359
5,454,207.0603956106535,269.6148825857593
5,455,207.31910990740064,269.52780205835955
5,456,207.64565970025126,269.6535157375466
5,457,208.01936968139537,269.9775216088569
5,458,208.38921377174327,270.45619011148193
5,459,208.69466160417042,271.0480149857465
5,460,209.00562721473554,271.64734314161853
5,461,209.35587349932217,272.19004641218163
5,462,209.735811171506,272.6291332425749
5,463,210.12024603518313,272.91360488836204
5,464,210.48211541215585,273.0296433641042
5,465,210.69275699613888,273.00549168552544
5,466,210.69605471905788,272.8647517589083
5,467,210.51830920488203,272.63535464140756
5,468,210.19496554782876,272.3495290736185
5,469,209.76953969210007,272.023706575618
5,470,209.29422236153,271.6929018278484
5,471,208.87845628178692,271.36692544507355
5,472,208.5343066473651,271.0481299385884
5,473,208.3068822340658,270.7529676152774
5,474,208.19996195175707,270.5214130108847
5,475,208.21118003465872,270.37628415702943
5,476,208.2993456741608,270.3217241189584
5,477,208.45335407436926,270.3722457406386
5,478,208.58439316944984,270.5504765104809
5,479,208.70449500379203,270.8162289618853
5,480,208.82280824196314,271.1224787457705
5,481,208.95447774233958,271.4611399413997
5,482,209.09134315249142,271.77476956651515
5,483,209.2554086254751,272.0099908829206
5,484,209.4072279352275,272.15407738706585
5,485,209.5374773151511,272.21847181797557
5,486,209.62441881223288,272.1985314842588
5,487,209.6304771852139,272.12277459230836
5,488,209.55680397677057,272.0167064200474
5,489,209.4479935879502,271.8813860631829
5,490,209.31556662719967,271.7333048536719
5,491,209.12797856265595,271.60561728591
5,492,208.92213282934654,271.5243617767287
5,493,208.72406559880596,271.4722089712937
5,494,208.55046549189314,271.45075869556615
5,495,208.43209354149167,271.44392146651467
5,496,208.4243619311895,271.42208488894113
5,497,208.5076139088917,271.3831327357378
5,498,208.64369870695646,271.36050571697825
5,499,208.76803881972745,271.37076236119145
5,500,208.83819259719007,271.41416211902117
5,501,208.85907360637367,271.477920644518
5,502,208.8757546924892,271.5382252036083
5,503,208.9210788252647,271.5731384887038
5,504,209.01620527533748,271.5833439515684
5,505,209.16718636825198,271.5548978233861
5,506,209.32140077741747,271.511678052206
5,507,209.4405417183412,271.47054990339586
5,508,209.51747324757832,271.44067836184394
5,509,209.54741327325658,271.4117092743702
5,510,209.52452642403955,271.41308173943776
5,511,209.46531364535446,271.4531099733757
5,512,209.3729920965741,271.52699149983323
5,513,209.23880974931555,271.6018360621857
5,514,209.07719053521708,271.65719910574774
5,515,208.91113251663384,271.6913929430166
5,516,208.76707276089994,271.6797370315385
5,517,208.67764321670097,271.6202003984114
5,518,208.6388777818927,271.54696876055556
5,519,208.6365638064107,271.48037588869994
5,520,208.65986963886843,271.4134452503311
5,521,208.67726519002602,271.3742525798252
5,522,208.6625641274906,271.35581500370785
5,523,208.65860854788872,271.3334271706106
5,524,208.68213459877987,271.3371700960307
5,525,208.72670539236935,271.3745519158373
5,526,208.82717691000522,271.43454386351
5,527,208.9822512645939,271.48041410438316
5,528,209.13837048196842,271.5387093516211
5,529,209.26616599507705,271.58750873395076
5,530,209.36021533670115,271.625006200497
5,531,209.38925824536932,271.65068281269197
5,532,209.35402947278578,271.71159437925365
5,533,209.25646389466078,271.7839169836965
5,534,209.10993326197254,271.8387021354233
5,535,208.93235170605746,271.8607765597552
5,536,208.75238140493244,271.83604695310197
5,537,208.56979763531857,271.755349973484
5,538,208.42133091285584,271.64078395042924
5,539,208.33173593042133,271.52718372715736
5,540,208.28401063097718,271.4368564915534
5,541,208.25618889426607,271.3844213588108
5,542,208.25295711858288,271.383607145976
5,543,208.26768843344132,271.4264442127251
5,544,208.2941462835605,271.5029205104735
5,545,208.33052187293816,271.6133615406193
5,546,208.3739017185247,271.7407915983634
5,547,208.43893118098453,271.846675036484
5,548,208.52464763206234,271.911154263793
5,549,208.60882759434082,271.935581064798
5,550,208.7194777426642,271.91435517194526
5,551,208.84115607939086,271.86773009379823
5,552,208.93194539313816,271.81777725516844
5,553,208.96643450763796,271.78590438479233
5,554,208.94462726704253,271.7640752884741
5,555,208.8485914071539,271.74179315821675
5,556,208.71314650832073,271.7077230629442
5,557,208.5804843713613,271.67237743590726
5,558,208.46934535964775,271.6380766178968
5,559,208.38488538734137,271.6120157714803
5,560,208.3477502309393,271.597998699265
5,561,208.35637997581384,271.5915022781573
5,562,208.39403801229244,271.5670660313256
5,563,208.45961354183348,271.5293086916396
5,564,208.5427879984789,271.4964188677406
5,565,208.632830477319,271.4749612119151
5,566,208.7069698158608,271.47000338239854
5,567,208.75902446449302,271.4953147026875
5,568,208.79499119736175,271.54188347698056
5,569,208.83665670327485,271.5803939300189
5,570,208.8737676951376,271.5949926270021
5,571,208.9071186174301,271.5938844139389
5,572,208.9314691156077,271.5839920331986
5,573,208.93854813050768,271.5626627038532
5,574,208.9102177745065,271.5409797795524
5,575,208.85896327516687,271.52013551271983
5,576,208.7863476513651,271.4982275100125
5,577,208.70498465154552,271.4765025000986
5,578,208.62649095731783,271.4603508585786
5,579,208.5686762646985,271.45268035751934
5,580,208.51898455567098,271.4608400195442
5,581,208.49381664247713,271.47778410034704
5,582,208.49929288818748,271.49676342357805
5,583,208.5379664206288,271.5114538926243
5,584,208.6011306174352,271.51509955900076
5,585,208.66948042375319,271.52145085347024
5,586,208.73586316018472,271.53886238408256
5,587,208.78799466214602,271.5663704671624
5,588,208.8175491878273,271.59914428765484
5,589,208.82569695869432,271.63313660654643
6,0,215.57279269669104,262.6773096695723
6,1,215.58095811028176,262.778844318747
6,2,215.59065305723922,262.8870655055323
6,3,215.60331558886278,262.9844353338814
6,4,215.65394505029994,263.0324762022937
6,5,215.65373059821084,263.0581862373979
6,6,215.61811304139744,263.0714382130065
6,7,215.5715500437058,263.0906227880457
6,8,215.5305626521058,263.11478760502627
6,9,215.49423397557194,263.160004537234
6,10,215.46252236507718,263.243106647493
6,11,215.4315087034388,263.34358454622026
6,12,215.3939585705223,263.4453205941233
6,13,215.353001754482,263.5454498219596
6,14,215.31953318966166,263.6284997254172
6,15,215.2967764053781,263.67373842637176
6,16,215.27528063215618,263.7037062316751
6,17,215.26113221644536,263.7308539507282
6,18,215.25009048687474,263.7559252097771
6,19,215.2309220132219,263.7830025786452
6,20,215.21349045422895,263.8062398120665
6,21,215.22602012994847,263.8042471706675
6,22,215.29822027338145,263.73693401980256
6,23,215.40652103641784,263.63457729342036
6,24,215.5274328891576,263.5159125979071
6,25,215.64223663933555,263.3990861824376
6,26,215.7301284990257,263.3052089830267
6,27,215.75631917617062,263.27657283998076
6,28,215.7462226979972,263.28314796959177
6,29,215.72023943300815,263.30684696033677
6,30,215.69289787504644,263.32994725783203
6,31,215.6637997214726,263.348694522358
6,32,215.64037331967592,263.36036466687733
6,33,215.61817987275353,263.3667174858429
6,34,215.58907540954374,263.3690868955276
6,35,215.5632508485692,263.37351472193
6,36,215.54112984831153,263.378204588625
6,37,215.52343345414812,263.382562066617
6,38,215.50844802165497,263.3943873177444
6,39,215.51060721789486,263.4111745151076
6,40,215.51659323961826,263.4296147585494
6,41,215.52609080489114,263.4482637568645
6,42,215.53204697711615,263.4672332210248
6,43,215.54018811425016,263.4784111614872
6,44,215.54515697695086,263.48378796077185
6,45,215.54500771307812,263.4895509064056
6,46,215.52808423475904,263.5099421533487
6,47,215.51658084292592,263.530291507597
6,48,215.50907590771845,263.5482247118685
6,49,215.50212328384518,263.5643328493431
6,50,215.49140684526404,263.57099579935004
6,51,215.48802365239663,263.5650609740095
6,52,215.47552385863946,263.56311184989625
6,53,215.45798911037022,263.5665029586663
6,54,215.44756457687305,263.5605675446023
6,55,215.44141865862167,263.55366366986294
6,56,215.4396097005408,263.54102563291065
6,57,215.44111759632386,263.5255969013071
6,58,215.43770502259744,263.51784010953185
6,59,215.43260896958924,263.52958887430304
6,60,215.43209223480707,263.54802570538254
6,61,215.4276839893063,263.57438798697314
6,62,215.41985305701536,263.60344643016003
6,63,215.4106604814071,263.6283285508957
6,64,215.3937763960157,263.64999228094763
6,65,215.3696584941604,263.6754139378772
6,66,215.35219123585642,263.6971124251944
6,67,215.34556455570873,263.71548971473374
6,68,215.34704281528298,263.73091656483103
6,69,215.35438892682325,263.7428760878458
6,70,215.37628820001842,263.74959512595115
6,71,215.39504717594917,263.7600318116425
6,72,215.40605469062885,263.77209684929977
6,73,215.4133419220819,263.7863269365998
6,74,215.40991903123748,263.81195414479794
6,75,215.39652187017916,263.8377874344066
6,76,215.38572595898842,263.8593544238351
6,77,215.37221028214526,263.8810128088357
6,78,215.35505560965098,263.90145753351646
6,79,215.34148211530274,263.90985153382314
6,80,215.32575851708359,263.9173255396379
6,81,215.30862178531086,263.91348775261304
6,82,215.3075324456057,263.87618158570257
6,83,215.3230902270595,263.81259226982
6,84,215.3416911113901,263.73425070711374
6,85,215.36025609315237,263.6507297741904
6,86,215.38582006840744,263.57564432138713
6,87,215.4021270480638,263.53812508169267
6,88,215.4016793996298,263.53098079178596
6,89,215.39883673487992,263.54008737966393
6,90,215.3959304027027,263.55208594927177
6,91,215.38745259466157,263.5635422100597
6,92,215.37751255039677,263.56823384919477
6,93,215.36991551878216,263.57149781545303
6,94,215.361145481371,263.58466706478896
6,95,215.34693814714802,263.61814987596097
6,96,215.3302430954898,263.65851774953484
6,97,215.30858109586015,263.70366437745605
6,98,215.28628901492644,263.747703498482
6,99,215.26972329457905,263.7823289125026
6,100,215.26943772359115,263.79282768836435
6,101,215.28858282785887,263.7791379645175
6,102,215.31632403494606,263.7504484477797
6,103,215.34986822687765,263.7123129192071
6,104,215.38239531760934,263.665001963814
6,105,215.40366517637884,263.6180598715685
6,106,215.4121800889616,263.5723936679452
6,107,215.42652126140933,263.541625471544
6,108,215.44051818086683,263.53800347945156
6,109,215.48065489363148,263.5693031461068
6,110,215.56479310166546,263.65857975305414
6,111,215.82951019143505,263.8299130043172
6,112,216.29989885595936,264.1196740973625
6,113,216.8733292735036,264.63204948336613
6,114,217.4720486260653,265.39424421452634
6,115,218.10968081750147,266.2605454204318
6,116,218.72383496329692,267.17326268367225
6,117,219.32438521585559,268.0454299298495
6,118,219.92497180349093,268.8851818567297
6,119,220.5525772644431,269.51742718065094
6,120,221.24688750082595,269.962123288275
6,121,221.92514126175695,270.3291768831272
6,122,222.54707476568495,270.7663439354804
6,123,223.25964816233764,271.0837976459105
6,124,224.01080386747304,271.51225702539926
6,125,224.7763592076145,272.1537784400638
6,126,225.6138542924235,272.81634979047016
6,127,226.6360557284842,273.3135645722835
6,128,227.81149436083047,273.8506275915401
6,129,229.30095773129196,274.31952742750315
6,130,230.95087938411737,274.83799385035286
6,131,232.38913922519234,275.7263278405072
6,132,233.55370872482445,277.00705760986983
6,133,234.5756148137226,278.34856923353215
6,134,235.26961224773592,279.680654391435
6,135,235.71320942479903,280.8745410916154
6,136,236.20783121584844,281.7315457435646
6,137,236.7237427335774,282.3202507826784
6,138,237.13283159729272,282.82659155681927
6,139,237.59819436525223,283.2768080352184
6,140,238.12363818835652,283.7417525949405
6,141,238.7429315412699,284.22859743540585
6,142,239.5008227267557,284.66169063752415
6,143,240.22733808928615,285.09307264940867
6,144,240.76096607366858,285.4965999090847
6,145,241.08685939386496,285.74310115372396
6,146,241.11672403231887,285.5707650156502
6,147,240.7679293069159,285.0298537242147
6,148,239.95791211331547,284.3729558152772
6,149,238.8327003176719,283.57489706344694
6,150,237.41665484463843,282.7343807170772
6,151,235.815816873965,281.88490886964036
6,152,234.24590166421336,280.91751020403547
6,153,232.8363437293953,279.6537509713465
6,154,231.51535854425197,278.31253643877255
6,155,230.21747239638333,276.9967418129692
6,156,228.9374120311553,275.89591966757627
6,157,227.69944981714076,275.044369664444
6,158,226.73018107037066,274.316103963581
6,159,226.15168253591975,273.60542856899025
6,160,225.99805535987772,272.93572724186566
6,161,226.2137327689022,272.4116415463617
6,162,226.5486003937324,272.1674950666243
6,163,226.90510556620387,272.1280679407828
6,164,227.12979575838816,272.29342357409587
6,165,227.28317516992817,272.5943241036543
6,166,227.3733225788915,272.930929813581
6,167,227.43709989524888,273.19241012019273
6,168,227.41408213385125,273.39846924252885
6,169,227.23434486375433,273.58285805120494
6,170,226.9325509490128,273.6230619283667
6,171,226.5773242353936,273.42148642054775
6,172,226.230803207583,273.10360031162963
6,173,225.7893902876084,272.7946354152433
6,174,225.39262346680619,272.4277425394801
6,175,225.11054342506392,272.0211299352306
6,176,224.87647482501524,271.7124010583936
6,177,224.64188491019527,271.46548025156756
6,178,224.56349484014248,271.19560118125946
6,179,224.53986303802515,270.9359362361129
6,180,224.51825264356316,270.738293531023
6,181,224.62285703190517,270.58681272820087
6,182,225.02791845303403,270.52609178151533
6,183,225.67865288579677,270.59237429509176
6,184,226.50988263128124,270.86503531038744
6,185,227.37066986547023,271.3646278885984
6,186,228.0323958942852,272.0865753805882
6,187,228.469782907723,272.843206169521
6,188,228.79986721683673,273.5707528232977
6,189,229.07586209663648,274.30482335513074
6,190,229.36398728597408,274.99135917986155
6,191,229.75640695788096,275.40857117640235
6,192,230.14100481004448,275.43823628122624
6,193,230.44771746924405,275.22709789387784
6,194,230.6718234996686,274.8998095555155
6,195,230.77233549545585,274.6555231771628
6,196,230.86921877747434,274.6575323340774
6,197,231.0165198333533,275.1423898434526
6,198,231.20783532125787,276.0847790047541
6,199,231.39042489138714,277.394376912201
6,200,231.72146314071705,278.94500157766754
6,201,232.25587437261146,280.70458671644076
6,202,233.13677825111205,282.4140652403501
6,203,234.30243081082713,284.00163769592064
6,204,235.76494263214897,285.4096329769757
6,205,237.38770132496714,286.6584028907365
6,206,238.83275094645404,287.88978293233157
6,207,239.76205547713448,289.2655920022348
6,208,240.1523870030879,290.67537240291745
6,209,240.07908688167075,291.78581409214036
6,210,239.5774362569833,292.30294532445834
6,211,238.8342412070618,291.940849891129
6,212,237.85266766612742,290.8979050542461
6,213,236.62572500260958,289.4358299043011
6,214,235.2095076486055,287.8755930445589
6,215,233.69833608074995,286.51224975304564
6,216,232.28146967446838,285.5908075082879
6,217,231.25358453245698,284.94723375887503
6,218,230.748910470032,284.5157175516824
6,219,230.82909494208798,284.3104972191825
6,220,231.41497982830248,284.3108865735903
6,221,232.3021943181212,284.5262249150254
6,222,233.29946076665271,285.01775817098826
6,223,234.37357626408777,285.57859497775706
6,224,235.5079344037344,286.0176453544678
6,225,236.58747672345194,286.3897717178784
6,226,237.50422253631376,286.68678838448125
6,227,238.23408912083053,286.87527035230704
6,228,238.71983119236242,287.0933800057198
6,229,238.8504937965936,287.30269826473267
6,230,238.7686898682019,287.2945744605588
6,231,238.5236952005621,287.14646475680735
6,232,238.23157681302177,286.87849581917874
6,233,237.95388415646488,286.407686003883
6,234,237.73804466156028,285.80576784265156
6,235,237.48581690091262,285.268696873163
6,236,237.23335325604734,284.718107012265
6,237,236.89956336779014,284.146476294792
6,238,236.53413810934958,283.6453265618353
6,239,236.14951824644947,283.2658491730795
6,240,235.81044638815456,282.91099140938826
6,241,235.56482394929864,282.53848436908015
6,242,235.4371979432781,282.17722645603067
6,243,235.4421624103413,281.8163189238688
6,244,235.60025352539398,281.5210106616597
6,245,235.8506937737782,281.347944336021
6,246,236.15007034445551,281.34613039037185
6,247,236.51866816715358,281.53477876638283
6,248,236.8918043654147,281.7527365199345
6,249,237.20034388850453,281.97553174672504
6,250,237.45535186611022,282.2451452343138
6,251,237.70086003252513,282.4060205680864
6,252,237.92463748361405,282.3768123933614
6,253,238.11603213089526,282.1445566702645
6,254,238.24361048738518,281.7618960453121
6,255,238.16244885631014,281.34089860699186
6,256,237.78234150420883,280.9671884276034
6,257,237.08850737485093,280.4194150434649
6,258,236.11084428928618,279.8079346525967
6,259,234.9590931558397,279.1454221477673
6,260,233.81722340552872,278.4452851443183
6,261,232.8426823861417,277.6853911874615
6,262,232.11685781936492,277.04952857105144
6,263,231.5955873346143,276.6434278274222
6,264,231.22831496361093,276.407837075361
6,265,231.04705474516607,276.22198327402697
6,266,231.03934613808687,276.153156496649
6,267,231.1007699072087,276.34174809982017
6,268,231.29134437465822,276.72411884266995
6,269,231.614975675726,277.2050022583689
6,270,232.01305426436042,277.67689678710775
6,271,232.30686918612858,278.15607341512634
6,272,232.54571069996692,278.47908137091554
6,273,232.68643225173642,278.5472876527691
6,274,232.61171401809025,278.39124099568573
6,275,232.3219664774606,278.0521099914668
6,276,231.88496674006595,277.51231978531194
6,277,231.28689010546813,276.83336393603787
6,278,230.59206174612618,276.11035964965424
6,279,229.97741755640158,275.421176422929
6,280,229.46375636732336,274.83151014631625
6,281,229.07347140012254,274.41709476377696
6,282,228.78198521155147,274.20265169619995
6,283,228.60655553142266,274.15696213435615
6,284,228.5107426590819,274.2498193587986
6,285,228.53508310723345,274.4531882192375
6,286,228.82325260024555,274.6582469545881
6,287,229.44681640974787,274.8485119805368
6,288,230.26710431306304,275.0007366671913
6,289,231.11347640111165,275.2485129491295
6,290,231.84746770250914,275.59858355721906
6,291,232.32270931257787,276.0541277253348
6,292,232.51684878903893,276.60749788894555
6,293,232.47602722142338,277.2616191866571
6,294,232.28413703182912,277.7833612986645
6,295,231.99685682619722,278.04970762390815
6,296,231.65275343623833,278.0492549027601
6,297,231.23643066741545,277.83933490388483
6,298,230.81062308185324,277.5058254332514
6,299,230.49522440695654,277.146875965448
6,300,230.37235474677288,276.8398446140857
6,301,230.3868304798793,276.63557723050826
6,302,230.39256193507595,276.52919225751157
6,303,230.3374726081147,276.42799852090553
6,304,230.2411124781707,276.3319014317102
6,305,230.14446709888605,276.27351429148933
6,306,230.1217773909346,276.2887509825361
6,307,230.2778761597986,276.32501284122037
6,308,230.4986472757098,276.47931126497195
6,309,230.71203748978638,276.7078875177619
6,310,230.8783423796768,276.9766086858006
6,311,230.97584531805995,277.2568633795888
6,312,231.07562070059754,277.55736005045463
6,313,231.23278037038838,277.80660433448764
6,314,231.4338842436727,277.98802986600845
6,315,231.5863166898142,278.0230371063418
6,316,231.615738271824,277.82336397092655
6,317,231.46678732868543,277.4344269142492
6,318,231.17959522650855,276.9289610173829
6,319,230.83765293401964,276.34913701425
6,320,230.54440977020332,275.8510135188956
6,321,230.38151249821325,275.5759258924552
6,322,230.34042540332152,275.54554635889156
6,323,230.4437654398638,275.705807420427
6,324,230.63600615873136,276.07320758064617
6,325,230.8559629792577,276.60639828885616
6,326,231.06041408884417,277.25388736461827
6,327,231.2919618651163,277.9248340919453
6,328,231.5659241858035,278.56719309862683
6,329,231.85291008342205,279.07387330003434
6,330,232.09081252457318,279.4810299989369
6,331,232.24533154496027,279.79431147304155
6,332,232.27165076130308,279.9931194334507
6,333,232.14778262797847,280.11395000232733
6,334,231.91613598487208,280.22599236935355
6,335,231.6990603351929,280.2369666467909
6,336,231.5902947357203,280.0311470932455
6,337,231.5413011744695,279.6524315866439
6,338,231.49758785095287,279.0948381585408
6,339,231.3521751304982,278.4369121527213
6,340,231.0235094523529,277.7530854242656
6,341,230.42427436990354,277.1837979091202
6,342,229.69551603068766,276.74347660537086
6,343,228.9761933169225,276.3592723971224
6,344,228.3372652568871,275.945509811655
6,345,227.79386989523414,275.501322611484
6,346,227.429266770002,275.042041038757
6,347,227.19965488052782,274.54938384910986
6,348,227.00772962942804,274.16618932762265
6,349,226.8866622692472,273.9954910583692
6,350,226.87012370042052,274.0358215398865
6,351,226.89066011440002,274.21530765226464
6,352,226.82014394762896,274.57753440186565
6,353,226.67960137967404,274.9948845586031
6,354,226.45455474453925,275.3598019499002
6,355,226.19430832627003,275.5654209077531
6,356,225.950540376048,275.5826456179332
6,357,225.9156533333412,275.3866031865198
6,358,226.0896277838195,275.0981490224725
6,359,226.36744725974086,274.85951967966605
6,360,226.62533315046463,274.788972614521
6,361,226.91221829372986,274.91648223606524
6,362,227.21334051173892,275.2438727263593
6,363,227.4668811763783,275.7074179734673
6,364,227.72330838145416,276.192591206976
6,365,228.04913558760285,276.550223993977
6,366,228.38398323428748,276.7307227812799
6,367,228.65337419345244,276.7907498555862
6,368,228.8538903070218,276.78443521809965
6,369,228.98997547091986,276.7770445567713
6,370,229.06341704773047,276.84752494033626
6,371,229.02528520401987,277.0575056126057
6,372,228.73145481535667,277.2905979988751
6,373,228.07806796229698,277.4235600199409
6,374,226.9996514029734,277.306830381756
6,375,225.56381885464648,276.82239561667717
6,376,223.85783043089077,275.85541975130803
6,377,222.03220593110422,274.4128254943018
6,378,220.2158220090744,272.5521344812299
6,379,218.45194627825032,270.31970267961674
6,380,216.73343695056394,267.9047491762106
6,381,215.10425818464006,265.49275533472195
6,382,213.58678399187667,263.2638352056616
6,383,212.28994111793997,261.36243824012695
6,384,211.3540132239909,259.8745865427189
6,385,210.8113895834963,258.85032245927107
6,386,210.64211135751756,258.3763399002808
6,387,210.94703894345614,258.37135600432447
6,388,211.69098973682443,258.7888324210435
6,389,212.68224230324847,259.7318363199029
6,390,213.85859160003804,261.0176676123916
6,391,215.09736012297205,262.4644438875541
6,392,216.23022939067528,264.0269150932111
6,393,217.17291886779736,265.5698720112658
6,394,218.0254977349158,266.87825718022617
6,395,218.68982388652367,267.8897921176916
6,396,219.16850899551542,268.5325995402423
6,397,219.42449407609664,268.77716943119077
6,398,219.46310600927373,268.64339436257114
6,399,219.2511688617225,268.16363629956635
6,400,218.8121433819316,267.457819240355
6,401,218.18543302148348,266.57536318333905
6,402,217.3698717813089,265.6208146950042
6,403,216.38827241388057,264.67502429393755
6,404,215.33270728399776,263.82516419821775
6,405,214.3038955503351,263.06943180099955
6,406,213.4271970723551,262.4533396271267
6,407,212.84146402618373,261.94993862342585
6,408,212.598911416002,261.54111585516864
6,409,212.68362882981657,261.2177474327434
6,410,213.04389645387965,261.0843022744012
6,411,213.54342677584003,261.17755592511537
6,412,214.12889982834895,261.4806163915089
6,413,214.73628032788,262.0126319932713
6,414,215.28446796138417,262.78321397880467
6,415,215.79225859841017,263.6807881317736
6,416,216.30568104227956,264.6039494567928
6,417,216.79805971817376,265.42632865444057
6,418,217.28321062768848,266.0534706078396
6,419,217.80969124284218,266.3889981971674
6,420,218.29384267139392,266.4329145341267
6,421,218.6175144843323,266.23951298232316
6,422,218.71600996254514,265.9431074895625
6,423,218.52716243233633,265.61928474757883
6,424,218.02810663180995,265.30066815107006
6,425,217.24694628630576,264.97229657293104
6,426,216.36587847917153,264.60138636150106
6,427,215.5253351697198,264.1464189909792
6,428,214.79857372028604,263.5711978249205
6,429,214.2305203338732,262.9063951166534
6,430,213.92849859876176,262.23655464353664
6,431,213.82908629133962,261.6684724560232
6,432,213.86521968564506,261.29957358464964
6,433,214.04167425951223,261.20696859039407
6,434,214.3326834292892,261.4008685610262
6,435,214.6305388554244,261.8495510947077
6,436,214.93796613580218,262.4933592011678
6,437,215.27997430893814,263.2487784720089
6,438,215.70613762574925,264.04422874365
6,439,216.21331609733133,264.80478142162445
6,440,216.78194275028247,265.4499122999026
6,441,217.33905200026598,265.90273447051896
6,442,217.82716717558088,266.09875966404735
6,443,218.13557878676042,266.06629088376235
6,444,218.17575008777087,265.89023263109493
6,445,217.96814420487098,265.5962910475806
6,446,217.5775242044376,265.21059446897374
6,447,217.0246687669326,264.81409885043666
6,448,216.37315384683382,264.391157162025
6,449,215.7239704757135,263.9034728424252
6,450,215.1096302895769,263.38943950925955
6,451,214.59205269359038,262.89524932941924
6,452,214.21256131423164,262.43031388407167
6,453,213.99829044263117,262.044390555629
6,454,213.99058350930517,261.7894857366803
6,455,214.21031409238464,261.7254130762661
6,456,214.5640488651049,261.8571712009815
6,457,214.99826600765257,262.16980386362553
6,458,215.45267949038634,262.6263442549849
6,459,215.8438884369093,263.2004092568618
6,460,216.19889380407443,263.7808442395751
6,461,216.54096392289298,264.3124475434428
6,462,216.8927438570551,264.75467187779054
6,463,217.2333374153098,265.05361618271047
6,464,217.54839444532024,265.1756737701179
6,465,217.7276255452545,265.1539339817346
6,466,217.71455743327212,265.004558757311
6,467,217.5389335289543,264.76271665228853
6,468,217.22899908802447,264.46101437290497
6,469,216.83028151250568,264.121383588098
6,470,216.37908194301406,263.7918035439084
6,471,215.98869937695093,263.48878885393276
6,472,215.65845499198474,263.1862322351324
6,473,215.43427892742935,262.90777118942594
6,474,215.31285608800283,262.7068815649639
6,475,215.30262010843927,262.5813734381013
6,476,215.34411814031486,262.54399801780687
6,477,215.43688639150935,262.60805461430874
6,478,215.51255413505336,262.7896821172931
6,479,215.58944479127868,263.0439788339961
6,480,215.68130159163061,263.3291905344825
6,481,215.82258685494605,263.61813975724664
6,482,216.00151150883494,263.8795386304832
6,483,216.21125717487524,264.0867135481698
6,484,216.41012354059288,264.2227775971999
6,485,216.57449996165124,264.2927889884275
6,486,216.656713005545,264.32328201402333
6,487,216.6330470809408,264.32579335186864
6,488,216.52305372204145,264.28671390527836
6,489,216.36198280725165,264.1967294799135
6,490,216.190353749994,264.06242392755894
6,491,215.99564712988425,263.91027086473684
6,492,215.77627279416373,263.7877093016135
6,493,215.56536549998685,263.6942338421924
6,494,215.39032630662777,263.63629964547533
6,495,215.26305051414542,263.6083617078472
6,496,215.22801363747126,263.5806381004026
6,497,215.28733781645943,263.54886795322767
6,498,215.4031738145535,263.5404081252085
6,499,215.52211531739673,263.56684916227044
6,500,215.59152939087326,263.6287096418779
6,501,215.62488927630446,263.69373749585935
6,502,215.6746465559416,263.7343696646839
6,503,215.7590979335283,263.7480637493349
6,504,215.89145935854324,263.73374445473513
6,505,216.07272264038411,263.68297157845103
6,506,216.2411056520285,263.63157498752
6,507,216.3569428385196,263.59606329361
6,508,216.41648163587368,263.5707119028714
6,509,216.41278827274792,263.55473849993564
6,510,216.35974361638637,263.5731777603863
6,511,216.27374399819843,263.6271805854979
6,512,216.16605545601936,263.6952070489716
6,513,216.0260334872206,263.763762883464
6,514,215.86693226794895,263.81408965716224
6,515,215.6986889383017,263.84835537817463
6,516,215.54719546700485,263.8475908949378
6,517,215.43640409288167,263.80969998314004
6,518,215.37668231824009,263.74875793859275
6,519,215.3544281967742,263.6903471836728
6,520,215.36692212254533,263.627123108185
6,521,215.3990292006042,263.5767666831026
6,522,215.424507269196,263.53831222902073
6,523,215.4617402072395,263.5012114562031
6,524,215.52134540900593,263.4896498865679
6,525,215.59430942226928,263.511761740366
6,526,215.70482691429888,263.5562665479615
6,527,215.8512854482288,263.60189313315925
6,528,215.99465089037005,263.66475125543815
6,529,216.11042706462868,263.7157304531974
6,530,216.18364476805104,263.75425282945764
6,531,216.1804243835328,263.7971116463257
6,532,216.09879696981733,263.87543004876284
6,533,215.95666455245387,263.9613238656047
6,534,215.77808519490264,264.03368885566283
6,535,215.58986275080574,264.0726365856823
6,536,215.4192660805711,264.06299812797226
6,537,215.26392160384944,264.00230106681363
6,538,215.1510768547923,263.91564647892375
6,539,215.08782134654444,263.83283720108057
6,540,215.05944716398537,263.771673562233
6,541,215.04927423835113,263.73751644516767
6,542,215.0600871391742,263.7398921956964
6,543,215.07223349751874,263.7670623498365
6,544,215.08708816513683,263.8149761811748
6,545,215.10895599690033,263.8952471562972
6,546,215.11902814059914,264.0073684551616
6,547,215.14168176486757,264.1137954611445
6,548,215.20085510442198,264.1883902041444
6,549,215.2754844625193,264.2221245583984
6,550,215.37329885253573,264.20095265540823
6,551,215.4922323314114,264.13390602065937
6,552,215.58282257643813,264.0540271071211
6,553,215.60430474440028,264.00312289227304
6,554,215.56315387668667,263.9811897508955
6,555,215.45949861418057,263.97543338609535
6,556,215.32397295584033,263.9745269097933
6,557,215.18602890138555,263.98548303730877
6,558,215.06798006356868,263.9926336148847
6,559,214.97090483306764,264.0032079789901
6,560,214.91212516573268,264.02220236446254
6,561,214.90090577221343,264.0390444860258
6,562,214.95009134359685,264.0072920370459
6,563,215.04506071915574,263.9459545007636
6,564,215.16553608952617,263.87701375667825
6,565,215.29044514035607,263.8093448242583
6,566,215.38374324649996,263.7606164847941
6,567,215.41845553019286,263.7665899557228
6,568,215.41698781440707,263.80904333697856
6,569,215.41615707178806,263.8524007633305
6,570,215.42175845422648,263.8773745240035
6,571,215.44143327083245,263.88236970681766
6,572,215.47112458779677,263.8716993059597
6,573,215.49272452246245,263.84852672027466
6,574,215.48967356007756,263.81449708342984
6,575,215.46883892806306,263.78348862069726
6,576,215.4331868328638,263.7565684641765
6,577,215.39497701745714,263.73616237344197
6,578,215.36345074382677,263.72090615713256
6,579,215.34779309518484,263.7223853654481
6,580,215.33838236205492,263.7340181111605
6,581,215.34627919792254,263.7512111184906
6,582,215.3780861483359,263.7663025554778
6,583,215.43155353090685,263.7768096721559
6,584,215.4987130286461,263.77747550640544
6,585,215.55305307983704,263.7854450629057
6,586,215.58336271322878,263.80064321901966
6,587,215.59115811641976,263.815817635568
6,588,215.5817818477798,263.8330031327718
6,589,215.55701335070748,263.85259237275875
7,0,220.4046006479237,252.60074834684576
7,1,220.60947694600114,252.598236908679
7,2,220.82845156252387,252.59897345113936
7,3,221.00855137646644,252.6072838325482
7,4,221.07847842881785,252.62523196814902
7,5,221.08688198366875,252.6578203995025
7,6,221.06659378969832,252.67480903812074
7,7,221.03177574686134,252.6908464388896
7,8,220.99364227145324,252.70638390791197
7,9,220.9426904827194,252.74521391341418
7,10,220.87336298639985,252.83815758257768
7,11,220.80470683518058,252.95218998755246
7,12,220.73943278297486,253.06147928415797
7,13,220.68186024748073,253.16460159356365
7,14,220.64257273016253,253.24847181566327
7,15,220.62170285330546,253.27856760355667
7,16,220.60057104832933,253.29405517612702
7,17,220.58141419515403,253.3144800608456
7,18,220.55774727609045,253.3363531144212
7,19,220.52023809861478,253.3594647775321
7,20,220.48772029614244,253.37753321376954
7,21,220.48778978238883,253.36988535196687
7,22,220.55561627309447,253.29124545854987
7,23,220.67001749710286,253.174883567188
7,24,220.80605524435913,253.04181555065685
7,25,220.93797837342933,252.90792589605022
7,26,221.03930800582305,252.80024033877837
7,27,221.07230097692133,252.76545317401502
7,28,221.05982510292992,252.77067857028635
7,29,221.0252707394196,252.79199499183576
7,30,220.98206565249873,252.81357604794653
7,31,220.93228164233696,252.8254965420869
7,32,220.8829839776791,252.82516650773562
7,33,220.83775452089546,252.81411511253998
7,34,220.79669878617645,252.79152345980424
7,35,220.76151823282018,252.7721499262173
7,36,220.73363702525378,252.75936482633207
7,37,220.7152866043795,252.74721937667653
7,38,220.69966053551747,252.74256605403576
7,39,220.69417950336057,252.75181802009732
7,40,220.6989448965706,252.76795757046176
7,41,220.70825142322116,252.78363792206594
7,42,220.7162548969345,252.80219638911862
7,43,220.72650788317418,252.81688995210027
7,44,220.73195047191084,252.82585888604046
7,45,220.72682245909368,252.82629597950063
7,46,220.70592968617893,252.8145541450391
7,47,220.6870769362785,252.79321209561982
7,48,220.6667571882931,252.76830775553887
7,49,220.64470384674527,252.7500954165743
7,50,220.61985237393407,252.74618092433911
7,51,220.59963496994948,252.765068277079
7,52,220.57035782295014,252.8012889120262
7,53,220.54164715971103,252.84656068541236
7,54,220.52172072042467,252.8744763409077
7,55,220.50773181120255,252.8810178251494
7,56,220.50075838429663,252.86765614211362
7,57,220.50169271688736,252.83880870849546
7,58,220.5106680735076,252.80006596241947
7,59,220.5340802422386,252.77162555359274
7,60,220.57155179792818,252.74817096915112
7,61,220.61404337386526,252.73679241871966
7,62,220.65457378596963,252.7366372881747
7,63,220.6851168311813,252.7477584904288
7,64,220.6974562095128,252.76613468289355
7,65,220.69486391647797,252.791617683917
7,66,220.68666823797085,252.80855125242525
7,67,220.68231356675065,252.81878569028677
7,68,220.68263060114253,252.82334858534009
7,69,220.68461815451724,252.83113187380192
7,70,220.69484321097954,252.85785765897378
7,71,220.70600796749596,252.90048161167272
7,72,220.70777438679528,252.9492134708126
7,73,220.69637475707916,253.0006388653234
7,74,220.67223939676006,253.05456600524468
7,75,220.639284368307,253.08346761250718
7,76,220.60382496321336,253.10140500678125
7,77,220.56919235047963,253.11976768289523
7,78,220.5414341881247,253.13987683736812
7,79,220.52308525029022,253.1496796282955
7,80,220.51006983297515,253.1588964053291
7,81,220.50086509820187,253.15200545423522
7,82,220.50854174725353,253.0919606712362
7,83,220.52943734010196,253.00117251170366
7,84,220.55250852330923,252.89501437260418
7,85,220.57327273841005,252.78885479326735
7,86,220.60083720752064,252.70049596918236
7,87,220.61707743382317,252.67580900924855
7,88,220.61397124884172,252.6949301600685
7,89,220.60328644026086,252.7361439867101
7,90,220.59089130750186,252.77682597917533
7,91,220.5709031382664,252.8090291762289
7,92,220.54931866066966,252.82368147774204
7,93,220.52949461764402,252.83065432595973
7,94,220.4991163494321,252.85269042447192
7,95,220.45869319033298,252.90761868355844
7,96,220.41452394590775,252.978375527979
7,97,220.37045735024267,253.06170965922408
7,98,220.33294990024703,253.1471478166676
7,99,220.31534568735984,253.21539379279136
7,100,220.31923119814402,253.24711968604882
7,101,220.34720074228187,253.2404068203054
7,102,220.3853280241141,253.2082128581319
7,103,220.4289435242541,253.15309748700923
7,104,220.46982978068672,253.08379117165262
7,105,220.50131887241307,253.01530209877382
7,106,220.51727407869177,252.956261526362
7,107,220.5317270392998,252.9223895638208
7,108,220.54868090811289,252.9235963983377
7,109,220.59767917094896,252.94321404226707
7,110,220.71860723141575,252.9620128715177
7,111,220.99259354760596,253.0252093563146
7,112,221.42566323557986,253.14267978639816
7,113,221.94570191630086,253.47038718323856
7,114,222.49927385502377,254.03588758208437
7,115,223.08445921567346,254.7912504394458
7,116,223.66818687552887,255.61416706760386
7,117,224.24172712767495,256.4558549037254
7,118,224.83611037849718,257.30396659584324
7,119,225.47198404873976,257.94675835932463
7,120,226.14119178663847,258.29756712750316
7,121,226.77534051087238,258.6581577453002
7,122,227.38121689959698,259.26541019452674
7,123,228.08235863573873,259.804680308313
7,124,228.73061218383384,260.3280995022501
7,125,229.40140376839875,261.02798458570015
7,126,229.8494060855863,261.57633110775686
7,127,230.4376964545177,261.85559389744606
7,128,231.23831223440322,262.0508292639067
7,129,232.32887345429276,262.15176397749156
7,130,233.56835254914867,262.4134015570875
7,131,234.8308770539107,263.1351031549135
7,132,236.0301960342958,264.2519285985346
7,133,237.1013334234445,265.57374086771466
7,134,237.8938495609063,267.07724545980193
7,135,238.5260715565464,268.36047091575097
7,136,239.1670497586254,269.0981397446372
7,137,239.8349859337021,269.53744241973
7,138,240.50203946304404,269.8929740764235
7,139,241.2154218540226,270.19009437510647
7,140,241.9057635136144,270.5381270588028
7,141,242.7069143106321,271.1202318064135
7,142,243.75718628694014,271.8471105875741
7,143,244.72504845238325,272.65066283543223
7,144,245.367342674934,273.41720409435635
7,145,245.70285862217443,274.1805255211814
7,146,245.60267291107468,274.5885281581447
7,147,245.07541018375267,274.466954276983
7,148,244.08234506402027,274.0103622469117
7,149,242.8487411246793,273.2577476972895
7,150,241.39416767968183,272.7312370306191
7,151,239.81011244570533,272.18130705792396
7,152,238.25630039737624,271.44764849362446
7,153,236.89145343867955,270.29494274772793
7,154,235.616691899871,269.1187243104448
7,155,234.33684522650236,267.9770197719835
7,156,233.05778741096267,266.88362634788143
7,157,231.83341829913945,266.0053603818691
7,158,230.8983598577382,265.207500777675
7,159,230.31632276677755,264.275946135843
7,160,230.14934751606117,263.26994977644125
7,161,230.25357991103928,262.5317304717404
7,162,230.45853474034067,262.10694546787903
7,163,230.64425979560724,261.9731256473869
7,164,230.70866128269364,262.1085295284912
7,165,230.7199243428274,262.4222975177451
7,166,230.73444453342307,262.75349141847767
7,167,230.74748208036627,263.0198311255371
7,168,230.72570609575197,263.24587244221016
7,169,230.5956471534645,263.4303987260605
7,170,230.35459236489544,263.45690352503243
7,171,230.0821670156119,263.24740770064625
7,172,229.79492347584986,262.93220806259205
7,173,229.46297025428453,262.60380506149073
7,174,229.188878562404,262.2311108583567
7,175,228.9936961623257,261.8515292158178
7,176,228.77240455894477,261.54585465357894
7,177,228.57254824043605,261.3006568860071
7,178,228.47174358364353,260.9458170263793
7,179,228.3967635132996,260.5959748268541
7,180,228.35153904745243,260.3101021347555
7,181,228.47346267512785,260.2065794148964
7,182,228.8591753852979,260.1659243766709
7,183,229.43122946994683,260.29668613158486
7,184,230.15064479082153,260.59970453208234
7,185,230.9386990472882,261.1779350545328
7,186,231.6202187240913,261.8593730633362
7,187,232.11537534190137,262.6085800032957
7,188,232.50098777400285,263.45361057372236
7,189,232.8439577599905,264.35638499254804
7,190,233.2390833313938,265.1047842717062
7,191,233.66503828333614,265.629296441655
7,192,234.00386690950694,265.78403976271477
7,193,234.22567627065982,265.6340525577389
7,194,234.3849346939236,265.3088636018184
7,195,234.38788669118838,265.063212516071
7,196,234.3526066926812,264.9684915475918
7,197,234.47944852514783,265.2506067023063
7,198,234.81697662497018,265.94263939886093
7,199,235.15047563617372,267.09734919895936
7,200,235.63715580317788,268.49680007638864
7,201,236.37566608304712,270.103089961804
7,202,237.35974018913322,271.76574031533085
7,203,238.4908200769947,273.38439020658654
7,204,239.89077005355844,274.73239838235156
7,205,241.4209559244689,275.79343897405016
7,206,242.7587354116689,276.63164855048245
7,207,243.6668153421306,277.40286385636665
7,208,244.15560712903164,278.1778008395398
7,209,244.25991024205533,278.79562696294624
7,210,243.93457692341735,279.03232806344477
7,211,243.30275927036269,278.6746191162916
7,212,242.3615503566398,277.824756996978
7,213,241.16146346992673,276.56185465138407
7,214,239.79852703215798,274.9782948204229
7,215,238.41656857786728,273.37114437798664
7,216,237.19944301429786,272.1124123457354
7,217,236.37709604650843,271.0716888727945
7,218,235.98069046365956,270.2827330197914
7,219,236.0419752743971,269.8877344539351
7,220,236.41908681819174,269.72512192933857
7,221,237.0384195942155,269.535575896465
7,222,237.7681223690649,269.6422990121254
7,223,238.62073903972131,269.90360223431026
7,224,239.55765801052425,270.16473023619363
7,225,240.52527904704615,270.5319358844693
7,226,241.3471581958908,271.0713191664542
7,227,242.02325166790715,271.5131169832499
7,228,242.49569192656782,271.8629696668435
7,229,242.67210316899482,272.0391257986611
7,230,242.6912905627456,271.99215429019876
7,231,242.61136381473085,271.86716229545425
7,232,242.47792572541758,271.67256516533183
7,233,242.3277273135275,271.37012393671773
7,234,242.1791331299579,271.0893219025871
7,235,241.9115784663774,270.92323315562703
7,236,241.60801409562623,270.7885994874556
7,237,241.1983642265101,270.7521414501758
7,238,240.66201680392922,270.74031264568293
7,239,240.056018735083,270.69997903933825
7,240,239.51203701701888,270.59072728193877
7,241,239.02041667969107,270.3690924300559
7,242,238.66232978501782,269.95290009000854
7,243,238.49066057562817,269.43621005838173
7,244,238.51918533275284,268.96538803746614
7,245,238.6707093242885,268.62661214038644
7,246,238.92496664553698,268.492682450998
7,247,239.22088696467094,268.5869022982631
7,248,239.53092164432388,268.8524754076775
7,249,239.79381909526103,269.213534888126
7,250,240.0087728518353,269.6617863331484
7,251,240.22162758298654,270.1573107386826
7,252,240.44695638648972,270.6276570066153
7,253,240.6235241797357,270.8630016244935
7,254,240.6994213703147,270.872152237393
7,255,240.54674058749188,270.71266228017487
7,256,240.1545986584442,270.33766187992217
7,257,239.53440866201282,269.68878965230095
7,258,238.7363411680227,268.9455459080719
7,259,237.8298016832091,268.1833860999258
7,260,237.0060374882279,267.49800579243225
7,261,236.2366095479875,266.95411498013726
7,262,235.5999281614676,266.5846821053271
7,263,235.07007429366232,266.40790002846666
7,264,234.64287955389378,266.34251608221774
7,265,234.3747242066607,266.2938991237287
7,266,234.3585945963828,266.2481547681264
7,267,234.43776145276203,266.3292437093331
7,268,234.67182620168342,266.5949949868121
7,269,235.0166226318655,267.05046316154335
7,270,235.39415365330476,267.5716234355713
7,271,235.68461357615723,268.12806169019825
7,272,235.94778619695177,268.57122209406236
7,273,236.1020158992402,268.73869683994536
7,274,236.10154305880945,268.53703741754504
7,275,235.90428860475646,268.0192223232984
7,276,235.50746158247415,267.2680074103329
7,277,234.89648065047746,266.36579771305003
7,278,234.14587910253545,265.4493333319424
7,279,233.43818941530085,264.6770817318902
7,280,232.84560973559368,264.0891927435172
7,281,232.43990593955817,263.7065631320081
7,282,232.19098391074476,263.56491107126334
7,283,232.0741730721121,263.6402766820111
7,284,231.99909589362932,263.8640895209062
7,285,232.0140220604508,264.1397004310704
7,286,232.23679359107476,264.34244885464597
7,287,232.76144570994748,264.44031287350447
7,288,233.4962265814724,264.44767935278287
7,289,234.2926921588796,264.53444009474265
7,290,234.99457487621268,264.7958973908384
7,291,235.47917288515063,265.2213831161479
7,292,235.7194437832217,265.8194862606587
7,293,235.75396555038947,266.53769360809935
7,294,235.6566307489011,267.1468613185086
7,295,235.46483935970784,267.44982340515327
7,296,235.1845730890099,267.44712814094953
7,297,234.79097537450298,267.2057755847443
7,298,234.35057974829576,266.83547280983873
7,299,234.02216426483287,266.392698154221
7,300,233.89236807490738,266.0045736877595
7,301,233.92435864040513,265.7819010014773
7,302,233.99248233643758,265.6808848113286
7,303,234.0158624971998,265.5942881244951
7,304,233.95690560936734,265.5229604305731
7,305,233.86765539134782,265.4995187070121
7,306,233.80627724878607,265.5613529621747
7,307,233.9201393902385,265.64367831847096
7,308,234.10329293322837,265.8861422426026
7,309,234.29659878656997,266.24066548408575
7,310,234.4255825738988,266.6167975406824
7,311,234.53289258827252,266.91785827723106
7,312,234.6029448103694,267.1787095639306
7,313,234.7251350115309,267.3401858092737
7,314,234.89807691521608,267.43808787266914
7,315,235.06444948357537,267.4154504713408
7,316,235.08521056127606,267.21575470655335
7,317,234.94778596560894,266.91811859644446
7,318,234.62884997084817,266.52215860072147
7,319,234.2550545352437,265.99212438593645
7,320,233.91713239260622,265.45621861715045
7,321,233.69779346071013,265.11370384185335
7,322,233.57685994720498,265.02703876100924
7,323,233.6698800375686,265.11123564794246
7,324,233.86866876800653,265.3740728340596
7,325,234.07391288397724,265.8445760566358
7,326,234.29861048618744,266.4513145914279
7,327,234.59784879976723,267.0696757457003
7,328,234.90546388128027,267.71886446133
7,329,235.22369198590596,268.3265588217445
7,330,235.57114762529295,268.84643955718116
7,331,235.86347417059557,269.2469501812828
7,332,235.98530568858143,269.5152703672792
7,333,235.97557677543176,269.6449302351358
7,334,235.85643074928313,269.71482878012415
7,335,235.71140415404275,269.733999471863
7,336,235.6304411318782,269.6075794631688
7,337,235.61088738055903,269.2474034531515
7,338,235.57796463194163,268.6591126622203
7,339,235.43493128957203,267.9400458328023
7,340,235.10934484821468,267.13201271265024
7,341,234.49908633353718,266.37508666618345
7,342,233.75610522350536,265.7689528725417
7,343,233.0211973374744,265.2961927071995
7,344,232.3748121230122,264.8512848426813
7,345,231.84497146242887,264.4010331592299
7,346,231.50870018525265,263.90243956214806
7,347,231.31940014758456,263.3323506972832
7,348,231.16854130585315,262.82263984793366
7,349,231.03525437994438,262.5039785225065
7,350,230.96822529427286,262.404246660751
7,351,230.9450566951536,262.51863405795984
7,352,230.86440867035887,262.85009467300995
7,353,230.74901083422722,263.27820343060046
7,354,230.6190777518934,263.6761118473907
7,355,230.44448126896384,263.9328710572347
7,356,230.24313850119734,263.95443808742033
7,357,230.16713857781397,263.7448264013327
7,358,230.23483221909797,263.4106599455061
7,359,230.38784108772055,263.0908010312971
7,360,230.5730646200735,262.906917516871
7,361,230.85423472829913,262.9429508200064
7,362,231.18323679748846,263.20120728325344
7,363,231.46886263593987,263.6245877666519
7,364,231.72106234445104,264.1245354694093
7,365,232.00458929132577,264.5377567608167
7,366,232.268046854109,264.780262203999
7,367,232.47046485630594,264.8918714043594
7,368,232.65028477129172,264.91505282839927
7,369,232.80029252550483,264.9133370089673
7,370,232.90844144634636,264.99667909733824
7,371,232.90958289414192,265.24853478303066
7,372,232.66698313404996,265.58678215836613
7,373,232.10771373348155,265.87086928359184
7,374,231.23935012326015,265.86135428061635
7,375,230.08673031138687,265.46640993896915
7,376,228.6511642130835,264.5946908012398
7,377,227.08396524443717,263.21554017927224
7,378,225.54260934168056,261.34359701052034
7,379,224.00706461626538,259.1459859718001
7,380,222.49657040447772,256.7086961490573
7,381,221.1125210161534,254.28714588667697
7,382,219.85562811366262,252.09056554915094
7,383,218.72712609789232,250.30068268947417
7,384,217.86020215300633,248.93529292646667
7,385,217.2967729793708,248.0434989161194
7,386,217.02685694919725,247.5912912746634
7,387,217.1220458831752,247.57012927148193
7,388,217.5601312249513,247.97816126334018
7,389,218.25348598329163,248.92393251609374
7,390,219.1347164691905,250.27124411850627
7,391,220.13467233451638,251.8463379338388
7,392,221.15376583277674,253.4843894115639
7,393,222.11575563374987,255.0320809789325
7,394,223.02139797522125,256.3216776537494
7,395,223.76903349225788,257.2819434280708
7,396,224.31789365795495,257.8390485135612
7,397,224.59342044292907,258.0135463695792
7,398,224.63960078731685,257.86051590096247
7,399,224.40334934121938,257.40358787071943
7,400,223.88859892353523,256.76770211320684
7,401,223.1934179050715,256.0331853678076
7,402,222.41498476924565,255.2289472649141
7,403,221.53077945032234,254.3740303585992
7,404,220.63592356935519,253.51375441710601
7,405,219.83638717578705,252.68494442874996
7,406,219.1965876642275,251.9095335922065
7,407,218.7731761678689,251.24608214815512
7,408,218.59153164280798,250.71886748303552
7,409,218.62293708690717,250.34630213898112
7,410,218.85299452355343,250.18814248044293
7,411,219.20807048486165,250.2923235292625
7,412,219.6377244899612,250.66075244965808
7,413,220.13043729206242,251.27380377923635
7,414,220.64523121566873,252.1138566303435
7,415,221.18059409511537,253.0462255574268
7,416,221.73985177857486,253.96229065050719
7,417,222.29349648787777,254.73602044504642
7,418,222.82204360288293,255.3327088219775
7,419,223.3385265102532,255.69423157119115
7,420,223.777131382638,255.83226369729834
7,421,223.99582213782335,255.79519697870475
7,422,223.97217488203611,255.6610782498834
7,423,223.6857561832174,255.43913881997102
7,424,223.14183153149466,255.14177339765146
7,425,222.37629623031216,254.76014607610773
7,426,221.57865655473933,254.27594045345862
7,427,220.83877443664827,253.6733784684374
7,428,220.18423792782863,252.977139320436
7,429,219.6602839573745,252.2340878047868
7,430,219.33419688292375,251.5440598243119
7,431,219.16586161903123,250.9920749908301
7,432,219.12350272509102,250.66355404475067
7,433,219.25713159310803,250.60854655460824
7,434,219.55057405244756,250.81057992061076
7,435,219.92534346997098,251.2575914292987
7,436,220.34267168068766,251.8905418677368
7,437,220.80009194609397,252.6265154690934
7,438,221.28156795463008,253.36249112868035
7,439,221.7704267508088,254.05390275338766
7,440,222.2724083805814,254.6246135383228
7,441,222.75262478657385,255.0283313561695
7,442,223.15569074096132,255.22488670769272
7,443,223.41554014546003,255.23884925570482
7,444,223.42684476510064,255.1246924050713
7,445,223.2062980566141,254.9220646819987
7,446,222.81837267741662,254.64570730928767
7,447,222.30429337353607,254.31448141348858
7,448,221.72855350709574,253.91423897228114
7,449,221.18600952672224,253.39011961390435
7,450,220.66508154291301,252.77273304824658
7,451,220.2058992563695,252.13827933309386
7,452,219.8434130936591,251.55479280490775
7,453,219.60707287229872,251.08217425478256
7,454,219.54881528641835,250.81180638761637
7,455,219.72156530029025,250.78488811998443
7,456,220.05447214331153,250.98035603653082
7,457,220.47100878423853,251.33736915425985
7,458,220.91950677417313,251.83175733838766
7,459,221.33288982919308,252.43999829553616
7,460,221.68988423172777,253.05877315101375
7,461,221.98566308393663,253.6076138931668
7,462,222.272585288135,254.06879782626817
7,463,222.51035032974906,254.40742453559034
7,464,222.70035576131932,254.58460433696422
7,465,222.78702341633127,254.60714459175261
7,466,222.7467332736781,254.50154160248618
7,467,222.59143233241898,254.3191259187484
7,468,222.33934082319126,254.0673940396876
7,469,222.00660201748227,253.7296750262001
7,470,221.646842895899,253.3601275853668
7,471,221.331407592898,252.99271088841851
7,472,221.06787749234087,252.5925199520643
7,473,220.89640494077113,252.19145929840204
7,474,220.82925256639265,251.89120889528425
7,475,220.83564367090875,251.69506957870917
7,476,220.87560648415797,251.61594385133245
7,477,220.92996520384523,251.66804085674514
7,478,220.9911253533309,251.83730459431442
7,479,221.06804710165565,252.10214335277962
7,480,221.16861913232813,252.43161380127748
7,481,221.31005488760155,252.7756078685477
7,482,221.48044251699844,253.10058892229873
7,483,221.6512295183126,253.40474878974393
7,484,221.79332831208242,253.6357404280587
7,485,221.89566395194078,253.7891265460398
7,486,221.94540427459708,253.89678475942716
7,487,221.93959461026225,253.96338476727985
7,488,221.86935947288623,253.96776894356552
7,489,221.73553554508678,253.88701778557822
7,490,221.57555801018952,253.7017433511344
7,491,221.40800300456132,253.45917792953614
7,492,221.22310625496834,253.22339215653977
7,493,221.04470711637506,253.01736630403246
7,494,220.90395681629565,252.86857318457413
7,495,220.79465011440783,252.79578423463846
7,496,220.7135761749302,252.76544049142157
7,497,220.6878165508877,252.7593168511659
7,498,220.70996807732695,252.7771647862318
7,499,220.74747974420248,252.8162549562807
7,500,220.77029342529372,252.88334042248758
7,501,220.79289746605426,252.94099734717605
7,502,220.84529125280858,252.95496055182937
7,503,220.93071708993318,252.94911597860371
7,504,221.05330722575422,252.92892010868937
7,505,221.2061597454481,252.88765356541342
7,506,221.34186415350766,252.8559541735293
7,507,221.4206979984159,252.8539659705501
7,508,221.44939266413357,252.858448227216
7,509,221.42439159165997,252.86629050926604
7,510,221.3694540143233,252.88514318694484
7,511,221.30918371413242,252.89808291984122
7,512,221.24974447419237,252.89435174367247
7,513,221.17422162175887,252.8865380403879
7,514,221.0870087542961,252.8818865773281
7,515,220.99294701681677,252.87399300656668
7,516,220.88835773199028,252.85726403509514
7,517,220.7880869776145,252.84737971181445
7,518,220.70917495415404,252.82856991419618
7,519,220.64390137766273,252.79453781669082
7,520,220.595273814718,252.75434013421642
7,521,220.5699151284576,252.7339168838058
7,522,220.56445049377834,252.7102038351092
7,523,220.59217369135456,252.69319898852083
7,524,220.66407499859815,252.70245341561287
7,525,220.76220658588832,252.74744201773146
7,526,220.8804924575824,252.80634944897974
7,527,221.0062466636013,252.86785916080527
7,528,221.11697465661967,252.9366190503104
7,529,221.2027303246012,252.985123691765
7,530,221.2572743902253,253.00995267276258
7,531,221.27279907894516,253.02584699594718
7,532,221.24209292596873,253.05340793707074
7,533,221.16702935674016,253.07098720983964
7,534,221.05783219942893,253.0841166855406
7,535,220.9160347211271,253.07451412622075
7,536,220.7699282764202,253.0369315164698
7,537,220.63231106623385,252.98613710861744
7,538,220.52281114309372,252.94036214798436
7,539,220.4521460332127,252.89886191898816
7,540,220.42389185699807,252.8800268750384
7,541,220.42032775415612,252.88505069821667
7,542,220.43570833864644,252.91237309947613
7,543,220.45355960361178,252.95131813475138
7,544,220.47215184588782,253.01050218546763
7,545,220.50135435521628,253.0940120709415
7,546,220.52915566462696,253.20909892872962
7,547,220.5618843301821,253.32235959396212
7,548,220.61201071229607,253.41021962798828
7,549,220.6726082217987,253.45244932146954
7,550,220.74950669135455,253.41948882437578
7,551,220.83384169732162,253.32096260030227
7,552,220.8989493540137,253.19882845645856
7,553,220.92804636669064,253.09285498981058
7,554,220.91771642682104,253.00822759265102
7,555,220.86386369864383,252.95019392209102
7,556,220.78618531364557,252.91949223276785
7,557,220.7042692706646,252.91510535988797
7,558,220.63742493031748,252.91803270475484
7,559,220.57900517048105,252.95016027228218
7,560,220.52872699834614,253.01677450691096
7,561,220.49683684102257,253.08019902820294
7,562,220.49709334031212,253.074174313616
7,563,220.52143221567212,253.0322124971056
7,564,220.56520144649772,252.9687579773872
7,565,220.6310417732292,252.89795000708756
7,566,220.6926323694666,252.8599606811889
7,567,220.73097165437898,252.89155730572026
7,568,220.7531122448712,252.96006020715677
7,569,220.77924440234324,253.0262734001677
7,570,220.79627419814065,253.0682680370719
7,571,220.81863792402234,253.06295271762394
7,572,220.84569033633093,253.02629364919335
7,573,220.84842393268258,252.97650675321395
7,574,220.80261667814543,252.93246460148535
7,575,220.7427807180531,252.89699812172645
7,576,220.67041325836814,252.88216359506416
7,577,220.59356050550338,252.89153816329446
7,578,220.53647984452263,252.90907034918033
7,579,220.51880843376415,252.93810834868256
7,580,220.5171412931145,252.98133904570932
7,581,220.53462759428092,253.0306483761106
7,582,220.57138179649644,253.0804578147442
7,583,220.61728779131587,253.1272399684336
7,584,220.6741289796946,253.15916786141995
7,585,220.72412490176538,253.17552550518283
7,586,220.7777191567307,253.15780892627922
7,587,220.83006187597238,253.1133048327681
7,588,220.87622464349596,253.06291814039415
7,589,220.90596282317472,253.01402804452863
8,0,225.93718055899072,235.0877835321688
8,1,226.19375539475337,235.1433039620322
8,2,226.48143506974645,235.20808781755895
8,3,226.71343070494947,235.2682101647451
8,4,226.75255721025508,235.28523537472992
8,5,226.77025245775025,235.31518912136792
8,6,226.7645825353464,235.3458060351531
8,7,226.73181236960733,235.37111018533201
8,8,226.6849061960238,235.3889629319498
8,9,226.62773648467234,235.41992185272187
8,10,226.5501388098465,235.50442339010942
8,11,226.47945015701404,235.62255611170022
8,12,226.41437715686538,235.74300228545505
8,13,226.36118088357102,235.8531741131001
8,14,226.32853301279798,235.94185951146343
8,15,226.3148217046169,235.96624416738615
8,16,226.30026328655504,235.9695002430141
8,17,226.28356077502357,235.9802219110984
8,18,226.256868790342,236.0019180704065
8,19,226.21164821448832,236.02465485587817
8,20,226.17146180218154,236.04199241587952
8,21,226.1596120509646,236.034145094452
8,22,226.22297464235487,235.9721388264244
8,23,226.31575932666422,235.88042101788963
8,24,226.42006015209125,235.7825506120695
8,25,226.52230114030846,235.68897321703366
8,26,226.60456272174073,235.61398774848124
8,27,226.6206526105772,235.58854845478257
8,28,226.6174765044379,235.58760780622714
8,29,226.6097235978326,235.59288530308538
8,30,226.59810258276687,235.5904857771032
8,31,226.5750294251787,235.5799911074542
8,32,226.54205481014978,235.56301293225908
8,33,226.49938704355353,235.54191113917565
8,34,226.43937425141598,235.51877483601493
8,35,226.38702368860683,235.4944309984015
8,36,226.347609401787,235.47409588576758
8,37,226.32263192107322,235.45428108494465
8,38,226.30845758315596,235.4379930120946
8,39,226.32203896986186,235.42647315022165
8,40,226.33655862528732,235.42474087862067
8,41,226.34583509042918,235.4254733406944
8,42,226.34972691510856,235.4233111817855
8,43,226.35611067041137,235.41972386565945
8,44,226.36252193091613,235.41272605346933
8,45,226.36628039294547,235.40225988737782
8,46,226.3665710735274,235.37788475371858
8,47,226.36899849265785,235.35073858404252
8,48,226.35889822917628,235.32542557594184
8,49,226.333807291145,235.3173963659139
8,50,226.2926095655271,235.3337571029768
8,51,226.23680307312128,235.37873822382403
8,52,226.16733718877813,235.44364896817527
8,53,226.1034624125194,235.51711867079692
8,54,226.0475944218203,235.57041272821652
8,55,226.00463149856094,235.59552770838116
8,56,225.97827274918237,235.59752718049623
8,57,225.96339531860366,235.56899764908323
8,58,225.96882313828226,235.48886557434045
8,59,225.99745660524042,235.3908819608011
8,60,226.04519255389408,235.2911501950834
8,61,226.0960431094219,235.20050760060596
8,62,226.15227120602248,235.12827014477267
8,63,226.19794600097995,235.10249291102028
8,64,226.23165642208036,235.0998090352517
8,65,226.25131821598612,235.10302470946675
8,66,226.26631127486291,235.0957729580703
8,67,226.2783966818834,235.08413221931153
8,68,226.286845225486,235.06766943244705
8,69,226.29892579923904,235.0637813404656
8,70,226.34203853197383,235.0995439340358
8,71,226.39154101462472,235.1674297289627
8,72,226.42336277736126,235.24634771071143
8,73,226.4409205473335,235.32490039035542
8,74,226.4408200267549,235.39447916983906
8,75,226.40295274606655,235.420495087434
8,76,226.35954342467477,235.42220323158276
8,77,226.32485951674968,235.41945491369685
8,78,226.30205318902026,235.42248471135466
8,79,226.28972553281315,235.42490316185226
8,80,226.28282985212718,235.4355677427375
8,81,226.26610754514698,235.4459139008479
8,82,226.22821488765004,235.43995762847933
8,83,226.19538641101138,235.4213358846899
8,84,226.16911206106982,235.38987772316395
8,85,226.1482331175397,235.35628368814594
8,86,226.15039671136267,235.32468796320606
8,87,226.17995166990283,235.3184007986126
8,88,226.19954866548034,235.33192524563788
8,89,226.206843310153,235.36042765330154
8,90,226.2057138624508,235.38464309533552
8,91,226.18728935970537,235.40004615148922
8,92,226.1647109180717,235.39675418320368
8,93,226.13296887780388,235.3941051817508
8,94,226.07947178139855,235.4132300397841
8,95,226.00397943727828,235.45563295671352
8,96,225.92508273057555,235.51098500281577
8,97,225.85374458425505,235.58182792279885
8,98,225.79477231559576,235.6539627157041
8,99,225.76106623543586,235.70670297907344
8,100,225.75743647386406,235.7337173485218
8,101,225.77791263085518,235.7373815511557
8,102,225.8005973285622,235.72142696358262
8,103,225.82349579060576,235.67973993080463
8,104,225.84552297319502,235.63073475603946
8,105,225.8686003153951,235.59767679498262
8,106,225.89765336091511,235.60133146923778
8,107,225.93347964604882,235.63570059499773
8,108,225.98784464126987,235.71709408851754
8,109,226.09472886321635,235.8104705392127
8,110,226.29958547450752,235.86243058028944
8,111,226.65402027594575,235.93038071949556
8,112,227.09528938103477,236.07220472691313
8,113,227.55568185199388,236.46689050047502
8,114,227.99267648029522,237.1610924189279
8,115,228.4010978272687,238.01808455831326
8,116,228.77897711299082,238.90103114700494
8,117,229.24135050695764,239.61756363749421
8,118,229.77966950957526,240.27584267570236
8,119,230.3492015364404,240.7114282265208
8,120,231.00559590432275,241.00519210154
8,121,231.52124753694184,241.6846291423656
8,122,232.00626843409052,243.46397312413959
8,123,233.03661487435318,245.60968439362424
8,125,234.74254105776524,248.89911503708674
8,141,243.79433398074443,253.72207443062953
8,142,245.56859998977728,255.58927782281285
8,143,247.63152165590336,256.9837859714627
8,144,248.6089135868665,257.8642341319453
8,145,248.99654047919472,258.66757567155116
8,146,248.92899965768413,259.4777425866449
8,147,248.2897754571707,259.94848758757735
8,148,247.20034090994193,259.4803678822748
8,150,244.8698704617234,259.1478033288798
8,151,243.28454592493227,259.2215114496366
8,152,241.6932258257336,258.1446501841516
8,153,240.31177870012058,256.57950265140346
8,154,239.0721283234292,254.95400960991068
8,155,237.93219585645488,253.3879092066866
8,156,236.8818610721856,252.01226096998332
8,157,235.78829529269623,251.06444437922235
8,158,234.8284863399764,250.12189854608033
8,159,234.22935408690876,248.76812436480608
8,160,234.0432194593183,247.143015467637
8,161,234.20551241456,245.77433701249475
8,162,234.57826088471057,244.7482680979968
8,163,235.00474475058232,244.08067229635967
8,164,235.34778016710405,243.85781678340652
8,165,235.5468246125839,244.11192337729625
8,166,235.61372559720246,244.6528786705482
8,167,235.57778189989975,245.3229839141481
8,168,235.35205637546926,246.0147263708928
8,169,234.99978302053043,246.54847731021067
8,170,234.61175548667404,246.70331651665649
8,171,234.18001785860275,246.46610271709662
8,172,233.7462949082986,245.97104184170755
8,173,233.41955194149747,245.4524983969189
8,174,233.1750559174919,244.91067137586154
8,175,232.9509645073899,244.45255858002196
8,176,232.67820493797294,244.09281385136467
8,177,232.54786619149576,243.93804304035265
8,178,232.56016736482732,243.66186243753384
8,179,232.61754852016307,243.4126681383659
8,180,232.73072945074836,243.25129231319326
8,181,233.00558393614884,243.2444411231982
8,182,233.38314133706044,243.16261704036071
8,183,233.85895615491933,243.37647181516212
8,184,234.48077189504787,243.80058583852846
8,185,235.16366784515785,244.47528701675506
8,186,235.80129747534028,245.32164575850135
8,187,236.303919427693,246.31762637543156
8,188,236.69814541428192,247.2650550383229
8,189,237.02867546150415,248.1928479160398
8,190,237.4010231402161,248.96476232702258
8,191,237.7890593697128,249.58475770655346
8,192,238.0922563964322,249.90690753572824
8,193,238.3118334218728,249.85686726970644
8,194,238.45074156288777,249.59977025268026
8,195,238.48682622910144,249.38878428182352
8,196,238.5012517504616,249.1491569506198
8,197,238.67239757213278,249.2230162172899
8,198,238.96692663718306,249.90105906547765
8,199,239.30862710454468,251.02538303678773
8,200,239.7411088959791,252.2116761508728
8,201,240.40726223567188,253.4358742304126
8,202,241.35667971896672,254.7116111658652
8,203,242.475117734988,255.86372819785504
8,204,243.7876543844692,256.7409894638145
8,205,245.25229377564293,257.3948069508587
8,206,246.52020369333627,257.79158508538245
8,207,247.37825003547698,257.9206847809415
8,208,247.9219528097998,258.0075191828925
8,209,248.17534296178505,258.07473447734077
8,210,248.0065243616277,258.00590788342936
8,211,247.46027714738213,257.6274845578951
8,212,246.55981151684963,256.82757867678583
8,213,245.3900208917205,255.63986973522853
8,214,244.0703710382396,254.48237727677895
8,215,242.6739841766712,253.00893779240135
8,216,241.36870249027749,251.55948250736913
8,217,240.44772324122943,250.40512636081974
8,218,240.00466725670395,249.6946135809339
8,219,239.9562295040882,249.32379498704415
8,220,240.18424491435437,249.24508964519487
8,221,240.66256104420648,249.14440013399982
8,222,241.23995349720332,249.25869469061803
8,223,241.89736619290125,249.40037460403164
8,224,242.63658284287942,249.5637388926746
8,225,243.49488457899577,249.91388114723054
8,226,244.29881045461022,250.55632842001614
8,227,244.9706018677033,251.16543107765787
8,228,245.38169872949473,251.67602979745098
8,229,245.4715273089993,251.96888470417105
8,230,245.41981541725144,252.05083063641163
8,231,245.4819148418301,252.03704160665802
8,232,245.49118554531157,251.76133984717885
8,233,245.41279590383002,251.26880629295084
8,234,245.28691827058324,250.804288597634
8,235,245.0220658207118,250.4729584524542
8,236,244.58446824751815,250.35005122697805
8,237,243.97825000051094,250.53107187605661
8,238,243.29818604733293,250.78653345200283
8,239,242.5496333258335,250.81466453817538
8,240,241.85148525614056,250.62001053051725
8,241,241.22469303096054,250.13902473563772
8,242,240.60969906522445,249.42686114140835
8,243,240.0893792535795,248.64506304215402
8,244,239.84474471263232,248.0089996888643
8,245,239.8492041242554,247.5823680629525
8,246,240.11940062850158,247.5598968742072
8,247,240.65824963302097,247.93608821053633
8,248,241.26244724720587,248.61490338152086
8,249,241.78148486082074,249.414766114565
8,250,242.2461681427092,250.31368437146838
8,251,242.62756625988084,251.2379609673787
8,252,242.93643955268112,252.13199445015604
8,253,243.2173544383778,252.74568036843522
8,254,243.4252626231142,253.00357199971586
8,255,243.33445196419527,253.01415483677636
8,256,243.04127239777264,252.66139870340493
8,257,242.6131319304798,251.96823032048258
8,258,242.00249343474263,251.32426914530748
8,259,241.2886219878427,250.60978680218946
8,260,240.67788017907588,249.91071741067347
8,261,240.13984445126366,249.39212080478188
8,262,239.62931786325245,249.14450488176843
8,263,239.0899465583658,248.98503234396787
8,264,238.5746908407777,249.05991671603522
8,265,238.2154353659745,249.35030753804247
8,266,238.12330137893755,249.7141818912644
8,267,238.24663339795387,249.99867178508123
8,268,238.56184103888,250.3092161995889
8,269,238.9651175134423,250.6314110497564
8,270,239.33595486015167,250.8640867590303
8,271,239.5490032940842,251.0774846391799
8,272,239.6089510138586,251.2524750427297
8,273,239.55337041046567,251.27297257007933
8,274,239.3900809248302,250.97120653801454
8,275,239.16235401918652,250.4191042005701
8,276,238.8651093407873,249.63419035168428
8,277,238.4565955829776,248.71239288566557
8,278,238.02540586291101,247.75741012147594
8,279,237.66428287271697,246.92149119201272
8,280,237.33814084481014,246.3009465700519
8,281,237.08341071122138,245.94942582383865
8,282,236.87549753623142,245.94130251479092
8,283,236.70112853726442,246.25544405135372
8,284,236.54451368610222,246.8002860423032
8,285,236.49524756483424,247.36334185445224
8,286,236.62146402734163,247.79892921484944
8,287,237.02681747516178,248.03042249375324
8,288,237.55470108163942,248.02873993228826
8,289,238.08860030078796,247.94579555032809
8,290,238.5127661712474,247.96472044801283
8,291,238.77705036170474,248.1290422804601
8,292,238.92250080101272,248.46018209940533
8,293,238.99633727310723,248.981856133311
8,294,239.04082745209774,249.52089514087666
8,295,239.04949072268198,249.82626248743117
8,296,239.0070518258359,249.92683866325342
8,297,238.82972735425216,249.82637020709947
8,298,238.62503852698953,249.58466066576258
8,299,238.5017289552594,249.23507935148814
8,300,238.49326361403493,248.91486763281358
8,301,238.59525211687804,248.65169136805676
8,302,238.68474834970513,248.45990467718974
8,303,238.68668639224336,248.29694251050907
8,304,238.57621143556514,248.13763101641666
8,305,238.437725281534,248.0397638593796
8,306,238.33833875893353,248.01675624378012
8,307,238.40336300148746,248.03737421042678
8,308,238.5466244153337,248.20045817664803
8,309,238.71337709366952,248.51623143711117
8,310,238.84943173618387,248.85362216802565
8,311,238.9300403291048,249.09797777854666
8,312,238.98521944229543,249.25467839776366
8,313,239.10428866573392,249.26649414155327
8,314,239.25104024479262,249.15588464435595
8,315,239.34341725608587,248.97056932791654
8,316,239.3025204749295,248.7705747639706
8,317,239.10248209799417,248.5922374768505
8,318,238.73780530709996,248.42075328560824
8,319,238.3182938130607,248.1745077739874
8,320,237.97374025921548,247.87644010378932
8,321,237.7458296026507,247.64308152996597
8,322,237.59481688838878,247.55060088084795
8,323,237.56964442194086,247.57165177656287
8,324,237.65288636107982,247.7463768805087
8,325,237.78611597039935,248.0622596298762
8,326,237.96959854309634,248.48646850327094
8,327,238.23889263728174,248.9290300365363
8,328,238.5687385118382,249.4895548756542
8,329,238.96514839626926,250.06971491614271
8,330,239.37042410083342,250.64829719863727
8,331,239.73237149703044,251.12945994914372
8,332,239.98341582962962,251.5157980818756
8,333,240.10635445125814,251.698122237471
8,334,240.0863398039196,251.79478982078055
8,335,239.99611209833216,251.92917695103503
8,336,239.8850095470261,252.022401353398
8,337,239.78379893112216,251.86006720740588
8,338,239.67773798139598,251.41391653980628
8,339,239.4952704304041,250.72966534298172
8,340,239.18170096687888,249.85270366725192
8,341,238.71734635109345,248.96513844751198
8,342,238.17067929091056,248.21404235689246
8,343,237.62642729894125,247.6169451955156
8,344,237.11790634142343,247.12974873232983
8,345,236.64841140545428,246.64361766788144
8,346,236.25527505988413,246.11603517757294
8,347,235.95356125868435,245.55190529749433
8,348,235.6897489587834,245.04732514287943
8,349,235.49890136837706,244.71217915415858
8,350,235.44300825190925,244.58220815526477
8,351,235.5204647361082,244.63723551017796
8,352,235.60746654979687,244.89175168184175
8,353,235.65192905910624,245.24958791104285
8,354,235.61899821669306,245.56482991347428
8,355,235.5150300866397,245.75038372191017
8,356,235.3203327007301,245.73980999018073
8,357,235.1403419386188,245.4821197564764
8,358,235.04473305167676,245.05291089172792
8,359,235.06804980950596,244.64129523962578
8,360,235.18013012872785,244.40024711052487
8,361,235.4724731340161,244.40814166685138
8,362,235.8764670218212,244.6894531454427
8,363,236.28340722553244,245.23300956864992
8,364,236.63472310531586,245.8796224983683
8,365,236.93724098991905,246.40949329916103
8,366,237.15593153583384,246.73322355798126
8,367,237.32899095538636,246.87321097677673
8,368,237.47778334882497,246.87771637823604
8,369,237.6214752267831,246.84247510371475
8,370,237.77278917978418,246.89295546147025
8,371,237.83824400514905,247.12657714358687
8,372,237.71537427044584,247.54667598250938
8,373,237.31135838283842,247.9780270691201
8,374,236.54974335882247,248.1146146262049
8,375,235.45863157023112,247.8230567823326
8,376,234.09863698932787,246.97273192131829
8,377,232.58723612228587,245.5269714073224
8,378,231.0863727057748,243.59179259547264
8,379,229.64485852167022,241.39584574456276
8,380,228.23482094541833,239.020084976379
8,381,226.8542733868489,236.7789757053954
8,382,225.48493634561063,234.8073008890213
8,383,224.20066397111577,233.18717468194407
8,384,223.1599732072457,231.91118248067278
8,385,222.47937029570986,231.08071615668078
8,386,222.18594604105573,230.60589639596358
8,387,222.28430032133673,230.49791268006092
8,388,222.70078755757612,230.79078809982028
8,389,223.3607664250429,231.58141122790872
8,390,224.21563411762617,232.82049310989518
8,391,225.2078198633338,234.36370964347878
8,392,226.25146523101017,236.01995173054027
8,393,227.31899711368416,237.53410716158376
8,394,228.33667176369923,238.7874540850208
8,395,229.17527517171288,239.6652796427391
8,396,229.7619588733917,240.10638931525455
8,397,230.09810983828814,240.1282751907995
8,398,230.14652983288963,239.93061986911687
8,399,229.93354814810655,239.56109440414576
8,400,229.46767105004847,239.06267540801443
8,401,228.87222957377742,238.463002684323
8,402,228.20400508245316,237.81947804631383
8,403,227.44778231376026,237.10956874845752
8,404,226.598496059637,236.30874273640862
8,405,225.76950187292837,235.45934830966348
8,406,225.0483899586062,234.57438328574446
8,407,224.46963940055994,233.79427964139512
8,408,224.11464254506487,233.14838473743959
8,409,224.0166437924774,232.69344816483027
8,410,224.14065490568922,232.4992074252717
8,411,224.42036124677642,232.68228651293973
8,412,224.8923220079295,233.17005993247784
8,413,225.5085380475191,233.90677835992656
8,414,226.16174371596554,234.8197025770502
8,415,226.82524047003034,235.76749612188948
8,416,227.48132776373237,236.67421070905652
8,417,228.03884616520267,237.4283193988031
8,418,228.47051811804678,237.99123824632778
8,419,228.84288325559064,238.37092188928864
8,420,229.11003357429612,238.63108855419964
8,421,229.15400620467014,238.74869293836664
8,422,228.99573469837617,238.75073375070434
8,423,228.68311222931425,238.647175650228
8,424,228.2273736043706,238.4239698273255
8,425,227.62583945490786,238.02776119590106
8,426,226.9790885360737,237.43694033170564
8,427,226.31917132250172,236.67364564972016
8,428,225.68869369861946,235.8263797089303
8,429,225.09995661520605,234.96145582200785
8,430,224.65630906002554,234.1733266053426
8,431,224.4000186653329,233.5719387340927
8,432,224.32092647931228,233.22630464577173
8,433,224.43299913265002,233.12859966103287
8,434,224.79771841244536,233.27789427707137
8,435,225.32245917758675,233.69404437373865
8,436,225.8942349218284,234.33517835609138
8,437,226.49578241536975,235.11830696586736
8,438,227.078543056822,235.91401456660319
8,439,227.586981392612,236.68406279953976
8,440,228.0310996253741,237.36663264879826
8,441,228.43659771595816,237.8815565437353
8,442,228.76489237459987,238.19298411276873
8,443,228.98975125953973,238.3289022028272
8,444,229.00626182600652,238.276559182024
8,445,228.83504490756633,238.0791564150837
8,446,228.5228944751333,237.7889880237669
8,447,228.08596098674192,237.42028046964776
8,448,227.5736763148235,236.97236277956267
8,449,227.03519553952955,236.42382855635088
8,450,226.43959999061317,235.78720570716771
8,451,225.85671607805446,235.11043365282993
8,452,225.35830236112778,234.4680101718737
8,453,224.97629398838527,233.93567954093442
8,454,224.80082675419393,233.62345605417636
8,455,224.9458239422525,233.55704374729342
8,456,225.31854979905165,233.72908217381635
8,457,225.80557874509742,234.1055616161781
8,458,226.32650405582302,234.67600453914756
8,459,226.81370636420996,235.36568937583687
8,460,227.1719530279559,236.06490738432075
8,461,227.41126567000003,236.6733431782392
8,462,227.5985799125702,237.12906411723066
8,463,227.74272544785626,237.4027089978897
8,464,227.8685140184737,237.49823854186653
8,465,227.96175793603868,237.45167849934415
8,466,227.9761666867524,237.2925832443101
8,467,227.93989033285274,237.12735858555538
8,468,227.83742386850767,236.9462552868334
8,469,227.61870798916564,236.67804233985515
8,470,227.32509977409197,236.35284878313917
8,471,227.0138518037656,236.00167484991104
8,472,226.71668794036867,235.57425527330466
8,473,226.47735880827474,235.10102219795974
8,474,226.3491082811832,234.7223666465064
8,475,226.2982742900254,234.44597758963764
8,476,226.30248368221245,234.30693673653036
8,477,226.3330828592869,234.32731049353873
8,478,226.41284457183139,234.5356064661917
8,479,226.54167284900447,234.90577528765414
8,480,226.68894677784542,235.38510676529134
8,481,226.8701450746179,235.8833925056218
8,482,227.0736603558362,236.33937050899047
8,483,227.2524183116733,236.70774345489323
8,484,227.37358011773304,236.94041706980195
8,485,227.45764106485638,237.06291704504204
8,486,227.50127169610084,237.1397243369227
8,487,227.47936078524867,237.2025971300658
8,488,227.3976508494872,237.2330033203504
8,489,227.2677705002889,237.19483490194858
8,490,227.11476982093367,237.04238460438694
8,491,226.9616508891252,236.79586369150593
8,492,226.79866424821253,236.49910988430955
8,493,226.6416048272876,236.19422561774675
8,494,226.5272767336111,235.93262372095384
8,495,226.4733784709898,235.75477444449368
8,496,226.44920326434138,235.64204696876095
8,497,226.4754113878252,235.58120838923622
8,498,226.53135551329763,235.56205341722588
8,499,226.575451249956,235.58066386451281
8,500,226.57827621052897,235.638907939002
8,501,226.57637297354816,235.7207274133811
8,502,226.5995929924021,235.8126444153434
8,503,226.64452316380138,235.9100903337774
8,504,226.7169451370585,236.00242634728897
8,505,226.81675428417813,236.0847477780069
8,506,226.90272299889034,236.1790071979024
8,507,226.94409014147755,236.26753204415036
8,508,226.95287232478782,236.33494542728982
8,509,226.93751493284782,236.38706837365646
8,510,226.91120494282052,236.4299079732725
8,511,226.8865704106395,236.42633352137355
8,512,226.86137461685487,236.38191434591215
8,513,226.8139514186514,236.32380272526856
8,514,226.71792584171487,236.25411552584018
8,515,226.6019639719188,236.16980799304218
8,516,226.46830527809104,236.07561581766785
8,517,226.33999791675274,235.98832844506296
8,518,226.23323043203845,235.89571083842813
8,519,226.16332935231065,235.80104172847433
8,520,226.1107633963,235.71490069528636
8,521,226.07929085641064,235.65875860422435
8,522,226.07810982041352,235.6246564513277
8,523,226.13237057113685,235.61834240761846
8,524,226.22989745657443,235.6632073942675
8,525,226.35977081687082,235.76991494073437
8,526,226.4974637433601,235.89979684082536
8,527,226.61447114340177,236.02967307660384
8,528,226.69249101703676,236.15318606785792
8,529,226.75376886022167,236.2368752901019
8,530,226.78912588324752,236.2690625475577
8,531,226.7980018062989,236.2754050028117
8,532,226.7829601766266,236.27289353823406
8,533,226.74005231359402,236.2509870375205
8,534,226.66861814082336,236.21829464704237
8,535,226.56382713378335,236.15754353196192
8,536,226.4628542076607,236.08035481864206
8,537,226.3645772256042,235.9994117804579
8,538,226.2575053137546,235.8826222773475
8,539,226.16521379177206,235.75751910182842
8,540,226.10071319773053,235.650809594577
8,541,226.05159413899455,235.56575010886544
8,542,226.02954105718848,235.51825501794625
8,543,226.04899955427885,235.55227236042512
8,544,226.08554554005073,235.64724222104178
8,545,226.13529066644801,235.79177216451833
8,546,226.18252787368863,235.9858071236159
8,547,226.21769299010268,236.17311475538912
8,548,226.2465924408248,236.33575293268404
8,549,226.28101884784547,236.44316200768057
8,550,226.3487418614585,236.45863250199707
8,551,226.4336346096578,236.38265894105368
8,552,226.51471459140993,236.2687738155912
8,553,226.5804709798094,236.15241162282163
8,554,226.61299706286883,236.03724787987832
8,555,226.59209493276597,235.9496304823797
8,556,226.54598957660085,235.89526983117585
8,557,226.49137703386177,235.85494206678146
8,558,226.44755882141575,235.80689856318557
8,559,226.4219857811138,235.79487492044012
8,560,226.4040522283576,235.82297210848245
8,561,226.39291345770528,235.86459901421154
8,562,226.3953186058726,235.89159339109324
8,563,226.40875484980157,235.91375249201707
8,564,226.4129236041608,235.9358672669608
8,565,226.4263952436791,235.96254107587308
8,566,226.44049089387192,236.01166450639627
8,567,226.45457557174282,236.08524688015675
8,568,226.46804443553708,236.17492351927612
8,569,226.50193551680766,236.2437959367749
8,570,226.5306109078962,236.27746150476128
8,571,226.5587342639652,236.26321159782646
8,572,226.5757876089841,236.23206484975475
8,573,226.55983339896258,236.1931393742148
8,574,226.49063060477403,236.16051134609438
8,575,226.4097588299323,236.12650273475955
8,576,226.32834555556542,236.09904869049407
8,577,226.24250386108704,236.06988873993063
8,578,226.1710018724078,236.0459717857631
8,579,226.14088495706417,236.0301571558625
8,580,226.14113860495033,236.02923742166473
8,581,226.16188841816265,236.03876174878593
8,582,226.20287867090627,236.06751506826487
8,583,226.24995783273516,236.10082235732636
8,584,226.3008328738651,236.12988917760907
8,585,226.33291417704555,236.1505470832447
8,586,226.35562847309464,236.1407429078498
8,587,226.38226455283367,236.10204053722742
8,588,226.41122427932396,236.0502487076305
8,589,226.43253046198032,235.9937651613559
9,0,229.4390853786431,217.26988583128497
9,1,229.48529258569764,217.35526186380332
9,2,229.54559191448433,217.45824589918664
9,3,229.59728460202015,217.55289307001212
9,4,229.6147190034694,217.57907434638713
9,5,229.62758128279,217.5956895318071
9,6,229.6321004820097,217.62481299592474
9,7,229.62145732111568,217.6492105517072
9,8,229.60158280788835,217.66503579419611
9,9,229.59181102901343,217.68984821053803
9,10,229.60976094385424,217.73860121351998
9,11,229.64742175020905,217.81352192664178
9,12,229.6929264945213,217.88337196159986
9,13,229.74248969833988,217.93189994067973
9,14,229.78856963549407,217.95921816917456
9,15,229.81302603064782,217.953982441879
9,16,229.8216394099935,217.92531265005178
9,17,229.81729513790555,217.90367249862402
9,18,229.8005866073128,217.8954382318843
9,19,229.76925354489683,217.89170657515237
9,20,229.73480682740458,217.88876032996913
9,21,229.7058645310034,217.87628357389724
9,22,229.6884123421625,217.84871759978287
9,23,229.66904936633694,217.7953822384534
9,24,229.64813351319538,217.72630604839784
9,25,229.63106073215732,217.6545582151734
9,26,229.61550072819563,217.5857702702592
9,27,229.60139688109572,217.52473193399692
9,28,229.60087236914924,217.4885267898764
9,29,229.60808698673526,217.46890001443708
9,30,229.60777919635294,217.45046452970837
9,31,229.59901941336366,217.43583316311717
9,32,229.583851909949,217.42532683379093
9,33,229.56699129891987,217.4061292189625
9,34,229.56427052065854,217.36089776395463
9,35,229.5842467360867,217.30593278499725
9,36,229.6181277502972,217.25690776742545
9,37,229.66360885113653,217.22428961219765
9,38,229.70963884711588,217.21477638952055
9,39,229.74604595393606,217.24028526578957
9,40,229.76346465362528,217.283084681513
9,41,229.77264038278605,217.32368225849154
9,42,229.77140150963547,217.34760692772312
9,43,229.77222766648308,217.3608944864676
9,44,229.77539362841372,217.3652997434333
9,45,229.7824878047984,217.36814406721865
9,46,229.77496634203533,217.3639658645184
9,47,229.7691819726179,217.35430192520698
9,48,229.7521397825791,217.33206428173278
9,49,229.72924171925024,217.31066810198007
9,50,229.7071947298888,217.29917834155071
9,51,229.69802561968476,217.29499217415812
9,52,229.68596580388723,217.2986998480044
9,53,229.6827077820311,217.31930374170796
9,54,229.68298066620412,217.3394910732104
9,55,229.67913932057823,217.34417734122047
9,56,229.67271184140765,217.34113120506538
9,57,229.66064343988523,217.3176160509975
9,58,229.62322491969985,217.2477436405046
9,59,229.57763441918925,217.14632665720555
9,60,229.5416045810576,217.0452105556119
9,61,229.51233177278618,216.9494723760911
9,62,229.49277133474462,216.8710202923477
9,63,229.49945917840745,216.8393894920895
9,64,229.51586260831698,216.84545182511394
9,65,229.52598867896145,216.86303208129877
9,66,229.53206632194548,216.88011740531923
9,67,229.5398680065517,216.9035706395901
9,68,229.54356226833588,216.9240732466739
9,69,229.5486197481264,216.95004168052193
9,70,229.5752122111083,216.9941281957673
9,71,229.61226780660695,217.0612807313504
9,72,229.6391899764586,217.12976598039273
9,73,229.6653786279446,217.1957665025991
9,74,229.68740076022877,217.25296711867904
9,75,229.6798725375165,217.28378824439903
9,76,229.65621147295172,217.29094325817573
9,77,229.6353189441137,217.29084993841383
9,78,229.61951872944783,217.29020169880553
9,79,229.60709340453133,217.28700462256097
9,80,229.60356984083217,217.28659987254494
9,81,229.6026479287575,217.28996584294885
9,82,229.59699809409477,217.29643390987647
9,83,229.59804570839705,217.29715446302674
9,84,229.60536882531576,217.29110627277046
9,85,229.62146324363658,217.2839224219821
9,86,229.6524927800766,217.27965674712217
9,87,229.6944974902725,217.28270901264406
9,88,229.72687188126497,217.29797888672857
9,89,229.7486541931949,217.3262400139766
9,90,229.75763249615483,217.35954931615296
9,91,229.75262691259536,217.38786076768133
9,92,229.73871329652252,217.40162291834056
9,93,229.7044092455354,217.41399709612244
9,94,229.60728764293796,217.42323760189325
9,95,229.48225489576063,217.42825117647763
9,96,229.35384030363784,217.4375911466158
9,97,229.23497032576367,217.45393350087454
9,98,229.13241070225013,217.46423239205478
9,99,229.09050236416087,217.472383360669
9,100,229.0774665555006,217.47394270902717
9,101,229.07783407655717,217.46240738535835
9,102,229.0760382014244,217.44361586088496
9,103,229.0783229704448,217.41696009916257
9,104,229.08835011741274,217.39190716452467
9,105,229.1119191398494,217.38115088458332
9,106,229.1619380262181,217.39470906496112
9,107,229.22883974378524,217.4252879447781
9,108,229.32277456150234,217.4768574130893
9,109,229.4752945656882,217.53088351949896
9,110,229.69487052146278,217.4947545443395
9,111,230.03252220484336,217.41213864487318
9,112,230.42667734832162,217.41232029378574
9,113,230.78183273429556,217.80160071531932
9,114,231.1018439281113,218.53339337058566
9,115,231.40493135559896,219.415266028422
9,116,231.6563123009661,220.6819458860406
9,117,231.98665978525926,222.4752365848403
9,119,232.78662864142993,225.04710526362217
9,123,233.75515238227507,229.36462963580607
9,124,233.7797220023086,232.2483204001829
9,125,234.27255204583653,234.77583035538922
9,126,234.7181862966907,236.2260140340166
9,127,235.3069382897088,236.96668310898377
9,128,236.0274304481534,237.10796311424912
9,129,236.71724072585602,236.51057046918436
9,130,237.1688437822996,235.03437198257183
9,131,237.82287632139924,232.9380821397631
9,158,236.17964366352362,230.4204543323304
9,159,235.46801575827436,228.8849949043869
9,160,235.0001049959763,227.01776309957847
9,161,234.97613966623223,225.76916319827814
9,162,235.28791196083,224.7917434885103
9,163,235.718632238062,224.08487244338986
9,164,236.18002611017675,223.7643897425162
9,165,236.49317102612335,223.90855325593128
9,166,236.62794310181383,224.4256247309779
9,167,236.59295757419753,225.20233763819985
9,168,236.26165527604627,225.96578071343006
9,169,235.76352641834856,226.58920064138582
9,170,235.25774482705242,226.77756284312554
9,171,234.703947623791,226.61485009550574
9,172,234.10844923304876,226.23786834703895
9,173,233.6928710423244,225.91390532660208
9,174,233.41245807336463,225.54459453371615
9,175,233.15415032611722,225.24456255363066
9,176,232.86295727811773,225.00487742407296
9,177,232.7740222120935,224.89600002962328
9,178,232.90936702639436,224.76331822961163
9,179,233.0897008409295,224.5984058459482
9,180,233.4084768631899,224.4074702437018
9,181,233.9070336503794,224.27436725935755
9,182,234.4233152807882,224.17222560151103
9,183,234.8912404056465,224.30299640815625
9,184,235.4076543091241,224.6606401177053
9,185,235.8391907010669,225.38532917297283
9,186,236.1440723397951,226.44292236533713
9,187,236.35864987951857,227.60490372230026
9,188,236.51996896915614,228.69961685202802
9,189,236.65066218271537,229.74174927786422
9,190,236.92745837396703,230.66557814874315
9,191,237.30520812409418,231.37278127307448
9,192,237.70281438445838,231.82444925214216
9,193,238.04603739886457,231.89635935758162
9,194,238.34410874730446,231.66404738722872
9,195,238.51332443975153,231.29987146968296
9,196,238.59123315074456,230.87596018291288
9,197,238.72992063611946,230.7601776652872
9,198,238.97727334496358,231.2744263691774
9,199,239.28635739566855,232.31745247854934
9,200,239.65925784110277,233.45763404875157
9,201,240.2309191317071,234.52271116543088
9,202,241.15341777113798,235.66582997363
9,203,242.34277146142068,236.80511633383603
9,204,243.74847576455758,237.84512588863848
9,205,245.083687043962,238.72037538747142
9,206,245.97497299454,239.45804635323165
9,207,246.28660762634186,239.8552516868007
9,208,246.47496570274217,240.40143173735999
9,209,246.50272738830378,240.98619925779272
9,210,246.29782480000048,241.407152884334
9,211,245.61695764877916,240.68015316743302
9,212,244.674932454097,239.08724489890668
9,214,242.9890662809751,236.61092606838073
9,215,241.83417912463565,234.87471923227884
9,216,240.53995920122205,232.66124043920777
9,217,239.7441798818478,231.32884228528806
9,218,239.26331006563336,230.68194773294366
9,219,238.88829727512882,230.27343306699416
9,220,238.68217762246198,230.26949535097256
9,221,238.80438497116583,230.06672459706982
9,222,239.05658504861952,229.93894828200342
9,223,239.27884906056408,229.5664956116789
9,224,239.55654050451594,229.13514685000916
9,225,240.15914943322156,229.05878542676047
9,226,240.70905985708282,229.45731843345825
9,227,241.16702247620395,229.897317598991
9,228,241.46509495385806,230.2811319395553
9,229,241.2954623666545,230.0902232822959
9,230,241.14618289697984,229.89698792081447
9,243,237.69234886125926,226.7258513553863
9,244,236.80448799171808,226.01616739609872
9,245,236.33086463128166,225.32050948371352
9,246,236.64098502852812,225.3774452408648
9,247,237.47090505269358,226.07110408702295
9,248,238.4957403039088,227.35457666104602
9,249,239.35306091876407,228.36384847075823
9,252,240.91001594335742,230.76368585104294
9,253,241.36703000436898,231.6744262354624
9,255,241.24773274555335,232.38348216616112
9,256,240.853111765617,232.0992006915321
9,258,240.07701856995115,231.32803800722112
9,259,239.42250810086264,230.77469490302875
9,260,238.89180376202293,230.1489994432994
9,261,238.64504941323509,229.63112798752306
9,262,238.45425129091205,229.41450515203755
9,263,238.01500332148393,229.1713850933273
9,264,237.50663290400666,229.15013925034444
9,265,237.28057635957686,229.49098823232663
9,266,237.4150625520653,230.0896216619782
9,267,237.67107104534702,230.55815484429615
9,268,238.0945844291083,231.01862954975454
9,269,238.57005250364463,231.34576958845767
9,270,238.8284697809513,231.41799158233198
9,271,238.88774317498536,231.37324322861645
9,272,238.8841581570307,231.29439516677277
9,273,238.79926516916453,231.10471743156825
9,274,238.56588871680773,230.77110322699457
9,275,238.3537075538227,230.30092193580677
9,276,238.13243329503985,229.68246777742343
9,277,237.79885274853055,228.8539120070214
9,278,237.46780476713917,227.9067694877597
9,279,237.21502457683118,226.9581120867278
9,280,236.96973075223383,226.232667858385
9,281,236.77458511121958,225.78163374863138
9,282,236.61951816108123,225.80620461094534
9,283,236.5277255566587,226.33531516872256
9,284,236.51666818753915,227.21295219362088
9,285,236.57286476552866,228.08177614357584
9,286,236.74558450265138,228.78291104240517
9,287,237.0129372973435,229.1849238533617
9,288,237.2962710708521,229.15793879679785
9,289,237.57064323827063,228.80580408858216
9,290,237.75418589098672,228.47163723922998
9,291,237.74227089474533,228.25730050112736
9,292,237.78010949248687,228.3706235882177
9,293,237.89066307872795,228.80740553107194
9,294,238.0632359709116,229.376154309184
9,295,238.22455064823006,229.82998258490653
9,296,238.3269152259942,230.19520171218974
9,297,238.2149270937727,230.2680490065715
9,298,237.9881526114006,230.06381073833336
9,299,237.79899988897333,229.7394208426493
9,300,237.68325850437716,229.35066571106748
9,301,237.71294831633276,228.97372750154926
9,302,237.77024186678983,228.6700531284118
9,303,237.7685216286823,228.42959327906047
9,304,237.61025496386205,228.1346442422023
9,305,237.46201177652205,227.8847220716654
9,306,237.43891560098538,227.57662885156086
9,307,237.6337813739322,227.31566133234966
9,308,237.95954239283415,227.31558659902547
9,309,238.36295724429212,227.67301103949697
9,310,238.77763052183363,228.17632185934605
9,311,239.0190190368569,228.73023886278602
9,312,239.0939001928238,229.13400551347158
9,313,239.123441764523,229.2052439006946
9,314,239.11847962496,228.92632218155242
9,315,239.0644405376321,228.54202265035462
9,316,238.9532653667462,228.18163602356748
9,317,238.72188253294627,228.01308923828265
9,318,238.37943325030142,227.98738618032093
9,319,238.01317063443335,227.98497126125883
9,320,237.63411101255264,227.86020285521283
9,321,237.3506301448315,227.71819932732419
9,322,237.25700251584172,227.57387031403874
9,323,237.269228308588,227.5443198091397
9,324,237.31733281187007,227.68286862380717
9,325,237.46950275973003,227.94959545230049
9,326,237.74222481189238,228.34594160739434
9,327,238.07639829533525,228.7150350358046
9,328,238.51780723204868,229.18029417187182
9,329,239.05728095371074,229.7343407393763
9,330,239.5593009441359,230.3887653241143
9,331,239.97001929650838,230.92673584107308
9,332,240.27350416796529,231.38313046026548
9,333,240.4142399636653,231.65166287987887
9,334,240.4088956714593,231.80088870011676
9,335,240.34855063146088,231.91031996937033
9,336,240.20868009825261,231.96324715309686
9,337,240.0285735431102,231.80493866573423
9,338,239.81657171272437,231.39661387194158
9,339,239.47131520574604,230.6490494720947
9,340,239.01037242510765,229.64559593600836
9,341,238.46511736037687,228.63057796283712
9,342,237.93157167916178,227.71865323352444
9,343,237.44251052140638,226.92217612023202
9,344,237.066583594565,226.34646547445317
9,345,236.75243050678208,225.9151100500789
9,346,236.50628930628642,225.4774577317873
9,347,236.1892497947361,225.06957561374284
9,348,235.81596966561708,224.7814118699912
9,349,235.55019812460256,224.61899901883234
9,350,235.42304270390824,224.57151085274867
9,351,235.43734042789228,224.65843450081948
9,352,235.52456847176967,224.8899217927502
9,353,235.6472360675713,225.1567267173428
9,354,235.6958668762776,225.39842809742467
9,355,235.6554841345951,225.51527180742366
9,356,235.53502021444817,225.5221044219534
9,357,235.42692124611312,225.37934641461408
9,358,235.44859625907355,225.0708501370661
9,359,235.57852287707317,224.6868958462927
9,360,235.755606685738,224.48575312719393
9,361,236.0521464339286,224.50900130809958
9,362,236.44996640007653,224.77461207440652
9,363,236.81898606204797,225.3020178394319
9,364,237.0984541733125,226.0088478363842
9,365,237.33193976829912,226.60275104917687
9,366,237.48432164551474,226.9687005029999
9,367,237.65035425709212,227.1121550337875
9,368,237.74931564821972,227.03948355251634
9,369,237.8523932606887,226.87067404160277
9,370,237.958205824479,226.7569279998507
9,371,238.02194790022025,226.8455462576113
9,372,237.95635011877914,227.15510030359292
9,373,237.81256860579782,227.63963813385425
9,374,237.36613530931746,227.96768592101168
9,375,236.63244891609315,227.96025633243872
9,376,235.6638332996813,227.39800920128442
9,377,234.45452344359168,226.18603936781938
9,378,233.0543076764328,224.44302997959883
9,379,231.73597541756283,222.37758475558243
9,380,230.54231668010127,220.15022802118008
9,381,229.41812438808046,218.16104507409196
9,382,228.32315487572623,216.4914397161783
9,383,227.40296765946846,215.1441556119248
9,384,226.66387230580162,214.16640634154936
9,385,226.15771794363062,213.5845757064821
9,386,225.9149206288952,213.1774352379872
9,387,225.9810644014108,213.08388124263288
9,388,226.27955081179806,213.33829975659373
9,389,226.79945402461763,213.89964410865258
9,390,227.49465010277433,214.839391929955
9,391,228.29934465816225,216.1821089485005
9,392,229.21951801666685,217.76191368599348
9,393,230.17905202601898,219.31643120363916
9,394,231.05686286937038,220.77604454460666
9,395,231.7559662376451,221.88989117722676
9,396,232.28549029735277,222.47310112675316
9,397,232.59465213542538,222.4861949535269
9,398,232.62748203139066,222.19127914815866
9,399,232.4664831923895,221.7028950708823
9,400,232.14369175033409,221.132868528048
9,401,231.688860829087,220.5723694746449
9,402,231.12045355965313,220.0495509948929
9,403,230.47556783762252,219.49799254278753
9,404,229.76925625448368,218.88966572763792
9,405,229.04446157487052,218.20348218263456
9,406,228.3176996495553,217.39391464024
9,407,227.68047550714232,216.63244439840636
9,408,227.24662649829827,216.01488281266023
9,409,227.04667045906703,215.55930679722002
9,410,227.0923543802459,215.3691151520672
9,411,227.3954443153647,215.55142947470807
9,412,227.9513618698456,215.98985299265755
9,413,228.64052289277654,216.5879229763597
9,414,229.31453967075595,217.2891359916504
9,415,229.93413794308532,218.01212221175948
9,416,230.49376536648433,218.7122287815811
9,417,230.9218423509847,219.3268428567999
9,418,231.275113616778,219.81824270354292
9,419,231.5993415700535,220.20411933460608
9,420,231.83456775988222,220.50159055808436
9,421,231.9237541864666,220.68674236752173
9,422,231.86063894553945,220.75447813651365
9,423,231.62233743780214,220.71719753984402
9,424,231.19618314674298,220.54054072658346
9,425,230.63760351744725,220.1343839424816
9,426,230.03473760678608,219.53740521533055
9,427,229.447726566567,218.80323720440407
9,428,228.9103134735442,217.98074583825863
9,429,228.49523593307538,217.1657793861143
9,430,228.20089509865338,216.49659820618513
9,431,228.0559144957086,216.01725039871383
9,432,228.05657879630695,215.7640988099964
9,433,228.1743252733438,215.73081903835904
9,434,228.40485913508402,215.8635629336351
9,435,228.76111671197074,216.19844270202074
9,436,229.13948747741262,216.67958004199158
9,437,229.5213853497423,217.28613577434982
9,438,229.93660850916882,217.93078853706723
9,439,230.32642661151849,218.62852774432005
9,440,230.68383596379422,219.28862254383122
9,441,231.03597774336555,219.86427713533243
9,442,231.34647608825603,220.29151546692572
9,443,231.5402189429255,220.5482282975639
9,444,231.55888746816396,220.56553569353656
9,445,231.4151998726739,220.38530616125422
9,446,231.13394090453335,220.10387257166633
9,447,230.74524376963333,219.73710019618903
9,448,230.31344637568475,219.31841993245314
9,449,229.91997771217186,218.8693606141209
9,450,229.5542881879811,218.38429921818826
9,451,229.2178419826893,217.84617438621555
9,452,228.9347467176018,217.2781414339166
9,453,228.73346384624946,216.7391607016723
9,454,228.64259450852532,216.29923972271442
9,455,228.70215399817644,216.06791012683283
9,456,228.89526546925933,216.03406307152363
9,457,229.17282126449217,216.25575297689022
9,458,229.46482466863267,216.7140302548582
9,459,229.71090537890342,217.35553211657643
9,460,229.84876466321361,218.00649440286176
9,461,229.90569062801254,218.60105457289157
9,462,229.94005861815936,219.02645232045774
9,463,229.96005149548805,219.2530484735044
9,464,230.01963996026575,219.3103228985089
9,465,230.12410915583183,219.2571444185116
9,466,230.18624861202085,219.102569633847
9,467,230.17685802025352,218.9495878246658
9,468,230.12243811566768,218.79732714527714
9,469,230.00093093610064,218.5847647259418
9,470,229.82398723843917,218.31276359492483
9,471,229.6380076662494,218.01390134224337
9,472,229.48065617831438,217.6479414477893
9,473,229.33478329981753,217.27398913315133
9,474,229.22486063242803,216.9766863378397
9,475,229.1651494561002,216.75877511534978
9,476,229.16304108570233,216.6734828935379
9,477,229.19465378993877,216.73736951683114
9,478,229.28295718647357,216.94638236165318
9,479,229.4128628579937,217.27588473409986
9,480,229.52028567808068,217.66740400633526
9,481,229.60733543106252,218.04485230002985
9,482,229.6858165258663,218.3995435076564
9,483,229.73676903226206,218.68951990476234
9,484,229.7537424287785,218.89816745246674
9,485,229.7776367194598,219.0403735019017
9,486,229.80493357960847,219.13976002936158
9,487,229.8179286019507,219.17206738767743
9,488,229.81226483807558,219.1412994596846
9,489,229.79461818075683,219.03667924290716
9,490,229.76295750669084,218.871645865271
9,491,229.71432576560952,218.65718208548373
9,492,229.63549061961817,218.41895314526505
9,493,229.54213470204962,218.16989253037184
9,494,229.4673785882037,217.96102073617917
9,495,229.42716082429214,217.81348768687783
9,496,229.41244169434555,217.70986652858952
9,497,229.42903210376792,217.6431375186599
9,498,229.47220718466838,217.61589558258183
9,499,229.50854837623024,217.60390784919778
9,500,229.5334183683877,217.61584204088888
9,501,229.5813838884073,217.66180700991612
9,502,229.66451988588665,217.72615228043185
9,503,229.7567721219162,217.81086659686477
9,504,229.85462813838322,217.93009878154032
9,505,229.94223798904207,218.04182682322485
9,506,229.99135449524056,218.14939514498073
9,507,229.995495430497,218.2526487592568
9,508,229.97146620293964,218.33163821224744
9,509,229.92299999670288,218.370766634369
9,510,229.87534969191694,218.3880163887964
9,511,229.8385068366651,218.36774500177793
9,512,229.80475154572542,218.3159393109872
9,513,229.7721291763059,218.25632837534022
9,514,229.7242275794844,218.20321128167967
9,515,229.66140737542756,218.15440131742844
9,516,229.57051176611571,218.09147981315866
9,517,229.47173511478732,218.03320570453673
9,518,229.37577957748513,217.96275323843278
9,519,229.3039604709658,217.87069828710534
9,520,229.26570143118906,217.78260238146711
9,521,229.2862074664578,217.72876757647586
9,522,229.36126338117853,217.69792846808622
9,523,229.47581440057527,217.69654766840938
9,524,229.60715855561529,217.74353180187094
9,525,229.7313717950427,217.8332483554324
9,526,229.80839927541845,217.94361411552205
9,527,229.83890526762445,218.05417848923514
9,528,229.8400177345186,218.16590947360393
9,529,229.83139698066154,218.25296986293537
9,530,229.8137601382949,218.29677285383823
9,531,229.80001583638148,218.30693198622558
9,532,229.77156141849738,218.2855130775994
9,533,229.7158926880843,218.22437921930268
9,534,229.6270841634161,218.14124742807786
9,535,229.5005080550008,218.04827069216557
9,536,229.3703700461516,217.9504927507848
9,537,229.25953345309622,217.86625769734349
9,538,229.19216461316844,217.78887999029047
9,539,229.15914666605008,217.70561747873793
9,540,229.1734551312782,217.62880678332084
9,541,229.21266859631058,217.56228753182924
9,542,229.25919729001316,217.5165649671719
9,543,229.29623033583323,217.5079429078203
9,544,229.35549743783963,217.54937355607044
9,545,229.41707747362778,217.62180089968348
9,546,229.46734812841032,217.72639853246196
9,547,229.50374889584006,217.84814841255036
9,548,229.53143478531064,217.96860754362444
9,549,229.5289282317285,218.06151252847454
9,550,229.5175000057644,218.1226560972281
9,551,229.51972585249374,218.1306738815212
9,552,229.5292711527864,218.08916465504535
9,553,229.53772473942263,218.02878027242713
9,554,229.53171460508352,217.95449117376123
9,555,229.50853690170516,217.87180242866316
9,556,229.4616945775635,217.80148988537064
9,557,229.405220883072,217.73923746467997
9,558,229.35040128403963,217.67339946332956
9,559,229.31810786481586,217.6214282224371
9,560,229.30159044632245,217.58953084463155
9,561,229.29950000547194,217.57809573536832
9,562,229.32361702392322,217.59669386245
9,563,229.36871720223235,217.62046343014492
9,564,229.41280832862626,217.64361843684804
9,565,229.46283067716868,217.675909848648
9,566,229.51779349868846,217.7206287913823
9,567,229.5554481904587,217.76304083498147
9,568,229.58091825454653,217.82048759077801
9,569,229.6134236428134,217.88675446103312
9,570,229.6406269563505,217.94034160940384
9,571,229.65274941985615,217.96668480809026
9,572,229.64983872808023,217.97605936651027
9,573,229.63014900239253,217.97457231970046
9,574,229.58871009456112,217.96721959599728
9,575,229.54546042849103,217.95334152373127
9,576,229.5056876557985,217.9413738474621
9,577,229.47113692536567,217.91982296893707
9,578,229.44354769499117,217.90339166520667
9,579,229.42904470804757,217.88937041014643
9,580,229.4272535479393,217.88170348565603
9,581,229.4427190462981,217.8798887908222
9,582,229.47728143405828,217.89913379670207
9,583,229.51333727632937,217.91824425598304
9,584,229.55634640939624,217.94431037892812
9,585,229.59852245859906,217.9765200535052
9,586,229.63500892183902,218.0077824375437
9,587,229.6671062894385,218.0199982557764
9,588,229.6981390711595,218.023933761954
9,589,229.7202049848327,218.01825931815603
10,0,230.64023588212743,199.40448887591117
10,1,230.6615589510259,199.50430425374674
10,2,230.68614660284086,199.6204585408603
10,3,230.70974888219624,199.72303859759413
10,4,230.73364872279365,199.73816582753093
10,5,230.73147872918116,199.73479685453404
10,6,230.71212482822108,199.75127269070163
10,7,230.6935997455373,199.77014677328074
10,8,230.67852896616753,199.78317893668597
10,9,230.68093121908112,199.80264058702093
10,10,230.71248930194508,199.84144115861227
10,11,230.76354935865072,199.91701420516827
10,12,230.8130397221963,199.98781915819507
10,13,230.8625207597208,200.0300116250889
10,14,230.9041118945109,200.0532654620779
10,15,230.92998262916143,200.05499699098638
10,16,230.94315246581334,200.02231666718305
10,17,230.94680307176571,199.9975092505818
10,18,230.93976404277126,199.99337589085908
10,19,230.91882268090828,200.00333146826964
10,20,230.8901915094957,200.0133988148252
10,21,230.85491714237435,200.00318785071735
10,22,230.8136869009218,199.94425855371603
10,23,230.77333949525695,199.86557152058387
10,24,230.73354334264943,199.77699395596713
10,25,230.69396663949644,199.68407349735014
10,26,230.6575165046394,199.6021356247207
10,27,230.63798971935728,199.55443083762194
10,28,230.62940004422478,199.5239644797412
10,29,230.62868775732733,199.50387782979075
10,30,230.632520895066,199.4899585514804
10,31,230.64289113344103,199.4825771814181
10,32,230.65187063051286,199.48917287414315
10,33,230.66432185526293,199.49426417896134
10,34,230.70277897095778,199.4847527728322
10,35,230.76351546454228,199.46429378611958
10,36,230.82905963244073,199.44678169227558
10,37,230.8956456939446,199.43265453648968
10,38,230.94995889360527,199.4358422571122
10,39,230.97742037544333,199.45938539294406
10,40,230.9765581673954,199.49913282312573
10,41,230.966335630739,199.5362032502099
10,42,230.94937142186174,199.55779193877248
10,43,230.93530251135013,199.56502002669063
10,44,230.9206953437556,199.55596852408038
10,45,230.91404037079468,199.5434355485499
10,46,230.89401791356394,199.5479304788105
10,47,230.8765557465947,199.56854692435252
10,48,230.84269715446294,199.5887985130964
10,49,230.80297385089156,199.621314499174
10,50,230.76546442475498,199.66056352505223
10,51,230.74420474672408,199.6852036921884
10,52,230.72598527110262,199.70477923025152
10,53,230.73020290684062,199.73171930774524
10,54,230.74429897686716,199.7577447972657
10,55,230.75528371060145,199.77804765953755
10,56,230.7613553263718,199.79413605073879
10,57,230.7574788566476,199.7831148570675
10,58,230.73762841301846,199.71025921123268
10,59,230.72777879591598,199.60557732615507
10,60,230.73498091755715,199.49950282807094
10,61,230.75603407127386,199.3979183753269
10,62,230.79269580045397,199.31895806649186
10,63,230.84636898934644,199.30167468468778
10,64,230.89096435623836,199.32197518806282
10,65,230.91933597533503,199.35647210565114
10,66,230.93569568942723,199.39149210704255
10,67,230.9421733066309,199.4354833080829
10,68,230.93837946128548,199.48234024501272
10,69,230.92333697837648,199.52817426717905
10,70,230.89853780196788,199.57851029588645
10,71,230.86882926396154,199.64097460852986
10,72,230.83553357396167,199.69748926111077
10,73,230.80804659702775,199.75124809983552
10,74,230.79090002240608,199.7938112678123
10,75,230.77614089923975,199.80462563101636
10,76,230.7603241244521,199.7906206117046
10,77,230.748015962792,199.7622554279076
10,78,230.73819654621107,199.7238891083278
10,79,230.72751814281852,199.6885252830713
10,80,230.72249775657363,199.66690840098278
10,81,230.72396374417735,199.65177734005647
10,82,230.72834012708265,199.63362208867
10,83,230.73294494186698,199.6082950465536
10,84,230.7347100951795,199.5717385031934
10,85,230.73677769088252,199.52990320021155
10,86,230.74032933937133,199.49201940025625
10,87,230.739376142567,199.47270113667702
10,88,230.72819500470305,199.4671504392142
10,89,230.71359680184543,199.47643718524762
10,90,230.6959419746079,199.49572329448043
10,91,230.6764557128114,199.5174581156335
10,92,230.6543881391643,199.52560394243514
10,93,230.62407137932968,199.5345520268007
10,94,230.55521740306384,199.55519264554482
10,95,230.4800245759197,199.57410882168475
10,96,230.41133685111646,199.60203641193453
10,97,230.35899178957118,199.6428162077466
10,98,230.32042519112923,199.68100153761065
10,99,230.33065393691814,199.70769851560084
10,100,230.3540637741978,199.73055882731356
10,101,230.38077385797155,199.7340017793618
10,102,230.39973011506595,199.7304568117048
10,103,230.42645714605544,199.72764129707892
10,104,230.45389360808207,199.72748244500275
10,105,230.49225796448397,199.73051705582412
10,106,230.56185162472192,199.74452338196457
10,107,230.64072805984603,199.77459637811853
10,108,230.7410336543806,199.8134637811809
10,109,230.90796070563025,199.85744968766545
10,110,231.141922544098,199.83579828298053
10,111,231.51187342848763,199.79733419432696
10,112,232.01965935741632,199.82902770218308
10,113,232.54454751392998,200.2382990682577
10,114,233.00840601145947,200.9554419369698
10,115,233.4400023927561,201.96479065721246
10,116,233.79293342428002,203.34088231815593
10,117,234.09651115825028,204.88141431508174
10,118,234.42830019455135,206.1996105606801
10,119,234.80510679801273,207.26842132338908
10,120,235.3735268545815,208.000485489955
10,121,235.87421977651402,208.41044858919454
10,122,236.15537193991213,208.95617996330606
10,123,236.35863124637285,209.61902504920212
10,124,236.74833296390747,210.34375605591026
10,125,237.1405494212858,211.18958968525916
10,126,237.54183072924835,211.9555837094284
10,127,237.9546154857085,212.4959728208715
10,128,238.25273925351468,212.74515183601176
10,129,238.2717975693378,212.58078551574582
10,130,238.0724159157415,211.56844957877772
10,131,238.3507900403904,210.17639049984896
10,132,239.0702927839076,209.26747011702568
10,143,242.69163123750803,210.35414013108402
10,144,243.04569624298585,209.2962377995601
10,145,243.97214183372984,209.80579954227196
10,151,241.72671708318794,209.35204624877545
10,152,240.0615762826952,207.99835210362534
10,153,238.47019835710998,207.19090908926282
10,154,237.472262366547,206.46236141448694
10,155,236.8185945225225,205.90713182250113
10,156,236.5230470267699,205.9300575711184
10,159,235.4888114646765,205.4799084927384
10,160,235.04498902415284,204.6332816509545
10,161,234.85054225437582,204.28979755467506
10,162,234.94350367053926,204.02801998221938
10,163,235.16113676936283,203.77490424823478
10,164,235.56073226092394,203.7268016028972
10,165,235.92511444280714,203.85539367504802
10,166,236.13984750921864,204.03581778330718
10,167,236.1226095984115,204.2935191678667
10,168,235.88662019074124,204.5688742893519
10,169,235.45983533682528,204.65590060402474
10,170,234.96851965920587,204.61549875721016
10,171,234.4863419468958,204.6261169882769
10,172,234.09588605116463,204.73552104307734
10,173,233.87913410142778,204.9169417048858
10,174,233.75796681799258,205.12200431396658
10,175,233.63868883192825,205.14718098219376
10,176,233.45649033011338,205.06086588298703
10,177,233.32715641586185,204.98817401193912
10,178,233.36401631279915,204.86824889103508
10,179,233.52382044700445,204.6193834331591
10,180,233.92871754849548,204.34434202761793
10,181,234.42027375658367,204.21121276080137
10,182,234.9239349657945,204.14381381685092
10,183,235.30578700753298,204.2663123550623
10,184,235.66420498845852,204.61451190483564
10,185,235.85634434483953,205.32976336415706
10,186,235.95459016515485,206.2337539113142
10,187,235.9940513097971,207.21047916267793
10,188,235.91706191306585,208.0200986798042
10,189,235.75082189436844,208.75095023080453
10,190,235.63625445768145,209.32204445843618
10,191,235.69039216692727,209.67198279186778
10,192,235.9270026458942,209.73913856404423
10,193,236.337979782013,209.63860886731047
10,194,236.81163903161467,209.3348539900287
10,195,237.22100527021817,208.8879040063837
10,196,237.42384611678946,208.56940865763227
10,197,237.38428966821365,208.477282472893
10,198,237.30096098348864,208.6298654104766
10,199,237.18634969760635,209.19365541489617
10,200,237.0913979215854,210.09772177247225
10,201,237.23778079821375,210.86864823213918
10,202,237.79363169766683,211.87313166789568
10,203,238.75205355842044,213.26608363726817
10,207,240.24679409722506,215.54585459547798
10,208,239.87170604637978,215.34727610242624
10,209,239.76403854462782,215.5654793581964
10,210,239.66329789635788,215.43633193777094
10,211,239.62032027366837,214.80391144743695
10,212,239.35940023179913,213.74136828380642
10,213,238.95053668680603,212.47685729324152
10,214,238.5964317902638,211.2531606178136
10,215,238.02443135583138,209.90311690526147
10,216,237.24080636019204,208.79164070381776
10,217,236.57095186918156,208.0576792740477
10,218,236.08099112992454,207.73280793892226
10,219,235.68817539160125,207.82716607972472
10,220,235.5103676551584,208.0809887168788
10,221,235.83123193122026,208.27305772531375
10,222,236.37664887699657,208.46780814371058
10,223,236.93694143450952,208.58529982488702
10,224,237.44397310972477,208.75274134731922
10,225,238.04695510857786,209.11634948444689
10,226,238.40447585130772,209.62684282950087
10,227,238.59691545816827,210.13393306775106
10,228,238.72194920259022,210.54338345256946
10,229,238.8213239961845,210.6553161091501
10,230,238.76077558324891,210.51243367653734
10,231,238.80069166591787,210.29697155306238
10,232,238.8332325049759,209.82002596148797
10,233,238.75090100206268,209.1624379428559
10,234,238.6610945245131,208.45608999678646
10,235,238.6828102209222,207.7394001115707
10,236,238.70694082302123,207.04560226143133
10,237,238.61818953467977,206.37142048757164
10,238,238.47460987048996,205.96741065872732
10,239,238.19757711945638,205.75175094274167
10,240,237.64043935098934,205.6976084988694
10,241,236.9473873199332,205.67974282137212
10,242,236.08165995934635,205.86118630639507
10,243,235.2163288067725,205.85747857638756
10,244,234.5572497119679,205.80177668830135
10,245,234.21550811430953,205.74864206002795
10,246,234.23549829156744,205.89138897551052
10,247,234.58605355706987,206.1496688400456
10,248,235.1255656871621,206.5341064848988
10,249,235.8060575829276,206.87212467004278
10,250,236.44866812163045,207.21105754228924
10,251,237.0207071634875,207.57701546329747
10,252,237.56847716515205,207.91105302742068
10,253,238.00779046796472,208.17098046101987
10,254,238.11037811197255,208.430647841198
10,255,237.94359113767902,208.69368765360758
10,256,237.57183515393749,208.819779423306
10,257,237.15989627429417,208.7014835020839
10,258,236.71956970143373,208.5445094727825
10,259,236.3939161120168,208.10338253417697
10,260,236.17526757142733,207.52361314983042
10,261,236.02026679147173,206.90280903015318
10,262,235.8264391249837,206.53363541212337
10,263,235.54256091120774,206.27188218957033
10,264,235.25118916126567,206.0807221987309
10,265,235.25738077553117,206.09674216425782
10,266,235.54693228763776,206.2235550727804
10,267,235.9396395454388,206.4116180984072
10,268,236.34920971075803,206.6522382249094
10,269,236.59433331367987,206.91309258575322
10,270,236.53149606672253,207.02833348117088
10,271,236.21779072210555,207.0799600266567
10,272,235.8553983946734,207.10482912951144
10,273,235.56483168322745,207.168579118473
10,274,235.36479783589775,207.20291783283963
10,275,235.33889053364797,207.17702719553498
10,276,235.4708135996296,206.97012992965315
10,277,235.52632236802012,206.50343976027716
10,278,235.3557622054174,205.72630867058558
10,279,235.17646742511633,204.8757869043003
10,280,234.92513817374655,204.21936740279435
10,281,234.6107812626953,203.8775543587743
10,282,234.38280368134184,203.79832693688564
10,283,234.30942448183404,204.1524621386188
10,284,234.30205140504404,204.74132929266884
10,285,234.37529830457018,205.24099610644555
10,286,234.5191726758989,205.64421369061017
10,287,234.60938996882913,206.0472645129227
10,288,234.6558383347007,206.2069025848543
10,289,234.7167895190264,206.13234128543328
10,290,234.7477696220665,206.0979997457076
10,291,234.70025909186194,206.20480987321753
10,292,234.7474259878858,206.38167985998248
10,293,234.9767280104351,206.71221579068254
10,294,235.2230690803442,207.213916517441
10,295,235.43051502400326,207.72762168616123
10,296,235.47830021520775,208.10589124637903
10,297,235.3252660315631,208.28686897500444
10,298,235.07609166971537,208.16488102566078
10,299,234.9297851192055,207.97907157360405
10,300,234.83016985642712,207.8318766897519
10,301,234.90233362268958,207.7851896384518
10,302,235.01521292446012,207.7583864677498
10,303,235.15322101644415,207.78342547981222
10,304,235.1874414234269,207.70560671073414
10,305,235.2233458779672,207.4705651194591
10,306,235.32107211416795,207.00943316774092
10,307,235.59097424212632,206.58897819345452
10,308,235.87290065144578,206.41535074466685
10,309,236.17441636719494,206.3969435618794
10,310,236.49410705082116,206.44389246087533
10,311,236.59751151397126,206.62169404337894
10,312,236.48617368081977,206.87830406809232
10,313,236.32866946661085,207.0351520359699
10,314,236.0803583085775,207.06971999401657
10,315,235.76335345748325,207.08748663903
10,316,235.5675252316632,207.12277349246332
10,317,235.41271047680758,207.18009806503557
10,318,235.20432707840726,207.2067607104386
10,319,234.99765259534897,207.24188050698726
10,320,234.75861400627326,207.21552105290112
10,321,234.48507538684706,207.05415294130208
10,322,234.2769650727276,206.77410146571415
10,323,234.15447323790883,206.54569273952578
10,324,234.11491216586467,206.39536719824548
10,325,234.2584724782045,206.3713200530682
10,326,234.52332683118496,206.49334376362665
10,327,234.926970999491,206.6609097219282
10,328,235.42625370655912,206.87612464913798
10,329,235.95451102190322,207.1423865999938
10,330,236.401181226879,207.40786917888943
10,331,236.85532780321427,207.6619032844016
10,332,237.26272699572397,207.99159293454093
10,333,237.54524884561448,208.39233670471117
10,334,237.75399465588038,208.80353573969566
10,335,237.88998885993976,209.19480410148287
10,336,237.76086629594934,209.41455359013975
10,337,237.47257861424558,209.34739687306677
10,338,237.17463378698656,209.0049982455387
10,339,236.7675814281264,208.6517984855047
10,340,236.39989950195948,208.23356461337363
10,341,236.13408704453218,207.8584759085399
10,342,235.893292746014,207.45819493063323
10,343,235.74212376304976,207.00397632335464
10,344,235.63480433372234,206.3898965529475
10,345,235.42737564388347,205.75977125282682
10,346,235.2251764947798,205.14427327818484
10,347,234.997825924379,204.6724796350457
10,348,234.6055143491619,204.39614590752342
10,349,234.26322231168672,204.25664486010632
10,350,234.09997364133636,204.2254122564944
10,351,234.04784387333396,204.30710361170821
10,352,234.06250773157848,204.43347905902826
10,353,234.1420502831516,204.6006817472562
10,354,234.18851475291223,204.78923607019271
10,355,234.14110638574977,204.8746658883125
10,356,234.0668952549668,204.89642887292496
10,357,234.09492896442882,204.94453573603474
10,358,234.2207221311638,204.9937491524131
10,359,234.45920413300448,205.01142328615077
10,360,234.7197564836294,205.15795689604187
10,361,234.97555227689682,205.39674468104312
10,362,235.0953897793541,205.75165387690362
10,363,235.13774689743974,206.12825644195988
10,364,235.08465475445328,206.52434524095543
10,365,235.06213987969915,206.8762197000265
10,366,235.07472719838935,207.17474385452883
10,367,235.1839785657325,207.39483474076368
10,368,235.3176772992171,207.47554586868242
10,369,235.48577012718727,207.43682365477048
10,370,235.51990113591677,207.28344662163386
10,371,235.46164211513081,207.19436685549033
10,372,235.35325465531102,207.15459789543868
10,373,235.22525528398407,207.24238934111082
10,374,234.97617398545563,207.40326177191812
10,375,234.67985561064896,207.3519513304968
10,376,234.28134151423126,206.91658994087186
10,377,233.7326318258881,206.07931682488004
10,378,232.97081469909608,204.85637666401877
10,379,232.16510780596445,203.32452530667604
10,380,231.37870835533076,201.7465467265703
10,381,230.64957409415217,200.2105735216083
10,382,229.9205244016296,198.7900220079584
10,383,229.3768294309375,197.59938492706098
10,384,229.0226034711812,196.64756609228832
10,385,228.8063506548443,195.98514914914338
10,386,228.69361584158528,195.56702944663803
10,387,228.7406747330586,195.45880901508548
10,388,228.87707516265974,195.6008799884426
10,389,229.10573049793985,196.0013102081694
10,390,229.4888427277405,196.78518027540534
10,391,230.03627113138484,197.99446904758253
10,392,230.7124285268465,199.44808321961517
10,393,231.43671550264867,201.0010933319068
10,394,232.15170584357182,202.52783833051782
10,395,232.768956680098,203.72211520154596
10,396,233.22377858590278,204.3901396197515
10,397,233.47085524854813,204.54426555894563
10,398,233.4954655048747,204.3335424003733
10,399,233.29955749791517,203.87981370737722
10,400,232.9431699734573,203.35026961972304
10,401,232.4768268975928,202.85421141839817
10,402,231.96175950855826,202.41477569523153
10,403,231.43107962816077,202.0027530855126
10,404,230.89067903794924,201.5245510178164
10,405,230.3114282558954,200.9079733361476
10,406,229.72968641216676,200.1242563888242
10,407,229.1819893526795,199.32063376205244
10,408,228.7626489651909,198.58291548957217
10,409,228.52953963934044,198.01099521451766
10,410,228.51813586364366,197.73153619589652
10,411,228.7330217019644,197.83786362788376
10,412,229.1791522879407,198.1963928061731
10,413,229.72345822909938,198.7549520907338
10,414,230.25094303216096,199.44703292698406
10,415,230.7326662284316,200.24083896477282
10,416,231.17807985561367,201.00689395618951
10,417,231.5355580430507,201.71609901764285
10,418,231.9032211099262,202.3150286037928
10,419,232.27181014218615,202.81601499499973
10,420,232.5671381553294,203.14462786657288
10,421,232.7020856195413,203.35291097662187
10,422,232.68274897590638,203.4324910006326
10,423,232.4697095047022,203.37238693269546
10,424,232.07675494915117,203.13582583382663
10,425,231.58718137352727,202.66750604160137
10,426,231.10376405090824,202.01563925730667
10,427,230.67295078022522,201.234968616882
10,428,230.31873820526081,200.36267891963948
10,429,230.09958520653942,199.5159793334684
10,430,229.98556110964523,198.84525277934392
10,431,229.97551639695774,198.34374684467932
10,432,230.0387543913224,198.05866508750762
10,433,230.12339403813903,198.01503457221386
10,434,230.23021632082313,198.10118836003298
10,435,230.39897857203303,198.34592061338284
10,436,230.5905895688275,198.77922853016966
10,437,230.8129649015231,199.36398262625752
10,438,231.0942657767075,200.0100338462077
10,439,231.39965415861525,200.77079104643494
10,440,231.7036986247734,201.54483461756132
10,441,232.00167532446642,202.24244171976386
10,442,232.2607111960354,202.804256791367
10,443,232.40413936668847,203.19360888484954
10,444,232.41621063047168,203.31679319995072
10,445,232.28550332360206,203.2269062606132
10,446,232.045221936844,203.00414753456192
10,447,231.7036651371201,202.66707930610195
10,448,231.3745969856069,202.2599792427903
10,449,231.09028796215048,201.84253684133026
10,450,230.8649423670208,201.3636245493076
10,451,230.66228893210035,200.81384103842518
10,452,230.50750954191568,200.22791620159012
10,453,230.38423213177853,199.6467021634022
10,454,230.32239229934927,199.12284715869092
10,455,230.3373280500474,198.7740852742138
10,456,230.42298972507336,198.5947752608937
10,457,230.5646547447085,198.62761697856038
10,458,230.73833971778092,198.91277509724634
10,459,230.89694631620264,199.41203921639382
10,460,231.00400871073052,199.96328655071537
10,461,231.07215037140725,200.4496014395989
10,462,231.12291320802333,200.79000612940533
10,463,231.16016578490462,200.94240407677015
10,464,231.20846966089857,200.94587033955938
10,465,231.26639800069773,200.88971014473915
10,466,231.29912939767829,200.88086888173515
10,467,231.28713676661272,200.9426479073598
10,468,231.24386368101696,200.98713512364574
10,469,231.16158588384423,200.93713805862677
10,470,231.05583226378462,200.7802531210693
10,471,230.9410028992031,200.48593127276507
10,472,230.85401791267628,200.09492206510717
10,473,230.78903477202564,199.7139199391504
10,474,230.7539776271553,199.40049922929003
10,475,230.751889789997,199.13734436923775
10,476,230.78840586333422,198.98363175151502
10,477,230.8349544521131,198.95463127285078
10,478,230.88625231904166,199.12432456456958
10,479,230.92689333308758,199.45339940905757
10,480,230.95149969061958,199.86712622355338
10,481,230.97828330539514,200.2977801796395
10,482,231.01424372951806,200.70768335337914
10,483,231.0491143164983,201.00036151905354
10,484,231.08693258265686,201.2254981859221
10,485,231.1334953715342,201.4198845725489
10,486,231.1732366394919,201.58563656523836
10,487,231.197308430944,201.69168967550328
10,488,231.21204541514138,201.71719750285567
10,489,231.2218034778362,201.62920590360005
10,490,231.20715880884143,201.45046702017223
10,491,231.16642510453366,201.19791313475193
10,492,231.09109701256014,200.90682191959618
10,493,230.99285990320897,200.5944965875544
10,494,230.89751537504932,200.30967719739752
10,495,230.8256388185478,200.06999139130696
10,496,230.77807596080618,199.87254812536358
10,497,230.77213134566023,199.7255155356759
10,498,230.79088621174245,199.6606112550362
10,499,230.79919041234794,199.64338917692857
10,500,230.7971191405854,199.68964520575074
10,501,230.81586348357442,199.78681809175242
10,502,230.8312788193116,199.85818151720653
10,503,230.85159207181766,199.92927823816993
10,504,230.89531466676303,200.04037078669802
10,505,230.94543969293295,200.13330126717335
10,506,230.96654515671077,200.22124564620265
10,507,230.98261142816614,200.35675607320215
10,508,230.9830551974511,200.46902591596285
10,509,230.9569472597164,200.51981771909058
10,510,230.92654741918275,200.53983548454508
10,511,230.91049804425805,200.53738657222326
10,512,230.90560378352652,200.50102227887047
10,513,230.91021821854775,200.4624498655487
10,514,230.9077083194639,200.4469058510073
10,515,230.88079487067634,200.44138289923347
10,516,230.81707437550185,200.41511617249554
10,517,230.72643975732234,200.38140388189723
10,518,230.627236149697,200.3110403787735
10,519,230.5479730020279,200.19411813993418
10,520,230.5195870291127,200.08539480141
10,521,230.5645351940233,200.02010322569234
10,522,230.6694081608454,199.98879837414952
10,523,230.7976581520704,200.00502199685678
10,524,230.91951552887863,200.07634083658508
10,525,231.00664746556075,200.16819139677875
10,526,231.02363705179,200.23168226251929
10,527,230.99187169265844,200.28471531767636
10,528,230.95016336361113,200.3463281284063
10,529,230.9173687721323,200.39376784827076
10,530,230.88862275428312,200.40733031002625
10,531,230.8749808959627,200.40949237012327
10,532,230.84816616038788,200.36967919347228
10,533,230.80624610950318,200.27286953680257
10,534,230.7352525904819,200.13991764375206
10,535,230.6425437399673,199.99860510420515
10,536,230.56658024912034,199.87816486402397
10,537,230.5240614312147,199.80110873867372
10,538,230.51541988246404,199.75444706456494
10,539,230.5374976539482,199.71184005275776
10,540,230.5957535816109,199.67762378743038
10,541,230.66621295292398,199.6408637481072
10,542,230.73314370984806,199.60047501953204
10,543,230.7760655002827,199.57946805727818
10,544,230.8209111773821,199.60366843710517
10,545,230.86239146526455,199.65827689855948
10,546,230.8778810155086,199.7369587563572
10,547,230.8774015451371,199.83567280963962
10,548,230.87158794619907,199.9348957218506
10,549,230.85434592473155,200.01400009531446
10,550,230.8276757344795,200.06023042530913
10,551,230.82124647251706,200.07015049759906
10,552,230.80710462860628,200.03933690097426
10,553,230.7888948989729,199.98337095542075
10,554,230.76109886932736,199.90427069214368
10,555,230.72835092325147,199.82280488340078
10,556,230.66298110322182,199.7361002487137
10,557,230.6027118818452,199.64341922987612
10,558,230.55540071742206,199.54398358597746
10,559,230.52283971934608,199.45369089301926
10,560,230.5048002436271,199.37386684566854
10,561,230.52588488468248,199.3316873199108
10,562,230.5836110587529,199.36943201620187
10,563,230.65361868704642,199.43510505484795
10,564,230.71661507627195,199.50223889180904
10,565,230.7719285755887,199.57747966417065
10,566,230.8166846975852,199.6638949290744
10,567,230.82628097169467,199.71024377068971
10,568,230.81996793599694,199.75761609987828
10,569,230.81806874476305,199.8229344824984
10,570,230.81508478157764,199.8914393308933
10,571,230.8013681967967,199.92738747274888
10,572,230.78789067714848,199.95472630081002
10,573,230.7748198592106,199.9724614211784
10,574,230.77886551195598,199.98630181026198
10,575,230.79638064348896,199.9923832239475
10,576,230.81234670354928,200.00005591000254
10,577,230.8187902816169,199.99385216547503
10,578,230.8234275368504,199.99260208600336
10,579,230.80822126038592,199.97969394346964
10,580,230.78347184796118,199.957997913016
10,581,230.76904687898892,199.93922933196072
10,582,230.7729100587959,199.9358584639238
10,583,230.77424079944723,199.9311516378436
10,584,230.78027259904252,199.93853028392368
10,585,230.79003396163313,199.94551285977792
10,586,230.78582801155446,199.93798086165498
10,587,230.77268662843352,199.921421062107
10,588,230.76030374767265,199.9010311237418
10,589,230.74755722323448,199.87212289897266
11,0,237.16924177699065,182.64441235928558
11,1,237.21165296786285,182.752251618331
11,2,237.24620662590755,182.87335459076434
11,3,237.26308923518775,182.9837408419679
11,4,237.25843369223418,183.02292359203173
11,5,237.2326024987803,183.04172637873432
11,6,237.1901467419268,183.07479152106873
11,7,237.15860390834268,183.1048563161171
11,8,237.13871407400293,183.1124067677044
11,9,237.13248461427423,183.10732766111397
11,10,237.15145428982692,183.1014082627016
11,11,237.18078124084946,183.0920328006794
11,12,237.20549678162268,183.07733267227232
11,13,237.23056824582787,183.0471780528486
11,14,237.2454294915585,183.00824869413574
11,15,237.23878302288742,182.96127641120134
11,16,237.2293061592509,182.9012336802801
11,17,237.21819807318974,182.8444686539186
11,18,237.1962614386149,182.80689194741893
11,19,237.1663378170585,182.78181119085895
11,20,237.1338454823363,182.75443698915373
11,21,237.09547494421778,182.70810184436957
11,22,237.04407274331967,182.60581587205505
11,23,236.99918571878598,182.49214303165678
11,24,236.95411284261064,182.3768386411589
11,25,236.9116346304429,182.26031596253588
11,26,236.87870516859036,182.1617571384824
11,27,236.8670293240707,182.11239799795578
11,28,236.858543745857,182.0796991133496
11,29,236.8578966418343,182.05538197164384
11,30,236.8613177067022,182.0425701235295
11,31,236.87317660549527,182.04415248121927
11,32,236.88693889600836,182.06422290148765
11,33,236.90885522714137,182.09319830879556
11,34,236.95451546052465,182.1387971346289
11,35,237.0201980091535,182.1838130250055
11,36,237.0825092034494,182.2223872614779
11,37,237.13235800979297,182.2591157086704
11,38,237.1633664283574,182.30289189493473
11,39,237.15874117319825,182.33700623124238
11,40,237.12182431000468,182.37688562818767
11,41,237.08149586836433,182.41814094089855
11,42,237.05130444452678,182.4533220030303
11,43,237.02672647575415,182.47047038942128
11,44,237.01123711156214,182.4650457925254
11,45,237.01732300173666,182.4523816610888
11,46,237.03173604185923,182.47406290103683
11,47,237.05936459701394,182.51178661857037
11,48,237.08782524325932,182.55408968672285
11,49,237.1079174826851,182.61057822686686
11,50,237.1139882185247,182.66520027838516
11,51,237.10621212989017,182.6853373790601
11,52,237.08563145140104,182.69400562961164
11,53,237.07407959603475,182.70276514254155
11,54,237.07454817499476,182.72080036090136
11,55,237.07814231589126,182.75102073686924
11,56,237.08161660790532,182.7854478836536
11,57,237.07503390260024,182.8059209641468
11,58,237.04777463476591,182.78895123278755
11,59,237.02595793131965,182.7341227319686
11,60,237.0182381052555,182.65462280375664
11,61,237.01969766503493,182.56512997301004
11,62,237.03281491968156,182.484414668144
11,63,237.0621434395375,182.4333105885499
11,64,237.0842812384895,182.40689362609996
11,65,237.09532835334142,182.40128836879356
11,66,237.09739901683545,182.40249159686238
11,67,237.09224316781828,182.4076288936592
11,68,237.08405527654742,182.4224886542125
11,69,237.070525101314,182.4386686075976
11,70,237.0502488856607,182.4423923626922
11,71,237.03528269580457,182.45211506123567
11,72,237.0283518070089,182.4636047751756
11,73,237.02711846800395,182.47683707127595
11,74,237.03705225974784,182.48770144300065
11,75,237.0476289612156,182.49104374292278
11,76,237.05591128131883,182.4806233414085
11,77,237.06618556450425,182.45789953341094
11,78,237.08024930958786,182.42266106539208
11,79,237.09178390428315,182.38741102917658
11,80,237.10491771311808,182.3667979827016
11,81,237.1191451267333,182.36093340499033
11,82,237.12798832030708,182.39349651532513
11,83,237.1309598345387,182.43989041476007
11,84,237.12661244690128,182.48878859844314
11,85,237.12009855074334,182.54001165339398
11,86,237.11064936148196,182.5851931837964
11,87,237.09397729405444,182.6017653306461
11,88,237.06669564315993,182.61153397603192
11,89,237.03709362996247,182.62437700914782
11,90,237.00594987355967,182.6425581791689
11,91,236.96983923379622,182.66685921513886
11,92,236.9264789332366,182.69012653185126
11,93,236.87910794907776,182.70180250782195
11,94,236.813476715434,182.68066759401862
11,95,236.75199251304227,182.6529516171363
11,96,236.7022600761438,182.62388449877588
11,97,236.6726892360611,182.59027104891373
11,98,236.65185056988764,182.56691342688
11,99,236.66247879218687,182.5751346060711
11,100,236.67633020698378,182.58062377870306
11,101,236.6934543977759,182.57193971659802
11,102,236.71033530786764,182.56172070147252
11,103,236.74623148009394,182.55044326206914
11,104,236.79019387248627,182.54046010121047
11,105,236.85136968736066,182.5328985108943
11,106,236.94069409201907,182.53745469371574
11,107,237.04227902101127,182.5552791332367
11,108,237.1565596712678,182.57085183117283
11,109,237.31347496356926,182.60511487571685
11,110,237.53290432677954,182.7295146092282
11,111,237.8799444117064,182.90771096190278
11,112,238.33186318140082,183.08585069657184
11,113,238.83411776803297,183.45380103706512
11,114,239.35115673133075,183.9787575355519
11,115,239.87695098378788,184.5878283445271
11,116,240.32021950174797,185.35516786309014
11,117,240.70652759097362,186.25160110655716
11,118,241.09738362385554,187.02480660835192
11,119,241.58944978459786,187.59859827193637
11,120,242.09264437928167,187.951591350558
11,121,242.47781658543965,188.12618078629933
11,122,242.77849814020456,188.2921576825107
11,123,243.06319232862103,188.5175275617183
11,124,243.32777269803714,188.84877383455606
11,125,243.61854039249226,189.23463902987555
11,126,243.84135453129178,189.66474823990401
11,127,243.86538348961037,190.1393673321095
11,128,243.67383697229278,190.60469092941196
11,129,243.28109758959124,190.9247025959783
11,130,242.8960245291274,191.15465434726804
11,131,242.7622171777503,191.37309415251607
11,132,243.06144653659737,191.57984564829832
11,133,243.76877284868596,191.87737113204597
11,134,244.68879750091463,192.27729387929764
11,135,245.57799521737007,192.68426836304786
11,136,246.38781274589658,193.04808297393683
11,137,246.90444000319795,193.59658920610002
11,138,246.9931502799719,194.3097752081656
11,139,246.84998136074483,195.05965668763784
11,140,246.6041750774822,195.68529842179726
11,141,246.5295237293283,196.04538307844186
11,142,246.77299630816964,195.6858734451132
11,143,247.27856971490513,194.74278134170265
11,144,247.95025451042272,193.8711866620959
11,145,248.76473445384792,193.35673903941054
11,146,249.43630977317645,193.08910910390384
11,147,249.62013470787562,192.9291241077058
11,148,249.281358083698,192.8777992871063
11,149,248.56690569852617,192.64175824801453
11,150,247.46342695439057,192.05182019162274
11,151,246.13848902633794,191.27947901472922
11,152,244.85492136483055,190.54742061898145
11,153,243.7820263865536,189.75342931897973
11,154,243.12614354733046,188.99302770946548
11,155,242.8032970875465,188.36309973557263
11,156,242.65508818567756,187.96213343538238
11,157,242.51775997841779,187.8590683239244
11,158,242.22642593042804,187.67720092987057
11,159,241.70319543208353,187.28111947069004
11,160,241.18277568428286,187.04936925171907
11,161,240.81291974685666,187.0121572418957
11,162,240.68858026433577,186.9257792705057
11,163,240.78811772781617,186.75744322544716
11,164,241.08243411656457,186.75159004495603
11,165,241.45842680168425,186.83379781828518
11,166,241.77351702762468,186.83865416423944
11,167,241.82272976421294,186.98559119888657
11,168,241.62336250591449,187.16715101417364
11,169,241.27596769761234,187.17206002395577
11,170,240.89700564247647,187.10509328649857
11,171,240.53949266734602,187.14380581816232
11,172,240.3505560658777,187.1623120500041
11,173,240.32683032556338,187.19956706388012
11,174,240.36308524690384,187.22800540349886
11,175,240.35871154987154,187.18740347139237
11,176,240.29222409129218,187.08266968529
11,177,240.1803322703463,186.93654523374738
11,178,240.11447526311434,186.79764550131236
11,179,240.15745573284454,186.63994573496413
11,180,240.3813146019132,186.47004100918323
11,181,240.65735151909715,186.35331779072013
11,182,240.95701752853412,186.3589434772556
11,183,241.17142025707818,186.4818746878082
11,184,241.32474362176262,186.780055201732
11,185,241.36425104377733,187.26033184719415
11,186,241.42608093639853,187.81440240124442
11,187,241.5053066662688,188.3340326905957
11,188,241.55235870120976,188.7839603286759
11,189,241.55068457901123,189.18715629396743
11,190,241.59661856640264,189.51617276036902
11,191,241.71190967416493,189.741961483579
11,192,241.8936734547241,189.79854523948325
11,193,242.14134181335032,189.73319550048345
11,194,242.41686447266673,189.5904389207651
11,195,242.63712627747034,189.42870216745993
11,196,242.7034176113245,189.35424585757482
11,197,242.61689945402438,189.43884718379948
11,198,242.52793328039073,189.69225870306585
11,199,242.44869871942075,190.2265831548893
11,200,242.44511904779839,190.97581556212597
11,201,242.6646902512085,191.7542890309587
11,202,243.16614747899237,192.75927358153342
11,203,243.89798999131185,194.03465526530815
11,204,244.77189338274883,195.40021248609654
11,205,245.33786720997816,196.62030223881337
11,206,245.40271332311255,197.54033421736466
11,207,245.1623048041133,198.05887753274385
11,208,244.92989081357567,198.32414108632673
11,209,244.7698274305676,198.36105817480512
11,210,244.8119748485007,198.02045175410188
11,211,244.9075406601209,197.3423068771349
11,212,244.7623067059055,196.35674658239492
11,213,244.33585663342132,195.3351593574204
11,214,243.82925681543355,194.1468228545049
11,215,243.18625957229528,193.0122336596395
11,216,242.48989249842143,192.11418948904145
11,217,241.92536676109546,191.48212129902467
11,218,241.65190317327935,191.05762841809442
11,219,241.47467241448578,191.0095369707115
11,220,241.43276398946554,191.2144244723298
11,221,241.71581352633672,191.4912604421468
11,222,242.23594838315273,191.841001075846
11,223,242.76316022744177,192.26289482111835
11,224,243.18274490892463,192.7914760309647
11,225,243.56048534102422,193.3391151375713
11,226,243.74772569440114,194.00407734229375
11,227,243.70286424798826,194.6760307196349
11,228,243.63246409285887,195.15579043984022
11,229,243.6994475700634,195.3330403498253
11,230,243.7958575709206,195.27497377315626
11,231,243.92319193002842,194.99688817957073
11,232,244.16990289118752,194.54680083142534
11,233,244.35186557474594,194.13867348649396
11,234,244.4399034275526,193.76119282910378
11,235,244.47821725184565,193.33534025331863
11,236,244.48222046349795,192.8629100760849
11,237,244.36661781404618,192.348575791031
11,238,244.24658275305993,191.82331132393278
11,239,244.0300859706497,191.43737903449244
11,240,243.63258091322072,191.24440735714842
11,241,243.15580923691851,191.1506033958299
11,242,242.6618649484854,191.172940834903
11,243,242.226326298637,191.1984816202705
11,244,241.92081546981484,191.19335826760033
11,245,241.78447927779462,191.17466992215392
11,246,241.76450741366762,191.247091071868
11,247,241.84723562551596,191.44998426582453
11,248,241.97420998109652,191.78795056235552
11,249,242.1350716811985,192.12770989234454
11,250,242.35191544038926,192.39293125775902
11,251,242.6381142455108,192.55641371925262
11,252,242.98024498944545,192.53260262216048
11,253,243.28304477435304,192.3854159955982
11,254,243.48993973719246,192.3019911727208
11,255,243.55586502076497,192.3243338082114
11,256,243.49906301642855,192.32534626290015
11,257,243.37276979332518,192.26478008830716
11,258,243.19278588726596,192.08587654249575
11,259,243.00466622078892,191.63203434702746
11,260,242.7638929451032,191.00010512019196
11,261,242.44024599773243,190.4164958915184
11,262,242.04281182251577,189.96356416129765
11,263,241.67685863923447,189.59258468374273
11,264,241.42712171100735,189.33340084008
11,265,241.42613245711914,189.18864905039428
11,266,241.63538177663062,189.11720814353623
11,267,241.89027511602904,189.15191923178278
11,268,242.0606092659057,189.3431661357258
11,269,242.0602353617537,189.63938027497258
11,270,241.8774465198446,189.93098212059317
11,271,241.57787209981905,190.1453028122105
11,272,241.30633252429703,190.3000295611851
11,273,241.16940257887074,190.35413305119388
11,274,241.1695240295609,190.30752965139274
11,275,241.26982356060012,190.14800211332664
11,276,241.37937518097868,189.83234455763417
11,277,241.42528683995775,189.34238110089186
11,278,241.317077398031,188.7227662304454
11,279,241.12850345268527,188.11882310426512
11,280,240.87639412521685,187.71631909696956
11,281,240.66542525926693,187.526630480833
11,282,240.53181310940568,187.50217561292527
11,283,240.49311813493614,187.64999600107637
11,284,240.52765924084707,187.86613764753622
11,285,240.58026542697218,188.02019795813976
11,286,240.54761232283795,188.24877312607796
11,287,240.40796086628896,188.6809341079408
11,288,240.25634042131426,189.11298842791703
11,289,240.1186057420325,189.48328520032476
11,290,240.04749020253038,189.8141364585781
11,291,240.10031622212094,190.09310003887393
11,292,240.28412602390614,190.26702344786625
11,293,240.54628953844835,190.45274481758585
11,294,240.77816084848124,190.66726584521885
11,295,240.90672947828634,190.86977080101056
11,296,240.893116061767,190.95846234284005
11,297,240.78154425038727,190.8548372746524
11,298,240.6435046347442,190.62027800102084
11,299,240.58373176683332,190.44575950652558
11,300,240.6403033683097,190.37754458724942
11,301,240.80287375809522,190.4095564210262
11,302,240.96758838982672,190.53615073546325
11,303,241.09133574740645,190.67588598375505
11,304,241.1327837260197,190.66073391620748
11,305,241.1189942697997,190.4939410137345
11,306,241.0864702213699,190.28094964474116
11,307,241.14280841718266,190.09653975688238
11,308,241.27550135678035,189.9722223341461
11,309,241.47621839049782,189.89662634328897
11,310,241.72120568226953,189.84445097563227
11,311,241.87206947154593,189.80641468420453
11,312,241.912703605372,189.84175026757808
11,313,241.89638989853708,189.91854078109253
11,314,241.7833605952552,190.00882268096439
11,315,241.5960660748587,190.12006792748227
11,316,241.48740291981434,190.20503294011087
11,317,241.4294893643842,190.16152267026786
11,318,241.32858927987067,190.03236034863485
11,319,241.24094662172666,189.87660051779028
11,320,241.13434927689096,189.70457585453667
11,321,240.99182829076418,189.5266735381081
11,322,240.8564062473153,189.35196038759392
11,323,240.73902707212025,189.21797360425109
11,324,240.6492454495078,189.15365295717066
11,325,240.64544589307556,189.21532525673564
11,326,240.6904910867869,189.34728014907063
11,327,240.79889284004224,189.47611101795223
11,328,240.98531712844667,189.60743850750066
11,329,241.2185817545886,189.75800096580753
11,330,241.44015177158062,189.89295422217108
11,331,241.70454760711294,189.99373974113914
11,332,241.92827432875566,190.1870231294277
11,333,242.09676582025762,190.462622237241
11,334,242.25223191386047,190.65342481652604
11,335,242.2973733332373,190.75129582430426
11,336,242.16206664391055,190.76109474303996
11,337,241.97197605710133,190.60824591398057
11,338,241.80800615611366,190.28212965984721
11,339,241.56331456335167,190.0313137294285
11,340,241.3995215424161,189.81318556302455
11,341,241.32141261567227,189.60313963888598
11,342,241.23440570729935,189.36848107273576
11,343,241.13503174694372,189.13279087738576
11,344,241.0377370344231,188.7951412152862
11,345,240.86935914069787,188.3971107183424
11,346,240.6903994366402,187.98703905545722
11,347,240.50243257053302,187.66466702879285
11,348,240.25514691219132,187.55855116607577
11,349,240.04272228360077,187.6128949836352
11,350,239.93405120126795,187.78145462897737
11,351,239.87770449754848,188.04524602446526
11,352,239.86320094733068,188.33896740169658
11,353,239.873623905327,188.54254875038274
11,354,239.8828653860749,188.67967848130147
11,355,239.85266247221233,188.7422739496027
11,356,239.8555149809393,188.74871794650736
11,357,239.94652623716658,188.72839116518398
11,358,240.10269453899647,188.71851671486036
11,359,240.26578584181354,188.77744333738377
11,360,240.4195729669309,188.9122319971607
11,361,240.5083675697899,189.0899178755047
11,362,240.46291801912287,189.3512540602925
11,363,240.37206104771383,189.59836658615694
11,364,240.2681852992882,189.79376157006334
11,365,240.19837818088624,189.94771346526588
11,366,240.20725572441427,190.08660134652948
11,367,240.29961815864417,190.1767263016916
11,368,240.38591196398062,190.26652311971893
11,369,240.4873863362116,190.3284284231866
11,370,240.5694472153443,190.3490933980547
11,371,240.5562885930609,190.39447835992272
11,372,240.50991556993662,190.40759087888685
11,373,240.47905880076823,190.3695431062369
11,374,240.43878239165838,190.19057488439992
11,375,240.33770549644206,189.8343722120696
11,376,240.15969381227302,189.27725274317203
11,377,239.83383504877241,188.5243763807859
11,378,239.31509511897664,187.50709510274393
11,379,238.68361216862345,186.30299852451603
11,380,238.04248716152682,184.98843526599427
11,381,237.47047964414895,183.6103801556019
11,382,236.93653636758893,182.2545415488372
11,383,236.53050412394623,181.06158070584604
11,384,236.2905545305021,180.04886284759465
11,385,236.11236745702988,179.30246210498237
11,386,236.00499829252007,178.80615246098424
11,387,236.04072774749466,178.62271657466897
11,388,236.19685834065328,178.7363056788639
11,389,236.3997168949585,179.16849011207387
11,390,236.76571793804436,179.84279367467985
11,391,237.23676660417695,180.72364824934803
11,392,237.79172935707317,181.7661467134383
11,393,238.36291054336576,182.84545175229303
11,394,238.908927325246,183.9560299850154
11,395,239.29081223543048,184.978165203092
11,396,239.5134473039775,185.75952537320384
11,397,239.57615476059547,186.14516235640772
11,398,239.4819395075264,186.27221195488283
11,399,239.25164447120264,186.09044235696084
11,400,238.96204692765212,185.67535796234947
11,401,238.65728577083044,185.1359423043178
11,402,238.31625245175871,184.58060187887753
11,403,237.95125740375974,183.98698891821488
11,404,237.55096578683367,183.42512563155088
11,405,237.1300552088702,182.89046517952218
11,406,236.6503539475927,182.3593453432537
11,407,236.17478101911857,181.87213778217753
11,408,235.81513554923762,181.4757112182747
11,409,235.6515464351618,181.14853816636787
11,410,235.68261824382037,180.96865268025712
11,411,235.94510074369202,181.01221164770823
11,412,236.3729531879267,181.23100022440906
11,413,236.86637268572383,181.5940826085899
11,414,237.2997116705791,182.09259236992628
11,415,237.636182451949,182.70892419670864
11,416,237.8769995060136,183.38437683997404
11,417,238.06199277803654,184.07296760273428
11,418,238.19419524843096,184.72261245314996
11,419,238.31250298360996,185.29815455773405
11,420,238.4056656964197,185.70463520505726
11,421,238.44695346788137,185.95428606917687
11,422,238.42326185751375,186.04033126664228
11,423,238.3113261674448,185.88667392831445
11,424,238.12445587573794,185.49739664940608
11,425,237.8799097509558,184.91240813246964
11,426,237.59957877889485,184.22021508610825
11,427,237.30003966377066,183.48148388523347
11,428,237.06284426838272,182.7821896995934
11,429,236.88225058072203,182.2125283930477
11,430,236.76309670944343,181.8095087652522
11,431,236.7407315126801,181.49498076782749
11,432,236.78742507790025,181.27021432509895
11,433,236.80917446596686,181.18093834674596
11,434,236.82965939388149,181.16944388786897
11,435,236.91906957718345,181.23692080282592
11,436,237.0134759382483,181.4748382063788
11,437,237.13717851841224,181.90714892752305
11,438,237.3213027228838,182.4774820281069
11,439,237.5430749156206,183.20210818177353
11,440,237.73686416187314,184.0438043745988
11,441,237.91514343516437,184.8522402401788
11,442,238.05367938053053,185.50442809119795
11,443,238.13283005853347,185.90149563249358
11,444,238.17467050969555,185.98224801864004
11,445,238.16628336414672,185.76954358644358
11,446,238.0801037878908,185.3948702010349
11,447,237.91250992725665,184.94198562176263
11,448,237.74550191641526,184.48968436999485
11,449,237.5541820888631,184.08204403244858
11,450,237.35403434853114,183.70154465519113
11,451,237.17699757237745,183.29380836483003
11,452,237.03858665707324,182.86878895482866
11,453,236.91206810523076,182.44917922851184
11,454,236.85285857529942,182.05838722135994
11,455,236.84503620053957,181.7811869929929
11,456,236.87474556890683,181.62968826055808
11,457,236.96280484207836,181.62506880006123
11,458,237.0705897874409,181.82913223786267
11,459,237.13961762561578,182.1904977073939
11,460,237.18484225478397,182.5674592091224
11,461,237.2279739306076,182.89366068876404
11,462,237.26231981264814,183.1202726654415
11,463,237.28411493973042,183.2297192326255
11,464,237.3039190574097,183.26801224471518
11,465,237.31634004997676,183.30354484604226
11,466,237.3113247468107,183.3806681308933
11,467,237.27614346076186,183.5099588379149
11,468,237.245382777032,183.5718393206865
11,469,237.22129801009163,183.51287413252123
11,470,237.19473704975968,183.34360522205324
11,471,237.16253264330172,183.06251306558778
11,472,237.1489765541914,182.71045071341973
11,473,237.1429742571597,182.39259808378478
11,474,237.14243954649066,182.1439114785712
11,475,237.1583296505338,181.96100931326447
11,476,237.19919799895519,181.8648144579256
11,477,237.25858897544987,181.85744761063475
11,478,237.3229630268861,181.96903233341132
11,479,237.37169552423202,182.19496449070866
11,480,237.40614743233306,182.4832975146066
11,481,237.43195650264437,182.7781481936238
11,482,237.44148249786855,183.05782741300968
11,483,237.4470954218581,183.30742543929037
11,484,237.47503179894983,183.5546777711283
11,485,237.53224057939735,183.77180418696938
11,486,237.58373410938668,183.972484887412
11,487,237.62481391661305,184.12084517256488
11,488,237.6618826802784,184.15641901167368
11,489,237.68984976058076,184.0532863157092
11,490,237.6908467038266,183.91169507656966
11,491,237.67971869267717,183.73024973956353
11,492,237.64933553788862,183.52182797432295
11,493,237.59905244653373,183.31443809253375
11,494,237.5498668092206,183.12027649143488
11,495,237.50717743640388,182.91941818608458
11,496,237.46949892831043,182.73610753451533
11,497,237.4472072006356,182.60095681806945
11,498,237.41401006444605,182.54499717908155
11,499,237.35075337760554,182.5581378559262
11,500,237.2773302278064,182.63824164586902
11,501,237.2396058419577,182.77187645736768
11,502,237.2366394413139,182.8765932475171
11,503,237.2543186924369,182.9497081338561
11,504,237.30091763752137,183.01194944901476
11,505,237.3649918354639,183.03100118992583
11,506,237.40748041714082,183.01492700801694
11,507,237.41932368411543,183.03286385042074
11,508,237.42063767515688,183.05059051931113
11,509,237.40763663840224,183.04449735480821
11,510,237.38189685724998,183.03875745612012
11,511,237.36102001143152,183.03682130349677
11,512,237.34847711324673,183.013113654207
11,513,237.3317919995878,182.9782592703008
11,514,237.29510559282394,182.96730848292992
11,515,237.2444484960885,182.95160621297163
11,516,237.16097527384522,182.92968982136492
11,517,237.05852458745514,182.91543926386956
11,518,236.96676249786663,182.89344852027176
11,519,236.9023884190198,182.83524590998547
11,520,236.87360916443407,182.78324239643786
11,521,236.89438563941184,182.74723820400126
11,522,236.95205617594362,182.72299459901066
11,523,237.0145311917415,182.72691451123902
11,524,237.06406452678723,182.77135166559583
11,525,237.08315162261215,182.84520960485287
11,526,237.08741585670663,182.91233967492803
11,527,237.0715115471127,182.97334092132925
11,528,237.05685116628015,183.0243546668015
11,529,237.06502640963416,183.05435298573184
11,530,237.08902427258369,183.05966211097405
11,531,237.0982038437567,183.0558627165648
11,532,237.0926463382385,183.03004853847736
11,533,237.08405361960712,182.9721179809881
11,534,237.05218097148338,182.89223918570298
11,535,236.99733825333612,182.80145736449577
11,536,236.96097687506864,182.71524054043957
11,537,236.9604393692367,182.64104161857472
11,538,236.98344294080334,182.57584755793644
11,539,237.0272823761208,182.5164287591597
11,540,237.09272288725498,182.45694484297212
11,541,237.14737005714562,182.39334088440407
11,542,237.1710206581819,182.33920061834834
11,543,237.1589892363274,182.31966839547974
11,544,237.12407683843787,182.33403997098353
11,545,237.0830644267466,182.36981365946787
11,546,237.03908007854704,182.4252245726215
11,547,236.99581086624525,182.50255764090167
11,548,236.958646365551,182.5817942891318
11,549,236.93744165695648,182.65469821817828
11,550,236.9181694229748,182.7155589309115
11,551,236.91795959969772,182.74777827406018
11,552,236.92066260809506,182.74262123325508
11,553,236.91647823238188,182.70233393609078
11,554,236.89940666287893,182.63415756425644
11,555,236.87531212475403,182.55368554330153
11,556,236.81773815850605,182.4620061535437
11,557,236.7637071735223,182.36396910639095
11,558,236.731110942043,182.27444568611358
11,559,236.72111207374772,182.19162134742768
11,560,236.73861813068237,182.11841707548678
11,561,236.79500352428587,182.08451753834873
11,562,236.8932385711943,182.1028815210385
11,563,237.00221187277654,182.14541080766045
11,564,237.1090429962213,182.1954169851364
11,565,237.20338091838448,182.2527923389187
11,566,237.2814771219805,182.3105195060409
11,567,237.31614286362884,182.34959010381817
11,568,237.33608434182267,182.37697745756537
11,569,237.34977928968385,182.40944260278786
11,570,237.35029929043108,182.44842479019695
11,571,237.33655225884957,182.4840466280049
11,572,237.32214901080428,182.51338766134643
11,573,237.3030853457974,182.54406518494613
11,574,237.29454273564912,182.56918251436167
11,575,237.2999517525339,182.5822563012574
11,576,237.30387202593454,182.5768093224969
11,577,237.30077595758485,182.55311670586357
11,578,237.29158597881545,182.52152921028295
11,579,237.2679298907285,182.48712407582082
11,580,237.236541814516,182.45433417948166
11,581,237.21283996274084,182.43274714082548
11,582,237.20092178830436,182.42555058407706
11,583,237.18733115587366,182.4314203766958
11,584,237.16990510861893,182.45302712137732
11,585,237.15717942175422,182.47207791772075
11,586,237.14613987101188,182.49043407206688
11,587,237.11801062226547,182.52715469639736
11,588,237.09047333416294,182.56332218710554
11,589,237.0703153269394,182.58435612457734
12,0,250.929122959269,171.90248332153976
12,1,251.01819682663077,172.0405774936315
12,2,251.10493768866016,172.17766556907574
12,3,251.15574276511666,172.2850244475777
12,4,251.1281349457238,172.29385507863267
12,5,251.0780227374148,172.2682743426247
12,6,251.02565719849878,172.2368790547307
12,7,250.98752835962856,172.2065529695639
12,8,250.96835929916062,172.16562312462267
12,9,250.9653039796374,172.1204374345364
12,10,250.98323273557455,172.081105521696
12,11,251.00930271610088,172.05082619945256
12,12,251.02875822279879,172.0303659426821
12,13,251.0423072553873,172.0040863683841
12,14,251.044047990349,171.9775185483072
12,15,251.02046961328384,171.95056153828776
12,16,250.98870008197068,171.92168043088813
12,17,250.9511094353605,171.89671809448672
12,18,250.90012728458257,171.8876966211155
12,19,250.84589044849082,171.88546978175404
12,20,250.80000561096156,171.87976187478654
12,21,250.76055916837058,171.85500632977573
12,22,250.72940588583987,171.79374168479558
12,23,250.7090761440443,171.72058246599613
12,24,250.68760139961884,171.6417357702067
12,25,250.6624514874535,171.56217676751197
12,26,250.637247636519,171.49501356492414
12,27,250.6045939507517,171.45748495238726
12,28,250.5664219698575,171.4349840174696
12,29,250.53344078801547,171.42117918138686
12,30,250.50804680485138,171.41139954502256
12,31,250.49078064278848,171.40847521358603
12,32,250.4833717654383,171.4157816157764
12,33,250.4829193927321,171.42859604556122
12,34,250.48236441679288,171.44596046973228
12,35,250.49632106028727,171.4643234989084
12,36,250.52042102926313,171.4770844051849
12,37,250.54561522537003,171.48091211923733
12,38,250.56714680754467,171.48175338202327
12,39,250.58435695674817,171.47817745410833
12,40,250.58371544622113,171.48035452517885
12,41,250.56968221414397,171.4870927236483
12,42,250.5539346550084,171.49322439586743
12,43,250.53067552300206,171.48803409819723
12,44,250.51285442030715,171.4772700745369
12,45,250.51538992154673,171.46749069114887
12,46,250.54458323421073,171.49393202798953
12,47,250.5888944912819,171.54238513379397
12,48,250.6484112588808,171.60578226026286
12,49,250.70123034195248,171.674626129613
12,50,250.72749227755838,171.73642395289488
12,51,250.7121772962549,171.76402775104526
12,52,250.67935931453673,171.7759263637241
12,53,250.6464390408992,171.77874918374388
12,54,250.6230392190106,171.7878364394813
12,55,250.61231284609377,171.80703160880532
12,56,250.61450518478074,171.82967365637322
12,57,250.61702548238387,171.85085061041443
12,58,250.6162037972373,171.86684788064704
12,59,250.63020164265353,171.86749200613616
12,60,250.6546348454621,171.85208594339935
12,61,250.68183872321566,171.8271363449587
12,62,250.70890020199718,171.80334488957664
12,63,250.73190620928756,171.77983329633972
12,64,250.73249153648837,171.76327631644196
12,65,250.71649880360576,171.75775272985084
12,66,250.69393093101715,171.75795788998138
12,67,250.67113961077436,171.76035248535854
12,68,250.6550288436885,171.7674439077064
12,69,250.64229290068525,171.77008555705814
12,70,250.62546545757976,171.76136630874637
12,71,250.6025093551938,171.754764078785
12,72,250.58591568314142,171.74712276716323
12,73,250.57300342571313,171.74479031081023
12,74,250.56356144292752,171.74567343622036
12,75,250.5584869045779,171.74702757155512
12,76,250.5633560738987,171.74362561723976
12,77,250.56765670183475,171.73696618231483
12,78,250.57161307913722,171.72571195708153
12,79,250.57850817057434,171.71383116903763
12,80,250.59038891385288,171.7085621751777
12,81,250.6079842721512,171.71070381935255
12,82,250.63969343290714,171.72926078342607
12,83,250.6814107432356,171.74374183192148
12,84,250.71895586863897,171.7548411169724
12,85,250.75197778543765,171.7633905852699
12,86,250.77413401110806,171.7638412813884
12,87,250.77036247246738,171.7498281140295
12,88,250.7409196119304,171.74253905978802
12,89,250.70693711446657,171.74156723268914
12,90,250.67049321271313,171.74585289673638
12,91,250.63666591753238,171.7543836996065
12,92,250.6034538181239,171.7606078151197
12,93,250.5678872957645,171.76224622821985
12,94,250.5118384166623,171.7595723337728
12,95,250.4660017309709,171.75429638646224
12,96,250.42888723052633,171.74417720466218
12,97,250.4027300287803,171.73138382177103
12,98,250.38259270683196,171.72086624206568
12,99,250.3835021377693,171.71866134066494
12,100,250.3747574428224,171.7207219042751
12,101,250.36126376590926,171.72230552230047
12,102,250.3475782884613,171.7245197760136
12,103,250.35083289750003,171.72595518926656
12,104,250.3631717681932,171.72720661500614
12,105,250.3869836885317,171.72743680184232
12,106,250.43051449062753,171.73702929922322
12,107,250.4875816736156,171.75692488886608
12,108,250.54973948508868,171.77718333642602
12,109,250.64312151373636,171.80198822697054
12,110,250.82426372322814,171.85280877097804
12,111,251.12982850405297,171.9333541247942
12,112,251.5812840175577,172.00407211332902
12,113,252.20916037546306,172.14288429136332
12,114,252.95455785413841,172.36138904805244
12,115,253.7460111242997,172.65150436968835
12,116,254.4153077797814,173.0744036975122
12,117,254.9579110537338,173.63086285987563
12,118,255.4198315521102,174.15061449333638
12,119,255.85200011848025,174.5999686180196
12,120,256.0770871904447,174.95127930113375
12,121,256.0510747015844,175.20459865335812
12,122,255.98511790464354,175.414505565343
12,123,255.97448925367542,175.62472874354881
12,124,256.0123036685529,175.8429831835392
12,125,256.14786201367195,176.08138934465052
12,126,256.4090777187466,176.32687448638544
12,127,256.4614984298875,176.63240891504105
12,128,256.21642316644335,177.11339219563985
12,129,255.7205518893677,177.73198314434106
12,130,255.2877075438432,178.47127287691927
12,131,255.04597523360877,179.28692066518815
12,132,255.12800594311454,180.02137772291644
12,133,255.4692273491764,180.61747135695774
12,134,256.0375801807675,181.13798084809773
12,135,256.58602614261986,181.53524517275278
12,136,257.04937939588694,181.83266607299916
12,137,257.40184901933014,182.20263768918116
12,138,257.58312044919336,182.6362820932515
12,139,257.64403172157955,183.08194354142208
12,140,257.58052695570746,183.54511939074976
12,141,257.6191198899075,183.87779754323068
12,142,257.89836692689664,183.72111146699856
12,143,258.3666975068626,183.1678542754102
12,144,258.8474856326675,182.47484789450877
12,145,259.42884208503165,181.73848631677478
12,146,259.91974652184837,180.99171358564388
12,147,260.0483568175908,180.5537765407089
12,148,259.8836222696334,180.4393770165803
12,149,259.48577698266604,180.3205366400289
12,150,258.86190180941037,180.1265069103899
12,151,258.0917491049489,179.8764145109715
12,152,257.3673062582428,179.4843758765172
12,153,256.61021438724106,178.95112579627698
12,154,256.03891464943223,178.3906889210983
12,155,255.62144430772037,177.7905641034705
12,156,255.30065820529455,177.26791838740678
12,157,254.99006420123987,176.88846842668752
12,158,254.7352663383218,176.4982712405635
12,159,254.417335139232,176.10082210992022
12,160,254.09265068703317,175.85365348349765
12,161,253.86291948861427,175.72929258968043
12,162,253.78315811579708,175.63602069271698
12,163,253.8817715180962,175.55941729109333
12,164,254.13252437782236,175.580116450978
12,165,254.43253177046853,175.62876418332513
12,166,254.62445217373104,175.63821501128874
12,167,254.616764544038,175.71566914363618
12,168,254.4081490425748,175.8144875048189
12,169,254.05268932096018,175.8045144196034
12,170,253.6913448861059,175.71631393241083
12,171,253.41775795493442,175.6543361952682
12,172,253.2808433668892,175.54143655762084
12,173,253.27027351149624,175.41950119243495
12,174,253.31673969376703,175.30142776139482
12,175,253.3188997371281,175.2143709868433
12,176,253.2523773753051,175.18476432809732
12,177,253.12414176312953,175.17591596471888
12,178,252.99429385160784,175.17410146052728
12,179,252.94602839115953,175.1825501505279
12,180,253.02929202616545,175.17026109844483
12,181,253.18639382589996,175.10597819243378
12,182,253.39474059737384,175.0932749329577
12,183,253.60628965069748,175.1768662340536
12,184,253.80973615210794,175.4161531016966
12,185,253.9928262639496,175.7935536584119
12,186,254.1700246654815,176.24366899054112
12,187,254.34919383848157,176.6767311677723
12,188,254.57254722709206,177.07869567132195
12,189,254.78908868268596,177.43115867400155
12,190,255.04765995020134,177.6731295680734
12,191,255.36395480023734,177.80686871405547
12,192,255.719639265724,177.83891368196947
12,193,255.95351394576653,177.79345199950595
12,194,256.11250834853803,177.70795426976676
12,195,256.1912053503413,177.6434905474676
12,196,256.1799948623516,177.67687686721177
12,197,256.0939314069469,177.8392903490534
12,198,256.11982294873013,178.10961469934543
12,199,256.2191546940307,178.54657895600405
12,200,256.3374515059515,179.12778449960132
12,201,256.52457857475764,179.75253380393636
12,202,256.74640075340983,180.47366447709126
12,203,256.87622136485106,181.39591368631065
12,204,256.9331150922959,182.42731028832483
12,205,256.9325491644957,183.52023356875108
12,206,256.8367584050988,184.53291794109555
12,207,256.7386804377052,185.3307253666025
12,208,256.70498630512964,185.79658396328747
12,209,256.77003207191973,185.82694406283775
12,210,256.83965234725287,185.45817307532667
12,211,256.84876484415497,184.83332258708214
12,212,256.69426078474237,184.0568331937823
12,213,256.3287921794969,183.28231828041766
12,214,255.82076789138677,182.47833323065964
12,215,255.20626397532538,181.72324113130253
12,216,254.5579848352165,181.13145318062817
12,217,253.98570100970363,180.69657276382347
12,218,253.6241718237671,180.34267036953463
12,219,253.4033321738438,180.24116695496784
12,220,253.4339801519863,180.32688062394783
12,221,253.68711749478962,180.49210320445184
12,222,254.1049673947811,180.79479298860733
12,223,254.56600269653651,181.25482469837078
12,224,254.9199048944453,181.83567462238244
12,225,255.13804508715867,182.46287655509425
12,226,255.25890252906026,183.1629603753404
12,227,255.26765126011756,183.7588834370087
12,228,255.27161291323003,184.06748702649267
12,229,255.39552489541313,184.07108806562502
12,230,255.64707007298347,183.78998110638244
12,231,255.96758384852367,183.28466143799042
12,232,256.3319160338819,182.7085074072595
12,233,256.67020101753656,182.25020031785087
12,234,256.95099893690684,181.8916499722732
12,235,257.0929506217756,181.6222410524219
12,236,257.1056938556915,181.3594004949298
12,237,256.9838938358685,181.0828775358427
12,238,256.7796461462351,180.7711242265228
12,239,256.4437847060782,180.4997427711751
12,240,255.99075342254298,180.32462825652212
12,241,255.55572518357766,180.23825322729908
12,242,255.23585218034256,180.19613032892238
12,243,255.0053724092276,180.1814416383427
12,244,254.88826741281252,180.18771068212519
12,245,254.86984961348986,180.19632638995176
12,246,254.87981461898258,180.23938013406828
12,247,254.88915085849712,180.38191199607144
12,248,254.94543581110915,180.59549316022154
12,249,255.05763969324926,180.7715649108857
12,250,255.30658225433436,180.8153099082814
12,251,255.63601229018252,180.7961928209718
12,252,255.97339177787575,180.65468954307534
12,253,256.2843498721527,180.44742407240372
12,254,256.5624330038914,180.28313590696635
12,255,256.6650697532647,180.24350612071305
12,256,256.6077990911271,180.1870039587425
12,257,256.47519148878445,180.05548077166293
12,258,256.3059677707956,179.73839322847184
12,259,256.09374157457444,179.25006586716228
12,260,255.8578560362245,178.58477689095133
12,261,255.5935714338806,177.98418643939905
12,262,255.3212251616105,177.48751594691967
12,263,255.02841740630737,177.1976130333057
12,264,254.78111806367687,177.0622582910652
12,265,254.6942727847612,177.11017019235416
12,266,254.75538452746738,177.22964071431025
12,267,254.83170135084848,177.46789300130152
12,268,254.87817476419684,177.70695252161866
12,269,254.8381667107175,177.93551464662573
12,270,254.7035957447248,178.14309395879548
12,271,254.54138857187823,178.28453712853624
12,272,254.45377779277848,178.35957586495527
12,273,254.5156022971386,178.41389885270382
12,274,254.68483453493644,178.4032150208284
12,275,254.86489370967448,178.26841390710382
12,276,254.98349919418956,177.99079076771412
12,277,254.99473433013029,177.56369727759676
12,278,254.76776444143385,177.04707646755907
12,279,254.39055556815507,176.59707156805163
12,280,253.9956805220512,176.3005729652907
12,281,253.68323873727493,176.1427344385775
12,282,253.50078440036745,176.08839899107838
12,283,253.4693551384861,176.1570899481166
12,284,253.56808664774994,176.21123021153534
12,285,253.6783208608432,176.25519848747874
12,286,253.70633893368992,176.42576711174596
12,287,253.61680710971103,176.79164984409235
12,288,253.5073951180753,177.20074589555125
12,289,253.44010383851005,177.66006293972936
12,290,253.4822485520872,178.1096818465171
12,291,253.60149125859138,178.46666801986098
12,292,253.81757964863448,178.7053906079395
12,293,254.05692820908766,178.88845350756165
12,294,254.23024181636197,179.01196309009433
12,295,254.31060858865385,179.048110792834
12,296,254.31899107993596,178.9547726146893
12,297,254.1901169939904,178.73882353140243
12,298,254.06669487760408,178.50273500030463
12,299,254.0663231156341,178.32665845747007
12,300,254.1532114043403,178.27622932400698
12,301,254.33645154201932,178.30928915842998
12,302,254.57327638226786,178.3898460859733
12,303,254.71901630661438,178.4308616793667
12,304,254.69677065216288,178.37086933890012
12,305,254.5975794823044,178.24481522903775
12,306,254.4637216403635,178.14737781053546
12,307,254.41663040372453,178.09536293473738
12,308,254.4632219034278,178.1159791184868
12,309,254.61785579728573,178.14266351520516
12,310,254.77938148240526,178.14673186131085
12,311,254.8694965653774,178.1489958779735
12,312,254.85132776932844,178.21595050211064
12,313,254.81241078993213,178.3087221150969
12,314,254.6967192691572,178.44860439872843
12,315,254.60091838004308,178.57391220633897
12,316,254.58788579862505,178.61090689700848
12,317,254.64563073810106,178.49887466060704
12,318,254.6901434748045,178.27429754160946
12,319,254.766827737799,177.99584417303333
12,320,254.76585793321934,177.74794727209155
12,321,254.71108493374606,177.57419980783726
12,322,254.6050191069135,177.49258963478593
12,323,254.48089653880655,177.49242966358804
12,324,254.3155069844336,177.57612593413702
12,325,254.17590380486251,177.74539022979812
12,326,254.00188321795912,177.94351981707845
12,327,253.87090017120147,178.1001321057696
12,328,253.82015776124493,178.21033521463676
12,329,253.90994331955005,178.29201289902895
12,330,254.10803699600615,178.37007630852509
12,331,254.4295471794069,178.45469363528488
12,332,254.76222823657108,178.61779324904958
12,333,255.05190196563942,178.84182612151537
12,334,255.24701813019777,179.01423015654854
12,335,255.29632865535376,179.08797878891488
12,336,255.20344625080202,179.0398917378215
12,337,255.0842819007647,178.83801940455047
12,338,254.95842217733355,178.5408418083
12,339,254.8148100049724,178.28692134585154
12,340,254.73303691894304,178.0808361075921
12,341,254.6655627040436,177.87026175047833
12,342,254.54606132889847,177.61246526683257
12,343,254.44010669268042,177.3536603197469
12,344,254.32837390763538,177.0383612354484
12,345,254.14353368073077,176.69104335647162
12,346,253.97043522465353,176.34235746130832
12,347,253.85061367208107,176.06118227404855
12,348,253.70690230791573,175.92551272674896
12,349,253.59236427402803,175.91493756090014
12,350,253.59000966628344,175.92360004973088
12,351,253.62900012250446,175.99527215640177
12,352,253.63660145155757,176.11845486227503
12,353,253.62612932279134,176.1613443050503
12,354,253.5948736816334,176.14662815259794
12,355,253.52704721444422,176.11988435795732
12,356,253.4718598590458,176.06750186092893
12,357,253.5316743556739,176.00518344205855
12,358,253.69124171216728,175.99761126653016
12,359,253.8669844641133,176.06836670520718
12,360,254.0216501815163,176.1983750424596
12,361,254.14466372679763,176.35540041397067
12,362,254.1470156424259,176.5733617374757
12,363,254.03957699045364,176.82732916518415
12,364,253.92515086053393,177.04788693103615
12,365,253.81891938198913,177.24311105855867
12,366,253.7453810933263,177.46615797917272
12,367,253.728386339751,177.6656098655566
12,368,253.7345092125965,177.8079984753667
12,369,253.72238419645305,177.93546415360817
12,370,253.70401908173486,178.04833048916194
12,371,253.6402361686997,178.15781514586968
12,372,253.5460815324532,178.2259035748586
12,373,253.4517684446637,178.20264952529593
12,374,253.31123624367606,178.03235892995508
12,375,253.13792639622022,177.69816700202907
12,376,252.90225118398396,177.20078291485137
12,377,252.5543646259059,176.57673879760185
12,378,252.14403685054913,175.74161156379805
12,379,251.75737626429301,174.74859982068637
12,380,251.36178075318108,173.64149246039685
12,381,251.02635663336721,172.4639291540006
12,382,250.738464379558,171.3068735562877
12,383,250.47604379524668,170.30249599867935
12,384,250.24003165572273,169.46065173356308
12,385,250.0668661454135,168.84940813848044
12,386,249.9553525089277,168.47545630694427
12,387,249.95691488881502,168.36000327065278
12,388,250.0650087864726,168.55065255432663
12,389,250.2416110966635,169.02861521368214
12,390,250.5029710952863,169.72866753495634
12,391,250.80287791070452,170.5457050615257
12,392,251.1610090489736,171.40839484431294
12,393,251.5285191899824,172.20422122798786
12,394,251.8666153171868,172.93125012263397
12,395,252.12297410059165,173.5426447654378
12,396,252.29430826796192,174.00327420463793
12,397,252.33341902154882,174.2017883124236
12,398,252.27286488798586,174.2190084726094
12,399,252.12398102035695,174.0470390903577
12,400,251.9234424796091,173.69848895822477
12,401,251.74440728094822,173.26444542068518
12,402,251.54911918038735,172.8256334235264
12,403,251.28723926894153,172.36353169050324
12,404,250.9962599820759,171.93267625869154
12,405,250.6812160144772,171.55168727869824
12,406,250.33726568836371,171.1953495971292
12,407,250.04679486728432,170.89465015395723
12,408,249.8909234409198,170.66814300902675
12,409,249.85954290596612,170.46628184523607
12,410,249.92780399863997,170.3215708420041
12,411,250.08008806203242,170.31114620274352
12,412,250.29947528547598,170.4638530133585
12,413,250.59484043725158,170.73691849013048
12,414,250.9101597667153,171.12591718113077
12,415,251.22000079784064,171.60599915359649
12,416,251.474935445267,172.11092394683791
12,417,251.66758953995443,172.56158900380166
12,418,251.73996025350806,172.96763133174548
12,419,251.74255044273613,173.31292881531374
12,420,251.6971168723043,173.57223495707666
12,421,251.61612106764346,173.73661556790722
12,422,251.50569550051225,173.78826118157136
12,423,251.3843583047187,173.6684627981144
12,424,251.24312958478296,173.40678005301424
12,425,251.06451754128435,172.99767059340988
12,426,250.88748395615895,172.48056861251558
12,427,250.70332194311638,171.91276655496418
12,428,250.539399535036,171.3941077417236
12,429,250.40399993930822,170.97019553471875
12,430,250.3037512536521,170.7144420307321
12,431,250.25331382807946,170.5543514011064
12,432,250.2605970855458,170.48461556677594
12,433,250.27833247284968,170.5078195612023
12,434,250.32304791879264,170.58974769928378
12,435,250.47863162486786,170.70191446314018
12,436,250.65743517822688,170.95219314287212
12,437,250.8492775450091,171.32595586028864
12,438,251.07107430377377,171.7495818209029
12,439,251.28299270500193,172.21102414747187
12,440,251.4090693687937,172.69427719901233
12,441,251.49947972712138,173.0991035960141
12,442,251.5702313034357,173.40072032596308
12,443,251.5870313180029,173.57986789087593
12,444,251.56366392519985,173.6063541777438
12,445,251.49458038654248,173.4788993941815
12,446,251.3894561559113,173.23566886657437
12,447,251.2364925724453,172.87702408620675
12,448,251.09387223650882,172.4726212768259
12,449,250.96545438980195,172.06325469947447
12,450,250.86009685431418,171.6549679845357
12,451,250.7556453998549,171.28913536565216
12,452,250.65367043532072,171.00187594433027
12,453,250.56202221447472,170.77778220620638
12,454,250.4968770289614,170.6348053893634
12,455,250.47030982467035,170.5822402270308
12,456,250.48412319422283,170.61697457420865
12,457,250.5528867168525,170.7363659117429
12,458,250.63075125277064,170.97015687356034
12,459,250.70313043442403,171.2659360382912
12,460,250.74013365193346,171.58083837724664
12,461,250.75837294931083,171.8420086591614
12,462,250.7629698682885,172.030715350017
12,463,250.76887066123442,172.1338718227685
12,464,250.77507946895653,172.19139777989602
12,465,250.78311848347315,172.23847007244876
12,466,250.76382662527502,172.30895674572278
12,467,250.7217150174337,172.38368582649744
12,468,250.67645467283828,172.41135462911825
12,469,250.63727589940248,172.35134191402366
12,470,250.6012848812355,172.2086880422514
12,471,250.5810517422016,171.98743693512668
12,472,250.57993517005795,171.74037138226277
12,473,250.5854617646299,171.51233128880966
12,474,250.58262309596697,171.33352308051118
12,475,250.5753455674139,171.2066018728005
12,476,250.58055728218338,171.14040530278757
12,477,250.59296284408748,171.1299941250051
12,478,250.5889352658765,171.19562585427536
12,479,250.57758342828689,171.3240897280443
12,480,250.57325009821028,171.48965354853107
12,481,250.57744115608892,171.65244106368547
12,482,250.58626997958072,171.78776850274855
12,483,250.6266951186937,171.9010943204098
12,484,250.6946550475515,172.02266325492243
12,485,250.77992706788805,172.12331705799303
12,486,250.85935195991723,172.20807104878324
12,487,250.9189860494202,172.27268766752047
12,488,250.9656797709916,172.28786493376433
12,489,251.01342870982987,172.24761002932235
12,490,251.0398529990834,172.21128275667436
12,491,251.0457409330814,172.17567505211088
12,492,251.02610454528102,172.1340650386601
12,493,250.96933560661654,172.08374042725433
12,494,250.88676466603522,172.00913398459775
12,495,250.8014272231352,171.8984531317321
12,496,250.73056293666184,171.77911393428687
12,497,250.672092856565,171.68385681614313
12,498,250.6169925210982,171.62838931255982
12,499,250.54765691578314,171.62563881168302
12,500,250.47531621751145,171.67668362303036
12,501,250.43833120371454,171.758441898425
12,502,250.4891996226554,171.84613265554617
12,503,250.59196502708153,171.9287482320835
12,504,250.73189738123602,171.99542280417148
12,505,250.91015203600168,172.01392104003673
12,506,251.0648275124901,172.00720082469985
12,507,251.13265075610732,171.99690205966286
12,508,251.15855417443376,171.98694266345655
12,509,251.15438704174997,171.97620013026966
12,510,251.12195172144027,171.982797198505
12,511,251.09756289805014,172.00157883288466
12,512,251.0867042116008,172.012231262012
12,513,251.05194609691827,172.0128217203077
12,514,250.96509250594679,172.0183736559923
12,515,250.85709075074377,172.0065630248915
12,516,250.7299363239367,171.9700814391912
12,517,250.60396170130963,171.91291664450327
12,518,250.51537100949315,171.83760096143675
12,519,250.48890566325858,171.73975383555648
12,520,250.4921263919643,171.65707206730048
12,521,250.50667372256163,171.60278942948656
12,522,250.51046166108654,171.5901269533204
12,523,250.50374339192456,171.60852536713
12,524,250.49374865237954,171.65722094448245
12,525,250.47752874949194,171.730445351498
12,526,250.48500594196128,171.81506298910924
12,527,250.50854182376716,171.89111068171871
12,528,250.5320266313844,171.95464246317005
12,529,250.56496602051482,172.00094558714224
12,530,250.6043380216872,172.02773235031665
12,531,250.6169627252485,172.03734624774313
12,532,250.6202153155094,172.03232859171072
12,533,250.63493965563376,172.01844630599373
12,534,250.63830592935636,171.99920858697615
12,535,250.6181483923622,171.97606407959984
12,536,250.60947751211845,171.94438257527176
12,537,250.62403053476095,171.8994402662975
12,538,250.66775921936718,171.82736956157956
12,539,250.72906749406357,171.74109918508506
12,540,250.80945671816747,171.6481033744172
12,541,250.8744140189874,171.5575064771128
12,542,250.9088560802836,171.48231714224409
12,543,250.89635741844486,171.4505695091842
12,544,250.8558833595412,171.45434518884935
12,545,250.79810446608008,171.48219903133645
12,546,250.7223104567756,171.5325201083044
12,547,250.63855410716135,171.59816467616963
12,548,250.55380228883442,171.67508977034552
12,549,250.48111236717568,171.75516675423904
12,550,250.40708606349858,171.85638295110562
12,551,250.36907954242065,171.93614813287974
12,552,250.3678253595631,171.99443686756436
12,553,250.3726781000417,172.0236828385339
12,554,250.38030611645294,172.02483165006828
12,555,250.40515021165396,171.98013815398963
12,556,250.42021995181955,171.91881377109604
12,557,250.428841127841,171.8486464703497
12,558,250.44973947567019,171.7859146556115
12,559,250.4760772764553,171.73004742595452
12,560,250.51337680073317,171.68106715070726
12,561,250.55807218591187,171.65730566834773
12,562,250.6036703143191,171.65239311037365
12,563,250.65338077714847,171.6533311295519
12,564,250.70077153934523,171.66044564706627
12,565,250.7419619993489,171.66190695466503
12,566,250.77364617245598,171.6587919033524
12,567,250.79695842037705,171.66156925988764
12,568,250.81747306970908,171.66427497020499
12,569,250.83832806340413,171.66054051116407
12,570,250.84775498463037,171.66603346788042
12,571,250.8493882624497,171.6741693659952
12,572,250.8461600364385,171.67920029912943
12,573,250.83633281176992,171.69438218198792
12,574,250.8310824193749,171.7287985393113
12,575,250.83707818730997,171.76192609476863
12,576,250.84547690383104,171.77908803791908
12,577,250.84587461446674,171.78277659951164
12,578,250.8354506477991,171.77081573970636
12,579,250.81380330313613,171.7420320244254
12,580,250.7807911366537,171.71455036565575
12,581,250.74391279865515,171.70112789528102
12,582,250.7153547786525,171.69677343962476
12,583,250.69227310293746,171.70391166819664
12,584,250.673604541186,171.72149548261095
12,585,250.671911819694,171.73554046618966
12,586,250.68726994753362,171.74824445002494
12,587,250.6998201654288,171.77548309705924
12,588,250.71260064124934,171.80160281814116
12,589,250.72515898664884,171.8162093960306
13,0,261.81896338824464,164.70612896454526
13,1,261.8785960187813,164.82858471121926
13,2,261.9510514478781,164.96028687192097
13,3,261.99586362848584,165.0705960522097
13,4,261.9605743998466,165.1032029608528
13,5,261.92790246506314,165.0972093477563
13,6,261.89735842885193,165.07336676492815
13,7,261.85519608848847,165.02967162970026
13,8,261.82106065053074,164.9720986538871
13,9,261.8047794907684,164.91915277691672
13,10,261.7979266603132,164.89468959381952
13,11,261.8036478545636,164.88766508121125
13,12,261.8088533338252,164.89752725224108
13,13,261.8113487815928,164.90807422110672
13,14,261.8054521997112,164.91425341961138
13,15,261.7878935528765,164.89976528566123
13,16,261.76197980750516,164.87909384102568
13,17,261.73144506221524,164.86230203292635
13,18,261.68425070650727,164.86009423736448
13,19,261.63393374350153,164.86108890225904
13,20,261.589379010289,164.85849590642488
13,21,261.5481906364132,164.83887032373937
13,22,261.52716796084627,164.78375538728187
13,23,261.5273520250004,164.70990366732818
13,24,261.5295764641363,164.63234946521564
13,25,261.52954308068763,164.55540123193686
13,26,261.5270979218617,164.49057511008647
13,27,261.50722882826614,164.4569371832808
13,28,261.47644978974216,164.4442040625296
13,29,261.44321900728926,164.4409309673113
13,30,261.4145052922678,164.43574994940226
13,31,261.3907751232817,164.43051741219801
13,32,261.370773054997,164.43056817737826
13,33,261.35214495172863,164.4326823694677
13,34,261.3299355218256,164.4407156075185
13,35,261.31756770697996,164.4609586907071
13,36,261.32199040838225,164.47843929689955
13,37,261.33344494950376,164.48814205517843
13,38,261.3498189259765,164.49214027146758
13,39,261.37764583185213,164.4808826221687
13,40,261.40270881648615,164.4598033450103
13,41,261.41475466759306,164.43946130035584
13,42,261.42288772867727,164.4219398502959
13,43,261.42482399102875,164.39927405460278
13,44,261.42745494207344,164.38104800646937
13,45,261.43517952801744,164.37366833531385
13,46,261.45227587477797,164.40702184708084
13,47,261.47550048439496,164.46038878571477
13,48,261.5026280379986,164.5271398432696
13,49,261.5142850812968,164.60366916232343
13,50,261.49961465446546,164.67741551503843
13,51,261.45664782697736,164.71771925290847
13,52,261.4051780687363,164.74031987120676
13,53,261.3554657742058,164.7529890602693
13,54,261.3140106080811,164.7650095351169
13,55,261.2847346595185,164.77924807692153
13,56,261.26777020827024,164.7946932100544
13,57,261.2539612776288,164.8126305345824
13,58,261.25225059650637,164.83293614371064
13,59,261.27836908885814,164.85027559013824
13,60,261.3216747917313,164.86032366625454
13,61,261.36884038003654,164.86363746729717
13,62,261.4125023317827,164.86547682353748
13,63,261.4423999536165,164.85829388860554
13,64,261.44630721088976,164.8411395571888
13,65,261.4405084597766,164.82281281011612
13,66,261.43478545329447,164.80628456977382
13,67,261.4366739315844,164.7910713740002
13,68,261.44229916903487,164.78141541605834
13,69,261.4460060046027,164.77597086382391
13,70,261.44387086603814,164.77235137792934
13,71,261.4339395531537,164.76955580613563
13,72,261.42047482653703,164.76022606379516
13,73,261.4124782884166,164.7487598904382
13,74,261.4075317746352,164.7362106915329
13,75,261.40041767617015,164.71807157912423
13,76,261.39677438435575,164.69674151811427
13,77,261.38925869264955,164.67816153752597
13,78,261.37604579724825,164.66333863808285
13,79,261.365790109612,164.65016623272479
13,80,261.3628040022028,164.64127197561163
13,81,261.37018564174105,164.6377371121888
13,82,261.39778350084856,164.6409431423943
13,83,261.4387223190122,164.64949018171578
13,84,261.47486132659674,164.65854713872955
13,85,261.4986403893315,164.66639453960258
13,86,261.5067384137868,164.6707196812519
13,87,261.49026891790413,164.66859694772572
13,88,261.4548099128509,164.6601335984005
13,89,261.423507825299,164.65139413655191
13,90,261.4073367442735,164.6399721358034
13,91,261.40018851712244,164.62409781935438
13,92,261.39188773091195,164.60745908357856
13,93,261.37416510309146,164.59918531644686
13,94,261.335803406311,164.5978086096244
13,95,261.31029963574815,164.58794865768738
13,96,261.30082838744784,164.5710877539802
13,97,261.3072239631315,164.54791778179725
13,98,261.3329614648749,164.5160305634452
13,99,261.3804006654711,164.47912714497193
13,100,261.412945489696,164.45422526892213
13,101,261.4355320444666,164.43856731565432
13,102,261.4561502352029,164.43086181030822
13,103,261.4796240245462,164.42534380300225
13,104,261.50085148852884,164.42433450613547
13,105,261.51779893945167,164.43426645702874
13,106,261.52278393112346,164.48049617500067
13,107,261.52266741562863,164.55560732471832
13,108,261.52060381838226,164.64083724626352
13,109,261.5470366468286,164.72789314752097
13,110,261.6438697115708,164.81636456277994
13,111,261.86748268017953,164.89677768511464
13,112,262.25052601151634,164.9593332778126
13,113,262.8600479567366,165.0711350687781
13,114,263.5432432375735,165.21149753920793
13,115,264.24496563198295,165.36629799412032
13,116,264.8630900327409,165.557589216466
13,117,265.3890575016857,165.8023467839423
13,118,265.7802567159635,166.00930652587638
13,119,266.11135364848565,166.21916587382665
13,120,266.2857471570662,166.43267085132658
13,121,266.2889912591294,166.6018217371974
13,122,266.25049319080364,166.73940521687229
13,123,266.3179412180711,166.87447272923387
13,124,266.4762338103578,166.95764419574766
13,125,266.68828367428415,167.0192121228936
13,126,266.96520570372655,167.1146801687597
13,127,267.0644906008139,167.30205688636468
13,128,266.8259739719782,167.61615777230045
13,129,266.3497411288441,168.09508918026592
13,130,265.9012485442904,168.71068904738598
13,131,265.4718847133612,169.42927938206796
13,132,265.26167031050636,170.12774111999704
13,133,265.3429922583019,170.73412622799444
13,134,265.637791613182,171.3264772948446
13,135,265.9802497299182,171.84716656495752
13,136,266.38631897835717,172.2781330368373
13,137,266.7520087957058,172.62418669991425
13,138,267.01289727105956,172.8686784320636
13,139,267.2409236260679,172.91630501317715
13,140,267.3773318701925,172.9238594505186
13,141,267.52901519602113,172.873984482991
13,142,267.6878207872541,172.74588710958338
13,143,267.82225322482026,172.6224448975873
13,144,267.9264600931209,172.54150908185545
13,145,268.1584627344939,172.39662931483156
13,146,268.38112235320335,172.19461435849135
13,147,268.47201891022945,172.02683589147094
13,148,268.4646204081733,171.87505392507967
13,149,268.30503237080376,171.67221937203405
13,150,267.94335357344556,171.39738033819378
13,151,267.47064655375715,171.03984952138464
13,152,267.0546962119526,170.54949364296925
13,153,266.5851007331491,169.97908670237888
13,154,266.1569357356263,169.42456935387204
13,155,265.77456099049624,168.92042119447152
13,156,265.47375998561836,168.48570650576926
13,157,265.1902341495387,168.1446726924118
13,158,264.98415330571527,167.81706777399768
13,159,264.8594930049407,167.45975447785327
13,160,264.7977196662774,167.16473175611284
13,161,264.79002317551493,166.93304467282448
13,162,264.854133790863,166.72432643185388
13,163,265.0112940916168,166.57011761923565
13,164,265.19202749857703,166.51760872638894
13,165,265.36117403036553,166.47479563903602
13,166,265.43209644367374,166.46744495389217
13,167,265.3816213650296,166.5545426465361
13,168,265.2071144618562,166.67810141209995
13,169,264.9382603288873,166.7520231400738
13,170,264.65147943542513,166.79998989684555
13,171,264.4156048141134,166.82180328381864
13,172,264.224663591792,166.7982901449789
13,173,264.08603817342555,166.7405584130776
13,174,263.98430232275376,166.663461390859
13,175,263.8991174036134,166.6025651111365
13,176,263.7976833444592,166.60528512769363
13,177,263.652285988305,166.63278781007986
13,178,263.48982527915604,166.66014201605867
13,179,263.39378656353915,166.67897803710355
13,180,263.3720209038455,166.66814119440738
13,181,263.414152639059,166.60330825212793
13,182,263.5784791819506,166.5579708469157
13,183,263.83371097707277,166.60207179210946
13,184,264.11172741453424,166.7737589549784
13,185,264.38948176699097,167.05953407952123
13,186,264.68011996327647,167.38559835315618
13,187,264.97569662846155,167.68861209945672
13,188,265.30273355272254,167.97040584315351
13,189,265.62267534410586,168.2238155339158
13,190,265.94160880342065,168.4072224414171
13,191,266.2203551510899,168.5362806538719
13,192,266.45797097655344,168.60969468657655
13,193,266.5263809748086,168.63107798156338
13,194,266.4747348177923,168.6244980057635
13,195,266.3439605450628,168.61363581831614
13,196,266.1745699884082,168.63475861701156
13,197,266.0163094551352,168.74259486673137
13,198,266.037022817929,168.9470433390177
13,199,266.21525898222217,169.27586406124465
13,200,266.4633626027727,169.72967102960325
13,201,266.74599021918664,170.23001312381356
13,202,266.99278069420365,170.77739178710073
13,203,267.08783173601836,171.4419083024773
13,204,267.0154851315962,172.17175195377618
13,205,266.813610168054,172.9621556274033
13,206,266.5999962458618,173.75646272512245
13,207,266.4546456303334,174.43220676740867
13,208,266.36191313576796,174.83089704679094
13,209,266.357100384469,174.90303627337443
13,210,266.403684577128,174.65563014525938
13,211,266.4065999630527,174.19361032645813
13,212,266.3024945861265,173.58110590093
13,213,266.08342178192754,172.92225079153823
13,214,265.8005216495607,172.29857729496294
13,215,265.42126177492486,171.74650943436623
13,216,264.9963893977916,171.29743302644144
13,217,264.6173145912535,170.99926973863654
13,218,264.3879314423942,170.85114438317797
13,219,264.2536132297017,170.85305211405478
13,220,264.315132396793,170.95923469853196
13,221,264.4931158974248,171.16731120403227
13,222,264.7492922829508,171.48683787549524
13,223,264.9819314534932,171.91079040917532
13,224,265.1416548170175,172.3784477367824
13,225,265.27373444411495,172.86671548782203
13,226,265.4591315709823,173.34208094255132
13,227,265.60319975616574,173.7276588118678
13,228,265.7819912261562,173.91584524789107
13,229,266.0026267326436,173.91551387463127
13,230,266.2278921569942,173.76444033547355
13,231,266.4240960880241,173.50931367980942
13,232,266.6314804371669,173.2067969184321
13,233,266.82302103662613,172.95601670078912
13,234,267.00711226725355,172.7330298217847
13,235,267.15146095518816,172.50951718391644
13,236,267.2191226409034,172.27153706563757
13,237,267.1420433160262,172.03043845226526
13,238,266.8914536972058,171.78576721220952
13,239,266.52288469766455,171.57841761746977
13,240,266.08059519377656,171.42858378474307
13,241,265.6281225048863,171.36896738243843
13,242,265.30634582889354,171.32172468688216
13,243,265.1555304340117,171.24922287364146
13,244,265.1267567470986,171.16468962775502
13,245,265.182693870135,171.078313012347
13,246,265.27638483098053,171.00562777412642
13,247,265.37258459347373,171.02565658953657
13,248,265.52470680410136,171.12418644290935
13,249,265.7053108297639,171.21328213286728
13,250,265.9316194336107,171.25947614856798
13,251,266.2414591547914,171.20370712791322
13,252,266.53537393797166,171.02820419862644
13,253,266.76448706269605,170.78306440686663
13,254,266.9577351614972,170.5558582406893
13,255,267.041717599223,170.39305290587032
13,256,266.98806476534986,170.24670673407257
13,257,266.86430813541506,170.03649082644083
13,258,266.69114247412205,169.6897308206795
13,259,266.4295704994932,169.25906786692104
13,260,266.1616583942556,168.74833493374786
13,261,265.93359132927,168.29579681209728
13,262,265.7313809114397,167.99290155374217
13,263,265.5103169577827,167.85219090537558
13,264,265.34808228852364,167.7923350875618
13,265,265.2467757631001,167.8201407015937
13,266,265.20749343202715,167.92833764050295
13,267,265.1867702523019,168.09198450695743
13,268,265.1905679037033,168.30052208507615
13,269,265.15512833003163,168.54711334502025
13,270,265.12211682396725,168.77586836512444
13,271,265.0532570855597,168.93430870779108
13,272,265.0353272798474,169.01611242631003
13,273,265.1214355875824,169.03695995592818
13,274,265.2786307692831,168.99195431034082
13,275,265.39330714784273,168.86129819288993
13,276,265.443552788898,168.63824040978497
13,277,265.38725887396595,168.33110738561717
13,278,265.1391619901586,167.9679517999036
13,279,264.77957503396715,167.62332585866795
13,280,264.46050670770046,167.3711299148492
13,281,264.22755441690697,167.20053722661618
13,282,264.0665952028395,167.1111567036649
13,283,264.03449838961956,167.10159468654916
13,284,264.1283399048773,167.10544759705326
13,285,264.21241073267277,167.12716706284075
13,286,264.2446617896833,167.2451382924075
13,287,264.2272448777051,167.5189760604458
13,288,264.1816671363969,167.90629655442004
13,289,264.1284596970091,168.3574497961816
13,290,264.134775167226,168.78151276544776
13,291,264.15943016179233,169.14569086532362
13,292,264.2629139821977,169.42770789197138
13,293,264.41968500092736,169.6271115411119
13,294,264.5515910825146,169.75887177935317
13,295,264.63809203504354,169.82716914281903
13,296,264.69268189918495,169.7700033863791
13,297,264.63742438689957,169.56070792027083
13,298,264.5915746119651,169.3116812549843
13,299,264.6254117172805,169.10811733287989
13,300,264.70253605014767,169.0053068235359
13,301,264.85177395307375,168.99657803697446
13,302,265.04410440880594,169.0435543363768
13,303,265.10457122914437,169.04713097074006
13,304,265.0348915858057,168.99564700952288
13,305,264.9276496001244,168.925351437396
13,306,264.83749973210615,168.9064233967135
13,307,264.828342382402,168.95097359183526
13,308,264.8914796056686,169.05819308873905
13,309,265.0414968793858,169.121181975093
13,310,265.18113934493465,169.1248177775743
13,311,265.25446826732934,169.09607018911075
13,312,265.2329187288341,169.12810921124878
13,313,265.19120639723513,169.22856875491553
13,314,265.1228474509278,169.40313331243257
13,315,265.08659062351177,169.5759164423826
13,316,265.0796513911303,169.65285387350497
13,317,265.09936066901406,169.56422863751837
13,318,265.15641451524374,169.31955020277624
13,319,265.230781160774,169.01550195085022
13,320,265.25012822941585,168.74356027265816
13,321,265.259376280088,168.5622255026726
13,322,265.233551162397,168.48933257339786
13,323,265.1153112267106,168.52270793148338
13,324,264.89634232094375,168.6345212586985
13,325,264.64848726270264,168.79820191784995
13,326,264.3489811042549,168.95739188811214
13,327,264.0759725761183,169.0610069553058
13,328,263.924030371321,169.10288499621024
13,329,263.945594063164,169.14773091441631
13,330,264.0882705361784,169.22597901875437
13,331,264.3281476131689,169.3181015525901
13,332,264.607658345215,169.46440454121725
13,333,264.8820249413271,169.63481707581116
13,334,265.04797786071265,169.75332379856974
13,335,265.12302143346056,169.7783122976279
13,336,265.1275011974201,169.73319859846558
13,337,265.147756170874,169.57235193748312
13,338,265.14898427498196,169.37561652007338
13,339,265.12492655701175,169.1513342818748
13,340,265.08741734737214,168.90366423611906
13,341,265.01126518289425,168.63500126689345
13,342,264.87304924455276,168.36013553265238
13,343,264.736765050248,168.1078743140519
13,344,264.61095432686795,167.89918258094912
13,345,264.47479303340276,167.71916015625865
13,346,264.36628994196525,167.52539045347086
13,347,264.28744981305596,167.3377276185639
13,348,264.20250204482625,167.19013711987088
13,349,264.1467647922349,167.09951500965673
13,350,264.149166138642,167.0283749838931
13,351,264.19630651221036,166.99106585828176
13,352,264.21914903592995,167.02730783549794
13,353,264.2105808179799,167.06826540928944
13,354,264.19400445686716,167.06995128024744
13,355,264.16363987310945,167.05301515863462
13,356,264.1349498511526,167.0355704863678
13,357,264.1779023169664,167.00655706132514
13,358,264.30776606317625,167.0091503645844
13,359,264.451866343159,167.06082823735778
13,360,264.55590372843443,167.14417067324146
13,361,264.5916952704345,167.2608029547634
13,362,264.53297848380186,167.44132478087465
13,363,264.36225718065174,167.6901764883995
13,364,264.1689148767088,167.95819935095815
13,365,264.006515651371,168.21309590464213
13,366,263.9162082402451,168.45314463174503
13,367,263.8933576337948,168.64682482284778
13,368,263.92656212035143,168.74820299143386
13,369,263.97429442724757,168.79858649552935
13,370,264.00451410236406,168.85571357927012
13,371,263.955328356358,168.95234102437928
13,372,263.8442767304049,169.03240170013754
13,373,263.6889047009511,169.03236252907612
13,374,263.4747909231804,168.89114049283393
13,375,263.2501839288308,168.61492371800395
13,376,263.03977549791307,168.19576134601036
13,377,262.8271057453439,167.67054009852907
13,378,262.62936619950426,166.99369354408853
13,379,262.4815335979613,166.22709449439705
13,380,262.31976777830295,165.34801767420296
13,381,262.173423856544,164.4293425945579
13,382,262.01811039164255,163.56434003879795
13,383,261.8363732646393,162.83705004492205
13,384,261.6525733203949,162.25542536416296
13,385,261.54629387357215,161.89917771436095
13,386,261.4671753765609,161.76401500264964
13,387,261.43019711398216,161.8217872873304
13,388,261.4736534146507,162.1059817767637
13,389,261.5771397625693,162.59245537633615
13,390,261.72774480880446,163.19547749284382
13,391,261.9381151475361,163.8198880037868
13,392,262.23786597046785,164.4053192185702
13,393,262.5531799057136,164.9135227307991
13,394,262.8033654636341,165.388779344141
13,395,262.9749232802678,165.8093485889567
13,396,263.0727342883374,166.1159719848324
13,397,263.07893285985443,166.2569015459069
13,398,263.03917251059005,166.26809872122104
13,399,262.99980752596093,166.1013482914518
13,400,262.94155712127355,165.79968717479736
13,401,262.909599224879,165.45213099651332
13,402,262.8016384079509,165.14021247077795
13,403,262.5474148737372,164.81565184631302
13,404,262.20335614632666,164.53980370838218
13,405,261.83011964597426,164.3576953108379
13,406,261.4527521202921,164.2070127761003
13,407,261.17433035600476,164.06844501218768
13,408,261.0601645810366,163.97455026233513
13,409,261.0664842275888,163.87884217646274
13,410,261.14762117923533,163.75036287776533
13,411,261.26757223772876,163.68992911948678
13,412,261.4265538205734,163.73229191860563
13,413,261.70117556935963,163.8369841324532
13,414,262.05315307616604,163.99805119528867
13,415,262.42490041878153,164.21062938485622
13,416,262.75015666689774,164.46029282626336
13,417,263.02355232916113,164.70131759268844
13,418,263.16326406800374,164.9516698733518
13,419,263.1981760700488,165.18650423015396
13,420,263.17488892131246,165.38640075621421
13,421,263.09220496162357,165.52087644910958
13,422,262.9241598027325,165.58654132197242
13,423,262.7200597809312,165.53322219997003
13,424,262.50155332130413,165.40416940381033
13,425,262.23692656712734,165.20726919113196
13,426,261.98442118722147,164.93585261485345
13,427,261.77776509610635,164.61318785459642
13,428,261.5901658097189,164.31521644204378
13,429,261.42043147391536,164.04456873491102
13,430,261.29489378090733,163.86018450138673
13,431,261.23361528032,163.7528282345081
13,432,261.2517935493591,163.7127396226975
13,433,261.32378016897746,163.73709447905398
13,434,261.45795256427544,163.80724172643775
13,435,261.66387880948633,163.88757621787119
13,436,261.8811395283521,164.0356403858482
13,437,262.0593620428056,164.24853610610424
13,438,262.1904260825505,164.49576262842956
13,439,262.2679179696804,164.76657346248075
13,440,262.29955143255745,165.0417238690651
13,441,262.29952641579337,165.2707226093478
13,442,262.29642450617007,165.4464532885318
13,443,262.27734552203304,165.53610558528726
13,444,262.2346963517101,165.53556849034257
13,445,262.15288318627256,165.44122518079422
13,446,262.04330461005327,165.25155393424745
13,447,261.88338938077453,164.9630450994353
13,448,261.7218780199525,164.62516849546347
13,449,261.57178882174554,164.27924394271852
13,450,261.46537258600557,163.9441603654146
13,451,261.39556945042597,163.66343812083343
13,452,261.36858184982805,163.46165810960875
13,453,261.37603334171627,163.34569609747243
13,454,261.3862919210777,163.32530096864195
13,455,261.39786202386426,163.3828978220541
13,456,261.4298922173749,163.5084226114343
13,457,261.5154533600426,163.68958658842337
13,458,261.61796799266034,163.92332842555828
13,459,261.7401315760642,164.1537448463676
13,460,261.82529224563643,164.38970358613864
13,461,261.8700317278368,164.5793286801653
13,462,261.87277642655073,164.70464552363487
13,463,261.85900921016713,164.76957939720572
13,464,261.8386024222443,164.811655279953
13,465,261.83562840667366,164.82781495623726
13,466,261.8198611467902,164.8446419828849
13,467,261.7746308206678,164.8542827553802
13,468,261.7044080814409,164.84321453797537
13,469,261.61918207055055,164.79432888744353
13,470,261.5150162904852,164.69950869148258
13,471,261.41568909941634,164.5663050585841
13,472,261.3500273377503,164.43068217671572
13,473,261.31113560455856,164.29532287593273
13,474,261.29263118173515,164.1680103242292
13,475,261.28955205967713,164.07277712616784
13,476,261.2964213499248,164.02128160450022
13,477,261.2913045544765,164.02182020346373
13,478,261.265968965921,164.10707165421513
13,479,261.2388983047929,164.2476517813912
13,480,261.2359223134073,164.42708958823164
13,481,261.26687520925475,164.5964785102942
13,482,261.3307648446852,164.72151475165995
13,483,261.4312465512763,164.78958191397277
13,484,261.54217015462325,164.84449137406025
13,485,261.6403397325772,164.8724759198521
13,486,261.7097455489879,164.88475982401832
13,487,261.7494660986609,164.89005628467186
13,488,261.77029179847045,164.88781362966859
13,489,261.7961985528205,164.86968562839786
13,490,261.83334373406393,164.8617001567242
13,491,261.85093802484994,164.87162247943567
13,492,261.82447774817166,164.8871986484934
13,493,261.7556566680033,164.88592637691764
13,494,261.6579321170417,164.8513029861185
13,495,261.548346518404,164.7794970773937
13,496,261.4666457208893,164.69435634631677
13,497,261.4046262149486,164.62295921688101
13,498,261.35267371429154,164.57640291824916
13,499,261.30258455487893,164.5694205660034
13,500,261.251077094392,164.6056723130657
13,501,261.24404994354273,164.65802602709883
13,502,261.3399125655039,164.70979434443635
13,503,261.5041194488566,164.76048734904438
13,504,261.7037278548174,164.79990125620319
13,505,261.9372871267177,164.79354039888275
13,506,262.12380690339734,164.7603196178393
13,507,262.21860202644433,164.71492942290072
13,508,262.2652347435858,164.6716743286755
13,509,262.2745808550169,164.63941403364592
13,510,262.24425552174375,164.63567710405098
13,511,262.21392348191847,164.65408680265202
13,512,262.1672875538954,164.68238833524134
13,513,262.06354676938525,164.71172769700505
13,514,261.889750029782,164.73354643587393
13,515,261.7082307169075,164.73308944848034
13,516,261.52419536981785,164.70863822899528
13,517,261.3789965817924,164.65679152100134
13,518,261.2964387045982,164.58145193089885
13,519,261.2859387196422,164.4949401849929
13,520,261.3032087469735,164.42832259074078
13,521,261.336239833163,164.38627043532478
13,522,261.35037743310335,164.3792498255031
13,523,261.3571961367828,164.4003635291856
13,524,261.3764620634047,164.44891144914376
13,525,261.39372510184944,164.51782696670227
13,526,261.45758093760793,164.60811307665207
13,527,261.54969589151074,164.70659866690474
13,528,261.6407965090679,164.79814978163003
13,529,261.7233664393267,164.8742910221227
13,530,261.7914074451562,164.93182032333587
13,531,261.7872559171703,164.969809686195
13,532,261.7496277534279,164.9894544856279
13,533,261.71482176626404,164.99708183719144
13,534,261.6715192829329,164.99851177683584
13,535,261.600350043647,164.99617912433925
13,536,261.5376146009405,164.975041869182
13,537,261.4915016112826,164.93630612360087
13,538,261.47414358825495,164.8678600815264
13,539,261.48285023563676,164.77982588486566
13,540,261.52250891890833,164.68127959525836
13,541,261.5734758447617,164.59109743021506
13,542,261.62487494279793,164.51668150697373
13,543,261.650227809597,164.48499443411973
13,544,261.65509175312,164.4945142622717
13,545,261.6489509093648,164.53467683868286
13,546,261.62920610095347,164.59392794988352
13,547,261.59418959860017,164.6626283693791
13,548,261.5520338759153,164.73652535896497
13,549,261.505628387167,164.80458440383057
13,550,261.4283846306708,164.87254517054006
13,551,261.35385474534957,164.91784298017592
13,552,261.3019727963511,164.94074688160373
13,553,261.25102915101877,164.94615008781628
13,554,261.20829313232235,164.93149255233234
13,555,261.2082056997343,164.8904886765214
13,556,261.22245381981656,164.83727842853816
13,557,261.2410114796692,164.77995946554978
13,558,261.27053383382764,164.72533297931625
13,559,261.3041241849708,164.67903415875327
13,560,261.344209116324,164.6368482360557
13,561,261.3796773256548,164.6160759787712
13,562,261.38116834470827,164.6259362205961
13,563,261.38195024842906,164.64096860505646
13,564,261.3864313142329,164.6578339414509
13,565,261.393142690287,164.67323285228832
13,566,261.41532191401103,164.672210570002
13,567,261.4710020172093,164.6562969824889
13,568,261.5306447448911,164.63644799121928
13,569,261.5917461200918,164.61019251376612
13,570,261.64201996821026,164.5864090074218
13,571,261.6785776211665,164.57554843254522
13,572,261.70264297847257,164.56986206818806
13,573,261.72366162852467,164.57525971541938
13,574,261.7476527571899,164.60511845557357
13,575,261.7665117094643,164.63366567487066
13,576,261.7683521756219,164.64674822331298
13,577,261.7644132829784,164.64845930883695
13,578,261.74585748925494,164.64212940242592
13,579,261.7128417484057,164.6118730541579
13,580,261.67996259580286,164.58138746293628
13,581,261.645436443786,164.56844134106967
13,582,261.60917019353093,164.5653115419654
13,583,261.5784883680986,164.56781012812064
13,584,261.55399632200755,164.58246336322165
13,585,261.55238238673724,164.594270008833
13,586,261.57644524498505,164.60089718651597
13,587,261.5996570478186,164.62455951533806
13,588,261.6224259159052,164.64948183600197
13,589,261.64647508814096,164.66370226891334
14,0,284.805535934898,163.34332670020075
14,1,284.7687579784073,163.45984006837082
14,2,284.74936110574015,163.60397455101474
14,3,284.74540123388357,163.75111458723114
14,4,284.7930983027195,163.85742907605658
14,5,284.8560765157161,163.9361767987016
14,6,284.9089519031718,163.99724693734555
14,7,284.92446539405336,164.03242087213798
14,8,284.9258503792062,164.03472711526197
14,9,284.9142467252845,164.0184201038445
14,10,284.8939466643682,164.01069947813704
14,11,284.870964094707,163.99863840085752
14,12,284.85603837041214,163.98231197777193
14,13,284.84962327707166,163.96862139716401
14,14,284.8489325579211,163.95544172128947
14,15,284.84996737780085,163.93040008280846
14,16,284.85265963789004,163.91203184054604
14,17,284.8517424583074,163.9009253673612
14,18,284.8314874031336,163.89472256817183
14,19,284.79788550727454,163.88695314706777
14,20,284.75732180201425,163.87409450546545
14,21,284.71409299060326,163.84370817544448
14,22,284.69175571537045,163.77316706027057
14,23,284.6967415709197,163.68847541988714
14,24,284.7154024524163,163.61018729213285
14,25,284.7405355576174,163.53703848984856
14,26,284.76458562703306,163.4801909778513
14,27,284.7701210898261,163.46453773637685
14,28,284.76025258926506,163.4725271073614
14,29,284.73830897674287,163.4856646848123
14,30,284.712927562356,163.49467600467918
14,31,284.68929064517573,163.5023802721668
14,32,284.6709861370624,163.51426760882535
14,33,284.6581294769314,163.53251989117243
14,34,284.6497083650394,163.56900792758424
14,35,284.654647295766,163.61927803482436
14,36,284.6758680967052,163.66662669753038
14,37,284.7004599982744,163.70864774207357
14,38,284.7261866180984,163.7396031561754
14,39,284.7562376577855,163.74353575108853
14,40,284.7769448850288,163.73638050856795
14,41,284.78580038927436,163.73083044210702
14,42,284.79172274722674,163.72808549769533
14,43,284.79090989614105,163.7263716751859
14,44,284.7882703158432,163.72964786131988
14,45,284.7757357784332,163.7371179169452
14,46,284.7315665509225,163.76178951115398
14,47,284.69551618470405,163.8011107185935
14,48,284.67332080009106,163.84278336493713
14,49,284.650592638367,163.88229705924363
14,50,284.62778844393097,163.9120253874199
14,51,284.632104467561,163.9231495091649
14,52,284.633475102478,163.91574600699232
14,53,284.6280491741693,163.9041383983773
14,54,284.62287836171424,163.8928427398567
14,55,284.62702313673725,163.885125722212
14,56,284.63727507812723,163.87928634234024
14,57,284.64506151367937,163.86877529902887
14,58,284.64438824968323,163.8407983279055
14,59,284.66553343026715,163.80740736350307
14,60,284.7042859130119,163.7827824314747
14,61,284.744768044328,163.76387048045032
14,62,284.7854789070389,163.7567688298922
14,63,284.83305293198805,163.76875300200268
14,64,284.8532358203935,163.7850381573346
14,65,284.85816660193865,163.7953614400847
14,66,284.8610814954251,163.8027462172065
14,67,284.869259913673,163.80945908936127
14,68,284.87430959421516,163.814918186708
14,69,284.8726508256322,163.81863722296862
14,70,284.84617842691296,163.81511534006498
14,71,284.8177230783224,163.80130074418767
14,72,284.77653444287193,163.77423614841254
14,73,284.72991462106086,163.74314314280653
14,74,284.6912052781345,163.71587823096104
14,75,284.6748334173792,163.6942814709215
14,76,284.6611691574971,163.6779920841487
14,77,284.6528369235062,163.66685367254485
14,78,284.6541498972167,163.6580572752151
14,79,284.6592187281616,163.6474335664849
14,80,284.6609210496707,163.63630561432052
14,81,284.66366279460476,163.62741574476183
14,82,284.68469802224087,163.62001193095026
14,83,284.71328891009165,163.6173022445379
14,84,284.7409239806097,163.61283477842827
14,85,284.76392979982006,163.603932522886
14,86,284.7740688151734,163.5913028377515
14,87,284.76154703908895,163.57965675410424
14,88,284.7314044236272,163.56505220818588
14,89,284.6971572737571,163.5571483805989
14,90,284.66893464308095,163.56164110684674
14,91,284.6442918963226,163.57067758501242
14,92,284.6174047917384,163.5817938452957
14,93,284.5843712055907,163.59912748332903
14,94,284.54012626932234,163.62183879282532
14,95,284.51505603618796,163.63625227076994
14,96,284.5153632867506,163.6439128157268
14,97,284.5419844286656,163.64828809682479
14,98,284.59708911335304,163.64584750107375
14,99,284.67903786106217,163.63133655488522
14,100,284.7547695596007,163.6154725417332
14,101,284.82173242506343,163.6042960474815
14,102,284.87731111612334,163.59674699740214
14,103,284.9250052249777,163.59056935047323
14,104,284.9641111069882,163.58946985425357
14,105,284.98052237393455,163.59106722501411
14,106,284.94657511728167,163.59475106634656
14,107,284.8950224713525,163.6156682720792
14,108,284.83777944074967,163.6473648417142
14,109,284.7922975017541,163.68408748243974
14,110,284.79902467422767,163.72292829251688
14,111,284.9201604475913,163.78171123627064
14,112,285.15042837191066,163.87518897583482
14,113,285.50826597892643,164.02947741725026
14,114,285.92581721281744,164.18923475442716
14,115,286.32573434349433,164.32433307088226
14,116,286.66893239947933,164.44105468772253
14,117,286.927591685087,164.51200291306523
14,118,287.0792591210726,164.52134696773155
14,119,287.1830888520286,164.57609697610891
14,120,287.2811904033631,164.75656915760308
14,121,287.3128689702773,164.95628306095043
14,122,287.34496375364904,165.16557585917954
14,123,287.453047075287,165.39813448195014
14,124,287.5604182432801,165.5663882542015
14,125,287.61048205018784,165.61655102886775
14,126,287.71279973554726,165.66610198666518
14,127,287.7897827174787,165.79748834472412
14,128,287.7140103583746,165.9947575035384
14,129,287.54066664805043,166.222341676407
14,130,287.4028498457888,166.55567370722665
14,131,287.22501938337274,166.93133617391732
14,132,287.09496844404686,167.24081609547258
14,133,287.1653461369292,167.52216085485472
14,134,287.4158696569609,167.89865151903518
14,135,287.7185183375736,168.29270660542275
14,136,288.0679981018664,168.6903962328093
14,137,288.4046639267202,169.01537680199272
14,138,288.6361068461112,169.13304156885843
14,139,288.8201158520891,169.00033586197867
14,140,289.00907620816446,168.68334305377553
14,141,289.272159083574,168.27288388563758
14,142,289.5840708784223,167.90306456914848
14,143,289.87288887763975,167.6706829754591
14,144,290.13217538936715,167.5739939256121
14,145,290.36957712010354,167.56849534567598
14,146,290.5112724412173,167.52722097901602
14,147,290.5109566174794,167.43295676922634
14,148,290.45297291839574,167.30159666361683
14,149,290.358027258906,167.124154983546
14,150,290.24128513047265,166.86387528473134
14,151,290.11179748615945,166.58879702617008
14,152,290.01357409336464,166.28627409907102
14,153,289.82326416580906,165.96070047247636
14,154,289.4830230836707,165.6604575081762
14,155,289.0614217882687,165.41097276846412
14,156,288.6162357493393,165.19037967143876
14,157,288.18711970549725,164.9698570178993
14,158,287.90793285126546,164.69239066263998
14,159,287.834810116435,164.3172091220052
14,160,287.89532829537643,163.95866242139783
14,161,288.03908018344293,163.66214799726194
14,162,288.2029057880062,163.45473808222135
14,163,288.3428816123717,163.38044953805422
14,164,288.4288642601323,163.44539690560308
14,165,288.43477294120834,163.53117060808069
14,166,288.36207119574533,163.61981935093286
14,167,288.2525046171569,163.7115211097635
14,168,288.12846711719305,163.7830574400265
14,169,288.00050790237583,163.8124585196834
14,170,287.8535007292062,163.81341292746075
14,171,287.7190199356586,163.81221677703363
14,172,287.5538992067378,163.8144686472993
14,173,287.3870659807616,163.80259918860585
14,174,287.25849684847503,163.74668842053583
14,175,287.212742338207,163.6718353328276
14,176,287.1868044386614,163.6412366314599
14,177,287.16627967596503,163.6449780812886
14,178,287.11474826846234,163.6644076658493
14,179,287.0168392233572,163.71696385105497
14,180,286.8935893867912,163.7735181923397
14,181,286.8371930579036,163.81928594519016
14,182,286.9093981699792,163.89823529737853
14,183,287.1228544912089,164.03950136806975
14,184,287.4241269623391,164.25982337873393
14,185,287.7460567355994,164.53569390198697
14,186,288.0346082356138,164.8158310239803
14,187,288.2766982040231,165.06813078648267
14,188,288.48687067066646,165.2850401995225
14,189,288.67737865695705,165.4911032624523
14,190,288.9044528363582,165.6639433238889
14,191,289.13148803727665,165.80443290828816
14,192,289.335959425754,165.887560589242
14,193,289.425735617972,165.93473649957392
14,194,289.405209627744,165.90571467231288
14,195,289.2914197959093,165.86016987803023
14,196,289.14226281573633,165.82695957598173
14,197,289.0432385250018,165.84670226677846
14,198,289.0800187229823,165.94464591962364
14,199,289.23890791788136,166.1440392559553
14,200,289.4400153981883,166.424530550538
14,201,289.64930830156976,166.72692411559507
14,202,289.76929718714615,167.05351076031624
14,203,289.7575131674682,167.4380742394196
14,204,289.64186790715434,167.8819946270562
14,205,289.46594525745576,168.43051888812462
14,206,289.29809994207415,169.0282483494163
14,207,289.2170941958585,169.60922524033563
14,208,289.1902872369766,170.07435457472732
14,209,289.2197542188382,170.33278837225473
14,210,289.2657861818773,170.29207187114125
14,211,289.2438359618364,170.00992314133993
14,212,289.06513810990253,169.5162044008623
14,213,288.7735739267417,168.86481851717883
14,214,288.4391928014977,168.17204755530648
14,215,288.01131167189277,167.50826920087286
14,216,287.55270945003826,166.99487554988673
14,217,287.20427433103794,166.76543806757263
14,218,286.99780496817993,166.77286512395042
14,219,286.8000923848996,166.93884556586005
14,220,286.720844040087,167.18343590563293
14,221,286.7184418433955,167.4577409257907
14,222,286.77006946541485,167.7671504834032
14,223,286.845831204229,168.13202150336457
14,224,286.98252834830026,168.53150014338954
14,225,287.1856964717116,169.02113426987302
14,226,287.5116721901663,169.53334402685596
14,227,287.82779972112104,169.87024151686015
14,228,288.083392865714,169.94674653784378
14,229,288.2863618733794,169.84749702521978
14,230,288.4539165515795,169.63293700896162
14,231,288.57346826740866,169.4032913983664
14,232,288.67530599177826,169.20796922882042
14,233,288.8030554752545,169.0792706536884
14,234,289.00534975439973,168.9164225811638
14,235,289.2475193566851,168.7029892115161
14,236,289.46015960590694,168.47283543188732
14,237,289.5732387748461,168.24722470613307
14,238,289.5292346901749,168.02034216759589
14,239,289.3560459126043,167.83299981160704
14,240,289.1044656812781,167.68270211843722
14,241,288.8154642310373,167.57318857975397
14,242,288.5649754247354,167.44759079040628
14,243,288.4047491960686,167.32688173075448
14,244,288.2876049765447,167.20475053926108
14,245,288.19672009725065,167.11429855127258
14,246,288.15545414232645,167.0621758939472
14,247,288.17870525985705,167.08965710657884
14,248,288.31892367367647,167.15029785107168
14,249,288.5154168283134,167.2030311623874
14,250,288.7466620988946,167.18003718081604
14,251,289.0185404501337,167.0714162514007
14,252,289.2336038347658,166.91089925083492
14,253,289.3424220648474,166.75336628154983
14,254,289.4086537448212,166.64338647918876
14,255,289.4020853213364,166.6004723093909
14,256,289.33354721143445,166.57034955467293
14,257,289.2468269699177,166.4413783557586
14,258,289.13341962115516,166.17738475183666
14,259,288.97643524708866,165.79878049199965
14,260,288.847271044021,165.3454382635309
14,261,288.72800970454,164.9256868901649
14,262,288.59574758630396,164.6983824836022
14,263,288.4400393492193,164.5902630864457
14,264,288.2498540875602,164.54960267173757
14,265,288.02214675821665,164.60060310213822
14,266,287.79657010328503,164.7281490000162
14,267,287.61557125113967,164.85738231208524
14,268,287.50920391516706,165.01718765475218
14,269,287.45467939795657,165.21721797507533
14,270,287.44541572651633,165.40695028221214
14,271,287.45032579367256,165.53477152812934
14,272,287.484469949472,165.5921420439256
14,273,287.5611508008902,165.59701154363208
14,274,287.7059314130385,165.54503304104873
14,275,287.83324952743834,165.41045489970156
14,276,287.90225006094045,165.20915835529416
14,277,287.8794986104513,164.94674125550213
14,278,287.7397240903893,164.6660571241084
14,279,287.5083537697531,164.40807788774902
14,280,287.3485848779124,164.19269683973906
14,281,287.2621163604743,164.05527307300295
14,282,287.2435751672435,164.02069293479883
14,283,287.28145518332184,164.042529983067
14,284,287.3380848574222,164.09369819987216
14,285,287.3881039122171,164.17693272948492
14,286,287.42164899843664,164.2798750433134
14,287,287.4582394960214,164.4771389922513
14,288,287.48884743167935,164.7441296814651
14,289,287.53751392283823,165.04902007952523
14,290,287.5666345260761,165.33842030228118
14,291,287.5766639604516,165.60516076798504
14,292,287.5861535590121,165.79108117273282
14,293,287.6046197545299,165.9145106886403
14,294,287.5921944717637,165.9928523269152
14,295,287.5956572027609,166.00900924944457
14,296,287.63509561499365,165.94256441019783
14,297,287.65984013591407,165.76819743787888
14,298,287.6839535068645,165.5483826462683
14,299,287.751737499725,165.34980094866913
14,300,287.8089581436642,165.24128002310945
14,301,287.8915614406382,165.23160265273626
14,302,287.9877821091638,165.30906056721165
14,303,287.994851598988,165.35573190851505
14,304,287.93810984386147,165.3551591058048
14,305,287.90379037869184,165.32953302138398
14,306,287.8985472251133,165.33011591918526
14,307,287.91688997304817,165.3890463757327
14,308,287.97163300259894,165.5168862323522
14,309,288.0467958743703,165.64428147795857
14,310,288.10680384208666,165.7449137419304
14,311,288.1237321710267,165.8350597829303
14,312,288.10306790633837,165.91899436540075
14,313,288.0892592134837,166.026987005956
14,314,288.0873718295549,166.18226549683718
14,315,288.10396443316574,166.32417520956506
14,316,288.1121187885518,166.3856888342189
14,317,288.1537723188087,166.33281388603766
14,318,288.2435748774258,166.17697808954412
14,319,288.3447400853343,165.95799755455127
14,320,288.40773116867246,165.74158066995236
14,321,288.4593842259669,165.56146928096342
14,322,288.4213960654509,165.43906980672313
14,323,288.2905500788067,165.410374179495
14,324,288.08675714510196,165.46029449247905
14,325,287.84670359522045,165.57961784942364
14,326,287.53491670492093,165.7171121349572
14,327,287.2402575290863,165.8231136767429
14,328,287.02756442397344,165.88426272216495
14,329,286.9308731743345,166.0189619974007
14,330,286.9234545401632,166.16819470610238
14,331,287.0230768576857,166.28583302876729
14,332,287.2016323159346,166.43277840129107
14,333,287.4050973552725,166.55492960154828
14,334,287.5896857414994,166.5613089181222
14,335,287.7558043143581,166.4718909541618
14,336,287.90239962437437,166.35530449903868
14,337,288.0321434020133,166.1685711007915
14,338,288.13544819876347,166.0031783472685
14,339,288.16350802788,165.83808471826052
14,340,288.09345563027057,165.63946707923887
14,341,287.9432593304079,165.42282649460057
14,342,287.7508411256895,165.23881055284298
14,343,287.56349464111014,165.0586546507688
14,344,287.44941940456175,164.91214061078256
14,345,287.41237427941246,164.78747151677192
14,346,287.3844746479486,164.65424146950943
14,347,287.34386306727305,164.47787415893657
14,348,287.2748346432851,164.31284590767544
14,349,287.177271330046,164.21853529587318
14,350,287.0757106052639,164.18653470356864
14,351,287.03297233615956,164.1558882926239
14,352,287.0094071352978,164.19301668497343
14,353,286.9966542088856,164.2684310764903
14,354,287.0148103815666,164.31333274377482
14,355,287.06274479239323,164.3261230295906
14,356,287.13577534520726,164.3415112834823
14,357,287.26010672974627,164.34105804903692
14,358,287.39140797142954,164.34533223876988
14,359,287.49595940759866,164.36742220088874
14,360,287.53664024958664,164.38822864389272
14,361,287.5029006664077,164.42238690310006
14,362,287.39819732110436,164.4827714250522
14,363,287.25634554986993,164.5876846895316
14,364,287.12815034404736,164.72633560213347
14,365,287.04632552259625,164.9045543318604
14,366,287.01987825926574,165.09938114650598
14,367,287.0229683517,165.2838284916108
14,368,287.0459443565642,165.41229119616028
14,369,287.0683195825835,165.46681684560048
14,370,287.1023434985258,165.43981630164023
14,371,287.1525165161223,165.40249500341918
14,372,287.19822196203756,165.35183746756576
14,373,287.2044459865205,165.28283949852502
14,374,287.1566243207137,165.18362227941319
14,375,287.0404200903915,165.0807517078358
14,376,286.86161207677543,164.91131704800418
14,377,286.6188211318668,164.67055624051645
14,378,286.36698093125847,164.31712469469045
14,379,286.1413394231193,163.87800317162362
14,380,285.89700148347976,163.3370221486154
14,381,285.614659811679,162.79688868794523
14,382,285.36167968762334,162.32330276970123
14,383,285.0648428481575,161.95589852737885
14,384,284.74791296704,161.7255543200892
14,385,284.47857011729565,161.70647972765556
14,386,284.2451143249585,161.8169988691789
14,387,284.0387575639143,162.01076045513543
14,388,283.9710045814162,162.27155738192863
14,389,284.0426042800289,162.57800022624713
14,390,284.21496400070555,162.86931370576323
14,391,284.45387131751096,163.13971117906033
14,392,284.7288603979826,163.3574535965875
14,393,285.00513077801355,163.58552634240357
14,394,285.28032833816803,163.85142062218765
14,395,285.54711924714263,164.12399755606637
14,396,285.81534991707923,164.33168640197542
14,397,286.0681206439322,164.45658248307382
14,398,286.268605596241,164.47878576611924
14,399,286.36956844149364,164.37214698600263
14,400,286.3932387924795,164.18058687421282
14,401,286.38529890420267,163.95923848887983
14,402,286.32780361319885,163.790272096891
14,403,286.1247413042868,163.6985039593138
14,404,285.76927792302314,163.64827565852497
14,405,285.3489494830567,163.61439149658958
14,406,284.93805417292464,163.55590059897244
14,407,284.5727151142167,163.46597715164174
14,408,284.3551845820392,163.35256045969086
14,409,284.29765634780546,163.24657930684782
14,410,284.3393986227251,163.1462722782451
14,411,284.4428555035418,163.10576079135225
14,412,284.65005160183756,163.1020342949203
14,413,284.99558814416457,163.05859793359824
14,414,285.43221693545394,163.01714456239287
14,415,285.86488436391767,163.06395531648013
14,416,286.2145283365168,163.20652195623103
14,417,286.46725377967994,163.41711836334332
14,418,286.62635901783773,163.69302857381157
14,419,286.70510694952395,163.96368880743145
14,420,286.7380378815113,164.1355659911679
14,421,286.72022075122027,164.1880556473998
14,422,286.6041250565251,164.15150053481753
14,423,286.3999518409316,164.06475259821985
14,424,286.1430911324648,163.9893923459497
14,425,285.8151654617358,163.93233727154714
14,426,285.4653862142362,163.87430229619318
14,427,285.15760722254515,163.80533462421874
14,428,284.8724256442,163.7207930191042
14,429,284.6205787730459,163.6082811348177
14,430,284.4690665728454,163.50376839048093
14,431,284.42375632359784,163.4254778536805
14,432,284.45206356431765,163.3765830089482
14,433,284.5568840278499,163.36017672680777
14,434,284.7518372728877,163.37258293698585
14,435,285.000635392326,163.38712948649396
14,436,285.2671754843013,163.41054565911557
14,437,285.5041931856111,163.44938637589482
14,438,285.67610729314026,163.5177997071579
14,439,285.7717544745003,163.6134931668309
14,440,285.83211726592964,163.74074466123776
14,441,285.8507794077479,163.88860160349805
14,442,285.8185385029667,164.01832154342304
14,443,285.79586739140495,164.09167543428347
14,444,285.7777626640992,164.08360353752545
14,445,285.7236316664121,164.00480392470755
14,446,285.6173275879752,163.86311995296822
14,447,285.48189002178304,163.69159925631493
14,448,285.30505766346215,163.51696101573702
14,449,285.1153209934956,163.36826331886633
14,450,284.94117275018715,163.22862337762973
14,451,284.81036213205806,163.11494579627157
14,452,284.7218380020181,163.0258179652877
14,453,284.6675590575005,162.96126232228403
14,454,284.6037865861944,162.8966702663978
14,455,284.56338354150864,162.87288394724533
14,456,284.5635132467633,162.89275330893372
14,457,284.6514946579901,162.9611368470979
14,458,284.780108199162,163.07154438483943
14,459,284.94139543426206,163.2227707894527
14,460,285.0511514762973,163.36136138230586
14,461,285.12106891966476,163.4653711761079
14,462,285.13548769385085,163.5249750036535
14,463,285.1370882477505,163.54940219225213
14,464,285.12251717462493,163.5497656131762
14,465,285.1488336544264,163.5419835660678
14,466,285.16975489284636,163.51853092437867
14,467,285.1758114590603,163.49433677184908
14,468,285.15113854407207,163.47931861448149
14,469,285.10898743363134,163.4679722330009
14,470,285.02411946070197,163.45851922405723
14,471,284.9339175298627,163.47002352077507
14,472,284.8648368497421,163.4796555220911
14,473,284.81297701014694,163.45839001647857
14,474,284.77525767442665,163.4105550817458
14,475,284.75435274765977,163.35492108440786
14,476,284.72174890259595,163.29841032233438
14,477,284.6672119831809,163.26488409518294
14,478,284.5959418387371,163.29677658400428
14,479,284.54628566710267,163.37606346654633
14,480,284.54549216163775,163.48176876068177
14,481,284.6216841223988,163.59312211778806
14,482,284.76039761993655,163.68430484222822
14,483,284.9320167776791,163.72447495612155
14,484,285.0831577797637,163.74340518673205
14,485,285.2009947261637,163.74765211418378
14,486,285.2728819743744,163.7331017722796
14,487,285.31107215073246,163.71194316998307
14,488,285.34657413441766,163.69901422889657
14,489,285.38505850893625,163.6819365169491
14,490,285.4386763206353,163.67531268493678
14,491,285.46010037852045,163.6993865598794
14,492,285.3870705458959,163.7515025351378
14,493,285.2304009341398,163.80636270766897
14,494,285.0405774583779,163.85377274597124
14,495,284.8412893021412,163.8861585890513
14,496,284.69266096112136,163.90503013664488
14,497,284.61386122366685,163.91366226288235
14,498,284.5791431354831,163.916773368536
14,499,284.5818134322953,163.92724647098788
14,500,284.58193356939006,163.94322707249765
14,501,284.61812051847636,163.94528251806116
14,502,284.73737845825565,163.91327356568456
14,503,284.921118161641,163.87019467723508
14,504,285.1288309174469,163.81151112070114
14,505,285.3748031713611,163.7175280188889
14,506,285.575166602349,163.59974150956586
14,507,285.6931014145891,163.49649671621506
14,508,285.7695260680734,163.41188266060072
14,509,285.82096949917013,163.35918182008064
14,510,285.83985031814973,163.35090413655973
14,511,285.8493620341105,163.38538781817883
14,512,285.8154971429768,163.44426295696223
14,513,285.7009894151351,163.51148615213427
14,514,285.47209393192946,163.56757893647668
14,515,285.2014550780092,163.60821124568199
14,516,284.9285001373312,163.63188161727072
14,517,284.73358920031797,163.63776403362797
14,518,284.63302085006126,163.62438860668402
14,519,284.64053245409076,163.5987359530615
14,520,284.703445918213,163.5714682198883
14,521,284.80220134760253,163.5438866553536
14,522,284.88641002070307,163.51897257964254
14,523,284.95554107364654,163.4985745445852
14,524,285.03548339974014,163.49543887059173
14,525,285.0884090559275,163.50684605567508
14,526,285.1153019338667,163.541472551227
14,527,285.1649418486375,163.6059279475389
14,528,285.23139659205947,163.68435202874994
14,529,285.2902399492849,163.7539722925733
14,530,285.36498563280315,163.823355635092
14,531,285.4237337465838,163.88725462717454
14,532,285.40539650671843,163.93384075177465
14,533,285.3470064059597,163.9739993616527
14,534,285.26343874410225,164.02230695276333
14,535,285.14277202460386,164.0702590117387
14,536,285.0216485753268,164.1022604032849
14,537,284.92678078104296,164.10913326835427
14,538,284.8197625641695,164.05997786638167
14,539,284.73501619764886,163.97396303098742
14,540,284.6866658955407,163.8694341386582
14,541,284.66983050152913,163.76360796722668
14,542,284.6871557176984,163.67735446245652
14,543,284.751364853711,163.64598225710992
14,544,284.8178348792483,163.65038034015032
14,545,284.878243812521,163.67139117086535
14,546,284.9218214445803,163.70620258360796
14,547,284.927849330927,163.73817084339166
14,548,284.89761432869415,163.7634116861487
14,549,284.84007543642156,163.7793868183806
14,550,284.722402124594,163.77864894451488
14,551,284.58934363371094,163.759042690104
14,552,284.47874641119665,163.7306279757621
14,553,284.39337323640416,163.70341564151366
14,554,284.33639852372124,163.67649645788768
14,555,284.35332871989965,163.66179595050872
14,556,284.39362032980176,163.65280154349955
14,557,284.4446187170531,163.64335987955795
14,558,284.5044934930104,163.63362000090305
14,559,284.5666198881846,163.6250859524534
14,560,284.6186630021076,163.61498102968704
14,561,284.65846700516664,163.61316844662994
14,562,284.65760796680985,163.64285047385926
14,563,284.67077345115905,163.68051955225678
14,564,284.7102104530316,163.72022040264474
14,565,284.76719682275115,163.7637590463071
14,566,284.8511437427282,163.80109802977208
14,567,284.97615395011695,163.8052859915022
14,568,285.0791977807019,163.79795771166758
14,569,285.1601988235894,163.78312736317287
14,570,285.2210912847244,163.76689377269835
14,571,285.2722022013912,163.75541996540142
14,572,285.30396922482737,163.76084108189752
14,573,285.3206640140848,163.775052477419
14,574,285.29013398180837,163.79638060951024
14,575,285.23795524575945,163.8034530887023
14,576,285.1614247927873,163.79762256916283
14,577,285.0956411691524,163.78843388059997
14,578,285.03987691674405,163.77676306851873
14,579,285.0166215636935,163.75286817299445
14,580,285.00959827349016,163.73250484635662
14,581,284.99119437786237,163.72174995392498
14,582,284.95393219556445,163.70597784566579
14,583,284.9164173461162,163.6876505492622
14,584,284.8896567609144,163.68396596553106
14,585,284.8753483415776,163.68014627177791
14,586,284.87261084093507,163.65838094265723
14,587,284.8731736316473,163.64137453007845
14,588,284.8743163001479,163.62843650276727
14,589,284.87578628123157,163.61039443587578
15,0,298.82400207443806,164.07290720738445
15,1,298.88068129854446,164.19358214088052
15,2,298.9440477995954,164.327461691918
15,3,299.00149929345815,164.4472776323197
15,4,299.0354028552128,164.50507491822717
15,5,299.06061308193296,164.5415159233664
15,6,299.07843492109293,164.56919550080644
15,7,299.0813651428761,164.58780445435565
15,8,299.0750007639034,164.5909432561336
15,9,299.0480258684563,164.58452102466566
15,10,298.99128334159934,164.59284768695
15,11,298.9446130638518,164.6010556690391
15,12,298.9221485042394,164.6020844193791
15,13,298.91564125701495,164.60758276776104
15,14,298.92720489347334,164.62185497064607
15,15,298.9667482337117,164.6202482630964
15,16,298.9950581162514,164.6229936511201
15,17,299.00146271270194,164.63767121167913
15,18,298.9822825513185,164.65190933348225
15,19,298.9422997297832,164.65409744106012
15,20,298.89197640011935,164.6465548661233
15,21,298.83360892490583,164.61675959469895
15,22,298.7576787670654,164.53919086876866
15,23,298.6894050467821,164.44704500393317
15,24,298.6333657741534,164.35611285577596
15,25,298.58958962981575,164.26709633866543
15,26,298.5598629236201,164.19480867510072
15,27,298.55509855007637,164.16846420338567
15,28,298.557107971952,164.1622441403113
15,29,298.56117192272023,164.1610504471089
15,30,298.5680711370774,164.16173195360284
15,31,298.5778668296871,164.16515456939104
15,32,298.59202433393875,164.1753951272142
15,33,298.608528267683,164.19516857859364
15,34,298.61711281074787,164.24001879557085
15,35,298.6251514444509,164.2982211576461
15,36,298.6288244137851,164.35516617193306
15,37,298.62452638487804,164.40774421375713
15,38,298.6147641698106,164.44777601793072
15,39,298.61281172986475,164.45830330391985
15,40,298.6060538965929,164.454295250617
15,41,298.603950171355,164.44961461853003
15,42,298.6072358391163,164.44778856223297
15,43,298.61093987665356,164.45045933362522
15,44,298.6115532980755,164.45710437220006
15,45,298.60463842966755,164.4642507808195
15,46,298.581085463211,164.48018659393955
15,47,298.5660938753312,164.51026570922377
15,48,298.56839281189957,164.53943316799973
15,49,298.57813066355925,164.567061190778
15,50,298.59707414192377,164.58962947943297
15,51,298.62924449693725,164.60019319002106
15,52,298.6584673607071,164.59166788502787
15,53,298.6768499223699,164.58152226325672
15,54,298.69222179151785,164.57439876695332
15,55,298.71409878898635,164.57079618888764
15,56,298.7409135820731,164.56706340119717
15,57,298.75975045135044,164.55391283851552
15,58,298.7513893303986,164.51625086971433
15,59,298.7477419622453,164.46420212086292
15,60,298.7440190898048,164.417885172604
15,61,298.7362886884572,164.3809804066256
15,62,298.73238450844934,164.35879052821258
15,63,298.75033767745396,164.36431863677458
15,64,298.76043438259376,164.38945103022803
15,65,298.7642633435961,164.4142958228983
15,66,298.7669566272241,164.4333038929572
15,67,298.76967132037083,164.44973815251316
15,68,298.77057751500104,164.46091770874713
15,69,298.75834227078616,164.46060097380598
15,70,298.7164951294535,164.4455030638529
15,71,298.66545041745064,164.42284876750674
15,72,298.6018991871349,164.38905771277163
15,73,298.531554359781,164.35159989975472
15,74,298.46943075080765,164.31881422211188
15,75,298.4332705224724,164.29881351217273
15,76,298.40458859861246,164.28067408265866
15,77,298.38539532620564,164.26448033075843
15,78,298.37674659964927,164.24731426494316
15,79,298.37247008060797,164.2280614862513
15,80,298.36808180885214,164.20821436274395
15,81,298.36934163491986,164.19787541818727
15,82,298.387145152301,164.20605620798602
15,83,298.41517760190834,164.22972766858473
15,84,298.45057931591396,164.2569778342202
15,85,298.4926979123984,164.2807676487829
15,86,298.5306184218014,164.2965656485322
15,87,298.5539257079057,164.30120631221087
15,88,298.56442543469774,164.29774152244067
15,89,298.56278219007044,164.2972686066108
15,90,298.55045188335373,164.30362844219985
15,91,298.5345618737534,164.31305403095868
15,92,298.51654512010003,164.32214421999316
15,93,298.4984428015545,164.3307578017199
15,94,298.49304649902155,164.3331647296429
15,95,298.52147583984686,164.3302722697306
15,96,298.5751100859871,164.32362773957072
15,97,298.64962649744854,164.31140577880765
15,98,298.74119374028163,164.29538095962988
15,99,298.83623279421624,164.27741452466228
15,100,298.9156341683343,164.25519426536832
15,101,298.9832013000269,164.23100273759576
15,102,299.03741604002636,164.20887698418463
15,103,299.0787944508062,164.1875022131097
15,104,299.1042806074123,164.17025991418396
15,105,299.10553656798913,164.16008675051452
15,106,299.0710870623655,164.16711380109638
15,107,299.0175501294035,164.19809187593884
15,108,298.95336593280194,164.241460877303
15,109,298.89074751321505,164.29051186777855
15,110,298.8450804343818,164.33097963340023
15,111,298.85911260607713,164.36448618325497
15,112,298.9420834599317,164.40368836050504
15,113,299.06294062189494,164.46924251312905
15,114,299.21108814522273,164.54180579751534
15,115,299.3578387267432,164.62938477732268
15,116,299.47384596441464,164.739521855946
15,117,299.52835122854964,164.82814895043802
15,118,299.54621112396313,164.90166670028557
15,119,299.5522472872634,165.00885463337394
15,120,299.60556801961,165.18448560363785
15,121,299.69546113959916,165.37801151300235
15,122,299.8221647087308,165.60056094807487
15,123,299.98810917038753,165.81903496673226
15,124,300.12075542828296,165.99266130347257
15,125,300.1733718756408,166.06671644969768
15,126,300.20877782905154,166.11546375798966
15,127,300.2446732459261,166.25898668711437
15,128,300.26042629637965,166.49585671044363
15,129,300.2725586316772,166.75250799608608
15,130,300.3060653903327,167.09833824258075
15,131,300.29821289727676,167.4562601835426
15,132,300.266180640203,167.65665046648647
15,133,300.3024517863715,167.71909119486975
15,134,300.48072237448787,167.78513174847996
15,135,300.71356952153036,167.84945627013414
15,136,300.99394196742924,167.89992088318886
15,137,301.297294317477,167.9369293802539
15,138,301.5333880257849,167.912654870614
15,139,301.68940179763683,167.78730920070507
15,140,301.8454709799094,167.5444037236307
15,141,302.0433190390784,167.2771180901702
15,142,302.27236990645093,167.08998033750964
15,143,302.4462095102831,167.03821652879827
15,144,302.5688148328464,167.0629076590715
15,145,302.63762665209543,167.14192495749444
15,146,302.60103986201744,167.19687687585474
15,147,302.44203888728583,167.1692069844419
15,148,302.29218097622686,167.05907377376099
15,149,302.1507069163824,166.91166281252427
15,150,302.0253940535596,166.70640938801682
15,151,301.89267747235584,166.48494423048987
15,152,301.7605257647422,166.23935247704608
15,153,301.5773539968418,165.9924685264797
15,154,301.33788998328646,165.76741011112284
15,155,301.05626969418205,165.5772049293753
15,156,300.80253735881524,165.4031988090892
15,157,300.6051621227325,165.2296150906123
15,158,300.50085349089056,165.01842811382434
15,159,300.4715601370085,164.7744698338534
15,160,300.5123920492806,164.53132745075612
15,161,300.5936849562463,164.3092121362871
15,162,300.6821298092416,164.1366164803713
15,163,300.7628901374384,164.03279539462977
15,164,300.819277113362,163.97632978680699
15,165,300.7996858459223,163.97606660403318
15,166,300.6956729709781,163.99903869909343
15,167,300.5717694737606,164.03388080591583
15,168,300.42009037446314,164.0777618068538
15,169,300.25995643496134,164.10718955966775
15,170,300.1204583594236,164.12205981369104
15,171,300.05005110113717,164.17744543183292
15,172,299.97100612430137,164.3392215854527
15,173,299.9380541134972,164.4984084270885
15,174,299.93835168596513,164.5854778020101
15,216,300.083102655254,166.27652153173997
15,217,299.8609916791621,166.1259737917178
15,218,299.74538337628366,166.20848390946725
15,219,299.5937341530228,166.36486136727348
15,220,299.42637144842786,166.52418403690874
15,221,299.24850049498434,166.68542889511718
15,222,299.1251714359435,166.85776840623467
15,223,299.0466549239364,166.95281049892347
15,224,299.0668169890444,166.91133636120517
15,225,299.3153586510423,167.08928170342952
15,279,299.50899704218915,164.94156964750772
15,280,299.3402172052066,164.65859843643076
15,281,299.3634504433844,164.41588202648356
15,282,299.4846876854708,164.44758217427196
15,283,299.71424904782157,164.5000182361815
15,328,299.9770779041146,165.34393827830158
15,349,300.11430915955617,164.6018399038874
15,350,300.1181848147002,164.50832359078933
15,351,300.16312043899535,164.37731819019857
15,352,300.1571373962329,164.3884233638263
15,357,300.3293493689246,164.45307524073186
15,358,300.4018559574075,164.39083735543787
15,359,300.43287957826095,164.347253872864
15,360,300.3867175546674,164.31437961530327
15,361,300.3158564916169,164.2625890959056
15,362,300.25422441457494,164.21775376865895
15,363,300.2043182482113,164.23443809890713
15,364,300.19298724802144,164.30949965101826
15,365,300.2064761103729,164.45242433410985
15,366,300.2020734498676,164.6748597626964
15,367,300.18680227912967,164.94513698156325
15,368,300.18277112752514,165.17857355853388
15,369,300.1910688226133,165.3221493638544
15,370,300.2410232869335,165.3459989594283
15,371,300.3459200698758,165.29873935308675
15,372,300.4523443653859,165.18925747649936
15,373,300.51215991445287,165.06005689492895
15,374,300.5095261080013,164.95173517080156
15,375,300.42556250822327,164.89353162777647
15,376,300.25474364762056,164.86021248741775
15,377,300.01624397297417,164.83483677831995
15,378,299.7741710318927,164.75606955258175
15,379,299.57706079991505,164.60486406029722
15,380,299.3802595417874,164.35796951333376
15,381,299.15415229686687,164.0668885422755
15,382,298.91824914762066,163.77343757502283
15,383,298.6388793824518,163.53421520708415
15,384,298.3107270724914,163.4010328379295
15,385,298.00696224314515,163.42530107236163
15,386,297.7649608125333,163.5508509297394
15,387,297.6201656042221,163.7481703206531
15,388,297.6195920734197,163.9795370603348
15,389,297.74338512381684,164.17748689252272
15,390,297.95486581586607,164.33970489490085
15,391,298.200949414908,164.4864995811937
15,392,298.42388169856804,164.5953809041163
15,393,298.6462992883571,164.67913372073346
15,394,298.8835434233993,164.77074656240643
15,395,299.1284600514943,164.85133568754551
15,396,299.3821419119096,164.8610944509292
15,397,299.63549893479,164.80244472779626
15,398,299.7983917043139,164.70557348070412
15,399,299.85315629476366,164.5997152370366
15,400,299.84570787922297,164.49771136284718
15,401,299.7990576615795,164.41289869628454
15,402,299.704243780714,164.3882171044575
15,403,299.5671585168449,164.4624140491716
15,404,299.387398507931,164.60761829656883
15,405,299.16099507810594,164.77506767934355
15,406,298.92385136764824,164.89161236801237
15,407,298.7391913638401,164.94953064021556
15,408,298.62601849466535,164.92683848595888
15,409,298.57396804869524,164.84098475656023
15,410,298.5462445564132,164.73494238732997
15,411,298.54856634091885,164.68237700254156
15,412,298.6298508109423,164.66203258002415
15,413,298.8097797990844,164.61769538451227
15,414,299.04871805337433,164.57400886655114
15,415,299.31223514477387,164.5576739023466
15,416,299.56340246647085,164.58716414621946
15,417,299.7524285058882,164.65690686866395
15,418,299.87044732119796,164.75837851179213
15,419,299.95111739890706,164.84453960368316
15,420,300.00488852070515,164.88055037601688
15,421,300.01355500828413,164.85219049144328
15,422,299.95744568655164,164.7673277705024
15,423,299.84866669554873,164.69955911927545
15,424,299.67555421926966,164.67565919945622
15,425,299.4422986718651,164.68164482584496
15,426,299.1912847102079,164.71273828779917
15,427,298.9648767664978,164.75966106706562
15,428,298.74437289107624,164.79555961632605
15,429,298.5649620625023,164.7864015087073
15,430,298.47270735441555,164.75714910782816
15,431,298.47258754838845,164.69265691349378
15,432,298.5323669018184,164.6224647312014
15,433,298.66096126778166,164.54300651300647
15,434,298.8466331614452,164.47563356901233
15,435,299.0601318076302,164.41755904991038
15,436,299.24730033240166,164.3784836973936
15,437,299.3765908852217,164.36566954749986
15,438,299.4490575015669,164.39167426197193
15,439,299.46620544309104,164.4496570413962
15,440,299.45732438653295,164.5324426277863
15,441,299.4431562266984,164.64645937957292
15,442,299.40953045786836,164.73679080498226
15,443,299.39141629379696,164.78260888684414
15,444,299.3996016586351,164.78077974721538
15,445,299.3860259946091,164.7211605981867
15,446,299.33033486425745,164.61676464196103
15,447,299.2661970987537,164.50592208655533
15,448,299.1716559690684,164.40064931313597
15,449,299.05753617043104,164.30479684978175
15,450,298.95630737586794,164.21173788200588
15,451,298.8780814159631,164.13209309915646
15,452,298.8218611538033,164.07028167791415
15,453,298.78312090852376,164.01541369005167
15,454,298.7172915449897,163.95750157678157
15,455,298.6498816817683,163.93024234490701
15,456,298.611530466497,163.92254877607033
15,457,298.626085313406,163.93824016882576
15,458,298.65992742350085,163.994506683541
15,459,298.7187061167006,164.08875135947702
15,460,298.7517294765039,164.175264916566
15,461,298.7681336669389,164.2593416327503
15,462,298.7548898313018,164.3297581258594
15,463,298.7332235487602,164.37399689530966
15,464,298.7135395746462,164.3905100200335
15,465,298.7350255199466,164.39082289912454
15,466,298.77361818480597,164.3517205137471
15,467,298.79681822845237,164.300204703232
15,468,298.80548025395234,164.2487249493093
15,469,298.8091092527437,164.21175146073452
15,470,298.7797194256817,164.19391937369394
15,471,298.72588650828936,164.22086280365
15,472,298.6865232873173,164.25144758207907
15,473,298.67047698805845,164.2588605946958
15,474,298.6638121211838,164.23436264923077
15,475,298.658066177179,164.18299905254273
15,476,298.6333910885566,164.09987340255557
15,477,298.5912273625148,164.03452066371466
15,478,298.5360113108018,164.04620616271802
15,479,298.5001069233847,164.11385762648408
15,480,298.50343836024643,164.22075630783013
15,481,298.5642502830353,164.34862531685144
15,482,298.6647749769735,164.4562243822661
15,483,298.7864396425512,164.50032008434587
15,484,298.8973992240116,164.512007019952
15,485,298.9856345376694,164.51032653590696
15,486,299.04443453880356,164.49126977918507
15,487,299.10065265318315,164.45731287191504
15,488,299.1642197084565,164.4131693435449
15,489,299.2276669287875,164.36315008635682
15,490,299.29664996738995,164.31991942495313
15,491,299.3377750924993,164.30825161182412
15,492,299.2903485385381,164.33023294274508
15,493,299.15865213486114,164.3802151428576
15,494,298.98975189323323,164.4442667488413
15,495,298.81637369101,164.50943564752336
15,496,298.682045834961,164.56502604986824
15,497,298.61752613977,164.5995756190872
15,498,298.61307547084357,164.60199334025637
15,499,298.6501974620089,164.58201846409446
15,500,298.6945528915302,164.53794601634416
15,501,298.75624345346614,164.47504370611225
15,502,298.8414467975369,164.40841224112953
15,503,298.939068935452,164.35932052284005
15,504,299.03078898525075,164.31268091717246
15,505,299.1208452071826,164.25870411711787
15,506,299.1715947649458,164.19072688252663
15,507,299.18193831755235,164.12568531214248
15,508,299.17839670751437,164.06583510061654
15,509,299.17601320219603,164.03113989509848
15,510,299.1796965327565,164.02036232890305
15,511,299.20443567239545,164.03813660500748
15,512,299.21712485236134,164.0563003478592
15,513,299.17851853293945,164.08660220442366
15,514,299.0677616263178,164.13837247545533
15,515,298.9256727245726,164.2181373486472
15,516,298.77948909460525,164.31520852605777
15,517,298.68435317703165,164.4329116643911
15,518,298.65227839840975,164.5291417504283
15,519,298.6908356662323,164.56850909387404
15,520,298.76833227673103,164.56623612508324
15,521,298.86930160755765,164.52707537161933
15,522,298.96024302639444,164.46200071937946
15,523,299.0428480002679,164.3963770251326
15,524,299.11580770388167,164.35740535063795
15,525,299.1521945428641,164.3287299484159
15,526,299.12805840460265,164.3077662921081
15,527,299.0957396716863,164.3113516442934
15,528,299.0607333592738,164.33269379188124
15,529,299.0202454291242,164.35520776650606
15,530,299.005354976775,164.3897287221558
15,531,299.02447616150005,164.4425628209756
15,532,299.0221176930925,164.4714006432855
15,533,299.0090359799207,164.48016566589106
15,534,298.99205987106535,164.48542402601385
15,535,298.9550201780904,164.49323902517145
15,536,298.90488890928015,164.49077101470004
15,537,298.85948462083866,164.50030271767585
15,538,298.8167053425928,164.52208759609223
15,539,298.79338008011877,164.5423989135205
15,540,298.80073305660204,164.54541128731498
15,541,298.83773892587897,164.535474026608
15,542,298.8971164446855,164.51726611658577
15,543,298.97135303467934,164.49784056326214
15,544,299.0313131944928,164.4880128534689
15,545,299.06164957955633,164.49176873965226
15,546,299.063093238652,164.52099692072193
15,547,299.03391398420604,164.5600621066911
15,548,298.9759920990265,164.5941153964517
15,549,298.8945151545595,164.61789153379576
15,550,298.76911350856415,164.61463830461128
15,551,298.6404331014969,164.5850388087471
15,552,298.53868582402987,164.5397122563193
15,553,298.46429407346614,164.4926418157722
15,554,298.42493085533613,164.4470787010398
15,555,298.457225377359,164.42879994026327
15,556,298.51481482395764,164.4260365025155
15,557,298.57266976761855,164.43375013805445
15,558,298.627995446134,164.446419406046
15,559,298.6796735784576,164.4559084074113
15,560,298.7189634468223,164.46384921075025
15,561,298.74847609608247,164.48216067760626
15,562,298.7673234114357,164.49965965240162
15,563,298.8011095276559,164.52161348590528
15,564,298.85112703312524,164.54369834444165
15,565,298.90434518254693,164.56275535163897
15,566,298.9627790101815,164.56265548783833
15,567,299.03113409568317,164.53923022065732
15,568,299.08201326842476,164.485548524921
15,569,299.1142347356778,164.42058300318365
15,570,299.13839181138974,164.35219260061405
15,571,299.1609298748552,164.29793514161082
15,572,299.1662310846619,164.2728700721393
15,573,299.15177678589157,164.27030319400583
15,574,299.1064259005564,164.2814475439136
15,575,299.0441546109291,164.2892619118264
15,576,298.9685709496306,164.28970379913503
15,577,298.9020244549341,164.29616467066677
15,578,298.8503369665359,164.30667204146263
15,579,298.8234693728552,164.31163908053676
15,580,298.8150526558961,164.31546281786353
15,581,298.8070393071631,164.3193765634693
15,582,298.7929152841257,164.31103791040584
15,583,298.7812732591385,164.29525328488745
15,584,298.7842768711658,164.28680967311237
15,585,298.7954361007273,164.28127944918043
15,586,298.8139636914579,164.26898071215987
15,587,298.8332213357732,164.26766057859837
15,588,298.8516970182318,164.27391600698382
15,589,298.8632087907665,164.27640182601803
16,0,317.3537519765273,164.09744295723613
16,1,317.43927794174283,164.22544690815957
16,2,317.52470388410086,164.35795035636488
16,3,317.58088959549593,164.46463674557012
16,4,317.57181652497195,164.494014189905
16,5,317.52233903180223,164.49430804662376
16,6,317.4608241794976,164.48653586003144
16,7,317.3931153519911,164.48344284709165
16,8,317.3261059067002,164.4744209786847
16,9,317.26360915872306,164.45890196191513
16,10,317.21358066031377,164.45437770204455
16,11,317.1901384996745,164.44786701529165
16,12,317.1929225238429,164.42970886267466
16,13,317.21793320986325,164.41058412463414
16,14,317.25755675170166,164.39670056951172
16,15,317.30440324340344,164.37102079751395
16,16,317.3431009668242,164.34480249112448
16,17,317.37301475729726,164.32468905347875
16,18,317.3858089574629,164.30782849219423
16,19,317.3862600991963,164.2877166365323
16,20,317.3780811540867,164.26929090344478
16,21,317.35966035024194,164.2498631307498
16,22,317.32595971650983,164.22541540760952
16,23,317.2954806689575,164.19890449028634
16,24,317.26245918672566,164.17452158397788
16,25,317.22405693575735,164.14914007049018
16,26,317.1855992746444,164.12998726608882
16,27,317.1566917356229,164.12283029188194
16,28,317.1240392741258,164.12244559891175
16,29,317.0995353703099,164.11995213987723
16,30,317.08359976224153,164.11747931545625
16,31,317.07365727886116,164.11343479917267
16,32,317.0693306897442,164.1111999431306
16,33,317.07069432608745,164.1139524059039
16,34,317.07067534338483,164.13492596242858
16,35,317.0705410531054,164.1747883922544
16,36,317.06863976031235,164.22595216834716
16,37,317.05919565151606,164.27956397786033
16,38,317.04329890579265,164.33152228637445
16,39,317.02334287637416,164.3680323611392
16,40,317.0005151533406,164.3867292515849
16,41,316.9843196500302,164.39439642185917
16,42,316.9736741975381,164.399151556985
16,43,316.96170931065063,164.4022167247246
16,44,316.9481918217412,164.4034134155898
16,45,316.92715916834226,164.4011022524293
16,46,316.87871871905037,164.39825583003238
16,47,316.8453308220898,164.3993037101458
16,48,316.832819564484,164.39545488448647
16,49,316.8340796938467,164.38937399419444
16,50,316.84801060411024,164.38474875346247
16,51,316.88789955204567,164.37885093926843
16,52,316.91539707498146,164.3697007488858
16,53,316.9333893855245,164.366036146133
16,54,316.94949367811313,164.36874176416168
16,55,316.9750988614615,164.3727925669409
16,56,317.0058118317459,164.37670626884878
16,57,317.03673609238336,164.37296114386336
16,58,317.0517074386687,164.35702021098186
16,59,317.0739234096232,164.332877074647
16,60,317.0891533594955,164.30867352693903
16,61,317.0932397099151,164.28867607947427
16,62,317.0894350172335,164.27435361550914
16,63,317.0928983662754,164.2685361632303
16,64,317.0766535988007,164.27015092075092
16,65,317.0533347828579,164.2739276245477
16,66,317.0328476441677,164.2760711839322
16,67,317.0197930121501,164.2805852896228
16,68,317.00836884025455,164.28463586981957
16,69,316.99492730174,164.28390435142404
16,70,316.9715883386981,164.27725148913612
16,71,316.94299237189136,164.26932105483078
16,72,316.9091801314509,164.25963561628114
16,73,316.8739787275075,164.25039071754486
16,74,316.84988039756433,164.24513533205777
16,75,316.84559674666843,164.24651951135178
16,76,316.84925695953456,164.2474327306652
16,77,316.8533674028147,164.24642793484838
16,78,316.8610548109648,164.24713596150738
16,79,316.86479810363693,164.2483451081327
16,80,316.8672034542827,164.24945668780222
16,81,316.8781250770616,164.25398335438874
16,82,316.90510553125335,164.26490226961062
16,83,316.93872651140134,164.27968154251735
16,84,316.9791523806167,164.29442086540178
16,85,317.0156046936971,164.30781324175422
16,86,317.04165961175516,164.321530486857
16,87,317.05324840492676,164.3312606700497
16,88,317.0535052596895,164.33688028442063
16,89,317.0457935298249,164.33919505629405
16,90,317.03887079741605,164.33827183817849
16,91,317.0328014603807,164.32991606557437
16,92,317.026994552175,164.31512689147755
16,93,317.0222642303609,164.29721730278328
16,94,317.0112022956601,164.2799707031403
16,95,317.0097213053028,164.2639756181779
16,96,317.01422993151226,164.25078675165847
16,97,317.02715007127944,164.23743607067553
16,98,317.0506386060064,164.22577081437677
16,99,317.091307472679,164.2160803592283
16,100,317.1279643917156,164.20720190566664
16,101,317.1626601178081,164.19927987948265
16,102,317.1923812607582,164.19661638263156
16,103,317.2153582984762,164.19747261131914
16,104,317.22716541341697,164.20053972418106
16,105,317.2257860096253,164.2048489015996
16,106,317.2070837070459,164.21289939675592
16,107,317.1733601768704,164.23224407235023
16,108,317.13409020842465,164.25115996501296
16,109,317.09640438178087,164.2690701131692
16,110,317.0646623377196,164.2811423176117
16,111,317.0584434729402,164.28939723042006
16,112,317.0854695065436,164.29108921433792
16,113,317.1182005691513,164.30673639403432
16,114,317.16087025876345,164.33730236691403
16,115,317.18690559006853,164.38704525603922
16,116,317.18703322945044,164.44720490996656
16,117,317.1642790229242,164.49807849221088
16,118,317.13532203771626,164.55722574567113
16,119,317.14145664011926,164.64788861775006
16,120,317.24508209012663,164.79272444739107
16,121,317.409278044457,165.00992088739534
16,122,317.59507897309726,165.2809520828617
16,123,317.8301356713984,165.54556688924112
16,124,318.034620663998,165.77242217593968
16,125,318.13938404072167,165.88001620085979
16,126,318.2012060069301,165.8811897915373
16,127,318.23128522188085,165.88564729111738
16,128,318.194995753119,165.92902071873763
16,129,318.13042301572005,165.96317433869564
16,130,318.0524473711839,166.0299286617351
16,131,317.9852136180648,166.12745245740285
16,132,317.9285118983003,166.1816705198218
16,133,317.96299685732396,166.20006174493562
16,134,318.11085303339263,166.27074040057119
16,135,318.3384822072743,166.44132271465318
16,136,318.5700381429223,166.66312304638598
16,137,318.8187148993021,166.8478142046221
16,138,319.011895901626,166.9398933711391
16,139,319.1002640305477,166.91211656347053
16,140,319.1482367585741,166.73686495035145
16,141,319.2273362066188,166.46516479354952
16,142,319.3036730350791,166.22873505789983
16,143,319.3340061044593,166.07917087519823
16,144,319.3339635439985,165.99042972434876
16,145,319.30569500489923,165.99387494766967
16,146,319.2117558689957,166.02206615240118
16,147,319.05347352279153,165.9939473620695
16,148,318.8884800352797,165.88871107473284
16,149,318.7515570384439,165.7499487003721
16,150,318.61734726394803,165.55432593380465
16,151,318.45549088503094,165.34452596524378
16,152,318.3162618556886,165.15809198635918
16,153,318.1735317624253,165.00791750782034
16,154,318.0044549607728,164.88372794808714
16,155,317.8241495741994,164.77876051526246
16,156,317.64903462093247,164.6749538180434
16,157,317.498029304847,164.54772555152607
16,158,317.4134438773738,164.41853973345
16,159,317.39986323995237,164.29293952175857
16,160,317.45765996602455,164.19427545988674
16,161,317.5682349737985,164.13991542756656
16,162,317.68522052135717,164.12166492228698
16,163,317.780197701095,164.11772657046262
16,164,317.81723328356026,164.12407769081014
16,165,317.80128648456724,164.1346335156201
16,166,317.7425198791628,164.14392321456668
16,167,317.6821064837928,164.18000791084702
16,168,317.6118875637385,164.2293842910897
16,169,317.5464791609318,164.27244994100863
16,170,317.4921648904405,164.29668822533984
16,171,317.46862401983225,164.31600302298247
16,172,317.45070119818376,164.33967760840537
16,173,317.4440919940532,164.3624207935981
16,174,317.44835615542513,164.3437043960383
16,175,317.4545314404766,164.27274309826416
16,176,317.4451753783367,164.19155280683822
16,177,317.4261686857131,164.13513572297285
16,178,317.4556123411102,164.10616874840483
16,179,317.5118756941721,164.13978670125567
16,180,317.5705034114287,164.21668235963173
16,181,317.66090612360154,164.32808415815185
16,182,317.7943585409741,164.43223991151504
16,183,317.9095925559826,164.52843112290972
16,184,318.0512942005452,164.61253262339883
16,185,318.2039746513241,164.69305615437028
16,186,318.32828729270085,164.7478889164556
16,187,318.39486628894986,164.7933694132492
16,188,318.4348300607242,164.84000121307116
16,189,318.457682028729,164.87171679427493
16,190,318.4675119943039,164.8813569167901
16,191,318.4576875732767,164.8770160040443
16,192,318.43518875415606,164.85258035279648
16,193,318.40402521690737,164.80700688371803
16,194,318.3368269381151,164.75019206845457
16,195,318.26493678987794,164.7101185188095
16,196,318.18140061609546,164.6780654067162
16,197,318.1449177296807,164.66113227583963
16,198,318.15417342495556,164.68125259102868
16,199,318.24120413816803,164.75286529501378
16,200,318.40416661130064,164.86566588306601
16,201,318.59690335857215,165.02338302213832
16,202,318.76370081803225,165.24985126466353
16,203,318.846208101683,165.5172297398919
16,204,318.8196758704358,165.82656882762154
16,205,318.7280145439836,166.18102598020198
16,206,318.64068884857585,166.58078877364383
16,207,318.54738576557867,166.9292842644066
16,208,318.4822365750386,167.17954957444104
16,209,318.4571790257786,167.32109193227456
16,210,318.41025492149123,167.34202613831388
16,211,318.326249395124,167.2160464220121
16,212,318.19272818821196,167.02639813095595
16,213,318.044057714554,166.82588753653837
16,214,317.85905103221813,166.58771037840333
16,215,317.6490988173354,166.3018136760775
16,216,317.42610501211095,166.04535185003485
16,217,317.2683621721304,165.88989979572239
16,218,317.14985767289755,165.82337360227388
16,219,317.0626457523862,165.81332515044477
16,220,317.0168081843368,165.83014442094657
16,221,317.00903368104406,165.862210690276
16,222,317.01267585713845,165.927007950529
16,223,317.02545192003976,165.98457256959117
16,224,317.08960647042835,166.05302312076955
16,225,317.2635762305655,166.22165572783376
16,226,317.5511301275056,166.5193859836836
16,227,317.80949694953154,166.7716851309729
16,228,318.01329764528447,166.9374241225305
16,229,318.1485197617839,167.00891077204795
16,230,318.1545390735489,166.95788461876367
16,231,318.0946811530795,166.82973395139118
16,232,318.0580911518521,166.64828418238127
16,233,318.06469920145935,166.44198020209762
16,234,318.10161296797975,166.2250092060696
16,235,318.2026176476822,166.06288173185231
16,236,318.3067916762786,165.92700262672344
16,237,318.3602614818412,165.81913297319383
16,238,318.2996071308551,165.738603144765
16,239,318.1781998940736,165.6960547309821
16,240,318.0236171499286,165.66592226406942
16,241,317.8612875658695,165.65424216136313
16,242,317.7031363188209,165.6431455342398
16,243,317.57215074946845,165.58299207373386
16,244,317.46299380941286,165.49367470324668
16,245,317.38718143388326,165.39549254643887
16,246,317.34847410251996,165.32436425737964
16,247,317.3960966634067,165.30644175007424
16,248,317.52639871451726,165.36130016118798
16,249,317.6991183285008,165.44233284593727
16,250,317.88933935374,165.50795155148765
16,251,318.11049275828793,165.53762742586193
16,252,318.300189029561,165.53646156601894
16,253,318.4677298909007,165.51045993374032
16,254,318.5955695453421,165.47360060858773
16,255,318.6380828195307,165.43830176972966
16,256,318.57072689182183,165.38274401933546
16,257,318.44409355492434,165.27570037657443
16,258,318.3173379043831,165.13010448808677
16,259,318.21473504873995,164.9667110759053
16,260,318.15352960900907,164.79919518835428
16,261,318.1200467985471,164.6294742640734
16,262,318.0644232977131,164.5129902423348
16,263,317.9585801323168,164.45435865872875
16,264,317.80200652642236,164.43789868680554
16,265,317.6180235937746,164.46453843869187
16,266,317.4486751930541,164.5405851684833
16,267,317.3193494687142,164.63663742309453
16,268,317.24557722022985,164.7281932250131
16,269,317.2165638443835,164.80647257206712
16,270,317.24702797066664,164.84810850477896
16,271,317.3533057706824,164.8687054038238
16,272,317.5137016781286,164.8785738265663
16,273,317.6749892803901,164.86168953338876
16,274,317.8207210966758,164.82564531592382
16,275,317.90982138764537,164.78953856949963
16,276,317.8869530847584,164.7268572702403
16,277,317.7744890628817,164.63142872118146
16,278,317.60125364204646,164.53689430090435
16,279,317.4095826782458,164.44649290914495
16,280,317.2910134526025,164.33843118712477
16,281,317.2418137371607,164.2644330916709
16,282,317.238248524944,164.2583898446843
16,283,317.26917427496136,164.2958699716169
16,284,317.3220058515661,164.3546147148229
16,285,317.3838890713166,164.41780969927973
16,286,317.4788223876818,164.48487452304008
16,287,317.62187856400203,164.57762484946042
16,288,317.77754903782,164.70256870763066
16,289,317.91420552681643,164.8386257939929
16,290,318.0159873877266,164.97739609786626
16,291,318.0531191345396,165.08738942249994
16,292,318.0467757693626,165.16038568164151
16,293,318.0419365696085,165.18454087396682
16,294,318.053916715548,165.17099274496638
16,295,318.10762743723797,165.12433652970174
16,296,318.19124617941833,165.06844917632156
16,297,318.2372915055578,164.9991335012637
16,298,318.2394464246466,164.92622060539125
16,299,318.21737740228156,164.86766070562967
16,300,318.16854806289,164.8352877618999
16,301,318.12430907906577,164.83486580851815
16,302,318.1520089306323,164.84593730525646
16,303,318.21375363252116,164.85416253858048
16,304,318.27335081985285,164.86498025235508
16,305,318.32493899202495,164.88280491501436
16,306,318.3802273069792,164.89665042741174
16,307,318.40587561543776,164.91286006627854
16,308,318.3931148925607,164.94256044295608
16,309,318.3810705798432,164.9760612715908
16,310,318.3902924134474,165.02782460538359
16,311,318.4001135321263,165.09889376506084
16,312,318.3946616058562,165.20353349688693
16,313,318.4020260618397,165.32804390429024
16,314,318.40181926962725,165.45363004972657
16,315,318.4122174108538,165.51594389497114
16,316,318.4175926418466,165.51264808593874
16,317,318.43014730482344,165.42601187740289
16,318,318.45651663014286,165.26847788791227
16,319,318.52639186847983,165.07683095654798
16,320,318.58459540011734,164.91722147836708
16,321,318.6253395093815,164.81335848218757
16,322,318.6113748044777,164.78192975705718
16,323,318.53646216750656,164.82313075092048
16,324,318.3774134257978,164.90911349942
16,325,318.13852360029614,165.01077028440238
16,326,317.8804315236135,165.08040481157977
16,327,317.6980045736185,165.0954392040965
16,328,317.6041917145611,165.05640544031417
16,329,317.626407276857,165.06909191295188
16,330,317.7529427690416,165.0763966658536
16,331,317.9447381332803,165.06373003102004
16,332,318.1382218034334,165.0574414228487
16,333,318.3086092868482,165.11525885431516
16,334,318.38000439829426,165.2242135969566
16,335,318.4032017229153,165.32385102409137
16,336,318.4033610685944,165.37107660456505
16,337,318.3947706670685,165.3420963674958
16,338,318.3590842767847,165.23210801860367
16,339,318.3582457119865,165.07733545954423
16,340,318.3355025309608,164.9439365119426
16,341,318.2555423552977,164.89041597898182
16,342,318.12508956157893,164.90407047126902
16,343,318.00141297227873,164.9388593984817
16,344,317.9049095582701,164.94599463931485
16,345,317.84736198213295,164.9080684686366
16,346,317.8158693469878,164.81982470016808
16,347,317.77816918169077,164.69451949905212
16,348,317.7266486757744,164.55515105625423
16,349,317.65949635886074,164.43998560217523
16,350,317.59098666415167,164.34847013384868
16,351,317.5525376572152,164.26535418526936
16,352,317.5468826706082,164.22965040778675
16,353,317.58087042586817,164.252447724341
16,354,317.6519370633487,164.2743611978207
16,355,317.7195964325105,164.27994208870558
16,356,317.76715309590253,164.2643045056842
16,357,317.80990771777914,164.2305191298374
16,358,317.8200597901829,164.21677893940893
16,359,317.7948664423046,164.2327697459803
16,360,317.7769179753707,164.26945527944676
16,361,317.79051910763724,164.33727386975252
16,362,317.8345986663919,164.423637975139
16,363,317.90032808033715,164.50234139203664
16,364,317.9808053977712,164.571423740802
16,365,318.05019878715524,164.6433460704218
16,366,318.05775605181236,164.71017330652762
16,367,317.9864757972769,164.77006908794718
16,368,317.879094422876,164.81998419482335
16,369,317.7738135362398,164.8377065105894
16,370,317.6992224980014,164.81725141428788
16,371,317.69933261750975,164.79779203191475
16,372,317.758983943628,164.78030988190125
16,373,317.81726369683645,164.775548232698
16,374,317.85201033296016,164.78038652870026
16,375,317.8408116933125,164.79786389476277
16,376,317.7460634662188,164.7937023849354
16,377,317.60864360166244,164.76150533748444
16,378,317.47969764406736,164.66085256328125
16,379,317.38041634718417,164.50208535982128
16,380,317.2886416184336,164.30004092719773
16,381,317.21676994397063,164.0826799480086
16,382,317.18589008407577,163.87678284246812
16,383,317.1869303475553,163.71813124891935
16,384,317.1751345793359,163.6213323766621
16,385,317.1652620913289,163.59517428669795
16,386,317.1765132038749,163.63930453464977
16,387,317.17673199176585,163.7511040289478
16,388,317.1515284777563,163.89556807549317
16,389,317.11910362825597,164.04667606532664
16,390,317.11661406794195,164.17957760510993
16,391,317.11529202083636,164.28969693851417
16,392,317.1055736721432,164.3653309666372
16,393,317.1406315648291,164.42182108819574
16,394,317.25035004268176,164.48464172658444
16,395,317.3983825480194,164.57007577063825
16,396,317.5666905483657,164.6420771285757
16,397,317.73391248678297,164.65922445445568
16,398,317.84879278576875,164.6340941498596
16,399,317.8782227210911,164.57882980483345
16,400,317.85263876261615,164.50984610224117
16,401,317.817313871629,164.4373566203484
16,402,317.76113411029354,164.40397337187625
16,403,317.69760124473373,164.4202260869823
16,404,317.6342328988639,164.4815030288667
16,405,317.56403398528346,164.54214958688587
16,406,317.4384755133085,164.56983620517778
16,407,317.33724839630656,164.5691073790441
16,408,317.2580173717167,164.52663558172773
16,409,317.18280162299885,164.4250528771392
16,410,317.0965355536651,164.31435460374593
16,411,317.0647350775248,164.244730762512
16,412,317.06175190005285,164.21509648217014
16,413,317.106803018357,164.21926377096818
16,414,317.1813303140323,164.25393391634825
16,415,317.29660661097813,164.3027219213787
16,416,317.41248710212716,164.3722522514963
16,417,317.5017189077536,164.44247246715108
16,418,317.54873280112736,164.5109288840205
16,419,317.57733269351553,164.5674088092979
16,420,317.56550235940466,164.5949815994647
16,421,317.5111509019685,164.57691673452564
16,422,317.4274856211171,164.52934656229036
16,423,317.32005095065256,164.47398118489363
16,424,317.1966020585003,164.44277513094312
16,425,317.0746274652918,164.43733933412383
16,426,316.97264691396106,164.44916243927315
16,427,316.89116359392983,164.4599900633161
16,428,316.81845645660303,164.46048602627502
16,429,316.75775057019433,164.42082092169488
16,430,316.73829356696837,164.34524383394665
16,431,316.75783523575467,164.24834116570162
16,432,316.8071861784154,164.14964934303788
16,433,316.87073972964413,164.04347902204017
16,434,316.95334758228324,163.94681063195617
16,435,317.04344136070523,163.88685060587053
16,436,317.1123143710355,163.86110146020135
16,437,317.15997380455764,163.8740557487839
16,438,317.1969071551415,163.91297785989119
16,439,317.2303963924325,163.97947520824638
16,440,317.2572463469331,164.04802154043063
16,441,317.28941063436633,164.12247852883883
16,442,317.29417991582415,164.1773690157633
16,443,317.28857876632156,164.22630549359565
16,444,317.2739451507418,164.26806430594647
16,445,317.22523221148145,164.29583013798
16,446,317.15382747234753,164.30277034900828
16,447,317.10008568347325,164.30996080682164
16,448,317.0543711691511,164.30876294384308
16,449,317.0095585507696,164.28842035969285
16,450,316.9857985269817,164.2531837777629
16,451,316.9683500896122,164.21180537782823
16,452,316.9659026422308,164.15946111607553
16,453,316.97220193003494,164.10216931576664
16,454,316.9620487346236,164.04422209061542
16,455,316.9405886639723,164.0005041487676
16,456,316.91179141640845,163.97003086796005
16,457,316.87434039755044,163.95932405769932
16,458,316.8360590561752,163.97594612953685
16,459,316.8310232764317,164.02738538215712
16,460,316.8512771302232,164.09407219893933
16,461,316.90293433203834,164.1609700870478
16,462,316.95843543281984,164.22310480621678
16,463,317.0015326266754,164.2738192528145
16,464,317.0188774888108,164.30566617864037
16,465,317.0172945703946,164.31300761142418
16,466,317.00511826928266,164.28856583138506
16,467,316.9851809309473,164.25372522916396
16,468,316.9661448847531,164.21207291779538
16,469,316.96424319532974,164.16413867489237
16,470,316.9590953177906,164.12907042568625
16,471,316.9450405327233,164.1251115684569
16,472,316.93894868460836,164.12453281102862
16,473,316.9533311555917,164.1189526217285
16,474,316.97622691769385,164.1116337467797
16,475,317.00616730268365,164.10010686859772
16,476,317.0328669713892,164.08130056727381
16,477,317.0472182547869,164.07391403610077
16,478,317.0287097824178,164.10360843286728
16,479,316.9985345464112,164.15289058783307
16,480,316.96726153388147,164.20456506262676
16,481,316.94707371845925,164.25857833643883
16,482,316.9374350501619,164.30205587076557
16,483,316.9686346543515,164.32287598623824
16,484,317.0206832778043,164.33753323546256
16,485,317.0795507134387,164.35787755554762
16,486,317.12257155646296,164.37370322473868
16,487,317.1604907306552,164.3778879562202
16,488,317.1934383552434,164.36417860535383
16,489,317.21992165983175,164.33369063881455
16,490,317.2400350548815,164.29150751367018
16,491,317.26220660942437,164.26235026188624
16,492,317.26273447114943,164.25399807670763
16,493,317.2273828149072,164.2626437334693
16,494,317.1582985326464,164.28286165339603
16,495,317.0820408044801,164.31330273908677
16,496,317.017140201026,164.34306475951232
16,497,316.97853309423755,164.36805004565716
16,498,316.9646939315958,164.38708890058552
16,499,316.9771261110856,164.39309066897056
16,500,316.9981723580035,164.38193289890822
16,501,317.02651202598594,164.34747779109446
16,502,317.0529891918856,164.29857854588417
16,503,317.0786411076053,164.243798693446
16,504,317.0905795966065,164.18889527475125
16,505,317.0905460429417,164.14371413703338
16,506,317.08760771184103,164.1158764700746
16,507,317.09609649472833,164.10069638839627
16,508,317.110937867196,164.08899833271525
16,509,317.13855468542334,164.08598881061195
16,510,317.17342257595476,164.07299457203877
16,511,317.20277549842876,164.0577503068459
16,512,317.21280104372806,164.03704293729047
16,513,317.18590043533663,164.03271541877282
16,514,317.1067737653989,164.05605566160884
16,515,317.01288146092634,164.10400154119318
16,516,316.91704658257765,164.15669674563873
16,517,316.8470292894744,164.2128627863937
16,518,316.81599316694064,164.2560550434253
16,519,316.8470342773103,164.2718803502133
16,520,316.9094008643958,164.2723379312915
16,521,316.98993339283186,164.2630859155118
16,522,317.0673213843833,164.24945430632044
16,523,317.1390934149047,164.23417870866624
16,524,317.19854487040385,164.228134753778
16,525,317.2372643586415,164.2241579344461
16,526,317.23849065590474,164.2185418687609
16,527,317.2369821524626,164.2223576346671
16,528,317.2238782537361,164.23785537408332
16,529,317.1926967034227,164.25329461535276
16,530,317.1737611940563,164.27880051456685
16,531,317.1894396551622,164.32442872717212
16,532,317.20016080231613,164.36934697389026
16,533,317.2226112778437,164.40733515066296
16,534,317.25956814356834,164.43838633057985
16,535,317.2883842548987,164.45895431096588
16,536,317.301602353785,164.4612913066089
16,537,317.3028620950899,164.45293175111
16,538,317.280159350682,164.43712591295812
16,539,317.2577223025746,164.4196341110849
16,540,317.2449035865141,164.40089998055004
16,541,317.2350563485573,164.38192605370273
16,542,317.2331229812552,164.36666463007552
16,543,317.2445793297682,164.35989804982378
16,544,317.25153413517484,164.36033370157247
16,545,317.2457609327079,164.36632843085906
16,546,317.2277986109529,164.38188310287617
16,547,317.1972599918005,164.39886626533257
16,548,317.1588619689361,164.4073256686996
16,549,317.1064624707785,164.40388685418168
16,550,317.0283335150738,164.39328421348904
16,551,316.9639040621982,164.3754010892687
16,552,316.92585995384985,164.3539065234252
16,553,316.90909293876757,164.33963533056254
16,554,316.9213979156534,164.33970987898405
16,555,316.98270577030485,164.35088566153408
16,556,317.05096413262834,164.36663179317094
16,557,317.1129843652888,164.38539143102267
16,558,317.1708270231183,164.40169864919108
16,559,317.2181730319651,164.40495367330567
16,560,317.2494958418794,164.40176506525054
16,561,317.27745263912504,164.40068340005666
16,562,317.31136695918286,164.4039128207479
16,563,317.34494987168813,164.4052456155972
16,564,317.36818701062106,164.40577244617992
16,565,317.3800916904065,164.40886039092425
16,566,317.37785407274913,164.40456217522282
16,567,317.35799669864645,164.38376680861273
16,568,317.3340145539835,164.35463231473145
16,569,317.31691321741266,164.32477544195595
16,570,317.3012998901834,164.29061214344932
16,571,317.28546469355865,164.25962353766872
16,572,317.2611831642698,164.24220535818344
16,573,317.22248726581785,164.2354254450176
16,574,317.1713685783536,164.24162866088318
16,575,317.12285521041866,164.2535614254974
16,576,317.0783161536091,164.2699093346154
16,577,317.0454495106817,164.2923126496402
16,578,317.02489209726065,164.31629066370553
16,579,317.01442726837155,164.33099880336582
16,580,317.0089102549385,164.33249432890733
16,581,317.01178559972925,164.32431307015355
16,582,317.01941859929775,164.303561727328
16,583,317.0310426287969,164.27453516005826
16,584,317.0498453177135,164.24656815329166
16,585,317.0698283561495,164.22326966059367
16,586,317.0896819412708,164.19964402924748
16,587,317.11877588674236,164.18807234676854
16,588,317.14928595487453,164.18519412428662
16,589,317.17577556715776,164.1838256439915
17,0,332.85739884813813,162.33089340732033
17,1,333.0930423163335,162.48317225589042
17,2,333.3397428726671,162.64813459973138
17,3,333.52840632473755,162.78758885746797
17,4,333.52850294967766,162.82956453184835
17,5,333.48491458866533,162.845230150783
17,6,333.43652163655923,162.8514795674213
17,7,333.3884102633102,162.85618858000558
17,8,333.3342035468739,162.85589043755445
17,9,333.2808969426245,162.85140908281338
17,10,333.2208505225303,162.8542362556284
17,11,333.16270811662304,162.8634506673734
17,12,333.10217611781604,162.8620260749018
17,13,333.0532648042448,162.85301400525137
17,14,333.01972214648333,162.8439294397677
17,15,333.01137501936125,162.82540886237868
17,16,333.0069319136544,162.80053412039186
17,17,333.0085166481473,162.78129626395435
17,18,333.0034369140964,162.7647448254771
17,19,332.9853941791208,162.74868591372726
17,20,332.9548332155398,162.7336467297211
17,21,332.9235764360538,162.72337228144937
17,22,332.8999203702017,162.72427234735167
17,23,332.8850849930373,162.7347962717908
17,24,332.8741475418886,162.7583871377749
17,25,332.8723359247066,162.78832519507574
17,26,332.8763573147916,162.82233446836142
17,27,332.8792415181716,162.85200725611097
17,28,332.8756186847174,162.8748514241202
17,29,332.88058528046565,162.88033035447722
17,30,332.8814190020094,162.87577601060676
17,31,332.8758192554901,162.86310867241295
17,32,332.8711817010252,162.84906735112605
17,33,332.87029701848417,162.83237508811868
17,34,332.86331932344063,162.80575335531483
17,35,332.8561138400376,162.78436384153443
17,36,332.84036217800036,162.77278758833452
17,37,332.81086427825915,162.76376840983292
17,38,332.77824021231,162.76389248889976
17,39,332.7481246922789,162.77826484784575
17,40,332.72225481478245,162.7864941620743
17,41,332.7105607398809,162.7829293992868
17,42,332.71236304334155,162.77727168249882
17,43,332.7184864127904,162.77398294109608
17,44,332.72294914222084,162.77315018577045
17,45,332.7185384705368,162.7649620469911
17,46,332.69478449405335,162.7444548195794
17,47,332.6720337783758,162.71790762056602
17,48,332.6502058713244,162.6835415333986
17,49,332.62785528908023,162.6479628295862
17,50,332.60921285999217,162.62785479310116
17,51,332.61056608999485,162.6272023407547
17,52,332.6176682713728,162.64461130509508
17,53,332.6283750806359,162.67026236176025
17,54,332.64223737257885,162.69915020874558
17,55,332.6629678548803,162.72497650557384
17,56,332.6857526632974,162.74789943643387
17,57,332.70604000252905,162.75398420257596
17,58,332.71585272919066,162.7447649707905
17,59,332.73115524602696,162.73392772523624
17,60,332.74391360663776,162.72674649649622
17,61,332.7435859113999,162.7285277634941
17,62,332.7248865478126,162.73846589220275
17,63,332.70587121165966,162.7562113419319
17,64,332.67422537258716,162.77429547240533
17,65,332.6401703158837,162.78784194511383
17,66,332.6134773479346,162.79356108017296
17,67,332.6013541694698,162.80241779534038
17,68,332.5966042349447,162.81432177289403
17,69,332.5994065995238,162.82171080165955
17,70,332.614365409441,162.81272548631284
17,71,332.6327583760665,162.79754560767154
17,72,332.6419447437015,162.78074294422365
17,73,332.64539192049523,162.7659516309363
17,74,332.6488832301914,162.76040969206898
17,75,332.6456436521225,162.77612501858707
17,76,332.64334201542044,162.79906692926684
17,77,332.6476903210913,162.81761993567014
17,78,332.6563755601473,162.8351536391741
17,79,332.6634787095577,162.84605202257794
17,80,332.66931337830664,162.84843397101625
17,81,332.68615150339986,162.8475037892894
17,82,332.7197467976085,162.84060280263205
17,83,332.7564109808731,162.83137171782852
17,84,332.79213963403345,162.81789259158072
17,85,332.8247612801251,162.80551305402585
17,86,332.83946892513126,162.79996087873744
17,87,332.83510171161123,162.80163353765127
17,88,332.823769912715,162.79979822431673
17,89,332.8050313994204,162.801507792579
17,90,332.7819312379591,162.8021194036436
17,91,332.7595040869625,162.7920629962151
17,92,332.7383293368494,162.77546334279896
17,93,332.7128170366594,162.75953228692075
17,94,332.6756320513441,162.74709105756153
17,95,332.6473141601935,162.73491650878952
17,96,332.62505209425393,162.73276634796972
17,97,332.61017068595424,162.73639847594063
17,98,332.6049932180295,162.74467943673494
17,99,332.62019336533336,162.7480561152192
17,100,332.6328308594625,162.75322920719466
17,101,332.65041530742667,162.75591708333596
17,102,332.673615877159,162.75693803422115
17,103,332.69816224383175,162.7575579894951
17,104,332.71935921054336,162.76334428994264
17,105,332.7346264397549,162.7699514020079
17,106,332.7244604783431,162.77533481165986
17,107,332.69317722846677,162.79454257715568
17,108,332.6505364198112,162.81314019309087
17,109,332.6024932352962,162.8308042196554
17,110,332.5497885384546,162.84598422297077
17,111,332.51958193886054,162.8460217759409
17,112,332.52125716071515,162.80169566740994
17,113,332.5573853753472,162.755818135916
17,114,332.6198875134404,162.72276812269737
17,115,332.69158607553004,162.7048987031709
17,116,332.7562183896719,162.70252702467016
17,117,332.79011833698235,162.71904262171597
17,118,332.80882470267153,162.74542011367805
17,119,332.8753793297624,162.79277083686696
17,120,332.9998752237083,162.88279846190557
17,121,333.1534479325815,163.03388395240052
17,122,333.3332566943165,163.24994496109565
17,123,333.52491151597775,163.46516139608454
17,124,333.62481133409324,163.63559456281016
17,125,333.68086720819764,163.70908246453476
17,126,333.73742632275554,163.67410351896197
17,127,333.78153591002336,163.58752036570627
17,128,333.76623427490506,163.52554194020018
17,129,333.75041254189455,163.4641153126909
17,130,333.7166753682404,163.44998872100092
17,131,333.6778953645743,163.48137989358275
17,132,333.6439312331339,163.51666348598403
17,133,333.6815452809525,163.53550295544918
17,134,333.7828052598165,163.5953005848542
17,135,333.924406479488,163.70080525778846
17,136,334.0390374525857,163.83096386627838
17,137,334.1151382542459,163.9299751771842
17,138,334.15410884943765,163.96736334389007
17,139,334.15900036307204,163.93759592356392
17,140,334.124148900237,163.8205377484995
17,141,334.1562084206111,163.63852003379762
17,142,334.250247354667,163.4759577266859
17,143,334.34676445238387,163.3614395260734
17,144,334.42935641536326,163.28394902828168
17,145,334.4948142509142,163.24346290567846
17,146,334.46782242339486,163.2257949458294
17,147,334.36007267342535,163.20329739549868
17,148,334.22544902878303,163.15886203241115
17,149,334.11516932507806,163.09684121883012
17,150,334.0056005223509,162.9995663843255
17,151,333.8883401849885,162.9093122821382
17,152,333.7875798168017,162.83583414078913
17,153,333.70303218657625,162.7859077280893
17,154,333.5590103591328,162.74533542377446
17,155,333.41973945842335,162.72379720391163
17,156,333.29831036952936,162.69890543920232
17,157,333.1932429748993,162.61144007821383
17,158,333.13196094430526,162.4911321640636
17,159,333.14505639007064,162.37288103075332
17,160,333.195984197892,162.27327258433385
17,161,333.28721592772246,162.20497833117494
17,162,333.37669511375105,162.1867946725181
17,163,333.42697455920995,162.18922352046883
17,164,333.44849296350117,162.1990825482947
17,165,333.45678961336375,162.22716330722304
17,166,333.38993469996666,162.2522484605218
17,167,333.3254901186469,162.28969203818986
17,168,333.24808110906474,162.34627010600886
17,169,333.1398311696632,162.39860823577234
17,170,333.0313457919297,162.42240424188705
17,171,332.99427597134763,162.4248697383032
17,172,332.9715907264377,162.44062740696373
17,173,332.9697301331268,162.46257291646978
17,174,333.0176132980412,162.46415298757108
17,175,333.071619871131,162.4528007339798
17,176,333.1183156361561,162.4392212137368
17,177,333.1802288581565,162.42266695181905
17,178,333.2427349908476,162.3883497614651
17,179,333.27687502049264,162.3912050109036
17,180,333.29344822164313,162.43809452703098
17,181,333.3074833688571,162.5295517600902
17,182,333.32988335441587,162.6207960493601
17,183,333.38173378884517,162.71764215779498
17,184,333.4898521735361,162.80217080981032
17,185,333.5981331286812,162.85599533955516
17,186,333.68640341912794,162.86287784616565
17,187,333.741583770996,162.85964818387973
17,188,333.75731039940797,162.85084256964828
17,189,333.7233174106161,162.82871518874757
17,190,333.6708440876041,162.79646094215062
17,191,333.640222003572,162.7775074781604
17,192,333.6372467536721,162.74544494469055
17,193,333.67063352310174,162.67561256897415
17,194,333.71594396862866,162.59263925672465
17,195,333.76941476674574,162.55421650247928
17,196,333.7822555118654,162.53321116723131
17,197,333.7556782077078,162.5106534715588
17,198,333.7122828589963,162.52958690072194
17,199,333.7076170351468,162.60876788308866
17,200,333.7737447219295,162.70162575143655
17,201,333.8784177691133,162.7840713964555
17,202,333.9646354133895,162.89145135788104
17,203,333.98692355338466,163.03230029505417
17,204,333.9315752434496,163.18229006230786
17,205,333.79982320405287,163.32477721959899
17,206,333.6310753816232,163.4916501287553
17,207,333.49379900739666,163.6566886321974
17,208,333.4239260672981,163.76661806077547
17,209,333.4027025909652,163.8072884275845
17,210,333.3903843755735,163.79167890923372
17,211,333.36312488515983,163.73083772216302
17,212,333.295272930754,163.65504870722214
17,213,333.2070237343521,163.58810062190125
17,214,333.0865508415134,163.51483574289844
17,215,332.9503312650281,163.44957180987723
17,216,332.82649014413823,163.38838381588684
17,217,332.74390634277376,163.3326623947815
17,218,332.6688218425479,163.3076168244624
17,219,332.61122591158227,163.31826031336539
17,220,332.5882850223868,163.32885021938358
17,221,332.59010368467676,163.35473031698908
17,222,332.5946471909043,163.40383015665608
17,223,332.60047215155777,163.44219037909377
17,224,332.6358608970276,163.4834926791425
17,225,332.7200964398035,163.5603377449363
17,226,332.88140747926883,163.6672209348295
17,227,333.05248372724117,163.7571019184836
17,228,333.198567487049,163.82558692220962
17,229,333.2804279821878,163.8672074948643
17,230,333.30204361780454,163.8575774068649
17,231,333.2811004320389,163.793156477242
17,232,333.30353518389967,163.7006155896898
17,233,333.38811006749194,163.59548903336423
17,234,333.552798627332,163.476492773335
17,235,333.7690446075425,163.37691558723307
17,236,333.9711236082058,163.2919384104174
17,237,334.0822052176566,163.2245780844018
17,238,334.05100358406077,163.18935725197545
17,239,333.9208850916113,163.16768161590807
17,240,333.721370743533,163.14062275934472
17,241,333.4861189286005,163.1284118573837
17,242,333.2726901770509,163.12175001233913
17,243,333.16216371474206,163.0712111734753
17,244,333.1187703716465,163.00698235364055
17,245,333.10897877250994,162.95596642691487
17,246,333.13027687743653,162.93542403206308
17,247,333.18878949459554,162.93696930948983
17,248,333.2651223554605,162.98199835196
17,249,333.3535834734151,163.04503668557177
17,250,333.47959142892876,163.09510444369621
17,251,333.65325717336765,163.1041948786195
17,252,333.80893242623023,163.0734114274479
17,253,333.9305230711607,163.00273188882062
17,254,334.0176397798527,162.91652977293603
17,255,334.01770782016695,162.84473158399382
17,256,333.91602141478995,162.79888924694274
17,257,333.8001389011428,162.75521109810614
17,258,333.71423855326407,162.71759082065392
17,259,333.65358612221195,162.68192577489452
17,260,333.63832901722924,162.62246709327448
17,261,333.69050361064706,162.5143954892269
17,262,333.74163930554687,162.44348257964256
17,263,333.73184487907935,162.42370654145594
17,264,333.64022710561613,162.4245710964371
17,265,333.4979637557667,162.45072912892016
17,266,333.32806642471144,162.50618432459925
17,267,333.1522188517414,162.54555228624235
17,268,333.0020006914761,162.54835009617292
17,269,332.91080715849375,162.5339824880899
17,270,332.90205017028757,162.49639968084503
17,271,332.95475569758383,162.44805203432713
17,272,333.04410878750446,162.401296308396
17,273,333.15087646917857,162.37025494872512
17,274,333.2697085469728,162.33668636458214
17,275,333.32795073138413,162.32665426532554
17,276,333.3010504427209,162.30988820781042
17,277,333.22613569688315,162.2878058641223
17,278,333.1520666497847,162.2443989676109
17,279,333.0799789808494,162.20327442414793
17,280,333.0356565376105,162.14491513439995
17,281,333.02972221944685,162.10948857080498
17,282,333.0403934043192,162.09324233282516
17,283,333.0309294173969,162.10507226949056
17,284,333.0091097342002,162.1505569901538
17,285,332.99615742374885,162.22172666515343
17,286,332.9909892253271,162.31456583118973
17,287,333.0286547313533,162.43315184598433
17,288,333.09028770211097,162.57364526748782
17,289,333.1315555907341,162.70378645638218
17,290,333.13691899575434,162.82041450322356
17,291,333.1179282916311,162.90854944558592
17,292,333.0899756849152,162.9571205575949
17,293,333.0729906085176,162.9573577541171
17,294,333.0888958930621,162.93555701401058
17,295,333.1793878291027,162.89039212526262
17,296,333.30628969661973,162.8251913852421
17,297,333.38812090409186,162.74916431939332
17,298,333.3916901341702,162.68341499253373
17,299,333.3667151940865,162.63553261899892
17,300,333.2912644465852,162.60991834920435
17,301,333.21590016818857,162.6214304380993
17,302,333.1883227704886,162.65409691098688
17,303,333.2208204812269,162.67499849615353
17,304,333.251470200585,162.66433321872285
17,305,333.26375023629913,162.65409413326532
17,306,333.25706458126274,162.6475095446734
17,307,333.25213648875945,162.63879832394883
17,308,333.23894251016213,162.63798290204844
17,309,333.24594005830824,162.65678292656884
17,310,333.3142106257664,162.68902477524534
17,311,333.39866222599045,162.71364566715823
17,312,333.45365789350944,162.77423297962977
17,313,333.4830147926077,162.86604439203393
17,314,333.4832331954492,162.95636473508546
17,315,333.46177606339523,163.00159279648642
17,316,333.41777538907326,163.00821099358657
17,317,333.37331623066194,162.94130807813616
17,318,333.38191817189306,162.82155548870114
17,319,333.4599131544311,162.70246463430013
17,320,333.5330586058973,162.63880125472582
17,321,333.6004759202521,162.62533570667173
17,322,333.6603505667422,162.64048918510062
17,323,333.6580999314011,162.6872975176327
17,324,333.53154989945585,162.7314118811883
17,325,333.31476301715765,162.76306556562528
17,326,333.0810253934964,162.77817794255725
17,327,332.89155895304225,162.79685641353012
17,328,332.78275651285696,162.79461588280728
17,329,332.8202729972127,162.8100357231601
17,330,332.9820707468121,162.81895235305933
17,331,333.19017755112793,162.81610942369494
17,332,333.3870755431753,162.81115593440583
17,333,333.5420547664623,162.8621284325046
17,334,333.6087459878894,162.95890197922827
17,335,333.6224666365214,163.03922753608634
17,336,333.6386329160555,163.069946887982
17,337,333.64920497233686,163.0389087218147
17,338,333.65823611946394,162.93995187385434
17,339,333.6780692937683,162.7847015148669
17,340,333.66917502992357,162.65949106854703
17,341,333.6044925685053,162.61590177562888
17,342,333.4857582543793,162.66088806149267
17,343,333.360767969179,162.71389632926397
17,344,333.23936297563927,162.74085869883206
17,345,333.1454198988455,162.71998584516354
17,346,333.08088545673854,162.65423038868784
17,347,333.05419050441736,162.52760558690292
17,348,333.04539070133166,162.3960936714288
17,349,333.054732390675,162.3023808956546
17,350,333.06766319567646,162.24095068247885
17,351,333.1155358261107,162.18412323923192
17,352,333.1838222145259,162.1493683737484
17,353,333.26247507351826,162.13457105094
17,354,333.33739118899257,162.12441698439477
17,355,333.4015851214715,162.09729384226114
17,356,333.43756544818433,162.04974474598103
17,357,333.44888683541615,162.0178590468121
17,358,333.4329176538117,162.0329896237959
17,359,333.4082239650264,162.08822803904346
17,360,333.39482526483334,162.1984663093002
17,361,333.3933726456931,162.36145688079574
17,362,333.4338630190538,162.52576749822225
17,363,333.5054568396079,162.67073113228744
17,364,333.57807702926186,162.77714758798095
17,365,333.6338187030307,162.82923795209553
17,366,333.6447714466743,162.83731879646248
17,367,333.57153648438685,162.8267404832182
17,368,333.45530702593726,162.7795433414933
17,369,333.3365537718678,162.70642555994556
17,370,333.22011861883004,162.63403694372664
17,371,333.1408017145447,162.59399693696594
17,372,333.1004181047579,162.58453988626349
17,373,333.0520403264566,162.62286034329176
17,374,332.99342312019826,162.70412412545915
17,375,332.92467746765254,162.78716475574103
17,376,332.82738224138245,162.85061879692194
17,377,332.7216570478629,162.8879602661582
17,378,332.6411050772055,162.89015034651263
17,379,332.60851439682506,162.85343745049525
17,380,332.60022276513786,162.79337993432782
17,381,332.61847964262034,162.73766352809886
17,382,332.69065086085834,162.68551820484925
17,383,332.77895365622504,162.64773968289566
17,384,332.83012856472,162.6281099762322
17,385,332.8738766063933,162.64706163152735
17,386,332.9233518296799,162.68564489119282
17,387,332.92785351835767,162.73189700802752
17,388,332.89057802993597,162.7652217428024
17,389,332.8377706620705,162.7832212183377
17,390,332.7946116617512,162.77755933180546
17,391,332.7287398787001,162.76252491508558
17,392,332.6676901815959,162.7558972918008
17,393,332.6702335368806,162.74986660473908
17,394,332.7529218286233,162.75353569686
17,395,332.8708985655187,162.79150556237215
17,396,333.0152886079365,162.81897475567104
17,397,333.15318544164035,162.8062008232038
17,398,333.2246949345492,162.77122404804618
17,399,333.20027906670606,162.7389810940713
17,400,333.10714896789915,162.6967694457175
17,401,332.9798929608871,162.65228049718323
17,402,332.8416265576059,162.63610579424557
17,403,332.71974596643486,162.67749039593795
17,404,332.66186698116536,162.73893531957947
17,405,332.6714832615564,162.79063689571834
17,406,332.6922505770451,162.81908115354022
17,407,332.7302295655402,162.82764458496285
17,408,332.78729034554834,162.79717415606206
17,409,332.8142831732357,162.71556460739683
17,410,332.7964337178531,162.61972922729893
17,411,332.77760318629095,162.55033959541757
17,412,332.75807799171525,162.51047965266278
17,413,332.7473895256973,162.47749081357435
17,414,332.7377839855292,162.4697461229861
17,415,332.7532440006555,162.4705372612372
17,416,332.7981692075405,162.48873276285806
17,417,332.83789813098184,162.4988513539846
17,418,332.8345792336858,162.5130209180414
17,419,332.8074830176824,162.52534369846325
17,420,332.74954154290236,162.54275255267143
17,421,332.6654067376052,162.55381609150416
17,422,332.5803745977138,162.5806763866008
17,423,332.53928944123993,162.61800964566012
17,424,332.52245831366946,162.67792621372064
17,425,332.50268443863405,162.7414640825739
17,426,332.47774910324705,162.7907034272763
17,427,332.45898591693964,162.81950758886208
17,428,332.42201057729915,162.83346323500885
17,429,332.38745237390157,162.82717631944448
17,430,332.36645142665355,162.8016557131198
17,431,332.3629403566686,162.7644561603954
17,432,332.37342413501807,162.7158716271544
17,433,332.40659080457675,162.6613932174737
17,434,332.47043517113383,162.60325050929936
17,435,332.570514549073,162.55279479677583
17,436,332.65466764691985,162.50311426830535
17,437,332.71191861742517,162.47211810624802
17,438,332.74206363148124,162.44888049552483
17,439,332.75752196940397,162.43503605266312
17,440,332.7707826180871,162.43612491528432
17,441,332.8075675244874,162.4705509036418
17,442,332.833743106262,162.50604758102298
17,443,332.8503122622885,162.54775816652227
17,444,332.84198278599655,162.59885400949724
17,445,332.79183993058086,162.6561304831393
17,446,332.7130993893239,162.7016030460009
17,447,332.65374638907264,162.7388034994874
17,448,332.6113435313192,162.75856724544573
17,449,332.5679432703458,162.7597260617666
17,450,332.5440909695985,162.7473806272077
17,451,332.543332368745,162.7389291531842
17,452,332.56783700903975,162.73354740394967
17,453,332.5988336036187,162.72162683733347
17,454,332.6236530801357,162.6865227825624
17,455,332.6444080339854,162.64375723653228
17,456,332.66368598462856,162.58825818383772
17,457,332.6565603828473,162.53696053983123
17,458,332.63854136991455,162.51084901621093
17,459,332.6365786252204,162.52207598441166
17,460,332.64239984192295,162.54229622680882
17,461,332.64019783420105,162.56163238862328
17,462,332.6471800310672,162.58258947180929
17,463,332.65515333627826,162.59556025059544
17,464,332.6556790247473,162.60154338339166
17,465,332.6459869088718,162.60100846362988
17,466,332.6387594558091,162.59169261259026
17,467,332.6311827346707,162.58032960377142
17,468,332.62195740374136,162.57369271231016
17,469,332.6125476320287,162.56777919000186
17,470,332.5998374943092,162.57893730252493
17,471,332.5877699885548,162.6166322620149
17,472,332.5874211611468,162.65407485164724
17,473,332.60015528740286,162.6818104093406
17,474,332.63028315215377,162.70614374049617
17,475,332.67404177584245,162.71763070291618
17,476,332.7210899859884,162.71252842769405
17,477,332.74757339763215,162.70939812008993
17,478,332.74304857934277,162.7296233227579
17,479,332.7234040909885,162.7686591692403
17,480,332.69006469013647,162.8148745688775
17,481,332.6491257370939,162.8674280133135
17,482,332.6241902167049,162.90701880677457
17,483,332.6457322302224,162.92541580328486
17,484,332.69237729672136,162.92440592824502
17,485,332.7546499596123,162.9257962431166
17,486,332.81117194361997,162.91926343524332
17,487,332.844461929635,162.90706766081271
17,488,332.8440496333276,162.8890358348622
17,489,332.827433703766,162.8611359156123
17,490,332.82678331001625,162.8020284407531
17,491,332.8335514475883,162.7440125252947
17,492,332.8315574960923,162.70113607812004
17,493,332.82286152248105,162.67631515017098
17,494,332.8005091613375,162.6683954802858
17,495,332.75618095179306,162.69108170264357
17,496,332.70994729215545,162.72972601783505
17,497,332.67992903594217,162.7718424134867
17,498,332.6526091609568,162.8036803917711
17,499,332.6336727108786,162.81580112354595
17,500,332.6200424181789,162.80910391129055
17,501,332.6113683164262,162.7804856895132
17,502,332.60132576318256,162.75046221317393
17,503,332.60245950294376,162.72300990883681
17,504,332.59890452217934,162.69887326142293
17,505,332.58888626232493,162.68292250701646
17,506,332.59437119663085,162.67748285448178
17,507,332.63000956563087,162.672748447554
17,508,332.67586252095435,162.6694425479569
17,509,332.7190849261446,162.6763704357473
17,510,332.7513352089453,162.67545427817754
17,511,332.75984943242025,162.67029452704273
17,512,332.7377813952178,162.6557782102608
17,513,332.6918446457129,162.64830630247275
17,514,332.63426528456307,162.66531895853703
17,515,332.57633701048996,162.69789358316666
17,516,332.5282846265781,162.73469140504272
17,517,332.49131053108124,162.77567209933656
17,518,332.47209170594175,162.81151591212102
17,519,332.476995963294,162.82908296391582
17,520,332.4969325077631,162.8401520005158
17,521,332.517082358979,162.8425625234181
17,522,332.53661835673216,162.83724888581682
17,523,332.5553667688632,162.8234555812487
17,524,332.5700492432413,162.8064897206478
17,525,332.5801056037865,162.78618758293504
17,526,332.58559306092803,162.76228511459396
17,527,332.59933992886454,162.7473797791814
17,528,332.59655421930927,162.74378609622138
17,529,332.5684475030606,162.7423060951984
17,530,332.5383736854259,162.7537566513952
17,531,332.5236047403274,162.78745592817927
17,532,332.50651792793656,162.82198385307112
17,533,332.5114367417212,162.84903160131023
17,534,332.54277729960137,162.8703404562228
17,535,332.58012666960354,162.8793640196518
17,536,332.6081199494218,162.87507448579035
17,537,332.6240425844669,162.86781418524106
17,538,332.62846060983276,162.86403346445135
17,539,332.6335333225576,162.86231033554205
17,540,332.6436742115269,162.86427551863738
17,541,332.6561188198125,162.8665888477124
17,542,332.68448257471886,162.87275482341167
17,543,332.7265741670617,162.88116421768353
17,544,332.77564019838564,162.89375571309742
17,545,332.8164211682107,162.90890341841182
17,546,332.840913537024,162.92705588247827
17,547,332.83992611350334,162.9402666603509
17,548,332.8128987618729,162.9455341760498
17,549,332.7578347646638,162.94178243462255
17,550,332.67125642070823,162.9219661106735
17,551,332.59823789906227,162.89848439106612
17,552,332.5466357095909,162.87356012208917
17,553,332.5149938520647,162.85180963855728
17,554,332.5069645745397,162.83981331106696
17,555,332.5433441250282,162.8483152941401
17,556,332.5819831671447,162.86304682980077
17,557,332.6161584922903,162.87835867397516
17,558,332.6425264974984,162.88937508454936
17,559,332.6577212323508,162.89118556767284
17,560,332.6619803689024,162.8841258203876
17,561,332.6793810729203,162.87491166062202
17,562,332.7410398005388,162.85904780953157
17,563,332.8212046406862,162.8389970072799
17,564,332.89744392843784,162.81063259955505
17,565,332.96864068278666,162.7880001441244
17,566,333.0317331698253,162.7711782459743
17,567,333.05445455622066,162.76258828495196
17,568,333.05886768703937,162.75664498147634
17,569,333.0638597514708,162.75659897514117
17,570,333.06508709595636,162.745440341688
17,571,333.05807348845985,162.72475375024146
17,572,333.0398651369181,162.70523012513024
17,573,333.00997083574646,162.69035521318267
17,574,332.95822744972463,162.68288797388206
17,575,332.90220506950624,162.68415036818837
17,576,332.8386416579623,162.69609286625146
17,577,332.78119322022695,162.7200621184556
17,578,332.739757768249,162.75062887394884
17,579,332.72750534852753,162.78222988891807
17,580,332.7364324814612,162.80608305270852
17,581,332.76162325792586,162.81952822276514
17,582,332.7904999230881,162.81486653943003
17,583,332.81744335177973,162.798025552527
17,584,332.8416316987093,162.77428591685404
17,585,332.8468578997177,162.7465736231771
17,586,332.8270916614045,162.71056272889913
17,587,332.8053539794854,162.68158263808425
17,588,332.7868384984839,162.6597180576558
17,589,332.77223359184615,162.64131078599138
18,0,340.81894181366346,160.7482355946655
18,1,340.9942171127127,160.84542723317793
18,2,341.16816114578273,160.95195841950368
18,3,341.2866932888074,161.03945933808933
18,4,341.2583833603979,161.06433423984106
18,5,341.1955649079134,161.06653406188897
18,6,341.1371056655902,161.0595509792334
18,7,341.09327764101266,161.0476356180644
18,8,341.0535266387146,161.03460889419011
18,9,341.01571055035305,161.0225831247217
18,10,340.9703560155468,161.01308881486577
18,11,340.920710990422,161.0127622033138
18,12,340.86301115277996,161.00879029702722
18,13,340.8133781266242,161.00168763000178
18,14,340.78001969522325,160.99491199177808
18,15,340.77096716412143,160.98803994078753
18,16,340.7713770436774,160.97613753797313
18,17,340.7811381698505,160.9676447396493
18,18,340.7854925781978,160.9553139830404
18,19,340.7777676463393,160.94221551498822
18,20,340.75903956072267,160.92920109701984
18,21,340.74223333906355,160.92019844495633
18,22,340.7427254773524,160.9229527356407
18,23,340.75507036088123,160.937724114214
18,24,340.77147131909487,160.9653718286396
18,25,340.79380878377617,160.99826846726117
18,26,340.81750260366545,161.0358789270032
18,27,340.8279093092092,161.06778880886228
18,28,340.8310523500282,161.08841864719116
18,29,340.841269738644,161.09082087644074
18,30,340.8480595960762,161.0825361011426
18,31,340.8489158458401,161.0641223787171
18,32,340.8517388325382,161.04264470682853
18,33,340.85223473652366,161.02020669954143
18,34,340.83967983175523,160.98626383837686
18,35,340.8198069827488,160.9538701873656
18,36,340.7881658080885,160.92470523887397
18,37,340.74177858498905,160.8980651129656
18,38,340.6929751891321,160.881974472937
18,39,340.65246205407004,160.88537933543174
18,40,340.62426794179805,160.88849716639814
18,41,340.61208740756643,160.889161396216
18,42,340.61409643722214,160.8895973178143
18,43,340.6241108678845,160.89073339081503
18,44,340.6334434229305,160.8915316844963
18,45,340.63817126695585,160.88297536798126
18,46,340.6401108804633,160.86077249856615
18,47,340.64093344306525,160.83835947869875
18,48,340.6375170314639,160.81390264883242
18,49,340.63177837796997,160.79022564802983
18,50,340.6281024719723,160.78447186531838
18,51,340.62793154913214,160.799817000862
18,52,340.63037957678944,160.8266367261024
18,53,340.6359409404092,160.85670229012342
18,54,340.6444352574365,160.88680339388432
18,55,340.6526753550955,160.9088578958061
18,56,340.66216438305327,160.92392035759053
18,57,340.67559996457453,160.92294536701647
18,58,340.69143526801287,160.91056517482335
18,59,340.7136868286795,160.90273516366153
18,60,340.73471943148695,160.9016548248236
18,61,340.74261892258477,160.90778278159976
18,62,340.7328542997794,160.91724977364095
18,63,340.7134321144372,160.92782245423925
18,64,340.68279443878004,160.93013689935376
18,65,340.65004508322266,160.92545428064167
18,66,340.6245290399165,160.91568425240533
18,67,340.61205010166924,160.91263033481906
18,68,340.6071224850776,160.9174208293659
18,69,340.6076064181821,160.92489646624068
18,70,340.61647424487535,160.92974147006333
18,71,340.63058126195773,160.93472785597896
18,72,340.63799786352155,160.9406605532463
18,73,340.64017316385986,160.95083012203582
18,74,340.64243654299304,160.97012633187296
18,75,340.64304919594133,161.00400783562273
18,76,340.6448976209741,161.0416035935287
18,77,340.65070191893506,161.07362471873546
18,78,340.6595029344062,161.09963723677504
18,79,340.66700888742145,161.11466657171485
18,80,340.67281137247426,161.11411649195554
18,81,340.68320092041785,161.10117335290258
18,82,340.6996741910824,161.06296715381606
18,83,340.71362170575424,161.0156623156882
18,84,340.72797518990564,160.96217271629314
18,85,340.7409067809804,160.91245890350572
18,86,340.7415332283019,160.87882728367305
18,87,340.73304767057755,160.8730462023158
18,88,340.72467414228777,160.8745028155229
18,89,340.70960373761557,160.88330763885676
18,90,340.6886128565228,160.89177691185603
18,91,340.66640571907567,160.88927104812555
18,92,340.6441343376114,160.88063163462687
18,93,340.6180689421364,160.87255078052533
18,94,340.58562075289257,160.86945148648388
18,95,340.5719954817719,160.86565850688535
18,96,340.5733677823125,160.86998230316937
18,97,340.58671955836746,160.8794573167992
18,98,340.6117893787888,160.89153604753255
18,99,340.6525492475707,160.89684887419287
18,100,340.68177121321827,160.90358102698693
18,101,340.70883896727025,160.90840167460013
18,102,340.73668729715075,160.91396758473783
18,103,340.7610439233137,160.92010287774806
18,104,340.78147482767963,160.93040073249463
18,105,340.79760193377183,160.94395686302232
18,106,340.794822757335,160.96807850807994
18,107,340.76919898412683,161.00346876463806
18,108,340.73013338276326,161.03800970310976
18,109,340.6821317293217,161.0724594736443
18,110,340.6278531409196,161.10118067856214
18,111,340.58501107659623,161.10360311390238
18,112,340.5615772607722,161.06174571982547
18,113,340.5548889371861,161.01156953643013
18,114,340.5672754735536,160.96958917195693
18,115,340.59015090937015,160.945178679179
18,116,340.6088620059047,160.93536466557185
18,117,340.6200835297425,160.94551008889417
18,118,340.6361435948645,160.96628152103474
18,119,340.69635093324496,160.99955131655628
18,120,340.81017128094436,161.05198144458504
18,121,340.9603223423511,161.15797493221152
18,122,341.12651248888494,161.31954503417865
18,123,341.2943444421816,161.4951933315663
18,124,341.3787100667195,161.6512185090135
18,125,341.41530577894747,161.72620613316775
18,126,341.44721897402417,161.68176572936918
18,127,341.4681016396535,161.57758059833404
18,128,341.4622144222075,161.47236864094717
18,129,341.45877983592476,161.35857297601407
18,130,341.4412457249039,161.32179554497932
18,131,341.40759667811017,161.3570627590194
18,132,341.38086535950487,161.4031101905847
18,133,341.40428927436847,161.4470856441613
18,134,341.48489247007933,161.5217495264693
18,135,341.6027267229854,161.60153597881796
18,136,341.7001443059987,161.68727191090252
18,137,341.7489052344054,161.7563031680942
18,138,341.75149477997206,161.7770900188193
18,139,341.72730203660194,161.74027164450777
18,140,341.67213438367213,161.63466708860074
18,141,341.6603635690544,161.47520622185996
18,142,341.7195310706834,161.32605564206082
18,143,341.8108778351638,161.21231570986183
18,144,341.89608148810976,161.1308092194444
18,145,341.9580545583168,161.08045929359486
18,146,341.96677043204363,161.0625803705972
18,147,341.90508313650236,161.04438693521948
18,148,341.79727339738344,161.01333941552107
18,149,341.6857445776974,160.97942030611497
18,150,341.57184427234927,160.93416193854878
18,151,341.44658892067696,160.89834892694387
18,152,341.34053119152344,160.87747210632287
18,153,341.26475352455014,160.87338228379613
18,154,341.16481650709926,160.8722858955322
18,155,341.07020885039236,160.88100943510338
18,156,340.98368931396254,160.88382694080738
18,157,340.9075707278204,160.8397903864976
18,158,340.85945521759567,160.7606199916333
18,159,340.86980029680996,160.6645533037421
18,160,340.9214726748126,160.56420821576305
18,161,341.00526208874794,160.4752852703297
18,162,341.07882363815696,160.42885834202215
18,163,341.1148267150198,160.40867475627184
18,164,341.13239803297313,160.40479199911155
18,165,341.1394038876893,160.42771560776472
18,166,341.0933909490796,160.46528131365503
18,167,341.06593226000615,160.51557034132932
18,168,341.0334227827709,160.57807266349127
18,169,340.9703775438699,160.6330033985147
18,170,340.9019814363261,160.65403743127393
18,171,340.88809668499994,160.64299617615904
18,172,340.879358611385,160.63912373362422
18,173,340.8837233618341,160.65101828781044
18,174,340.931264797041,160.66093470158725
18,175,340.98880788997354,160.6776558926852
18,176,341.03879819076747,160.69621533401116
18,177,341.0863219765947,160.69699091747586
18,178,341.1169509858163,160.65831994838624
18,179,341.12093897475535,160.63233178121428
18,180,341.1148244241632,160.6297614745293
18,181,341.10994171325774,160.66126059573952
18,182,341.1156566070343,160.69172709981495
18,183,341.1487833750552,160.7439864088125
18,184,341.208742206788,160.79812353772567
18,185,341.261122649778,160.83525702592758
18,186,341.28562307124236,160.83519569808954
18,187,341.28881601190494,160.82607536947077
18,188,341.2621547139755,160.79463160505313
18,189,341.2028678136647,160.7601483038743
18,190,341.14541809389306,160.72640119586075
18,191,341.13206665671834,160.71967354973515
18,192,341.14292141017324,160.72291050129093
18,193,341.19403358148764,160.70647368762604
18,194,341.26776271457135,160.66098972593423
18,195,341.32362914817514,160.62429829023884
18,196,341.3228733119602,160.58257636913604
18,197,341.2761849220623,160.53555687653216
18,198,341.21892377985716,160.5242913361168
18,199,341.187271444079,160.56945026203445
18,200,341.20862373633156,160.6442595599275
18,201,341.26108512119424,160.6980588763652
18,202,341.2992616578769,160.74827304491524
18,203,341.2773436228601,160.81469430224465
18,204,341.204633814966,160.88482498625552
18,205,341.0926014285958,160.94098583132413
18,206,340.9702814132454,161.0288604475284
18,207,340.8918960685901,161.13543530971063
18,208,340.87995275327637,161.21071077589926
18,209,340.9044612361053,161.23849009811852
18,210,340.9217221821378,161.22975183858907
18,211,340.9108389030246,161.2007396969756
18,212,340.86611478736654,161.16751835758527
18,213,340.8060314722356,161.14785846666564
18,214,340.7153474415847,161.1269986718802
18,215,340.61770605999567,161.12350616791852
18,216,340.54292303631746,161.11647614432192
18,217,340.5016437309526,161.09489981324143
18,218,340.45614444260093,161.08107213699085
18,219,340.41867045798676,161.08976975425225
18,220,340.40236728175665,161.08316494665752
18,221,340.39717730628047,161.07747814987934
18,222,340.3882827984488,161.0930095585001
18,223,340.38674532960306,161.10374132789536
18,224,340.4171590325387,161.10939427935907
18,225,340.4823936683992,161.13435071256913
18,226,340.60019771450015,161.168837816769
18,227,340.728362631949,161.1842576489585
18,228,340.8407612626645,161.19954670465668
18,229,340.89814240568904,161.2255992650808
18,230,340.923122899015,161.23201791507776
18,231,340.9206233893063,161.2160706531718
18,232,340.94805339482525,161.1907311005002
18,233,341.01879483981884,161.1421900032741
18,234,341.1455728666658,161.060685615927
18,235,341.30223702227255,160.9860396064372
18,236,341.45953823824453,160.91742795123264
18,237,341.54858375011617,160.86129648356007
18,238,341.5233155466891,160.84709542237107
18,239,341.42527343689153,160.85506750701134
18,240,341.266096902272,160.86329489835487
18,241,341.0714266891318,160.8878085078484
18,242,340.9072505980539,160.91662819467226
18,243,340.8350752296327,160.90178918476101
18,244,340.81756955159324,160.8723248887093
18,245,340.8377955686429,160.84868825109888
18,246,340.8822312176111,160.83639352013282
18,247,340.9342262082328,160.82964946461823
18,248,340.98920035649036,160.85387038121758
18,249,341.0450300010644,160.89093427573968
18,250,341.11616976868254,160.909907203606
18,251,341.23286384455406,160.9009093604023
18,252,341.34299640972546,160.86137158841427
18,253,341.4256151142333,160.78594968154331
18,254,341.49634581715856,160.69696275877388
18,255,341.5077270066325,160.63612147149024
18,256,341.4234767896109,160.60424144432992
18,257,341.33144491713927,160.59726612906428
18,258,341.2678336303792,160.61806031506762
18,259,341.21530384857647,160.648853961309
18,260,341.1970103554352,160.6529901906083
18,261,341.2443247306178,160.61602995852763
18,262,341.2972517367927,160.5853473027177
18,263,341.30984092830425,160.57424468727552
18,264,341.2612706763781,160.57022056118527
18,265,341.18228859070405,160.58659064766704
18,266,341.0693215892656,160.62052787657095
18,267,340.93145253588494,160.64857213907246
18,268,340.798183478008,160.65195477583234
18,269,340.71529365677105,160.63358917714612
18,270,340.69036649097944,160.59096486836043
18,271,340.7125045769893,160.53479057928152
18,272,340.771014665588,160.4734639658364
18,273,340.8481471165164,160.418259380114
18,274,340.9190956828482,160.37239187935862
18,275,340.9534350412117,160.357311717727
18,276,340.9428976520094,160.34922039918303
18,277,340.92021266073885,160.34479806285808
18,278,340.9185047117483,160.3308434328689
18,279,340.9363698947272,160.31695814268124
18,280,340.9631604190501,160.28002953252118
18,281,340.98409781276627,160.25007534924458
18,282,340.9804454584788,160.23263828249773
18,283,340.93651287110436,160.2444706331505
18,284,340.872913430935,160.2809178230378
18,285,340.81044569356465,160.3345002797304
18,286,340.7617431590279,160.40166048381278
18,287,340.7594882328454,160.47821366771234
18,288,340.77886374487474,160.56169755383286
18,289,340.78884172860916,160.64327156702856
18,290,340.77217943511044,160.72796272830377
18,291,340.74215041202046,160.80521309636168
18,292,340.7006663790563,160.86720397300874
18,293,340.66646148516975,160.88968860058287
18,294,340.6605052060884,160.8863815595335
18,295,340.724531813719,160.8603920683288
18,296,340.8210475744112,160.80404180806718
18,297,340.8960933146959,160.72647474859787
18,298,340.92946029295234,160.65681352213954
18,299,340.94520270684916,160.6067514857074
18,300,340.91485286974097,160.57271109748837
18,301,340.8785704506697,160.571983377934
18,302,340.86165415187213,160.59398642171317
18,303,340.8700074356601,160.60237281173804
18,304,340.8712164419957,160.58376219675662
18,305,340.8535842044787,160.5647313475466
18,306,340.8199369854026,160.5557040577346
18,307,340.7964417865677,160.546394916652
18,308,340.78778377383117,160.544236802868
18,309,340.79441087451625,160.5493564749669
18,310,340.8518672468491,160.55883615429158
18,311,340.91994747627757,160.55668055996802
18,312,340.967238164045,160.57766753910244
18,313,340.9794942925161,160.6315201948582
18,314,340.96997295780466,160.69992379726736
18,315,340.9425963495689,160.7459019013877
18,316,340.9007697887101,160.7719506895955
18,317,340.85887415505175,160.75134437415892
18,318,340.8644316540931,160.68705062900062
18,319,340.9231908234161,160.6170841270151
18,320,340.9858833023259,160.58300153717906
18,321,341.05388259715244,160.57455667780843
18,322,341.11183605402675,160.5689504799798
18,323,341.107668256078,160.58542773557699
18,324,340.9984495640426,160.6013111211313
18,325,340.82205878538485,160.60727556563796
18,326,340.639466661646,160.61226077139497
18,327,340.5061442540267,160.6413955547231
18,328,340.4456362995596,160.6683111568622
18,329,340.4967898631268,160.70948079620166
18,330,340.62841585870024,160.747935876295
18,331,340.7812068592049,160.7680667046579
18,332,340.90928496006245,160.76982387646973
18,333,340.9985245322752,160.80051420291633
18,334,341.04166290470914,160.8693481880297
18,335,341.06027726686386,160.92654516431023
18,336,341.08350652706974,160.9438944226136
18,337,341.1033875893346,160.92565128829224
18,338,341.1272904644504,160.85138962122883
18,339,341.14669203029297,160.72269083001453
18,340,341.134331000763,160.6170943377326
18,341,341.0830473154455,160.57863969152365
18,342,340.9992529411527,160.60443080456184
18,343,340.9052966977776,160.64800397589616
18,344,340.8070207420413,160.6772042500776
18,345,340.7355096557763,160.67202114728173
18,346,340.6985247989309,160.6394944284154
18,347,340.70436409754143,160.5614672306333
18,348,340.7519883425236,160.47152979592772
18,349,340.81677701377015,160.39702600597175
18,350,340.86668592035085,160.34084295597637
18,351,340.91979831546803,160.2839656518356
18,352,340.9734779595928,160.23874416808428
18,353,341.0123122274677,160.20957103726295
18,354,341.0448399418363,160.18902558923304
18,355,341.08838508735187,160.16088391452294
18,356,341.1193251709049,160.12665247561114
18,357,341.1237779296532,160.11808498509737
18,358,341.10069582928753,160.14977297760012
18,359,341.0641663119838,160.22022922038025
18,360,341.0264555979868,160.33026749977077
18,361,341.0012212406744,160.47513671428482
18,362,341.0152632800094,160.606992900891
18,363,341.05838121817544,160.7178256489819
18,364,341.1159284507187,160.793273921048
18,365,341.1602887922599,160.82681588367134
18,366,341.1606243208472,160.82644975791314
18,367,341.09065244402234,160.81892043407223
18,368,340.9905125081021,160.78276160795554
18,369,340.8888845609503,160.7196376998304
18,370,340.8026795981149,160.6536413350815
18,371,340.7540136576515,160.61245990342152
18,372,340.7442027704242,160.5959211083416
18,373,340.72887970719495,160.61883605804135
18,374,340.69254469286,160.69186167612142
18,375,340.63272076709706,160.7768753799276
18,376,340.54582763215905,160.8542245012994
18,377,340.4560926007377,160.9243450859668
18,378,340.383609773375,160.98639600996532
18,379,340.3572872393375,161.02406769695793
18,380,340.36031294913596,161.04037453167805
18,381,340.38917507616264,161.04202434271406
18,382,340.45789604575026,161.0143780352711
18,383,340.552977180883,160.9782926516845
18,384,340.6193339289601,160.93938627289867
18,385,340.66706753883955,160.92164739466904
18,386,340.70013702478076,160.92104102880785
18,387,340.6813600099776,160.9422386222719
18,388,340.616048663465,160.94678496683636
18,389,340.5436821780258,160.9342439428652
18,390,340.4946834878832,160.90823126392638
18,391,340.4574462846894,160.88261744549152
18,392,340.4460838136169,160.86707945262398
18,393,340.4819394843766,160.86219938309054
18,394,340.5543165515052,160.87268220622659
18,395,340.6409328767983,160.91249111486363
18,396,340.73556400601285,160.942087832664
18,397,340.8122245662572,160.9389156924733
18,398,340.8332516044297,160.9125285322199
18,399,340.8009831847602,160.8915515801714
18,400,340.7161222433291,160.86029869497136
18,401,340.5952008062448,160.83407447143523
18,402,340.4660447145726,160.83537209640593
18,403,340.3691257842558,160.89187983699023
18,404,340.32956440979433,160.95464250730691
18,405,340.34886205808544,161.0005861339804
18,406,340.3913728422806,161.01704427492336
18,407,340.4538893898111,161.01122578161636
18,408,340.5231035494772,160.97332250968068
18,409,340.5644234358137,160.90732951395373
18,410,340.5720781951972,160.83963791648512
18,411,340.5716858693424,160.79244223429362
18,412,340.56716833704985,160.76085994662773
18,413,340.56213846177917,160.72414843367915
18,414,340.5578280599771,160.7074813886576
18,415,340.5656675128449,160.70348761497183
18,416,340.59422464652636,160.7161078069824
18,417,340.61666425882584,160.73267820360252
18,418,340.6139615068812,160.76039556311477
18,419,340.5975340080182,160.77965768699713
18,420,340.56540174505,160.79639221336765
18,421,340.5191630276804,160.81707762702908
18,422,340.47700060563005,160.8534316350659
18,423,340.4655590439586,160.89489184568905
18,424,340.46016242250755,160.94990107437195
18,425,340.44772808354486,161.00671029696647
18,426,340.426747625767,161.0436533574996
18,427,340.40844244034656,161.05571130960985
18,428,340.3783232010767,161.05446614781263
18,429,340.3582336621751,161.04923312148023
18,430,340.3435892328144,161.02731517042614
18,431,340.33426129680464,160.9970993344405
18,432,340.33329666497866,160.9555087578597
18,433,340.35455531021626,160.90976951757116
18,434,340.39849872826625,160.8590260971252
18,435,340.46932518302725,160.81790494157295
18,436,340.53330993583955,160.77213382204803
18,437,340.575295428703,160.73762732276373
18,438,340.59434496903134,160.70886948357256
18,439,340.6049812119735,160.6836472166791
18,440,340.6164074723799,160.66806213771258
18,441,340.6483851177198,160.68465146048052
18,442,340.67793833666417,160.71878543459434
18,443,340.6930422827624,160.763404490104
18,444,340.6810171077193,160.81572577803723
18,445,340.6403055061694,160.8787544067539
18,446,340.57686497631613,160.93614982259555
18,447,340.5216446418446,160.98271019002266
18,448,340.47851784105114,161.01276775119493
18,449,340.43819519731755,161.02815658555357
18,450,340.4127131789039,161.029222347909
18,451,340.41073021309717,161.03210939963196
18,452,340.4295723627888,161.03049807462082
18,453,340.4536689579713,161.01572412002398
18,454,340.4741743771423,160.9658534977988
18,455,340.49584365386266,160.90703314278014
18,456,340.51459227085894,160.8384034299173
18,457,340.5170260020671,160.77349822017433
18,458,340.51795838436334,160.73093785815075
18,459,340.52758714664924,160.73054447401708
18,460,340.5304491771871,160.7389102371946
18,461,340.5192466742707,160.74486764213006
18,462,340.51041202276105,160.75345505699661
18,463,340.4981413520939,160.76051520840855
18,464,340.4879049595373,160.76991995960964
18,465,340.4820889143036,160.780693461933
18,466,340.4799407819454,160.7933401730638
18,467,340.47844583571714,160.80845866955104
18,468,340.4732384599663,160.82004739770352
18,469,340.4604897696205,160.82638626050183
18,470,340.43986306719444,160.84367659051645
18,471,340.43048487345794,160.87911600584772
18,472,340.43654896234574,160.91696394004757
18,473,340.4527354514364,160.95392918616074
18,474,340.4819699247852,160.98982344787092
18,475,340.5232326072895,161.01130602155425
18,476,340.56074272824304,161.0130891913116
18,477,340.5761014394806,161.0078785248754
18,478,340.5669069310877,161.00803112660182
18,479,340.551455802166,161.01527355128036
18,480,340.5303290648853,161.0289542303639
18,481,340.5054845902781,161.0513374860133
18,482,340.4916318146791,161.066833565625
18,483,340.509335466602,161.07717117543638
18,484,340.5357079092139,161.0768335228739
18,485,340.5668861878822,161.0807195979424
18,486,340.5962739260795,161.07782236165772
18,487,340.6116888327223,161.07026989540864
18,488,340.6079896610078,161.0555680367805
18,489,340.599829463039,161.0335090034124
18,490,340.61176203241445,160.98703156923963
18,491,340.6288377408723,160.94036419667847
18,492,340.6482079441836,160.90680439330953
18,493,340.67008360329714,160.89191010089158
18,494,340.68195581497474,160.8958866421501
18,495,340.67060427554867,160.92403910537925
18,496,340.65081088302156,160.96624489009847
18,497,340.62866082147144,161.01074330193518
18,498,340.59440524016185,161.04294383577513
18,499,340.55842878645217,161.05278619165273
18,500,340.5220267629296,161.04541938056485
18,501,340.48826951113574,161.0212590988304
18,502,340.4604382875352,160.99753116669845
18,503,340.4477171360079,160.97708329580186
18,504,340.436162754698,160.95808661312336
18,505,340.42701449939403,160.94418087291794
18,506,340.43233514305246,160.93636041943392
18,507,340.45666073103496,160.9292971447618
18,508,340.48490394421196,160.92795015905406
18,509,340.50930044405544,160.94222460733548
18,510,340.5203733970783,160.94908086777497
18,511,340.51583417147856,160.94563444962589
18,512,340.49312168097424,160.93029320486377
18,513,340.46512880542474,160.915734108173
18,514,340.4508805796396,160.91584231385676
18,515,340.4521110226516,160.92904642457452
18,516,340.46219224768026,160.95069924316917
18,517,340.47308299514043,160.97716740604417
18,518,340.48669926773437,161.0035449851569
18,519,340.4969021928499,161.01877053422635
18,520,340.4988275752694,161.03037499042074
18,521,340.49263507222156,161.03480550842247
18,522,340.4840714754954,161.03238806177632
18,523,340.4751671802945,161.01894919167566
18,524,340.46682066875263,161.0002665839593
18,525,340.46661423346313,160.98220841395764
18,526,340.48027176456907,160.96912705123955
18,527,340.50937060322104,160.9648232672423
18,528,340.52724343904436,160.96864442060485
18,529,340.5269412519809,160.97159100993582
18,530,340.5160989942183,160.9811200381427
18,531,340.49867067207305,160.9981291083185
18,532,340.47128423236535,161.01242947336132
18,533,340.4585005039331,161.02189410694103
18,534,340.4650921935397,161.0293515523991
18,535,340.47898607339044,161.02890714807205
18,536,340.49153588683237,161.02343712513604
18,537,340.4999820944705,161.0192378593386
18,538,340.4983838116742,161.01870149852635
18,539,340.4945303173517,161.02221161602384
18,540,340.49357233222196,161.0292062781044
18,541,340.49385083581194,161.03607903922884
18,542,340.5045682454357,161.04569888711612
18,543,340.5298684587503,161.05842065908297
18,544,340.56160419904114,161.07204615714753
18,545,340.58814616721173,161.08577425459404
18,546,340.6047814941823,161.0995856695678
18,547,340.60598059317505,161.10760165990607
18,548,340.588586083476,161.10757555581395
18,549,340.55474577852044,161.1037629276972
18,550,340.50374152978526,161.08964816490786
18,551,340.46569309760673,161.0698270822849
18,552,340.4384087838316,161.04682559024917
18,553,340.41954453985613,161.02492848764342
18,554,340.40945843879257,161.00422982655675
18,555,340.4250450367132,160.9970540091057
18,556,340.43467572602503,160.99697675935093
18,557,340.4394674391385,160.99691571861408
18,558,340.44059939487295,160.99265292873508
18,559,340.43677179733805,160.98449459680793
18,560,340.42866482033776,160.97055005446478
18,561,340.437902977767,160.95784854150156
18,562,340.4894254925108,160.9443926173834
18,563,340.56133793989545,160.93428813502254
18,564,340.6356603238905,160.92020769759128
18,565,340.70709672591454,160.91434639560438
18,566,340.7696236293085,160.91563280148858
18,567,340.7950769356827,160.92418247660768
18,568,340.80116287377473,160.9321519366004
18,569,340.8035476875698,160.94387863002964
18,570,340.8015419455137,160.94368030212308
18,571,340.793653269698,160.93478963293106
18,572,340.78148120584757,160.92663786441548
18,573,340.7666630383171,160.92117016624633
18,574,340.7388640645274,160.9143817997053
18,575,340.7050547832663,160.9101834234453
18,576,340.66493613993924,160.91111786199355
18,577,340.6284574069036,160.91893369765236
18,578,340.6012860016457,160.9301085787837
18,579,340.59681499856526,160.94510343289568
18,580,340.6139644719325,160.95674708827124
18,581,340.64314116397964,160.96267710225524
18,582,340.6752568562578,160.95578252163224
18,583,340.7078923950721,160.94031026093856
18,584,340.7348352723603,160.91979760753225
18,585,340.7438938238479,160.8935903389061
18,586,340.73123712317437,160.85638841365306
18,587,340.7139142716526,160.82436948805434
18,588,340.6953082778387,160.7986310284896
18,589,340.6797118650927,160.7776851670987
19,0,347.87531606124884,173.2347119658316
19,1,348.05681362545363,173.36385996702353
19,2,348.2435700839547,173.49522180614176
19,3,348.3892758411504,173.59570086132436
19,4,348.40956937547566,173.6010931423528
19,5,348.38024575430325,173.57134567806287
19,6,348.34612498162,173.54171563378893
19,7,348.3276240285853,173.5158788020358
19,8,348.31985466293844,173.4961930849927
19,9,348.3211907429559,173.48089270899666
19,10,348.31490455736883,173.4734172416646
19,11,348.3041852904163,173.48089388768915
19,12,348.28547814686647,173.50027331640368
19,13,348.2684214403613,173.51988597701782
19,14,348.26552378197863,173.54129872616784
19,15,348.2812150907737,173.55690621318288
19,16,348.29983562360474,173.56169448933326
19,17,348.31758910237096,173.5611158350413
19,18,348.32825854183346,173.5547605178232
19,19,348.32092283730145,173.54475265207847
19,20,348.30169155599924,173.53635742105624
19,21,348.2781917703578,173.52873516739726
19,22,348.25419603446136,173.51928867463099
19,23,348.2362101092113,173.5110877879248
19,24,348.2192330125093,173.5115854860554
19,25,348.2105351150287,173.5145474476686
19,26,348.2117149231747,173.5191036123334
19,27,348.21578051221485,173.5273146833291
19,28,348.2119408802741,173.53373987559996
19,29,348.2181208902276,173.52830625136494
19,30,348.22045218605143,173.51626592342916
19,31,348.21726207509755,173.50023926049806
19,32,348.21755775164365,173.48007492025008
19,33,348.2209688897956,173.4616045636454
19,34,348.22318611497684,173.44772823844482
19,35,348.2093521882679,173.4401775893344
19,36,348.17690410357375,173.4373638141277
19,37,348.13339041984284,173.4375606480666
19,38,348.08591094223,173.4427395897376
19,39,348.0327510300827,173.44532759223307
19,40,347.99454117659377,173.4386645695613
19,41,347.97651539253985,173.43182980519123
19,42,347.96908253191424,173.42867835877036
19,43,347.9696020701761,173.42689656804134
19,44,347.9698604218503,173.43010082559684
19,45,347.97460716620856,173.42837638583495
19,46,347.992809064622,173.4067360959652
19,47,348.0204596334051,173.38149892458958
19,48,348.0499147519328,173.35790037676776
19,49,348.0854194241611,173.33915028028215
19,50,348.1245036524312,173.34231118139613
19,51,348.1532764444478,173.369323133886
19,52,348.17368567509317,173.40070102516307
19,53,348.1901892047031,173.4281138510061
19,54,348.2004591860501,173.44910319211587
19,55,348.2025200530545,173.454786758735
19,56,348.20155839233394,173.4519203686812
19,57,348.2061399172242,173.44403437689786
19,58,348.2215283716606,173.441851733275
19,59,348.24095149272443,173.4393036511319
19,60,348.2606328054246,173.438687652561
19,61,348.2729072501978,173.44403945491044
19,62,348.2731053497229,173.44811701720053
19,63,348.2587285711971,173.44081551562
19,64,348.23905201023223,173.43052008551447
19,65,348.2202701571662,173.42024591547937
19,66,348.2041875659952,173.40837937670483
19,67,348.1977495053452,173.4002672968797
19,68,348.19525152292994,173.39694244789325
19,69,348.1902145495342,173.39362396115823
19,70,348.17159940045315,173.38289898891378
19,71,348.150803154406,173.36402789459217
19,72,348.1157163345758,173.34929015312417
19,73,348.0728513034322,173.34173696628494
19,74,348.03237891914745,173.34161058977298
19,75,348.0103524186481,173.35207253911506
19,76,347.9984302221902,173.3738204279209
19,77,347.9949667165237,173.39378725779773
19,78,347.9973251861736,173.4073209457197
19,79,348.00239377360384,173.413102356137
19,80,348.0061832894982,173.41378376794574
19,81,348.0180220002701,173.4002627063821
19,82,348.04588413766555,173.35373909310437
19,83,348.07106857033614,173.30076602144368
19,84,348.08973324747836,173.25002545712317
19,85,348.10480333615084,173.20872455444396
19,86,348.1016194424784,173.19201331224838
19,87,348.0786823652046,173.21150059675486
19,88,348.0562864370154,173.2403156808767
19,89,348.03625574657445,173.2753402205933
19,90,348.0090254372405,173.30808887156715
19,91,347.98001914975896,173.32720815423383
19,92,347.9520022585537,173.34115440600198
19,93,347.92723035480844,173.35611983565988
19,94,347.90414344496617,173.37809431453377
19,95,347.8996068348476,173.38830440014436
19,96,347.912509551311,173.395537091782
19,97,347.93207608704785,173.40210241993597
19,98,347.9536762595313,173.40809423730553
19,99,347.97955218880406,173.40251461998864
19,100,347.9991334732068,173.40349868301018
19,101,348.01743758343446,173.40552856661517
19,102,348.04018788895354,173.410823302998
19,103,348.0615847453648,173.4170116425233
19,104,348.0828059825756,173.42453401668564
19,105,348.1043232886405,173.43356482349458
19,106,348.1204756721365,173.4541985880435
19,107,348.1206658628155,173.47800914204277
19,108,348.1081701699439,173.49771152461875
19,109,348.08574523810927,173.51775259088947
19,110,348.0502560702772,173.5375556746843
19,111,348.0091460974858,173.54173799960375
19,112,347.98469645991025,173.5206054048618
19,113,347.97974426474616,173.49464643489796
19,114,347.999965727531,173.4833414482262
19,115,348.03027615053077,173.48327592720293
19,116,348.0529534757449,173.48150336495124
19,117,348.0650477799085,173.4871496114257
19,118,348.0815426092223,173.49549226102081
19,119,348.1120335072963,173.49789540161842
19,120,348.1627744142335,173.51554599369987
19,121,348.2352215197238,173.57861524409563
19,122,348.3323786918654,173.6913274201744
19,123,348.43510364196004,173.81162323534
19,124,348.479879766645,173.91917932756184
19,125,348.5151642505944,173.95704673685003
19,126,348.5522626367412,173.91250074801547
19,127,348.55083941504654,173.83237829245127
19,128,348.49601944027887,173.7728277334323
19,129,348.45035194286663,173.72849906295286
19,130,348.4072137204133,173.7608102257758
19,131,348.3752534707044,173.83813969080416
19,132,348.3778851950888,173.9201171141096
19,133,348.4481648245329,174.00561477589238
19,134,348.5628949452725,174.1039280078112
19,135,348.6586752305411,174.18123999269488
19,136,348.70652707852037,174.27476237286174
19,137,348.71164454793364,174.3645509133317
19,138,348.68164757615983,174.40345870347466
19,139,348.62640730387113,174.38548934344166
19,140,348.57947661739547,174.3286796515673
19,141,348.5767764841676,174.22243155725158
19,142,348.6200290767019,174.09970693792238
19,143,348.6746039902849,174.00287159787828
19,144,348.724287152414,173.9229639483615
19,145,348.7484192769478,173.86633471430702
19,146,348.74301855229845,173.83741927664542
19,147,348.70071520351166,173.81401422870607
19,148,348.6344893815748,173.78458549612654
19,149,348.5526899619827,173.75720541682227
19,150,348.4653215161047,173.7152846685043
19,151,348.3628069229397,173.6790174313254
19,152,348.26241228592943,173.66455229857903
19,153,348.18313360174335,173.67259450616086
19,154,348.1260086693641,173.7103104347835
19,155,348.10682152300967,173.7580600408787
19,156,348.1109238426644,173.77955665818828
19,157,348.1414470775675,173.75538056732395
19,158,348.1968364692945,173.66916124363988
19,159,348.2569021027809,173.5288717874283
19,160,348.3090543045579,173.37683080786238
19,161,348.35630331793766,173.23812548086588
19,162,348.3666082547569,173.13430879587318
19,163,348.34200137416684,173.0770761070428
19,164,348.3215887259706,173.05466265251
19,165,348.30326874797635,173.06691974771223
19,166,348.2700161924892,173.12044132897714
19,167,348.26581906740495,173.1981298084361
19,168,348.26213389557734,173.27031841176483
19,169,348.24179349666343,173.33448940164362
19,170,348.22208303505147,173.36719417893713
19,171,348.2236604017844,173.36580192834955
19,172,348.21289477440627,173.3468589206949
19,173,348.19645940448135,173.33991361017144
19,174,348.18350924757175,173.3496377897596
19,175,348.17513463946426,173.38044215712227
19,176,348.17565885944856,173.4141493834824
19,177,348.1998208453827,173.42712800953126
19,178,348.2499715626329,173.403968939194
19,179,348.3179020713226,173.36957777639614
19,180,348.3874378032781,173.33790448143858
19,181,348.4519311405773,173.3202816859288
19,182,348.5088114492401,173.3080467678544
19,183,348.5415343764867,173.32102823260723
19,184,348.55770153382275,173.33417462454946
19,185,348.5646255544034,173.3442365108017
19,186,348.550495987816,173.35178077298505
19,187,348.51008715356795,173.365961442265
19,188,348.4493251160777,173.3844080007587
19,189,348.38804786363863,173.41767852386434
19,190,348.35310806973547,173.45553199357678
19,191,348.3507772505117,173.4909376436237
19,192,348.3664364658084,173.52468357136442
19,193,348.43860694010846,173.53913411368853
19,194,348.510916768467,173.5177320186925
19,195,348.5303770651436,173.48074647720267
19,196,348.4889184545544,173.4371985386971
19,197,348.4262999659939,173.4036203534272
19,198,348.35841007503194,173.39387550263837
19,199,348.3304455386383,173.40672495182335
19,200,348.3604875892076,173.43608828233067
19,201,348.42580380071934,173.45203328503467
19,202,348.44560595060256,173.45275795771056
19,203,348.3933290299117,173.46014097587644
19,204,348.283488832841,173.48270801512248
19,205,348.1520862519975,173.49784501500145
19,206,348.0342858188107,173.53666023260328
19,207,347.9982929255767,173.58741170375566
19,208,348.04426462524873,173.61177666548738
19,209,348.13006882482284,173.6206815905306
19,210,348.188682620476,173.62844392726151
19,211,348.199996835275,173.63674557268
19,212,348.15167113771963,173.65059086051897
19,213,348.061342499933,173.67764187598826
19,214,347.95488474838913,173.70838085749207
19,215,347.8605120839934,173.7306715031047
19,216,347.79995948133865,173.72998396595455
19,217,347.8002397600765,173.7007549018656
19,218,347.81302226804456,173.6539604299788
19,219,347.81106167640996,173.59513382448938
19,220,347.8122489210819,173.52208170436617
19,221,347.81983094000134,173.45025369073144
19,222,347.81102360935745,173.39643681895475
19,223,347.81168453781356,173.34832682323423
19,224,347.84812216110294,173.29598239579533
19,225,347.91211868750037,173.27270470048833
19,226,348.0243191439724,173.2828307225499
19,227,348.14919626941065,173.30025543487864
19,228,348.25076336598096,173.34536837910102
19,229,348.30165486809005,173.42833775775023
19,230,348.30965771953356,173.50385678394304
19,231,348.27109255853543,173.54563081075162
19,232,348.2368456916848,173.5581790836264
19,233,348.234688510368,173.53174665644977
19,234,348.27508053023155,173.46234128699305
19,235,348.34626146900956,173.38416506935715
19,236,348.428471678814,173.31782506101456
19,237,348.4685781580891,173.28352890655665
19,238,348.43475896744445,173.30338476572118
19,239,348.34806092145527,173.353432114192
19,240,348.2313543178106,173.40865459901576
19,241,348.0994898689014,173.469296608033
19,242,348.0066427630985,173.5299875444864
19,243,347.9865402752225,173.53971300974464
19,244,348.03191236606835,173.51772187103057
19,245,348.1023863994202,173.49196344969758
19,246,348.1705150003753,173.4734960984921
19,247,348.2221497215502,173.45995903036615
19,248,348.25982056107705,173.46491330242497
19,249,348.2677216470669,173.49121628219405
19,250,348.2768008625898,173.51069578722752
19,251,348.3317130221037,173.51163876934442
19,252,348.4003731466979,173.4808637531165
19,253,348.4601194769246,173.42344317816756
19,254,348.51200587788117,173.34585440425724
19,255,348.5348099058652,173.28662516829658
19,256,348.48903449020696,173.25151843129862
19,257,348.43301578468777,173.243091152895
19,258,348.3968918637112,173.26836230044887
19,259,348.37768042808585,173.31412430386314
19,260,348.3675579503746,173.35511112420693
19,261,348.3977207393904,173.37552503874403
19,262,348.4356365994555,173.38576769468108
19,263,348.4456237836708,173.38631294238039
19,264,348.41302514137163,173.3844904781605
19,265,348.3686193212592,173.3828904099689
19,266,348.30265339486084,173.37462965002442
19,267,348.21433686602325,173.3666351633511
19,268,348.12667852040363,173.3598319075275
19,269,348.09452478114054,173.33879103900117
19,270,348.1097695496518,173.29634908770285
19,271,348.16063854746517,173.24436590066173
19,272,348.22802557700237,173.18883097016052
19,273,348.2908824289,173.13784971366826
19,274,348.3184126502261,173.1082683291147
19,275,348.3046796563532,173.11647662755334
19,276,348.26245028868584,173.13157131409568
19,277,348.22032490669665,173.14887905754526
19,278,348.21861694771655,173.1544127857596
19,279,348.25317826753843,173.13757369872175
19,280,348.3114354998803,173.09005150586827
19,281,348.362537074124,173.0470639158806
19,282,348.38080103209813,173.0232280620029
19,283,348.354313236473,173.02471860844594
19,284,348.2917739824212,173.055614440354
19,285,348.2104751350524,173.1056376581989
19,286,348.1391741693988,173.17183426196522
19,287,348.12620086312216,173.22009968525015
19,288,348.15765812413326,173.25076703280075
19,289,348.1990618609132,173.2837202015939
19,290,348.21065275392766,173.3326595280077
19,291,348.20658898619257,173.38185627494394
19,292,348.1863773413505,173.43651584782805
19,293,348.16584728449646,173.47658713520914
19,294,348.1666050901757,173.48528487588695
19,295,348.2394405116607,173.44749372039198
19,296,348.34702138621884,173.37836114660183
19,297,348.42540678510915,173.30524936256091
19,298,348.43273687586066,173.25810617046236
19,299,348.40653842077495,173.24493221255054
19,300,348.34640080408224,173.2628510070552
19,301,348.2685380538868,173.30722478200167
19,302,348.2088785009917,173.35954054709867
19,303,348.20868161834534,173.39219057262738
19,304,348.2348870284789,173.40159221365693
19,305,348.2429365270958,173.42050428819394
19,306,348.23447765452255,173.4494973074218
19,307,348.23051099174324,173.4666895979634
19,308,348.2286319362188,173.47156488019357
19,309,348.2236800168742,173.46226458049017
19,310,348.2545904960541,173.42824533577965
19,311,348.3099998372408,173.37354058041603
19,312,348.3585747510846,173.32838277643458
19,313,348.3628915957614,173.3190599935806
19,314,348.339559763077,173.3367915499312
19,315,348.30126819759073,173.35540050831187
19,316,348.2459904277846,173.38312033296137
19,317,348.20449257798384,173.40913681553167
19,318,348.22654075067356,173.40616780634852
19,319,348.3092087389479,173.38784444254858
19,320,348.3948204100447,173.37467798354274
19,321,348.4665772154488,173.36369857874337
19,322,348.50850882359975,173.34326107346578
19,323,348.48934013099534,173.3413863904425
19,324,348.390262808515,173.3549952572201
19,325,348.25001996317366,173.39773123313682
19,326,348.13922572353755,173.44882697953557
19,327,348.06537890695154,173.50304941581305
19,328,348.02840475311467,173.55028970774157
19,329,348.0555837880633,173.57038351194285
19,330,348.1337303103738,173.5462174479044
19,331,348.2224835819183,173.50185335506796
19,332,348.3111096096376,173.4548840484285
19,333,348.3792442289808,173.42736903134158
19,334,348.4139673649727,173.44734074157407
19,335,348.4255536001021,173.49025630429796
19,336,348.4234849217667,173.51420687932938
19,337,348.39402809876873,173.5240528872935
19,338,348.3566529062647,173.4968768956304
19,339,348.3273215385008,173.42610762082455
19,340,348.28476102774,173.35339847159165
19,341,348.2146532286408,173.32581583099514
19,342,348.1257571000073,173.33237026943075
19,343,348.06507526168986,173.3454427523525
19,344,348.0105659090712,173.37648303446338
19,345,347.98338389202524,173.41627680400413
19,346,348.0049948672354,173.44128850061836
19,347,348.081128142473,173.42000703080927
19,348,348.1657547017407,173.3849240259193
19,349,348.2410424306404,173.3299151234745
19,350,348.2962246519067,173.26130974400812
19,351,348.3367664769107,173.18364987836532
19,352,348.3608170720278,173.1184205622848
19,353,348.38276114236476,173.06013948402196
19,354,348.41608854888597,173.02653976162068
19,355,348.45880956810953,172.99393232424734
19,356,348.4937770193211,172.94663648589832
19,357,348.5043830671133,172.92218629022375
19,358,348.49104849777956,172.95609198402218
19,359,348.45912067606037,173.02202624863648
19,360,348.4275752848437,173.11318909780303
19,361,348.39806333523666,173.23622852051582
19,362,348.41283087132024,173.3428110459748
19,363,348.4479710006466,173.4000251570769
19,364,348.49822409795445,173.40269179842224
19,365,348.54005531031004,173.36704006320113
19,366,348.54942710244006,173.31439660399874
19,367,348.49116242362606,173.27731555634907
19,368,348.4061887393545,173.258804805295
19,369,348.32111216283903,173.25454242714582
19,370,348.2509548594333,173.28164241683305
19,371,348.22462207023034,173.32091710214763
19,372,348.24316984602143,173.36303719942381
19,373,348.26088659444787,173.40819830785946
19,374,348.2551917658256,173.46569330911794
19,375,348.20967726947475,173.49911296382177
19,376,348.1323056917479,173.51065326202732
19,377,348.04879773886915,173.51087489415693
19,378,347.9765599264342,173.4989565624183
19,379,347.9293181500572,173.47048777621006
19,380,347.91030783071346,173.432314633527
19,381,347.9040969006258,173.39574765472412
19,382,347.9143615403774,173.349903678362
19,383,347.9393642525277,173.3132324833995
19,384,347.9467928612569,173.2895921192692
19,385,347.95223874041784,173.28285296321454
19,386,347.958362385702,173.28333460611566
19,387,347.94168120981067,173.29458215117066
19,388,347.89477261247504,173.3000587120589
19,389,347.84951074369235,173.2908136173228
19,390,347.8206596059441,173.27148022688306
19,391,347.80485519451145,173.26308052857786
19,392,347.80012906906353,173.26775255928823
19,393,347.8352941590563,173.27465222091465
19,394,347.9015668038728,173.28326533933998
19,395,347.9761967026457,173.30777231762096
19,396,348.05521627355176,173.32677709045896
19,397,348.1237610288527,173.32819490663564
19,398,348.1491273354714,173.31526921719004
19,399,348.12991446934905,173.31375974364167
19,400,348.0656864571813,173.32405053072372
19,401,347.98002992981174,173.34560796501603
19,402,347.8813978398907,173.38704483260943
19,403,347.8109649919441,173.44986631751917
19,404,347.77751229526467,173.50501083176624
19,405,347.78175175368744,173.53917386485736
19,406,347.78964966860565,173.55106175961902
19,407,347.81781739177006,173.5404781443874
19,408,347.84954997552705,173.51069845631898
19,409,347.87452908598004,173.47444031801552
19,410,347.88877550357046,173.44012750784478
19,411,347.9027476243829,173.4091237234823
19,412,347.9137635071431,173.38087975120297
19,413,347.93199047413765,173.3509988966483
19,414,347.952497344024,173.32869991896155
19,415,347.97503916723105,173.3158236272573
19,416,348.0026042649447,173.3140969167394
19,417,348.0158666748787,173.32218908475136
19,418,348.0063459317392,173.34310266186964
19,419,347.99032424608197,173.35685912795088
19,420,347.98132882279214,173.35669667171794
19,421,347.96966896557666,173.35221238455918
19,422,347.96871128997657,173.34902570159312
19,423,347.97237323936645,173.34036300257156
19,424,347.9590344832287,173.33916351524732
19,425,347.93337939652554,173.34252492439134
19,426,347.91408131685415,173.34125966676152
19,427,347.9019010551261,173.33543408098112
19,428,347.8886081079352,173.33123326996284
19,429,347.88776768908474,173.32713405702916
19,430,347.88624869538705,173.32150729115742
19,431,347.8809275098679,173.3193747878884
19,432,347.8720788140035,173.30973491731638
19,433,347.8691552845191,173.2986241859021
19,434,347.89189332400264,173.2768349159542
19,435,347.93313046474924,173.25061934001886
19,436,347.96666625044963,173.22086774268175
19,437,347.9815483147541,173.20034390410547
19,438,347.9958284515499,173.18173085487453
19,439,348.0027976774402,173.17100702343205
19,440,348.0094259903482,173.162832689152
19,441,348.03488730050435,173.16971482349172
19,442,348.08393477544155,173.202233878762
19,443,348.12245773539485,173.25380996235484
19,444,348.1377683472592,173.32220715339852
19,445,348.1343995101242,173.4123510137019
19,446,348.10783851365693,173.49597435320234
19,447,348.0717856292908,173.5546488507137
19,448,348.04170073046487,173.59170906612582
19,449,348.01359479140433,173.61531207492092
19,450,348.00239122354714,173.61845734676908
19,451,348.0106202381962,173.6197665290226
19,452,348.0277597710498,173.61493830860607
19,453,348.048069432571,173.5916763391397
19,454,348.07402130410014,173.529804164727
19,455,348.09812541646517,173.45549549921338
19,456,348.1168089557132,173.3745644445059
19,457,348.1234541068636,173.30096672874546
19,458,348.1193630906737,173.2546950175643
19,459,348.1105636271119,173.25236288715996
19,460,348.0964749276275,173.272770101477
19,461,348.07705929471507,173.30004106086415
19,462,348.06532582683707,173.3226092778246
19,463,348.0627100298926,173.33795646183518
19,464,348.0618567915191,173.3493339666858
19,465,348.06193711560877,173.3582903856319
19,466,348.0636991325974,173.37350191347647
19,467,348.0630268569804,173.39275285161904
19,468,348.0556829368439,173.41030971560883
19,469,348.04177754382334,173.42757487875443
19,470,348.01256500375473,173.4474980215052
19,471,347.97843130065684,173.4673572957654
19,472,347.9497238277165,173.4887508301388
19,473,347.92774678896404,173.51070848486938
19,474,347.9223131996852,173.5324853822959
19,475,347.9389078690695,173.54587879135232
19,476,347.96721517837597,173.54301240623894
19,477,347.9929489588227,173.53084879034566
19,478,348.02533092682575,173.51333512508012
19,479,348.05778493706543,173.48855256555962
19,480,348.0805828295432,173.46632819987076
19,481,348.0921099668499,173.45622568755675
19,482,348.111453667872,173.4531925825626
19,483,348.13167026750824,173.45538888733228
19,484,348.14652415885075,173.4638403023322
19,485,348.1633456466076,173.47655186418825
19,486,348.1831398887844,173.48418592234492
19,487,348.18727530564144,173.4823281634592
19,488,348.1752503053587,173.47806336841504
19,489,348.1537783910732,173.4661983108322
19,490,348.12420719909716,173.42227487319184
19,491,348.08728318466586,173.37287819825076
19,492,348.0486782631914,173.33958908701396
19,493,348.01113117678716,173.32017580490438
19,494,347.9735575974297,173.3157327730976
19,495,347.9451466714922,173.34586345373413
19,496,347.9285492515818,173.38854291860628
19,497,347.9226433329221,173.42689167848445
19,498,347.924509084146,173.4633619082485
19,499,347.9313251247717,173.4906988731161
19,500,347.93790110035496,173.50860397592476
19,501,347.93861123446595,173.51656834412827
19,502,347.9283813896538,173.506012713277
19,503,347.91620502545163,173.47795661805299
19,504,347.9032841831245,173.44142173129686
19,505,347.8949259369444,173.40390825552478
19,506,347.9011708290461,173.37169362449094
19,507,347.9253412978325,173.35797949252677
19,508,347.95072553459147,173.35395553950627
19,509,347.97420248634944,173.36413435556258
19,510,347.9868435887795,173.37132545977352
19,511,347.9868624137677,173.37201830994314
19,512,347.9738816832132,173.36447272262575
19,513,347.96075556203374,173.35851687409553
19,514,347.95627919191935,173.3538604106207
19,515,347.95896083086006,173.35436528290177
19,516,347.96309466528385,173.35774716761907
19,517,347.9668403772448,173.3634210228715
19,518,347.96799882066665,173.36817229035736
19,519,347.96754199591,173.36945642053058
19,520,347.964582445572,173.37270288250983
19,521,347.96196841670707,173.37633447090448
19,522,347.95864683580436,173.37889881664506
19,523,347.95752670181315,173.37843163641153
19,524,347.95050844360844,173.38100730212824
19,525,347.9469016780329,173.39009354817372
19,526,347.95297635363005,173.40900486276684
19,527,347.9726794285212,173.4379630676012
19,528,347.98451194081935,173.47476436170857
19,529,347.99504857695695,173.5083754513094
19,530,347.9986695139901,173.53315306741635
19,531,347.9932066467003,173.5461533689245
19,532,347.9737210497395,173.5452468022721
19,533,347.9618060371338,173.5392341778168
19,534,347.95241930099013,173.53495740840583
19,535,347.94486190930587,173.53203603175177
19,536,347.9356379311025,173.53181764824376
19,537,347.92489764506615,173.5330725276216
19,538,347.91047579164797,173.5161876899719
19,539,347.89032553756186,173.48810718556197
19,540,347.86961855177793,173.45705749678075
19,541,347.8501524012946,173.4292095064376
19,542,347.84284813229596,173.41213172939382
19,543,347.84359910908347,173.4182383319037
19,544,347.8576411216559,173.42909564492408
19,545,347.87783093603264,173.43812461406407
19,546,347.89309423246954,173.4439258086324
19,547,347.8956743739571,173.4413315160467
19,548,347.8864638537199,173.43348449787496
19,549,347.868180231362,173.43026918212166
19,550,347.84461216361314,173.42744348217255
19,551,347.8395346514003,173.42531626739668
19,552,347.8477945807919,173.4248235363739
19,553,347.8641969065445,173.42677451830406
19,554,347.8872757188362,173.43059524856
19,555,347.9182621513605,173.43929699015354
19,556,347.9341748520854,173.44758928095212
19,557,347.94354802478165,173.44842830468036
19,558,347.94845748449046,173.4370755828477
19,559,347.93879519436604,173.4179046696269
19,560,347.9236937248142,173.39823708565305
19,561,347.9211641170754,173.37955673957507
19,562,347.9449299573625,173.36224635696138
19,563,347.9801685129729,173.3595251219393
19,564,348.0279185149488,173.35661996592364
19,565,348.0771049453567,173.35659427576206
19,566,348.11832835615087,173.35863369168226
19,567,348.1322041856917,173.36964749731618
19,568,348.1349670288483,173.37755714531247
19,569,348.1365470223122,173.3914795317027
19,570,348.13264538833823,173.40108089867687
19,571,348.1248678819938,173.4062460729517
19,572,348.1130532505553,173.41073710117718
19,573,348.099261956758,173.41487555083214
19,574,348.08241964887173,173.41832609220327
19,575,348.06526056596084,173.4253515869931
19,576,348.04628511082103,173.44636700638597
19,577,348.035086399945,173.47056493080973
19,578,348.032566108263,173.49263958791258
19,579,348.0377032955663,173.5120263264786
19,580,348.0549289847016,173.5248881015301
19,581,348.0781556725068,173.52330456239042
19,582,348.0993329687416,173.5119992013812
19,583,348.1190467079971,173.49423481017175
19,584,348.1306821694862,173.4748039063179
19,585,348.130417496193,173.4481775989871
19,586,348.11866718260666,173.41107614272883
19,587,348.1062535369953,173.3737942307431
19,588,348.0927428703408,173.3435478802332
19,589,348.0837206159103,173.31789700353664
20,0,364.8148201219912,208.61213980903358
20,1,364.8894228153199,208.6528859820961
20,2,364.956261835552,208.68448875788349
20,3,364.98815514427,208.69848600199413
20,4,364.944713421596,208.67955564414058
20,5,364.8702416053874,208.64871853314276
20,6,364.80995333412517,208.61687882269152
20,7,364.7815717891111,208.5894258011331
20,8,364.7828563137617,208.59094205735045
20,9,364.80740255706894,208.61582016501802
20,10,364.8268596520229,208.66543383463807
20,11,364.8491240069724,208.72828495689438
20,12,364.8524426388534,208.80452405121426
20,13,364.8455739735595,208.86593057320744
20,14,364.86249861224604,208.9413340273583
20,15,364.9138508990936,209.00180319031446
20,16,364.97040896702225,209.05587243045773
20,17,365.0405261160627,209.10811358630994
20,18,365.1144028327816,209.1510867358528
20,19,365.1572533860359,209.16114974569763
20,20,365.1776902329926,209.16055591074064
20,21,365.18519388784387,209.15187130279622
20,22,365.1811691112508,209.11980300012394
20,23,365.1662877428764,209.07415573292974
20,24,365.14242988606026,209.02756970382106
20,25,365.12485423873704,208.98831451578707
20,26,365.11229897226383,208.94507253072072
20,27,365.1024598106853,208.92150536797877
20,28,365.09248215081885,208.91726304734024
20,29,365.0918879663484,208.9248495833359
20,30,365.0849486712699,208.92656345298303
20,31,365.071928421145,208.9396742256536
20,32,365.0597940455095,208.9544094571837
20,33,365.04701561525496,208.95586131073645
20,34,365.02839752255437,208.91715913987255
20,35,364.991562009628,208.86043372847794
20,36,364.9444425544439,208.79633341313203
20,37,364.8873833867737,208.72813567236082
20,38,364.83382664486993,208.6654722866893
20,39,364.7866224481846,208.62928308513258
20,40,364.7625707046258,208.60567440014543
20,41,364.7588031546729,208.59715489944972
20,42,364.76828544945573,208.60186754615677
20,43,364.7790652492979,208.61579026210376
20,44,364.78568974107725,208.6367910363825
20,45,364.8072361533566,208.64591240762203
20,46,364.88070671178696,208.59860506380673
20,47,364.9597945057096,208.518890718439
20,48,365.034353770646,208.43975877255252
20,49,365.11542191919443,208.3763898616711
20,50,365.18867226890745,208.37058365461584
20,51,365.20360543546497,208.4335551677432
20,52,365.2097577551042,208.52796453049913
20,53,365.2198738105654,208.62064810420605
20,54,365.22778358540137,208.69786268282175
20,55,365.228321109418,208.72975302794993
20,56,365.2299204605583,208.738468959292
20,57,365.23597768827966,208.7522859016773
20,58,365.23899922014476,208.78745851165974
20,59,365.24161346421397,208.82294908233396
20,60,365.24134425414127,208.859359382486
20,61,365.2416604418759,208.89796380942758
20,62,365.2350080402231,208.92335425667892
20,63,365.22373563299067,208.92055875470294
20,64,365.2101112398236,208.91412038865835
20,65,365.2050608396761,208.90812849932564
20,66,365.1951402779578,208.903934219285
20,67,365.2019374265616,208.9067016717386
20,68,365.22346503035084,208.91248922398387
20,69,365.2415853823743,208.91060801619238
20,70,365.22068919064463,208.85917568277898
20,71,365.1882320013555,208.78513615785192
20,72,365.1327719606494,208.70116087990792
20,73,365.0565802166966,208.62098444802876
20,74,364.97821866114634,208.55774926997816
20,75,364.9353745220953,208.53558593753053
20,76,364.92510529026816,208.54558567185262
20,77,364.9329989753011,208.56942310389016
20,78,364.9585332060394,208.5941314019256
20,79,364.9900176339057,208.6115635698092
20,80,365.0186810296748,208.63494094465563
20,81,365.03501155736205,208.63483471948385
20,82,365.0511117650319,208.5780239130931
20,83,365.0570648432519,208.49822370423166
20,84,365.0668640900127,208.41577225837847
20,85,365.06609176365333,208.33592332689653
20,86,365.03823873246006,208.27347643525985
20,87,364.98771329493235,208.2669652909366
20,88,364.9411409902556,208.2845743215588
20,89,364.8919963856951,208.3053915916013
20,90,364.8503487680587,208.32836129639816
20,91,364.8246512741196,208.3482549476038
20,92,364.8125156232222,208.36530178618438
20,93,364.8147094570843,208.3913257691449
20,94,364.8428784206135,208.44856113020523
20,95,364.8840511334788,208.51414371504842
20,96,364.93829586666465,208.59010232771857
20,97,364.99184259440136,208.67278274950314
20,98,365.02927697130036,208.7509826304035
20,99,365.0398450188575,208.80105439787033
20,100,365.04665455608114,208.83643022834875
20,101,365.04245329178787,208.86101828807307
20,102,365.0313696781961,208.87695682779602
20,103,365.0181630133377,208.88865395991698
20,104,365.0057135600357,208.8972973477433
20,105,364.9948363299549,208.9035052448774
20,106,365.002697280229,208.89093557348625
20,107,365.01698289391163,208.86711235331038
20,108,365.02182320407735,208.8327510548823
20,109,365.0173318129515,208.78843086101156
20,110,364.9982538593316,208.74462434060402
20,111,364.9683845781522,208.71674996818643
20,112,364.9402127858193,208.69326788607586
20,113,364.9149985284551,208.67153668904845
20,114,364.9240567832257,208.67654554359524
20,115,364.9446137010765,208.70288753412075
20,116,364.95322563510564,208.71546609919346
20,117,364.93614158937936,208.71105822192416
20,118,364.93291737801997,208.71356470654842
20,119,364.9356088571557,208.71501268392606
20,120,364.9547735041658,208.72070417714778
20,121,364.9939493858125,208.77941050028366
20,122,365.11103548680865,208.9067803005039
20,123,365.24583035748236,209.06393502117135
20,124,365.31675806323693,209.21974907015468
20,125,365.38645666379875,209.34190761073015
20,126,365.46772845407924,209.4057768242738
20,127,365.509729048922,209.40840561257275
20,128,365.499849029998,209.38533992616414
20,129,365.51847279845845,209.36476750383875
20,130,365.54808396676367,209.4146715113134
20,131,365.574691161794,209.50241733159757
20,132,365.60278025640105,209.60863373066343
20,133,365.7168996625716,209.74527544328555
20,134,365.85338188581113,209.89288419977578
20,135,365.9414567180932,210.00678555017677
20,136,366.0041178903885,210.12025116316704
20,137,366.0294069651804,210.22715779415927
20,138,365.99534437245376,210.27813882846849
20,139,365.9318493433499,210.26531763578453
20,140,365.8879066561775,210.22904423614625
20,141,365.86208133905143,210.15860747723514
20,142,365.84591074731867,210.06072633806954
20,143,365.82242183229755,209.96596619367355
20,144,365.79007985752895,209.89019638522774
20,145,365.76016596514347,209.80745173361842
20,146,365.7343162145339,209.74260009300104
20,147,365.72628765140144,209.69226063440328
20,148,365.69720045386947,209.63436891758923
20,149,365.63275369391494,209.5618596779841
20,150,365.53012914363194,209.43864223090694
20,151,365.3979764111886,209.2729914275549
20,152,365.25464705575445,209.11358701753537
20,153,365.1584546769853,209.00019076212888
20,154,365.1311460039634,208.91107655173582
20,155,365.12236962859225,208.87316439063625
20,156,365.1227231858317,208.86779326254103
20,157,365.173764433099,208.86068122858126
20,158,365.24773230351195,208.82079993188893
20,159,365.3152682955811,208.77169585877763
20,160,365.4086710193279,208.73069292342177
20,161,365.48686569721315,208.68203381470286
20,162,365.49015323664463,208.63735810778985
20,163,365.45121122781137,208.59413314816842
20,164,365.397989072295,208.562238417872
20,165,365.3327427358833,208.53998034264217
20,166,365.25568800564366,208.56376616620258
20,167,365.2286700988393,208.64842614112348
20,168,365.21364396643537,208.75106223356815
20,169,365.19567581974053,208.84185855252193
20,170,365.1706625896287,208.8868083759579
20,171,365.1554166634,208.87466868063393
20,172,365.08264146342793,208.79700139764125
20,173,364.951056369844,208.7287361538248
20,174,364.8109272061343,208.6899247159933
20,175,364.68037583158633,208.70248562923192
20,176,364.579652852099,208.7476511523718
20,177,364.5460026549822,208.79609983198145
20,178,364.61218772250845,208.7909950440611
20,179,364.7500315893201,208.75188373774202
20,180,364.92470304464473,208.72361351923286
20,181,365.1057339099079,208.7209851852742
20,182,365.2504916718115,208.70076523309453
20,183,365.35528872134836,208.6470267868415
20,184,365.36133415672356,208.5991750268948
20,185,365.3106595334112,208.54616765153156
20,186,365.2489982300485,208.51190549904268
20,187,365.1620019748312,208.49943609542586
20,188,365.03705461193863,208.5441645364843
20,189,364.9639698039087,208.61578358326116
20,190,364.9621078622452,208.72308735572147
20,191,364.9642846911383,208.82188945332294
20,192,364.9859532732634,208.91637216976363
20,193,365.06989953786,209.01354174396175
20,194,365.15948625490375,209.09345660944894
20,195,365.15297228483155,209.08863836818364
20,196,365.05706227549956,209.00232497113066
20,197,364.95419841943374,208.91956616304117
20,198,364.8505790386318,208.85971778625407
20,199,364.76563820359326,208.81117540477334
20,200,364.7633406265283,208.797630586479
20,201,364.85853238700514,208.809638125602
20,202,364.930608043264,208.78629908608255
20,203,364.94173317597443,208.7445978139286
20,204,364.90804941458214,208.6877102209757
20,205,364.84713133213194,208.58845651967295
20,206,364.7941607953638,208.50390392659398
20,207,364.7981795029579,208.5028747783982
20,208,364.8693270232208,208.55939639636364
20,209,364.97112283543703,208.64502406156464
20,210,365.0628774276625,208.7635518482629
20,211,365.0794045621667,208.9013897354328
20,212,365.02788096296536,209.00400850404844
20,213,364.8849490301029,209.05092202914483
20,214,364.68070664607353,209.04966676660146
20,215,364.45444053002575,209.03371306059702
20,216,364.29132993021994,209.00006503891413
20,217,364.20789286325777,208.97596526461277
20,218,364.20499747992704,208.9737946395604
20,219,364.2387442732646,208.98121999375803
20,220,364.29882623838193,208.97237121067843
20,221,364.342184870392,208.92538198374388
20,222,364.34650935876243,208.85757415387016
20,223,364.34352013237884,208.74927576626402
20,224,364.3781257651635,208.618063220315
20,225,364.4513436120922,208.53248538633866
20,226,364.5983920529656,208.56335408041448
20,227,364.7947182032887,208.64510696718122
20,228,364.994316181503,208.7771876647524
20,229,365.17161550666896,208.9628779210424
20,230,365.29274185927767,209.11470324365607
20,231,365.33183351846134,209.16155672264665
20,232,365.33313106414374,209.12881116180594
20,233,365.3154991569716,209.01562612333157
20,234,365.29258855922143,208.83106822278478
20,235,365.28542631360443,208.65524502176788
20,236,365.2968501891854,208.511922103577
20,237,365.28814562123443,208.404124715899
20,238,365.2459882147368,208.3844269548073
20,239,365.1872656080286,208.44524117619102
20,240,365.132045355098,208.51979379533657
20,241,365.0621226357747,208.59584128731692
20,242,365.029206878224,208.68974792804755
20,243,365.0528518209204,208.74976045060222
20,244,365.12591838615134,208.776347772104
20,245,365.194083192556,208.78779883403547
20,246,365.25997454066385,208.80037619796508
20,247,365.32238692328957,208.81121286350117
20,248,365.3491862266275,208.82019658526457
20,249,365.3233168650408,208.82957936963726
20,250,365.2821073357098,208.81009635072868
20,251,365.282479182917,208.7834169254124
20,252,365.3065426897834,208.732200517326
20,253,365.3311878773123,208.6330097913263
20,254,365.35043245986344,208.51390734463857
20,255,365.3638907585937,208.42360053368995
20,256,365.33114897977686,208.35539285876172
20,257,365.2754228712541,208.3129272148798
20,258,365.2487061901345,208.33218540439972
20,259,365.26404896265353,208.40057132242399
20,260,365.29822045630624,208.49243811162435
20,261,365.3564927257169,208.561195530486
20,262,365.42210863578606,208.60071933347737
20,263,365.44755360111066,208.61107336214118
20,264,365.4159166674561,208.61154860401138
20,265,365.3656854755258,208.61362801370856
20,266,365.3243866647984,208.62512745229068
20,267,365.2787407109883,208.62582772286356
20,268,365.2523865846921,208.6205649873932
20,269,365.2826936101032,208.6041300080183
20,270,365.3543623157832,208.57784266666013
20,271,365.43470840623576,208.5377910288525
20,272,365.50420667770567,208.52530064934842
20,273,365.53994577362454,208.52440819989403
20,274,365.5107882078061,208.53287964399138
20,275,365.4374846397499,208.5357806895499
20,276,365.32510828896096,208.53636571608882
20,277,365.2112576330373,208.5274685638128
20,278,365.1754060245077,208.531242078559
20,279,365.225016491753,208.51788951873868
20,280,365.3166421285339,208.4825977423277
20,281,365.4273126780323,208.43603207972635
20,282,365.5046319789728,208.40353489115773
20,283,365.5030804927391,208.35653937250655
20,284,365.4426888743586,208.3076689857249
20,285,365.34239679063353,208.28489108299354
20,286,365.22114338754943,208.2825960760632
20,287,365.1602095684947,208.25032553234854
20,288,365.1703931032859,208.24116965602167
20,289,365.2043221875189,208.29298510435498
20,290,365.21767964170743,208.3672753522968
20,291,365.2279452511316,208.4356799750644
20,292,365.22028565644393,208.54470592656935
20,293,365.1940953948758,208.6285055657853
20,294,365.16877013524766,208.6412197614764
20,295,365.2068240343945,208.62077163638236
20,296,365.27907469793394,208.60371180391462
20,297,365.32926134465976,208.57642546649234
20,298,365.33478837965225,208.60960626747797
20,299,365.28351351602544,208.69095546582494
20,300,365.1998380698872,208.78806649396145
20,301,365.09074258594705,208.8894721619598
20,302,365.01218962108067,208.98340794062634
20,303,365.0209372133279,209.03778281865291
20,304,365.12289444887875,209.06680149100401
20,305,365.23202434819,209.09448807754305
20,306,365.31764084788205,209.109843150118
20,307,365.36698429563234,209.105783614883
20,308,365.3510280135309,209.08349655227968
20,309,365.2795697533428,209.04501966655943
20,310,365.16320838433757,208.96367315388264
20,311,365.06448055873585,208.88209873120275
20,312,365.0003440436128,208.80753494878095
20,313,364.92571526965844,208.72771637003441
20,314,364.86007896694565,208.65404111762064
20,315,364.8434631728331,208.6042507319607
20,316,364.86304257860263,208.55142214925158
20,317,364.9067750412237,208.50520591158374
20,318,365.009166804002,208.46823520405144
20,319,365.15736615458553,208.46628746394862
20,320,365.31647823259397,208.50621882679903
20,321,365.4296557995467,208.5616646494456
20,322,365.47368633720777,208.61697322228133
20,323,365.4650120534999,208.66016221942104
20,324,365.3938416370128,208.67073021352823
20,325,365.2750840034874,208.6821219761233
20,326,365.1497795344443,208.70556503518975
20,327,365.02627130131276,208.72039408516218
20,328,364.8932253825635,208.74916910703405
20,329,364.79723563025556,208.76795829973295
20,330,364.78804514107134,208.7464109901761
20,331,364.88439698224806,208.70091458985172
20,332,365.031674122051,208.68846906338098
20,333,365.2100792574161,208.70710868109248
20,334,365.37560417612525,208.75862750090596
20,335,365.4773673226967,208.82377660547098
20,336,365.50080325047526,208.8888497809595
20,337,365.494797770774,208.92162206439198
20,338,365.46059654297227,208.88727246689132
20,339,365.42227389563595,208.83241331089516
20,340,365.37596694145947,208.7739627929644
20,341,365.31199227920615,208.7097041570748
20,342,365.21355066718746,208.64286623882506
20,343,365.15634605335134,208.58189218433796
20,344,365.1183614669847,208.52693889972466
20,345,365.11904867593984,208.50889818547165
20,346,365.15867496912557,208.51120211097316
20,347,365.25757677704627,208.53063797067108
20,348,365.33153983548635,208.57370972266625
20,349,365.3695452268779,208.5954047102024
20,350,365.3731944990258,208.54864721594677
20,351,365.3689894138004,208.46551081457997
20,352,365.34292815640094,208.3532539520852
20,353,365.30361914283407,208.24099188987958
20,354,365.2934085792535,208.15807297565314
20,355,365.2970006540149,208.11418997716547
20,356,365.31792542385483,208.09266029783157
20,357,365.3403263653978,208.1007282251827
20,358,365.35931202877424,208.1242799507095
20,359,365.35871627385893,208.16142818924885
20,360,365.36308393899577,208.23413608955713
20,361,365.3463221007358,208.32503654045925
20,362,365.3480849269255,208.4056029325504
20,363,365.3787706901002,208.48105152167284
20,364,365.43970346307276,208.53125507832578
20,365,365.47974522178924,208.53894404042347
20,366,365.49527733281985,208.53313687913848
20,367,365.467452560577,208.5185283490435
20,368,365.430902711372,208.49560245069335
20,369,365.3780855849973,208.46557561817417
20,370,365.3265204437858,208.4075498805104
20,371,365.31289253191113,208.34800871686406
20,372,365.34615906390144,208.3038353364262
20,373,365.36424556625076,208.2765523078504
20,374,365.346718246973,208.25234918979746
20,375,365.294218754553,208.23513853755878
20,376,365.19936635036527,208.2057413894971
20,377,365.07663954263717,208.17866284196998
20,378,364.9503956872454,208.16301199622913
20,379,364.8455207871498,208.16015688994557
20,380,364.78772920403645,208.18872602048197
20,381,364.73596320579645,208.23466100828412
20,382,364.67333243770565,208.25975703731172
20,383,364.6412414239006,208.27989900413297
20,384,364.6294843112521,208.29744545940198
20,385,364.619074316068,208.3148751626744
20,386,364.6356000560837,208.35331416086336
20,387,364.6698362584135,208.41508384634858
20,388,364.68827572183653,208.46106740001656
20,389,364.6927205817539,208.4881670389146
20,390,364.69275588555513,208.49514079420118
20,391,364.69964824427115,208.47850415240683
20,392,364.7086079865584,208.48092386972087
20,393,364.73356596830956,208.493414519016
20,394,364.76955994309844,208.52142671983856
20,395,364.81468459505464,208.56953353130592
20,396,364.8768729432157,208.6206151848816
20,397,364.9636546498904,208.63804458322574
20,398,365.0376560591354,208.6276530630224
20,399,365.0846048740459,208.60556617550853
20,400,365.1035560620859,208.5703362331521
20,401,365.0856131754575,208.5390687837927
20,402,365.0337853017883,208.52210679365143
20,403,364.9859977126447,208.53663783889155
20,404,364.9535693167104,208.58616560540264
20,405,364.9353761342884,208.64758822280945
20,406,364.89416442564004,208.69489422691748
20,407,364.8335250917218,208.72954446382278
20,408,364.76135904862133,208.74734388321585
20,409,364.69995794800036,208.73768460762824
20,410,364.6556203786018,208.7244775309671
20,411,364.6508028183637,208.7252494728942
20,412,364.6499272011962,208.73096064439542
20,413,364.6513907585554,208.73427501766275
20,414,364.67071781462903,208.74123553121643
20,415,364.70601898020243,208.7663094272706
20,416,364.7455597734569,208.7910894800052
20,417,364.8009043722901,208.8023088172895
20,418,364.83930385447684,208.78878616486404
20,419,364.83730240864713,208.7702574141352
20,420,364.8106079103331,208.72279751700586
20,421,364.75961044714694,208.66817102839883
20,422,364.71827477217045,208.63119899649206
20,423,364.70829751525235,208.6168294795837
20,424,364.71414886877346,208.5898983627672
20,425,364.7068961882438,208.5543830382857
20,426,364.7136933998098,208.51447739466326
20,427,364.7112889738166,208.46787058601026
20,428,364.6869119644768,208.42404791433813
20,429,364.66859101078296,208.39801444890014
20,430,364.7091645589734,208.40198716813083
20,431,364.7547089043471,208.43015369054376
20,432,364.7925608429435,208.47669019129793
20,433,364.83054347848673,208.54646924457504
20,434,364.85409919968646,208.59963058513972
20,435,364.83566635008674,208.6244406348037
20,436,364.80544594937174,208.62062322681396
20,437,364.78655599127734,208.60212093756746
20,438,364.7962020343092,208.57012786823924
20,439,364.8226000981066,208.55466783524818
20,440,364.84100543205324,208.5569911825523
20,441,364.86719407271687,208.5938004466031
20,442,364.89962273805213,208.63737138667267
20,443,364.90099724096467,208.685254064118
20,444,364.8907988647277,208.7359466157133
20,445,364.8961546172692,208.8124366145577
20,446,364.8876806697056,208.8828366063548
20,447,364.8708984772065,208.95731310949543
20,448,364.8684449793999,209.02953328030458
20,449,364.8649327913636,209.10580203246212
20,450,364.8619138575538,209.15869208361505
20,451,364.87799495356836,209.20288817248294
20,452,364.9019867311233,209.23090588323143
20,453,364.9277628537246,209.20653131286088
20,454,364.97301281054547,209.06305057821098
20,455,365.00066340857325,208.86485898031785
20,456,365.0040353117994,208.6579251939421
20,457,364.991920854271,208.48459406040158
20,458,364.97083922996495,208.37165390931975
20,459,364.9309561530847,208.38017541823345
20,460,364.8983106325805,208.43832834302134
20,461,364.8789717222311,208.4846358484147
20,462,364.868482451804,208.48337778013087
20,463,364.87536013917895,208.46856224403024
20,464,364.89039462257,208.453472181524
20,465,364.90619392950543,208.44874243221005
20,466,364.9254039452297,208.48542549577778
20,467,364.9479649492555,208.55104455639525
20,468,364.9420895791752,208.60672126811676
20,469,364.91742949880904,208.65124344265436
20,470,364.87470848599435,208.69456757085266
20,471,364.8245692654677,208.73564942437312
20,472,364.78102714090227,208.78692494285391
20,473,364.7469409441699,208.85159379121924
20,474,364.73194918853363,208.9355931504024
20,475,364.76207115480037,209.01549701077724
20,476,364.8126222872508,209.06165202508987
20,477,364.8576077449977,209.06999936009208
20,478,364.92340009670994,209.0362938223446
20,479,364.98872124956586,208.9653339701342
20,480,365.0178906510093,208.89632036689636
20,481,365.0207146398948,208.8371609038488
20,482,365.0266188356604,208.80891467820376
20,483,365.0251133832067,208.81839312268082
20,484,365.0274926612014,208.85464208924463
20,485,365.0370538008578,208.89246940472842
20,486,365.05093058117285,208.9311477441727
20,487,365.04092006432427,208.93397043383573
20,488,365.00773251161183,208.91811053103916
20,489,364.97085884891146,208.88337061917196
20,490,364.9231309918166,208.7661213210496
20,491,364.87256670763355,208.6224901148996
20,492,364.843338915045,208.5226677420036
20,493,364.8237263656561,208.44606318799163
20,494,364.8046743960407,208.3838006821688
20,495,364.80334982155625,208.4007156676387
20,496,364.8026534690175,208.44341994283485
20,497,364.7989666662605,208.47196239067193
20,498,364.8094554632159,208.5040261245384
20,499,364.816200318879,208.53142432610665
20,500,364.8188568072156,208.55090204730533
20,501,364.8207529000667,208.57558754510913
20,502,364.8285032299874,208.61286922919172
20,503,364.83341806759455,208.6531038487793
20,504,364.82095232801134,208.69887501941875
20,505,364.8084143180818,208.74951974770067
20,506,364.80156276075405,208.7971418541279
20,507,364.7971663143202,208.8307678269775
20,508,364.79218869444526,208.85315640976143
20,509,364.80035284080105,208.90363111449773
20,510,364.7996517299664,208.9697947223416
20,511,364.80668528914254,209.04228600183552
20,512,364.80188381970186,209.10890172328584
20,513,364.80041005589925,209.1490446852029
20,514,364.8217525242599,209.08003513692995
20,515,364.8488388932263,208.95760184183447
20,516,364.8667651995505,208.80787636520728
20,517,364.88152027457863,208.64331563775394
20,518,364.8818203508922,208.4936782939093
20,519,364.85173404125806,208.42668155055114
20,520,364.81021871377555,208.41933234670822
20,521,364.7720635057187,208.43759917021328
20,522,364.73470997501033,208.4712881155655
20,523,364.6988141151513,208.52568720136958
20,524,364.66859065251833,208.58495584788247
20,525,364.6663174437488,208.6304545231424
20,526,364.7199475935407,208.68168484505154
20,527,364.80352051545515,208.7321395503586
20,528,364.89397664395074,208.7671399573233
20,529,365.0033552260892,208.7854734921742
20,530,365.0987731968168,208.7885273403862
20,531,365.13906747934095,208.77402806925144
20,532,365.1475703567776,208.75502473900227
20,533,365.1507129626374,208.7400801592822
20,534,365.1278050893596,208.73561029402438
20,535,365.0972829239501,208.73780067390894
20,536,365.056719741255,208.74393008090982
20,537,365.00729208496347,208.73717585884043
20,538,364.9344756806543,208.68135541752181
20,539,364.8557099766232,208.5977268768736
20,540,364.7785351593519,208.50909642774752
20,541,364.71762340787774,208.4230000145126
20,542,364.6869848333517,208.37885168473713
20,543,364.6886184099918,208.39490171211523
20,544,364.7100870774865,208.41445068498575
20,545,364.73413095707394,208.4239392201176
20,546,364.7433730411216,208.4264924374968
20,547,364.73556055498875,208.4066393601041
20,548,364.72204755306046,208.38602393948827
20,549,364.7123216701009,208.39359164848494
20,550,364.7132657251397,208.41689008025273
20,551,364.727258767013,208.45322347738752
20,552,364.7522609911327,208.49613666468588
20,553,364.7763638043493,208.5438861293236
20,554,364.81276233608776,208.58551577660495
20,555,364.8564191421393,208.62711894805497
20,556,364.89794724636516,208.655025269641
20,557,364.9332921774466,208.6681672826138
20,558,364.97176038203264,208.66315504773593
20,559,364.9828162881773,208.65158448804573
20,560,364.9736126711838,208.64479307575223
20,561,364.9635155245241,208.642617377803
20,562,364.9627519544575,208.64547959442612
20,563,364.9565725691471,208.65608916395166
20,564,364.95484562346104,208.6694161955051
20,565,364.9507302407366,208.67115892601862
20,566,364.93822001544106,208.66799244814462
20,567,364.9139844605554,208.66545675909146
20,568,364.89836287765417,208.65953623756002
20,569,364.8971321908673,208.6575989168239
20,570,364.8989205717672,208.66261472853805
20,571,364.9069156610779,208.66892660670754
20,572,364.91453685521554,208.6718404864191
20,573,364.91279357313925,208.67073263328592
20,574,364.8756067240819,208.65993769787192
20,575,364.83203237950283,208.65341097043773
20,576,364.7968285075697,208.6805589067208
20,577,364.78145420980184,208.73000142682332
20,578,364.7797849822913,208.78720696088345
20,579,364.8160454628542,208.85688776190398
20,580,364.8752539743808,208.91748425635095
20,581,364.9304051627093,208.93972544283733
20,582,364.9692920455584,208.93665877841087
20,583,365.00555280681584,208.9244326361039
20,584,365.03181269114236,208.90076536512925
20,585,365.04122833521893,208.85092982115222
20,586,365.0294940501525,208.739449299246
20,587,365.00231034167444,208.60861239862578
20,588,364.9677012718779,208.48204972657354
20,589,364.9353457088045,208.37007859912748
21,0,364.3246664719867,228.23162859349537
21,1,364.387489792631,228.3356327467185
21,2,364.4624036206762,228.43608079975334
21,3,364.5250019006967,228.5152621694588
21,4,364.5180230058859,228.53102523473174
21,5,364.467918365208,228.53984481641288
21,6,364.43036779188714,228.5597841552718
21,7,364.4004090652706,228.5951442376126
21,8,364.3766355102934,228.65758286109482
21,9,364.37587983325534,228.7226560050916
21,10,364.4082999315516,228.76511646840808
21,11,364.45920153752166,228.796896265683
21,12,364.50456772576644,228.82423964358495
21,13,364.546713164656,228.8358266275413
21,14,364.60197564858163,228.87353254535745
21,15,364.65461292632546,228.92868374539702
21,16,364.7028624332538,228.98836374326825
21,17,364.7610803226535,229.05284325643353
21,18,364.822732141093,229.1070829129252
21,19,364.86260231434693,229.12319393091315
21,20,364.88712587158824,229.12846140913365
21,21,364.89752223617995,229.12673962275417
21,22,364.8823223232241,229.1130406437552
21,23,364.8479600755274,229.0904624578216
21,24,364.80801733121626,229.07303251847955
21,25,364.77596168091935,229.0605768985937
21,26,364.74355688445445,229.0386064487229
21,27,364.7185819796801,229.0162061270598
21,28,364.7004218175143,229.0025581750342
21,29,364.6824882506519,228.99029277364468
21,30,364.6542543938248,228.96825061661903
21,31,364.6298470199497,228.96629982806851
21,32,364.6102595638525,228.9793797810092
21,33,364.5867588403705,228.98085515356556
21,34,364.5485709943891,228.918188922367
21,35,364.49879369414816,228.8222336342609
21,36,364.4375601342492,228.7132938768473
21,37,364.36396246296573,228.59640882814318
21,38,364.29567511676294,228.48335230988837
21,39,364.2451371366,228.41957404260685
21,40,364.2082904328996,228.3817671925362
21,41,364.1854216145515,228.3547005093254
21,42,364.17163208849524,228.33637502645908
21,43,364.15835249875107,228.33258322964448
21,44,364.14588403443213,228.3414882910336
21,45,364.1590574959856,228.34838864080223
21,46,364.24844446827,228.3255659506698
21,47,364.34899104056245,228.27565643781742
21,48,364.4413187793033,228.22721091053046
21,49,364.5373050871785,228.2069133804006
21,50,364.60897460318046,228.2575392096966
21,51,364.60013272766486,228.36192761986794
21,52,364.58203148012655,228.4978066477272
21,53,364.5822868066307,228.63119146225242
21,54,364.5922840803317,228.7362216987638
21,55,364.61507068706436,228.7788685133977
21,56,364.64499528628505,228.7919303977885
21,57,364.67783256923076,228.81381304969634
21,58,364.6930691396707,228.8811617309501
21,59,364.7027512521694,228.96094672440432
21,60,364.7025370919887,229.04005540073626
21,61,364.7030703996115,229.11665219638826
21,62,364.70168317614355,229.17146048514783
21,63,364.7050496914409,229.17444629564372
21,64,364.7009628852228,229.16069070345375
21,65,364.70851787028874,229.14762822345355
21,66,364.7098759789117,229.13650333311386
21,67,364.72553949941846,229.13833974066617
21,68,364.74830458555203,229.14183452047746
21,69,364.7584928145059,229.12438121684133
21,70,364.7398437603704,229.05004717289
21,71,364.72286966763875,228.95944392234392
21,72,364.698558955451,228.8597678105448
21,73,364.6632350465013,228.7595766277307
21,74,364.6312948657906,228.6742158594867
21,75,364.6136085607077,228.62983972957173
21,76,364.593543319817,228.61004335808641
21,77,364.57243193278134,228.60818927231594
21,78,364.5592997395471,228.61685936551518
21,79,364.5505289178036,228.63671463104762
21,80,364.55254111418026,228.66568475543352
21,81,364.5639758870815,228.68183827115823
21,82,364.5797930888087,228.65956097034353
21,83,364.5930998383312,228.6050965212574
21,84,364.6067609877028,228.52711136171598
21,85,364.59937959127814,228.43921696465134
21,86,364.56515530138745,228.35315840513124
21,87,364.5080040298209,228.2914290230538
21,88,364.45493941598863,228.25559814874643
21,89,364.40864633699516,228.24124401015646
21,90,364.37672324272376,228.24769662545955
21,91,364.3605872358745,228.26474757451814
21,92,364.358784107765,228.2858853154447
21,93,364.3726402723349,228.31880044999392
21,94,364.419981673181,228.38713554406434
21,95,364.4787855456471,228.4681436710243
21,96,364.5431312493467,228.5715440779276
21,97,364.59797314319763,228.68580086149572
21,98,364.6232952038891,228.79312771384264
21,99,364.60439138424204,228.87103311901535
21,100,364.5707340735661,228.92891725772853
21,101,364.5276738273386,228.958035739193
21,102,364.48296932691846,228.96982480858108
21,103,364.4509144470226,228.98272540257688
21,104,364.4298533862824,228.99132938218645
21,105,364.4276081074321,228.99840624208008
21,106,364.4688459297457,229.00602971648135
21,107,364.5175182257802,229.01217503504228
21,108,364.54904159014285,229.0053469870945
21,109,364.5734139778656,228.99220757072865
21,110,364.5766475324591,228.98033983950407
21,111,364.5543375028521,228.9776579208805
21,112,364.53597803682624,228.9767995826661
21,113,364.5308716905808,228.9961633416679
21,114,364.57880698840376,229.0674651035183
21,115,364.6582622351348,229.17378808215037
21,116,364.7191566834832,229.2266930188048
21,117,364.7443551080603,229.22736976623654
21,118,364.8051739590771,229.22069762424937
21,119,364.8445188060729,229.21030367694843
21,120,364.88185337253674,229.20813704095917
21,121,364.9600746037034,229.35693098186033
21,122,365.13114599336905,229.6629677642447
21,123,365.3055206050787,230.00950050024144
21,124,365.4478082786232,230.34296482773965
21,125,365.5816048932389,230.64121869598216
21,126,365.7263042467722,230.8490500924282
21,127,365.82144430003365,230.9437892107122
21,128,365.84272229108876,230.9628151975569
21,129,365.8520226042181,230.96079056117338
21,130,365.8450827321486,230.99712949108505
21,131,365.7760149654039,230.98788474263503
21,132,365.68958975815536,230.95667402110152
21,133,365.69749404090476,231.03055900088273
21,134,365.7815263751451,231.16439477676386
21,135,365.88934124684056,231.29482647539675
21,136,366.0349456352276,231.48336016595502
21,137,366.18016144094605,231.71816100495542
21,138,366.25352279757897,231.84863172430076
21,139,366.21770533671537,231.82885204418653
21,140,366.12326305332823,231.7546152466458
21,141,366.00356564631494,231.61309818480868
21,142,365.87811330249724,231.42223744760696
21,143,365.7251278293388,231.24458588700864
21,144,365.6082226606376,231.1484034912897
21,145,365.5520660238047,231.07147238107046
21,146,365.53641491159175,231.03430810586278
21,147,365.55114539961704,230.9913960259778
21,148,365.57604590511863,230.91478357330223
21,149,365.5180035385344,230.77919854149567
21,150,365.3792855995038,230.51645355670354
21,151,365.20805786553933,230.18854106730657
21,152,365.0519427735468,229.90257159819302
21,153,364.95492574774676,229.7378742218206
21,154,365.00083984826085,229.63899799759625
21,155,365.10074078157305,229.6424591017965
21,156,365.1851508841195,229.65889337221867
21,157,365.2667093803779,229.63406831181032
21,158,365.32830646981444,229.53896698445408
21,159,365.32948864099234,229.42669417509896
21,160,365.3305627108432,229.3442426276291
21,161,365.3197297545982,229.24634588770866
21,162,365.24650762637606,229.13447080039236
21,163,365.15910760716525,228.99778272749188
21,164,365.0886457204884,228.86137709028316
21,165,365.01850258690183,228.7404326961351
21,166,364.9539709862304,228.75723883468942
21,167,364.95093422298885,228.91779344725907
21,168,364.9686558524123,229.1388462783595
21,169,364.95114473156923,229.3432590531191
21,170,364.91631783936083,229.48140849114415
21,171,364.86765559853546,229.49359515609393
21,172,364.7424650822965,229.38482646720342
21,173,364.56224131007684,229.24873893641058
21,174,364.4175120903008,229.13054243727782
21,175,364.30498246366994,229.05698690906513
21,176,364.23795137909576,229.05792333462054
21,177,364.26217516046796,229.11770502266404
21,178,364.389016146178,229.1897370275099
21,179,364.54838390293946,229.2765019646102
21,180,364.7155677481733,229.38008835197215
21,181,364.88239432777675,229.48022865035122
21,182,364.9966535441019,229.5145239816666
21,183,365.03288631302314,229.4291823631188
21,184,364.9981052346529,229.30385070066862
21,185,364.90765268973377,229.18730524946426
21,186,364.8052189358795,229.13728218371637
21,187,364.67994081511875,229.10968403034465
21,188,364.56108087577235,229.15379009735673
21,189,364.5113446246411,229.2772860646508
21,190,364.54240940333693,229.47447307734703
21,191,364.598231152627,229.62566103304866
21,192,364.68552227482866,229.77438636360262
21,193,364.7931194531668,229.94169698916838
21,194,364.86092588303717,230.05847666164524
21,195,364.8261761376123,230.0297286602761
21,196,364.70572972999025,229.89946915780376
21,197,364.5740297199363,229.73862104081297
21,198,364.4486473658277,229.60043681530485
21,199,364.3225141739642,229.49326613867976
21,200,364.271298436065,229.45554978655608
21,201,364.31732735510053,229.46987942948724
21,202,364.3892931454807,229.4800069131533
21,203,364.4224550212403,229.4603301229553
21,204,364.46696575831305,229.40567961061015
21,205,364.5171856805942,229.27643666017337
21,206,364.5597411271594,229.15266633638458
21,207,364.60553959577226,229.1527342925646
21,208,364.70876359961034,229.2592028606409
21,209,364.8303899857758,229.40723332078792
21,210,364.9327241947236,229.59817033385235
21,211,364.960419114292,229.8101455201013
21,212,364.9594938715566,229.97979278865793
21,213,364.8868359108499,230.06227079247017
21,214,364.7235491604711,230.08869381877085
21,215,364.5281653190667,230.12454899994296
21,216,364.3975820206485,230.18511092354063
21,217,364.30347217320184,230.27454440350323
21,218,364.25620458094727,230.36848915040588
21,219,364.26996543175255,230.4383456517303
21,220,364.3146934487282,230.4271812323391
21,221,364.31604674665084,230.2775526939349
21,222,364.2795706438961,230.04200044493828
21,223,364.2491627451408,229.74637041401164
21,224,364.23912836869124,229.41400812856867
21,225,364.2657635870147,229.16795491612643
21,226,364.384488718626,229.13395457382688
21,227,364.5614037539923,229.20558458148184
21,228,364.7829691449997,229.38745512512466
21,229,365.0019920652409,229.68559064762604
21,230,365.13971668139055,229.93932984667575
21,231,365.1883057807885,230.02716094761533
21,232,365.16376196421595,229.96574291512405
21,233,365.06292003212246,229.75708782769055
21,234,364.94187948871837,229.42829513183509
21,235,364.860830307853,229.11347802890845
21,236,364.8147329065597,228.8520851085316
21,237,364.78658304592625,228.67133393329325
21,238,364.77494861867285,228.66172231262215
21,239,364.799591122021,228.78819904318303
21,240,364.8415219786743,228.94945448571485
21,241,364.8524090625205,229.13033609133834
21,242,364.8911003180453,229.32440520573246
21,243,364.92362143146477,229.4261204347461
21,244,364.9302738710703,229.45333126889045
21,245,364.9192101839765,229.4450597259446
21,246,364.9290977009052,229.39254863335924
21,247,364.9195717838445,229.32394320791641
21,248,364.8919642983268,229.25812260319495
21,249,364.86471174946377,229.18845863152856
21,250,364.86681272324154,229.10502945019397
21,251,364.89883583223707,229.09466567131628
21,252,364.9658765768085,229.10429264570786
21,253,365.0386775033294,229.09709963968726
21,254,365.0884341942887,229.0692424993462
21,255,365.0874653541369,229.04468635751655
21,256,365.0403146377786,228.98389192347003
21,257,364.9698715197084,228.9031108834508
21,258,364.92845783059187,228.84462894466998
21,259,364.9183582932387,228.84505163887425
21,260,364.928422570525,228.89578410822472
21,261,364.9540019324144,228.93912916263872
21,262,364.98540168912876,228.94847479809917
21,263,364.97888905433285,228.93601796316688
21,264,364.9351944110669,228.92907481292767
21,265,364.877303683819,228.93316556818488
21,266,364.8443085527165,228.94861598769052
21,267,364.82790105357543,228.95720693470489
21,268,364.841768823086,228.9635094693417
21,269,364.89556411974064,228.9731350722086
21,270,364.9725356012881,228.95980555784715
21,271,365.0358950413357,228.9407770600111
21,272,365.0494877065255,228.9857126492162
21,273,365.01713414796,229.05204622478553
21,274,364.98102766933414,229.07907505577174
21,275,364.9471883837996,229.0917548097096
21,276,364.89571221679904,229.09723918911308
21,277,364.8623203844239,229.04644071523668
21,278,364.88906649078166,228.98260132067256
21,279,364.9241360436183,228.93474180161488
21,280,364.9665965985003,228.86720869284107
21,281,365.0289066367185,228.79230471170868
21,282,365.0741266958286,228.75477178117376
21,283,365.0768044390862,228.70554825259785
21,284,365.05562868720233,228.6398053912494
21,285,364.9992426794536,228.59986587026992
21,286,364.8972361399907,228.54617898118332
21,287,364.81716268140764,228.4711510841339
21,288,364.77262702392346,228.44679535411709
21,289,364.7247617088419,228.50342556433927
21,290,364.6690569608396,228.58814550425205
21,291,364.6394949940494,228.6935411086107
21,292,364.62764288362837,228.8352127499812
21,293,364.6354845790032,228.9189109692001
21,294,364.64444034056254,228.89326361139427
21,295,364.67429823038094,228.8288921309268
21,296,364.6927418257483,228.78968225059688
21,297,364.66708320408674,228.72695566641076
21,298,364.58472527820146,228.75744829081282
21,299,364.47683054638486,228.8810392972057
21,300,364.36441796035416,229.02947586759666
21,301,364.2649982793288,229.1649409647027
21,302,364.21572716098296,229.29590849073213
21,303,364.24744250539294,229.36958782174813
21,304,364.36500619912846,229.4107939168642
21,305,364.4976765090312,229.44353261359083
21,306,364.6170836419982,229.46016240009956
21,307,364.7053572365821,229.47911797777442
21,308,364.7293279769535,229.49266709873663
21,309,364.68253453909125,229.49122616640256
21,310,364.5855999726286,229.4356530778634
21,311,364.4994695459986,229.3692809307438
21,312,364.43455122858154,229.29160138922774
21,313,364.362549006001,229.212351345871
21,314,364.32222952744036,229.12219607163655
21,315,364.34746432792446,229.0480025233876
21,316,364.42679357151593,228.96059692463527
21,317,364.5155285980197,228.87305808586558
21,318,364.6485332116541,228.79395485216324
21,319,364.7899436135105,228.7660660208059
21,320,364.9108045922187,228.81098903623493
21,321,364.96889764748033,228.89754774115136
21,322,364.9775920614602,228.98890071696408
21,323,364.94955770617094,229.0410383896602
21,324,364.89122134232076,229.03487815129282
21,325,364.79773943706067,229.01347731703106
21,326,364.6831555029957,228.99374529488347
21,327,364.5778544626612,228.9609443546413
21,328,364.46490693525925,228.93549855204193
21,329,364.3622061067945,228.91348515544686
21,330,364.349967182384,228.85317551119394
21,331,364.4361177350492,228.77450376971314
21,332,364.559925006793,228.7282710583344
21,333,364.731103783525,228.74238445545714
21,334,364.9206739912296,228.8235661015398
21,335,365.05473592182796,228.94879659590703
21,336,365.12607478937235,229.08331373333598
21,337,365.16393721080914,229.19787297696388
21,338,365.15156797445604,229.2379106254236
21,339,365.104101149869,229.22400568182746
21,340,365.0336735580848,229.1844246378797
21,341,364.9279857537706,229.12098671252355
21,342,364.8322101904954,229.04624768830843
21,343,364.8178781873262,228.9748106466909
21,344,364.8352152094323,228.89756393808608
21,345,364.8820670416058,228.8433380751856
21,346,364.95489847548237,228.79279993943146
21,347,365.0230270061481,228.75953036244587
21,348,365.0250096804525,228.76041660270954
21,349,364.9866590353074,228.7467585856887
21,350,364.9307416297744,228.67432316996482
21,351,364.8860165466576,228.57643121470235
21,352,364.8389193888058,228.44431958409436
21,353,364.7832864763857,228.30357829628497
21,354,364.7544245224987,228.1905116214962
21,355,364.74070183023656,228.12117480578277
21,356,364.74565684663276,228.08581313370257
21,357,364.7530910136333,228.08601425981328
21,358,364.7647604607626,228.12637514573098
21,359,364.7852561493762,228.20482460321267
21,360,364.8255390907674,228.31839808857328
21,361,364.8447487193606,228.45080505030847
21,362,364.8625829525185,228.56994780012246
21,363,364.9096273414093,228.67851619247782
21,364,364.9894132660518,228.76035750568525
21,365,365.0348685258531,228.80115684486378
21,366,365.0678100998809,228.83647268812365
21,367,365.0968795990046,228.86881962336093
21,368,365.10371086670193,228.8663202008978
21,369,365.04666200332474,228.81962670505092
21,370,364.97699783635005,228.70426681977168
21,371,364.9469920700814,228.5510509355477
21,372,364.95974400983175,228.41902428118533
21,373,364.9661499591561,228.30724820639335
21,374,364.97209048545204,228.2259428631075
21,375,364.97361750544246,228.20171587963912
21,376,364.9347647523816,228.21091412652146
21,377,364.85814790533055,228.22934753504117
21,378,364.7763532926502,228.26270876774564
21,379,364.6916986797611,228.28404869052875
21,380,364.61551905319357,228.31591000839023
21,381,364.53127409542617,228.33025154273398
21,382,364.4396730062962,228.320789375257
21,383,364.3779771921848,228.31971297405764
21,384,364.3393596107797,228.32881710785045
21,385,364.3128119387607,228.33306271827257
21,386,364.31376274155645,228.362075276377
21,387,364.33536975989614,228.40532404773697
21,388,364.3505806171607,228.42365781236327
21,389,364.3858886811816,228.4246152390008
21,390,364.43202977942826,228.41737030886392
21,391,364.4919563959599,228.39876581382316
21,392,364.5250477273831,228.4021067440974
21,393,364.5563932568309,228.41793314450766
21,394,364.5542648056872,228.4573902550934
21,395,364.544908334379,228.50992275858482
21,396,364.54215084632403,228.57648942471036
21,397,364.5747099146207,228.62435412870687
21,398,364.59730414906574,228.64919185905242
21,399,364.6237208906573,228.66522431984433
21,400,364.63038825940095,228.67294742206423
21,401,364.6045938236345,228.6635742920613
21,402,364.56134511314974,228.657205860919
21,403,364.52537281355035,228.67590167971403
21,404,364.483961744288,228.72438850476803
21,405,364.4447168331124,228.7820934630711
21,406,364.39232939546764,228.83682028758594
21,407,364.3143906188188,228.87000354591083
21,408,364.21617160350155,228.86816624951712
21,409,364.14803956463095,228.82183217979943
21,410,364.11454679827455,228.7735212057706
21,411,364.1202752626765,228.735392859243
21,412,364.1351552021066,228.70962248264374
21,413,364.16568231901925,228.70022872523072
21,414,364.2103580704697,228.70376144550366
21,415,364.26679675108636,228.71876177364587
21,416,364.3230293773098,228.7395672167142
21,417,364.4031654544722,228.75929273259797
21,418,364.46294455488453,228.76402022726847
21,419,364.484133392762,228.76199418523177
21,420,364.4727816151715,228.73364477108578
21,421,364.4306606893767,228.69065421850448
21,422,364.3885866473692,228.65083606094544
21,423,364.37468870547303,228.61786932707577
21,424,364.3719906947263,228.57683102350322
21,425,364.3632169402547,228.53394545830037
21,426,364.3672615688871,228.49651098129343
21,427,364.35529017198576,228.4515808867832
21,428,364.33375647627787,228.42338557440976
21,429,364.31315926145294,228.41469971498293
21,430,364.33761375516366,228.42763617052282
21,431,364.37805325917566,228.46141130119454
21,432,364.4181775202204,228.51706374367043
21,433,364.46131493304506,228.5851832387282
21,434,364.495803227315,228.61926165623046
21,435,364.5000334004802,228.61865660398584
21,436,364.4982791779291,228.57777669646094
21,437,364.5069539529402,228.51777849900927
21,438,364.52318797461385,228.45189124700732
21,439,364.54453977960037,228.42818907897964
21,440,364.543235712754,228.43086819448848
21,441,364.5275256645859,228.47418906850513
21,442,364.5127585194895,228.54958443411905
21,443,364.4833888557222,228.6189422802639
21,444,364.4505602721689,228.6795878103636
21,445,364.45180953946874,228.76817877756812
21,446,364.4569478414512,228.86560005271383
21,447,364.45534683966804,228.94604044455565
21,448,364.4484127759987,229.02735238790308
21,449,364.42663881247216,229.1098111644079
21,450,364.3901946219167,229.17195323530527
21,451,364.36576934792544,229.21457978553693
21,452,364.347617295478,229.242573291595
21,453,364.34438059721634,229.21985626177175
21,454,364.37751716946485,229.08140885372902
21,455,364.4055176261765,228.86774399421873
21,456,364.4031374413686,228.6229317886919
21,457,364.38536481631036,228.4029259207263
21,458,364.3554617040125,228.2391332378349
21,459,364.30401944755187,228.19521986365402
21,460,364.25380443773247,228.21361517273522
21,461,364.2201671017587,228.23552561680074
21,462,364.18881353047135,228.20756887674466
21,463,364.1720148540553,228.16279790303517
21,464,364.1672584122484,228.1337404477383
21,465,364.1720738430283,228.1398333786833
21,466,364.19690190473887,228.2333390948523
21,467,364.2504372350644,228.36835474535482
21,468,364.28967057585106,228.5001532270202
21,469,364.32672152070876,228.61045410248647
21,470,364.35877318343984,228.70643938338753
21,471,364.37587224929285,228.7626246496376
21,472,364.38814516422843,228.82793146078734
21,473,364.40915911740444,228.9096971945428
21,474,364.4224982213942,229.00426844116038
21,475,364.4480839171076,229.08158592029753
21,476,364.4773793723328,229.1141946004165
21,477,364.4945883774027,229.09494375190616
21,478,364.53122428402776,229.00682422455372
21,479,364.57339218939524,228.88533784726258
21,480,364.58477892386276,228.76860831253737
21,481,364.57372469668616,228.67644946122203
21,482,364.5641638200141,228.63307813849946
21,483,364.54847475744106,228.66000710209525
21,484,364.5483736016813,228.72252583227515
21,485,364.5766695712855,228.79413866013468
21,486,364.6191411063826,228.85992746316535
21,487,364.64077611815145,228.87480195773912
21,488,364.6231272179427,228.84089742004738
21,489,364.58852259996223,228.78003041308907
21,490,364.5560212183268,228.67534438055353
21,491,364.5192392066719,228.56322306499138
21,492,364.50018923254106,228.51706582116122
21,493,364.49867046795333,228.52770047546193
21,494,364.5015047626569,228.5684075541802
21,495,364.5011307033379,228.6486260299626
21,496,364.5118293449822,228.7418565763241
21,497,364.5284119367434,228.81189101523063
21,498,364.55602348217406,228.8735799701395
21,499,364.5794648221942,228.92269769181976
21,500,364.59218265046115,228.9685414568471
21,501,364.58630125406984,229.00099339867626
21,502,364.55514370097313,229.00155770142456
21,503,364.5099425126744,228.976441259767
21,504,364.446389339571,228.93965618231707
21,505,364.381323546488,228.89199821116478
21,506,364.3284128984533,228.84896531827624
21,507,364.3034052601009,228.820363243874
21,508,364.2905482017651,228.79876695471498
21,509,364.29896271912656,228.8257482564515
21,510,364.3080579262188,228.88140541491936
21,511,364.3190936191132,228.94695731921337
21,512,364.32216603038836,229.01713270494864
21,513,364.33373085206824,229.07733818323723
21,514,364.35914789538754,229.03690577762993
21,515,364.38216994851035,228.9345774064496
21,516,364.393761099707,228.7979051085355
21,517,364.3954805877065,228.64100380292945
21,518,364.3797350528178,228.48864369669928
21,519,364.32988981866964,228.401766256399
21,520,364.27316416273084,228.38053534636526
21,521,364.2326590710083,228.391276169856
21,522,364.1997212826325,228.42617855974075
21,523,364.1777205211714,228.49148827331786
21,524,364.176467029437,228.5675800050845
21,525,364.21254168540787,228.62850363627868
21,526,364.3091451385621,228.69943533060115
21,527,364.4424950120766,228.7709287657809
21,528,364.5788033860163,228.81726343868425
21,529,364.7159642813077,228.83947871443664
21,530,364.81972995778744,228.84685389875386
21,531,364.8502664777093,228.8354887932649
21,532,364.8421321753288,228.81558200093318
21,533,364.82287708599375,228.80571215833788
21,534,364.7841674199202,228.80740293315216
21,535,364.7485448871745,228.82386059164438
21,536,364.71090508342246,228.84792233764284
21,537,364.6589976837641,228.8630167491784
21,538,364.57841822328606,228.8115733693976
21,539,364.5019462843127,228.7183820653179
21,540,364.4342206522173,228.60242531031534
21,541,364.37683847172383,228.47168772487848
21,542,364.3421269157408,228.3728094546035
21,543,364.34982206455885,228.34648327704346
21,544,364.3653355375844,228.33437360143773
21,545,364.37179301804446,228.32191259324986
21,546,364.3690825337732,228.3120627973004
21,547,364.35565005604036,228.2836816978716
21,548,364.33069729392327,228.26097537920427
21,549,364.32282322696295,228.278087768669
21,550,364.3520370055142,228.32386728738632
21,551,364.3935641006971,228.3839872756806
21,552,364.44553864486267,228.44443558433835
21,553,364.4993999084633,228.4950907342578
21,554,364.5482953049345,228.51784644594278
21,555,364.5794932443854,228.52118093982352
21,556,364.61129804513797,228.50916902215428
21,557,364.64377742729494,228.4919945246765
21,558,364.6794570528264,228.47256822033475
21,559,364.6997762497344,228.46152823815328
21,560,364.70315580934397,228.4580265792196
21,561,364.697199663913,228.46598197454023
21,562,364.6826460430543,228.50790404030863
21,563,364.6616394876003,228.56731933974442
21,564,364.6411459702702,228.64001416911077
21,565,364.61314100009065,228.7073571766112
21,566,364.57132801493054,228.7644631347458
21,567,364.52335979783265,228.7853309363659
21,568,364.4802058549633,228.7823557441221
21,569,364.4438630819176,228.7670098720298
21,570,364.4134053632682,228.7530891242081
21,571,364.3985633672849,228.74198813836068
21,572,364.3924068017094,228.73714123085213
21,573,364.3884900983306,228.74139367513405
21,574,364.3889682787572,228.76266500099416
21,575,364.39676352041596,228.79232406270086
21,576,364.41214448134195,228.84516586608103
21,577,364.4448533844803,228.90799606782218
21,578,364.4817032183164,228.95964066738802
21,579,364.5246423822532,228.9969197256585
21,580,364.57965347996264,229.02141608874385
21,581,364.63370162698357,229.01227539725846
21,582,364.67194303230787,228.98407497981606
21,583,364.70316909050547,228.9546523282601
21,584,364.71981002609704,228.91957719076754
21,585,364.71373633084505,228.8641573846766
21,586,364.67776437647905,228.76264744876786
21,587,364.6276342332469,228.64637925304325
21,588,364.5760554491059,228.53651523740558
21,589,364.5303158033165,228.43869946318515
22,0,374.5034820888715,248.41844398076648
22,1,374.42257490347066,248.45263249588595
22,2,374.3292959024172,248.47156229272653
22,3,374.2472904872749,248.47640084030422
22,4,374.20212690991457,248.45277652314456
22,5,374.1553401371789,248.4322477593514
22,6,374.1178071997853,248.4341657005065
22,7,374.09350584962067,248.46959930457768
22,8,374.07922421377316,248.52281496541784
22,9,374.08196248232383,248.56914302181454
22,10,374.1107603786393,248.5839875924491
22,11,374.1491650762737,248.59368942651207
22,12,374.18666210085405,248.59752399009548
22,13,374.21774301748127,248.59312682364396
22,14,374.2441940359673,248.5970072557763
22,15,374.26334328560154,248.6259230967938
22,16,374.277367884508,248.65634454337925
22,17,374.29252502518654,248.68942730844438
22,18,374.3009128807367,248.7158014189866
22,19,374.3023790228575,248.73225398711512
22,20,374.29156253607795,248.74844923808462
22,21,374.2832783353591,248.7636883086423
22,22,374.26725595903844,248.77037391319357
22,23,374.2489661876528,248.78091411474284
22,24,374.23746784491755,248.8049357981451
22,25,374.2481191270936,248.83534820327313
22,26,374.26827787333883,248.86700610335595
22,27,374.3014463219631,248.8975958190918
22,28,374.34559373584807,248.9177243847763
22,29,374.3857647543947,248.92348843323015
22,30,374.41166052083815,248.91794521798337
22,31,374.4230904446598,248.92212794952212
22,32,374.4217719482472,248.93916250950997
22,33,374.40730901139744,248.96189717761007
22,34,374.373571941218,248.97762834653062
22,35,374.335482234077,248.97342142646576
22,36,374.29390154739104,248.95050481135004
22,37,374.24743637738953,248.91580143500127
22,38,374.2035280530185,248.86947213211326
22,39,374.1710254174617,248.81816025121142
22,40,374.1361180849925,248.78260252130084
22,41,374.10568630455185,248.75522100579
22,42,374.07957173474836,248.73104327541864
22,43,374.0510504542376,248.71880109358383
22,44,374.0287523335399,248.7148111392396
22,45,374.03043416535166,248.7091649741075
22,46,374.0863415097916,248.689329950793
22,47,374.15161509622675,248.65639797857685
22,48,374.21151054326793,248.6305547076284
22,49,374.2668162776472,248.62746697419755
22,50,374.3055141664957,248.65709302201228
22,51,374.2981851769435,248.71478849986943
22,52,374.2840740440288,248.78895078832
22,53,374.28580991581083,248.85738925474638
22,54,374.3022760280425,248.91152643314905
22,55,374.3277966858134,248.94001234946606
22,56,374.3539920436475,248.9512867900346
22,57,374.37207867378163,248.96120130202272
22,58,374.34459403554536,248.96335080221598
22,59,374.2823149663269,248.96419733532557
22,60,374.19786371884675,248.9645564958455
22,61,374.101509921528,248.96315895816534
22,62,374.01214183054884,248.95664268797114
22,63,373.95798997518193,248.94962982664921
22,64,373.9225264573898,248.93705778946273
22,65,373.9021371660542,248.92767291294433
22,66,373.8869500191505,248.92830241709132
22,67,373.8801555294906,248.93884777507424
22,68,373.88142644056677,248.95404920634292
22,69,373.89202836418383,248.96107436992918
22,70,373.924537064689,248.95375197228614
22,71,373.9804958490702,248.9319590572088
22,72,374.0589108110592,248.90724824477044
22,73,374.1432463874233,248.8814361354766
22,74,374.2216779983262,248.85892353954438
22,75,374.27435593280387,248.8392608269878
22,76,374.2990934940379,248.831294861099
22,77,374.29936758224716,248.82945084121792
22,78,374.2904448462081,248.83333850653364
22,79,374.2798541923794,248.84709227310142
22,80,374.2814348614829,248.8723334891541
22,81,374.29069124278953,248.8901798240561
22,82,374.2867926122535,248.878646269301
22,83,374.2714829462533,248.85394223372418
22,84,374.2435646298257,248.81955645948833
22,85,374.19237832252935,248.76588857136304
22,86,374.1282576814688,248.71150677516303
22,87,374.0697273932151,248.67845120651356
22,88,374.02376165622434,248.65648583993053
22,89,373.99228517614654,248.64222262799944
22,90,373.9728082084009,248.6467511902482
22,91,373.96476045171187,248.6613060635592
22,92,373.96704959043456,248.679545184262
22,93,373.98747081278714,248.70425718799729
22,94,374.0476712585016,248.7376450843067
22,95,374.1268603094316,248.77395647500197
22,96,374.21387761545,248.817876108222
22,97,374.2937875926398,248.8658119537519
22,98,374.3495396233171,248.9164535534387
22,99,374.35982507230415,248.96176409573812
22,100,374.3517298486298,248.99856094868966
22,101,374.3363080519553,249.02153503854416
22,102,374.32312755874835,249.03245171051293
22,103,374.3132314930072,249.03764252929065
22,104,374.3112346284384,249.04095265486887
22,105,374.32418347095626,249.0396126208358
22,106,374.36022672394756,249.02353330397847
22,107,374.3807861574833,249.00681994018976
22,108,374.38516361244655,248.9971236133154
22,109,374.38102005984484,248.99042112954385
22,110,374.35922168979863,248.9884417477191
22,111,374.3170451912453,249.00822719405338
22,112,374.30763951776515,249.04200702018161
22,113,374.3289074145388,249.11187684458523
22,114,374.4023974780477,249.24449878225352
22,115,374.49103464768325,249.3941074612177
22,116,374.5638464811173,249.50122689461435
22,117,374.5819412450253,249.53606860099296
22,118,374.6515433387448,249.507763613573
22,119,374.7094195472165,249.43141159154786
22,120,374.80627327186335,249.39979764628325
22,121,374.9618187308919,249.52153876022362
22,122,375.2098427471234,249.81358864536546
22,123,375.4436972803064,250.2211595484219
22,124,375.6496341713327,250.66678142875608
22,125,375.82048818167164,251.08815357829675
22,126,375.9676570637086,251.41850487417008
22,127,376.0637067066524,251.64809637676487
22,128,376.0679192473069,251.74198606454252
22,129,376.0574705154366,251.7726601863373
22,130,376.0019983377715,251.7380996684746
22,131,375.8388435032555,251.5525898949172
22,132,375.6638830805379,251.31571200118418
22,133,375.6336901478712,251.22872342043735
22,134,375.73202113899123,251.32160923738232
22,135,375.9484028483371,251.5702089691646
22,136,376.2839964293184,251.99026655736787
22,137,376.61298311244354,252.48473612764292
22,138,376.78372018971453,252.8245377538699
22,139,376.77286573822073,252.88558047920355
22,140,376.6039553901391,252.76101530991514
22,141,376.3637390588055,252.51811332958184
22,142,376.13090098141413,252.20344383625996
22,143,375.918018599375,251.887409735146
22,144,375.8169519887168,251.64286163893058
22,145,375.82017958265146,251.43382831144288
22,146,375.88126715626305,251.3281336198303
22,147,375.93993240534195,251.2338914481054
22,148,375.9569682436349,251.07957580376083
22,149,375.79328528718423,250.85144227560775
22,150,375.46207954593143,250.5442087785952
22,151,375.05955930061344,250.15014658347357
22,152,374.72380614949805,249.75946073988678
22,153,374.5629480500699,249.51390044409885
22,154,374.60861838015705,249.381560161579
22,155,374.80246785263535,249.38244769042242
22,156,375.01745097766883,249.46412678782113
22,157,375.17707558537967,249.56705911753508
22,158,375.2174162739552,249.62016837026593
22,159,375.16384553641836,249.64488517193175
22,160,375.0655430149724,249.61214055630194
22,161,374.9649456478143,249.47388220157276
22,162,374.81992146416445,249.28708261100493
22,163,374.63376897394824,249.10722176601084
22,164,374.46309276482714,248.97731787004693
22,165,374.3762747537177,248.91991917123943
22,166,374.37858831852276,249.01411654535855
22,167,374.47143278177407,249.2306301494805
22,168,374.64604837290545,249.48465879763222
22,169,374.7917960452311,249.68438645940165
22,170,374.85120052284486,249.81341705208823
22,171,374.8007016369775,249.82823813282178
22,172,374.6471619345926,249.74417340863624
22,173,374.41833278665035,249.62413968886509
22,174,374.2137329328321,249.50878953529818
22,175,374.04083103478484,249.40235550943618
22,176,373.9401636468864,249.35501290945143
22,177,373.96613808438974,249.37066350155197
22,178,374.13683387968297,249.41032358953254
22,179,374.3295472810008,249.49061051764065
22,180,374.53263637935885,249.58151980951556
22,181,374.71085405394797,249.64229699261568
22,182,374.76142926287326,249.63357957020168
22,183,374.6713767884209,249.53233237361366
22,184,374.52195679666386,249.3967002383411
22,185,374.3332375698885,249.3148237434697
22,186,374.14322992706576,249.29486563575207
22,187,374.0006360585318,249.31747825718836
22,188,373.9062102853084,249.41196033247664
22,189,373.918753942007,249.55497046262502
22,190,374.0336062705348,249.72347083429543
22,191,374.2322498207183,249.87690558538415
22,192,374.46264391954,250.02137791243538
22,193,374.68523522083484,250.14615021888744
22,194,374.79602850922544,250.2239826169934
22,195,374.7709266327803,250.19697234648814
22,196,374.60689464956255,250.09123907019173
22,197,374.4011061304472,249.93761365358975
22,198,374.2241672965265,249.80209051216144
22,199,374.12588256455194,249.70141781174627
22,200,374.1092815275787,249.65663464176544
22,201,374.15890381187637,249.66753652781742
22,202,374.21748512461795,249.71958538711303
22,203,374.23899689599784,249.7662769160605
22,204,374.22081873869877,249.75820778153658
22,205,374.22082809219376,249.6855742286743
22,206,374.2426242436509,249.5974242466343
22,207,374.29861268824294,249.56066466422527
22,208,374.423355024124,249.5890334967356
22,209,374.58568179531676,249.67123872188753
22,210,374.7326659825627,249.78661649308506
22,211,374.8330866728003,249.9350221936654
22,212,374.9116835866269,250.07950208099638
22,213,374.8956655513572,250.15753168956294
22,214,374.79683361107766,250.179659967028
22,215,374.6662423919769,250.20494501545446
22,216,374.55751006587127,250.2470511739491
22,217,374.484886635615,250.3058564840734
22,218,374.4605206377114,250.3726700359225
22,219,374.45837319006813,250.4438454457348
22,220,374.4545345258909,250.4666891010993
22,221,374.4350428443491,250.3818220919641
22,222,374.3547529304027,250.22054546642016
22,223,374.27184174772987,249.98246224284563
22,224,374.22225671785196,249.70234550656053
22,225,374.2324768110671,249.4916111235872
22,226,374.328595884911,249.41294884533238
22,227,374.50972634440984,249.42017432748133
22,228,374.7528749899942,249.56778325113052
22,229,374.99075720808514,249.8394083498024
22,230,375.130892245379,250.0620434788877
22,231,375.15421026907757,250.1428931673244
22,232,375.0771900420271,250.06504534680366
22,233,374.9003958776331,249.81942054723666
22,234,374.6965368976074,249.46230038465052
22,235,374.52920130329244,249.12129092379215
22,236,374.43317811594585,248.8535792419341
22,237,374.3989072230468,248.70149894379162
22,238,374.4101872886194,248.69963990528063
22,239,374.4877013978047,248.78908846815614
22,240,374.59230063914305,248.90685242718757
22,241,374.6526275002365,249.04302908907454
22,242,374.68885052365795,249.1781358114731
22,243,374.70169145096406,249.2458600337616
22,244,374.67131638914947,249.2521837476115
22,245,374.61628809956113,249.21647472513547
22,246,374.57470661696965,249.1279974985649
22,247,374.50860897551024,249.0037988440702
22,248,374.4332465018058,248.89488678037026
22,249,374.3876190295916,248.81075199745018
22,250,374.3992358844531,248.76079694983136
22,251,374.4514445688242,248.79423674582162
22,252,374.559719641093,248.87593572153938
22,253,374.6786847097346,248.96899511363912
22,254,374.78138280888237,249.05805945805963
22,255,374.83562860938815,249.13677346187066
22,256,374.8382827771269,249.17097342764455
22,257,374.78546110943245,249.16228449500528
22,258,374.71648057557036,249.122931814889
22,259,374.6213781467558,249.0749290244182
22,260,374.5280084511223,249.02433030957948
22,261,374.4448778618883,248.96780465762453
22,262,374.4106847332519,248.8802011067673
22,263,374.4040166707484,248.79791977257287
22,264,374.41194839368194,248.7442129961225
22,265,374.42841493498435,248.73385929111578
22,266,374.47697695400706,248.74337198855923
22,267,374.52990636241316,248.76815446571695
22,268,374.6085782499414,248.80491394728256
22,269,374.7050328054478,248.85967577339028
22,270,374.7950576033725,248.88444407051176
22,271,374.85056849022845,248.88832186721223
22,272,374.83537356672633,248.92092770214603
22,273,374.75574918515997,248.95841084813244
22,274,374.68295251190165,248.94063516504116
22,275,374.6268421084005,248.90749933426417
22,276,374.57571807445555,248.87778392544726
22,277,374.5557673995233,248.82905023951233
22,278,374.57843663394175,248.77159946414886
22,279,374.61050940035744,248.74010834178495
22,280,374.6630193864938,248.70330855132528
22,281,374.7380635721097,248.67083863823356
22,282,374.79682233549653,248.67446688358984
22,283,374.82612754995273,248.6892225098037
22,284,374.8378525117496,248.70357919202354
22,285,374.810022818098,248.70736205035328
22,286,374.71962280569846,248.67274280595086
22,287,374.64311434755473,248.60312452771157
22,288,374.5950407417792,248.54517864225485
22,289,374.54274662958346,248.52295841074493
22,290,374.47331348642956,248.54754565312646
22,291,374.44701318769023,248.6158563595599
22,292,374.44837358232536,248.70825913177015
22,293,374.47605979054026,248.75985734766184
22,294,374.48019203674545,248.7346911321159
22,295,374.4751010534236,248.67827188181337
22,296,374.45112253509336,248.63921022586706
22,297,374.3826355234629,248.59589446479254
22,298,374.24988276658445,248.61250436073868
22,299,374.12026731242577,248.7126427796068
22,300,374.03257570188754,248.8455008846187
22,301,373.9734100528961,248.96805961506962
22,302,373.94547168710557,249.06026364374245
22,303,373.99439385296546,249.08579449929024
22,304,374.1132579311691,249.05970718193856
22,305,374.2264240366449,249.00767453484872
22,306,374.3041613510918,248.93211872309803
22,307,374.37133557940086,248.8914395710232
22,308,374.3864386291583,248.88772658074305
22,309,374.331782672761,248.8945678293193
22,310,374.2486878876695,248.8913076478133
22,311,374.1748398042707,248.8932863679597
22,312,374.0886322117592,248.88629647958967
22,313,373.99846100171675,248.88131615447907
22,314,373.9400801517844,248.86611473698642
22,315,373.9464275297956,248.8372187714036
22,316,374.0227478804009,248.79171512188367
22,317,374.1240408801161,248.72964948844742
22,318,374.2459724153097,248.6372841273628
22,319,374.38315678315496,248.56243329898285
22,320,374.48273543719836,248.53222434969007
22,321,374.5421770961047,248.5471539169722
22,322,374.6097037864127,248.62346569025473
22,323,374.65375250464604,248.7257680047381
22,324,374.6624706777182,248.81288750062305
22,325,374.6417668086428,248.8850589162618
22,326,374.58387944580755,248.92237455789186
22,327,374.5207686595753,248.90343826557333
22,328,374.4603896731243,248.87380213582975
22,329,374.3971084454946,248.848002572327
22,330,374.40273114367085,248.8118130259257
22,331,374.47444372614774,248.7904504078299
22,332,374.5334735744995,248.78359736330714
22,333,374.6464942081134,248.8091258193043
22,334,374.79142420022254,248.88503065578993
22,335,374.90016432193,249.0095321606078
22,336,374.98151025684206,249.15115965637327
22,337,375.06510160579813,249.26747645333973
22,338,375.059433831368,249.3202154219544
22,339,374.9911787993754,249.29174747364604
22,340,374.8745621342105,249.23180070857154
22,341,374.71094866621684,249.14883272192063
22,342,374.5590705457395,249.08046458276996
22,343,374.501989008747,249.01254764714747
22,344,374.47907195407873,248.97831303189744
22,345,374.5053429430329,248.95377714461543
22,346,374.58694753206174,248.92266204115126
22,347,374.67555558469275,248.90418617745033
22,348,374.71549204135096,248.92204241359235
22,349,374.7191826203899,248.9176641430839
22,350,374.680273146772,248.86600852501294
22,351,374.621415761668,248.79738468082837
22,352,374.5306013437648,248.6973253526684
22,353,374.45423040997656,248.60451000126702
22,354,374.4293357447913,248.53812673471978
22,355,374.4505168097419,248.50269191149508
22,356,374.4803259212015,248.49503252491974
22,357,374.51693082265064,248.51248235690824
22,358,374.521300985997,248.5454660590793
22,359,374.53151959797003,248.5967995516453
22,360,374.56275953801634,248.6473744109531
22,361,374.56855863685024,248.69047846347348
22,362,374.56476132739897,248.71869411296197
22,363,374.6034361386416,248.73313103431687
22,364,374.6531126253726,248.72812520767042
22,365,374.6627008012724,248.7335695309085
22,366,374.6965919366452,248.75469943273353
22,367,374.75526487415567,248.79441666317211
22,368,374.772188914912,248.82007886389707
22,369,374.7205583999911,248.8286795195472
22,370,374.6404744451983,248.79637950058222
22,371,374.56034441401636,248.74370069956953
22,372,374.4989592429282,248.6944706949978
22,373,374.4510630920376,248.65277183290112
22,374,374.42990288961994,248.6296553677209
22,375,374.441675433868,248.63098046820826
22,376,374.4553014424566,248.64488331138713
22,377,374.4508138372699,248.66877277733596
22,378,374.4442021061797,248.7032277057928
22,379,374.4210678526142,248.73422537071247
22,380,374.37070960762526,248.77234015555337
22,381,374.28971108209146,248.7651997703277
22,382,374.21014928118444,248.68971290390982
22,383,374.1584742882535,248.58306996314425
22,384,374.14992988431965,248.46551820513076
22,385,374.17511737566684,248.3380301841819
22,386,374.22707954126287,248.24832815851613
22,387,374.27566134596987,248.2144509394861
22,388,374.30653949740883,248.20540746565314
22,389,374.33382845335615,248.20123362039038
22,390,374.34931011969235,248.20572953309394
22,391,374.3530569029692,248.2163888347187
22,392,374.3144282147546,248.23609476846877
22,393,374.2548393871124,248.24891884637415
22,394,374.1491265650263,248.28413732091704
22,395,374.049337618397,248.33975373528006
22,396,373.964690721756,248.4054248247837
22,397,373.9245111669956,248.46462569096278
22,398,373.9194987000354,248.54024828532226
22,399,373.95223514627713,248.60925761319984
22,400,373.9777316030851,248.6506766801962
22,401,373.9914693977106,248.66609003627255
22,402,374.0015908972755,248.67150829131072
22,403,373.99752533076224,248.65827718081152
22,404,373.9785774396045,248.6427050660207
22,405,373.94356059073334,248.63254556240102
22,406,373.8813500412177,248.6279003992796
22,407,373.8002532327216,248.61443635684773
22,408,373.70437715201615,248.5953778360212
22,409,373.62536959437347,248.55787032745857
22,410,373.5784074814503,248.5184093982622
22,411,373.57169899680906,248.48830840376988
22,412,373.58183084224925,248.47526193500792
22,413,373.61413710806255,248.47278984610168
22,414,373.6523898159831,248.47476579561052
22,415,373.68818406854746,248.47065332078543
22,416,373.7253019813038,248.4643743174296
22,417,373.78426013140563,248.4682617495478
22,418,373.86598344959623,248.50463483483884
22,419,373.9421655570861,248.55646197090525
22,420,374.0041868491572,248.61605901979448
22,421,374.0482946824795,248.67906998654306
22,422,374.0933671070842,248.7370364492683
22,423,374.12953936699864,248.74374069529304
22,424,374.1631818692354,248.72059887543404
22,425,374.1928971114399,248.69901684009125
22,426,374.2215523925728,248.69114284994626
22,427,374.2315047859575,248.69003664340272
22,428,374.2331577529703,248.7146965706663
22,429,374.23293568838034,248.7573148070756
22,430,374.246381558826,248.79958800894985
22,431,374.28018615517703,248.83889132504083
22,432,374.3103714996919,248.87564437471767
22,433,374.3332280050972,248.90430620465511
22,434,374.3528529936018,248.92081601624747
22,435,374.3594834173233,248.92724132166717
22,436,374.3452214359833,248.90329868227437
22,437,374.32876380036197,248.8660451097352
22,438,374.3006099983469,248.83450523514426
22,439,374.2690428783948,248.81882584238193
22,440,374.2375239944352,248.80666343695998
22,441,374.2050745275237,248.7985445424942
22,442,374.18424753305004,248.76266548706573
22,443,374.17546259088715,248.71414310303084
22,444,374.1683811374282,248.66988232352756
22,445,374.17245514404675,248.6360055687222
22,446,374.1817209530156,248.62828407007655
22,447,374.1731672215356,248.64892462439698
22,448,374.13791833486243,248.6707316392937
22,449,374.08462772514457,248.68218782543644
22,450,374.0290364336796,248.69668483997367
22,451,373.9860766576842,248.70648554571196
22,452,373.9503287274397,248.71924477887984
22,453,373.93978016388195,248.7181304177445
22,454,373.9644339610193,248.69741547046033
22,455,373.9895101375609,248.65690752970227
22,456,373.9947912780495,248.60463302256755
22,457,374.00074068297,248.55964784947616
22,458,374.0042754294755,248.5376240737291
22,459,373.99524098270456,248.5393955435646
22,460,373.9806537967808,248.5483777538402
22,461,373.9638514913919,248.54689420994575
22,462,373.927101680651,248.517089077029
22,463,373.8860518624009,248.47240816167007
22,464,373.84547321775966,248.44108480854007
22,465,373.81358809339105,248.43495657418927
22,466,373.8115122234789,248.47788932183377
22,467,373.8415548826011,248.5340726045028
22,468,373.86908127920276,248.58203844077565
22,469,373.89702282329984,248.61362186703977
22,470,373.94215991559446,248.63188570773093
22,471,373.975697008557,248.62779280704865
22,472,373.9959680966186,248.63177411495752
22,473,374.0181606398783,248.6556567950598
22,474,374.0312780697053,248.68457207898786
22,475,374.01634588334105,248.69887258313653
22,476,373.9927110631272,248.68656680671427
22,477,373.9710929063263,248.6584695609488
22,478,373.97398174923137,248.59736259296798
22,479,373.98983538159035,248.5253538611075
22,480,374.0066208295912,248.47265142815877
22,481,374.0188030173026,248.44933518414393
22,482,374.0440285684408,248.45618305682527
22,483,374.0637033086467,248.50970398416703
22,484,374.09355171504643,248.58168933361668
22,485,374.1400267768335,248.65254783715176
22,486,374.18817522717507,248.70734988584715
22,487,374.2089698630281,248.7305125176381
22,488,374.1887626103054,248.7206555995357
22,489,374.1436895389472,248.69204474557955
22,490,374.1018004448438,248.6572096785368
22,491,374.0612899127136,248.62343790440522
22,492,374.0318693775775,248.60865835527372
22,493,374.02808790646293,248.62089872785538
22,494,374.04512681014205,248.65811951963218
22,495,374.0669445035792,248.70355868378917
22,496,374.1090712268006,248.76012287704143
22,497,374.15717558434187,248.8241252961229
22,498,374.2004367367705,248.88707390236465
22,499,374.2303585176976,248.93457511537423
22,500,374.23888140417216,248.9698032814223
22,501,374.2124032789183,248.98378372419248
22,502,374.16162376463893,248.9722052320331
22,503,374.10612205714574,248.94548653862597
22,504,374.04578794226825,248.91486780638232
22,505,373.9846038432727,248.88021776406404
22,506,373.94990682200915,248.85627235154604
22,507,373.94818342814784,248.84837901329496
22,508,373.97100979672143,248.8515827584868
22,509,374.02589877148534,248.87620171336152
22,510,374.0884792321951,248.91555163350174
22,511,374.13716199318594,248.95767991071742
22,512,374.1795943071498,249.00020605562239
22,513,374.2111965437858,249.0371072817154
22,514,374.2049258450996,249.041701113254
22,515,374.1789614223976,249.01956266846597
22,516,374.1496115085508,248.981042335832
22,517,374.10544241284623,248.92568584994467
22,518,374.04994806086523,248.85990238729963
22,519,374.0038702408133,248.8071175869888
22,520,373.96577188480364,248.77352309571253
22,521,373.9351017029815,248.74606023206604
22,522,373.9181532673861,248.7292371687691
22,523,373.91671623794053,248.732950796317
22,524,373.9299044585944,248.7469811680707
22,525,373.9725969395466,248.76314511854684
22,526,374.0675089068333,248.78846211274205
22,527,374.18035856899195,248.81623648392795
22,528,374.2803949836643,248.83290354712037
22,529,374.3638972910634,248.83239287682488
22,530,374.41808056088877,248.82122641891402
22,531,374.4181896772759,248.803205681489
22,532,374.40162735754404,248.78348243386546
22,533,374.3966189666806,248.77303876605794
22,534,374.4008441166414,248.77909636500397
22,535,374.4247245233348,248.80515745349848
22,536,374.4572300118942,248.8450274292599
22,537,374.4666208451861,248.88623793588468
22,538,374.42485351713145,248.9026670444346
22,539,374.36519203261355,248.89640848526867
22,540,374.2914466629305,248.86991034928528
22,541,374.2073585247016,248.82627079734684
22,542,374.13633690219893,248.7831053369318
22,543,374.1083153479621,248.76093280238717
22,544,374.08769752764186,248.74273944247457
22,545,374.06270544977565,248.71565564668563
22,546,374.03671749991145,248.68694631439368
22,547,374.0101852939954,248.6566645724306
22,548,373.9918048337654,248.6265297324479
22,549,374.00553781427556,248.61035868782923
22,550,374.06466509051154,248.60958060537848
22,551,374.1351064293455,248.6219438099843
22,552,374.2042165740403,248.63539444217858
22,553,374.2590680469028,248.6436182239056
22,554,374.2840931652238,248.63912751453444
22,555,374.267449123821,248.6276189730895
22,556,374.2415722296089,248.60637577539882
22,557,374.2228339753771,248.58465846453197
22,558,374.216045302323,248.57338181025574
22,559,374.21144982090664,248.57539008842696
22,560,374.2133578263135,248.58749461122682
22,561,374.22096754182235,248.60033932006195
22,562,374.21963478295993,248.6043530592492
22,563,374.20323246267003,248.59603172393273
22,564,374.1810258946371,248.58288621805565
22,565,374.1470107433946,248.5631908127022
22,566,374.0984929781362,248.54508263741792
22,567,374.0471257666108,248.53250680117895
22,568,373.9974813340661,248.51918558233928
22,569,373.9516977746534,248.50247024912971
22,570,373.9131592717319,248.48414541244034
22,571,373.88609398513756,248.4645309113621
22,572,373.87105411142954,248.45164928248235
22,573,373.8685993802974,248.453327098172
22,574,373.8842502187754,248.4837494536288
22,575,373.9060635613767,248.5317944371293
22,576,373.93803385946234,248.59793855748623
22,577,373.9748606891027,248.66678354201972
22,578,374.0131063582684,248.72264964589442
22,579,374.04599692608195,248.74989627224593
22,580,374.07625369505627,248.75918150640743
22,581,374.0928924377263,248.74511796869973
22,582,374.0974037457764,248.72067063390293
22,583,374.09268339045866,248.69654426911129
22,584,374.0797260321889,248.6730425945282
22,585,374.0698002781822,248.65118068988613
22,586,374.08054456380756,248.6412368888428
22,587,374.1013604499253,248.6332780253666
22,588,374.1260457047661,248.62748100274493
22,589,374.1487422433838,248.62433474193847
23,0,385.2371162231231,264.71311647158683
23,1,385.21641390886265,264.78570427789464
23,2,385.16604378074436,264.8414336943087
23,3,385.10668268482937,264.86969902830344
23,4,385.03079735943413,264.83075769533684
23,5,384.94430285250485,264.7737124422266
23,6,384.8675892779049,264.74176185441394
23,7,384.8176527650443,264.7444201387706
23,8,384.78110953970923,264.7694750245383
23,9,384.762047302212,264.7977835001007
23,10,384.7632246243305,264.82563018683703
23,11,384.76749362312097,264.8530521211339
23,12,384.78099984824564,264.88285075005615
23,13,384.79410916120963,264.8984672044575
23,14,384.79238513627007,264.9077748979401
23,15,384.787410146939,264.91391281774355
23,16,384.7980029692559,264.9200354911814
23,17,384.80245291778675,264.92251840531185
23,18,384.79737706321964,264.9237270874412
23,19,384.7862425629108,264.9231786947005
23,20,384.7706870373842,264.92600338082764
23,21,384.74961527987034,264.93920806009595
23,22,384.7458311072353,264.9760190124408
23,23,384.75208803438727,265.0346067003151
23,24,384.7738690605269,265.11242778001423
23,25,384.8160727131189,265.193586420924
23,26,384.8757830411267,265.26458704608336
23,27,384.93823958791364,265.30598885652756
23,28,385.0030253770047,265.3256925924447
23,29,385.0577738793571,265.32371596361435
23,30,385.0964986937521,265.3210181065552
23,31,385.1103650172582,265.33346456366166
23,32,385.1013559747443,265.35865710312714
23,33,385.0850608566101,265.38454629142643
23,34,385.06889503847736,265.392442800728
23,35,385.0493802117708,265.3698672488855
23,36,385.01539082929054,265.3063418194356
23,37,384.9787520394279,265.2225737843153
23,38,384.9395831236448,265.1273079629769
23,39,384.90825931544936,265.0332229679976
23,40,384.8755708329045,264.95935263254245
23,41,384.8606967795906,264.91302878368913
23,42,384.85045832584854,264.87830087482956
23,43,384.83333604612216,264.8547368287843
23,44,384.80934067269624,264.8532391475618
23,45,384.80160455036304,264.86629705414384
23,46,384.82884870025356,264.90259548257154
23,47,384.8605461439421,264.9540803208322
23,48,384.8987166316951,265.0203916083961
23,49,384.9266598861108,265.0978901800053
23,50,384.9369899681533,265.1767169679363
23,51,384.9177913954839,265.23658465665994
23,52,384.8898987732331,265.28619756555395
23,53,384.8514778895908,265.3193310912419
23,54,384.8238764245036,265.3364099726851
23,55,384.80666973435837,265.341967124969
23,56,384.788974597852,265.3398851047172
23,57,384.77073168072957,265.33376410204437
23,58,384.7336026985086,265.3104342357752
23,59,384.6780954425455,265.28532258238823
23,60,384.610876176153,265.26287945292313
23,61,384.5421060191804,265.2397079734675
23,62,384.4918364279423,265.21747872088594
23,63,384.4734189613224,265.2078545731939
23,64,384.4671620033944,265.1967885418043
23,65,384.470106381391,265.1848465288248
23,66,384.4640422849491,265.1795249402692
23,67,384.45190708269047,265.1774217235148
23,68,384.44710624423124,265.18091089405556
23,69,384.45992244578804,265.18423402404284
23,70,384.506752121198,265.1819487619984
23,71,384.5765367337988,265.1790035860911
23,72,384.6548583412968,265.17751952624326
23,73,384.7209041502505,265.1733787322308
23,74,384.7633078906262,265.17054737420386
23,75,384.7677920074306,265.16634713106913
23,76,384.7483073338783,265.15581400829336
23,77,384.71431076460703,265.1419172331416
23,78,384.68351079542936,265.12963278059476
23,79,384.6531513924114,265.1211843062761
23,80,384.6305415206997,265.1226026355342
23,81,384.62122250658496,265.12932938413894
23,82,384.6222813915105,265.136120761173
23,83,384.6252671710669,265.14445073207304
23,84,384.62056121226493,265.14641725839795
23,85,384.59785995609985,265.12985849272985
23,86,384.56810271405976,265.10439702794827
23,87,384.52761233136437,265.0800003186871
23,88,384.4831182930839,265.0616262797641
23,89,384.44940732679845,265.05122230755694
23,90,384.4245365827903,265.0591000237404
23,91,384.40151928783683,265.0746133102804
23,92,384.38681310476886,265.08895035297735
23,93,384.3941018393664,265.10401564212145
23,94,384.45333982457794,265.1301310975495
23,95,384.5402069776641,265.16158027095213
23,96,384.6428651277811,265.2022770315169
23,97,384.7460037546239,265.2487642417904
23,98,384.833491169008,265.2954080885943
23,99,384.86922162821566,265.33414304963844
23,100,384.8846397518484,265.36359832448835
23,101,384.8890401023391,265.3767639815207
23,102,384.89526374432825,265.37511798454733
23,103,384.8989411133603,265.3661398317711
23,104,384.90454783316574,265.34604328598016
23,105,384.9147562742985,265.31990129235544
23,106,384.9461255203749,265.28135560478296
23,107,384.9593594162113,265.25831142169335
23,108,384.95069704386856,265.24948834794935
23,109,384.9393062297769,265.25046240842795
23,110,384.92040097952975,265.2539750336794
23,111,384.88875277688646,265.27851982339115
23,112,384.9095877298363,265.3056301253412
23,113,384.98341146771975,265.3735769609775
23,114,385.0965348749598,265.48754928483277
23,115,385.1811302998206,265.6162931852406
23,116,385.203205829348,265.7220354574331
23,117,385.15427984471756,265.79345897964504
23,118,385.1099116276664,265.80120482751306
23,119,385.0778430074493,265.7359092620898
23,120,385.1424054749635,265.66384292124707
23,121,385.28302874668753,265.67142677318964
23,122,385.4697430843044,265.75357430123813
23,123,385.60919584504336,265.90468197817574
23,124,385.6834693688012,266.09017974789055
23,125,385.67682755007735,266.28036470791284
23,126,385.6470400178113,266.40773515130587
23,127,385.61568586545405,266.46092197387946
23,128,385.6020276960771,266.4343444994217
23,129,385.62420602150206,266.36669820881417
23,130,385.6304157376866,266.2533978581508
23,131,385.5817821216591,266.0890672121354
23,132,385.53879514137486,265.96336254007224
23,133,385.58446535473814,265.961205953695
23,134,385.7181025674421,266.0881480109246
23,135,385.9517171681141,266.3060208156857
23,136,386.25052387909307,266.56641491865065
23,137,386.51153211341,266.8041142775124
23,138,386.56940626136077,266.9002502116355
23,139,386.4263205287633,266.82765946150187
23,140,386.16471422481254,266.68478518412695
23,141,385.8631241744257,266.535761738127
23,142,385.59242173742024,266.3725656007389
23,143,385.46012810003646,266.2561485041563
23,144,385.5036942913201,266.2160324944375
23,145,385.66014560989794,266.19555702590975
23,146,385.8615320398428,266.24344294201353
23,147,386.00073830130924,266.3141401753514
23,148,386.0552981584433,266.3145652352877
23,149,385.9409128937386,266.2301153859947
23,150,385.6742908367885,266.09069343086776
23,151,385.32750326627723,265.8568926507525
23,152,385.0753817270418,265.60949125507074
23,153,384.9484186775441,265.4353227094222
23,154,384.9763656238254,265.3321688320833
23,155,385.11839640102903,265.3254311507814
23,156,385.3290584277237,265.411890736754
23,157,385.50469340767796,265.5198905067466
23,158,385.59860777452167,265.6018027169556
23,159,385.6039651554472,265.660098387383
23,160,385.54382148592623,265.6464257391756
23,161,385.4364992912707,265.5281530778335
23,162,385.27787419144914,265.36169418072643
23,163,385.0728172735343,265.2101715535341
23,164,384.92035841691404,265.10236752207965
23,165,384.8793039484683,265.0690502697726
23,166,384.96053886797347,265.15007119823355
23,167,385.1209381078419,265.3157439459176
23,168,385.37192457912,265.51708477435375
23,169,385.60056447243977,265.7097105838745
23,170,385.7127130980763,265.83851576182985
23,171,385.70014147476144,265.8944138431278
23,172,385.59822037777235,265.88862964473884
23,173,385.409717684626,265.8636537109226
23,174,385.18135267784595,265.8238052473056
23,175,385.03038117707837,265.7581210114763
23,176,384.9648521970677,265.7079501740187
23,177,385.00927467556016,265.69138737443683
23,178,385.1392788096276,265.6494082992118
23,179,385.3019092954928,265.6186039282502
23,180,385.42859182751374,265.5954331250372
23,181,385.48038657791636,265.53980323772106
23,182,385.4421195576081,265.4699125171878
23,183,385.32449222617606,265.3824626206032
23,184,385.13820550851995,265.2972940692493
23,185,384.9121359548755,265.2713536782588
23,186,384.6847922775707,265.28332947141627
23,187,384.44073906715005,265.35131206693245
23,188,384.25106517612437,265.48250225130033
23,189,384.19760115594727,265.6105504588949
23,190,384.274516161373,265.72089081859895
23,191,384.4800230517985,265.8383226364333
23,192,384.80320580715727,265.90529304276896
23,193,385.10685908401507,265.9463251895281
23,194,385.28149770221745,265.97622540155936
23,195,385.310926103867,265.98594376256307
23,196,385.21650032468153,265.9663611509817
23,197,385.037045259431,265.9109788744642
23,198,384.89082193651166,265.83276718719526
23,199,384.8786368316508,265.7773243063028
23,200,384.9444476114062,265.7529549401976
23,201,385.0450743340178,265.7497260542608
23,202,385.14251111222654,265.780561321076
23,203,385.1666667153201,265.8332407173097
23,204,385.106993943147,265.8624905133691
23,205,385.0505510021987,265.8613714549759
23,206,385.01918204843594,265.8494988093442
23,207,385.01879365631413,265.8381912096223
23,208,385.08933270314185,265.84406817510444
23,209,385.17205128542344,265.85485230611505
23,210,385.2412163969607,265.8719445303362
23,211,385.27773246404183,265.91211276994557
23,212,385.3206045004883,265.97169081568217
23,213,385.3338247279186,266.0063287105789
23,214,385.3032712342118,266.00378662337886
23,215,385.22299379896407,265.9967175619422
23,216,385.1362701348177,265.98727249751505
23,217,385.0622364745113,265.9608981958198
23,218,384.97955376729294,265.91265956985575
23,219,384.8871440922267,265.8892746873913
23,220,384.78767348981484,265.8462727884055
23,221,384.64848594397216,265.76058382972406
23,222,384.4670879857111,265.6587554607263
23,223,384.3134778573736,265.53887073371357
23,224,384.21724554929665,265.40876426691153
23,225,384.2212784914943,265.33215730855613
23,226,384.3333546569843,265.35808549985984
23,227,384.5583772746391,265.46293238885266
23,228,384.8625973851529,265.6514939083072
23,229,385.16271841747033,265.8936730839644
23,230,385.3663122990895,266.0827685960487
23,231,385.44819628449613,266.1129109173211
23,232,385.395587044305,265.9950543434029
23,233,385.21818495755355,265.76647898659354
23,234,384.97890139578317,265.4859335747998
23,235,384.7588773249995,265.2396773287919
23,236,384.62775388553507,265.0830720465637
23,237,384.59771032048394,265.014003522112
23,238,384.6685115805633,265.0321074782859
23,239,384.8297147355295,265.09781161818387
23,240,385.00938009352984,265.1775678937243
23,241,385.15547939259193,265.2570270799419
23,242,385.21174408214404,265.3199777549439
23,243,385.18135115170986,265.3319766367539
23,244,385.09314041390206,265.28877554777904
23,245,384.97296153503373,265.1931044057432
23,246,384.84735443374336,265.06539347009016
23,247,384.69771172569375,264.91381681923184
23,248,384.5589521089339,264.78461423392514
23,249,384.46504641134857,264.70814510713035
23,250,384.45671689187986,264.68407465601246
23,251,384.5137789243162,264.71697332943927
23,252,384.6662483582206,264.8058019902405
23,253,384.85230395533097,264.92005012995946
23,254,385.05833619486333,265.0486588825681
23,255,385.2125055473044,265.16003040915837
23,256,385.294352317036,265.2497394853564
23,257,385.2909493207412,265.3000627964354
23,258,385.2153537182996,265.29799462542854
23,259,385.0846374595133,265.23446750049425
23,260,384.9464621251684,265.1510880403397
23,261,384.8375145501381,265.06023232283616
23,262,384.79080431737304,264.95429290397584
23,263,384.8005528911848,264.86806400194786
23,264,384.8404420289063,264.81670622935553
23,265,384.9062468810542,264.82002041141817
23,266,385.0059154867409,264.87496026964413
23,267,385.095284073588,264.96838494327227
23,268,385.1816485288955,265.0824016546701
23,269,385.2617453753489,265.2022647590245
23,270,385.3212787503818,265.28841232807605
23,271,385.32880767769774,265.32106565175735
23,272,385.2829788855671,265.3424973684961
23,273,385.19290962448116,265.3706943192252
23,274,385.1019397262783,265.3991980997766
23,275,385.0198183515674,265.42647539953185
23,276,384.94319915551483,265.4401514145997
23,277,384.8971997728301,265.43314365427085
23,278,384.91032911681566,265.3962662079804
23,279,384.9461587308677,265.3357923972008
23,280,385.0119170682688,265.2666225994121
23,281,385.09778748996143,265.2153661584989
23,282,385.16550413056046,265.1917006554754
23,283,385.1733724938509,265.17739559764374
23,284,385.1528733095134,265.17045523711465
23,285,385.09964024440546,265.138697288859
23,286,385.05313351063705,265.0613689268241
23,287,385.03318756240014,264.9594514967218
23,288,385.04455378703693,264.85171505383755
23,289,385.06841213698084,264.7579379303098
23,290,385.10573333645885,264.71811626865826
23,291,385.12609662762276,264.7434788619128
23,292,385.1568494449807,264.8032593202531
23,293,385.2141047025898,264.86140702051694
23,294,385.2143202103067,264.87625669425813
23,295,385.1613108840677,264.86103832177304
23,296,385.0870852107403,264.84428091585613
23,297,384.98548450272654,264.82179338676883
23,298,384.8705219490081,264.85295748135
23,299,384.8016803682149,264.94838902634933
23,300,384.78469751948745,265.0539269622778
23,301,384.7842297476439,265.13592558029876
23,302,384.7879041737278,265.19422304185406
23,303,384.7872692144698,265.1923678913329
23,304,384.7875086435893,265.14452964115435
23,305,384.7751053798553,265.0801540697212
23,306,384.7462636863396,265.01074922669216
23,307,384.734159178861,264.9588281166509
23,308,384.7270389058202,264.93611773401585
23,309,384.72631396758175,264.94969507483944
23,310,384.7554802858602,265.00630930300156
23,311,384.79716149502985,265.09042175455573
23,312,384.81039369842006,265.17228043166614
23,313,384.79857802729066,265.24449275237976
23,314,384.7850665366143,265.282340718881
23,315,384.74341050336096,265.2628306532408
23,316,384.7314936503208,265.1899091237315
23,317,384.75298201081284,265.1131036829399
23,318,384.8378564056525,265.0236808678327
23,319,384.9362720190956,264.9328895325584
23,320,385.0150938574705,264.8707525040992
23,321,385.08047671819986,264.8669822578674
23,322,385.1618660324576,264.9297435890063
23,323,385.20591393175164,265.0284147755274
23,324,385.24120845065306,265.15455136725956
23,325,385.30304774303363,265.29962607363717
23,326,385.34824046783194,265.42662051623637
23,327,385.35258967318305,265.4699463464
23,328,385.36212386357863,265.48224766023435
23,329,385.3778488379375,265.48840953865283
23,330,385.39385651757834,265.47213840450553
23,331,385.39762872462575,265.43841952030004
23,332,385.4037161407368,265.39966782409516
23,333,385.42863138576183,265.36154541291694
23,334,385.4786465204293,265.3550478231678
23,335,385.52848202091025,265.3852613994016
23,336,385.5933313115141,265.4479824677276
23,337,385.68654931330997,265.53684024781916
23,338,385.71054917562606,265.6252223893278
23,339,385.6664165793464,265.6431288133107
23,340,385.6270846788251,265.6362031326841
23,341,385.5985095438304,265.6194793641041
23,342,385.5593786582901,265.6041605598945
23,343,385.5327619014714,265.5649013453246
23,344,385.5039978854408,265.5518823268569
23,345,385.4645083204185,265.5353083270369
23,346,385.4477246411825,265.51097094756966
23,347,385.4432001574389,265.4988685214112
23,348,385.4896657688183,265.52420849919974
23,349,385.5460013048332,265.53691807093116
23,350,385.58142102915525,265.5284848577666
23,351,385.5565460520583,265.50814103229123
23,352,385.46560595734553,265.4526721516305
23,353,385.34531606600405,265.3926661444952
23,354,385.25220402347554,265.35297193604936
23,355,385.1982309394696,265.33150287166
23,356,385.1740466611337,265.31119679094894
23,357,385.1881358218644,265.29320330566094
23,358,385.1886707472831,265.26304448624114
23,359,385.16381246387596,265.2329709691799
23,360,385.1317639164403,265.18568936563065
23,361,385.0757260499398,265.1303465157326
23,362,384.9880226162665,265.0757249633979
23,363,384.93302192504655,265.03393703194513
23,364,384.9218444210797,264.9989040556851
23,365,384.9098984894957,264.9997381318862
23,366,384.9459757259787,265.03171727431464
23,367,385.0243509782921,265.090167664643
23,368,385.0732022407903,265.1364331257431
23,369,385.0524781829992,265.1603004578137
23,370,384.98766101746793,265.16207148648533
23,371,384.905284606557,265.1483207171451
23,372,384.83873384732595,265.1188341926112
23,373,384.7997764384153,265.09044075449947
23,374,384.8261777949074,265.07096550389554
23,375,384.89136986198383,265.04496209692326
23,376,384.9653652390952,265.01814626489806
23,377,385.0324532831527,264.99496749870576
23,378,385.0810631770837,264.9853416679772
23,379,385.0788824538296,264.99264230740476
23,380,385.0211436409865,265.02639282045135
23,381,384.9303304464516,265.0322047734866
23,382,384.86882683594297,265.0202626871721
23,383,384.8268111067416,265.00115900731817
23,384,384.8181537581167,264.9700663327233
23,385,384.8633982100206,264.9207077080027
23,386,384.94424209256994,264.89497649838495
23,387,384.9993317199676,264.8925033727148
23,388,385.0374918596395,264.8966847668762
23,389,385.07567768296894,264.8900215430099
23,390,385.080094392092,264.879131846548
23,391,385.03980450608805,264.8816539890522
23,392,384.9488294316195,264.8905522601386
23,393,384.84305814275024,264.89778734113037
23,394,384.70952571909146,264.94206441500495
23,395,384.6005431471178,265.0126664275292
23,396,384.5078938666206,265.0803342788722
23,397,384.434657768543,265.1399422765126
23,398,384.38815512093936,265.20828898092583
23,399,384.37156583080736,265.2601220970265
23,400,384.3542889129896,265.2878216897869
23,401,384.3487865608941,265.29540547339747
23,402,384.37180870959793,265.2903961522725
23,403,384.384378523325,265.2682922322701
23,404,384.3710896772374,265.23418148141093
23,405,384.3386352190287,265.1890943904586
23,406,384.2699739818889,265.11740985036505
23,407,384.16629228245745,265.03715619681157
23,408,384.0492493420002,264.95606583704875
23,409,383.9552222188213,264.86792703739565
23,410,383.8825866357314,264.78572389857237
23,411,383.84130129279504,264.7413601571253
23,412,383.82634787654695,264.709267443239
23,413,383.8479079810469,264.6784342410299
23,414,383.8839462361516,264.65135001333033
23,415,383.93455964738433,264.62882528015564
23,416,383.9963529607287,264.6097054181148
23,417,384.07301648366985,264.60846778015315
23,418,384.16818928189304,264.64406022618016
23,419,384.2509479467115,264.6952461214284
23,420,384.31597353801027,264.7499850318626
23,421,384.375409934347,264.8047176375094
23,422,384.44652846890784,264.8513863671976
23,423,384.4987488403481,264.83906517336777
23,424,384.53992906310094,264.7901412415615
23,425,384.56661966009585,264.73659110030957
23,426,384.5850509130872,264.69863101092767
23,427,384.58164350719136,264.67981788040214
23,428,384.567781524343,264.70276084934534
23,429,384.5582233840567,264.76408774048963
23,430,384.5748263816814,264.8508083853604
23,431,384.60521934173806,264.9304272325198
23,432,384.62577708080903,264.99641982806014
23,433,384.642361672779,265.0489054938736
23,434,384.66526443147353,265.0797166155422
23,435,384.6683076299409,265.0884972694358
23,436,384.65147649631734,265.07637887143954
23,437,384.6238169713366,265.0330755057154
23,438,384.5783696446419,264.9885006639398
23,439,384.51958652129315,264.95593634201197
23,440,384.4787539355918,264.92500568686285
23,441,384.44043784915067,264.88999588418085
23,442,384.4160427928159,264.8500989657578
23,443,384.40708440823676,264.8088494107649
23,444,384.41764094376646,264.77486552382175
23,445,384.4396082921814,264.7544205414476
23,446,384.4908908363508,264.7702982954322
23,447,384.53868066696526,264.8156857337864
23,448,384.5607215693886,264.85853102267964
23,449,384.5498544588001,264.89327016105386
23,450,384.52991567133233,264.92786545388145
23,451,384.4926068867621,264.95702587835217
23,452,384.4479292602923,264.9854952785353
23,453,384.41981902368525,265.00863911271404
23,454,384.4207629365916,265.02751878040755
23,455,384.4253864439332,265.0323332516449
23,456,384.4288783491732,265.0151840279668
23,457,384.44505934279,264.9866989642865
23,458,384.4699580976869,264.96561921814623
23,459,384.49519661971294,264.9472692575447
23,460,384.50646856659915,264.9224472144462
23,461,384.5166353917502,264.8967345518169
23,462,384.5217907815705,264.86852019047797
23,463,384.5178678037526,264.82763403781854
23,464,384.5028615210135,264.7925132204796
23,465,384.48606534955854,264.76912855811577
23,466,384.47615747781504,264.7585596069454
23,467,384.47044392496537,264.75619529735127
23,468,384.45389658119717,264.74318881228737
23,469,384.4380261702543,264.7258206952062
23,470,384.44784002984005,264.7045489168124
23,471,384.4474343812056,264.6871204028677
23,472,384.4391510909382,264.67638573332874
23,473,384.4494090038699,264.6899081275455
23,474,384.46093995974155,264.70341427017723
23,475,384.43975966676635,264.70868117633023
23,476,384.41187909290903,264.700265337177
23,477,384.38578295084807,264.6860015726518
23,478,384.36676948893563,264.6564814939513
23,479,384.3483942455602,264.6202833321179
23,480,384.3287115042702,264.59409802837797
23,481,384.3109865941898,264.5755449014624
23,482,384.3187161448758,264.5623466902237
23,483,384.3337486161023,264.57209481192393
23,484,384.3641778857052,264.5937377171782
23,485,384.42020856814946,264.62231654199496
23,486,384.4814707974775,264.6490101968235
23,487,384.5122709253417,264.6631866101604
23,488,384.5119712667834,264.6623752459112
23,489,384.49130178086125,264.65449853650745
23,490,384.4590151892106,264.6456870401312
23,491,384.4182617627724,264.6375383436845
23,492,384.3823400582087,264.6460016201468
23,493,384.36013713120445,264.67623063955097
23,494,384.35878579091667,264.73354339981984
23,495,384.37751289120513,264.80453351251464
23,496,384.42709325756977,264.88656487396383
23,497,384.49359084781514,264.9685723457954
23,498,384.56384401903466,265.0438269075169
23,499,384.6169375389192,265.0972095599934
23,500,384.64634870311727,265.1239967809642
23,501,384.6458491360719,265.1315450746501
23,502,384.63377550303153,265.12074659453134
23,503,384.61051077464214,265.09830968890265
23,504,384.5784292652855,265.0696220772821
23,505,384.54275315253375,265.04492961871875
23,506,384.514767017481,265.0293796680255
23,507,384.4972314010917,265.0361993680644
23,508,384.5114984814612,265.0606647695171
23,509,384.5416878319487,265.08875181667395
23,510,384.56446548439857,265.11424675937263
23,511,384.58566383986107,265.13589853803467
23,512,384.60227458615236,265.1473267663101
23,513,384.60448069805227,265.1487636395468
23,514,384.60462174022535,265.1556648158603
23,515,384.6117572077663,265.1564487180574
23,516,384.60267993467653,265.1417032804424
23,517,384.56842199712537,265.105623700161
23,518,384.5070799111885,265.0560555875997
23,519,384.42626025718846,264.99018466571243
23,520,384.34161522279487,264.9298920301716
23,521,384.27827525522275,264.8831859349121
23,522,384.23636091184324,264.8534003999055
23,523,384.2164744951165,264.82926938284265
23,524,384.2215855242566,264.8150100512783
23,525,384.26036651917616,264.8153748257463
23,526,384.35122172820166,264.8630462187221
23,527,384.46556673809454,264.9523948471785
23,528,384.58052754683524,265.07232733811975
23,529,384.6679060676068,265.19369746632265
23,530,384.7208464212513,265.30270033339826
23,531,384.7140950588826,265.36367478874996
23,532,384.68717435958604,265.38483902137114
23,533,384.6714416577895,265.38653220127776
23,534,384.68541423392634,265.39259298761687
23,535,384.71429182619244,265.41453462921555
23,536,384.74802059844683,265.445655802167
23,537,384.76755572439265,265.464782689602
23,538,384.7553271292228,265.4423775051554
23,539,384.7244313686979,265.39491044256164
23,540,384.68386148054685,265.32049148110525
23,541,384.63986577789433,265.2350624906548
23,542,384.60237517563513,265.16465133616475
23,543,384.5756913034448,265.1269797891377
23,544,384.5475410938061,265.0944855905263
23,545,384.5084743501016,265.0535373620519
23,546,384.46778500915656,265.00510212514945
23,547,384.42269205221,264.95217270010386
23,548,384.38993214970424,264.90011086115453
23,549,384.3863655889047,264.86222447497516
23,550,384.43812098496807,264.8373436258731
23,551,384.50048391970074,264.8228590804537
23,552,384.57322129820585,264.8142254161909
23,553,384.6400513104389,264.8103418357127
23,554,384.683755995327,264.80935084178617
23,555,384.68365063169745,264.8207448015461
23,556,384.6727933406442,264.837507543882
23,557,384.65896968814496,264.8487946251138
23,558,384.6495007806165,264.85743517096716
23,559,384.632312302736,264.8662998587597
23,560,384.61342789587286,264.8730045062705
23,561,384.604020863483,264.8703009881743
23,562,384.60591663098506,264.8537497012972
23,563,384.5959712955019,264.83024060569375
23,564,384.5805805695503,264.8006320998265
23,565,384.5539843308159,264.76855024254775
23,566,384.5173904772033,264.74437816644405
23,567,384.4651073606123,264.7377394461652
23,568,384.4164898501624,264.73763445215945
23,569,384.3807368463582,264.7422785919356
23,570,384.3621839948772,264.7438174811659
23,571,384.34825428322534,264.7394863614347
23,572,384.33774630291856,264.7348249082584
23,573,384.3332061531427,264.7333156387434
23,574,384.3454421457372,264.7263054963928
23,575,384.36925680618106,264.72782377098036
23,576,384.41204621854797,264.7373376341594
23,577,384.4701822485517,264.73858504983366
23,578,384.5324891985786,264.7352838706707
23,579,384.5836853539081,264.7371222707157
23,580,384.61973285365,264.7332495693548
23,581,384.62690116301474,264.7250044608106
23,582,384.6131138900616,264.7250884478317
23,583,384.5916871908331,264.72639117555326
23,584,384.5674820701567,264.7239573990362
23,585,384.56682429458976,264.73687968128746
23,586,384.6429130708541,264.8069255565711
23,587,384.7455440881757,264.89762309478107
23,588,384.8503074362121,264.98934968015857
23,589,384.947337254994,265.07445534716203
24,0,390.712771391702,277.4022051108137
24,1,390.721956584477,277.48615382967637
24,2,390.7181878478612,277.5576658216606
24,3,390.7397662958553,277.61170790520964
24,4,390.8127707310537,277.61211475813417
24,5,390.80306362721626,277.56939164731745
24,6,390.76912401514585,277.53994226211483
24,7,390.74480662630526,277.5381545201816
24,8,390.71063691301157,277.5498783414029
24,9,390.6789418003739,277.56969608255383
24,10,390.65473373999475,277.6019715382127
24,11,390.6282263153808,277.63202002501157
24,12,390.6161145359696,277.660422134361
24,13,390.62331840952834,277.66950012515065
24,14,390.6318836740042,277.6649699137874
24,15,390.65693699872645,277.64632385185905
24,16,390.7025114379061,277.62445040789305
24,17,390.7334580909366,277.6034343138583
24,18,390.7408264586141,277.58632683717485
24,19,390.73002017129596,277.569340833879
24,20,390.70777057278536,277.54957579163494
24,21,390.6782396914483,277.5424607625007
24,22,390.6783163952365,277.5706326500997
24,23,390.70542322138465,277.63424087998305
24,24,390.7606977567864,277.71924309725165
24,25,390.84828578150945,277.8150755459873
24,26,390.96814353847475,277.9041556582714
24,27,391.1058438679984,277.9588512609617
24,28,391.2476411449083,277.9891675684827
24,29,391.37657648922846,278.0052498304541
24,30,391.4748441251352,278.02242790339784
24,31,391.52386854780576,278.0554396414411
24,32,391.5198278227617,278.1028442890247
24,33,391.4933842975935,278.14661064246104
24,34,391.4723318950162,278.16663074709794
24,35,391.4558253811016,278.15995233126347
24,36,391.4436478088354,278.1207824627265
24,37,391.43646033055137,278.06215328343353
24,38,391.4249363848386,277.99496307830674
24,39,391.4064971108792,277.93186177478094
24,40,391.3804893313444,277.8804723567416
24,41,391.3630989916041,277.8425146487451
24,42,391.3471512138997,277.8099841223766
24,43,391.3279987850439,277.7861835306103
24,44,391.297123628112,277.78209701595864
24,45,391.2649381388946,277.78952863875776
24,46,391.242624364795,277.7928032702916
24,47,391.22834301877975,277.8039944205837
24,48,391.22194980910086,277.82717604119887
24,49,391.21246821266215,277.8683965583114
24,50,391.2023697256604,277.91277944138966
24,51,391.1838449321232,277.9609629072055
24,52,391.1494501388186,278.00567432738706
24,53,391.09761812361415,278.0387807659957
24,54,391.0503204935216,278.0532569404424
24,55,391.0086607345498,278.06244102690164
24,56,390.972609372032,278.07186641357936
24,57,390.95070000588106,278.08033507836393
24,58,390.9474368763167,278.0762746187053
24,59,390.94844024062627,278.07161940287716
24,60,390.94446913432836,278.0668049453916
24,61,390.938998213952,278.0577097499089
24,62,390.9411596403155,278.0419338004871
24,63,390.9485038010443,278.03542192384384
24,64,390.95065434719425,278.02660451909986
24,65,390.95834130138525,278.0154599939272
24,66,390.9483805599542,278.01628024144156
24,67,390.9295442537274,278.0244575889766
24,68,390.91113645642315,278.0359111195057
24,69,390.90991243820145,278.050298373002
24,70,390.94293646008384,278.0614823317851
24,71,391.0131846387796,278.06968154647103
24,72,391.0882090915956,278.0809847770116
24,73,391.1507870928479,278.0902350166369
24,74,391.1886509843603,278.10427084421997
24,75,391.192364643489,278.1205426120959
24,76,391.1659432560419,278.13326411035257
24,77,391.1277264021015,278.1413431832173
24,78,391.0893201082044,278.144675654669
24,79,391.04891767585684,278.14137181957034
24,80,391.0047178384974,278.13798715228745
24,81,390.9632161814357,278.1264789415551
24,82,390.9170179274934,278.09291763708717
24,83,390.88531483781406,278.05902621165814
24,84,390.867340662424,278.01713152049314
24,85,390.85542765102554,277.96671401311664
24,86,390.85354380144497,277.9182844579635
24,87,390.8665191709667,277.8904076801721
24,88,390.86728806165513,277.8700195667538
24,89,390.85850680278287,277.85676171812037
24,90,390.83145645618913,277.84858760329786
24,91,390.7944377418462,277.8432331791446
24,92,390.75901346603183,277.83723942667734
24,93,390.7368809980698,277.83578621899
24,94,390.74623956300286,277.85081490928746
24,95,390.7937881441922,277.8766393555271
24,96,390.86475989200727,277.9098591817559
24,97,390.94103735230135,277.94934589023774
24,98,391.01125901032094,277.98948141951485
24,99,391.05571758571597,278.02346707287205
24,100,391.07847895626827,278.05465900982915
24,101,391.08701842574635,278.07576142246285
24,102,391.09643171489006,278.082861637697
24,103,391.1049054440528,278.0791509971637
24,104,391.1186243697381,278.0598835158659
24,105,391.1400322404753,278.0320946108573
24,106,391.194437400619,277.9912385289632
24,107,391.2434428019229,277.96647840593727
24,108,391.27452167310247,277.9628459861556
24,109,391.29838849893775,277.97176374554243
24,110,391.3102069986242,277.980611043312
24,111,391.29817976448106,278.00500268869945
24,112,391.31612712491193,278.0303533004331
24,113,391.3936157551127,278.08174026614876
24,114,391.4952396889607,278.15210752625393
24,115,391.5750004559984,278.22822170151886
24,116,391.6120631485754,278.29821363550985
24,117,391.59174614157655,278.33938740420353
24,118,391.5070026311618,278.341957010564
24,119,391.4230324728786,278.3024143470344
24,120,391.4140366192985,278.27331914132856
24,121,391.46449326225815,278.3105338806979
24,122,391.54680069599186,278.4138048407559
24,123,391.6437459823392,278.558517255938
24,124,391.7263546722724,278.70081280071815
24,125,391.7587291385097,278.8276327995788
24,126,391.775113650664,278.88834971831653
24,127,391.82451234640183,278.87652053384204
24,128,391.9137182125881,278.79380106769406
24,129,392.02609616369796,278.68735952093715
24,130,392.12498180251674,278.5657137501343
24,131,392.16299178714684,278.47626796051037
24,132,392.15075213830306,278.46802209993547
24,133,392.16075549802594,278.5660817818626
24,134,392.1941415640377,278.7531801324277
24,135,392.27328108894676,278.98041867504736
24,136,392.401397438733,279.17047416109875
24,137,392.5400710442297,279.30735563362697
24,138,392.57520110831314,279.34782265043697
24,139,392.5137746548982,279.2909964736856
24,140,392.382733670707,279.1961935975584
24,141,392.2183616033236,279.11360091570344
24,142,392.04547479883,279.0263552762772
24,143,391.9397393466021,278.9567764016822
24,144,391.92726731457236,278.94671819327124
24,145,391.95006403620886,278.95527633396404
24,146,391.9795780238539,279.0029243455115
24,147,391.9701255874046,279.08347727677943
24,148,391.9264766391166,279.15127956220414
24,149,391.79635343801374,279.1587607294928
24,150,391.639720483341,279.09555866813025
24,151,391.49976134565225,278.9269059393904
24,152,391.44002381870087,278.68758453859374
24,153,391.42316755820565,278.46894809034046
24,154,391.4685520445372,278.3191442090328
24,155,391.54889284990827,278.3099845822656
24,156,391.6549368179944,278.4382653137121
24,157,391.7459743349764,278.63188767272317
24,158,391.8217140899473,278.8000361827071
24,159,391.8791039157282,278.90626884059907
24,160,391.9087095968655,278.8828766735367
24,161,391.88016328002004,278.7379975328696
24,162,391.79393628250557,278.5375869251239
24,163,391.64428412604553,278.36505326676985
24,164,391.5047023464737,278.2624483490521
24,165,391.4451211863593,278.2610205053624
24,166,391.46258124597904,278.33627938981505
24,167,391.5398080083611,278.46513329990785
24,168,391.6705175028627,278.6171547229417
24,169,391.77436800029386,278.7787994613598
24,170,391.7858711338285,278.88723972747135
24,171,391.7266530375871,278.9281659492215
24,172,391.62057569324753,278.90050828955265
24,173,391.48616452145484,278.83833799991436
24,174,391.3624663669343,278.7405973897336
24,175,391.30919055857737,278.64832683935384
24,176,391.3290190501922,278.5985695722035
24,177,391.4279696354268,278.59810869655826
24,178,391.62741638091353,278.58663984402017
24,179,391.8267083603556,278.599553847742
24,180,391.97831469259205,278.6171949703734
24,181,392.0532252061022,278.625123705331
24,182,392.0328333812189,278.6286736389984
24,183,391.92118286046275,278.6153572983769
24,184,391.7497329615919,278.55712972131994
24,185,391.54985776003997,278.50461050110073
24,186,391.38741381076807,278.45383937451174
24,187,391.2874091640428,278.44751913641045
24,188,391.24192284571427,278.49418407396473
24,189,391.31759678828234,278.54548887375665
24,190,391.50848916236737,278.59815937001355
24,191,391.7306796878779,278.69547354161875
24,192,391.95966517081445,278.7851785627156
24,193,392.137555568579,278.85977196115107
24,194,392.21539258358376,278.94059806970296
24,195,392.1883128299713,278.9796703726314
24,196,392.1006893695527,278.9629114121328
24,197,391.96192942004313,278.87677383116517
24,198,391.84073169407674,278.76177556992303
24,199,391.80475165679024,278.676423931026
24,200,391.8207199468876,278.64154536500416
24,201,391.88936492851343,278.6428834739505
24,202,391.95351544493167,278.6971407307594
24,203,391.9560904263812,278.7935788189358
24,204,391.872674951141,278.88761669485797
24,205,391.73929255115013,278.95741020653196
24,206,391.5988428074011,278.9961672291007
24,207,391.53211946044536,279.00890013974026
24,208,391.56003356505465,278.9834009179485
24,209,391.6489634180341,278.92494266336865
24,210,391.77618549493786,278.88195283482406
24,211,391.89382221930924,278.87665071172523
24,212,391.9765274778874,278.9019543216888
24,213,392.0153130371658,278.9743890424285
24,214,392.01821934339074,279.07118924716474
24,215,391.9741891921296,279.19452952518503
24,216,391.90051222249303,279.3135075272373
24,217,391.8158529871558,279.4142909152361
24,218,391.72386910552524,279.47019514084735
24,219,391.5994278327883,279.51382477005325
24,220,391.4537185673192,279.5024660116334
24,221,391.30953954729654,279.43720300693946
24,222,391.1859322080476,279.34003755429495
24,223,391.09689433446584,279.21066081452227
24,224,391.0696230235768,279.0642214974071
24,225,391.1410418678114,278.96400132931905
24,226,391.2602602884424,278.92507606449294
24,227,391.41315296231323,278.950247732795
24,228,391.5934398703233,279.05332208001505
24,229,391.7794798321403,279.1680264939913
24,230,391.9190154150126,279.2107952581074
24,231,391.98138733599865,279.15013806713637
24,232,391.9545605830717,278.9632053205823
24,233,391.8524471215418,278.6758101291836
24,234,391.6702415755929,278.3776921732027
24,235,391.45853106140237,278.1242184150559
24,236,391.2985957202881,277.9429979392852
24,237,391.22295877930236,277.849881070832
24,238,391.2199160579102,277.82415402331526
24,239,391.29761003920385,277.84441666071814
24,240,391.4157691827895,277.886259609675
24,241,391.5270589377126,277.93388623797773
24,242,391.57760029293075,277.956139261016
24,243,391.56376915811154,277.9342028580119
24,244,391.51435115028585,277.8658906355663
24,245,391.44141803842507,277.7406520570985
24,246,391.3647157075224,277.58302833264213
24,247,391.27254995996805,277.43649351274837
24,248,391.2047382605418,277.3298775719696
24,249,391.16684916993154,277.2896746072958
24,250,391.2021750403941,277.3306360117778
24,251,391.2787268551893,277.4187729914954
24,252,391.40606623854825,277.53532561900835
24,253,391.5277161803803,277.66832395845
24,254,391.6378746464502,277.777385351699
24,255,391.69373681522893,277.84866077753
24,256,391.69682199817584,277.90684871158567
24,257,391.63809945750234,277.9454853061165
24,258,391.54315622892284,277.9637039926814
24,259,391.4363782056784,277.9374245574535
24,260,391.340677664015,277.88391388341506
24,261,391.2789675055935,277.820282863651
24,262,391.2937486776953,277.7406829454932
24,263,391.36985021285903,277.657526654642
24,264,391.4575618734417,277.60151716785055
24,265,391.5318279473585,277.5889567893661
24,266,391.6005149326084,277.6241127555914
24,267,391.6323362123792,277.69508909996
24,268,391.6402521321504,277.78450258532234
24,269,391.6566727601279,277.8790905294438
24,270,391.67557326818434,277.95614670110587
24,271,391.69228137876183,277.999419237849
24,272,391.6910010252739,278.03355222706324
24,273,391.67456428989277,278.06888472880144
24,274,391.61195918537175,278.09634806335094
24,275,391.5456271059442,278.12395746299677
24,276,391.4835852369268,278.1230642947521
24,277,391.4507268638974,278.09954329369185
24,278,391.4361357141227,278.0472766770968
24,279,391.46150333829803,277.97251164660986
24,280,391.4853054191726,277.87416497301575
24,281,391.5093237935312,277.8070268630947
24,282,391.5087167111396,277.77134592174036
24,283,391.48690872406104,277.75764381448
24,284,391.4492814886029,277.7517472622148
24,285,391.41673712854174,277.7433663322407
24,286,391.39383294026203,277.6962455856627
24,287,391.4064487188724,277.61650330120995
24,288,391.43902146394373,277.5135040496353
24,289,391.4880359934949,277.4105431061795
24,290,391.55796494852154,277.3411493600348
24,291,391.620724879408,277.32233974447456
24,292,391.65469759872894,277.32736676591423
24,293,391.67975728473243,277.3346035288594
24,294,391.66481433396655,277.33164540561745
24,295,391.5924510109127,277.3125803857532
24,296,391.50228523994457,277.283892146598
24,297,391.4280676740936,277.27327716616236
24,298,391.3749780347477,277.3398842131541
24,299,391.36523571975295,277.4653810020858
24,300,391.40010495845274,277.60419874605896
24,301,391.4409124440788,277.73484016536736
24,302,391.4698271615493,277.8368995697699
24,303,391.48745612885574,277.8608089636245
24,304,391.4953551214788,277.8452337643106
24,305,391.49430450801657,277.81032730529745
24,306,391.48574643465054,277.7648100284606
24,307,391.4760474560887,277.7308217297081
24,308,391.4798596306971,277.72203671235434
24,309,391.4939953140845,277.7338116086393
24,310,391.5342502679585,277.7648099157236
24,311,391.59469620619944,277.8167450152811
24,312,391.6519841105246,277.8753754986305
24,313,391.67028815077003,277.9384842038242
24,314,391.67656398499366,277.982262479026
24,315,391.6531543173181,277.9934109688269
24,316,391.61925981793667,277.96317707602316
24,317,391.572748159477,277.9151170274245
24,318,391.54853626495634,277.84470418481754
24,319,391.52845647989574,277.7497560241482
24,320,391.49615647498575,277.678897423945
24,321,391.46185005540417,277.6648924978253
24,322,391.4622732394756,277.72037424933694
24,323,391.4919872512573,277.81261808607263
24,324,391.55351210001396,277.92267723173234
24,325,391.65178005082487,278.04355456942255
24,326,391.7557083041483,278.1507494408159
24,327,391.8409032014123,278.1940332159667
24,328,391.9014800773693,278.2144915603244
24,329,391.9335844138469,278.2543811810305
24,330,391.9438810282509,278.283564784244
24,331,391.9174361863845,278.2933470801618
24,332,391.8667017038378,278.2807197323231
24,333,391.8213298120478,278.23543067680237
24,334,391.81820785509865,278.1974334180866
24,335,391.8277611349868,278.18547793211786
24,336,391.86882483028455,278.1945158475138
24,337,391.9505728476559,278.2354040209091
24,338,392.0113591175677,278.2965328650234
24,339,392.0267674746257,278.3289344331734
24,340,392.0483351153644,278.34461467316413
24,341,392.0637665963465,278.3591582470181
24,342,392.06403063607866,278.36254112611726
24,343,392.04764239458774,278.34864454714506
24,344,391.9896920648812,278.3347064872595
24,345,391.90087031694895,278.34140323428153
24,346,391.8461277658978,278.3490204166498
24,347,391.81800511720974,278.3596756434276
24,348,391.8321850436621,278.39387478443643
24,349,391.8680314049485,278.4232952527174
24,350,391.90021178033,278.40257889595557
24,351,391.8960440499208,278.3523090017393
24,352,391.8470686973009,278.2785345775278
24,353,391.7659859362816,278.2054122806782
24,354,391.6938389260452,278.131019461837
24,355,391.64194059241674,278.04563163614296
24,356,391.59373393518626,277.95990086682565
24,357,391.55998211277915,277.8916476946256
24,358,391.5209175655142,277.8226239515326
24,359,391.46859686519076,277.78769698903716
24,360,391.42677569478167,277.78579173107704
24,361,391.39628004867,277.798476587226
24,362,391.35807268865045,277.8102551806027
24,363,391.35849058614235,277.8257483754786
24,364,391.4228045332566,277.82234226989425
24,365,391.4895462010655,277.8250924659254
24,366,391.5621880241508,277.82366765076085
24,367,391.6375964767043,277.8205099860347
24,368,391.6877394915077,277.8130138226599
24,369,391.65382504826067,277.80395751115424
24,370,391.56136907773066,277.76985050543857
24,371,391.45648361405114,277.73401733050696
24,372,391.3832811650596,277.69380361719874
24,373,391.33862598317523,277.65190630574546
24,374,391.3663551430569,277.6082849950687
24,375,391.44591476403986,277.56928657642015
24,376,391.5463068669268,277.5183594699696
24,377,391.63921072738924,277.47314257692193
24,378,391.6944496624329,277.45369920186283
24,379,391.6877971889185,277.464276341227
24,380,391.63673472463023,277.51278236578145
24,381,391.5782825403992,277.5693341510183
24,382,391.54426996024324,277.61407907677795
24,383,391.5485377411906,277.6487101836588
24,384,391.59470520860157,277.6675554995059
24,385,391.6770729496126,277.65687623754917
24,386,391.74633555934037,277.65429974078495
24,387,391.7818477676567,277.66959588146443
24,388,391.7935568274132,277.6755710354414
24,389,391.8060617864087,277.6691383524264
24,390,391.81014872484417,277.66504765416533
24,391,391.8048914807843,277.68001703198513
24,392,391.78217122978475,277.7027193990278
24,393,391.7546451045194,277.7217828865208
24,394,391.69656941785655,277.76900185431924
24,395,391.6386174941946,277.84483162514806
24,396,391.57755571126063,277.9203998417913
24,397,391.50684589622927,278.00833571393923
24,398,391.44165925053403,278.12198759612056
24,399,391.3965612234663,278.226548232671
24,400,391.3504152662325,278.30387513270364
24,401,391.31107072788205,278.34784970064095
24,402,391.30111485337716,278.35241393022835
24,403,391.28879831982357,278.3220008984238
24,404,391.24818354245326,278.267066346886
24,405,391.1865920015362,278.1953926692291
24,406,391.0842056095428,278.1047969150251
24,407,390.94039032356096,278.01636477174895
24,408,390.7744324022428,277.93430888974166
24,409,390.6325150217481,277.84902896116506
24,410,390.5045971958037,277.77460906305436
24,411,390.41782196887146,277.73792649047743
24,412,390.3735708569885,277.72275456825
24,413,390.3838819363838,277.709351724834
24,414,390.4226058528282,277.7051369118913
24,415,390.4933527496622,277.71009005198255
24,416,390.57988574731894,277.71764580546153
24,417,390.6684090202181,277.7251642586718
24,418,390.7428777118951,277.7647824893242
24,419,390.79485138612165,277.81794909716734
24,420,390.8235096195683,277.8673445280844
24,421,390.8381025653435,277.9008476370792
24,422,390.84853220489106,277.90720039002343
24,423,390.85949697282274,277.85649113301525
24,424,390.8694573148119,277.76446542427124
24,425,390.8667887567442,277.67709628791687
24,426,390.8728202653328,277.618081129158
24,427,390.8892493758244,277.6032421980474
24,428,390.9072165389138,277.6359094304913
24,429,390.92774291547613,277.710068264412
24,430,390.9759246956783,277.79723552515634
24,431,391.0220758996955,277.8690548726339
24,432,391.0529973311678,277.92380213773174
24,433,391.07981559301874,277.9624072497642
24,434,391.1267459974276,277.9785248650462
24,435,391.1489754717204,277.98598358180226
24,436,391.14986984468067,277.9780632882127
24,437,391.14650028777993,277.9346993694042
24,438,391.12653810022107,277.87080909210414
24,439,391.08064113600744,277.8156196553245
24,440,391.0546975186895,277.7471735900534
24,441,391.0351435500964,277.66923946683016
24,442,391.0060032479134,277.595389115112
24,443,390.9850608907316,277.54605891981043
24,444,390.97500320548096,277.5171737469768
24,445,390.9794964859051,277.50921011992517
24,446,391.0190844218459,277.53519042285274
24,447,391.07662882350627,277.5916696541265
24,448,391.11685185560117,277.65025156589905
24,449,391.13881914413446,277.7037102376336
24,450,391.15115173845,277.7505588177799
24,451,391.14320011406426,277.791232218091
24,452,391.10861706461526,277.821063724801
24,453,391.0685320942143,277.83311189770916
24,454,391.0185876616925,277.8371097869385
24,455,390.9779663146945,277.82532255935115
24,456,390.95358718668405,277.79240361512757
24,457,390.9668085667403,277.75558594306665
24,458,391.0065198795422,277.73464191905873
24,459,391.0763797055507,277.7235135960248
24,460,391.13016094223036,277.7289197468915
24,461,391.17299244981524,277.74991232682453
24,462,391.2125755955101,277.76497451061164
24,463,391.24611707844133,277.7488122046363
24,464,391.26177016506887,277.7110824428979
24,465,391.27864473244574,277.6545527304672
24,466,391.3031907224456,277.5901672484348
24,467,391.309931315576,277.52783452034174
24,468,391.2978052726355,277.47480696932
24,469,391.29143486426733,277.4382695769978
24,470,391.2919526961883,277.41056093709096
24,471,391.2749650076943,277.3976543319611
24,472,391.25386639262973,277.4084732355852
24,473,391.24690900115525,277.4366092668878
24,474,391.2382405207327,277.45888332978717
24,475,391.2181909511901,277.48107839836365
24,476,391.20124720388316,277.4899902742236
24,477,391.1859619850567,277.4874026967603
24,478,391.1379468673871,277.47301682596463
24,479,391.06599220062185,277.45226232506116
24,480,390.9834348527607,277.430453966874
24,481,390.88933339888035,277.41619613556577
24,482,390.8199155537114,277.4029743435835
24,483,390.8022559538784,277.4081489653836
24,484,390.8234505904673,277.43415233596545
24,485,390.8713488496558,277.4776401386495
24,486,390.9294739924188,277.5255954474669
24,487,390.96362876622345,277.5687963365573
24,488,390.963248593045,277.5974093491831
24,489,390.94286440928056,277.60596864428663
24,490,390.9080903529006,277.5927109490268
24,491,390.87657861124296,277.5659457865758
24,492,390.8470143118702,277.548921605191
24,493,390.8398599293316,277.5541273691249
24,494,390.85290636694384,277.5875512818588
24,495,390.88071263675295,277.6495472190135
24,496,390.9120100404315,277.7283162034379
24,497,390.96442023810414,277.8047007350015
24,498,391.021549291009,277.87307269792484
24,499,391.06047347232874,277.92595212620245
24,500,391.0730421242215,277.95762186135846
24,501,391.0638314688311,277.9758001744947
24,502,391.0256369179626,277.9716985930444
24,503,390.9610852444313,277.9463880226998
24,504,390.8944529653719,277.9022436378465
24,505,390.8420723423552,277.8567068888353
24,506,390.8095527613711,277.82407795003365
24,507,390.80768953932835,277.8326536235968
24,508,390.8430734486192,277.87268788187225
24,509,390.884482358928,277.9335506775115
24,510,390.9166653515725,278.0005038681606
24,511,390.9479665532764,278.0640580077194
24,512,390.96681271373046,278.1128188953845
24,513,390.9688157350357,278.1468703669144
24,514,390.96790549270867,278.1705221628804
24,515,390.96366352663193,278.1763963179147
24,516,390.93560555141323,278.16269451002165
24,517,390.88203616652305,278.1201109218684
24,518,390.81242566894724,278.06095615617716
24,519,390.7373901623586,277.99618845351364
24,520,390.66653599554826,277.94124586031296
24,521,390.61316646440326,277.8980862072135
24,522,390.5766681040058,277.8751643763065
24,523,390.56047907281135,277.8611760492475
24,524,390.56463480535035,277.85048603122004
24,525,390.5941860337844,277.84919825147205
24,526,390.64925574218483,277.87675240718573
24,527,390.72210561730196,277.9271233237555
24,528,390.7870354354204,277.99879614047506
24,529,390.81395974212023,278.0853090472948
24,530,390.8008285935647,278.1702077827161
24,531,390.76356710998095,278.22778176519114
24,532,390.7246599095965,278.2625535815444
24,533,390.7036214444925,278.28148149167305
24,534,390.7185015128226,278.2882752747121
24,535,390.74337954211387,278.2989878181682
24,536,390.762220572291,278.3108384302712
24,537,390.7757831267017,278.31119417201006
24,538,390.7980860232603,278.286717598522
24,539,390.82534606369995,278.25516168896894
24,540,390.8661603784459,278.21187201858476
24,541,390.9137048317951,278.1658316593161
24,542,390.9496514563154,278.13406447469833
24,543,390.95412462735766,278.1213232464572
24,544,390.9373288416116,278.1027902953746
24,545,390.8985981657977,278.0682766960547
24,546,390.8573561884498,278.0195925356549
24,547,390.8169734212683,277.965544873182
24,548,390.7858582969392,277.914698930062
24,549,390.76827786895217,277.87491359176397
24,550,390.77123418563554,277.8491486328712
24,551,390.7740113355071,277.8416951840829
24,552,390.78733563024986,277.8382656052459
24,553,390.80464592376273,277.832039384349
24,554,390.81341911445526,277.829983266085
24,555,390.81243538443823,277.83656472748
24,556,390.81040733357685,277.836832704112
24,557,390.8042378740259,277.82794691131045
24,558,390.79472791075597,277.81940208095943
24,559,390.77480885154415,277.8071679230273
24,560,390.7503799596956,277.78824343213535
24,561,390.731065987389,277.76361492536546
24,562,390.7304653476534,277.71871665216435
24,563,390.7266179205222,277.6621076960608
24,564,390.72872199406726,277.6030388902192
24,565,390.7340509008637,277.55467781918355
24,566,390.74251152421294,277.517658900801
24,567,390.72792104653786,277.5116107850381
24,568,390.7090093474394,277.5193683071874
24,569,390.69361904512857,277.537328428909
24,570,390.6871914259142,277.54907411380384
24,571,390.6764783147705,277.5579131269433
24,572,390.6655964411679,277.5680408284377
24,573,390.65323542138714,277.58092038187596
24,574,390.6448437595835,277.5726449863979
24,575,390.6512338357675,277.55479132756545
24,576,390.68051767121597,277.5282152322278
24,577,390.7308103693722,277.49148905572747
24,578,390.7984024170973,277.45366414610515
24,579,390.85794154582544,277.43451418320876
24,580,390.89240886005297,277.42786826943933
24,581,390.88762773100683,277.4422633800162
24,582,390.85571453749407,277.4687139108819
24,583,390.8095400007051,277.4953910972895
24,584,390.7710332054107,277.5160789510627
24,585,390.76298295436226,277.5434174016596
24,586,390.83034475486784,277.5991554173353
24,587,390.9286659184253,277.6742695393976
24,588,391.0302186987939,277.7510993687053
24,589,391.1234142716809,277.82139921594796
