point_id,frame,x,y
0,0,131.33975462063276,293.9898429984973
0,1,131.61823586850778,294.0548823114982
0,2,131.91109089567968,294.13016332371785
0,3,132.20508117675783,294.21234741210935
0,4,132.21655883789063,294.21075439453125
0,5,132.19776611328126,294.19685668945317
0,6,132.2075622558594,294.2171936035156
0,7,132.20122070312502,294.24122314453126
0,8,132.18092346191406,294.2742919921875
0,9,132.1796447753906,294.3127075195313
0,10,132.18150024414064,294.2795654296875
0,11,132.18696899414064,294.24895629882815
0,12,132.20115051269534,294.1845031738281
0,13,132.19115600585937,294.10289306640624
0,14,132.15259704589846,294.00420532226565
0,15,132.09041442871094,293.9719543457031
0,16,132.01266174316407,293.9191650390625
0,17,131.9189636230469,293.89133911132814
0,18,131.85020446777344,293.86904296875
0,19,131.7967010498047,293.8463989257813
0,20,131.7467468261719,293.8356689453125
0,21,131.70794677734375,293.8428588867187
0,22,131.66675720214846,293.84625854492185
0,23,131.65920715332032,293.90843505859374
0,24,131.62692565917968,293.9568786621094
0,25,131.5958923339844,294.0098022460938
0,26,131.58270263671875,294.0803405761719
0,27,131.5652069091797,294.14222412109376
0,28,131.5576171875,294.1886413574219
0,29,131.57529296875,294.23956909179685
0,30,131.60660705566409,294.2844970703125
0,31,131.62173767089845,294.31431274414064
0,32,131.64960327148438,294.3470458984375
0,33,131.64868774414063,294.33306274414065
0,34,131.60390930175782,294.3455749511719
0,35,131.55003662109377,294.3644897460938
0,36,131.4967071533203,294.3645446777344
0,37,131.4132080078125,294.34519653320314
0,38,131.36874084472657,294.34637451171875
0,39,131.37119140625,294.334521484375
0,40,131.3778533935547,294.326513671875
0,41,131.4027557373047,294.3580688476563
0,42,131.462841796875,294.41429443359374
0,43,131.4769470214844,294.4561462402344
0,44,131.48418579101565,294.4978454589844
0,45,131.4997039794922,294.5283874511719
0,46,131.4212127685547,294.4471801757813
0,47,131.33903503417972,294.35444946289067
0,48,131.25847778320315,294.23344726562505
0,49,131.18226013183596,294.1081726074219
0,50,131.10357360839845,294.0183532714844
0,51,131.1065185546875,294.0073181152344
0,52,131.11742248535157,294.0052368164063
0,53,131.12691040039064,294.0234558105469
0,54,131.13628234863282,294.0386596679688
0,55,131.13855895996093,294.0193115234375
0,56,131.1299591064453,294.00847167968755
0,57,131.1103942871094,293.99072875976566
0,58,131.15921325683595,294.01898803710935
0,59,131.1907928466797,294.06676025390624
0,60,131.2303955078125,294.1260620117188
0,61,131.28035583496094,294.17681274414065
0,62,131.319921875,294.2207885742188
0,63,131.30452575683594,294.2177368164063
0,64,131.30001525878907,294.189453125
0,65,131.28918762207033,294.15049438476564
0,66,131.27586975097657,294.12012329101566
0,67,131.27746887207033,294.0998168945313
0,68,131.27100830078126,294.0757934570313
0,69,131.2634033203125,294.0668090820313
0,70,131.26299743652345,294.12254028320314
0,71,131.24653320312498,294.1616455078125
0,72,131.26209411621096,294.24725341796875
0,73,131.2736053466797,294.349755859375
0,74,131.29087829589844,294.4490173339844
0,75,131.30514221191407,294.479638671875
0,76,131.32988891601565,294.52427368164064
0,77,131.312158203125,294.51392822265626
0,78,131.299560546875,294.49711914062505
0,79,131.3035339355469,294.4977111816406
0,80,131.29627075195313,294.4846496582031
0,81,131.29654541015628,294.4756103515625
0,82,131.31665344238283,294.4343688964844
0,83,131.29827880859375,294.3710021972656
0,84,131.33420715332034,294.26544189453125
0,85,131.34127807617188,294.14522094726567
0,86,131.3502227783203,294.0239562988281
0,87,131.35235290527345,293.9495483398438
0,88,131.39519042968752,293.8874755859375
0,89,131.39116210937502,293.8774047851562
0,90,131.42584533691405,293.89906005859376
0,91,131.45970764160157,293.91862182617183
0,92,131.49596862792967,293.93701171875
0,93,131.5248809814453,293.962841796875
0,94,131.53370361328126,293.9236572265625
0,95,131.52919006347656,293.8954711914063
0,96,131.5168914794922,293.88804931640624
0,97,131.49820556640626,293.8984619140625
0,98,131.4708953857422,293.9118103027344
0,99,131.4408142089844,293.9595092773437
0,100,131.42037048339844,293.9997436523438
0,101,131.43088989257814,294.0368957519531
0,102,131.44430236816407,294.0617309570313
0,103,131.4724914550781,294.0860473632813
0,104,131.50269165039063,294.1184326171875
0,105,131.5308349609375,294.14929809570316
0,106,131.5119201660156,294.1257080078125
0,107,131.49647521972656,294.10829467773436
0,108,131.4531707763672,294.07602539062503
0,109,131.418359375,294.07337036132816
0,110,131.48346252441408,294.16282348632814
0,111,131.67691955566409,294.42286376953126
0,112,132.08227844238283,294.8562683105469
0,113,132.8830078125,295.74846801757815
0,114,134.03450927734377,297.06849975585936
0,115,135.466015625,298.6538757324219
0,116,137.05129699707032,300.5966491699219
0,117,138.6951477050781,302.5607543945313
0,118,139.97938232421876,304.25473632812503
0,119,140.86261291503908,305.60247192382815
0,120,141.46280517578126,306.6852478027344
0,121,142.26095581054688,307.48199462890625
0,122,143.0872009277344,308.2927978515625
0,123,144.06120605468752,309.3883972167969
0,124,145.2455596923828,310.5356323242188
0,125,146.82862243652343,311.8908630371094
0,126,148.4330780029297,313.5266906738281
0,127,150.18553771972657,315.64722290039066
0,128,152.43346252441407,317.78162231445316
0,129,155.06526794433594,320.44053344726564
0,130,157.9461669921875,323.23579711914067
0,131,160.4685852050781,325.80804443359375
0,132,162.75481262207032,327.7143188476563
0,133,164.7490661621094,329.386181640625
0,134,165.9217956542969,330.60471801757814
0,135,166.30660400390627,331.4588623046875
0,136,166.96910705566407,332.66787109375
0,137,167.66010131835938,334.12126464843755
0,138,168.0490753173828,335.6741394042969
0,139,168.96808166503908,337.13261718750005
0,140,170.17244262695314,338.82744750976565
0,141,170.97456970214847,339.6375793457031
0,142,171.56181945800785,340.2309692382812
0,143,171.89598693847657,340.1780151367188
0,144,171.71402282714843,339.8225524902344
0,145,171.2404266357422,339.0877624511719
0,146,170.63070068359377,338.7315307617188
0,147,169.64873046875002,338.09907836914067
0,148,168.13586730957033,337.3105102539062
0,149,166.5968231201172,336.305224609375
0,150,164.67167663574222,334.7297607421875
0,151,162.40154113769532,332.37123413085936
0,152,160.06918334960938,329.61687622070315
0,153,157.86113586425782,326.7973388671875
0,154,155.5529998779297,323.6462768554688
0,155,153.50943298339845,320.8330932617188
0,156,151.8658416748047,318.69866943359375
0,157,150.45589599609377,316.88218383789064
0,158,149.43286743164063,315.13739013671875
0,159,148.57757873535158,314.02703857421875
0,160,147.92168273925782,313.2689697265625
0,161,147.95509338378906,312.6661926269531
0,162,148.11271057128906,312.5254150390625
0,163,147.91171875,312.6062072753906
0,164,147.32630310058593,312.48968505859375
0,165,146.79815979003908,312.1392883300781
0,166,146.22901611328126,311.66644897460935
0,167,146.02620544433597,311.2575622558594
0,168,146.44277954101562,311.08225708007814
0,169,147.15606079101562,310.9729248046875
0,170,147.2733306884766,310.7169616699219
0,171,146.6340301513672,310.15241088867185
0,172,145.61692504882814,309.35169677734376
0,173,144.62750854492188,308.6198364257813
0,174,144.10229797363283,307.84913330078126
0,175,143.73818664550782,307.1414978027344
0,176,143.379345703125,306.5177734375
0,177,142.9829833984375,305.8726013183594
0,178,142.55189208984376,305.5293701171875
0,179,142.0685546875,305.27000732421874
0,180,142.0513153076172,305.24102172851565
0,181,142.5595642089844,305.46579589843753
0,182,143.2283477783203,305.84429321289065
0,183,144.33385314941407,306.40223388671876
0,184,145.3587890625,307.35712280273435
0,185,146.3636260986328,308.5329956054687
0,186,147.06020812988282,309.8684326171875
0,187,147.60992126464845,311.2594299316406
0,188,147.66090393066406,312.0447082519531
0,189,147.80129699707032,312.66370239257816
0,190,148.166357421875,313.0470642089844
0,191,148.52395019531252,313.09535522460936
0,192,148.90843505859377,312.7645202636719
0,193,149.10344543457032,312.3753967285157
0,194,149.35138549804688,312.231396484375
0,195,149.39378967285157,312.1161987304688
0,196,149.95148010253905,312.35675659179685
0,197,150.85437622070313,312.8855407714844
0,198,152.20388488769532,313.78992919921876
0,199,153.59682617187502,314.7294921875
0,200,155.21429138183595,316.1457580566406
0,201,157.13688049316409,318.0925415039063
0,202,159.33329772949222,320.59367675781255
0,203,161.7023132324219,323.0882568359375
0,204,164.36041870117185,325.8140014648438
0,205,167.02731628417968,328.56298828125
0,206,169.11597595214846,330.7945739746094
0,207,171.42618713378909,332.59190063476564
0,208,173.23533630371094,334.15568237304694
0,209,174.40089416503906,334.8925415039063
0,210,174.92384338378906,334.93364257812505
0,211,174.76968078613282,334.19731445312505
0,212,173.16932983398436,332.6327758789063
0,213,171.09470825195314,330.5776550292969
0,214,168.49610595703126,328.29924926757815
0,215,165.7570953369141,326.1525085449219
0,216,163.34725952148438,324.4373474121094
0,217,161.72750549316407,323.52028198242186
0,218,160.94098815917968,323.2332885742188
0,219,161.17117004394532,323.7935729980469
0,220,162.14522705078127,324.6120300292969
0,221,163.71678161621097,325.8695861816406
0,222,165.66220092773438,327.2164978027344
0,223,167.83031005859374,328.52402343750003
0,224,170.03603515625002,329.42465209960943
0,225,171.96094360351563,330.4303344726563
0,226,173.31272583007814,331.0267272949219
0,227,174.29739685058595,331.4015319824219
0,228,174.5236511230469,331.5626281738281
0,229,174.1123992919922,331.7038696289062
0,230,173.54214477539062,331.4029541015625
0,231,173.22490234375002,331.3435974121094
0,232,172.32305603027345,330.8631530761719
0,233,171.48533020019534,330.09252929687506
0,234,170.7355865478516,329.29249267578126
0,235,169.9355621337891,328.73462524414066
0,236,168.80225524902346,328.0216552734375
0,237,168.18134155273438,327.36774902343757
0,238,167.7047790527344,327.0061401367188
0,239,167.16329345703127,326.6775207519532
0,240,166.6537536621094,326.08732299804694
0,241,166.35692138671877,325.27755737304693
0,242,165.90914001464844,324.6863708496094
0,243,165.68085327148438,324.41267089843757
0,244,166.11417541503909,324.09766235351566
0,245,166.70542297363284,323.9101501464844
0,246,167.0924255371094,324.2741577148438
0,247,167.52911376953125,324.5628601074219
0,248,167.82850341796876,324.4803100585938
0,249,167.56017150878907,324.5811889648437
0,250,167.19132385253909,325.16416015625
0,251,167.2178894042969,325.1926696777344
0,252,167.32253723144532,325.06507568359376
0,253,167.3977111816406,325.0738525390625
0,254,167.22878112792972,324.97229614257816
0,255,166.3239318847656,324.2399475097656
0,256,164.63584899902344,323.478515625
0,257,162.36390075683593,322.7407958984375
0,258,160.04493103027346,321.6092712402344
0,259,157.8646026611328,319.84453125000005
0,260,156.46909790039064,318.06785278320314
0,261,155.51983947753908,316.38347778320315
0,262,154.95557556152346,314.9231140136719
0,263,154.61847534179688,313.9042419433594
0,264,154.2009460449219,313.654736328125
0,265,153.9124267578125,313.8034973144531
0,266,153.82521057128906,314.2042236328125
0,267,154.20410766601563,315.0164672851563
0,268,154.52289123535158,315.9094482421875
0,269,155.86681213378907,316.9399597167969
0,270,157.08665161132814,317.9688537597657
0,271,158.15670166015627,318.7296203613281
0,272,158.8582000732422,319.09482421875003
0,273,158.93564147949218,319.2123046875
0,274,157.76861267089845,318.58953247070315
0,275,156.63608703613284,317.57283325195317
0,276,155.11912536621094,316.4511596679688
0,277,153.6132965087891,314.92050170898443
0,278,152.23162841796875,313.1162475585938
0,279,151.378662109375,311.79417114257814
0,280,150.40035705566407,310.72138671875
0,281,150.03941345214844,309.96943359374995
0,282,149.5921844482422,309.6474365234375
0,283,149.47293395996095,309.80321044921874
0,284,149.4203857421875,310.0136779785156
0,285,149.63668212890627,310.1673095703125
0,286,149.89493103027343,310.4885620117187
0,287,150.6720703125,311.3097290039062
0,288,151.470654296875,312.19675903320314
0,289,152.2805603027344,313.1623779296875
0,290,153.30887756347656,314.50470581054685
0,291,154.61312561035157,315.76466674804686
0,292,155.51443176269532,316.6083129882813
0,293,156.1079315185547,317.02537841796874
0,294,156.15418395996096,317.08159179687505
0,295,156.14510192871094,316.96384887695314
0,296,155.18338928222656,316.5151306152344
0,297,153.87684020996093,315.803564453125
0,298,153.03237609863282,315.44093017578126
0,299,152.65282287597657,315.2419311523438
0,300,152.18433227539063,314.83814697265626
0,301,152.02182006835938,314.70696411132815
0,302,152.0456756591797,314.7287231445313
0,303,152.06730957031252,314.8181396484375
0,304,152.2112579345703,314.9219177246094
0,305,152.18941955566407,315.0137756347657
0,306,152.4861053466797,315.0772644042969
0,307,153.31731262207035,315.125732421875
0,308,154.2914001464844,315.0682678222656
0,309,155.1541290283203,315.36069946289064
0,310,156.12283020019532,315.73310546875
0,311,156.7644744873047,316.19788818359376
0,312,156.96997375488283,316.5292602539063
0,313,157.25604553222655,316.91143188476565
0,314,157.5247314453125,317.0309204101562
0,315,157.64814453125,316.9482299804688
0,316,157.27430725097656,316.4455749511719
0,317,156.503515625,316.0262817382812
0,318,155.17208862304688,315.3294982910156
0,319,153.84421997070314,314.39218750000003
0,320,152.61414794921876,313.6861206054688
0,321,152.2587860107422,313.30186767578124
0,322,152.95100708007814,312.87668457031253
0,323,153.9825866699219,312.9945251464844
0,324,155.30276794433595,313.6899841308594
0,325,156.7353729248047,314.82073974609375
0,326,157.80617675781252,315.63349609375
0,327,158.68486938476565,316.8319885253906
0,328,159.45991516113284,317.5269775390625
0,329,160.07267761230472,317.7495422363281
0,330,160.6665802001953,317.81999511718755
0,331,161.37579345703125,318.2297302246094
0,332,161.34805603027348,318.6788757324219
0,333,161.08386535644533,319.2052856445312
0,334,160.56052246093753,319.81324462890626
0,335,159.88370361328126,319.9262634277344
0,336,159.22825012207034,319.6800415039063
0,337,158.64539184570313,319.03171386718753
0,338,158.1319091796875,318.0569763183594
0,339,157.83907470703124,317.02921752929694
0,340,157.42684936523438,316.0051696777344
0,341,156.52528076171876,315.1600402832031
0,342,155.35003051757812,314.3028076171875
0,343,154.2624694824219,313.9449890136719
0,344,153.213623046875,313.44935913085936
0,345,152.03200073242186,312.8855773925781
0,346,151.13111267089846,312.030029296875
0,347,150.68841552734378,311.46815185546876
0,348,149.99020080566407,311.01604003906255
0,349,149.2794158935547,310.7069702148438
0,350,148.95621337890626,310.9642272949219
0,351,148.80874328613282,311.77073364257814
0,352,148.5631072998047,312.3396850585938
0,353,148.59528198242188,312.59484252929684
0,354,148.33278198242186,312.7793212890625
0,355,147.71967163085938,312.6542419433594
0,356,146.95166931152346,312.3751586914062
0,357,146.50555725097658,312.20885009765624
0,358,146.42534790039065,312.31798095703124
0,359,146.90830078125003,312.65327148437495
0,360,147.3953552246094,312.9146423339844
0,361,148.1825927734375,313.28491821289066
0,362,149.0162841796875,313.7107238769531
0,363,149.862646484375,314.2210876464844
0,364,150.40906372070313,314.7268920898438
0,365,150.88179626464844,315.2201782226563
0,366,151.2172790527344,315.7419921875
0,367,151.60830078125,316.3847961425781
0,368,151.98062133789062,316.7497131347656
0,369,152.07200927734377,316.96262817382814
0,370,152.2500427246094,317.09532470703124
0,371,152.28250427246095,316.9888549804688
0,372,151.99919433593752,316.5863403320313
0,373,150.87919006347659,315.99802856445314
0,374,149.10498046875003,314.66871337890626
0,375,146.8134307861328,312.9600402832031
0,376,143.8757080078125,310.98145751953126
0,377,140.28550109863284,308.3063415527344
0,378,136.6090057373047,305.2164916992188
0,379,133.52415771484374,302.00311279296875
0,380,130.9093994140625,298.6953552246094
0,381,128.8429168701172,295.22009887695316
0,382,127.69407958984375,292.04489746093753
0,383,127.05772857666018,289.2848205566406
0,384,126.7477279663086,287.39027099609376
0,385,126.86924285888672,286.27009887695317
0,386,127.52278594970704,285.88861694335935
0,387,128.32288360595703,286.48374633789064
0,388,129.40538330078127,287.84241333007816
0,389,130.89761047363282,289.8538635253907
0,390,132.525146484375,292.33757934570315
0,391,134.10281372070312,295.13084106445314
0,392,135.41889038085938,297.75681762695314
0,393,136.52998962402344,300.0708984375
0,394,137.0726318359375,301.89121093750003
0,395,137.12364196777344,303.2547607421875
0,396,136.7592987060547,304.16513671875003
0,397,136.16037292480468,304.72479248046875
0,398,135.38959350585938,304.7756530761719
0,399,134.54239807128906,304.2975158691406
0,400,133.7149139404297,303.2682312011719
0,401,133.03594360351565,301.9557800292969
0,402,132.51195678710937,300.47859497070317
0,403,132.06188049316407,298.76812744140625
0,404,131.90474548339844,297.25689086914065
0,405,131.90267333984377,295.89185180664066
0,406,131.99440002441406,294.57761230468753
0,407,132.1608093261719,293.3901123046875
0,408,132.50183410644533,292.67650146484374
0,409,132.7740417480469,292.2755676269531
0,410,132.98681030273437,292.218359375
0,411,133.16875000000002,292.62452392578126
0,412,133.14066162109376,293.3653015136719
0,413,133.0247528076172,294.3809020996094
0,414,132.910888671875,295.65794677734374
0,415,132.7750732421875,297.0090576171875
0,416,132.73209533691406,298.3232055664063
0,417,132.9503173828125,299.429931640625
0,418,133.25626220703126,300.3739807128906
0,419,133.62050170898436,300.911376953125
0,420,134.12153930664064,301.27406005859376
0,421,134.50582275390627,301.26965942382816
0,422,134.72437744140626,301.22155761718756
0,423,134.86461181640627,300.93137817382814
0,424,135.03150329589846,300.61829833984376
0,425,134.92420043945313,299.88096923828124
0,426,134.73448486328127,298.8837036132813
0,427,134.4247985839844,297.5388610839844
0,428,134.03021545410155,296.138916015625
0,429,133.30825195312502,294.5960632324219
0,430,132.73641662597657,293.42206420898435
0,431,132.07745056152345,292.6434387207031
0,432,131.47341918945312,292.27806396484374
0,433,131.05010375976562,292.2513854980469
0,434,130.79609375,292.6427429199219
0,435,130.6650634765625,293.43503417968753
0,436,130.88408203125002,294.5008728027344
0,437,131.39746398925783,295.8285705566406
0,438,132.03846740722656,297.26640625000005
0,439,132.9570739746094,298.65955810546876
0,440,133.94470520019533,299.8141174316406
0,441,134.7787811279297,300.7199645996094
0,442,135.46817321777345,301.303466796875
0,443,135.97158813476562,301.4949584960938
0,444,136.15647888183594,301.4062744140625
0,445,136.0136474609375,301.0251953125
0,446,135.8059509277344,300.48938598632816
0,447,135.21271362304688,299.609033203125
0,448,134.4879089355469,298.646435546875
0,449,133.65359191894532,297.5282043457031
0,450,132.73843994140628,296.264404296875
0,451,131.69237365722657,294.98485107421874
0,452,130.99024658203126,293.9600463867188
0,453,130.4093475341797,293.1902954101563
0,454,130.2151672363281,292.91973876953125
0,455,130.37842712402346,293.07293090820315
0,456,130.7100036621094,293.42282714843753
0,457,131.25071411132814,294.1787475585937
0,458,131.9874694824219,295.26494750976565
0,459,132.63413696289064,296.2260620117188
0,460,133.33143005371093,297.1843688964844
0,461,133.98476867675782,298.1760559082031
0,462,134.46651916503907,298.951123046875
0,463,134.77500610351564,299.4056701660156
0,464,134.95760498046874,299.7439819335938
0,465,134.85640563964844,299.87830200195316
0,466,134.6769012451172,299.8499328613281
0,467,134.3359588623047,299.58180541992186
0,468,133.83438720703126,299.07463989257815
0,469,133.2151672363281,298.4453857421875
0,470,132.60621643066406,297.6517272949219
0,471,132.08880004882815,296.68604125976566
0,472,131.6998046875,295.76011352539064
0,473,131.4319580078125,295.03989257812503
0,474,131.2523193359375,294.4217163085938
0,475,131.1975280761719,294.0844177246094
0,476,131.2406494140625,294.06214599609376
0,477,131.35587158203126,294.1855163574219
0,478,131.70885314941407,294.4655212402344
0,479,132.19196472167968,295.0345031738281
0,480,132.7220886230469,295.749755859375
0,481,133.20760803222657,296.3895690917969
0,482,133.63776245117188,297.0188842773438
0,483,133.7736968994141,297.6062255859375
0,484,133.69730224609376,297.93854370117185
0,485,133.50657348632814,298.04569702148433
0,486,133.24939270019533,298.10014648437505
0,487,132.91546936035158,298.0491088867188
0,488,132.63768615722657,297.8392028808594
0,489,132.45028076171877,297.57084960937505
0,490,132.2412353515625,297.08648681640625
0,491,132.0345001220703,296.51226196289065
0,492,131.91116943359376,295.92100219726564
0,493,131.81955871582034,295.3049011230469
0,494,131.8308074951172,294.69157714843755
0,495,131.9281188964844,294.2988342285156
0,496,132.08868103027345,294.0472717285156
0,497,132.24265747070314,293.90812988281255
0,498,132.327099609375,293.8879211425781
0,499,132.32694396972659,293.9947937011719
0,500,132.29702453613282,294.1709411621094
0,501,132.19040222167968,294.40989379882814
0,502,132.0685791015625,294.6853881835938
0,503,132.014111328125,295.0792724609375
0,504,132.00636596679686,295.5215087890625
0,505,131.99889831542967,295.95391235351565
0,506,132.0462585449219,296.34169311523436
0,507,132.10377197265626,296.6372802734375
0,508,132.1797607421875,296.8379150390625
0,509,132.1937408447266,296.91646118164067
0,510,132.25811767578125,296.8930114746094
0,511,132.33718872070315,296.8203552246094
0,512,132.4561004638672,296.7210998535156
0,513,132.52890625,296.53703613281255
0,514,132.62788696289064,296.25654296875
0,515,132.71389465332032,296.0051513671875
0,516,132.7483612060547,295.7257019042969
0,517,132.6809051513672,295.47492675781257
0,518,132.5780975341797,295.27036743164064
0,519,132.448681640625,295.1119873046875
0,520,132.2365447998047,295.0364501953125
0,521,131.97579650878907,294.9491882324219
0,522,131.8514587402344,295.00107421875
0,523,131.75486450195314,295.0933349609375
0,524,131.69732666015625,295.25791015625
0,525,131.70858764648438,295.4248046875
0,526,131.9065673828125,295.7694458007812
0,527,132.07717590332032,296.0841491699219
0,528,132.2411346435547,296.3473754882813
0,529,132.3922576904297,296.6037963867187
0,530,132.52083435058594,296.8213195800781
0,531,132.49737854003908,296.8904296875
0,532,132.4332489013672,296.8761840820313
0,533,132.42244567871094,296.7891845703125
0,534,132.39374084472655,296.69953002929685
0,535,132.30111694335938,296.48438720703126
0,536,132.26241455078124,296.2698913574219
0,537,132.16431579589846,296.0050415039063
0,538,132.07830200195315,295.8248962402344
0,539,132.02481689453126,295.6405517578125
0,540,132.0163055419922,295.5273071289063
0,541,131.97992553710938,295.42692871093755
0,542,132.0686737060547,295.45960083007816
0,543,132.13860168457032,295.5091796875
0,544,132.1967956542969,295.593603515625
0,545,132.27104797363282,295.7898742675781
0,546,132.36553344726562,296.0667541503906
0,547,132.4581726074219,296.28338623046875
0,548,132.5069549560547,296.5485473632812
0,549,132.52400512695314,296.80730590820315
0,550,132.6183837890625,296.8564697265625
0,551,132.65104980468752,296.784375
0,552,132.63554687500002,296.6877502441406
0,553,132.56995544433596,296.46559448242186
0,554,132.52300415039065,296.2311645507813
0,555,132.34664306640627,296.09130859375
0,556,132.13736267089845,295.9842712402344
0,557,131.93251037597656,295.8252990722657
0,558,131.83577270507814,295.66478271484374
0,559,131.74630432128907,295.4704040527344
0,560,131.726611328125,295.3030090332031
0,561,131.7676239013672,295.113037109375
0,562,131.88328247070314,295.0389709472656
0,563,131.96871948242188,295.0841430664062
0,564,132.10549621582032,295.2308227539063
0,565,132.2648193359375,295.4400573730469
0,566,132.44943237304688,295.8222595214844
0,567,132.52392883300783,296.1581604003906
0,568,132.58388671875002,296.43226318359376
0,569,132.58221740722658,296.63020629882817
0,570,132.52189025878909,296.7752746582031
0,571,132.4271392822266,296.82761840820314
0,572,132.3326171875,296.83672485351565
0,573,132.21314392089846,296.7875122070313
0,574,132.12094116210938,296.58753051757816
0,575,132.02962036132814,296.3234802246094
0,576,131.9393768310547,295.9662719726563
0,577,131.8624267578125,295.61299438476567
0,578,131.80670471191405,295.29306640625003
0,579,131.73837890625,295.11414184570316
0,580,131.7280456542969,295.0460205078125
0,581,131.74091186523438,295.0239318847656
0,582,131.80577087402344,295.0633666992187
0,583,131.86770019531252,295.1330261230469
0,584,131.94773254394534,295.2669555664063
0,585,131.99429321289062,295.3784973144531
0,586,132.06551818847657,295.53546752929685
0,587,132.0592071533203,295.664208984375
0,588,132.0650421142578,295.766796875
0,589,132.0531982421875,295.820166015625
1,0,145.0316972806673,302.8238852146143
1,1,145.357549163674,303.14349305648767
1,2,145.7080623015636,303.4532498241423
1,3,146.09700317382814,303.78706665039067
1,4,146.0276885986328,303.7704956054688
1,5,146.0853759765625,303.7506469726563
1,6,146.16809997558596,303.7611938476563
1,7,146.2209716796875,303.78391723632814
1,8,146.19849243164063,303.7758483886719
1,9,146.18189392089843,303.79343261718753
1,10,146.16757202148438,303.72880859375005
1,11,146.16136474609374,303.694921875
1,12,146.19888305664062,303.6824584960938
1,13,146.24419860839845,303.6771484375
1,14,146.27173767089843,303.63892211914066
1,15,146.29705810546875,303.6808227539063
1,16,146.30595703125,303.69447021484376
1,17,146.25669860839844,303.6934753417969
1,18,146.212158203125,303.69822998046874
1,19,146.15030822753909,303.7101745605469
1,20,146.06058654785156,303.7141906738281
1,21,145.97592163085938,303.7144836425781
1,22,145.9795135498047,303.6834350585938
1,23,146.0605194091797,303.72690429687503
1,24,146.15736083984376,303.762890625
1,25,146.27622375488284,303.79693603515625
1,26,146.41730651855468,303.8592590332031
1,27,146.48228149414064,303.9223999023437
1,28,146.52353210449218,303.9726928710938
1,29,146.56723022460938,304.0390563964844
1,30,146.61638793945315,304.1096374511719
1,31,146.65123901367187,304.16357421875
1,32,146.70528259277344,304.24407348632815
1,33,146.74017028808595,304.2583251953125
1,34,146.68112182617188,304.1943359375
1,35,146.6006072998047,304.15971679687505
1,36,146.48194580078126,304.08921508789064
1,37,146.3268249511719,303.97832031250005
1,38,146.1570037841797,303.87943725585944
1,39,146.07817687988282,303.8568054199219
1,40,145.97328186035156,303.79783935546874
1,41,145.931689453125,303.7985534667969
1,42,145.91715393066409,303.8464416503906
1,43,145.89752807617188,303.882568359375
1,44,145.8768798828125,303.9219055175781
1,45,145.91581115722659,303.97741088867184
1,46,145.9007110595703,303.88746948242186
1,47,145.8969268798828,303.7963623046875
1,48,145.88213195800782,303.680419921875
1,49,145.87210998535159,303.5508178710937
1,50,145.8347930908203,303.43418579101564
1,51,145.8268768310547,303.41929931640624
1,52,145.78508605957032,303.3879699707031
1,53,145.76144104003907,303.38548583984374
1,54,145.7375427246094,303.3905395507812
1,55,145.71941223144532,303.3784362792969
1,56,145.69602966308597,303.38331909179686
1,57,145.69259033203127,303.39833984375
1,58,145.74683837890626,303.45371704101564
1,59,145.8148345947266,303.5254760742188
1,60,145.89202575683595,303.5982971191406
1,61,145.9754821777344,303.6667907714844
1,62,146.06502075195314,303.7283935546875
1,63,146.0990783691406,303.7434997558594
1,64,146.09173889160158,303.7353820800781
1,65,146.07471618652343,303.73597412109376
1,66,146.0588317871094,303.7281433105469
1,67,146.0310791015625,303.7185241699219
1,68,146.01117858886718,303.71180419921876
1,69,146.01488342285157,303.7123229980469
1,70,146.04924621582032,303.7068603515625
1,71,146.03579406738282,303.6854614257812
1,72,146.0321258544922,303.71637573242185
1,73,146.029345703125,303.7465515136719
1,74,146.01591796875002,303.770263671875
1,75,145.97481384277344,303.7822082519532
1,76,145.96835327148438,303.8237670898438
1,77,145.94988403320315,303.81138305664064
1,78,145.92517395019533,303.8123229980469
1,79,145.919384765625,303.83037109375005
1,80,145.9103790283203,303.8434997558594
1,81,145.91150512695313,303.8404724121094
1,82,145.91784362792967,303.86822509765625
1,83,145.89133911132814,303.8800415039063
1,84,145.8806121826172,303.88279418945314
1,85,145.8509307861328,303.8669860839844
1,86,145.83267822265626,303.8662109375
1,87,145.79434814453126,303.8398803710938
1,88,145.78667907714845,303.79616088867186
1,89,145.7692840576172,303.7764892578125
1,90,145.77919006347656,303.7925964355469
1,91,145.78663635253906,303.80613403320314
1,92,145.82021484375002,303.8152587890625
1,93,145.86245422363282,303.84990234375005
1,94,145.90205078125,303.8079467773438
1,95,145.92445983886722,303.7514587402344
1,96,145.92398376464845,303.7007141113281
1,97,145.91872863769532,303.6671447753906
1,98,145.89351196289064,303.6241638183594
1,99,145.86298828125,303.6263061523438
1,100,145.84029846191407,303.6375366210938
1,101,145.87218017578127,303.67737426757816
1,102,145.91514282226564,303.71885375976564
1,103,145.97867126464843,303.7698913574219
1,104,146.03274536132812,303.8314514160156
1,105,146.0963836669922,303.8914245605469
1,106,145.96787414550784,303.7531921386719
1,107,145.79786071777346,303.5783752441406
1,108,145.61312561035157,303.3860717773438
1,109,145.44230957031252,303.212890625
1,110,145.35311584472657,303.1163330078125
1,111,145.65818481445314,303.43154296875
1,112,146.3205108642578,304.0484130859375
1,113,147.23748474121095,305.13266601562503
1,114,148.353271484375,306.4561462402344
1,115,149.5312469482422,308.0251098632813
1,116,150.7862060546875,309.6271606445313
1,117,152.28043518066409,311.11033325195314
1,118,153.43276367187502,312.2560546875
1,119,154.38655395507814,313.3067138671875
1,120,155.36317443847656,314.1367980957031
1,121,156.3229217529297,314.7656555175781
1,122,156.85684509277343,315.369384765625
1,123,157.7260711669922,316.0567932128906
1,124,158.7110565185547,316.7989196777344
1,125,159.84673156738282,317.8367492675781
1,126,161.4099548339844,319.14014892578126
1,127,163.50049438476566,320.798974609375
1,128,165.75777893066407,322.71370239257817
1,129,168.31156311035156,324.98431396484375
1,130,171.25182189941407,327.1079956054688
1,131,173.7192565917969,329.16298828125
1,132,175.7161315917969,330.74495849609383
1,133,177.28684997558597,332.1058715820313
1,134,178.2400085449219,333.0368957519532
1,135,178.69031677246096,333.85396118164067
1,136,179.22647399902345,334.72779541015626
1,137,179.61370544433595,335.8882263183594
1,138,180.29391479492188,336.93154296875
1,139,181.60379028320312,338.07200927734374
1,140,182.69418334960938,339.57174682617193
1,141,183.24438476562503,340.9017822265625
1,142,184.0771240234375,341.98373413085943
1,143,184.35447998046874,342.7797790527344
1,144,184.11154785156248,343.1512390136719
1,145,183.46445007324218,342.9078369140625
1,146,182.78672790527344,342.59614868164067
1,147,181.56339111328128,342.06373291015626
1,148,180.19469299316407,341.3730712890625
1,149,178.5982360839844,340.4085144042969
1,150,177.0832702636719,339.3582214355469
1,151,174.87881774902348,337.2071166992188
1,152,172.75900573730473,334.7583618164063
1,153,170.6970947265625,332.28288574218755
1,154,168.4185699462891,329.7970825195313
1,155,166.32676391601564,327.22006835937503
1,156,164.8859344482422,325.6020812988281
1,157,163.27562255859377,324.64854736328124
1,158,162.02752075195315,323.3531005859375
1,159,160.91199035644533,322.27617797851565
1,160,159.9071716308594,321.7480651855469
1,161,160.25803527832034,321.02907104492186
1,162,160.88753967285157,319.7469604492188
1,163,160.42734985351564,319.46953125000005
1,164,159.4942565917969,319.37092895507817
1,165,159.0193298339844,319.03666992187505
1,166,158.10165710449218,318.6902770996094
1,167,157.3802917480469,318.70798339843753
1,168,157.75047607421877,318.3793334960938
1,169,158.691357421875,317.9333862304688
1,170,158.87434997558594,317.36106567382814
1,171,158.49297790527345,316.7831115722656
1,172,157.84275512695314,316.472900390625
1,173,157.4266296386719,316.3476684570313
1,174,157.5468688964844,316.2335205078125
1,175,157.57562561035158,315.9997497558594
1,176,157.28978576660157,315.84749145507817
1,177,156.88967895507812,315.24921875000007
1,178,156.32124938964844,314.6194091796875
1,179,155.76400451660157,314.1878295898438
1,180,155.7416534423828,313.9348815917969
1,181,156.1424774169922,314.053173828125
1,182,156.63660278320313,314.54442138671874
1,183,157.50101013183593,315.2603454589844
1,184,158.16828002929688,315.9027465820312
1,185,158.89930419921876,316.755126953125
1,186,159.51310424804686,317.6809387207031
1,187,160.30331726074218,318.688671875
1,188,160.5895965576172,319.14738769531255
1,189,161.23561401367186,319.8070495605469
1,190,162.04949951171875,320.18894653320314
1,191,162.61803283691407,320.24912109375003
1,192,163.0345001220703,319.82414550781255
1,193,163.29072265625,319.62276000976567
1,194,163.35059814453126,319.47242431640626
1,195,163.67188110351566,319.4555297851563
1,196,164.5730194091797,319.7405151367188
1,197,165.6951843261719,320.0512634277344
1,198,167.06412353515626,320.6362670898438
1,199,168.27218017578127,321.6192993164062
1,200,169.09770507812502,322.8458496093751
1,201,170.4310241699219,324.3874572753906
1,202,172.1906005859375,326.3214294433594
1,203,174.37857971191406,328.214306640625
1,204,177.05875549316409,330.13862304687495
1,205,180.14523010253907,332.2630554199219
1,206,182.6146179199219,333.9675354003906
1,207,184.96859741210938,335.44598999023435
1,208,186.86839904785154,336.9009216308594
1,209,188.25019226074218,337.4576782226563
1,210,189.14309997558595,337.1575378417969
1,211,189.2207672119141,336.4249938964844
1,212,188.10002746582038,335.3914306640625
1,213,186.51687927246095,333.679833984375
1,214,184.1621246337891,331.80173339843753
1,215,180.86304626464846,330.5157470703125
1,216,178.13291320800784,329.3560241699219
1,217,176.11621704101566,328.5866149902344
1,218,175.05230712890625,328.5301696777344
1,219,175.0892822265625,329.27360229492194
1,220,176.43282470703127,329.60247802734375
1,221,177.94706115722656,330.4397766113281
1,222,180.2459197998047,331.5890686035156
1,223,182.59580688476566,333.0891296386719
1,224,184.93965454101564,334.0720520019531
1,225,186.57739257812503,335.158984375
1,226,187.90325317382815,336.0902038574219
1,227,188.94496765136716,336.24602050781255
1,228,189.14945678710933,335.8630676269531
1,229,188.74073791503906,335.68442382812503
1,230,188.44481506347657,335.67827148437505
1,231,188.0085235595703,334.73167114257814
1,233,186.8151824951172,333.13542480468755
1,234,185.75658264160157,331.5699157714844
1,235,184.58238525390627,330.2122497558594
1,238,183.5602508544922,328.5391540527344
1,239,182.63189086914062,327.6849853515625
1,240,181.92676391601563,327.1470947265625
1,241,181.5694549560547,325.6021911621094
1,242,181.71895751953127,324.0420227050781
1,243,181.45586853027345,323.33228149414066
1,244,181.45370178222657,322.77255859375003
1,245,181.51479797363282,323.30445556640626
1,246,181.49788513183597,324.28070678710935
1,248,181.1189697265625,325.8097778320313
1,249,181.43113708496094,325.90477294921874
1,252,181.82713012695314,325.7960571289062
1,253,182.45169677734376,324.96711425781245
1,254,181.82575073242188,324.81052856445314
1,255,180.05257263183597,324.1437133789062
1,257,177.78590393066406,324.11455688476565
1,258,175.0229217529297,323.6889282226563
1,259,172.14046936035157,323.0408142089844
1,260,170.3208984375,321.76580200195315
1,261,169.23138732910158,320.72838745117184
1,262,168.82142028808596,319.16851196289065
1,263,168.00356445312502,318.008447265625
1,264,167.36947021484377,317.5705505371094
1,265,167.98065490722655,317.5008056640625
1,266,168.43929138183591,317.4950622558594
1,267,168.35564575195312,318.7307495117188
1,268,169.09412841796876,319.94995117187506
1,269,170.112744140625,320.89190063476565
1,270,170.3943817138672,321.89704589843745
1,271,171.12562255859376,322.14833374023436
1,272,172.23736572265625,321.9812316894531
1,273,172.17330322265627,321.9266967773438
1,274,171.38695068359377,321.13123168945316
1,275,169.85543212890627,320.22236938476567
1,276,168.58582763671876,319.2952453613281
1,277,167.11705322265627,317.99216308593753
1,278,165.88679809570314,316.59129638671874
1,279,164.86251525878907,316.21708984375
1,280,163.8729675292969,316.0227783203125
1,281,163.1198669433594,315.788037109375
1,282,161.94132385253909,315.8204406738281
1,283,161.50032348632814,315.87305908203126
1,284,161.3714172363281,315.6704467773437
1,285,162.0113189697266,315.4156921386719
1,286,162.92417907714844,315.6112365722656
1,287,164.46472778320313,316.4839782714844
1,288,165.90028076171876,317.5847534179687
1,289,166.90239562988285,318.990185546875
1,290,167.65068664550785,320.3452575683594
1,291,168.67584228515625,321.6479125976563
1,292,169.44598999023438,322.3499816894531
1,293,169.94759826660157,322.4573486328125
1,294,170.00586853027343,322.5778503417969
1,295,169.9712829589844,322.56555786132816
1,296,168.9205078125,322.21601562500007
1,297,167.2139404296875,321.5733276367187
1,298,166.02596740722657,321.3125305175781
1,299,165.6983612060547,320.7000793457031
1,300,165.44573669433595,320.3309936523437
1,301,165.3520050048828,320.04458007812497
1,302,165.55435180664062,319.8556030273437
1,303,165.75037536621096,319.6028686523438
1,304,165.62068786621094,319.503662109375
1,305,165.39440917968753,319.2787170410156
1,306,165.36493530273438,319.17598266601567
1,307,165.93255920410155,319.1942138671875
1,308,166.61196289062502,319.32190551757816
1,309,167.2877655029297,319.6539672851563
1,310,167.9436248779297,319.7609680175782
1,311,168.38794860839846,320.01970825195315
1,312,168.51554260253909,320.12590942382815
1,313,168.69926757812502,320.12934570312507
1,314,168.96370849609377,320.03297119140626
1,315,169.17575073242188,320.1882080078125
1,316,169.18619079589845,319.9181701660156
1,317,168.8084259033203,319.7018859863282
1,318,167.97714843750003,319.20977783203125
1,319,167.15807189941404,318.5333618164063
1,320,166.40759887695316,317.7166687011719
1,321,166.2563415527344,317.2062133789063
1,322,166.83631896972656,316.71054687500003
1,323,167.7639099121094,317.1847595214844
1,324,169.12573547363283,318.9050109863282
1,325,170.58671569824222,321.0250122070313
1,326,171.3634490966797,322.71772460937507
1,327,172.03237609863282,324.7107727050781
1,328,172.64550170898437,325.72706909179686
1,329,172.83826599121096,325.4354431152344
1,330,173.24845275878909,324.74864501953124
1,331,173.8454345703125,324.69055786132816
1,332,173.5768981933594,324.5254821777344
1,333,173.06148986816407,324.55522460937505
1,334,172.31346740722657,324.5960327148438
1,335,171.2593933105469,324.73499145507816
1,336,170.64162292480472,324.300439453125
1,337,170.2912292480469,323.68584594726565
1,338,170.11262512207034,322.65381469726566
1,339,170.03740539550785,321.67669067382815
1,340,169.8212585449219,320.6940673828125
1,341,168.8909362792969,320.00921630859375
1,342,167.61626892089845,319.39971313476565
1,343,166.2746551513672,319.3542907714844
1,344,165.2537628173828,319.6710388183594
1,345,164.00311279296875,319.5445861816406
1,346,163.16428527832034,319.04437255859375
1,347,162.85572509765626,318.7231750488281
1,348,162.28033142089848,318.4453125
1,349,161.40286865234378,317.80945434570316
1,350,161.15077819824216,317.83964843750005
1,351,160.95669250488282,318.33720703125005
1,352,160.58847045898438,318.649658203125
1,353,160.61045837402347,318.656689453125
1,354,160.7418151855469,318.6942138671875
1,355,160.34652099609377,318.5310729980469
1,356,160.05159301757817,318.3226013183594
1,357,159.9634979248047,318.32161254882817
1,358,159.91206970214844,318.54559936523435
1,359,160.79554443359376,319.1813720703125
1,360,161.4947448730469,319.7581787109375
1,361,162.00003662109376,320.43316650390625
1,362,162.78634033203127,320.9046936035156
1,363,163.71359863281253,321.43597412109375
1,364,163.74098205566406,321.7572082519531
1,365,163.73489685058593,322.00255126953124
1,366,163.79233398437503,322.1074523925781
1,367,163.90826721191405,322.6551513671875
1,368,164.22079162597657,323.16168823242185
1,369,164.17415466308594,323.1536010742187
1,370,164.46094055175783,323.4139709472656
1,371,164.69702453613283,323.53449707031257
1,372,164.81466064453124,323.2686218261719
1,373,163.68791503906252,322.61811523437507
1,374,162.16852111816408,321.86271972656255
1,375,159.778271484375,320.54876098632815
1,376,156.74659118652343,318.82200317382814
1,377,153.00632934570314,316.2205383300781
1,378,149.45197753906248,313.27314453125
1,379,146.09058837890626,310.0138916015625
1,380,143.45567626953127,306.7077514648438
1,381,141.5772888183594,303.5314086914062
1,382,140.44670410156252,300.7854736328125
1,383,139.99683532714843,298.51032104492185
1,384,139.9980224609375,296.9047607421875
1,385,140.4710693359375,296.07442016601567
1,386,141.2792907714844,295.8515563964844
1,387,142.32958374023437,296.4994995117188
1,388,143.65928955078124,297.8629150390625
1,389,145.36103515625,299.8924438476563
1,390,147.06514587402344,302.18035888671875
1,391,148.5021728515625,304.53037719726564
1,392,149.53089599609376,306.60942993164065
1,393,150.16026306152344,308.5036987304688
1,394,150.1021209716797,309.72266845703126
1,395,149.57188110351564,310.36904296875
1,396,149.12986450195314,310.7765197753906
1,397,148.62824096679688,310.7519958496094
1,398,148.08968811035157,310.3352844238281
1,399,147.5292510986328,309.68381958007814
1,400,147.25706176757814,308.90106201171875
1,401,146.8271453857422,307.7322570800781
1,402,146.24751586914064,306.6757446289063
1,403,145.60852661132813,305.29509277343755
1,404,145.61089477539065,304.14504394531247
1,405,145.65191345214845,303.04656372070315
1,406,145.7604736328125,302.2772155761719
1,407,146.17907104492187,301.6076538085938
1,408,146.802587890625,301.3539611816406
1,409,147.15090942382812,301.27244262695314
1,410,147.42918090820314,301.4509033203125
1,411,147.64222412109376,301.8831787109375
1,412,147.5846710205078,302.4482177734375
1,413,147.27540283203126,303.24326171875003
1,414,146.98417358398436,304.1692749023438
1,415,146.60268554687502,305.1399291992188
1,416,146.43839416503909,306.05756225585935
1,417,146.5012969970703,306.8540466308594
1,418,146.95789489746093,307.5216491699219
1,419,147.5662353515625,307.9565368652344
1,420,148.29328002929688,308.2484375
1,421,148.87081909179688,308.3326904296875
1,422,149.27259521484376,308.3670532226563
1,423,149.46802368164063,308.2106079101562
1,424,149.47381896972655,308.02744750976564
1,425,149.2648132324219,307.6450073242188
1,426,149.0405456542969,306.9983642578125
1,427,148.80048828125,306.1512145996094
1,428,148.54056701660159,305.2466735839844
1,429,148.07587280273438,304.1811340332031
1,430,147.68488159179688,303.18464965820317
1,431,147.1411315917969,302.50526733398436
1,432,146.59619750976563,302.1111694335938
1,433,146.1089324951172,301.9231262207031
1,434,145.73662414550782,302.11151123046875
1,435,145.46106567382816,302.66916503906253
1,436,145.42987670898438,303.3824890136719
1,437,145.72725524902344,304.2185913085938
1,438,146.14715881347655,305.1271362304688
1,439,146.77319946289063,305.9893737792969
1,440,147.49298095703125,306.68247070312503
1,441,148.2815673828125,307.31920166015624
1,442,148.9680969238281,307.9511413574219
1,443,149.58538208007812,308.427099609375
1,444,150.00421447753908,308.6528564453125
1,445,150.1296112060547,308.62962646484374
1,446,150.02030334472656,308.4055541992187
1,447,149.58129272460937,307.79965820312503
1,448,148.8822509765625,306.944580078125
1,449,147.9427734375,305.9474670410156
1,450,146.9782958984375,304.8918029785156
1,451,146.00729675292968,303.8530334472656
1,452,145.2718719482422,302.9748718261719
1,453,144.76238403320312,302.35792236328126
1,454,144.60008850097657,302.09758911132815
1,455,144.80874633789065,302.2205810546875
1,456,145.24107055664064,302.554345703125
1,457,145.9310302734375,303.1868896484375
1,458,146.78749084472656,304.10699462890625
1,459,147.632763671875,305.01282348632816
1,460,148.37504882812502,305.85484008789064
1,461,148.97409362792968,306.62279052734374
1,462,149.35799560546877,307.26337890624995
1,463,149.57945251464844,307.61842651367186
1,464,149.72516479492188,307.86150512695315
1,465,149.6067626953125,307.86572265625
1,466,149.44815063476562,307.7877624511719
1,467,149.11455993652345,307.46196899414065
1,468,148.56884155273437,306.98126220703125
1,469,147.79791259765625,306.45460205078126
1,470,147.0726318359375,305.8330383300781
1,471,146.3134979248047,305.06874999999997
1,472,145.65061950683594,304.4314331054687
1,473,145.24810791015625,303.91688842773436
1,474,145.07001037597658,303.4077453613281
1,475,145.0823944091797,303.151171875
1,476,145.29049377441407,303.17851562500005
1,477,145.6792419433594,303.2873962402344
1,478,146.21165161132814,303.5445190429688
1,479,146.8032958984375,304.121435546875
1,480,147.34095764160156,304.76616210937505
1,481,147.90189514160156,305.3274291992187
1,482,148.29571228027345,305.8144897460938
1,483,148.44204406738282,306.2412841796875
1,484,148.42883911132813,306.3881896972656
1,485,148.35005493164064,306.3520751953125
1,486,148.04064025878907,306.2325622558594
1,487,147.68271179199218,306.0826599121094
1,488,147.27413940429688,305.7772583007813
1,489,146.95305786132815,305.45725708007814
1,490,146.68860168457033,305.0766906738281
1,491,146.54021911621095,304.7403442382813
1,492,146.5476837158203,304.398828125
1,493,146.57701110839844,304.0970031738281
1,494,146.75100097656252,303.8145812988281
1,495,146.9911834716797,303.7090270996094
1,496,147.20907592773438,303.64421386718755
1,497,147.39732055664064,303.6714294433594
1,498,147.61704711914064,303.82578125
1,499,147.67223205566407,304.0585144042969
1,500,147.65533142089845,304.2643127441406
1,501,147.58077697753907,304.4596435546875
1,502,147.36746826171876,304.6063903808594
1,503,147.18091430664063,304.7962280273438
1,504,147.0527770996094,304.9731384277344
1,505,146.91831665039064,305.1257751464844
1,506,146.84656677246096,305.27161865234376
1,507,146.89528808593752,305.381884765625
1,508,146.98377380371093,305.41325683593755
1,509,147.0751678466797,305.39638671874997
1,510,147.2216064453125,305.3530517578125
1,511,147.38621826171877,305.2904968261719
1,512,147.56326293945312,305.2523010253906
1,513,147.7352264404297,305.2186584472656
1,514,147.79649047851564,305.09462890625
1,515,147.78748168945313,304.9397888183594
1,516,147.7797332763672,304.7338012695313
1,517,147.7087860107422,304.526513671875
1,518,147.53063354492187,304.3005615234375
1,519,147.43995971679686,304.16419067382816
1,520,147.33356018066405,304.0964294433594
1,521,147.0358154296875,304.05983276367186
1,522,146.75397033691405,304.09991455078125
1,523,146.4962158203125,304.18686523437503
1,524,146.25576477050782,304.2877685546875
1,525,146.1017059326172,304.42622680664067
1,526,146.23392639160159,304.64228515625
1,527,146.52086181640627,304.8754516601563
1,528,146.81754150390626,305.07490234375
1,529,147.1796661376953,305.2998779296875
1,530,147.49497985839844,305.469384765625
1,531,147.66602783203126,305.57551269531245
1,532,147.72324829101564,305.62835083007815
1,533,147.76645202636718,305.56381835937503
1,534,147.7117706298828,305.48605346679693
1,535,147.6059539794922,305.3366821289062
1,536,147.51402282714844,305.13637084960936
1,537,147.33286437988284,304.8649841308594
1,538,147.17594299316409,304.66357421875
1,539,147.05379638671877,304.4623107910156
1,540,146.9389129638672,304.3005859375
1,541,146.80697631835938,304.2484436035156
1,542,146.83048095703126,304.29938354492185
1,543,146.85190429687498,304.4400146484375
1,544,146.8557098388672,304.6049743652344
1,545,146.93462219238282,304.8659301757813
1,546,147.0264923095703,305.10869140625
1,547,147.12650146484376,305.3485961914063
1,548,147.24380187988282,305.55628051757816
1,549,147.39949645996094,305.75132446289064
1,550,147.60992126464845,305.78525390625003
1,551,147.73726196289064,305.7791442871094
1,552,147.7798309326172,305.75645751953124
1,553,147.7256805419922,305.6648315429687
1,554,147.59908447265624,305.510009765625
1,555,147.31413574218752,305.41650390625
1,556,147.06067199707033,305.2417297363281
1,557,146.80560302734375,305.0008178710938
1,558,146.65997314453125,304.769189453125
1,559,146.51285705566406,304.5358093261719
1,560,146.4484100341797,304.33875732421876
1,561,146.43916931152344,304.2330078125
1,562,146.44473266601562,304.2343688964844
1,563,146.50443420410156,304.3278869628906
1,564,146.59967651367188,304.49907836914065
1,565,146.74007873535157,304.7112243652344
1,566,146.89154968261718,304.9930786132812
1,567,147.12054138183595,305.21396484375003
1,568,147.28316345214844,305.3930114746094
1,569,147.4565185546875,305.5521545410156
1,570,147.53005371093752,305.65879516601564
1,571,147.54173583984377,305.66868286132814
1,572,147.43064575195314,305.63876953125003
1,573,147.32152404785157,305.5179138183594
1,574,147.1327331542969,305.2330017089844
1,575,147.00513916015626,304.93999633789065
1,576,146.87845153808593,304.6358581542969
1,577,146.79319152832034,304.3496337890625
1,578,146.6936492919922,304.12561645507816
1,579,146.6981170654297,304.0606384277344
1,580,146.684619140625,304.0652221679688
1,581,146.74652404785155,304.1120056152344
1,582,146.86024780273436,304.2099304199219
1,583,146.99176025390625,304.3281555175781
1,584,147.13856811523436,304.4989807128906
1,585,147.28692932128905,304.6289428710937
1,586,147.3010009765625,304.7130859375
1,587,147.20505065917968,304.7183837890625
1,588,147.1043914794922,304.70306396484375
1,589,146.95952453613282,304.62921142578125
2,0,166.49500515486562,303.7750157516191
2,1,166.80736956613438,303.9842044301158
2,2,167.1480207205672,304.1835969660345
2,3,167.52037963867187,304.38518676757815
2,4,167.6466796875,304.3653137207031
2,5,167.69857788085938,304.32390136718755
2,6,167.6941589355469,304.2387878417969
2,7,167.6367889404297,304.1578369140625
2,8,167.54959106445312,304.09946899414064
2,9,167.5019989013672,304.0900573730469
2,10,167.5313751220703,304.0952331542969
2,11,167.58519287109374,304.1369934082031
2,12,167.66300354003909,304.1873229980469
2,13,167.73775024414064,304.2057739257813
2,14,167.7983825683594,304.207666015625
2,15,167.77364807128907,304.20294799804685
2,16,167.74251403808597,304.1783752441406
2,17,167.69662170410157,304.1483032226563
2,18,167.6444000244141,304.1190368652344
2,19,167.58692321777346,304.09161376953125
2,20,167.5434753417969,304.0666198730469
2,21,167.50750122070315,304.03846435546876
2,22,167.4674560546875,303.9977661132813
2,23,167.43384399414063,303.98970336914067
2,24,167.40410156250002,303.9841796875
2,25,167.3867858886719,303.9840087890625
2,26,167.37644042968753,304.0002624511719
2,27,167.38295288085936,304.03452148437503
2,28,167.39116821289065,304.0473571777344
2,29,167.3989440917969,304.0646118164063
2,30,167.40295715332033,304.08135375976565
2,31,167.41102905273442,304.09906005859375
2,32,167.4254180908203,304.1234375
2,33,167.45486755371095,304.1480590820313
2,34,167.4193054199219,304.15606689453125
2,35,167.38807678222656,304.17417602539064
2,36,167.3559753417969,304.1824645996094
2,37,167.3102508544922,304.16343994140624
2,38,167.2460662841797,304.1463256835938
2,39,167.2530242919922,304.14605102539065
2,40,167.26934814453125,304.1378601074219
2,41,167.2706726074219,304.13482055664065
2,42,167.2858612060547,304.15605468750005
2,43,167.29713439941406,304.1678833007813
2,44,167.31278076171873,304.18006591796876
2,45,167.3191101074219,304.19544067382816
2,46,167.34078369140624,304.1843933105469
2,47,167.39260864257812,304.1705261230469
2,48,167.45673828125,304.1790710449219
2,49,167.5185516357422,304.18628540039066
2,50,167.58920288085938,304.2082275390625
2,51,167.64223632812502,304.246630859375
2,52,167.64697875976563,304.2636474609375
2,53,167.64837646484375,304.27025756835934
2,54,167.6533203125,304.2756286621094
2,55,167.63846435546876,304.26455078125
2,56,167.63228454589841,304.2685302734375
2,57,167.63496093750004,304.2853454589844
2,58,167.61956176757812,304.2458740234375
2,59,167.56121215820315,304.20740356445316
2,60,167.49761352539062,304.1668640136719
2,61,167.43709716796877,304.1133544921875
2,62,167.38331604003906,304.0641357421875
2,63,167.34087829589845,304.0580688476563
2,64,167.34587707519535,304.0519958496094
2,65,167.3597839355469,304.056298828125
2,66,167.3689910888672,304.05018920898436
2,67,167.37555236816408,304.04233398437503
2,68,167.38190917968754,304.037841796875
2,69,167.37414245605473,304.0352478027344
2,70,167.38372497558598,303.9918090820313
2,71,167.35843505859378,303.9664733886719
2,72,167.32488098144535,303.9599975585938
2,73,167.29268798828127,303.9476196289063
2,74,167.2679626464844,303.9393981933594
2,75,167.22137145996095,303.95484008789066
2,76,167.2113708496094,303.9598754882813
2,77,167.2082489013672,303.9499389648438
2,78,167.21168518066406,303.955224609375
2,79,167.1974304199219,303.95142822265626
2,80,167.17987060546875,303.95466308593745
2,81,167.1654968261719,303.97137451171875
2,82,167.1874481201172,304.062890625
2,83,167.20364074707035,304.1469299316406
2,84,167.2359100341797,304.24688110351565
2,85,167.26588134765626,304.3347534179687
2,86,167.30401611328125,304.41815185546875
2,87,167.3162750244141,304.42401123046875
2,88,167.34100646972655,304.4262329101563
2,89,167.34876098632816,304.40972290039065
2,90,167.37073974609376,304.40352172851567
2,91,167.39083557128907,304.3918762207031
2,92,167.41599731445314,304.38245239257816
2,93,167.4293182373047,304.37886352539067
2,94,167.4203308105469,304.30380859375003
2,95,167.39741516113284,304.2162536621094
2,96,167.37081909179688,304.13474731445314
2,97,167.33076171875,304.0609313964844
2,98,167.30581970214843,303.97595825195316
2,99,167.3062744140625,303.9590759277344
2,100,167.32177734375,303.9569091796875
2,101,167.3283264160156,303.9450988769531
2,102,167.32785339355468,303.9284301757813
2,103,167.32019348144533,303.9217529296875
2,104,167.3141357421875,303.92783203125
2,105,167.3018280029297,303.93291015625
2,106,167.26782531738283,303.9150024414063
2,107,167.24417724609378,303.91147460937503
2,108,167.20968322753907,303.9046630859375
2,109,167.21991577148438,303.9249633789063
2,110,167.33976135253906,304.0246826171875
2,111,167.70298767089844,304.39470214843755
2,112,168.29815368652345,304.9524597167969
2,113,169.08516235351564,305.7306579589844
2,114,170.04377136230468,306.7009521484375
2,115,171.10902404785156,307.8074035644531
2,116,172.16282043457034,308.96857299804685
2,117,173.60808715820315,310.0277160644531
2,118,174.80598754882814,311.24756469726566
2,119,175.8365997314453,312.3809997558594
2,120,176.8651123046875,313.4614501953125
2,121,178.14066162109376,314.3136413574219
2,122,179.04024047851564,315.2158874511719
2,123,179.92217407226565,315.8288818359375
2,124,180.78641967773441,316.476220703125
2,125,181.99251403808594,317.1851745605469
2,126,183.01766967773438,318.16557617187505
2,127,184.03326416015628,319.30701904296876
2,128,185.6553649902344,320.62122802734376
2,129,187.79472656250002,322.3392028808594
2,130,189.57667236328126,324.409912109375
2,131,191.13589172363282,326.29407958984376
2,132,193.24212036132815,327.90487670898443
2,133,194.90445251464848,329.4373840332032
2,134,195.94300231933596,330.4605529785156
2,135,196.86109008789066,331.0811218261719
2,136,197.49651794433595,331.98565063476565
2,137,197.37009277343748,333.163671875
2,138,197.30626831054687,334.134912109375
2,139,197.51225891113282,335.180517578125
2,140,197.43032836914065,336.46328125
2,141,197.30365295410158,337.4916198730469
2,142,197.18545837402348,338.2380249023438
2,143,196.70407104492188,339.0340087890625
2,144,196.1347229003906,339.5016174316406
2,145,195.65253906249998,339.5864562988281
2,146,195.22790527343747,339.39885864257815
2,147,194.49010925292967,338.9764038085938
2,148,193.64277343749998,338.2320922851563
2,149,192.54145507812498,337.4071899414063
2,150,191.08649597167968,336.1379333496094
2,151,189.877734375,334.4369873046876
2,152,188.55662536621094,332.4541442871094
2,153,187.26177978515625,330.5517211914063
2,154,185.90434570312502,328.5504943847656
2,155,184.55780639648435,326.71042480468753
2,156,182.99002380371093,325.17219848632817
2,157,181.8379089355469,323.9604858398437
2,158,181.05742797851565,322.5610717773438
2,159,180.33548889160153,321.50144653320314
2,160,180.31819458007814,320.6202758789063
2,161,181.41351928710935,319.5007568359375
2,162,182.15577392578126,318.7779479980469
2,163,182.11529541015622,318.78024902343753
2,164,182.11533508300784,318.9039611816406
2,165,181.90024719238284,318.9336853027344
2,166,181.54449157714848,319.3260986328125
2,167,181.7246032714844,319.4013366699219
2,168,182.2028991699219,319.3858947753907
2,169,182.68108215332032,319.2310791015625
2,170,182.5797546386719,319.21063232421875
2,171,181.92337036132815,319.084228515625
2,172,181.23339538574223,318.8743835449219
2,173,181.18164978027346,318.31678466796876
2,174,181.01457214355472,317.89429931640626
2,175,181.54165649414062,317.4596252441406
2,176,181.44193420410159,317.1507751464844
2,177,180.95611267089845,316.98993530273435
2,178,180.2420623779297,317.0027526855469
2,179,179.94913024902345,316.8821594238281
2,180,179.532470703125,316.74224853515625
2,181,180.0265350341797,316.6662109375
2,182,180.77344665527343,316.96620483398436
2,183,181.761669921875,317.41791992187495
2,184,182.6046112060547,318.17967529296874
2,185,183.40227050781252,319.30369873046874
2,186,183.968115234375,320.5659973144531
2,187,184.61334838867188,321.5798278808594
2,188,184.81555480957033,322.434716796875
2,189,184.76788635253908,323.19372558593756
2,190,185.29283142089844,323.67937622070315
2,191,185.91336975097659,323.7967895507813
2,192,186.10721740722659,323.70820922851567
2,193,185.99412536621094,323.70863037109376
2,194,186.2643249511719,323.4712768554688
2,195,186.35918273925782,323.27454223632816
2,196,186.61217041015627,323.3527160644532
2,197,187.44207153320315,323.5548339843751
2,198,188.83526611328125,324.0362426757813
2,199,189.9922576904297,325.0966430664063
2,200,191.09451904296876,326.36842041015626
2,201,192.72571411132816,327.9036804199219
2,202,194.54045410156252,329.58732910156255
2,203,196.5249633789063,331.1554382324219
2,204,199.0795135498047,332.8104675292969
2,205,201.95257263183598,334.57720336914065
2,206,204.04403381347657,336.06211547851564
2,207,205.95880126953128,337.4147033691406
2,208,207.43204040527345,338.6023071289063
2,209,208.32154235839846,339.0031372070313
2,210,208.65073242187503,338.8140380859375
2,211,208.39076843261722,338.0243774414063
2,212,207.23574829101565,337.09946289062503
2,213,205.5996063232422,335.72785644531245
2,214,203.3007781982422,334.1554931640625
2,215,201.0462646484375,332.8673034667969
2,216,198.97255554199216,332.0533142089844
2,217,197.45399169921873,331.4057800292969
2,218,197.12354736328126,331.0752685546875
2,219,197.70621337890623,331.32484741210936
2,220,198.44887084960936,331.50341796875
2,221,199.77621154785157,331.97263793945314
2,222,201.28928527832034,332.74186401367194
2,223,202.58959960937503,333.7340637207031
2,224,204.19539794921877,334.92363891601565
2,225,205.5194763183594,336.20549926757815
2,226,206.54224853515626,337.3913940429688
2,227,207.41023864746094,338.13779907226564
2,228,207.68284912109374,338.5868713378906
2,229,206.97878417968752,338.46373291015624
2,230,206.08623962402345,338.0339721679687
2,231,205.0031646728516,337.6260192871094
2,232,203.94352111816409,336.8203186035156
2,233,202.74734802246095,335.61126098632815
2,234,201.8833190917969,334.6091003417969
2,235,201.12172546386722,333.8335266113281
2,236,200.2282653808594,332.82725219726564
2,237,199.3636444091797,332.10139160156257
2,238,198.86480102539065,331.7072875976562
2,239,198.46404418945315,331.46248168945317
2,240,198.13237609863285,331.0275451660156
2,241,198.02105102539065,330.4181030273438
2,242,197.9052703857422,330.0732055664062
2,243,198.19570312500002,329.4019653320313
2,244,198.60899963378907,328.9541259765625
2,245,199.05942382812498,328.5938232421875
2,246,199.8439208984375,328.4860900878906
2,247,200.61380004882812,328.09661254882815
2,248,201.94671020507812,327.14975585937503
2,249,203.83796081542968,325.40423583984375
2,250,205.0798553466797,324.842041015625
2,251,205.41350708007815,324.88380126953126
2,252,205.93984375000002,324.69086914062507
2,253,205.64364929199223,325.0868408203125
2,254,204.61038513183598,325.68818359375
2,255,203.69329528808595,325.0780944824219
2,256,203.0623291015625,323.84506225585943
2,257,201.93479003906253,323.0719177246094
2,258,199.24631347656253,323.52685546875006
2,259,196.57268371582035,324.04041137695316
2,260,194.4525573730469,324.1975830078125
2,261,192.57037353515625,323.9949829101563
2,262,191.26647033691407,323.0657653808594
2,263,191.16631164550785,321.6018005371094
2,264,190.94568786621096,320.6421691894531
2,265,190.7989013671875,320.1221313476563
2,266,190.11882324218755,320.7404968261719
2,267,189.34717407226563,322.13330078125006
2,268,189.17630004882815,323.2530822753907
2,269,189.9279754638672,324.02983398437505
2,270,190.8526062011719,324.990869140625
2,271,191.97996826171877,325.13130493164067
2,272,192.7743072509766,325.2024658203125
2,273,192.8920837402344,325.2745056152344
2,274,192.19875793457032,325.17387695312505
2,275,190.88378295898437,324.5785522460938
2,276,189.76754150390624,323.8196960449219
2,277,188.6466064453125,322.84803466796876
2,278,187.65774230957027,321.7510498046875
2,279,186.6865447998047,320.6472229003906
2,280,186.00510559082034,319.8797119140625
2,281,185.21833190917968,319.5220031738281
2,282,184.4180633544922,319.4999816894531
2,283,183.8907897949219,319.6263488769531
2,284,183.58660888671878,319.844384765625
2,285,183.5057525634766,320.0514221191406
2,286,184.42299194335942,320.15977172851564
2,287,185.58513793945315,320.2111022949219
2,288,186.77018127441409,320.5213256835938
2,289,188.0787078857422,321.18702392578126
2,290,189.3836181640625,322.00615234375005
2,291,190.1397705078125,323.0804138183594
2,292,190.79606933593752,324.0894409179688
2,293,191.2668243408203,324.7090026855469
2,294,191.4231414794922,324.9237487792969
2,295,191.23428649902343,324.9753784179688
2,296,190.50975646972657,324.7031005859375
2,297,189.58169250488282,324.2753173828125
2,298,188.7492401123047,323.8377624511719
2,299,187.9582489013672,323.3717346191406
2,300,187.44554443359374,322.95574340820315
2,301,187.18911743164062,322.43382568359374
2,302,186.9190856933594,322.0780334472656
2,303,186.7457061767578,322.0136169433594
2,304,186.69745788574218,322.1985290527344
2,305,186.56257019042968,322.4267211914063
2,306,186.65335083007812,322.7340087890625
2,307,187.36646728515623,323.02507934570315
2,308,188.01736755371093,323.1907165527344
2,309,188.6107696533203,323.3833129882812
2,310,189.34930725097655,323.4253295898438
2,311,189.7200958251953,323.68720703125
2,312,189.6120147705078,323.9882446289063
2,313,189.7240661621094,324.35848388671883
2,314,189.8381256103516,324.54658203125
2,315,189.87276000976564,324.6799621582031
2,316,189.7760437011719,324.4339538574219
2,317,189.31133422851565,324.2591674804688
2,318,188.34280395507812,323.74672241210936
2,319,187.34857482910155,322.9308349609375
2,320,186.43288879394532,322.38385620117185
2,321,185.8123016357422,322.04917602539064
2,322,185.9570526123047,321.5137939453125
2,323,186.57608032226562,321.33826293945316
2,324,187.46991271972655,321.8555297851563
2,325,188.2530944824219,322.48896484375
2,326,189.1529510498047,323.3995849609375
2,327,189.93884582519536,324.29661865234374
2,328,190.72521667480473,325.00458984375
2,329,191.6966064453125,325.341015625
2,330,193.0879638671875,325.3441467285156
2,331,193.86685791015628,325.3719177246094
2,332,193.94827880859378,325.7341247558594
2,333,193.44736022949218,326.19468994140624
2,334,192.24432067871095,326.6843383789062
2,335,190.74100036621093,327.0921752929688
2,336,190.00271606445315,327.1419189453125
2,337,189.62635803222656,326.7125061035156
2,338,189.56858215332034,325.9778564453125
2,339,189.65419921875002,325.00677490234375
2,340,189.4713073730469,324.1520324707032
2,341,188.525927734375,323.4352661132813
2,342,187.17328186035155,322.80385131835936
2,343,185.99212036132815,322.295556640625
2,344,185.10582580566407,321.850341796875
2,345,184.29600524902347,321.29653320312497
2,346,183.77834777832032,320.48826904296874
2,347,183.6776031494141,319.91429443359374
2,348,183.3739166259766,319.4583679199219
2,349,182.86599121093755,319.0899597167969
2,350,182.6666381835938,319.00376586914064
2,351,182.47271118164065,319.064892578125
2,352,182.36268615722656,319.05164794921876
2,353,182.51961364746097,318.9304565429688
2,354,182.7179748535156,318.9155639648438
2,355,182.42516784667967,318.8148132324219
2,356,182.3137634277344,318.837890625
2,357,182.22447814941404,318.93193359375
2,358,182.1668273925781,318.97844848632815
2,359,182.66554870605466,318.98615112304685
2,360,183.33822937011718,319.1468811035156
2,361,183.8934875488281,319.35991821289065
2,362,184.6527587890625,319.47901000976566
2,363,185.38162841796873,319.87715454101567
2,364,185.55860900878906,320.5025695800781
2,365,185.47265319824217,320.96240844726566
2,366,185.63411560058594,321.3486267089844
2,367,185.87430725097659,321.8069946289063
2,368,186.21756591796878,322.1560485839844
2,369,186.25285949707035,322.2117553710938
2,370,186.54824829101565,322.2425842285157
2,371,186.47060546875002,322.22542114257817
2,372,185.89565429687502,322.1749206542969
2,373,184.58364868164065,321.84859008789067
2,374,183.15637817382816,321.2654663085938
2,375,181.2783935546875,320.33997802734376
2,376,178.78367919921877,319.03704223632815
2,377,175.96761779785157,317.1763854980469
2,378,173.10079345703127,314.75868530273436
2,379,170.17313537597659,311.9544677734375
2,380,167.30117797851562,308.8446044921875
2,381,165.1998718261719,305.5554443359375
2,382,163.84758911132812,302.56334228515624
2,383,163.0686798095703,300.25274658203125
2,384,162.89901733398438,298.6150695800781
2,385,163.54052734374997,297.71287841796874
2,386,164.55994262695313,297.6019714355469
2,387,165.44028625488284,297.912255859375
2,388,166.56548767089845,298.8134704589844
2,389,167.80889587402345,300.2766967773438
2,390,168.77963256835938,302.0222412109375
2,391,169.5669189453125,303.83374023437506
2,392,170.34223022460938,305.79719238281245
2,393,170.90445861816406,307.77081298828125
2,394,171.19697875976564,309.51640014648433
2,395,171.34400024414063,310.867529296875
2,396,171.41384582519532,311.96906127929685
2,397,171.24381408691409,312.37590942382815
2,398,170.89605712890628,312.20029907226564
2,399,170.37770690917972,311.4723571777344
2,400,169.7099548339844,310.4716003417969
2,401,168.9849761962891,309.0557861328125
2,402,168.32153930664063,307.71066894531253
2,403,167.69247741699223,306.20715942382816
2,404,167.37758178710936,304.793115234375
2,405,167.19422912597656,303.4673278808594
2,406,167.08590698242188,302.3789794921875
2,407,167.2354187011719,301.54985961914065
2,408,167.50705566406248,300.9870300292969
2,409,167.71252441406253,300.6763854980469
2,410,167.94253234863282,300.8302673339844
2,411,168.0071716308594,301.26007080078125
2,412,167.90882873535156,301.92936401367194
2,413,167.59127197265627,302.9844604492188
2,414,167.24920043945315,304.1642578125
2,415,166.92073974609377,305.26890869140624
2,416,166.95162048339847,306.39317016601564
2,417,167.16094970703128,307.3951049804688
2,418,167.6989196777344,308.12852172851564
2,419,168.32324218750003,308.69495849609376
2,420,169.03051757812503,309.0359313964844
2,421,169.54261169433596,309.0642395019531
2,422,169.88457031250002,308.9179382324219
2,423,169.98748779296875,308.60394287109375
2,424,169.9494598388672,308.1071044921875
2,425,169.79722900390624,307.5194152832031
2,426,169.6173858642578,306.7937438964844
2,427,169.34707031250002,305.83086547851565
2,428,168.99253540039064,304.73347167968745
2,429,168.50860290527345,303.6147766113281
2,430,168.03597717285157,302.5738464355469
2,431,167.46316528320315,301.78574829101564
2,432,167.06476135253905,301.46343994140625
2,433,166.7971923828125,301.45322265625
2,434,166.57170715332032,301.8134399414063
2,435,166.50327758789064,302.50415649414066
2,436,166.66461791992188,303.44447021484376
2,437,166.89573669433597,304.47368774414065
2,438,167.29103698730472,305.5766967773437
2,439,167.89870910644532,306.61273193359375
2,440,168.54355773925784,307.45953369140625
2,441,169.20869140625,308.0822204589844
2,442,169.8446075439453,308.51682739257814
2,443,170.37234802246093,308.7426208496094
2,444,170.7145233154297,308.7095031738281
2,445,170.6807067871094,308.4582275390625
2,446,170.45574340820315,308.0151000976563
2,447,169.95045166015626,307.2748474121094
2,448,169.24410400390624,306.455712890625
2,449,168.3585418701172,305.5390563964844
2,450,167.59497070312503,304.5626647949219
2,451,166.8744781494141,303.6492126464844
2,452,166.37911376953127,302.964111328125
2,453,166.09790344238283,302.3630737304688
2,454,166.0776550292969,302.08428344726565
2,455,166.18034973144532,302.11029052734375
2,456,166.35403137207032,302.4205993652344
2,457,166.64963989257814,302.88128662109375
2,458,166.98597412109376,303.60894165039065
2,459,167.3374481201172,304.4153198242187
2,460,167.88475036621094,305.3077331542969
2,461,168.45645141601562,306.0526184082031
2,462,168.94122009277345,306.6571044921875
2,463,169.4034942626953,307.0435852050781
2,464,169.8260681152344,307.23451538085936
2,465,169.88542480468752,307.1626892089844
2,466,169.80591735839843,307.0606628417969
2,467,169.57323608398437,306.9331115722656
2,468,169.18113403320314,306.64599609375
2,469,168.6022491455078,306.3263854980469
2,470,168.07162780761718,305.91761474609376
2,471,167.57791442871095,305.3959655761719
2,472,167.12333679199222,304.83562622070315
2,473,166.8284423828125,304.391796875
2,474,166.69271240234377,303.95679321289066
2,475,166.6470489501953,303.6693054199219
2,476,166.7072937011719,303.5039794921875
2,477,166.90343017578127,303.52299804687505
2,478,167.1994293212891,303.5690124511719
2,479,167.5101959228516,303.8434265136719
2,480,167.78615722656252,304.2492431640625
2,481,168.02859802246095,304.7160583496094
2,482,168.17131652832032,305.08179931640626
2,483,168.17152404785156,305.5256591796875
2,484,168.1438446044922,305.8138305664063
2,485,168.12242126464844,306.0259887695313
2,486,168.0670593261719,306.12622680664066
2,487,168.01864624023438,306.2359497070313
2,488,167.9126708984375,306.2034118652344
2,489,167.92909851074222,306.1679870605469
2,490,167.88264770507814,305.9471374511719
2,491,167.75744628906253,305.7243530273438
2,492,167.69199523925784,305.43364257812505
2,493,167.69439392089845,305.1954650878906
2,494,167.65632629394534,304.8919128417969
2,495,167.72692871093753,304.70671997070315
2,496,167.89745178222657,304.5649719238281
2,497,168.0525604248047,304.51856689453126
2,498,168.14644165039064,304.49436645507814
2,499,168.11844177246093,304.4779479980469
2,500,167.96038208007815,304.51068115234375
2,501,167.7780029296875,304.5867858886719
2,502,167.60232543945312,304.68003540039064
2,503,167.4652526855469,304.8201599121094
2,504,167.3979949951172,305.052734375
2,505,167.48682861328126,305.2633361816406
2,506,167.60673828125002,305.45078125
2,507,167.68335571289063,305.5908569335938
2,508,167.76429443359376,305.6626159667969
2,509,167.8576568603516,305.6575622558594
2,510,167.93454895019534,305.6301696777344
2,511,167.99789428710938,305.5698486328125
2,512,167.99813537597657,305.423291015625
2,513,167.9974548339844,305.2786193847656
2,514,167.93876953125002,305.09580078125003
2,515,167.8449615478516,304.9216796875
2,516,167.71862792968753,304.71947021484374
2,517,167.66951293945314,304.59165039062503
2,518,167.57569580078126,304.4783142089844
2,519,167.4915740966797,304.42528076171874
2,520,167.38597106933594,304.34197998046875
2,521,167.25504150390626,304.28876953124995
2,522,167.07843322753908,304.2663146972656
2,523,167.0530700683594,304.3788696289063
2,524,167.08714599609377,304.52846069335936
2,525,167.15225830078128,304.77305297851564
2,526,167.2599822998047,304.9905029296875
2,527,167.47595825195313,305.19873046875006
2,528,167.56470031738283,305.2791687011719
2,529,167.6305114746094,305.3286010742188
2,530,167.69700012207034,305.31653442382816
2,531,167.76315612792968,305.3301513671875
2,532,167.77252502441408,305.2846923828125
2,533,167.75857849121095,305.18455810546874
2,534,167.6874969482422,305.0695007324219
2,535,167.58756408691406,304.88495483398435
2,536,167.50975341796877,304.674951171875
2,537,167.39853515625003,304.4713012695313
2,538,167.40886840820315,304.3175964355469
2,539,167.47055358886718,304.153466796875
2,540,167.54608154296875,304.04957275390626
2,541,167.57554626464847,304.00426635742184
2,542,167.61479797363282,303.98997192382814
2,543,167.56090087890627,304.02260742187497
2,544,167.5026733398438,304.1043701171875
2,545,167.51247253417972,304.2656555175781
2,546,167.59102783203127,304.46441650390625
2,547,167.7127716064453,304.68971557617186
2,548,167.8334167480469,304.8658996582031
2,549,167.94334106445314,304.98947753906253
2,550,168.0538543701172,305.05942382812503
2,551,168.11961669921877,305.0856567382813
2,552,168.1274200439453,305.09859008789067
2,553,168.08201599121097,305.0797546386719
2,554,167.95803527832032,305.0350341796875
2,555,167.7781707763672,304.9934814453125
2,556,167.60720214843752,304.9095947265625
2,557,167.4738006591797,304.82527465820317
2,558,167.40793151855468,304.7592712402344
2,559,167.3942932128906,304.7301452636719
2,560,167.41998596191408,304.6716491699219
2,561,167.4658203125,304.64898681640625
2,562,167.4652587890625,304.56764526367186
2,563,167.4899444580078,304.5138305664063
2,564,167.5487762451172,304.47491455078125
2,565,167.58980102539064,304.4344909667969
2,566,167.59919738769534,304.40020751953125
2,567,167.68079223632813,304.4380798339844
2,568,167.72192993164063,304.4881530761719
2,569,167.75903930664066,304.55304565429685
2,570,167.76990051269536,304.62305908203126
2,571,167.75989074707036,304.6556457519531
2,572,167.7264831542969,304.67624511718753
2,573,167.67227478027343,304.63547363281253
2,574,167.58150024414064,304.59828491210936
2,575,167.4978790283203,304.5631469726563
2,576,167.4601745605469,304.55543212890626
2,577,167.40169372558594,304.55950927734375
2,578,167.38751220703128,304.6070678710938
2,579,167.43506164550783,304.64429931640626
2,580,167.48761291503908,304.6781005859375
2,581,167.52692260742188,304.70375366210936
2,582,167.57186279296877,304.6875854492188
2,583,167.61148071289062,304.66990966796874
2,584,167.65108642578124,304.65068359375005
2,585,167.67655029296878,304.6539611816406
2,586,167.71749267578127,304.67283325195314
2,587,167.75799560546875,304.69849853515626
2,588,167.78663635253906,304.7153564453125
2,589,167.79044494628909,304.7236633300781
3,0,181.7035606125948,290.9742816706338
3,1,181.93444669908666,291.15165734422465
3,2,182.15957106682848,291.34274761742483
3,3,182.39476623535154,291.5408874511719
3,4,182.4826202392578,291.517919921875
3,5,182.49314880371094,291.5344970703125
3,6,182.4637390136719,291.5444702148438
3,7,182.4408447265625,291.5467712402344
3,8,182.41262817382815,291.55037231445317
3,9,182.40328674316407,291.57777099609376
3,10,182.4169372558594,291.64113159179686
3,11,182.44780578613282,291.70180053710936
3,12,182.46797180175784,291.7337951660156
3,13,182.48966064453128,291.7417114257812
3,14,182.50087280273436,291.7201477050781
3,15,182.48997802734377,291.6433532714844
3,16,182.46505126953127,291.5702209472656
3,17,182.4338806152344,291.5193725585938
3,18,182.38096618652344,291.48046875
3,19,182.3172637939453,291.46238403320314
3,20,182.24305725097656,291.4539733886719
3,21,182.16869201660157,291.4476196289063
3,22,182.14205322265627,291.4369567871094
3,23,182.14326782226564,291.4396484375
3,24,182.1616668701172,291.4404357910156
3,25,182.20744628906252,291.4440551757813
3,26,182.2728179931641,291.4467468261719
3,27,182.3028289794922,291.45908813476564
3,28,182.33294067382815,291.4650329589844
3,29,182.36227111816407,291.4704467773438
3,30,182.3831817626953,291.4768432617188
3,31,182.39042053222659,291.4873474121094
3,32,182.39800720214845,291.4931884765625
3,33,182.3953399658203,291.4960632324219
3,34,182.33680114746096,291.4818054199219
3,35,182.28760681152346,291.46477661132815
3,36,182.24382324218752,291.4399780273438
3,37,182.21187438964844,291.405712890625
3,38,182.17784423828124,291.3741821289063
3,39,182.20760498046877,291.36259765625
3,40,182.22660827636716,291.35694580078126
3,41,182.2380065917969,291.3562805175781
3,42,182.23308410644535,291.3670227050781
3,43,182.22172851562505,291.3725891113281
3,44,182.20039672851564,291.37506103515625
3,45,182.184375,291.3724548339844
3,46,182.19823913574223,291.3792358398438
3,47,182.2053253173828,291.3914306640625
3,48,182.21486816406252,291.40972290039065
3,49,182.2296356201172,291.43632812500005
3,50,182.2411315917969,291.47108154296876
3,51,182.22117919921877,291.498974609375
3,52,182.2127807617188,291.5173095703125
3,53,182.20947875976566,291.53785400390626
3,54,182.2052673339844,291.5447509765625
3,55,182.1988067626953,291.54755859375
3,56,182.19317321777342,291.54302368164065
3,57,182.18836059570313,291.5406921386719
3,58,182.17552795410157,291.5179504394531
3,59,182.16962280273438,291.50771484375
3,60,182.16478271484377,291.49083251953124
3,61,182.16760864257816,291.4768737792969
3,62,182.1756103515625,291.46184692382815
3,63,182.18578186035157,291.4626220703125
3,64,182.18507080078126,291.4560791015625
3,65,182.17906799316407,291.4578063964844
3,66,182.17236633300783,291.45198364257817
3,67,182.1616973876953,291.4463623046875
3,68,182.15631408691408,291.4367370605469
3,69,182.14687805175782,291.4290832519531
3,70,182.16836547851562,291.4044494628906
3,71,182.16542663574222,291.401123046875
3,72,182.15184936523437,291.40452270507814
3,73,182.1385955810547,291.4054443359375
3,74,182.13148498535156,291.4132385253906
3,75,182.09542541503905,291.43348388671876
3,76,182.08738708496094,291.44349975585936
3,77,182.09640808105468,291.4521911621094
3,78,182.10086059570315,291.46715087890624
3,79,182.09458007812503,291.4701049804687
3,80,182.0941284179688,291.4743408203125
3,81,182.0884460449219,291.4844482421875
3,82,182.10036621093752,291.4901123046875
3,83,182.1227233886719,291.51099853515626
3,84,182.14754333496094,291.53626098632816
3,85,182.16029052734376,291.5539794921875
3,86,182.1750152587891,291.5688720703125
3,87,182.15933837890626,291.5854736328125
3,88,182.13263244628908,291.5867126464844
3,89,182.11519165039064,291.5855773925781
3,90,182.10259094238282,291.59105834960934
3,91,182.09156799316406,291.5873046875
3,92,182.09172058105472,291.57800903320316
3,93,182.0993804931641,291.5758422851563
3,94,182.11555480957034,291.5556640625
3,95,182.13695068359377,291.5293395996094
3,96,182.1455841064453,291.5068664550781
3,97,182.15681762695317,291.48900756835934
3,98,182.16395874023442,291.4586975097656
3,99,182.16079101562502,291.44633789062505
3,100,182.1505065917969,291.43909301757816
3,101,182.14961547851567,291.43064575195314
3,102,182.13225402832032,291.417626953125
3,103,182.11686401367186,291.4124084472656
3,104,182.10007019042968,291.413671875
3,105,182.0833984375,291.41831054687503
3,106,182.0312957763672,291.42302856445315
3,107,181.99202575683594,291.441015625
3,108,181.9562225341797,291.45464477539065
3,109,181.95307617187498,291.4732360839844
3,110,181.96938171386716,291.6660400390625
3,111,181.8104705810547,292.0218933105469
3,112,182.11105957031248,292.5229309082032
3,113,182.3041442871094,293.2542175292969
3,114,182.49184875488282,294.4481140136719
3,115,183.07132873535156,295.6650024414063
3,116,183.99427185058596,297.0372009277344
3,117,184.98396606445314,298.3135620117188
3,118,186.20059814453126,299.69285888671874
3,119,187.3628112792969,300.52023925781253
3,120,188.3297027587891,301.360986328125
3,121,189.56492614746097,302.177978515625
3,122,190.44740295410156,303.1057434082031
3,123,191.1385467529297,303.9562622070312
3,124,192.2720947265625,305.0103698730469
3,125,193.61717224121094,306.0927368164063
3,126,194.7468017578125,307.09290771484376
3,127,195.97015991210938,308.2029724121094
3,128,197.66770019531248,309.5068725585937
3,129,199.40013732910154,311.0939880371094
3,130,201.14530639648436,312.76295776367186
3,131,202.68951416015625,314.4694763183594
3,132,204.67697143554688,315.80177612304686
3,133,206.25908813476562,316.9285095214844
3,134,207.70244750976562,317.6594482421875
3,135,208.79235229492187,318.3313354492187
3,136,209.6695343017578,319.2446594238281
3,137,209.90267028808594,320.16258544921874
3,138,210.10158081054686,320.79567871093747
3,139,210.4176818847656,321.5108581542969
3,140,210.84503173828125,322.1406433105469
3,141,211.51878051757814,322.3582580566407
3,142,212.6309539794922,322.78731079101567
3,143,213.54104919433593,323.3712463378906
3,144,214.06357116699218,324.020068359375
3,145,214.40364990234377,324.55144653320315
3,146,214.41397705078128,324.9453979492188
3,147,213.75465087890626,325.1514038085938
3,148,213.09313659667967,324.94211425781253
3,149,211.93866882324218,324.0276611328125
3,150,210.41061401367188,322.47202148437503
3,151,208.76109619140624,320.75315551757814
3,152,206.95310668945314,318.42243041992185
3,153,204.8533142089844,316.4129028320313
3,154,203.06860656738283,314.25086669921876
3,155,201.1036834716797,312.5171630859375
3,156,199.52564392089846,310.6754211425781
3,157,198.10207519531252,309.39740600585935
3,158,197.25419921875005,307.38560791015624
3,159,196.56654663085936,306.0975646972656
3,160,196.57860717773437,305.21347045898443
3,161,197.11376342773437,304.13568115234375
3,162,197.8983154296875,303.70799560546874
3,163,198.18502197265624,304.3414306640625
3,164,198.21085205078126,305.1764343261719
3,165,198.04168701171875,305.7942626953125
3,166,197.928662109375,306.67759399414064
3,167,197.7130065917969,306.9941833496094
3,168,197.9438659667969,307.10288696289064
3,169,198.42265930175785,306.93125610351564
3,170,198.61747741699222,306.4908020019531
3,171,198.3532196044922,305.96746215820315
3,172,198.1282470703125,305.4982116699219
3,173,198.11245727539062,304.7653625488281
3,174,197.94224243164064,304.28082885742185
3,175,198.13442077636722,303.9351623535156
3,176,198.10368957519535,303.6416198730469
3,177,197.8740234375,303.222900390625
3,178,197.2528259277344,303.02145996093753
3,179,196.79006652832032,302.59996337890624
3,180,196.333154296875,302.1324096679688
3,181,196.23131713867184,301.8888732910156
3,182,196.56595458984376,301.87005004882815
3,183,197.2816955566406,301.7938598632812
3,184,197.9606719970703,302.2491455078125
3,185,198.89085998535154,303.00482177734375
3,186,199.4742523193359,304.37187500000005
3,187,199.9124725341797,305.6455871582031
3,188,200.19197692871094,306.89731445312503
3,189,200.51260986328126,307.83212890625
3,190,200.61502075195315,308.83311157226564
3,191,200.9357360839844,309.08408813476564
3,192,201.19048156738285,309.0119323730469
3,193,201.4229187011719,308.65443115234376
3,194,202.0476196289063,307.7372802734375
3,195,202.44612426757817,307.20045776367186
3,196,203.09376831054692,306.92109375
3,197,203.75028076171878,307.0886596679687
3,198,204.54978027343753,307.9459533691406
3,199,205.02847900390628,309.34013671875
3,200,205.87013854980472,310.5846008300781
3,201,206.82710876464847,312.3464050292969
3,202,208.3317352294922,313.79651489257816
3,203,210.01983337402345,315.6262939453125
3,204,212.15469055175785,317.52443237304686
3,205,214.45101623535157,319.6375671386719
3,206,216.25313720703127,321.44892578124995
3,207,217.57715759277346,323.33555297851564
3,208,218.45184020996095,324.71491699218745
3,209,218.99112854003903,325.373583984375
3,210,219.16480407714846,324.87940673828126
3,211,218.79920043945316,323.7640502929687
3,212,217.6710113525391,322.38273315429694
3,213,216.14204101562498,320.41582031250005
3,214,213.8139404296875,318.74109497070316
3,215,211.19516296386718,317.62239379882817
3,216,209.14552612304692,316.8251892089844
3,217,207.7823944091797,316.39006958007815
3,218,207.13302001953127,316.25201416015625
3,219,207.31319885253907,316.4532897949219
3,220,208.05481567382813,316.6619079589844
3,221,209.071630859375,317.0792297363281
3,222,210.2043701171875,317.5668579101562
3,223,211.39246520996096,318.5748352050781
3,224,213.08060607910159,319.43571777343755
3,225,214.56662292480468,320.30930175781253
3,226,215.70407714843753,321.26624755859376
3,227,216.71706237792966,321.4861633300781
3,228,217.5968505859375,321.71624755859375
3,229,217.62681884765627,321.31474609375
3,230,217.7153350830078,318.0480529785156
3,231,217.5764617919922,317.18302612304683
3,232,216.882421875,317.00584106445314
3,233,216.5039520263672,314.92933959960936
3,234,216.28287353515623,313.2632995605469
3,235,216.14362792968748,313.6141845703125
3,236,216.34957580566405,311.68134765624995
3,237,216.54902038574218,309.829638671875
3,238,216.07429809570314,308.8053771972656
3,239,215.24835815429688,309.0057067871094
3,240,213.90556640625002,310.44968261718753
3,241,212.56413574218752,311.19844360351567
3,242,212.01204223632814,311.71042480468753
3,243,211.93984985351562,312.2642333984375
3,244,211.94185180664064,312.4249267578125
3,245,212.39417724609376,312.3767944335938
3,246,212.74891052246096,312.90598144531253
3,247,212.7775787353516,313.70953369140625
3,248,213.11988220214846,314.7429992675781
3,249,213.9366882324219,315.0050964355469
3,250,214.5187255859375,315.1401550292969
3,251,215.51744689941407,314.4147094726563
3,252,215.8641632080078,314.513134765625
3,253,216.08848266601564,313.5421325683594
3,254,215.4645935058594,313.67441406250003
3,255,214.49978027343752,313.504638671875
3,256,213.56225891113283,312.712939453125
3,257,212.05547180175782,312.35150146484375
3,258,209.91925354003908,312.99201049804685
3,259,208.12908325195315,312.1765686035156
3,260,206.52444458007815,311.34013671875
3,261,204.44853820800785,311.5113830566406
3,262,203.03878479003907,310.36217041015624
3,263,201.8759307861328,309.4383239746094
3,264,201.16444396972656,309.02288818359375
3,265,200.7106658935547,308.72050781250005
3,266,200.4272155761719,308.9133239746094
3,267,200.74069213867188,309.4621826171875
3,268,201.23013916015626,310.2756469726563
3,269,201.96303100585936,310.95477905273435
3,270,202.85706481933593,311.61945190429685
3,271,203.3022186279297,312.2803649902344
3,272,203.71377258300782,312.48130493164064
3,273,203.62292480468753,312.43833007812503
3,274,203.07983398437503,312.2823913574219
3,275,202.05560302734375,312.15925903320317
3,276,201.12882080078128,311.6418762207032
3,277,200.08620910644532,310.8508666992187
3,278,199.1169464111328,310.0542419433594
3,279,198.06929016113284,309.3816223144531
3,280,197.31602172851564,308.69365234375
3,281,196.70669250488282,308.04111328125
3,282,196.10540161132815,307.92278442382815
3,283,195.75719604492193,307.89369506835936
3,284,195.55461425781252,307.98729248046874
3,285,195.5517791748047,308.13837890625
3,286,196.38014831542972,308.18825073242186
3,287,197.4339752197266,308.143798828125
3,288,198.54134521484377,308.1897277832031
3,289,199.4608337402344,308.46864013671876
3,290,200.32967834472657,308.8661071777344
3,291,200.903369140625,309.2841003417969
3,292,201.2508056640625,310.1598815917969
3,293,201.5480499267578,310.91655273437505
3,294,201.82028198242188,311.349072265625
3,295,201.90008544921875,311.5696716308594
3,296,201.46168518066406,311.7721374511719
3,297,201.07454528808594,311.28843994140624
3,298,200.64311523437502,310.71045532226566
3,299,200.37300415039064,310.1307739257812
3,300,200.1993347167969,309.71778564453126
3,301,200.10614624023438,309.3400024414063
3,302,199.93020629882812,309.08501586914065
3,303,199.8156036376953,309.13121337890624
3,304,199.66372985839843,309.4737976074219
3,305,199.48751525878905,309.8240905761719
3,306,199.4872528076172,310.2419799804687
3,307,199.87656555175778,310.5835632324219
3,308,200.21844482421875,310.60996704101564
3,309,200.6774871826172,310.3963073730469
3,310,201.13819274902343,310.4361999511719
3,311,201.54689025878906,310.6867309570313
3,312,201.56542358398437,311.24140625
3,313,201.59423217773437,311.9045104980469
3,314,201.5325439453125,312.50432128906255
3,315,201.5275909423828,312.52988281250003
3,316,201.26113891601562,312.20936279296876
3,317,200.85766601562503,311.7328735351563
3,318,200.15108337402344,311.2831970214844
3,319,199.41916503906253,310.76254882812503
3,320,198.60134277343752,310.5756591796875
3,321,198.04151306152346,310.4295104980469
3,322,197.9320831298828,310.03215942382815
3,323,198.27791748046877,309.5877624511719
3,324,198.9358673095703,309.42975463867185
3,325,199.52090454101562,309.7826721191406
3,326,199.9977813720703,310.522607421875
3,327,200.5688720703125,311.47802734375
3,328,201.28998107910155,312.40662841796876
3,329,202.1384490966797,313.0358520507813
3,330,203.5310577392578,313.0011413574219
3,331,204.13865661621094,313.19208374023435
3,332,204.33401184082032,313.3924560546875
3,333,203.8579071044922,313.6257385253906
3,334,202.98638610839845,314.0958618164062
3,335,201.68917236328127,314.49160156249997
3,336,201.41041259765626,314.115087890625
3,337,201.223095703125,313.3810791015625
3,338,201.43076171875003,312.5240112304688
3,339,201.2679138183594,311.692236328125
3,340,201.0421905517578,310.9369262695312
3,341,200.13374328613284,310.4964965820312
3,342,198.86494140625,310.27708129882814
3,343,197.74958190917968,309.94779663085933
3,344,196.7762878417969,309.39275512695315
3,345,195.8411987304688,308.6932006835938
3,346,195.4004028320313,307.76172485351566
3,347,195.60788879394534,306.98101806640625
3,348,195.5891754150391,306.59478759765625
3,349,195.90227661132812,306.440087890625
3,350,196.3555114746094,306.6288146972656
3,351,196.99085693359376,306.709716796875
3,352,196.8026123046875,307.3016479492187
3,353,196.6748779296875,307.63079833984375
3,354,196.43320007324218,307.6721496582031
3,355,195.975146484375,307.6077453613281
3,356,195.26629028320315,307.80368652343753
3,357,195.4322265625,307.4162963867188
3,358,195.49857177734376,307.1707824707031
3,359,195.97170410156252,307.1633361816406
3,360,196.34343872070315,307.2726684570313
3,361,196.8387603759766,307.5252746582031
3,362,197.31705017089848,307.731689453125
3,363,198.059555053711,308.1272277832031
3,364,198.23208618164068,308.69358520507814
3,365,198.5435821533203,309.1069580078125
3,366,198.7338439941406,309.5696472167969
3,367,198.68302307128909,310.0630187988281
3,368,198.50458984375,310.28900756835935
3,369,198.4844909667969,310.33282470703125
3,370,198.4452117919922,310.3638427734375
3,371,198.3747100830078,310.3607543945313
3,372,198.02369689941406,310.2573852539063
3,373,197.11426391601563,310.07197875976567
3,374,195.79277343750002,309.6389404296875
3,375,194.13930969238282,308.86866455078126
3,376,191.9161346435547,307.51959228515625
3,377,189.26768188476564,305.7404724121094
3,378,186.7506103515625,303.3496276855469
3,379,184.29339904785155,300.21209106445315
3,380,181.6772674560547,296.8459655761719
3,381,179.73870544433595,293.3413391113281
3,382,178.20469055175784,290.1319519042969
3,383,176.90859680175782,287.49579467773435
3,384,176.0900390625,285.7318359375
3,385,175.94005737304687,284.61875000000003
3,386,176.1383056640625,284.37221069335936
3,387,176.96832885742188,284.5102478027344
3,388,178.26244506835937,285.3023315429688
3,389,179.77091369628906,286.63698120117186
3,390,181.35748596191408,288.4554077148438
3,391,182.6754089355469,290.2707458496094
3,392,183.8613433837891,292.55772705078124
3,393,184.77500305175784,294.7234741210938
3,394,185.35659179687502,296.61142578125
3,395,185.7026611328125,297.92860107421876
3,396,185.93277893066406,299.0858459472656
3,397,185.79413757324218,299.4908020019531
3,398,185.2731170654297,299.3467651367188
3,399,184.36185607910156,298.77885131835933
3,400,183.25968322753903,297.83106079101566
3,401,182.1433563232422,296.6083129882813
3,402,181.1604461669922,295.21865234375
3,403,180.35638732910155,293.7275390625
3,404,179.95633850097659,292.3304016113281
3,405,179.85569152832034,291.0977478027344
3,406,179.80230407714842,289.9162841796875
3,407,179.99606018066407,288.91671752929693
3,408,180.3772399902344,288.09276123046874
3,409,180.8300262451172,287.56845703125003
3,410,181.18464965820314,287.5565368652344
3,411,181.54666137695315,287.9738159179688
3,412,181.69663391113284,288.7390197753906
3,413,181.84697570800782,289.93324584960936
3,414,181.97217712402343,291.24354858398436
3,415,182.112548828125,292.41338500976565
3,416,182.37419433593752,293.4854736328125
3,417,182.7727508544922,294.4273315429688
3,418,183.2348205566406,295.2373291015625
3,419,183.67185058593748,295.8698059082031
3,420,184.14230346679688,296.3159912109375
3,421,184.28821105957033,296.55686645507814
3,422,184.14272460937502,296.3605041503906
3,423,183.84739379882814,295.85043945312503
3,424,183.56605224609376,295.0173645019531
3,425,183.06551513671874,293.98118286132814
3,426,182.65570068359375,292.8552490234375
3,427,182.24717102050778,291.8828369140625
3,428,181.73638000488282,290.9021179199219
3,429,181.23643493652347,289.9962585449219
3,430,180.91677551269535,289.28388671875
3,431,180.64756469726564,288.7855163574219
3,432,180.60537109375002,288.6098449707031
3,433,180.63723144531252,288.6977172851563
3,434,180.6668212890625,289.16220703125
3,435,180.82605895996096,289.9451538085938
3,436,181.09242248535153,290.7896911621094
3,437,181.3493804931641,291.7008483886719
3,438,181.8634246826172,292.6751220703125
3,439,182.51380310058596,293.57713623046874
3,440,183.27789306640628,294.31598510742185
3,441,184.02173767089846,294.9832458496094
3,442,184.66292419433597,295.3786987304688
3,443,185.00625610351562,295.48207397460936
3,444,185.12234191894532,295.2497619628906
3,445,184.83075561523435,294.76983032226565
3,446,184.40961608886718,294.0848693847656
3,447,183.8955078125,293.2543518066406
3,448,183.23904418945312,292.4289978027344
3,449,182.4571075439453,291.6705688476563
3,450,181.75528869628909,290.88941650390626
3,451,181.1322296142578,290.1957153320312
3,452,180.65788879394532,289.72918701171875
3,453,180.45394897460938,289.4178344726563
3,454,180.46873168945314,289.3221435546875
3,455,180.60952453613282,289.4993774414063
3,456,180.74496459960938,289.9007019042969
3,457,181.01076660156252,290.4352722167969
3,458,181.20948791503906,291.08876953125
3,459,181.38761596679686,291.80478515625003
3,460,181.81351013183593,292.5210205078125
3,461,182.33847656249998,293.0512451171875
3,462,182.84035949707032,293.40419921875
3,463,183.45215454101566,293.655908203125
3,464,184.01497192382814,293.77894287109376
3,465,184.22452087402348,293.7112060546875
3,466,184.19603576660154,293.6159912109375
3,467,183.91729431152345,293.4367553710938
3,468,183.45193176269532,293.1079284667969
3,469,182.88724670410159,292.63117065429685
3,470,182.268408203125,292.1768737792969
3,471,181.73725585937498,291.6423217773438
3,472,181.30165100097656,291.1188598632813
3,473,180.9872772216797,290.66419677734376
3,474,180.8365966796875,290.3893493652344
3,475,180.88645935058594,290.1961242675781
3,476,181.06914978027345,290.12608032226564
3,477,181.43463745117188,290.2937927246094
3,478,181.78091430664062,290.51414184570314
3,479,182.08537902832032,290.84649047851565
3,480,182.29312438964843,291.24089965820315
3,481,182.45548706054686,291.6950622558594
3,482,182.52487182617188,292.03046875
3,483,182.64677734375,292.3999694824219
3,484,182.7843017578125,292.6237731933594
3,485,182.95276489257813,292.7775634765625
3,486,183.08150939941407,292.84996337890624
3,487,183.11048583984376,292.84751586914064
3,488,182.99279174804687,292.7525207519531
3,489,182.81532287597656,292.65916748046874
3,490,182.60459594726566,292.43372802734376
3,491,182.32100830078127,292.1361328125
3,492,182.10295410156255,291.8608764648437
3,493,181.96389160156252,291.6007385253906
3,494,181.88522033691407,291.29216918945315
3,495,181.9276092529297,291.1020263671875
3,496,182.05433044433596,290.9891662597656
3,497,182.19835510253907,290.9199401855469
3,498,182.35093994140627,290.90618286132815
3,499,182.49211120605472,290.9728515625
3,500,182.5069763183594,291.09034423828126
3,501,182.4813659667969,291.27194824218753
3,502,182.41239624023436,291.45573730468755
3,503,182.34796447753908,291.6690551757813
3,504,182.2972625732422,291.8831298828125
3,505,182.32364807128909,292.03606567382815
3,506,182.45666198730473,292.1568603515625
3,507,182.62890319824223,292.2624206542969
3,508,182.78811950683595,292.3155090332031
3,509,182.88824462890628,292.317822265625
3,510,182.89410095214845,292.3328063964844
3,511,182.78551940917967,292.3027770996094
3,512,182.6305450439453,292.2304138183594
3,513,182.48518981933591,292.12225341796875
3,514,182.33558349609373,291.9580017089844
3,515,182.2098907470703,291.7703369140625
3,516,182.15552673339846,291.60821533203125
3,517,182.20511474609376,291.47282714843755
3,518,182.23475646972656,291.3552551269531
3,519,182.28211364746096,291.30433349609376
3,520,182.32923278808593,291.27133789062503
3,521,182.31708068847655,291.28118896484375
3,522,182.22042236328124,291.3372314453125
3,523,182.17359008789063,291.39581909179685
3,524,182.17413024902345,291.4897888183594
3,525,182.1907012939453,291.60914306640626
3,526,182.26616210937502,291.7361694335937
3,527,182.41250305175782,291.8208068847656
3,528,182.53596801757814,291.96335449218753
3,529,182.63494873046875,292.06968383789064
3,530,182.73610839843752,292.16475219726567
3,531,182.7842529296875,292.2016845703125
3,532,182.74273071289065,292.21319580078125
3,533,182.6416198730469,292.13526611328126
3,534,182.48374023437503,292.00889282226564
3,535,182.2919616699219,291.8402282714844
3,536,182.14773864746098,291.6500244140625
3,537,182.04654846191409,291.4907165527344
3,538,181.9890350341797,291.3176574707031
3,539,181.9912261962891,291.22348632812503
3,540,182.0130523681641,291.1765991210938
3,541,181.99214782714844,291.17822265625
3,542,181.9765350341797,291.18816528320315
3,543,181.98645629882813,291.2824340820313
3,544,182.01060791015624,291.3710632324219
3,545,182.0514862060547,291.4944580078125
3,546,182.11048278808596,291.64556274414065
3,547,182.1674011230469,291.7817810058594
3,548,182.19825134277346,291.88133544921874
3,549,182.22628784179688,291.9802612304688
3,550,182.2874237060547,292.02880859375
3,551,182.33738708496094,292.04235229492184
3,552,182.34820251464845,292.036865234375
3,553,182.3373809814453,292.015478515625
3,554,182.30450439453125,291.9415283203125
3,555,182.22531738281248,291.8525268554688
3,556,182.13116760253905,291.7088073730469
3,557,182.06866149902342,291.58063964843757
3,558,182.03750915527343,291.4806213378906
3,559,182.03114318847656,291.42460937500005
3,560,182.0660125732422,291.3775329589844
3,561,182.14203491210938,291.3806579589844
3,562,182.2221923828125,291.390625
3,563,182.31164550781253,291.3854187011719
3,564,182.40861511230472,291.3706237792969
3,565,182.48574218750002,291.35515747070315
3,566,182.54439697265627,291.37530517578125
3,567,182.59225158691407,291.41074218750003
3,568,182.62447509765627,291.47059326171876
3,569,182.64113159179692,291.52487792968753
3,570,182.63954772949222,291.5748718261719
3,571,182.63459167480474,291.57895507812503
3,572,182.63198242187502,291.55802612304694
3,573,182.62222595214845,291.51524047851564
3,574,182.57748413085938,291.4681884765625
3,575,182.51051025390626,291.42204589843755
3,576,182.44070434570312,291.36372070312507
3,577,182.35480041503905,291.30742797851565
3,578,182.26510925292968,291.25961303710943
3,579,182.2014190673828,291.2223571777344
3,580,182.16305236816407,291.20274047851564
3,581,182.14706420898438,291.19275512695316
3,582,182.16026000976564,291.18731079101565
3,583,182.19778137207032,291.1782470703125
3,584,182.25061340332033,291.1621765136719
3,585,182.30576477050784,291.17766723632815
3,586,182.38754272460938,291.25738525390625
3,587,182.44895935058594,291.3462646484375
3,588,182.5011474609375,291.44379272460935
3,589,182.53734130859374,291.54730834960935
4,0,195.69614858014194,278.09054588066414
4,1,195.56824028877952,278.2587342817709
4,2,195.40473629429212,278.4231690207683
4,3,195.2264404296875,278.58554687500003
4,4,195.3071319580078,278.5772399902344
4,5,195.26271972656252,278.5643371582031
4,6,195.18593139648436,278.53212890625
4,7,195.13576660156252,278.5120483398438
4,8,195.10045471191407,278.4943542480469
4,9,195.06053161621094,278.49517822265625
4,10,195.0258850097656,278.51392822265626
4,11,195.0200622558594,278.5472045898438
4,12,195.02092895507812,278.571923828125
4,13,195.01658935546874,278.59880981445315
4,14,195.0251220703125,278.62001953125
4,15,195.04448242187502,278.63408813476565
4,16,195.05091552734373,278.63935546875
4,17,195.06087646484374,278.6509155273437
4,18,195.07913818359373,278.6631713867188
4,19,195.0865570068359,278.6826965332031
4,20,195.08508911132813,278.70270385742185
4,21,195.08057861328123,278.72263793945314
4,22,195.13748474121095,278.70323486328124
4,23,195.18302307128906,278.6843322753906
4,24,195.22266845703126,278.65679931640625
4,25,195.26779479980468,278.6297973632813
4,26,195.32464904785155,278.614013671875
4,27,195.2948028564453,278.63946533203125
4,28,195.26900329589844,278.6643432617188
4,29,195.24582214355468,278.6930114746094
4,30,195.2279846191406,278.71387939453126
4,31,195.19556884765626,278.7271301269531
4,32,195.19297485351564,278.7259155273438
4,33,195.20298767089847,278.72510986328126
4,34,195.20375061035156,278.72333984375
4,35,195.19356994628907,278.7195678710938
4,36,195.1746795654297,278.7073181152344
4,37,195.1539337158203,278.6885498046875
4,38,195.1279235839844,278.6680969238281
4,39,195.1303161621094,278.6491271972656
4,40,195.14930725097656,278.6395568847656
4,41,195.17425537109378,278.6351013183594
4,42,195.18861083984376,278.64560546875
4,43,195.2042236328125,278.6553588867188
4,44,195.21206665039062,278.66475219726567
4,45,195.22347412109377,278.6672607421875
4,46,195.2720153808594,278.6908935546875
4,47,195.31593017578126,278.703857421875
4,48,195.35558471679687,278.71099243164065
4,49,195.3931335449219,278.71838989257816
4,50,195.41638793945313,278.714111328125
4,51,195.40162048339846,278.69528808593753
4,52,195.39235534667972,278.6852661132813
4,53,195.3769104003906,278.6832641601563
4,54,195.36193847656253,278.67671508789067
4,55,195.3490417480469,278.6876586914063
4,56,195.34288635253904,278.68984375
4,57,195.3425720214844,278.6947448730469
4,58,195.30459289550782,278.6967468261719
4,59,195.27627258300782,278.7068786621094
4,60,195.2397399902344,278.70979614257817
4,61,195.1965057373047,278.71424560546876
4,62,195.15547485351567,278.7194274902344
4,63,195.1477844238281,278.7296508789062
4,64,195.12359619140628,278.7365173339844
4,65,195.1004608154297,278.75379638671876
4,66,195.08543701171877,278.7729675292969
4,67,195.0702362060547,278.7849914550781
4,68,195.0616149902344,278.79099731445314
4,69,195.05700683593753,278.7937438964844
4,70,195.08603515625003,278.78021240234375
4,71,195.10091857910157,278.7712890625
4,72,195.1097381591797,278.76129150390625
4,73,195.1361572265625,278.7478332519531
4,74,195.16454772949217,278.73980102539065
4,75,195.16377868652341,278.7388793945313
4,76,195.1850372314453,278.7283935546875
4,77,195.20791931152348,278.7305969238281
4,78,195.21231689453128,278.73890380859376
4,79,195.2033569335938,278.7436279296875
4,80,195.1932800292969,278.75107421875003
4,81,195.17126464843753,278.7646728515625
4,82,195.1777984619141,278.7531433105469
4,83,195.21194458007812,278.74680175781253
4,84,195.23971557617188,278.73984375000003
4,85,195.2803955078125,278.73394775390625
4,86,195.33319091796878,278.72649536132815
4,87,195.34988708496093,278.7381225585938
4,88,195.33881530761718,278.7433776855469
4,89,195.33365478515626,278.75205078125
4,90,195.3125457763672,278.7553955078125
4,91,195.28157653808594,278.75496215820317
4,92,195.26163330078126,278.75037231445316
4,93,195.24771423339845,278.7512451171875
4,94,195.2531890869141,278.750439453125
4,95,195.24910888671877,278.754052734375
4,96,195.24759521484376,278.7518615722656
4,97,195.2533935546875,278.7589599609375
4,98,195.26578063964843,278.75341796875
4,99,195.26932983398436,278.7505737304688
4,100,195.29115905761716,278.74667358398443
4,101,195.32021484375,278.74553833007815
4,102,195.33245544433595,278.7412475585937
4,103,195.34059143066406,278.7481201171875
4,104,195.3482177734375,278.7485168457031
4,105,195.35009765625,278.75092773437495
4,106,195.3758575439453,278.745703125
4,107,195.3971740722656,278.7353820800781
4,108,195.41626892089846,278.72960205078124
4,109,195.48736877441408,278.75807495117186
4,110,195.70483398437503,278.842919921875
4,111,195.95484008789063,279.134765625
4,112,196.4820526123047,279.567578125
4,113,196.72977600097656,280.47649536132815
4,114,197.10303649902343,281.5580078125
4,115,197.57736511230468,282.7238525390625
4,116,197.93283386230468,284.0082946777344
4,117,198.704541015625,284.90552978515626
4,118,199.85848083496097,285.5138916015625
4,119,200.67048034667968,286.15411376953125
4,120,201.43481750488283,286.75861206054685
4,121,202.79969177246096,286.88642578125
4,122,203.65401000976564,287.42457275390626
4,123,204.6448913574219,287.8109313964844
4,124,205.9724273681641,288.1107177734375
4,125,207.15738830566409,288.8358825683594
4,126,208.0816131591797,289.7318359375
4,127,208.98493957519534,290.6629272460938
4,128,210.1741851806641,291.85161743164065
4,129,211.8042114257813,293.01897583007815
4,130,213.74968261718752,294.0436767578125
4,131,215.4405090332031,295.5243835449219
4,132,217.30711059570314,296.7621765136719
4,133,218.82558593750002,297.8183227539063
4,134,219.8896026611328,298.81443481445314
4,135,220.4959869384766,299.5834228515625
4,136,221.14465332031253,300.05674438476564
4,137,221.6988708496094,300.5435241699219
4,138,221.73060302734376,301.37177734375
4,139,221.89933776855472,302.3451293945312
4,140,222.24534606933597,303.1890502929688
4,141,222.6890533447266,303.79111938476564
4,142,222.9541656494141,304.7446228027344
4,143,223.6305084228516,305.4666870117187
4,144,223.94426269531255,305.95289306640626
4,145,224.37623291015626,306.39080200195315
4,146,224.23896484375,306.9097534179688
4,147,223.87412719726564,306.94965209960935
4,148,223.22041931152347,306.107373046875
4,149,222.375634765625,304.4962097167969
4,150,221.23823852539067,302.53679199218755
4,151,220.3760223388672,300.0929382324219
4,152,219.88371887207032,296.7776733398438
4,153,219.18779602050785,293.85873413085943
4,154,218.74458618164067,291.3704345703125
4,155,217.76353149414066,289.097216796875
4,156,216.2784332275391,287.4450988769532
4,157,214.55510559082035,286.6912536621094
4,158,213.14041442871098,286.147119140625
4,159,211.67935180664062,285.9681579589844
4,160,210.85552368164062,285.8931518554688
4,161,211.10810241699218,285.37506103515625
4,162,211.37259216308593,285.16407470703126
4,163,211.76925659179688,285.02454833984376
4,164,212.10097045898436,284.83500366210933
4,165,212.4559753417969,284.846142578125
4,166,212.40654907226565,285.2562133789063
4,167,212.3137237548828,285.4918212890625
4,168,212.21316223144532,285.7154846191406
4,169,212.0906921386719,286.0830932617188
4,170,211.83186950683594,286.21631469726566
4,171,211.43955078125,286.1079528808594
4,172,211.08584899902343,285.877490234375
4,173,210.72034606933593,285.57883911132814
4,174,210.31113891601564,285.193359375
4,175,209.89116516113282,284.77256469726564
4,176,209.62378540039063,284.4639831542969
4,177,209.527685546875,284.3057556152344
4,178,209.32044677734376,284.4489013671875
4,179,209.16279296875,284.71559448242186
4,180,209.06851501464845,285.0941467285156
4,181,209.18683776855468,285.3130798339844
4,182,209.3860809326172,285.5298828125
4,183,209.902587890625,285.5576416015625
4,184,210.70492248535157,285.6252136230469
4,185,211.65545654296878,285.8437194824219
4,186,212.17691040039065,286.37237548828125
4,187,212.5428161621094,286.84576416015625
4,188,212.69681701660159,287.3864379882813
4,189,212.90791931152347,287.9512023925781
4,190,212.86264648437503,288.647314453125
4,191,213.01641845703125,289.11090087890625
4,192,213.44036865234378,289.22173461914065
4,193,214.06252441406252,288.8891906738281
4,194,214.54112243652344,288.35932006835935
4,195,215.02503356933596,287.92828979492185
4,196,215.48946838378907,287.7675842285156
4,197,215.41298217773442,288.19305419921875
4,198,215.5959014892578,289.16941528320314
4,199,216.10006713867188,290.37169189453124
4,200,217.0139221191406,291.5643493652344
4,201,218.1652648925781,293.00294189453126
4,202,219.8754455566406,294.4228515625
4,203,221.7980255126953,295.90186157226566
4,204,223.7564270019531,297.4775817871094
4,205,225.99122314453126,298.7879272460938
4,206,228.05294799804688,300.0689331054688
4,207,229.61446838378907,301.5060180664063
4,208,230.49473571777347,302.9546752929688
4,209,230.66001586914066,304.03038330078124
4,210,230.10643005371097,304.9326477050781
4,211,229.0877868652344,304.9542602539063
4,212,227.61380310058595,304.184326171875
4,213,225.6780242919922,302.9249267578125
4,214,223.63252868652341,301.5239929199219
4,215,221.21840209960936,300.2826354980469
4,216,219.02524719238284,299.5001953125
4,217,217.63847961425785,299.0547607421875
4,218,216.83648681640628,299.0492309570313
4,219,216.78383789062505,299.3284423828125
4,220,217.55679016113285,299.5906311035156
4,221,218.67243957519534,300.1112854003906
4,222,219.81048889160158,300.91704711914065
4,223,220.99692687988284,301.6578186035157
4,224,222.51456604003909,302.2528930664063
4,225,224.03428039550784,302.774658203125
4,226,225.2158966064453,303.47462158203126
4,227,226.05689086914063,303.79705810546875
4,228,226.91653137207032,304.1579345703125
4,229,226.79131774902345,304.5862243652344
4,230,226.5724578857422,304.2454284667969
4,231,226.42886962890628,303.7030334472657
4,232,226.2137908935547,303.30860595703126
4,233,225.82973022460936,302.2790466308594
4,234,225.87490539550782,300.80573730468745
4,235,225.5185699462891,299.99254150390624
4,236,225.23047485351566,298.9076293945312
4,237,224.91736755371096,297.7722045898438
4,238,224.44585571289065,296.87828369140624
4,239,223.94699096679688,296.16993408203126
4,240,223.52540588378906,295.7108093261719
4,241,222.97693176269533,295.3119812011719
4,242,222.63132934570316,294.91065673828126
4,243,222.74732055664066,294.5142761230469
4,244,222.72861938476564,294.58355712890625
4,245,222.9004638671875,294.6939453125
4,246,223.47955322265628,294.585205078125
4,247,223.96103515625003,294.9383422851563
4,248,224.21138000488284,295.08940429687505
4,249,224.56194152832032,295.0898742675781
4,250,224.80594177246095,295.2939331054688
4,251,224.75651550292972,295.5947509765625
4,252,224.88152770996095,295.4445434570313
4,253,225.0936737060547,295.46661376953125
4,254,225.2104431152344,295.3213623046875
4,255,224.99232482910156,294.96063232421875
4,256,224.62723693847653,294.57764892578126
4,257,223.7490142822266,294.19563598632817
4,258,222.43106079101565,293.7679748535156
4,259,220.83387145996096,293.2626892089844
4,260,219.44006958007816,292.5693786621094
4,261,218.04702758789065,291.9057678222656
4,262,217.29782714843753,290.83278198242186
4,263,216.6733337402344,289.85723876953125
4,264,216.3079345703125,289.1445495605469
4,265,216.10014953613282,288.47039794921875
4,266,216.22396545410157,287.9741577148437
4,267,216.22653198242188,288.2353210449219
4,268,216.4568603515625,288.97542114257817
4,269,217.03475646972657,289.5358764648438
4,270,217.7646759033203,290.0329956054687
4,271,218.14791259765624,290.52593994140625
4,272,218.48461914062503,290.78330078125
4,273,218.6154937744141,290.84717407226566
4,274,218.28666992187502,290.8021728515625
4,275,217.68887329101565,290.59498291015626
4,276,217.01219177246094,290.11688232421875
4,277,216.0476867675781,289.37102661132815
4,278,215.03446044921873,288.33543701171874
4,279,214.16597595214844,287.472998046875
4,280,213.466015625,286.7072082519531
4,281,212.9516265869141,286.1809509277344
4,282,212.7460876464844,285.84942016601565
4,283,212.69244079589848,285.78984985351565
4,284,212.6201599121094,285.89039306640626
4,285,212.4673065185547,286.39234619140626
4,286,212.8531005859375,286.70773925781253
4,287,213.7494873046875,287.021142578125
4,288,214.99528808593752,287.09570922851566
4,289,216.3248046875,287.44317626953125
4,290,217.7734375,287.7364807128906
4,291,218.70733337402345,288.2072692871094
4,292,218.82713317871094,289.13746337890626
4,293,218.54801330566406,290.3900390625
4,294,217.81265258789062,291.2698913574219
4,295,216.8095947265625,291.80133056640625
4,296,215.77664794921873,292.1744323730469
4,297,214.83884277343753,291.9129211425781
4,298,214.0840026855469,291.15643920898435
4,299,213.98094482421877,290.09885864257814
4,300,214.39056396484378,289.1178833007813
4,301,214.92056274414065,288.3510803222656
4,302,215.17861022949222,287.8901672363281
4,303,215.1164520263672,287.7266906738281
4,304,214.7176940917969,287.94892578125
4,305,214.0738037109375,288.4374877929688
4,306,213.59449768066406,288.94288330078126
4,307,213.7154968261719,289.2709655761719
4,308,214.16248168945313,289.6356872558594
4,309,214.79623413085938,289.88933715820315
4,310,215.4130645751953,289.89184570312506
4,311,215.87258605957032,289.9450561523438
4,312,216.16144714355468,290.4080261230469
4,313,216.24339599609377,290.9394775390625
4,314,216.29431762695313,291.423388671875
4,315,216.26983947753908,291.7467834472656
4,316,215.85236511230468,291.65504150390626
4,317,215.30268249511718,291.0652526855469
4,318,214.8438720703125,290.0747009277344
4,319,214.32414855957032,288.95025634765625
4,320,213.79917907714847,288.04669799804685
4,321,213.8959686279297,287.6251892089844
4,322,214.0089263916016,287.44671630859375
4,323,214.13678283691408,287.70408325195314
4,324,214.60325622558597,288.2014831542969
4,325,215.1556335449219,288.9792846679688
4,326,215.3334716796875,289.86260375976565
4,327,215.7786865234375,290.8810180664063
4,328,216.37393188476562,291.8009399414062
4,329,216.84578552246091,292.6204772949219
4,330,217.21434326171874,293.0151000976563
4,331,217.5977752685547,293.34416503906255
4,332,217.5695739746094,293.5068054199219
4,333,217.2826110839844,293.69439086914065
4,334,216.7063934326172,294.221240234375
4,335,216.1910430908203,294.5852844238281
4,336,215.94497985839845,294.45798950195314
4,337,216.00051879882812,294.08571166992186
4,338,216.1201965332031,293.30847778320316
4,339,215.7336639404297,292.32459106445316
4,340,215.06131896972659,291.61418457031255
4,341,213.89525146484377,291.20928955078125
4,342,212.77063903808596,290.9238464355469
4,343,211.82859191894534,290.734521484375
4,344,211.26045532226564,290.60142822265624
4,345,210.86465759277345,290.3249877929687
4,346,210.7399658203125,289.8255493164063
4,347,210.65389099121094,289.321533203125
4,348,210.26695556640624,289.0926452636719
4,349,210.00195007324217,288.9822387695313
4,350,209.79452514648438,289.1788696289063
4,351,209.7871520996094,289.5196899414063
4,352,209.59165039062503,290.04994506835936
4,353,209.53921203613285,290.5922607421875
4,354,209.57376403808595,290.781982421875
4,355,209.6038391113281,290.7846252441406
4,356,209.3245300292969,290.8733337402344
4,357,209.25686340332032,290.7461181640625
4,358,209.2528228759766,290.56837158203126
4,359,209.2736938476563,290.4813537597656
4,360,209.43654785156252,290.5900573730469
4,361,209.79820251464847,290.73103637695317
4,362,210.22302856445313,291.1776123046875
4,363,210.87150878906252,291.49175415039065
4,364,211.25364990234377,292.00593261718757
4,365,211.58388366699222,292.2676147460937
4,366,211.79427185058594,292.42340698242185
4,367,211.8640899658203,292.37338867187503
4,368,211.697607421875,292.32965087890625
4,369,211.8334930419922,291.9476745605469
4,370,211.98439636230466,291.8819641113281
4,371,212.1680480957031,291.8359802246094
4,372,212.03560485839841,291.9140563964844
4,373,211.44154663085936,292.0949768066406
4,374,210.24636840820312,292.1963134765625
4,375,208.634423828125,291.6558776855469
4,376,206.58025207519532,290.52074584960934
4,377,204.45369567871094,288.9991455078125
4,378,202.18525695800784,286.8948974609375
4,379,200.03415832519534,284.27278442382817
4,380,197.70624389648438,281.7046508789063
4,381,195.6261627197266,279.2458435058594
4,382,193.5037841796875,277.0073974609375
4,383,191.60613403320315,275.3546936035156
4,384,190.21760864257814,274.2229919433594
4,385,189.35989379882815,273.5060791015625
4,386,188.95072326660159,273.56468505859374
4,387,189.2809967041016,273.74509277343753
4,388,190.43677062988286,274.24619140625003
4,389,191.95212097167973,275.28288574218755
4,390,193.75238342285155,276.6176025390625
4,391,195.4881103515625,277.99287109375
4,392,196.9136169433594,279.79986572265625
4,393,197.98922119140624,281.5353149414062
4,394,198.651708984375,283.17335205078126
4,395,199.13573303222657,284.4303161621094
4,396,199.46293029785159,285.32518310546874
4,397,199.8154754638672,285.54199829101566
4,398,199.98421325683597,285.26665039062505
4,399,200.0060516357422,284.42745971679693
4,400,199.73064880371095,283.3307739257813
4,401,199.21992797851564,282.058837890625
4,402,198.13436889648438,280.83978271484375
4,403,196.40849609375,279.8247924804687
4,404,194.74312744140624,279.0869262695312
4,405,193.21864013671876,278.49620361328124
4,406,191.94087829589847,277.96409912109374
4,407,191.2475494384766,277.4641357421875
4,408,191.3433868408203,276.9031982421875
4,409,191.64334716796876,276.4281311035156
4,410,192.1621551513672,276.2913452148438
4,411,192.85008239746094,276.39329833984374
4,412,193.68671875,276.736962890625
4,413,194.56564331054688,277.3955078125
4,414,195.28466491699217,278.243359375
4,415,195.82728576660156,279.14111328125
4,416,196.34024963378909,280.20098876953125
4,417,196.81477661132814,281.1348571777344
4,418,197.2071411132813,281.9329345703125
4,419,197.85762329101564,282.32251586914066
4,420,198.65006408691409,282.3315490722656
4,421,199.26388244628905,282.0910278320313
4,422,199.5430389404297,281.66980590820316
4,423,199.61531677246094,281.15107421875
4,424,199.02736511230466,280.83097534179683
4,425,198.26217651367188,280.4080078125
4,426,197.16589050292967,279.78923950195315
4,427,196.05216064453126,279.30696411132817
4,428,195.00852661132814,278.6631591796875
4,429,194.37146301269533,277.8309204101563
4,430,193.7736541748047,277.12261352539065
4,431,193.57707519531255,276.6621398925781
4,432,193.62916870117192,276.3130310058594
4,433,193.820443725586,276.25488891601566
4,434,194.08399658203126,276.4830139160156
4,435,194.46125793457034,276.93235473632814
4,436,194.8142700195313,277.5364929199219
4,437,195.09118652343753,278.2252197265625
4,438,195.58747863769534,278.97479248046875
4,439,196.19120178222659,279.89613037109376
4,440,196.80345764160154,280.7632080078125
4,441,197.53952941894534,281.3497802734375
4,442,198.26792602539064,281.66196289062503
4,443,198.75767822265624,281.71397094726564
4,444,198.98340148925786,281.45595092773436
4,445,198.80040588378904,281.066845703125
4,446,198.22438964843747,280.6596923828125
4,447,197.61534729003907,280.24517211914065
4,448,196.6046600341797,279.78992309570316
4,449,195.5403259277344,279.29046020507815
4,450,194.56331787109377,278.763818359375
4,451,193.9175506591797,278.18267211914065
4,452,193.2799255371094,277.64814453125
4,453,193.08495178222657,277.29005126953126
4,454,193.1625457763672,277.0116821289063
4,455,193.65439758300778,276.8732971191406
4,456,194.08163146972655,277.00477905273436
4,457,194.5504638671875,277.4122253417969
4,458,194.99796447753906,277.91867675781253
4,459,195.2904754638672,278.59437255859376
4,460,195.5582916259766,279.2843383789062
4,461,195.9089996337891,279.96800537109374
4,462,196.35076904296878,280.5071350097656
4,463,196.7594909667969,280.91259765625
4,464,197.22768554687502,281.07423095703126
4,465,197.5021514892578,281.052978515625
4,466,197.545849609375,280.8360290527344
4,467,197.30706787109375,280.51625366210936
4,468,196.95308837890624,280.0963684082031
4,469,196.49800720214847,279.6426940917969
4,470,195.80581665039065,279.2104187011719
4,471,195.17107849121098,278.79791259765625
4,472,194.72170715332032,278.3533996582031
4,473,194.4626007080078,277.9205017089844
4,474,194.28355102539064,277.5907653808594
4,475,194.39730834960938,277.41643066406255
4,476,194.6740234375,277.30303344726565
4,477,194.9564178466797,277.40683593750003
4,478,195.09898376464844,277.67109375000007
4,479,195.27342529296877,278.0803649902344
4,480,195.44557800292972,278.50891723632816
4,481,195.55115051269533,279.0590026855469
4,482,195.62661743164068,279.5261169433594
4,483,195.81314697265628,279.9050170898438
4,484,195.95666809082033,280.1336303710938
4,485,196.13084411621094,280.24829711914066
4,486,196.37050781250002,280.1835632324219
4,487,196.57091674804687,280.009033203125
4,488,196.5782653808594,279.8371276855469
4,489,196.5747985839844,279.5968444824219
4,490,196.47254333496096,279.3551879882813
4,491,196.1963989257813,279.13129272460935
4,492,195.91600341796877,278.9704406738281
4,493,195.68522033691409,278.82819213867185
4,494,195.47134094238285,278.7174133300781
4,495,195.41070556640628,278.62006225585935
4,496,195.4866851806641,278.56455688476564
4,497,195.65305480957034,278.5050415039062
4,498,195.86184692382812,278.4662963867188
4,499,196.0999267578125,278.5206970214844
4,500,196.15482482910156,278.6179443359375
4,501,196.15127563476562,278.72368164062505
4,502,196.1009552001953,278.8483154296875
4,503,196.07378845214845,278.97431640625
4,504,196.0747100830078,279.11121826171876
4,505,196.24103698730468,279.1938049316406
4,506,196.46210632324218,279.2538208007812
4,507,196.65718688964844,279.3021545410156
4,508,196.84343566894532,279.34214477539064
4,509,196.97380371093752,279.28793945312503
4,510,196.94238891601566,279.27447509765625
4,511,196.8180633544922,279.2478454589844
4,512,196.67957153320313,279.21465454101565
4,513,196.51499023437503,279.17352905273435
4,514,196.28228149414065,279.10780029296876
4,515,196.08902282714848,279.0431213378906
4,516,195.95901489257812,278.9510864257812
4,517,195.93599243164064,278.84483642578124
4,518,195.92651977539063,278.71818847656255
4,519,195.96235961914064,278.62926025390624
4,520,196.03003845214846,278.49761962890625
4,521,196.05628356933593,278.44043579101566
4,522,195.98482360839844,278.43482666015626
4,523,195.92373046875002,278.4251220703125
4,524,195.90310363769532,278.48423461914064
4,525,195.87044677734377,278.58311157226564
4,526,195.95175170898438,278.7533874511719
4,527,196.09810791015627,278.85637207031255
4,528,196.28452453613284,278.9880004882813
4,529,196.4674530029297,279.07847290039064
4,530,196.65709228515624,279.18991699218753
4,531,196.71990966796875,279.19694824218755
4,532,196.72652587890627,279.27301025390625
4,533,196.64027709960936,279.3188903808594
4,534,196.40447692871095,279.3150146484375
4,535,196.1156707763672,279.2627746582031
4,536,195.84656066894533,279.17554321289066
4,537,195.56854858398438,279.0204223632813
4,538,195.29979248046877,278.84428710937505
4,539,195.19219055175782,278.69349365234376
4,540,195.11258239746095,278.56940307617185
4,541,195.0351287841797,278.49677734375
4,542,195.03283691406253,278.4973510742187
4,543,195.10672912597659,278.5560485839844
4,544,195.19917602539067,278.65886840820315
4,545,195.32961425781252,278.8142761230469
4,546,195.48363342285154,279.0194091796875
4,547,195.64197998046876,279.1668884277344
4,548,195.79427185058594,279.26567993164065
4,549,195.87893981933595,279.32281494140625
4,550,196.04428405761723,279.2992553710938
4,551,196.22921447753907,279.22315063476566
4,552,196.3583923339844,279.1402587890625
4,553,196.43887939453126,279.0509521484375
4,554,196.48255004882813,278.97137451171875
4,555,196.36711120605472,278.8990295410156
4,556,196.1629791259766,278.80104370117186
4,557,195.9568023681641,278.7198547363281
4,558,195.76871643066409,278.65587768554684
4,559,195.61133422851563,278.5985412597656
4,560,195.55293884277341,278.54900512695315
4,561,195.56965942382809,278.5353942871094
4,562,195.58534545898436,278.5455261230469
4,563,195.65578918457032,278.568701171875
4,564,195.72505798339844,278.6270751953125
4,565,195.808740234375,278.6986511230469
4,566,195.87670288085937,278.7921630859375
4,567,195.9831359863281,278.87538452148436
4,568,196.04782104492185,278.97292480468747
4,569,196.14111328125,279.028173828125
4,570,196.2029541015625,279.0554504394531
4,571,196.27804565429688,279.0439697265625
4,572,196.30274353027346,279.0113159179688
4,573,196.29465637207034,278.9387573242187
4,574,196.2502624511719,278.856201171875
4,575,196.1369567871094,278.7827514648437
4,576,195.98342285156252,278.7107849121093
4,577,195.80999145507815,278.6439819335937
4,578,195.63623962402346,278.58994140625
4,579,195.48828735351563,278.54943237304684
4,580,195.37513122558593,278.5374755859375
4,581,195.31590881347657,278.54480590820316
4,582,195.3334533691406,278.55833129882814
4,583,195.4275939941406,278.5830444335937
4,584,195.5552001953125,278.6065979003906
4,585,195.7094299316406,278.62273559570315
4,586,195.9156921386719,278.6526245117188
4,587,196.08646850585936,278.6917663574219
4,588,196.21693115234376,278.73372192382817
4,589,196.31646728515625,278.77165527343755
5,0,208.58392725590605,270.3939311156668
5,1,208.7790797591457,270.56840280757996
5,2,208.9858167350416,270.75555150144623
5,3,209.19080200195313,270.9580444335937
5,4,209.2595703125,270.9589050292969
5,5,209.28416748046877,271.02101440429686
5,6,209.27854614257814,271.0276306152344
5,7,209.2575622558594,271.0308532714844
5,8,209.24134826660156,271.0114685058594
5,9,209.22317199707035,271.0139099121094
5,10,209.19379577636718,271.06760864257814
5,11,209.188916015625,271.1271911621094
5,12,209.16507263183595,271.18711547851564
5,13,209.12575988769532,271.2670776367188
5,14,209.09388122558596,271.34246826171875
5,15,209.0813171386719,271.37009887695314
5,16,209.04933471679692,271.40300292968755
5,17,209.03352966308597,271.4383056640625
5,18,209.02201232910159,271.4650756835938
5,19,208.99562683105472,271.49716796875003
5,20,208.95694274902345,271.5317077636719
5,21,208.9265167236328,271.5620056152344
5,22,208.97054748535155,271.48280029296876
5,23,209.0246032714844,271.405224609375
5,24,209.07448730468755,271.3243041992188
5,25,209.11904296875002,271.2514892578125
5,26,209.16861267089848,271.17521972656255
5,27,209.1282897949219,271.2075500488281
5,28,209.0847808837891,271.23328857421876
5,29,209.03846130371093,271.26713867187505
5,30,209.0102020263672,271.2791809082031
5,31,208.9654754638672,271.2920166015625
5,32,208.94097290039065,271.2903137207031
5,33,208.9240661621094,271.2861450195313
5,34,208.87515563964845,271.2798522949219
5,35,208.83341064453128,271.2808044433594
5,36,208.7903289794922,271.2770202636719
5,37,208.748779296875,271.27388305664067
5,38,208.69556884765626,271.28278808593757
5,39,208.69361267089846,271.28936157226565
5,40,208.69625549316407,271.2910339355469
5,41,208.70642700195313,271.29331665039064
5,42,208.70942993164064,271.303369140625
5,43,208.72725524902347,271.3008117675781
5,44,208.7438537597656,271.29542236328126
5,45,208.76114807128909,271.29285888671876
5,46,208.76954650878906,271.33635864257815
5,47,208.8042449951172,271.36787719726567
5,48,208.83634338378909,271.3946838378906
5,49,208.87114868164065,271.4225219726563
5,50,208.88466796875002,271.42364501953125
5,51,208.90059814453127,271.3882080078125
5,52,208.89067687988285,271.3640563964844
5,53,208.8775085449219,271.35551757812505
5,54,208.8714508056641,271.3296203613281
5,55,208.86586914062502,271.34096069335936
5,56,208.8661682128906,271.3450561523437
5,57,208.87758789062497,271.34685058593755
5,58,208.8541961669922,271.3373657226563
5,59,208.82473144531252,271.37498779296874
5,60,208.79885864257815,271.4013610839844
5,61,208.76654357910158,271.432958984375
5,62,208.73038024902343,271.466259765625
5,63,208.71939392089848,271.50599365234376
5,64,208.70807495117188,271.5150207519531
5,65,208.69338684082032,271.53845825195316
5,66,208.69046020507812,271.5570068359375
5,67,208.6958770751953,271.5675537109375
5,68,208.70786132812498,271.577001953125
5,69,208.7179138183594,271.58392333984375
5,70,208.7500701904297,271.55845947265624
5,71,208.75661926269535,271.5415466308594
5,72,208.75119628906248,271.5317260742188
5,73,208.7550079345703,271.51946411132815
5,74,208.75270690917966,271.5279174804688
5,75,208.73711853027342,271.55078125
5,76,208.7474822998047,271.5653503417969
5,77,208.7486633300781,271.58527221679685
5,78,208.73122253417966,271.61200561523435
5,79,208.7098114013672,271.6173583984375
5,80,208.68675231933594,271.6350891113281
5,81,208.6507293701172,271.65418701171876
5,82,208.6037017822266,271.6566467285156
5,83,208.5992340087891,271.63310546875005
5,84,208.59159240722659,271.6079406738281
5,85,208.5844024658203,271.5750732421875
5,86,208.59590148925784,271.5366821289063
5,87,208.6313018798828,271.5114807128906
5,88,208.62640380859375,271.5061828613281
5,89,208.6247100830078,271.50835571289065
5,90,208.61631774902344,271.5052001953125
5,91,208.59974670410156,271.5012084960938
5,92,208.58536376953126,271.4905944824219
5,93,208.57281799316405,271.4845275878906
5,94,208.5829132080078,271.4814025878906
5,95,208.5760955810547,271.51033325195317
5,96,208.56822814941407,271.53935546875005
5,97,208.55178222656252,271.5758911132813
5,98,208.54173278808597,271.60222167968755
5,99,208.51161193847662,271.6295654296875
5,100,208.50542602539065,271.6338073730469
5,101,208.51709594726563,271.62659912109376
5,102,208.5223602294922,271.61701049804685
5,103,208.52482910156255,271.62715454101567
5,104,208.5379608154297,271.6291748046875
5,105,208.5460662841797,271.6404724121094
5,106,208.5731414794922,271.594287109375
5,107,208.62638244628909,271.5580810546875
5,108,208.66273193359376,271.5252197265625
5,109,208.74428405761722,271.5107482910156
5,110,208.78149719238283,271.51604003906243
5,111,208.94415283203125,271.58295288085935
5,112,209.42702026367186,271.74697265625
5,113,210.36105346679688,271.7267700195313
5,114,210.94159545898435,272.3834533691406
5,115,211.54596557617185,273.3380432128906
5,116,212.2444061279297,274.3803649902344
5,117,212.89585266113284,275.28327026367185
5,118,213.3397888183594,276.6805358886719
5,119,214.17486877441408,277.38414916992184
5,120,215.25040283203123,277.7210754394531
5,121,216.35462036132816,277.76543579101565
5,122,217.18692016601562,278.0816040039063
5,123,218.02630615234375,278.06964721679685
5,124,218.85140075683594,278.3247009277344
5,125,219.55631408691409,279.0188354492188
5,126,220.29688720703126,279.83594360351566
5,127,221.4824676513672,280.2527587890625
5,128,222.861962890625,280.95301513671876
5,129,224.80225219726566,281.4292236328125
5,130,226.83161010742188,281.8601989746094
5,131,228.37262878417968,283.00145263671874
5,132,229.45093383789063,284.566259765625
5,133,230.38952026367187,285.8752014160156
5,134,230.7032409667969,287.1849304199219
5,135,230.81847229003904,288.20741577148436
5,136,231.3343994140625,288.680224609375
5,137,231.91456604003906,289.0373596191406
5,138,232.1938201904297,289.52284545898436
5,139,232.59221496582032,290.0470703125
5,140,233.06670227050785,290.72065429687495
5,141,233.39909667968755,291.67138061523434
5,142,234.02958679199222,292.0444091796875
5,143,234.62054443359375,292.38636474609376
5,144,235.40816955566407,292.3499267578125
5,145,236.23283691406255,292.1773620605469
5,146,236.7343200683594,291.4136901855469
5,147,236.88992919921878,290.4178833007812
5,148,236.24576721191409,289.672314453125
5,149,234.97139892578127,288.96576538085935
5,150,233.3080810546875,288.1637451171875
5,151,231.52187500000002,287.39122314453124
5,152,229.82683715820312,286.5574035644531
5,153,228.44852600097659,285.18027954101564
5,154,227.21390380859373,283.75839843750003
5,155,225.95904235839845,282.2449645996094
5,156,224.5947937011719,280.9846862792969
5,157,223.04978637695314,280.30444946289066
5,158,222.0250946044922,279.7247680664063
5,159,221.10699157714845,279.3779968261719
5,160,220.4785400390625,279.0540405273437
5,161,220.55009155273436,278.70219116210933
5,162,220.7616424560547,278.61558837890624
5,163,221.1595001220703,278.5670227050781
5,164,221.52742919921877,278.61851806640624
5,165,221.92192077636722,278.82915649414065
5,166,222.05557861328128,279.18735351562503
5,167,222.02288818359378,279.41433105468747
5,168,221.85577087402345,279.65631713867185
5,169,221.68732604980468,279.9136169433594
5,170,221.42348022460936,280.01555786132815
5,171,221.15143737792968,279.81195678710935
5,172,220.9419128417969,279.5729187011719
5,173,220.50825805664064,279.35797119140625
5,174,219.98629150390627,279.11162719726565
5,175,219.5475952148438,278.78770141601564
5,176,219.24826354980473,278.4831420898438
5,177,219.002392578125,278.218017578125
5,178,218.84536437988282,278.05560913085935
5,179,218.7643981933594,277.9095092773438
5,180,218.7027038574219,277.84332275390625
5,181,218.80373840332032,277.7069519042969
5,182,219.10376892089846,277.6616455078125
5,183,219.78403625488284,277.56231079101565
5,184,220.7228485107422,277.70895996093753
5,185,221.87430725097659,278.0622253417969
5,186,222.54458618164065,278.7855590820313
5,187,223.0467498779297,279.3801025390625
5,188,223.3632080078125,280.0345397949219
5,189,223.61491394042966,280.7907958984375
5,190,223.62948608398435,281.6732238769531
5,191,223.8648406982422,282.3796020507813
5,192,224.32511901855472,282.5170593261719
5,193,224.81723022460938,282.34638671875
5,194,225.23434753417973,281.9126342773438
5,195,225.46615905761723,281.58359375000003
5,196,225.82645568847659,281.43632812500005
5,197,225.89773559570312,281.9980163574219
5,198,226.15397033691409,282.90986328125
5,199,226.28288574218752,284.2213562011719
5,200,226.83247375488284,285.5092407226563
5,201,227.35340881347656,287.22504272460935
5,202,228.37560119628907,288.4728515625
5,203,229.52197875976566,289.70867919921875
5,204,231.1008056640625,290.83179321289066
5,205,232.93607482910156,291.82063598632817
5,206,234.8622802734375,292.6101501464844
5,207,236.10583190917967,294.26763305664065
5,208,236.7927734375,296.0644104003906
5,209,236.88355712890626,297.2563720703125
5,210,236.2121063232422,298.05419921875
5,211,235.23077697753908,297.8630187988281
5,212,234.01082763671874,296.7035217285156
5,213,232.73263244628907,294.930517578125
5,214,231.15411376953125,293.330517578125
5,215,229.30708923339841,292.05253906250005
5,216,227.3930145263672,291.2544311523438
5,217,226.29886474609378,290.68139648437506
5,218,225.53583374023438,290.4718017578125
5,219,225.72473449707033,290.38837890625
5,220,226.7166290283203,290.2330383300781
5,221,228.12751159667968,290.51280517578124
5,222,229.18687438964844,291.3459350585938
5,223,230.2154479980469,292.2189880371094
5,224,231.3277038574219,292.74982910156257
5,225,232.37028808593755,293.39360351562505
5,226,233.17830200195314,293.7502807617188
5,227,233.99148864746098,293.6900512695313
5,228,234.71967773437498,293.81018676757816
5,229,234.73298645019534,294.15881958007816
5,230,234.77901611328127,293.8298706054688
5,231,234.60755004882813,293.5261169433594
5,232,234.2440643310547,293.3549072265625
5,233,233.8716369628906,292.76722412109376
5,234,233.82557678222653,291.79246215820314
5,235,233.5102783203125,291.1674377441406
5,236,233.2972137451172,290.46937255859376
5,237,233.09216613769536,289.5433227539063
5,238,232.69189453125003,288.75791015625003
5,239,232.20229492187502,288.2874755859375
5,240,231.76559143066407,287.98632812500006
5,241,231.49017333984375,287.563916015625
5,242,231.20212097167968,287.4752502441406
5,243,231.16903991699218,287.3165100097656
5,244,231.25073852539063,287.3458557128906
5,245,231.50388183593753,287.4117065429687
5,246,231.71761169433597,287.53554077148436
5,247,232.1195068359375,287.8462219238281
5,248,232.6408660888672,288.0464172363281
5,249,233.16847534179692,288.11341552734376
5,250,233.513916015625,288.270947265625
5,251,233.75738220214845,288.6350830078125
5,252,233.96546020507816,288.49017944335935
5,253,234.04371643066412,288.35072021484376
5,254,234.25982360839848,288.03168334960935
5,255,233.87076110839848,287.9029235839844
5,256,233.40030822753909,287.65284423828126
5,257,232.5954772949219,287.3027526855469
5,258,231.49842529296876,286.8780822753906
5,259,229.8503601074219,286.4472839355469
5,260,228.63072509765627,285.7414855957032
5,261,227.34117126464847,284.9549072265625
5,262,226.6548004150391,283.9650634765625
5,263,226.07784118652347,283.2635864257813
5,264,225.7424743652344,282.81699218750003
5,265,225.59592895507816,282.4387878417969
5,266,225.8994995117188,282.0214050292969
5,267,225.8319091796875,282.3710632324219
5,268,226.06166687011722,282.97376708984376
5,269,226.5419494628906,283.5007690429687
5,270,227.14609375000003,283.94279785156255
5,271,227.43702087402346,284.547216796875
5,272,227.76783752441406,284.8956237792969
5,273,227.90605468750002,284.9326110839844
5,274,227.61574401855472,284.9058471679688
5,275,227.01376342773438,284.78996582031255
5,276,226.19002685546874,284.5538513183594
5,277,225.1491943359375,284.0522094726563
5,278,224.07919921875,283.4247253417969
5,279,223.17069091796873,282.8108215332032
5,280,222.39085693359374,282.2113403320313
5,281,221.8626953125,281.7821533203125
5,282,221.52695007324218,281.5269409179688
5,283,221.27271423339843,281.45733642578125
5,284,221.15962524414064,281.50517578125
5,285,221.11016845703128,281.7434936523438
5,286,221.53113403320316,281.8442565917969
5,287,222.54420471191406,282.067041015625
5,288,223.74186096191409,282.0683349609375
5,289,224.91861877441409,282.3041198730469
5,290,226.0532989501953,282.64141845703125
5,291,226.6812194824219,283.08709716796875
5,292,226.69760742187503,283.7224426269532
5,293,226.5941070556641,284.61704711914064
5,294,226.23381042480472,285.2038269042969
5,295,225.77227783203125,285.43355102539067
5,296,225.41883850097656,285.4578674316407
5,297,224.9419342041016,285.1439636230469
5,298,224.27454223632813,284.7917846679687
5,299,223.866796875,284.43516235351564
5,300,223.72697448730472,284.15781860351564
5,301,223.76312561035158,283.8997253417969
5,302,223.78136291503907,283.74204711914064
5,303,223.77334899902345,283.4615539550781
5,304,223.70179138183596,283.202978515625
5,305,223.63325500488284,283.01356201171876
5,306,223.57597351074222,283.0493591308594
5,307,223.9247497558594,283.0683044433594
5,308,224.29375915527345,283.3535461425781
5,309,224.7368896484375,283.6152282714844
5,310,225.06124572753907,283.8323059082031
5,311,225.1523162841797,284.04295654296874
5,312,225.28955078125003,284.4335021972656
5,313,225.5207702636719,284.6643249511719
5,314,225.7314910888672,284.92319335937503
5,315,225.8768249511719,285.0332275390625
5,316,225.9982635498047,284.77731933593753
5,317,225.8251678466797,284.1814758300781
5,318,225.46341552734378,283.44749145507814
5,319,225.09001464843755,282.5467041015625
5,320,224.7302642822266,281.8310485839844
5,321,224.52683410644536,281.5447509765625
5,322,224.51408081054691,281.53230590820317
5,323,224.70867919921878,281.79380493164064
5,324,225.01506958007815,282.3588012695313
5,325,225.4730651855469,283.0388488769532
5,326,225.75939025878907,283.7904907226562
5,327,225.98821105957032,284.57610473632815
5,328,226.355712890625,285.3220886230469
5,329,226.76412658691407,285.74822998046875
5,330,227.11116638183597,286.0320068359375
5,331,227.45511779785156,286.18449707031255
5,332,227.62481079101562,286.20472412109376
5,333,227.5237060546875,286.2092956542969
5,334,227.088037109375,286.6204345703125
5,335,226.58706054687502,286.83904418945315
5,336,226.284130859375,286.80010986328125
5,337,226.12518005371095,286.57515258789067
5,338,226.01660766601563,286.0533874511719
5,339,225.78011474609374,285.2470153808594
5,340,225.2713592529297,284.6607299804688
5,341,224.32948303222656,284.1782531738281
5,342,223.27802734375,283.8537963867188
5,343,222.31111450195314,283.5779296875
5,344,221.52404785156253,283.22416992187505
5,345,220.9329071044922,282.713525390625
5,346,220.59966125488282,282.2047180175781
5,347,220.45242614746093,281.5822265625
5,348,220.20409851074217,281.15809326171876
5,349,220.12762145996095,280.9683837890625
5,350,220.22728881835937,280.9198303222656
5,351,220.62514953613282,280.83568115234374
5,352,220.61505432128908,281.2901550292969
5,353,220.52173156738286,281.75779418945314
5,354,220.3085876464844,282.150146484375
5,355,220.04700317382816,282.42198486328124
5,356,219.49712524414065,282.6923095703125
5,357,219.3731140136719,282.4841979980469
5,358,219.59481201171877,282.0931823730469
5,359,220.08138427734377,281.6084716796875
5,360,220.43565063476564,281.39671630859374
5,361,220.8997283935547,281.3356872558594
5,362,221.5046844482422,281.523681640625
5,363,222.0388946533203,281.921337890625
5,364,222.37254943847657,282.5774230957031
5,365,222.86719665527346,282.986181640625
5,366,223.3969696044922,283.1785583496094
5,367,223.70091247558597,283.140380859375
5,368,224.0620086669922,283.05665893554686
5,369,224.2917388916016,282.9183776855469
5,370,224.35953369140628,282.9015808105469
5,371,224.32259216308597,283.13572387695314
5,372,224.08944396972657,283.42612304687503
5,373,223.13587341308596,283.65344848632816
5,374,221.8426452636719,283.6343505859375
5,375,220.2515289306641,283.14617919921875
5,376,218.25186462402343,282.07566528320314
5,377,216.03078918457032,280.652099609375
5,378,214.0528045654297,278.85413208007816
5,379,212.0709228515625,276.5223083496094
5,380,209.85074157714845,274.32562866210935
5,381,207.86491394042972,272.1442443847656
5,382,205.8941162109375,270.1986755371094
5,383,204.10091552734377,268.4649719238281
5,384,202.70408325195314,267.2242492675781
5,385,202.06639404296877,266.24468994140625
5,386,201.71316223144532,266.0673583984375
5,387,202.27471313476565,266.03114624023436
5,388,203.5140075683594,266.3544555664063
5,389,205.05256958007814,267.2877685546875
5,390,206.6785827636719,268.57957763671874
5,391,208.40547790527347,269.78314819335935
5,392,209.64290161132817,271.4353088378906
5,393,210.4102294921875,273.18367309570317
5,394,211.0904479980469,274.71107788085936
5,395,211.64826049804688,275.87268676757816
5,396,211.98181152343753,276.7418273925781
5,397,212.22210998535158,277.05875854492183
5,398,212.23492126464845,276.9216003417969
5,399,211.9865264892578,276.3306396484375
5,400,211.53178710937502,275.5372741699219
5,401,210.9597137451172,274.498486328125
5,402,210.20090637207034,273.4093811035156
5,403,209.31336364746096,272.41508789062505
5,404,208.1930572509766,271.7264404296875
5,405,207.01326293945317,271.09735107421875
5,406,205.8963562011719,270.6103454589844
5,407,205.1209381103516,270.21282348632815
5,408,204.74747619628909,269.89304809570314
5,409,204.89724426269535,269.4716674804688
5,410,205.4579956054688,269.2431335449219
5,411,206.1547546386719,269.2171081542969
5,412,206.95466613769534,269.3448364257813
5,413,207.73346862792968,269.63909301757815
5,414,208.3687469482422,270.1991027832031
5,415,208.87535095214844,270.9654235839844
5,416,209.40764465332032,271.8928161621094
5,417,209.87798767089845,272.7447204589844
5,418,210.27909240722659,273.4461303710938
5,419,210.7476501464844,273.8326171875
5,420,211.23667907714847,273.8579467773438
5,421,211.58267517089843,273.57567138671874
5,422,211.73687744140625,273.1892333984375
5,423,211.6346923828125,272.863671875
5,424,211.1804290771484,272.64448242187507
5,425,210.39341735839847,272.49000244140626
5,426,209.41693420410158,272.3450805664063
5,427,208.3205993652344,272.2161010742187
5,428,207.35515747070315,271.873388671875
5,429,206.61818542480472,271.3099792480469
5,430,206.16307067871097,270.6920532226563
5,431,205.99073181152346,270.1229125976563
5,432,206.09026489257815,269.68462524414065
5,433,206.3407745361328,269.5112670898438
5,434,206.75192260742188,269.63347778320315
5,435,207.19835815429687,269.9800720214844
5,436,207.70745239257815,270.49815673828124
5,437,208.10457763671877,271.1119750976562
5,438,208.66366882324218,271.78682250976567
5,439,209.25443115234376,272.51788330078125
5,440,209.83230590820312,273.0971923828125
5,441,210.3613037109375,273.5612976074219
5,442,210.94447021484376,273.6864318847656
5,443,211.31556701660156,273.55271606445314
5,444,211.4219451904297,273.2955627441406
5,445,211.2428924560547,273.0396423339844
5,446,210.89137268066406,272.5896057128906
5,447,210.37987060546877,272.28142700195315
5,448,209.59818420410159,272.01586303710934
5,449,208.84276123046877,271.6367126464844
5,450,208.12149047851562,271.23626708984375
5,451,207.61074218750002,270.8500244140625
5,452,207.19905090332034,270.40562133789064
5,453,207.0813659667969,270.0019226074219
5,454,207.16828613281254,269.7096252441406
5,455,207.5160522460938,269.575732421875
5,456,207.79310607910156,269.6890319824219
5,457,208.15288696289065,270.01243286132814
5,458,208.53098449707034,270.479345703125
5,459,208.73283996582032,271.11640625
5,460,209.00436096191407,271.7149719238281
5,461,209.35476379394532,272.2445556640625
5,462,209.73836059570314,272.6851745605469
5,463,210.11240844726566,272.9444274902344
5,464,210.56145019531252,273.0219604492188
5,465,210.79815063476562,272.9873229980469
5,466,210.77969360351562,272.8514709472656
5,467,210.60008544921874,272.6318115234375
5,468,210.2707061767578,272.3866760253906
5,469,209.84694213867186,272.0819274902344
5,470,209.3351501464844,271.7887023925781
5,471,208.98525695800782,271.4966247558594
5,472,208.6373718261719,271.2111999511719
5,473,208.43367919921877,270.92664184570316
5,474,208.33806762695315,270.7026611328125
5,475,208.3683837890625,270.56982421875
5,476,208.41665039062502,270.5090576171875
5,477,208.63213806152345,270.5163940429687
5,478,208.73492431640625,270.6966247558594
5,479,208.84503479003908,270.9601623535156
5,480,208.94317932128905,271.21893920898435
5,481,209.0836944580078,271.5631103515625
5,482,209.18367919921874,271.884326171875
5,483,209.36688842773438,272.09192504882816
5,484,209.495166015625,272.1955017089844
5,485,209.60755310058596,272.2513366699219
5,486,209.692578125,272.1898132324219
5,487,209.6736267089844,272.07732543945315
5,488,209.55633239746095,271.96580810546874
5,489,209.44626770019534,271.827392578125
5,490,209.3668121337891,271.68311767578126
5,491,209.1670593261719,271.58282470703125
5,492,208.9702392578125,271.57820434570317
5,493,208.77852478027347,271.57806396484375
5,494,208.58745117187502,271.623095703125
5,495,208.40442504882816,271.682763671875
5,496,208.3994018554688,271.6857727050781
5,497,208.48350830078127,271.626318359375
5,498,208.64717407226567,271.5897216796875
5,499,208.78143920898438,271.58111572265625
5,500,208.85169982910156,271.604736328125
5,501,208.84990844726562,271.661279296875
5,502,208.86052856445312,271.717578125
5,503,208.90656127929688,271.7178039550781
5,504,209.0015625,271.71064453125
5,505,209.1856506347656,271.62791137695314
5,506,209.34432678222655,271.53953247070314
5,507,209.44109497070315,271.45567626953124
5,508,209.49819946289065,271.41847534179686
5,509,209.52596740722657,271.3557189941406
5,510,209.49788818359377,271.3546569824219
5,511,209.46021728515626,271.4109619140625
5,512,209.397265625,271.5481262207031
5,513,209.26496582031248,271.68116455078126
5,514,209.10025634765623,271.7781066894531
5,515,208.92437133789062,271.87432250976565
5,516,208.74974670410154,271.89384765625005
5,517,208.6583068847656,271.8203857421875
5,518,208.62466430664062,271.74522094726564
5,519,208.62122497558593,271.6998474121094
5,520,208.66291198730468,271.6145935058594
5,521,208.70251770019533,271.5889404296875
5,522,208.6477935791016,271.5983581542969
5,523,208.63633728027347,271.5409912109375
5,524,208.67545166015628,271.5279235839844
5,525,208.69260559082034,271.55066528320316
5,526,208.7942321777344,271.62191772460943
5,527,208.99532165527347,271.60972900390624
5,528,209.16523742675784,271.66681518554685
5,529,209.27803649902347,271.69410400390626
5,530,209.3879608154297,271.7245300292969
5,531,209.41203918457032,271.6963256835937
5,532,209.38890380859374,271.7785278320313
5,533,209.30343017578124,271.87977905273436
5,534,209.18085632324218,271.9593566894531
5,535,209.0102722167969,272.01343994140626
5,536,208.8589599609375,272.02104492187505
5,537,208.65564270019533,271.94341430664065
5,538,208.48999328613283,271.81431884765624
5,539,208.40733642578124,271.6885498046875
5,540,208.37104797363278,271.5860107421875
5,541,208.33204650878906,271.51719970703124
5,542,208.3268249511719,271.5205017089844
5,543,208.3350311279297,271.5713745117188
5,544,208.3495635986328,271.6457153320313
5,545,208.37410583496097,271.7626098632812
5,546,208.39260559082032,271.90379638671874
5,547,208.45380554199218,272.0032592773438
5,548,208.562255859375,272.04287109375
5,549,208.615673828125,272.05946044921876
5,550,208.73478698730472,272.0181091308594
5,551,208.8771209716797,271.970751953125
5,552,208.97579650878907,271.9248352050781
5,553,209.00045471191407,271.9237487792969
5,554,209.00134582519533,271.92478027343753
5,555,208.88730163574218,271.92407226562506
5,556,208.73885803222657,271.8857971191406
5,557,208.61638488769532,271.84941406250005
5,558,208.52547912597657,271.80552368164064
5,559,208.4400604248047,271.7720825195313
5,560,208.4163879394531,271.7526489257813
5,561,208.44485168457032,271.75928344726566
5,562,208.47326965332033,271.7238830566406
5,563,208.53174133300786,271.66591796874997
5,564,208.6031951904297,271.6245178222656
5,565,208.69607543945315,271.5980590820312
5,566,208.7630035400391,271.57551879882817
5,567,208.81127929687503,271.5961120605469
5,568,208.83545227050783,271.6513610839844
5,569,208.89978027343753,271.6893615722656
5,570,208.94167785644532,271.68583984375005
5,571,208.97963562011722,271.678125
5,572,209.0059722900391,271.68121337890625
5,573,209.02873535156252,271.6645874023437
5,574,208.9838623046875,271.6661865234375
5,575,208.9381164550781,271.66875610351565
5,576,208.86080322265624,271.6645446777344
5,577,208.77843017578127,271.65257568359374
5,578,208.686279296875,271.64788818359375
5,579,208.6470947265625,271.6387390136719
5,580,208.57781372070315,271.6583618164063
5,581,208.5418182373047,271.6828308105469
5,582,208.5286407470703,271.70879516601565
5,583,208.5524627685547,271.7316101074219
5,584,208.61069030761718,271.72136840820315
5,585,208.6627410888672,271.71766357421876
5,586,208.72186279296875,271.7314147949219
5,587,208.76918640136722,271.7613037109375
5,588,208.79204406738285,271.79845581054684
5,589,208.77821044921876,271.8492126464844
6,0,215.55244753848154,262.64707831356003
6,1,215.4366384061882,262.8076672806546
6,2,215.31654765768397,262.9518255836866
6,3,215.17204284667972,263.10430908203125
6,4,215.28738098144535,263.13828125
6,5,215.25196838378906,263.16015625
6,6,215.18856811523438,263.1616455078125
6,7,215.12080383300784,263.1977233886719
6,8,215.0764190673828,263.22777099609374
6,9,215.0410308837891,263.2744567871094
6,10,215.02437438964847,263.38438110351564
6,11,215.00916748046876,263.50339965820314
6,12,214.9753326416016,263.61346435546875
6,13,214.92878112792968,263.7329040527344
6,14,214.89119567871094,263.84343872070315
6,15,214.87359008789062,263.8817993164063
6,16,214.84331359863282,263.9153686523438
6,17,214.8335418701172,263.9493347167969
6,18,214.83876037597656,263.9724060058594
6,19,214.82452697753905,264.0027282714844
6,20,214.80317382812498,264.03509521484375
6,21,214.80775146484373,264.0653076171875
6,22,214.9164031982422,263.9676940917969
6,23,215.05304260253908,263.85283203125
6,24,215.19770202636718,263.7162170410156
6,25,215.33424377441406,263.5830261230469
6,26,215.46335144042968,263.443017578125
6,27,215.47804565429686,263.4321960449219
6,28,215.4687927246094,263.43784179687503
6,29,215.4424560546875,263.47092285156253
6,30,215.42760009765627,263.49560546875
6,31,215.40169677734377,263.5218444824219
6,32,215.3926300048828,263.540625
6,33,215.38736267089848,263.5583557128906
6,34,215.35549011230472,263.5694274902344
6,35,215.33927612304691,263.58961791992186
6,36,215.32438659667972,263.6072570800781
6,37,215.31827392578128,263.6156311035156
6,38,215.2959716796875,263.6418884277344
6,39,215.3183349609375,263.66940307617193
6,40,215.32166137695316,263.695556640625
6,41,215.33773193359377,263.7190612792969
6,42,215.3349090576172,263.74940795898436
6,43,215.34523315429692,263.7603698730469
6,44,215.3449798583985,263.7643981933594
6,45,215.35473327636723,263.7595397949219
6,46,215.30775451660162,263.8060607910156
6,47,215.2902374267578,263.8420043945313
6,48,215.2765441894531,263.87498168945314
6,49,215.2688995361328,263.9114074707031
6,50,215.2424285888672,263.9293579101562
6,51,215.2586486816406,263.90354614257814
6,52,215.24753112792968,263.88917236328126
6,53,215.22358703613278,263.89197998046876
6,54,215.22136535644532,263.8622619628906
6,55,215.21779479980472,263.85198364257815
6,56,215.21739807128904,263.8330749511719
6,57,215.2269989013672,263.81284790039064
6,58,215.2201721191406,263.8061584472656
6,59,215.20361328125,263.84584350585936
6,60,215.20330200195315,263.8775573730469
6,61,215.1851287841797,263.92474365234375
6,62,215.15984497070315,263.972607421875
6,63,215.1406219482422,264.0027587890625
6,64,215.11049804687502,264.02134399414064
6,65,215.06293029785158,264.05665283203126
6,66,215.03640747070315,264.0807678222656
6,67,215.02881469726566,264.10500488281247
6,68,215.0320495605469,264.128271484375
6,69,215.02981262207032,264.14921875
6,70,215.072314453125,264.14650268554686
6,71,215.09841308593752,264.1544921875
6,72,215.11116638183594,264.15879516601564
6,73,215.13457031250002,264.15427246093753
6,74,215.13984375000004,264.1839660644531
6,75,215.12145996093753,264.2148071289063
6,76,215.12300415039067,264.23638305664065
6,77,215.11504211425785,264.2612548828125
6,78,215.09322509765627,264.2932373046875
6,79,215.08892211914065,264.2873168945312
6,80,215.0756561279297,264.2977600097656
6,81,215.0452117919922,264.30631713867194
6,82,215.04854736328127,264.2586120605469
6,83,215.07866821289065,264.18475341796875
6,84,215.10202941894534,264.0965270996094
6,85,215.11440734863285,264.0001953125
6,86,215.1547271728516,263.8927856445313
6,87,215.17529907226566,263.85080566406253
6,88,215.1630340576172,263.837890625
6,89,215.16431274414063,263.8422729492188
6,90,215.17383728027343,263.84458618164064
6,91,215.16933898925782,263.85710449218755
6,92,215.16307373046877,263.8581298828125
6,93,215.16380920410157,263.85694580078126
6,94,215.16448974609375,263.86187744140625
6,95,215.15464172363284,263.90393676757816
6,96,215.15010986328127,263.9351379394531
6,97,215.13182983398437,263.9729858398438
6,98,215.11013793945315,264.0091430664063
6,99,215.08677673339844,264.0449645996094
6,100,215.08274841308597,264.0472045898438
6,101,215.1101043701172,264.0211608886719
6,102,215.13887023925778,263.9833679199219
6,103,215.18013000488284,263.9415588378906
6,104,215.223388671875,263.8799987792969
6,105,215.24660644531252,263.8314147949219
6,106,215.23135375976562,263.7770629882813
6,107,215.25238342285155,263.74163818359375
6,108,215.2380523681641,263.7425537109375
6,109,215.28387451171875,263.7770874023438
6,110,215.2498962402344,263.9051391601563
6,111,215.5116607666016,264.13697509765626
6,112,216.0718444824219,264.45847778320314
6,113,216.68237915039063,265.0876892089844
6,114,217.26536254882814,266.0667236328125
6,115,217.99344787597659,266.9500366210938
6,116,218.5913146972656,267.9158325195313
6,117,219.1763336181641,268.6938110351563
6,118,219.7450378417969,269.5925231933594
6,119,220.2527618408203,270.15397949218755
6,120,220.9171325683594,270.59295043945315
6,121,221.53645935058597,270.8750244140625
6,122,221.93272705078127,271.5113952636719
6,123,222.6558746337891,271.5672668457031
6,124,223.42884521484376,271.9001831054687
6,125,224.18479003906253,272.64573364257814
6,126,225.0975402832031,273.4747253417969
6,127,226.35315551757813,273.793408203125
6,128,227.45233764648438,274.56221313476567
6,129,229.10137939453125,275.06873779296876
6,130,231.10968322753905,275.39494628906255
6,131,232.57030334472657,276.25044555664067
6,132,233.52732543945314,277.81953125
6,133,234.71857299804688,279.14910888671875
6,134,235.3646148681641,280.50380249023436
6,135,235.5143768310547,281.8918884277344
6,136,236.00306396484376,282.83583984374997
6,137,236.5884490966797,283.402783203125
6,138,236.75440063476566,283.9943115234375
6,139,237.18123779296877,284.407470703125
6,140,237.65564575195316,284.8348327636719
6,141,238.1987945556641,285.2561767578125
6,142,239.00603027343755,285.46058349609376
6,143,239.7550750732422,285.7461853027344
6,144,240.15871582031252,286.11846313476565
6,145,240.43357543945314,286.4317626953125
6,146,240.44839172363282,286.048095703125
6,147,240.15859375000002,285.17824096679686
6,148,239.2458435058594,284.55823974609376
6,149,238.20594177246096,283.69511718750005
6,150,236.78936767578128,282.75437622070314
6,151,235.04531860351565,281.9382629394531
6,152,233.36186523437505,281.1621154785156
6,153,231.96136474609378,279.78533325195315
6,154,230.61471862792973,278.4809997558594
6,155,229.29079589843752,277.06080322265626
6,156,228.06826782226562,276.0088256835938
6,157,226.738623046875,275.2577392578125
6,158,225.77557983398438,274.5856567382813
6,159,225.30049133300784,273.86101684570315
6,160,225.2834381103516,273.18764038085936
6,161,225.79519958496098,272.59361572265624
6,162,226.22085571289062,272.4896545410156
6,163,226.76779479980468,272.4690307617187
6,164,226.94771423339841,272.7173217773437
6,165,227.1317932128906,273.0887817382812
6,166,227.20807189941405,273.5107055664063
6,167,227.36535034179687,273.73912353515624
6,168,227.4224609375,273.87880859375
6,169,227.1861602783203,274.14052734375
6,170,226.7977783203125,274.2584289550781
6,171,226.3199462890625,273.94996337890626
6,172,226.04576416015627,273.5176025390625
6,173,225.4212188720703,273.2815734863281
6,174,224.9428924560547,272.89174194335936
6,175,224.71370849609377,272.3339050292969
6,176,224.55039367675784,272.05816040039065
6,177,224.1483673095703,271.87022705078124
6,178,224.2130065917969,271.5614929199219
6,179,224.29049682617188,271.24431762695315
6,180,224.21636352539065,271.0626281738281
6,181,224.1910858154297,270.8231140136719
6,182,224.6945037841797,270.73577880859375
6,183,225.39769287109374,270.7428771972656
6,184,226.32631530761716,271.03574218750003
6,185,227.33518981933597,271.50907592773433
6,186,227.97422180175784,272.41900634765625
6,187,228.28477478027347,273.2383972167969
6,188,228.58945617675784,273.879345703125
6,189,228.8346649169922,274.5413696289063
6,190,229.05074768066407,275.3151672363282
6,191,229.57192993164062,275.7141296386719
6,192,230.00316772460937,275.5330322265625
6,193,230.27766723632814,275.2550842285156
6,194,230.51995544433595,274.84485473632816
6,195,230.49575500488282,274.583740234375
6,196,230.56123046875,274.48927001953126
6,197,230.70693969726562,275.1216491699219
6,198,230.8833282470703,276.2366027832031
6,199,230.82872314453124,277.72521362304684
6,200,231.02381591796876,279.3612548828125
6,201,231.27403564453127,281.4550354003906
6,202,232.10873413085938,283.29205932617185
6,203,233.17190246582032,284.9953857421875
6,204,234.63330688476563,286.4932861328125
6,205,236.3849853515625,287.7940673828125
6,206,237.95005493164064,289.11688232421875
6,207,238.72330627441409,290.7792114257813
6,208,238.8953308105469,292.6097106933594
6,209,238.70192871093752,294.03369750976566
6,210,237.98642578125,294.8460632324219
6,211,237.2896636962891,294.26757812500006
6,212,236.39116210937502,293.0247314453125
6,213,235.2007049560547,291.34742431640626
6,214,233.83392639160158,289.66013793945314
6,215,232.3228454589844,288.1974853515625
6,216,230.77649841308596,287.56451416015625
6,217,229.6929138183594,287.08155517578126
6,218,229.15503540039066,286.7126098632813
6,219,229.26337280273444,286.56182861328125
6,220,229.9700378417969,286.6180419921875
6,221,230.98091125488284,286.87969970703125
6,222,232.03528747558596,287.6074157714844
6,223,233.17534484863285,288.34831542968755
6,224,234.4532653808594,288.71620483398436
6,225,235.6310974121094,289.0287231445313
6,226,236.5679901123047,289.2340759277344
6,227,237.31091918945313,289.1949890136719
6,228,237.86911621093753,289.3913146972656
6,229,237.84736633300784,289.8185791015625
6,230,237.71515502929688,289.80925292968755
6,231,237.30923461914065,289.70469360351564
6,232,236.9372253417969,289.53377075195317
6,233,236.56792907714845,289.02612915039066
6,234,236.4040069580078,288.2255126953125
6,235,236.09405212402345,287.7074401855469
6,236,235.94061584472655,287.07020263671876
6,237,235.56789855957032,286.3040649414063
6,238,235.30171813964841,285.6315612792969
6,239,235.00805053710934,285.22392578125005
6,240,234.78010253906248,284.77585449218753
6,241,234.67769470214844,284.27964477539064
6,242,234.6954528808594,283.9066589355469
6,243,234.7779083251953,283.4935241699219
6,244,235.06148986816407,283.1576599121094
6,245,235.3918365478516,282.95416259765625
6,246,235.6757995605469,282.9254638671875
6,247,236.10726318359377,283.2624572753906
6,248,236.51980285644532,283.4612670898437
6,249,236.78359680175782,283.5865966796875
6,250,236.9888153076172,283.9270874023438
6,251,237.26277770996091,283.9629699707031
6,252,237.49656677246094,283.7207885742188
6,253,237.71429748535155,283.2293334960938
6,254,237.98709411621093,282.5605773925781
6,255,238.05184936523438,281.86598510742186
6,256,237.73330688476562,281.67206420898435
6,257,237.0603485107422,280.97590942382817
6,258,236.0338897705078,280.36963500976566
6,259,234.79129028320312,279.6801391601563
6,260,233.50862731933594,279.0146362304688
6,261,232.47951965332032,278.03887329101565
6,262,231.792431640625,277.3081909179688
6,263,231.337890625,276.95661010742185
6,264,230.9598815917969,276.8465148925781
6,265,230.79897460937505,276.6286254882813
6,266,230.85168762207033,276.4946594238281
6,267,230.83312072753907,276.76987915039064
6,268,230.97972106933597,277.1957885742188
6,269,231.25821533203128,277.7323364257813
6,270,231.75640869140625,278.103173828125
6,271,231.93631896972656,278.65223999023436
6,272,232.16777954101562,278.97410278320314
6,273,232.40997009277345,278.95555419921874
6,274,232.36123046875,278.75270385742186
6,275,232.07491760253907,278.4697998046875
6,276,231.78374938964842,277.92189941406247
6,277,231.3026580810547,277.24953613281247
6,278,230.6185302734375,276.5647399902344
6,279,230.16603393554686,275.8848815917969
6,280,229.74835205078125,275.25787353515625
6,281,229.4423828125,274.8303588867187
6,282,229.1282775878906,274.6229614257813
6,283,228.9859100341797,274.54548950195317
6,284,228.87626647949216,274.5799011230469
6,285,228.80416870117185,274.82855224609375
6,286,229.01163024902345,275.03065795898436
6,287,229.67300415039065,275.3072143554688
6,288,230.50054016113285,275.4271240234375
6,289,231.30160217285157,275.7732788085938
6,290,232.02308044433596,276.15899658203125
6,291,232.43205566406252,276.6201965332031
6,292,232.5903259277344,277.05800170898436
6,293,232.49787902832034,277.789453125
6,294,232.30152893066406,278.2870727539063
6,295,232.0179473876953,278.51572875976564
6,296,231.7328582763672,278.4725158691406
6,297,231.32713012695314,278.2550415039062
6,298,230.89085693359377,277.9193481445312
6,299,230.5421051025391,277.6009338378906
6,300,230.4434692382813,277.3417236328125
6,301,230.53013305664066,277.1883483886719
6,302,230.51124877929692,277.19899902343747
6,303,230.39562377929687,277.1178344726563
6,304,230.27564086914063,277.00635375976566
6,305,230.1593475341797,276.89097290039064
6,306,230.06913452148436,276.9259338378906
6,307,230.31436157226562,276.8120971679688
6,308,230.52650756835936,276.9454284667969
6,309,230.68772888183594,277.12816162109374
6,310,230.82943420410152,277.38739013671875
6,311,230.83288574218747,277.6466064453125
6,312,230.88790893554688,278.0068359375
6,313,231.0546875,278.25689086914065
6,314,231.33853149414065,278.4876159667969
6,315,231.53663024902346,278.5916625976563
6,316,231.62660827636722,278.361962890625
6,317,231.4745513916016,277.9440673828125
6,318,231.1946472167969,277.4818420410156
6,319,230.84169921875002,276.8782409667969
6,320,230.5441131591797,276.38115234375
6,321,230.44170532226565,276.162548828125
6,322,230.3901306152344,276.2156860351563
6,323,230.50314331054688,276.3556762695313
6,324,230.67225341796876,276.75294189453126
6,325,230.86466064453126,277.283642578125
6,326,230.97464599609376,277.9590209960937
6,327,231.13306884765626,278.61077270507815
6,328,231.36177673339847,279.30124511718753
6,329,231.62105407714847,279.71177368164064
6,330,231.76225891113285,280.09399414062506
6,331,231.8250183105469,280.43461914062505
6,332,231.79592285156252,280.61607666015624
6,333,231.61975708007813,280.66240844726565
6,334,231.32885437011717,280.7936889648438
6,335,231.10194091796876,280.8187438964844
6,336,231.095068359375,280.4649536132813
6,337,231.08402099609376,280.0789489746094
6,338,231.12273864746095,279.4888549804688
6,339,231.0481384277344,278.86597290039066
6,340,230.87701110839842,278.126806640625
6,341,230.27991027832033,277.6143676757813
6,342,229.58633117675782,277.260009765625
6,343,228.92460021972659,276.9386047363281
6,344,228.35037841796876,276.5039916992188
6,345,227.7345153808594,276.0511413574219
6,346,227.37897338867188,275.6741027832031
6,347,227.19576110839844,275.13524169921874
6,348,226.94714965820313,274.7575622558594
6,349,226.78695373535157,274.6663513183594
6,350,226.79991455078127,274.856640625
6,351,226.87787170410158,275.0191284179688
6,352,226.73709411621093,275.4816162109375
6,353,226.59207458496095,275.93027343750003
6,354,226.2761688232422,276.3431274414063
6,355,225.983984375,276.51193847656253
6,356,225.61407165527345,276.5277099609375
6,357,225.6432067871094,276.24732055664066
6,358,225.93076782226564,275.919287109375
6,359,226.33109436035159,275.68540649414064
6,360,226.51976318359377,275.6946044921875
6,361,226.76315002441407,275.8919189453125
6,362,227.0288055419922,276.3135131835938
6,363,227.1446502685547,276.86442871093755
6,364,227.29735107421877,277.4173461914063
6,365,227.65374450683595,277.76011352539064
6,366,228.04364624023438,277.8629089355469
6,367,228.32626647949218,277.8941772460937
6,368,228.51714172363282,277.87058105468753
6,369,228.62179260253905,277.85612182617194
6,370,228.6865203857422,277.89292602539064
6,371,228.71653137207034,278.1861938476562
6,372,228.45037231445312,278.42596435546875
6,373,227.8591278076172,278.5579711914063
6,374,226.6987731933594,278.4287292480469
6,375,225.17446899414065,277.9903930664063
6,376,223.36086120605472,276.9927856445313
6,377,221.4649353027344,275.5029968261719
6,378,219.61185607910159,273.67702026367186
6,379,217.88206176757814,271.3449340820313
6,380,216.18727111816406,268.8411743164063
6,381,214.60146484375,266.3082153320313
6,382,213.0547821044922,263.94273681640624
6,383,211.73919372558595,261.90403442382814
6,384,210.89010620117188,260.2882995605469
6,385,210.45641174316404,259.07063598632817
6,386,210.25408020019532,258.59320068359375
6,387,210.59470825195314,258.6130554199219
6,388,211.4782867431641,258.8992980957031
6,389,212.42656860351562,259.9757873535156
6,390,213.6376892089844,261.3444519042969
6,391,214.9571685791016,262.7269714355469
6,392,216.15057373046875,264.2864624023438
6,393,216.98739013671877,265.90400390625
6,394,217.96974182128906,267.140576171875
6,395,218.6171081542969,268.14953613281256
6,396,219.13966674804686,268.7835632324219
6,397,219.38702392578128,269.01795654296876
6,398,219.4657653808594,268.9028503417969
6,399,219.2526153564453,268.36882934570315
6,400,218.82046508789062,267.6870178222656
6,401,218.23431396484378,266.7374694824219
6,402,217.4043823242188,265.73578491210935
6,403,216.33913574218755,264.71136474609375
6,404,215.2047821044922,263.87300415039067
6,405,214.06345520019534,263.07707519531255
6,406,213.05166625976565,262.5353515625
6,407,212.4076354980469,262.0967224121094
6,408,212.15630798339842,261.7634948730469
6,409,212.24831848144532,261.4007507324219
6,410,212.70840148925782,261.28833618164066
6,411,213.22141113281248,261.4275329589844
6,412,213.84890747070312,261.7153259277344
6,413,214.52430725097653,262.2240295410156
6,414,215.04259643554687,263.07711791992193
6,415,215.49574584960936,264.0202331542969
6,416,216.02720642089844,265.0112670898437
6,417,216.49579467773435,265.8747924804687
6,418,216.92353210449218,266.55364379882815
6,419,217.5187225341797,266.8501892089844
6,420,218.08409118652347,266.82922973632816
6,421,218.45466613769534,266.4913024902344
6,422,218.6178436279297,266.11102905273435
6,423,218.45744323730472,265.7353942871094
6,424,217.9682098388672,265.4103210449219
6,425,217.05615234375,265.09857177734375
6,426,216.0952575683594,264.76331176757816
6,427,215.24454040527345,264.3499450683594
6,428,214.54843139648438,263.77068481445315
6,429,213.92075195312498,263.0761352539063
6,430,213.73963623046876,262.35007934570314
6,431,213.74359436035155,261.72529907226567
6,432,213.7899139404297,261.3024047851562
6,433,213.9728454589844,261.2063720703125
6,434,214.32532958984376,261.42884521484376
6,435,214.53462829589844,261.92833251953124
6,436,214.7403717041016,262.6517639160156
6,437,214.96665954589847,263.47783813476565
6,438,215.34497680664066,264.3568908691406
6,439,215.8366333007813,265.19122314453125
6,440,216.46821594238284,265.9057556152344
6,441,217.05937805175785,266.4187927246094
6,442,217.62155456542973,266.5988220214844
6,443,217.97997436523437,266.498828125
6,444,217.98572387695313,266.31184082031245
6,445,217.7238555908203,265.98236083984375
6,446,217.33580322265627,265.49104614257817
6,447,216.7440124511719,265.07745361328125
6,448,216.03272094726566,264.65838012695315
6,449,215.39001464843756,264.13438720703124
6,450,214.73934631347657,263.616552734375
6,451,214.1994415283203,263.1810668945312
6,452,213.8162567138672,262.7362426757812
6,453,213.56949157714845,262.3700134277344
6,454,213.5279083251953,262.0907348632813
6,455,213.81478271484377,262.0255187988281
6,456,214.19952087402348,262.1361511230469
6,457,214.68675231933597,262.4431518554688
6,458,215.23777770996097,262.8628662109375
6,459,215.62532348632817,263.4806091308594
6,460,215.99172973632818,264.0463500976562
6,461,216.33444213867193,264.57379150390625
6,462,216.720068359375,265.0344909667969
6,463,217.07173156738284,265.3431335449219
6,464,217.4905487060547,265.4147888183594
6,465,217.72354431152343,265.3757385253906
6,466,217.68740844726562,265.1861572265625
6,467,217.49746398925782,264.89893798828126
6,468,217.14629821777345,264.56727294921876
6,469,216.7344482421875,264.19227294921876
6,470,216.17510375976565,263.87321777343755
6,471,215.79477233886718,263.6371276855469
6,472,215.405517578125,263.3735595703125
6,473,215.17244567871094,263.12196655273436
6,474,215.0011962890625,262.9944763183594
6,475,215.0200073242188,262.9022399902344
6,476,215.0159790039063,262.88718872070314
6,477,215.15332336425786,262.94429321289067
6,478,215.1859344482422,263.1615661621094
6,479,215.24361572265624,263.42286376953126
6,480,215.294189453125,263.6844665527344
6,481,215.4541046142578,263.93897094726566
6,482,215.65021362304685,264.15862426757815
6,483,215.9232360839844,264.31787719726566
6,484,216.16865234375,264.4057495117188
6,485,216.40259399414063,264.4241882324219
6,486,216.50945434570312,264.43658447265625
6,487,216.45202026367187,264.4561279296875
6,488,216.29336853027343,264.43321533203124
6,489,216.0706756591797,264.35797119140625
6,490,215.89333801269532,264.24375000000003
6,491,215.68852539062502,264.0908874511719
6,492,215.42785949707036,264.0118469238281
6,493,215.18500061035155,263.9443725585938
6,494,214.99933776855468,263.910400390625
6,495,214.82941589355468,263.913525390625
6,496,214.80254211425785,263.8870422363281
6,497,214.90751647949222,263.8279113769531
6,498,215.07835693359377,263.8108703613281
6,499,215.26300048828125,263.8343811035156
6,500,215.3429107666016,263.92097778320317
6,501,215.35374145507814,264.0036071777344
6,502,215.41660766601564,264.0435668945313
6,503,215.51217346191407,264.0551147460938
6,504,215.65523071289067,264.0456848144531
6,505,215.90150756835942,263.95532836914066
6,506,216.1076141357422,263.8850280761719
6,507,216.23211059570315,263.8443969726563
6,508,216.3049285888672,263.8121032714844
6,509,216.28717041015625,263.77255859375003
6,510,216.2141387939453,263.7983276367188
6,511,216.09720764160156,263.8907836914063
6,512,215.97377929687502,263.99052734375005
6,513,215.79202270507812,264.1024230957031
6,514,215.60208129882812,264.1660522460938
6,515,215.3868316650391,264.2335632324219
6,516,215.20017395019534,264.2454772949219
6,517,215.0693298339844,264.19886474609376
6,518,215.02054443359378,264.1066528320312
6,519,215.00496826171877,264.05511474609375
6,520,215.04566040039066,263.96827392578126
6,521,215.13057861328127,263.9015747070313
6,522,215.17114868164063,263.86003417968755
6,523,215.22510681152343,263.78864746093757
6,524,215.30913696289065,263.7573120117188
6,525,215.36328125,263.7680908203125
6,526,215.4730651855469,263.816064453125
6,527,215.64901733398438,263.832275390625
6,528,215.80890197753908,263.9194702148437
6,529,215.9323303222656,263.97051391601565
6,530,216.02659912109374,264.0091735839844
6,531,215.9987060546875,264.04633789062507
6,532,215.86427612304684,264.1782470703125
6,533,215.66280517578124,264.30726318359376
6,534,215.42874450683593,264.42185668945314
6,535,215.19927673339845,264.4971496582031
6,536,215.0345611572266,264.5107177734375
6,537,214.8640045166016,264.4412048339844
6,538,214.76287536621095,264.33494262695314
6,539,214.7239196777344,264.2410827636719
6,540,214.71432495117188,264.175439453125
6,541,214.69976501464842,264.1234558105469
6,542,214.73041381835938,264.1259399414063
6,543,214.73472900390624,264.1437744140625
6,544,214.73596496582033,264.1641418457031
6,545,214.76784667968752,264.2245727539063
6,546,214.73769531250002,264.35130004882814
6,547,214.7194549560547,264.46518554687503
6,548,214.79288635253909,264.5370971679688
6,549,214.85910949707034,264.58173217773435
6,550,214.95376281738282,264.56291503906255
6,551,215.11556091308594,264.48623046875
6,552,215.2395050048828,264.38715209960935
6,553,215.2387237548828,264.3582702636719
6,554,215.18232421875,264.37183227539066
6,555,215.0357696533203,264.40437622070317
6,556,214.86267700195316,264.421142578125
6,557,214.68651428222654,264.4744384765625
6,558,214.5494323730469,264.4945861816406
6,559,214.41836242675782,264.5075317382813
6,560,214.34510192871096,264.51959228515625
6,561,214.32354736328128,264.56249389648434
6,562,214.40941772460943,264.4967224121094
6,563,214.5574676513672,264.4051452636719
6,564,214.7337860107422,264.31878662109375
6,565,214.91838989257815,264.2274108886719
6,566,215.05208129882814,264.1272216796875
6,567,215.0625213623047,264.1266662597656
6,568,215.01161193847656,264.1747253417969
6,569,214.98406982421875,264.2170104980469
6,570,214.9649658203125,264.23719482421876
6,571,214.9782257080078,264.2466552734375
6,572,215.02096557617188,264.24614868164065
6,573,215.06776123046876,264.23629760742193
6,574,215.08745727539065,264.1913513183594
6,575,215.09946289062503,264.16023559570317
6,576,215.09021301269533,264.1237426757813
6,577,215.08616943359377,264.0943542480469
6,578,215.0803131103516,264.05446777343747
6,579,215.0957977294922,264.05399780273433
6,580,215.09212951660157,264.05357055664064
6,581,215.10740051269534,264.0607543945313
6,582,215.150244140625,264.05775146484376
6,583,215.21399536132816,264.0569274902344
6,584,215.30364379882815,264.02825927734375
6,585,215.3570434570313,264.03521728515625
6,586,215.35833129882815,264.0700622558594
6,587,215.32278137207032,264.1036437988281
6,588,215.2737060546875,264.14385375976565
6,589,215.1897399902344,264.19651489257814
7,0,220.34854544832405,252.59017704481326
7,1,220.66921564230717,252.51228070891196
7,2,220.97973874156372,252.43364584762003
7,3,221.26444091796873,252.3788818359375
7,4,221.31273193359374,252.37431640625
7,5,221.3087707519531,252.43779602050785
7,6,221.2869903564453,252.43338928222659
7,7,221.24905700683593,252.45119018554692
7,8,221.2244140625,252.4502136230469
7,9,221.17575683593753,252.46474914550782
7,10,221.078369140625,252.5916870117188
7,11,220.99632873535154,252.72245788574222
7,12,220.91790771484375,252.82341003417972
7,13,220.84384155273438,252.92733154296877
7,14,220.79722900390627,253.04051208496094
7,15,220.78847045898436,253.03399353027342
7,16,220.7578338623047,253.0409454345703
7,17,220.73876342773437,253.06919555664064
7,18,220.72024536132812,253.08791198730472
7,19,220.66748046875,253.10994262695314
7,20,220.62172851562502,253.13120727539064
7,21,220.59645996093752,253.15758056640624
7,22,220.68226013183596,253.03655395507812
7,23,220.8184509277344,252.89686889648436
7,24,220.98460693359377,252.73917541503909
7,25,221.1447509765625,252.57171325683595
7,26,221.28829345703124,252.40690612792972
7,27,221.31193237304686,252.39436340332034
7,28,221.28391723632808,252.4099548339844
7,29,221.22846679687495,252.4425170898438
7,30,221.16645507812498,252.47796630859375
7,31,221.09117431640624,252.49716491699218
7,32,221.02163696289062,252.49709777832032
7,33,220.9658660888672,252.48660888671878
7,34,220.92699279785157,252.44247131347657
7,35,220.89504699707032,252.41385803222659
7,36,220.86701354980468,252.40311279296878
7,37,220.85838623046877,252.38194580078124
7,38,220.834912109375,252.37026977539065
7,39,220.81768188476565,252.39055480957035
7,40,220.82063903808597,252.41847534179686
7,41,220.83382568359377,252.4342254638672
7,42,220.83935546875,252.46727600097657
7,43,220.85715332031253,252.49126281738285
7,44,220.86424255371097,252.51003723144535
7,45,220.85917968750002,252.515673828125
7,46,220.81187438964847,252.493701171875
7,47,220.78627624511722,252.45424804687502
7,48,220.7548767089844,252.40528869628906
7,49,220.72962646484376,252.36509704589844
7,50,220.69724426269528,252.34134826660159
7,51,220.69914855957032,252.36380920410156
7,52,220.67209167480468,252.40413208007814
7,53,220.6493682861328,252.47290649414066
7,54,220.6453338623047,252.5026611328125
7,55,220.63965454101566,252.50587158203126
7,56,220.63865356445314,252.4833709716797
7,57,220.64780273437503,252.44907226562503
7,58,220.65910339355472,252.39991760253906
7,59,220.69274902343753,252.3941314697266
7,60,220.74800415039064,252.37959899902347
7,61,220.80966186523438,252.38897399902345
7,62,220.86787109375,252.40709533691404
7,63,220.91469726562502,252.43162536621094
7,64,220.9283386230469,252.4541748046875
7,65,220.9209655761719,252.50178833007809
7,66,220.90145568847657,252.52314758300778
7,67,220.89139099121098,252.5409393310547
7,68,220.8912567138672,252.54675598144533
7,69,220.87930603027345,252.5472900390625
7,70,220.87419738769535,252.582421875
7,71,220.87023315429687,252.63421325683595
7,72,220.85516052246095,252.68642578125
7,73,220.82202758789066,252.7363372802734
7,74,220.7761688232422,252.81937561035159
7,75,220.73333435058595,252.83718261718752
7,76,220.69033203125002,252.85532531738284
7,77,220.6428497314453,252.88057861328124
7,78,220.60659790039062,252.9194763183594
7,79,220.58663024902344,252.92041931152346
7,80,220.5750457763672,252.93596496582035
7,81,220.56192626953126,252.94907531738284
7,82,220.59722900390625,252.83335571289066
7,83,220.6513427734375,252.6938354492188
7,84,220.7016082763672,252.53669128417974
7,85,220.73075256347659,252.38656311035157
7,86,220.78445739746095,252.23187866210938
7,87,220.79941711425784,252.22441711425782
7,88,220.7756469726563,252.2656677246094
7,89,220.7501129150391,252.33807373046875
7,90,220.7351745605469,252.39870910644532
7,91,220.70427856445315,252.45498657226562
7,92,220.6741455078125,252.4775390625
7,93,220.66417236328127,252.4789703369141
7,94,220.63290405273438,252.49410095214847
7,95,220.59259643554688,252.58000183105472
7,96,220.5513641357422,252.6683258056641
7,97,220.50809020996095,252.77777709960938
7,98,220.46498413085936,252.89636535644536
7,99,220.45616149902344,252.9969696044922
7,100,220.4608917236328,253.04053039550786
7,101,220.50623168945313,253.0226959228516
7,102,220.55506286621093,252.98403015136722
7,103,220.61641540527347,252.91220703125003
7,104,220.67169799804688,252.81607666015628
7,105,220.71762695312503,252.72161865234375
7,106,220.72009887695313,252.6202819824219
7,107,220.7306915283203,252.5466522216797
7,108,220.7187652587891,252.52461242675784
7,109,220.73791503906253,252.5258941650391
7,110,220.78597717285157,252.46229248046876
7,111,221.02521362304688,252.5074890136719
7,112,221.4823944091797,252.42701416015626
7,113,222.03053283691406,252.64239807128905
7,114,222.6003662109375,253.07848205566407
7,115,223.2641845703125,253.81057739257812
7,116,223.93297729492187,254.57572021484373
7,117,224.5235107421875,255.41717529296875
7,118,225.12940673828126,256.4934753417969
7,119,225.7954559326172,257.3172424316406
7,120,226.5101287841797,257.4551940917969
7,121,227.18372497558596,257.4891662597656
7,122,227.71580200195314,257.9392944335938
7,123,228.41457824707032,257.7919494628906
7,124,228.97319946289062,257.7150451660156
7,125,229.60699462890625,258.2160278320313
7,126,230.05818481445314,258.8470825195313
7,127,230.74380493164062,258.8830505371094
7,128,231.40957336425782,259.07985229492186
7,129,232.54044189453128,259.0353637695313
7,130,233.79281616210938,259.347705078125
7,131,235.09896545410157,260.67442016601564
7,132,236.2995544433594,262.57069702148436
7,133,237.4869293212891,264.3257019042969
7,134,238.1795288085938,266.52698974609376
7,135,238.74125366210941,268.281396484375
7,136,239.45302124023442,268.7770751953125
7,137,240.25641479492185,268.9888000488281
7,138,241.05488281250004,269.25989990234376
7,139,242.12041015625,269.3415649414062
7,140,243.0502990722656,269.30446166992186
7,141,244.1483673095703,269.645703125
7,142,245.23211669921872,270.0021240234375
7,143,245.93560791015625,270.78562622070314
7,144,246.38751525878905,271.5457702636719
7,145,246.8060729980469,272.7596313476563
7,146,246.59268798828128,273.3470153808594
7,147,246.11130981445314,272.9746215820312
7,148,244.90647583007814,272.7274597167969
7,149,243.68699035644534,271.9821350097656
7,150,242.00712890625002,271.0099365234375
7,151,240.36143493652344,270.33742065429686
7,152,238.7248992919922,270.0869018554688
7,153,237.47449340820313,268.8376770019531
7,154,236.25751647949218,267.976220703125
7,155,234.91015930175783,267.1384582519531
7,156,233.53630676269532,266.0261291503906
7,157,232.1067352294922,265.2587219238281
7,158,231.20976867675782,264.6401428222656
7,159,230.57125854492188,263.78037719726564
7,160,230.4931213378906,262.66595458984375
7,161,230.59617004394528,262.14479370117186
7,162,230.70260925292968,261.93092041015626
7,163,230.7693664550781,261.9884765625
7,164,230.57595825195315,262.3032165527344
7,165,230.4091796875,262.7357177734375
7,166,230.37424621582034,263.00448608398443
7,167,230.3958679199219,263.0562377929688
7,168,230.51429443359376,263.06419677734374
7,169,230.50987548828124,263.1632141113281
7,170,230.30532531738282,263.18699951171874
7,171,230.1394073486328,262.89161987304686
7,172,229.990966796875,262.6090209960937
7,173,229.62725830078128,262.4067443847656
7,174,229.37874450683597,262.0894287109375
7,175,229.32817993164065,261.7015686035156
7,176,229.09465332031255,261.41376953124995
7,177,228.81580200195316,261.2765258789062
7,178,228.72523498535156,260.73980712890625
7,179,228.5774688720703,260.30651245117184
7,180,228.36740112304688,259.82399291992186
7,181,228.36783447265623,259.8335632324219
7,182,228.8180969238281,259.7153015136719
7,183,229.3960754394531,259.87939453125
7,184,230.12528381347656,260.03010253906245
7,185,231.02762451171876,260.742822265625
7,186,231.77798767089845,261.32960205078126
7,187,232.23557739257814,261.9286987304688
7,188,232.62646484375003,262.7722229003906
7,189,232.94317016601565,263.87726440429685
7,190,233.40806884765624,264.6234436035156
7,191,233.94439392089842,265.26177978515625
7,192,234.28839721679688,265.34542846679693
7,193,234.40741271972655,265.1447937011719
7,194,234.65147399902344,264.6390380859375
7,195,234.52837524414062,264.4197692871094
7,196,234.29432373046876,264.19819946289067
7,197,234.35272216796878,264.51368408203126
7,198,234.9775817871094,265.0228515625
7,199,235.2342041015625,266.2879150390625
7,200,235.77148742675783,267.67001953125
7,201,236.6391143798828,269.464501953125
7,202,237.78227844238282,271.27999877929693
7,203,238.76463928222657,273.26921997070315
7,204,240.23959655761718,274.78184204101564
7,205,241.92439880371094,275.92144165039065
7,206,243.36089782714842,276.69146728515625
7,207,244.23360900878905,277.4255004882813
7,208,244.70895996093748,278.3144104003906
7,209,244.89153442382812,279.05150146484374
7,210,244.4731689453125,279.4350830078125
7,211,243.8898498535156,278.9851379394531
7,212,242.92922973632812,278.1793212890625
7,213,241.69440002441405,276.978125
7,214,240.28412170410158,275.06243896484375
7,215,238.9036346435547,273.03966064453124
7,216,237.68661499023438,271.89404296875
7,217,237.03008728027345,270.70273437500003
7,218,236.65748291015626,269.5854248046875
7,219,236.85762939453127,269.1918579101563
7,220,237.20838012695316,269.14502563476566
7,221,237.8572875976563,268.4106201171875
7,222,238.49162597656252,268.48079223632817
7,223,239.35315551757813,268.77011718750003
7,224,240.28739318847659,268.897705078125
7,225,241.37543029785158,269.18812255859376
7,226,242.11588134765626,270.00684814453126
7,227,242.7946014404297,270.4128479003906
7,228,243.37416381835936,270.8022094726563
7,229,243.49915466308593,270.9606140136719
7,230,243.5890075683594,270.72117919921874
7,231,243.50418090820315,270.5715759277344
7,232,243.36319580078128,270.50276489257817
7,233,243.2075103759766,270.275439453125
7,234,243.18966369628907,270.1612365722657
7,235,242.8136169433594,270.3309020996094
7,236,242.61240844726564,270.2967712402344
7,237,242.26992492675782,270.4611450195313
7,238,241.70077209472657,270.5662780761719
7,239,240.97002868652345,270.65875244140625
7,240,240.45301818847656,270.70654296875
7,241,239.8592987060547,270.74127807617185
7,242,239.49243774414063,270.37583618164064
7,243,239.3829772949219,269.8346313476562
7,244,239.53270874023437,269.33836059570314
7,245,239.69346923828124,268.93186035156253
7,246,239.95645751953126,268.6740478515625
7,247,240.10656433105467,268.6309692382813
7,248,240.29611206054688,268.77586059570314
7,249,240.42072753906248,268.9847412109375
7,250,240.4736328125,269.3243835449219
7,251,240.5819519042969,269.7819702148438
7,252,240.80882263183597,270.43109130859375
7,253,240.93289184570315,270.6695068359375
7,254,241.00950317382814,270.6922546386719
7,255,240.7816284179688,270.60893554687505
7,256,240.33884887695314,270.29363403320315
7,257,239.6439147949219,269.48801269531253
7,258,238.83855590820315,268.6392028808594
7,259,237.8204284667969,267.76701660156255
7,260,237.11920166015625,267.07166748046876
7,261,236.2682586669922,266.6054443359375
7,262,235.64923095703125,266.27776489257815
7,263,235.12900390624998,266.24207763671876
7,264,234.6899475097656,266.24207763671876
7,265,234.33388671874997,266.11899414062503
7,266,234.49622192382813,265.815087890625
7,267,234.47864379882813,265.7387023925781
7,268,234.72519226074218,265.91477661132814
7,269,235.07890930175782,266.5067138671875
7,270,235.53640136718752,267.1482238769531
7,271,235.77505493164065,267.9666198730469
7,272,236.20469055175786,268.6579223632813
7,273,236.4689880371094,268.984375
7,274,236.59703674316407,268.7654052734375
7,275,236.44586181640625,268.1476257324219
7,276,236.0476043701172,267.29852294921875
7,277,235.31739196777343,266.25026245117186
7,278,234.2904083251953,265.1806396484375
7,279,233.3815948486328,264.40537109375
7,280,232.58822326660155,263.8325073242188
7,281,232.1395904541016,263.4228088378906
7,282,231.88581848144534,263.2651611328125
7,283,231.89378356933594,263.31488037109375
7,284,231.83399658203126,263.48704833984374
7,285,231.81366271972655,263.7335205078125
7,286,231.98516845703125,263.8324157714844
7,287,232.57689514160154,263.84540405273435
7,288,233.42803649902345,263.68611450195317
7,289,234.38319091796876,263.7371765136719
7,290,235.25093688964844,264.09669189453126
7,291,235.8423583984375,264.6070678710938
7,292,236.12649230957032,265.3407287597656
7,293,236.13700256347656,266.2981384277344
7,294,236.00631713867188,267.0803466796875
7,295,235.7653167724609,267.3722778320313
7,296,235.43990173339841,267.29388427734375
7,297,234.93609313964842,266.9174072265625
7,298,234.29460754394535,266.4776977539062
7,299,233.82745361328128,265.89337158203125
7,300,233.6597625732422,265.37175903320315
7,301,233.73882751464845,265.1925964355469
7,302,233.85343017578128,265.20667114257816
7,303,233.944189453125,265.1454528808594
7,304,233.89032897949218,265.10805053710936
7,305,233.8228302001953,265.09934082031253
7,306,233.64104919433595,265.30433349609376
7,307,233.85499877929686,265.30783691406253
7,308,234.04744873046874,265.6715881347656
7,309,234.2962158203125,266.1391296386719
7,310,234.35522155761723,266.6424133300781
7,311,234.51706848144534,266.92103271484376
7,312,234.5099975585938,267.2694274902344
7,313,234.62529296875005,267.40867309570314
7,314,234.81227416992192,267.6014038085937
7,315,235.1085083007813,267.6728454589844
7,316,235.13007507324224,267.4025634765625
7,317,235.06632995605474,267.1012817382813
7,318,234.6721832275391,266.7059631347656
7,319,234.2784393310547,266.00718383789064
7,320,233.8754913330078,265.2359313964844
7,321,233.6893798828125,264.7899597167969
7,322,233.43372497558593,264.7583862304688
7,323,233.65967712402343,264.8197265625
7,324,233.96884460449218,265.040673828125
7,325,234.18128967285156,265.5869995117188
7,326,234.38170166015624,266.3405456542969
7,327,234.78594970703125,266.96057128906256
7,328,235.08751831054687,267.70155639648436
7,329,235.35425415039063,268.38104248046875
7,330,235.768896484375,268.9370849609375
7,331,236.16934509277345,269.3425659179688
7,332,236.22816467285156,269.60712890625
7,333,236.21799316406253,269.65839233398435
7,334,236.0646240234375,269.68731689453125
7,335,235.8760772705078,269.7136474609375
7,336,235.8262115478516,269.57239990234376
7,337,235.89285583496098,269.1291381835938
7,338,235.94081726074216,268.399560546875
7,339,235.8311553955078,267.6534362792969
7,340,235.59404296875002,266.7437744140625
7,341,234.80693359375002,265.9109619140625
7,342,233.91009826660158,265.3073425292969
7,343,233.0558013916016,264.9197021484375
7,344,232.3545074462891,264.475
7,345,231.74212341308598,264.05914916992185
7,346,231.4728424072266,263.59104614257814
7,347,231.42017211914066,262.9060363769531
7,348,231.34230346679692,262.2710266113281
7,349,231.18425903320315,261.8974609375
7,350,231.09575805664065,261.7580871582031
7,351,231.08371276855473,261.84262695312503
7,352,230.88979187011725,262.2604125976562
7,353,230.6971313476563,262.7738403320312
7,354,230.5965759277344,263.2628295898437
7,355,230.43968200683597,263.62379760742186
7,356,230.14763488769535,263.661279296875
7,357,230.1049102783203,263.4158020019531
7,358,230.23509216308594,263.04535522460935
7,359,230.43119201660156,262.68353271484375
7,360,230.54860229492192,262.43621215820315
7,361,230.8527526855469,262.4473876953125
7,362,231.2213317871094,262.6897277832031
7,363,231.45405273437504,263.0632995605469
7,364,231.60288391113284,263.5918579101563
7,365,231.90213928222659,264.0158935546875
7,366,232.1817535400391,264.2115844726562
7,367,232.32877502441406,264.32244873046875
7,368,232.52393798828126,264.35015258789065
7,369,232.67760620117187,264.3130065917969
7,370,232.80106506347656,264.3598999023438
7,371,232.865869140625,264.68897094726566
7,372,232.6213134765625,265.07880859375
7,373,232.01922302246095,265.49774169921875
7,374,231.18049926757814,265.4734436035156
7,375,230.16190185546878,265.1162414550781
7,376,228.73228759765627,264.2854309082031
7,377,227.16440734863284,262.9811096191406
7,378,225.7789764404297,261.02734375
7,379,224.30570068359378,258.8646667480469
7,380,222.7715606689453,256.2571166992187
7,381,221.51622314453127,253.68057861328128
7,382,220.45305175781255,251.30645751953125
7,383,219.3791442871094,249.52316589355473
7,384,218.6146697998047,248.13260498046878
7,385,218.1247802734375,247.3064392089844
7,386,217.76004333496093,246.8734313964844
7,387,217.77286682128909,246.90545654296875
7,388,218.13082580566407,247.25204162597655
7,389,218.72434387207034,248.35797119140625
7,390,219.50310058593755,249.8517791748047
7,391,220.44468994140624,251.5571533203125
7,392,221.43896484375,253.26951293945314
7,393,222.32598571777345,254.91531372070315
7,394,223.27334289550782,256.2178833007813
7,395,224.0128601074219,257.23741149902344
7,396,224.6328430175781,257.7889831542969
7,397,224.83136291503905,257.9681518554687
7,398,224.92933959960936,257.8448181152344
7,399,224.67772216796874,257.2859191894531
7,400,224.05357360839844,256.59016723632806
7,401,223.2249237060547,255.85973510742184
7,402,222.46895446777344,255.05137939453127
7,403,221.5163330078125,254.1492858886719
7,404,220.62572021484377,253.2434020996094
7,405,219.9268249511719,252.39359741210936
7,406,219.40569152832035,251.5611145019531
7,407,219.11177978515627,250.8753204345703
7,408,219.05928649902347,250.35123291015628
7,409,219.11526184082032,249.96204833984376
7,410,219.3767028808594,249.785385131836
7,411,219.72149047851562,249.86321105957035
7,412,220.05234375,250.21892700195315
7,413,220.46600646972658,250.79514770507814
7,414,220.8970916748047,251.70943603515627
7,415,221.37850341796877,252.67984313964845
7,416,221.93371276855473,253.66278076171878
7,417,222.52450256347657,254.41264648437502
7,418,223.08933715820314,255.04981384277346
7,419,223.68973388671876,255.40415954589847
7,420,224.273876953125,255.51123352050783
7,421,224.5082733154297,255.42790527343752
7,422,224.50213623046878,255.31670837402348
7,423,224.18274536132816,255.07812805175786
7,424,223.59097900390623,254.7623962402344
7,425,222.64169616699218,254.37218017578127
7,426,221.7897216796875,253.89807434082033
7,427,221.0654815673828,253.2891326904297
7,428,220.41766662597655,252.59615173339844
7,429,219.89327087402344,251.82423095703126
7,430,219.64644470214844,251.1425506591797
7,431,219.51248474121093,250.58298950195316
7,432,219.40423583984372,250.25659179687503
7,433,219.53472900390622,250.25766906738286
7,434,219.84506835937498,250.48103942871097
7,435,220.19984741210936,250.96647033691409
7,436,220.58801879882813,251.62062683105472
7,437,221.0407165527344,252.37839965820314
7,438,221.5119506835938,253.05832519531253
7,439,221.96913757324216,253.72216796875003
7,440,222.4834045410156,254.22051086425785
7,441,222.98399047851564,254.5778717041016
7,442,223.39983825683595,254.70740661621093
7,443,223.7227020263672,254.65937194824224
7,444,223.69798278808594,254.52936096191408
7,445,223.4126434326172,254.36611938476562
7,446,222.98670654296876,254.13115234375002
7,447,222.4342071533203,253.8495758056641
7,448,221.80345153808594,253.525439453125
7,449,221.3427490234375,252.9772216796875
7,450,220.87203369140624,252.28456115722656
7,451,220.4824981689453,251.5822265625
7,452,220.18412170410159,250.95887145996096
7,453,219.98092346191407,250.4257934570313
7,454,219.90918579101566,250.1504669189453
7,455,220.12170104980473,250.16990966796874
7,456,220.4602081298828,250.44117431640626
7,457,220.84709777832035,250.81065368652344
7,458,221.29606018066409,251.27999267578127
7,459,221.68777770996093,251.9236541748047
7,460,222.05494079589846,252.55962524414065
7,461,222.3070037841797,253.07962341308595
7,462,222.65054016113282,253.56665039062503
7,463,222.86393737792972,253.9759246826172
7,464,223.06380615234377,254.20706787109376
7,465,223.11484985351564,254.27238464355472
7,466,223.02765502929688,254.17885131835942
7,467,222.81989135742188,254.01675109863285
7,468,222.528759765625,253.7805572509766
7,469,222.15167846679688,253.37525939941406
7,470,221.7620330810547,252.94614868164064
7,471,221.49505310058598,252.5817932128907
7,472,221.25053405761724,252.1393463134766
7,473,221.12599182128912,251.64637451171882
7,474,221.12829589843753,251.35713500976564
7,475,221.1879089355469,251.15914916992188
7,476,221.2481384277344,251.07731018066409
7,477,221.2995574951172,251.14736633300782
7,478,221.3391571044922,251.30069580078128
7,479,221.39205322265627,251.53174743652346
7,480,221.46181640625002,251.83838195800786
7,481,221.59209289550785,252.1524841308594
7,482,221.7569458007813,252.43130798339845
7,483,221.92050476074223,252.78822631835942
7,484,222.0464019775391,253.0604125976563
7,485,222.1358612060547,253.24135437011722
7,486,222.17161254882814,253.39626159667972
7,487,222.18731689453128,253.50559692382816
7,488,222.14522094726567,253.52691040039065
7,489,221.99768981933596,253.4505554199219
7,490,221.8314178466797,253.20108642578128
7,491,221.68539123535157,252.88560485839847
7,492,221.4925476074219,252.62737731933595
7,493,221.29933776855472,252.40293579101564
7,494,221.17236938476563,252.24872436523438
7,495,221.05279846191408,252.22830810546876
7,496,220.9029693603516,252.2407653808594
7,497,220.81999511718752,252.26679992675784
7,498,220.80170288085938,252.31648559570317
7,499,220.81853942871095,252.35738830566407
7,500,220.81849975585936,252.453369140625
7,501,220.82833862304685,252.5198272705078
7,502,220.89944152832035,252.46303405761722
7,503,220.99969787597658,252.40125732421873
7,504,221.1369873046875,252.3400360107422
7,505,221.32715759277346,252.22713928222657
7,506,221.49219360351563,252.13399353027347
7,507,221.55753173828128,252.12719726562503
7,508,221.590072631836,252.11600036621098
7,509,221.53753356933598,252.10488891601565
7,510,221.4563934326172,252.12520446777347
7,511,221.38858032226562,252.13429870605472
7,512,221.3502410888672,252.10644226074217
7,513,221.28538818359374,252.08269958496092
7,514,221.2310028076172,252.08770751953125
7,515,221.1868743896484,252.10127868652347
7,516,221.10801086425778,252.09619140625003
7,517,221.0137359619141,252.14744567871097
7,518,220.94852294921878,252.18418884277344
7,519,220.86349792480473,252.1855499267578
7,520,220.78409729003909,252.1541320800781
7,521,220.7421447753906,252.18773803710934
7,522,220.71238098144534,252.16713256835936
7,523,220.71470947265624,252.14359130859373
7,524,220.79505615234376,252.1386291503906
7,525,220.88865966796877,252.1821319580078
7,526,221.00550842285156,252.22063598632815
7,527,221.1382263183594,252.24727783203124
7,528,221.25069885253907,252.31492919921874
7,529,221.33508911132816,252.34649963378905
7,530,221.39302978515624,252.35423583984374
7,531,221.42420349121093,252.3454620361328
7,532,221.40856018066407,252.3851776123047
7,533,221.34222106933595,252.37764892578124
7,534,221.2538055419922,252.39851074218754
7,535,221.0978942871094,252.39331054687503
7,536,220.94248352050784,252.35249633789064
7,537,220.78512268066407,252.30885620117192
7,538,220.67263793945312,252.32131652832032
7,539,220.60428771972659,252.32232360839845
7,540,220.60525512695312,252.36455078125
7,541,220.6226348876953,252.42701721191406
7,542,220.66777648925782,252.5086517333984
7,543,220.68744812011718,252.5473327636719
7,544,220.68949279785159,252.5955932617188
7,545,220.72500000000002,252.64179992675784
7,546,220.7473785400391,252.744482421875
7,547,220.77407226562502,252.83445129394534
7,548,220.83853454589848,252.89917602539063
7,549,220.89706420898438,252.93594665527343
7,550,220.97116088867188,252.87114868164062
7,551,221.05454406738278,252.72671813964843
7,552,221.10756835937497,252.56145935058595
7,553,221.12198181152343,252.44049377441405
7,554,221.11256408691406,252.33864440917972
7,555,221.05462036132815,252.27069091796875
7,556,220.9818756103516,252.23433837890627
7,557,220.9009918212891,252.25764465332034
7,558,220.85561828613282,252.26245117187503
7,559,220.80074462890627,252.31702270507816
7,560,220.73474731445313,252.438461303711
7,561,220.67433471679686,252.58151855468753
7,562,220.65947570800782,252.53671569824218
7,563,220.65934143066409,252.4733154296875
7,564,220.67823791503906,252.3741424560547
7,565,220.75753173828127,252.23810729980468
7,566,220.8366241455078,252.13967285156252
7,567,220.88245849609376,252.18793029785155
7,568,220.90277404785158,252.27710266113283
7,569,220.95429382324218,252.3563934326172
7,570,220.95765075683596,252.42592163085936
7,571,220.97620239257816,252.40703735351562
7,572,221.02334899902348,252.34950866699216
7,573,221.04526977539064,252.27291259765622
7,574,220.9603210449219,252.22329101562497
7,575,220.89978942871096,252.1774017333984
7,576,220.81408691406256,252.17020263671876
7,577,220.71123352050788,252.22374267578127
7,578,220.6345855712891,252.2694976806641
7,579,220.6437194824219,252.32815246582035
7,580,220.63765258789067,252.4109771728516
7,581,220.65650634765626,252.49449768066407
7,582,220.70154724121096,252.5685699462891
7,583,220.73660583496098,252.64576110839846
7,584,220.8072692871094,252.68751525878906
7,585,220.85101318359378,252.72090454101564
7,586,220.93372192382816,252.6798309326172
7,587,221.01835632324216,252.593115234375
7,588,221.10723571777345,252.5113006591797
7,589,221.16133728027341,252.4204986572266
8,0,225.87392941274936,235.06998856483233
8,1,226.29754880771833,235.1478878843674
8,2,226.76234251909355,235.22891220390247
8,3,227.2186462402344,235.3340606689453
8,4,227.09727172851564,235.2943908691406
8,5,227.15631408691405,235.34837036132814
8,6,227.15764465332035,235.38739318847655
8,7,227.10614318847655,235.4217956542969
8,8,227.04078063964843,235.4338439941406
8,9,226.97334899902344,235.43382873535154
8,10,226.82623901367185,235.5473754882813
8,11,226.71356811523435,235.70378723144532
8,12,226.59560546874997,235.85295715332035
8,13,226.4925628662109,235.99136962890623
8,14,226.4264617919922,236.14833984375002
8,15,226.41305236816407,236.1482604980469
8,16,226.3864715576172,236.14826965332034
8,17,226.36922912597657,236.1702880859375
8,18,226.34623107910159,236.21223754882817
8,19,226.27657165527347,236.2456024169922
8,20,226.22696228027343,236.27949523925784
8,21,226.1777862548828,236.29630432128909
8,22,226.31564331054688,236.20686645507814
8,23,226.45072326660156,236.09827575683596
8,24,226.6001068115234,236.00302429199223
8,25,226.7441680908203,235.91531982421878
8,26,226.90231018066407,235.8268951416016
8,27,226.8829010009766,235.84300231933597
8,28,226.8812225341797,235.8610778808594
8,29,226.8796844482422,235.8770263671875
8,30,226.88332519531252,235.86890869140626
8,31,226.86319274902343,235.84936828613283
8,32,226.828173828125,235.82095642089845
8,33,226.78582763671878,235.79354553222657
8,34,226.67227172851562,235.78094787597658
8,35,226.58099365234375,235.76370239257815
8,36,226.50260925292972,235.75714111328128
8,37,226.4493591308594,235.7369323730469
8,38,226.38994140625002,235.71303405761722
8,39,226.42409667968752,235.6705230712891
8,40,226.44094543457032,235.6461334228516
8,41,226.45069885253906,235.62504882812502
8,42,226.44862060546876,235.59925231933596
8,43,226.45865173339845,235.5816162109375
8,44,226.46831359863282,235.5598602294922
8,45,226.47576599121095,235.54854431152344
8,46,226.4818054199219,235.4998748779297
8,47,226.509130859375,235.46411437988283
8,48,226.5054443359375,235.42798767089846
8,49,226.4786437988281,235.42916259765627
8,50,226.42031555175782,235.46369018554688
8,51,226.33094482421876,235.5476287841797
8,52,226.20379638671878,235.65403442382814
8,53,226.09983825683594,235.78165893554686
8,54,226.00008239746094,235.86253967285157
8,55,225.9236572265625,235.89832458496096
8,56,225.88595275878907,235.91186523437503
8,57,225.8556335449219,235.902294921875
8,58,225.8775146484375,235.77261352539062
8,59,225.9423583984375,235.6417205810547
8,60,226.04403076171874,235.5052429199219
8,61,226.12661743164062,235.38201599121092
8,62,226.2361328125,235.25628662109375
8,63,226.30361633300782,235.23623657226565
8,64,226.35788879394534,235.2250885009766
8,65,226.3847564697266,235.2218719482422
8,66,226.41460571289065,235.18486633300785
8,67,226.4383697509766,235.15260925292966
8,68,226.45249938964847,235.10233154296876
8,69,226.4482574462891,235.0614227294922
8,70,226.53275146484378,235.1043487548828
8,71,226.61891479492192,235.1959655761719
8,72,226.65841064453127,235.29577026367187
8,73,226.6843231201172,235.38943786621093
8,74,226.7059295654297,235.49970092773435
8,75,226.62686462402345,235.50486755371094
8,76,226.56736145019534,235.48782958984373
8,77,226.52666625976565,235.4694061279297
8,78,226.50359191894535,235.47500915527343
8,79,226.49449157714847,235.4670104980469
8,80,226.49697265625002,235.48828430175783
8,81,226.48048706054686,235.52056274414065
8,82,226.38591003417966,235.52735595703123
8,83,226.31757202148438,235.5355438232422
8,84,226.2586669921875,235.5189971923828
8,85,226.18981018066404,235.50989685058593
8,86,226.1603546142578,235.47378234863282
8,87,226.21871337890627,235.4793914794922
8,88,226.23783264160159,235.48828430175783
8,89,226.2415618896484,235.5237548828125
8,90,226.25099182128906,235.53402404785157
8,91,226.21461791992186,235.5464538574219
8,92,226.19154663085936,235.51512451171874
8,93,226.16400146484375,235.48973999023434
8,94,226.12109375000003,235.5130126953125
8,95,226.04033508300785,235.57517700195314
8,96,225.96453857421878,235.63746643066406
8,97,225.9034881591797,235.73425903320313
8,98,225.84671325683593,235.83963317871093
8,99,225.8072479248047,235.90654296875
8,100,225.80551147460938,235.94058532714843
8,101,225.8465026855469,235.95223693847655
8,102,225.87015075683595,235.95385131835937
8,103,225.8938018798828,235.90108947753907
8,104,225.91207580566405,235.84079895019534
8,105,225.92799072265623,235.8015563964844
8,106,225.9562438964844,235.8408630371094
8,107,225.98583679199223,235.88721618652343
8,108,226.02518310546876,236.0369720458984
8,109,226.1206176757813,236.22577514648438
8,110,226.31445007324223,236.29012756347655
8,111,226.75647277832036,236.43185729980468
8,112,227.25236206054691,236.53504028320313
8,113,227.75059814453124,236.9357391357422
8,114,228.18274230957033,237.75547790527347
8,115,228.58248291015627,238.68378906250004
8,116,228.83626708984377,239.55961608886724
8,117,229.32850341796876,239.58280029296878
8,118,229.84486999511722,240.04834899902346
8,119,230.46658325195312,240.00599365234376
8,120,231.11112060546876,240.1804992675781
8,121,231.49425354003907,240.52471008300782
8,122,231.51395263671873,243.50177307128905
8,123,234.7617156982422,246.99966735839843
8,125,238.17613220214844,250.73248291015625
8,141,241.62120361328124,254.47640380859377
8,142,245.44179077148436,258.2199310302735
8,143,249.4131042480469,260.4908630371094
8,144,250.04072570800784,261.45465087890625
8,145,250.3162994384766,262.29143066406255
8,146,250.1755310058594,263.2983642578125
8,147,249.17159118652347,264.24597778320316
8,148,247.7129821777344,264.51502685546876
8,150,245.84170227050782,264.9817321777344
8,151,243.73040161132815,264.98959350585943
8,152,242.0305358886719,263.4141235351563
8,153,240.74246520996095,261.3290252685547
8,154,239.4949890136719,259.3001953125
8,155,238.28825683593752,257.2248596191406
8,156,237.33505859375,255.05891418457034
8,157,236.02564697265626,253.78759765625003
8,158,234.93438720703128,252.3167907714844
8,159,234.37141723632814,250.7721130371094
8,160,234.3347625732422,248.6267517089844
8,161,234.6662109375,246.9644287109375
8,162,235.2044158935547,245.66849365234376
8,163,235.7967651367188,244.7232635498047
8,164,236.23228149414064,244.33821411132814
8,165,236.44932250976564,244.7324188232422
8,166,236.47229614257813,245.4372772216797
8,167,236.49756164550783,246.25424804687503
8,168,236.18093872070312,247.19234924316407
8,169,235.73724365234378,247.97001037597659
8,170,235.3685516357422,248.1600555419922
8,171,234.9089385986328,247.82041625976566
8,172,234.4037872314453,247.04241943359378
8,173,234.14732971191404,246.41883544921876
8,174,233.95994873046874,245.6460205078125
8,175,233.81588439941405,245.11313781738284
8,176,233.37118225097657,244.53276977539065
8,177,233.27202148437505,244.69379272460938
8,178,233.35522766113286,244.22405395507815
8,179,233.4104431152344,243.97959899902347
8,180,233.41335754394532,243.80380554199223
8,181,233.72084960937502,244.1568481445313
8,182,234.0334197998047,243.72470703125003
8,183,234.4157897949219,244.1595428466797
8,184,235.09309692382817,244.60498657226563
8,185,235.8865966796875,245.3634521484375
8,186,236.70557861328126,246.15007324218752
8,187,237.3122192382813,247.33240356445313
8,188,237.80801696777345,248.17107238769535
8,189,238.1474548339844,249.1674285888672
8,190,238.5731628417969,249.8221435546875
8,191,239.01915588378913,250.54124450683597
8,192,239.24341430664066,250.94005432128907
8,193,239.39993591308593,250.7919952392578
8,194,239.49152221679688,250.38262329101562
8,195,239.45297851562503,250.43125
8,196,239.3369781494141,249.9959747314453
8,197,239.5880920410156,249.88028564453126
8,198,239.9437255859375,250.72542114257814
8,199,240.28441162109377,252.12451171875003
8,200,240.63079833984375,253.17955017089847
8,201,241.27544555664065,254.25330505371096
8,202,242.3219970703125,255.5184997558594
8,203,243.35278625488283,256.5551055908203
8,204,244.5507965087891,257.0717834472656
8,205,246.25480346679691,257.4760437011719
8,206,247.7699127197266,257.5671264648438
8,207,248.74189453125004,257.119970703125
8,208,249.44489746093754,256.6952178955078
8,209,249.9795867919922,256.3389556884766
8,210,249.84210205078125,255.99673767089848
8,211,249.40349731445312,255.82175598144536
8,212,248.50491027832032,255.43714294433596
8,213,247.20890197753906,254.47036743164062
8,214,245.63157958984374,253.41173400878904
8,215,244.06746215820309,251.84675903320314
8,216,242.54989624023438,250.54961853027345
8,217,241.49998168945314,249.34615478515627
8,218,241.11047363281253,248.74064941406252
8,219,241.22640686035157,248.34970397949215
8,220,241.5483856201172,248.5485412597656
8,221,242.22788696289064,248.2557891845703
8,222,242.86748657226562,248.66927490234372
8,223,243.6351806640625,248.9883056640625
8,224,244.43079833984376,249.27148742675783
8,225,245.47698364257812,249.69458007812503
8,226,246.38506164550782,250.7454284667969
8,227,247.21990356445315,251.4658630371094
8,228,247.7098815917969,252.18360290527346
8,229,247.781689453125,252.74078369140625
8,230,247.55308532714844,252.88626098632815
8,231,247.27318420410157,252.76982421875005
8,232,247.07315673828126,252.2955444335938
8,233,246.886328125,251.5213073730469
8,234,246.81910400390626,250.99007263183594
8,235,246.5112182617188,250.64509582519534
8,236,245.92790527343755,250.54683532714847
8,237,245.03955383300786,251.151513671875
8,238,244.21563110351565,251.88389587402344
8,239,243.21289672851566,251.9289276123047
8,240,242.40460510253908,251.7360534667969
8,241,241.83633728027345,251.01648254394536
8,242,241.25103149414062,249.97639770507814
8,243,240.8559814453125,248.9339294433594
8,244,240.8373565673828,248.29091491699222
8,245,240.97355041503906,247.81135559082034
8,246,241.19344177246091,247.82719421386722
8,247,241.83358459472655,248.2219940185547
8,248,242.45924377441406,248.92727661132818
8,249,242.8823150634766,249.79582519531252
8,250,243.29705200195315,251.0795379638672
8,251,243.6980682373047,252.25277709960938
8,252,244.06697692871094,253.42033691406252
8,253,244.31316528320315,254.09881896972655
8,254,244.76276245117188,254.45358581542968
8,255,244.69947814941406,254.3511779785156
8,256,244.45572509765626,254.01510925292968
8,257,244.06795654296874,253.03948364257812
8,258,243.5067932128906,252.32137756347657
8,259,242.70790405273436,251.5004913330078
8,260,242.2120635986328,250.67367553710938
8,261,241.663623046875,250.0947357177734
8,262,241.10979309082032,250.07246398925784
8,263,240.4964813232422,249.80840454101565
8,264,239.87240295410157,250.00467834472659
8,265,239.34490661621095,250.49705810546877
8,266,239.1728515625,251.04696960449223
8,267,239.2429473876953,251.22763671875003
8,268,239.5949737548828,251.50249938964848
8,269,240.03662719726563,251.84960937500006
8,270,240.5258758544922,251.94788208007816
8,271,240.7522430419922,252.12823486328125
8,272,240.7236267089844,252.34648132324222
8,273,240.59713745117188,252.51243286132816
8,274,240.3602020263672,252.0959594726563
8,275,240.11589660644532,251.5119537353516
8,276,239.87730102539064,250.58927001953128
8,277,239.469921875,249.58858642578127
8,278,239.0785369873047,248.53854370117188
8,279,238.8767791748047,247.69366149902348
8,280,238.59488830566406,247.09950866699222
8,281,238.40435791015625,246.75750732421878
8,282,238.19299621582033,246.80716247558593
8,283,237.98267822265626,247.15398864746095
8,284,237.6671325683594,247.8054077148438
8,285,237.5290954589844,248.41168518066408
8,286,237.49547119140624,248.85509033203127
8,287,238.02413940429688,249.10679931640627
8,288,238.6018859863281,249.02934570312505
8,289,239.18787231445313,248.89291687011723
8,290,239.6180328369141,248.96982116699223
8,291,239.8760925292969,249.1844390869141
8,292,240.0085388183594,249.4453063964844
8,293,240.060009765625,250.0011444091797
8,294,240.12093200683594,250.65469970703123
8,295,240.1445129394531,250.8231994628906
8,296,240.2252197265625,250.86610412597656
8,297,240.0401611328125,250.71360473632814
8,298,239.89813232421875,250.52727966308598
8,299,239.89251403808595,250.11757507324222
8,300,239.9723175048828,249.86834411621098
8,301,240.21465759277342,249.6243896484375
8,302,240.35500793457032,249.47185363769535
8,303,240.36944885253908,249.33133544921876
8,304,240.20243835449222,249.1477783203125
8,305,240.03780517578127,249.08008117675786
8,306,239.78919372558596,249.1930633544922
8,307,239.85254211425786,249.23430175781252
8,308,239.90871582031252,249.4209686279297
8,309,239.98177795410157,249.7779724121094
8,310,240.0093505859375,250.0841247558594
8,311,239.99599609375002,250.12525024414066
8,312,239.96739196777344,250.1723815917969
8,313,240.15394897460936,250.07138061523438
8,314,240.3957092285156,249.92337341308595
8,315,240.55826416015626,249.72619628906253
8,316,240.52377319335938,249.5800323486328
8,317,240.33056640625,249.45302124023442
8,318,239.8778106689453,249.37979125976562
8,319,239.3467254638672,249.14130249023438
8,320,239.00144958496097,248.80469970703126
8,321,238.84263305664066,248.54006652832032
8,322,238.6041168212891,248.51206665039064
8,323,238.52009887695317,248.4893951416016
8,324,238.60754699707036,248.6516021728516
8,325,238.69507751464846,248.9241424560547
8,326,238.78818359375003,249.35959472656253
8,327,239.04205932617188,249.6437408447266
8,328,239.3106201171875,250.29665527343752
8,329,239.711865234375,250.8532470703125
8,330,240.11370544433595,251.49229125976566
8,331,240.5218444824219,251.94122009277348
8,332,240.80386047363285,252.45522155761722
8,333,241.0007293701172,252.53652038574222
8,334,240.9710601806641,252.53695373535157
8,335,240.87574157714846,252.77537231445314
8,336,240.74786987304688,253.12493896484375
8,337,240.64831848144533,253.0372772216797
8,338,240.5967987060547,252.60720825195312
8,339,240.49261169433595,251.9786407470703
8,340,240.2682861328125,251.02949218750004
8,341,239.86764221191407,250.07012023925782
8,342,239.3602264404297,249.33360595703127
8,343,238.8695495605469,248.78509521484378
8,344,238.37506408691408,248.38299560546875
8,345,237.8384979248047,247.8671752929688
8,346,237.3390869140625,247.29311218261722
8,347,237.04385375976562,246.61224060058598
8,348,236.753857421875,245.9565399169922
8,349,236.53102722167972,245.52738037109376
8,350,236.50105285644534,245.37186279296876
8,351,236.73432922363284,245.35168762207033
8,352,236.9040008544922,245.62778320312503
8,353,237.00220642089846,246.0677459716797
8,354,236.96054992675784,246.40172119140624
8,355,236.89688110351562,246.6083709716797
8,356,236.60268249511722,246.6155731201172
8,357,236.31929016113284,246.25545349121097
8,358,236.07940673828125,245.63303222656253
8,359,236.04421997070312,245.10645446777346
8,360,236.0057464599609,244.79842529296877
8,361,236.34926147460934,244.7818328857422
8,362,236.84586486816406,245.06202087402343
8,363,237.3480224609375,245.7401123046875
8,364,237.7524322509766,246.54076232910154
8,365,238.1298278808594,247.12188110351565
8,366,238.32683105468752,247.43813781738282
8,367,238.48529052734378,247.57677001953124
8,368,238.63498840332034,247.57053833007814
8,369,238.76971435546875,247.524853515625
8,370,239.0130828857422,247.58713989257816
8,371,239.1478454589844,247.85975036621096
8,372,239.08691101074223,248.43729858398441
8,373,238.68005676269536,249.0787811279297
8,374,237.80038452148438,249.20767211914062
8,375,236.55977783203127,248.8987335205078
8,376,235.01407470703128,247.9509735107422
8,377,233.30364379882812,246.32892456054685
8,378,231.76590576171876,244.14471740722655
8,379,230.3415466308594,241.93870849609377
8,380,228.87160949707035,239.33113708496094
8,381,227.40536193847657,237.03609924316407
8,382,225.83460083007816,234.99358825683598
8,383,224.23559570312503,233.36933593750004
8,384,222.93072509765625,231.9038513183594
8,385,222.1227996826172,231.07903442382812
8,386,221.7832458496094,230.5440155029297
8,387,221.93875427246095,230.38656311035157
8,388,222.4301513671875,230.5692077636719
8,389,223.14815063476564,231.4206726074219
8,390,224.079296875,232.80590515136723
8,391,225.19972534179686,234.48845825195312
8,392,226.29873046875002,236.31664123535154
8,393,227.4863189697266,237.81262512207033
8,394,228.6849273681641,239.0068878173828
8,395,229.6563201904297,239.76785888671876
8,396,230.26269226074226,240.10740356445314
8,397,230.67171325683594,239.92784118652344
8,398,230.70267028808595,239.766650390625
8,399,230.50032043457034,239.4727722167969
8,400,229.91260681152346,239.06778259277345
8,401,229.2778106689453,238.4691314697266
8,402,228.63601684570315,237.8670837402344
8,403,227.91071166992185,237.1735321044922
8,404,226.94908142089844,236.27876586914064
8,405,226.02381591796873,235.37347106933592
8,406,225.2765930175781,234.3084228515625
8,407,224.60675354003905,233.48486633300783
8,408,224.1935791015625,232.75007019042968
8,409,224.1028564453125,232.2407257080078
8,410,224.26444396972659,231.94038085937498
8,411,224.44942932128907,232.2259521484375
8,412,224.9245056152344,232.80237731933593
8,413,225.6289825439453,233.67227478027343
8,414,226.33013916015625,234.7895263671875
8,415,227.06075439453127,235.85181274414063
8,416,227.86319580078126,236.9080322265625
8,417,228.496240234375,237.72430725097655
8,418,228.8550567626953,238.3032745361328
8,419,229.2083770751953,238.63753662109374
8,420,229.4962158203125,238.97130432128904
8,421,229.4115051269531,239.10524902343752
8,422,229.12034606933594,239.13411560058597
8,423,228.7631042480469,239.0558624267578
8,424,228.3581085205078,238.87796630859376
8,425,227.74148559570312,238.48963623046876
8,426,227.1474853515625,237.8503845214844
8,427,226.46766052246093,236.95296630859374
8,428,225.8260955810547,236.01344604492186
8,429,225.06346130371094,235.03561096191405
8,430,224.48666076660157,234.10004272460935
8,431,224.15956726074216,233.39017028808593
8,432,224.02784423828126,233.01470336914062
8,433,224.06582031249997,232.87189636230468
8,434,224.58216552734376,232.98145446777343
8,435,225.31297302246094,233.43906555175778
8,436,226.0219207763672,234.18386535644527
8,437,226.8090270996094,235.14048767089844
8,438,227.54669799804688,236.02148132324217
8,439,228.103857421875,236.88213806152342
8,440,228.53596496582034,237.66575012207034
8,441,228.96068115234377,238.21983947753904
8,442,229.25431213378909,238.50013427734376
8,443,229.55498962402345,238.66037597656253
8,444,229.54578247070313,238.58001403808595
8,445,229.35663452148438,238.34949951171876
8,446,229.07181396484376,238.04884033203126
8,447,228.623876953125,237.66146240234374
8,448,228.07076416015627,237.19736022949218
8,449,227.5158416748047,236.5889862060547
8,450,226.7389862060547,235.8569549560547
8,451,225.9560729980469,235.06761169433594
8,452,225.3080261230469,234.34528503417968
8,453,224.74071044921874,233.72685546875
8,454,224.38846740722659,233.45451354980472
8,455,224.6290740966797,233.44840087890628
8,456,225.15098571777344,233.7244842529297
8,457,225.78809509277343,234.16549072265627
8,458,226.46021423339843,234.85263671875
8,459,227.14904479980473,235.6479278564453
8,460,227.59385375976566,236.4459686279297
8,461,227.84339904785162,237.10798034667968
8,462,228.06644287109378,237.58531494140624
8,463,228.20464782714845,237.84925231933596
8,464,228.33767395019532,237.90493774414062
8,465,228.46633605957032,237.83658142089845
8,466,228.4504089355469,237.57553710937503
8,467,228.46284179687504,237.42688598632813
8,468,228.4488006591797,237.3220855712891
8,469,228.20807189941408,237.0294647216797
8,470,227.86340942382816,236.6730163574219
8,471,227.4940826416016,236.35559692382813
8,472,227.10304870605472,235.8834686279297
8,473,226.75321350097659,235.23541259765625
8,474,226.62064208984376,234.81419372558594
8,475,226.5523681640625,234.45501708984375
8,476,226.56490173339844,234.26099548339843
8,477,226.5615234375,234.22533569335937
8,478,226.64431457519532,234.46557006835937
8,479,226.82205810546878,234.91771850585937
8,480,226.9882263183594,235.54886474609376
8,481,227.23207092285156,236.18980407714844
8,482,227.53317565917973,236.76241149902344
8,483,227.79234619140627,237.22707519531252
8,484,227.92836608886716,237.45545043945313
8,485,228.03285217285153,237.51828002929688
8,486,228.10039978027342,237.5564147949219
8,487,228.04853210449218,237.64439392089844
8,488,227.92487487792968,237.72827148437503
8,489,227.7344024658203,237.77026977539063
8,490,227.5157470703125,237.62272033691409
8,491,227.3371765136719,237.33957824707034
8,492,227.13974609375003,236.97652587890627
8,493,226.9427185058594,236.57998962402343
8,494,226.81041870117187,236.2200988769531
8,495,226.8059997558594,236.00075073242186
8,496,226.77740783691408,235.85101013183595
8,497,226.84263000488284,235.77242431640624
8,498,226.94070129394532,235.7415283203125
8,499,227.01230773925784,235.7592956542969
8,500,226.96889648437502,235.84412231445313
8,501,226.91776123046873,235.9589324951172
8,502,226.91057739257812,236.0969390869141
8,503,226.91094970703125,236.25267944335937
8,504,226.9423400878906,236.38949279785157
8,505,227.04851684570312,236.49321594238285
8,506,227.1459167480469,236.65273742675785
8,507,227.1736999511719,236.78452758789066
8,508,227.18699340820316,236.86881103515628
8,509,227.18519897460936,236.93594055175782
8,510,227.17409362792972,237.03125305175783
8,511,227.17085876464847,237.02158813476564
8,512,227.17545166015626,236.9433563232422
8,513,227.1551940917969,236.86651916503905
8,514,227.0072204589844,236.76376342773438
8,515,226.86615295410158,236.6282928466797
8,516,226.6865692138672,236.47107849121096
8,517,226.52789001464845,236.3490936279297
8,518,226.3915588378906,236.21049804687502
8,519,226.33890380859373,236.08438110351565
8,520,226.27324218750002,235.96286621093753
8,521,226.21451110839843,235.90102539062502
8,522,226.16149291992187,235.85955505371095
8,523,226.2125427246094,235.84157104492186
8,524,226.30723266601564,235.89045410156248
8,525,226.4644470214844,236.0590789794922
8,526,226.6509857177735,236.23806152343752
8,527,226.81545715332032,236.4008331298828
8,528,226.8911865234375,236.57577514648438
8,529,226.9841247558594,236.6809783935547
8,530,227.03379211425784,236.6930694580078
8,531,227.04703063964848,236.68367614746097
8,532,227.04841613769534,236.68916625976564
8,533,227.02445983886722,236.65512390136723
8,534,226.98876342773443,236.64151000976568
8,535,226.8813568115235,236.5626098632813
8,536,226.81979675292973,236.46325683593753
8,537,226.75798339843752,236.4023406982422
8,538,226.61676025390628,236.2141326904297
8,539,226.4805389404297,236.01870727539062
8,540,226.3785095214844,235.86508178710938
8,541,226.2607849121094,235.72864685058596
8,542,226.17764282226562,235.6127960205078
8,543,226.21034545898442,235.68571472167972
8,544,226.2396362304688,235.82530212402344
8,545,226.3023895263672,236.01625366210942
8,546,226.36220092773436,236.32463684082035
8,547,226.3939971923828,236.57086486816408
8,548,226.41176147460936,236.79812316894532
8,549,226.42933654785156,236.9629089355469
8,550,226.54200134277346,236.98261413574218
8,551,226.6745544433594,236.84602966308591
8,552,226.79586791992188,236.6881530761719
8,553,226.91099548339844,236.55152587890626
8,554,226.9973602294922,236.38634338378907
8,555,226.97044067382808,236.28033752441408
8,556,226.93585815429688,236.2337188720703
8,557,226.8847229003906,236.2082977294922
8,558,226.85236816406248,236.10899353027344
8,559,226.85387573242187,236.0954315185547
8,560,226.84972229003907,236.14832458496093
8,561,226.83811645507814,236.22178344726564
8,562,226.83089294433594,236.25539245605466
8,563,226.84360961914064,236.30496826171873
8,564,226.79226989746095,236.3662048339844
8,565,226.7758239746094,236.42212219238283
8,566,226.74877624511723,236.51282653808593
8,567,226.74587402343752,236.61862487792968
8,568,226.72901306152343,236.75545349121094
8,569,226.79138793945316,236.82757568359375
8,570,226.8152374267578,236.86138305664062
8,571,226.8575866699219,236.80086364746094
8,572,226.88942565917972,236.75614318847659
8,573,226.8858520507813,236.6949890136719
8,574,226.7606201171875,236.66628417968752
8,575,226.65254516601564,236.6147338867188
8,576,226.55721740722657,236.58380432128908
8,577,226.4348052978516,236.52758789062503
8,578,226.31831970214847,236.4822540283203
8,579,226.28727111816409,236.4400360107422
8,580,226.29446105957032,236.42873840332032
8,581,226.3144439697266,236.41504821777346
8,582,226.37033691406253,236.44960937500002
8,583,226.41727600097659,236.48606872558594
8,584,226.4873748779297,236.5121551513672
8,585,226.4979217529297,236.54556884765626
8,586,226.4921417236328,236.5184234619141
8,587,226.50661315917966,236.4495544433594
8,588,226.53559265136718,236.36985473632816
8,589,226.55248413085934,236.26548156738286
9,0,229.41381768875044,217.24438626649203
9,1,229.3776210128779,217.34818622193217
9,2,229.366381612396,217.47338815491145
9,3,229.37021484375003,217.63168945312503
9,4,229.34682922363282,217.61517944335938
9,5,229.37168273925784,217.6265625
9,6,229.39707641601564,217.67727661132815
9,7,229.3979919433594,217.70670166015628
9,8,229.37832946777343,217.7119232177735
9,9,229.3734588623047,217.7291198730469
9,10,229.43544006347656,217.76133728027347
9,11,229.52236938476562,217.83714294433597
9,12,229.61479797363285,217.8897583007813
9,13,229.7119110107422,217.90779418945314
9,14,229.80869140625,217.91968078613283
9,15,229.84230041503906,217.89496459960938
9,16,229.8584014892578,217.833984375
9,17,229.85570068359374,217.79873657226562
9,18,229.84324951171877,217.78239746093752
9,19,229.8061279296875,217.7595397949219
9,20,229.76868286132813,217.74749145507815
9,21,229.72945251464844,217.7318817138672
9,22,229.6976531982422,217.74283142089845
9,23,229.6353973388672,217.7111328125
9,24,229.56218872070312,217.65711975097656
9,25,229.50436706542968,217.60407104492188
9,26,229.45618896484376,217.54494018554686
9,27,229.42066650390626,217.44837646484373
9,28,229.42871704101563,217.4002502441406
9,29,229.45632629394532,217.38003540039065
9,30,229.4572998046875,217.34737854003907
9,31,229.44559631347659,217.32534179687502
9,32,229.42761535644533,217.316259765625
9,33,229.39995727539065,217.30069274902345
9,34,229.39947814941408,217.2168853759766
9,35,229.44150390624998,217.1262115478516
9,36,229.49187927246095,217.0467193603516
9,37,229.5653625488281,216.99947204589844
9,38,229.6383026123047,216.9761474609375
9,39,229.69614562988284,217.03098754882816
9,40,229.71272888183597,217.10337829589847
9,41,229.73686218261722,217.17166442871095
9,42,229.73065185546875,217.2013092041016
9,43,229.73828735351563,217.22627258300784
9,44,229.74314575195314,217.23563232421878
9,45,229.77542419433593,217.25725402832035
9,46,229.75144042968748,217.25459899902344
9,47,229.76131286621091,217.24748229980472
9,48,229.7434051513672,217.19784240722657
9,49,229.72752075195314,217.14153442382812
9,50,229.71021728515626,217.09856262207032
9,51,229.74404602050782,217.06011657714845
9,52,229.74761352539065,217.01904602050783
9,53,229.77303161621097,217.0247772216797
9,54,229.79733276367188,217.03684387207034
9,55,229.8011383056641,217.01391906738283
9,56,229.79671020507817,217.00592041015628
9,57,229.79982604980472,216.9988708496094
9,58,229.72194213867192,216.9250396728516
9,59,229.6164428710938,216.80364074707035
9,60,229.52950439453127,216.70907592773438
9,61,229.4420593261719,216.61166687011718
9,62,229.34797668457034,216.50905151367186
9,63,229.3284851074219,216.47584838867186
9,64,229.33354797363282,216.49484252929688
9,65,229.32745666503908,216.51642150878905
9,66,229.31984558105466,216.52697448730467
9,67,229.33293762207032,216.56702270507813
9,68,229.33662719726564,216.58665466308594
9,69,229.33132019042972,216.61030273437498
9,70,229.3818237304688,216.64979553222656
9,71,229.45843505859378,216.73525390625002
9,72,229.49839477539064,216.8016845703125
9,73,229.5519989013672,216.86800231933597
9,74,229.6226379394531,216.93868408203127
9,75,229.62065429687496,216.97840270996093
9,76,229.59132690429686,216.98710021972656
9,77,229.574462890625,216.99878540039063
9,78,229.56199645996094,217.01736450195315
9,79,229.5429718017578,217.0218933105469
9,80,229.54602966308596,217.02627563476562
9,81,229.55763854980472,217.03371887207032
9,82,229.55188903808596,217.06319885253907
9,83,229.56966857910157,217.084423828125
9,84,229.59389038085936,217.09995727539066
9,85,229.62802124023438,217.11919555664065
9,86,229.68448791503909,217.14085388183597
9,87,229.7658905029297,217.1555358886719
9,88,229.81977844238284,217.17977600097657
9,89,229.86567687988284,217.22055664062503
9,90,229.89265747070317,217.26831970214846
9,91,229.89384460449222,217.3131744384766
9,92,229.88866882324223,217.3250213623047
9,93,229.88789978027347,217.34939575195315
9,94,229.72868652343752,217.35127258300784
9,95,229.55008239746098,217.3270751953125
9,96,229.36908569335938,217.3044708251953
9,97,229.20526733398438,217.29635620117188
9,98,229.01603698730472,217.2598846435547
9,99,228.9765808105469,217.24242553710937
9,100,228.94505004882814,217.22811279296874
9,101,228.9343383789063,217.19718017578123
9,102,228.90513305664066,217.1737762451172
9,103,228.8867919921875,217.1384735107422
9,104,228.88256835937503,217.10736999511718
9,105,228.88924255371097,217.09401245117186
9,106,228.95169372558593,217.12010498046877
9,107,229.02396240234373,217.1410369873047
9,108,229.11290893554687,217.18110046386718
9,109,229.2896270751953,217.29639892578126
9,110,229.46048889160156,217.1887237548828
9,111,229.81331787109377,216.99148559570315
9,112,230.1952331542969,216.70058898925785
9,113,230.40830078125003,217.1361267089844
9,114,230.59107666015626,218.07342224121095
9,115,230.84480895996097,218.7229217529297
9,116,230.93204345703128,219.84063415527345
9,117,230.92841186523435,223.17950134277345
9,119,231.0331512451172,227.0933807373047
9,123,231.17653808593752,230.77993164062502
9,124,231.33583679199222,235.522265625
9,125,231.8808685302734,239.60849609375003
9,126,232.58272399902341,241.44890747070315
9,127,233.5234466552734,242.46954956054688
9,128,234.5818572998047,242.696142578125
9,129,235.7281005859375,241.87221679687502
9,130,236.0656005859375,239.50653686523438
9,131,235.86281433105466,237.1466552734375
9,158,235.50548095703124,233.62698974609376
9,159,234.92621459960935,230.38379211425783
9,160,234.14617614746095,227.53780517578124
9,161,234.1929656982422,226.38648986816406
9,162,234.69905090332034,225.0630676269531
9,163,235.21464843750005,224.06297607421874
9,164,235.8676055908203,223.52211608886716
9,165,236.19758911132814,223.68563232421874
9,166,236.2891052246094,224.35544433593753
9,167,236.36911926269534,225.57039489746094
9,168,235.8568023681641,226.56719055175782
9,169,235.1593933105469,227.68509216308593
9,170,234.65747375488286,227.89681701660157
9,171,234.04805297851567,227.65729675292968
9,172,233.1135650634766,226.92178955078126
9,173,232.62383117675785,226.60813598632814
9,174,232.3204284667969,225.95054626464844
9,175,232.04983215332032,225.6190399169922
9,176,231.51833801269532,225.27878112792968
9,177,231.460888671875,225.30266418457032
9,178,231.85346069335938,225.20542602539064
9,179,232.00069274902344,225.1266876220703
9,180,232.32850036621096,224.8932342529297
9,181,233.0474853515625,224.78067626953128
9,182,233.66836853027345,224.49568481445314
9,183,234.05896301269533,224.66577453613283
9,184,234.7100769042969,224.88457336425782
9,185,235.14816284179688,225.6439392089844
9,186,235.3680877685547,226.9959503173828
9,187,235.5158599853516,228.4019592285156
9,188,235.7053955078125,229.6327453613281
9,189,235.74272460937505,230.89899597167968
9,190,236.2056091308594,232.10272521972655
9,191,236.76132507324223,232.99461059570314
9,192,237.3151519775391,233.77806396484377
9,193,237.64504394531252,233.93544921875
9,194,238.0078308105469,233.64667358398438
9,195,238.11441345214848,233.30481872558596
9,196,238.06768188476565,232.5534118652344
9,197,238.25710144042972,232.15354919433597
9,198,238.6772155761719,232.81084289550782
9,199,239.17833862304693,234.3019256591797
9,200,239.66455383300783,235.60113525390625
9,201,240.28123168945314,236.56128540039063
9,202,241.43990173339847,237.78001708984377
9,203,242.7288024902344,238.84155578613283
9,204,243.99521789550784,239.49122314453126
9,205,245.55117797851562,240.21782531738282
9,206,246.86173400878909,241.63863830566407
9,207,247.41042480468752,242.47242736816406
9,208,247.79730529785158,243.70064086914067
9,209,247.78239746093755,244.61611938476565
9,210,247.7254058837891,246.25907287597656
9,211,246.53020935058595,244.92825622558595
9,212,245.2115417480469,243.43097839355468
9,214,243.80464782714844,241.61831665039062
9,215,242.23619689941407,238.12542114257812
9,216,240.26568908691408,234.25868225097656
9,217,239.69296875,232.90572204589844
9,218,239.33184814453125,232.47210083007815
9,219,238.76068115234375,231.4855529785156
9,220,238.19985046386716,231.9398223876953
9,221,238.22102355957034,231.123486328125
9,222,238.29233093261723,231.07332763671874
9,223,238.12457275390625,230.12845764160159
9,224,237.83078308105468,228.91079406738285
9,225,238.647412109375,228.35074462890626
9,226,239.10994262695317,228.91857299804687
9,227,239.5726806640625,229.13516540527345
9,228,240.21266784667966,229.93427124023438
9,229,239.67138061523437,229.0301727294922
9,230,237.9922668457031,227.8537109375
9,243,236.2809783935547,226.16304931640627
9,244,235.3536834716797,225.33872375488284
9,245,234.25127258300782,223.65522155761718
9,246,234.9167938232422,223.9344909667969
9,247,236.21180114746093,224.80614013671874
9,248,237.8916259765625,227.374462890625
9,249,238.67023315429688,228.83977355957032
9,252,240.12268676757816,231.41640625000002
9,253,241.14312744140628,233.5123260498047
9,255,240.7415283203125,234.49338684082034
9,256,240.04049682617188,233.662939453125
9,258,239.6611328125,233.15229492187504
9,259,238.85034484863283,231.98939208984376
9,260,238.08625793457034,231.38203125000007
9,261,238.07141418457033,230.73625183105472
9,262,238.24444274902345,230.93635559082034
9,263,237.6552429199219,230.44023132324222
9,264,236.84024963378909,230.37581176757817
9,265,236.5334442138672,230.91424560546878
9,266,236.90423889160158,232.1253173828125
9,267,237.05303649902345,232.60867614746098
9,268,237.573617553711,233.32966613769534
9,269,238.36743164062506,233.78255004882814
9,270,238.6798797607422,233.65196533203124
9,271,238.73546447753913,233.39780883789064
9,272,238.89239196777348,233.22559204101563
9,273,238.96751098632816,232.83822326660157
9,274,238.54084777832034,232.31016845703127
9,275,238.2878356933594,231.67484741210941
9,276,238.0361206054688,231.00845336914065
9,277,237.4695526123047,230.00139770507815
9,278,237.0633544921875,228.95674133300784
9,279,236.90302734374998,227.77829589843753
9,280,236.64866943359374,227.0213531494141
9,281,236.5546875,226.34155578613286
9,282,236.4403015136719,226.41487731933597
9,283,236.36624755859376,227.17074279785157
9,284,236.44246826171877,228.5331665039063
9,285,236.49442138671876,229.72710266113282
9,286,236.7116180419922,230.72257385253906
9,287,237.0461883544922,231.29278564453125
9,288,237.3126678466797,231.13519287109375
9,289,237.6018035888672,230.32077636718753
9,290,237.85684204101562,229.72664489746097
9,291,237.53640747070312,229.06101989746097
9,292,237.5513153076172,229.05416259765624
9,293,237.622900390625,229.59396667480468
9,294,237.8632080078125,230.35836181640624
9,295,238.06249084472657,230.74220581054686
9,296,238.38150024414062,231.38177185058592
9,297,238.24211425781252,231.46312866210937
9,298,237.92823486328126,231.13525390625
9,299,237.7082244873047,230.7646240234375
9,300,237.46653137207034,230.20262451171877
9,301,237.53002014160157,229.59302978515626
9,302,237.56969909667967,229.11069946289064
9,303,237.59259948730468,228.82205505371093
9,304,237.20479736328124,228.24954833984373
9,305,236.93482666015623,228.0428680419922
9,306,236.82769470214845,227.61849060058594
9,307,237.1204376220703,227.18263549804692
9,308,237.55728759765623,227.11521606445316
9,309,238.11529541015622,227.81947937011722
9,310,238.82456970214844,228.5918060302735
9,311,239.18264770507812,229.54931335449223
9,312,239.26283569335936,230.22358703613284
9,313,239.34945678710938,230.30874023437502
9,314,239.397216796875,229.6517578125
9,315,239.38613586425782,228.98255920410156
9,316,239.32895202636718,228.26205444335938
9,317,239.04698486328127,228.0426971435547
9,318,238.59281005859378,228.10976562500002
9,319,238.2095428466797,228.30652770996096
9,320,237.69173889160157,228.11047973632816
9,321,237.3129364013672,228.05155334472659
9,322,237.36451110839846,227.87079467773435
9,323,237.50350952148435,227.8834014892578
9,324,237.51341247558594,228.1765563964844
9,325,237.667431640625,228.5115753173828
9,326,238.04063110351566,229.1614532470703
9,327,238.32474670410159,229.46275939941407
9,328,238.7792510986328,230.0302001953125
9,329,239.47717590332033,230.64847106933598
9,330,240.0577392578125,231.68396606445316
9,331,240.46094665527343,232.28447875976565
9,332,240.78304443359374,232.92982482910156
9,333,240.8625915527344,233.12088928222659
9,334,240.6976318359375,233.1266082763672
9,335,240.60685119628909,233.09546813964843
9,336,240.41650085449223,233.16014099121094
9,337,240.23089599609378,232.9429229736328
9,338,240.09109497070312,232.59779052734376
9,339,239.6732147216797,231.61277770996097
9,340,239.10317687988282,230.14541015625002
9,341,238.33657836914065,228.75041198730472
9,342,237.6855621337891,227.5705963134766
9,343,237.01408081054691,226.43858337402344
9,344,236.6304443359375,225.8885498046875
9,345,236.29543457031252,225.6762145996094
9,346,236.2040222167969,225.31987609863282
9,347,235.83370361328124,224.95202026367187
9,348,235.30606689453126,224.76722412109376
9,349,235.0509979248047,224.68545227050782
9,350,234.8984069824219,224.65301818847658
9,351,234.95863952636722,224.73107910156253
9,352,235.071142578125,225.07138671875003
9,353,235.32001953125,225.34556274414066
9,354,235.39745483398437,225.6437896728516
9,355,235.39763793945312,225.70484619140626
9,356,235.24570312500003,225.74221801757818
9,357,235.03482360839848,225.5875396728516
9,358,235.08982543945316,225.15311279296878
9,359,235.274853515625,224.43353576660155
9,360,235.3735504150391,224.11797180175785
9,361,235.6923767089844,224.04985656738282
9,362,236.29429321289064,224.2407684326172
9,363,236.82150268554688,224.83596191406252
9,364,237.16644897460938,225.88949890136718
9,365,237.5380798339844,226.65001831054687
9,366,237.62929077148436,227.03948364257815
9,367,237.91143798828125,227.17032470703123
9,368,237.90253295898438,226.9354309082031
9,369,237.96438903808595,226.58802795410153
9,370,238.09786376953127,226.3416961669922
9,371,238.28244934082034,226.4513671875
9,372,238.16116943359376,226.84025878906252
9,373,238.30905456542968,227.73087158203128
9,374,237.86966857910153,228.24439392089846
9,375,237.06268310546875,228.49429016113282
9,376,236.03839416503905,228.0556365966797
9,377,234.68381347656253,226.71397399902344
9,378,232.85555114746091,224.7227996826172
9,379,231.3733703613281,222.4773162841797
9,380,230.13573913574217,219.77283935546876
9,381,228.9973907470703,217.71258239746095
9,382,227.74525756835936,216.09051513671875
9,383,226.85423583984374,214.76592102050785
9,384,226.04613647460937,213.85613098144532
9,385,225.4846862792969,213.62142028808594
9,386,225.1627349853516,213.10813903808594
9,387,225.28734130859374,213.0214599609375
9,388,225.58931884765624,213.361083984375
9,389,226.19650268554685,213.8347595214844
9,390,227.0015960693359,214.6726531982422
9,391,227.8048217773437,216.06202697753906
9,392,228.81331481933591,217.8139129638672
9,393,229.88629150390625,219.33682861328123
9,394,230.8247924804688,220.99630737304688
9,395,231.46154479980467,222.26075134277346
9,396,232.0276885986328,222.91479797363283
9,397,232.40096130371094,222.67890319824218
9,398,232.36381225585936,222.2912139892578
9,399,232.24033813476564,221.69102172851564
9,400,231.98483886718753,221.0301727294922
9,401,231.59798583984377,220.442138671875
9,402,231.0293731689453,219.9859558105469
9,403,230.38791503906253,219.44638366699218
9,404,229.64538879394533,218.86723022460936
9,405,228.91649169921877,218.28739318847659
9,406,228.07937011718752,217.3815673828125
9,407,227.3145721435547,216.6135040283203
9,408,226.8409393310547,216.08904724121095
9,409,226.60966796875002,215.6330291748047
9,410,226.6384033203125,215.40188903808595
9,411,226.97357788085938,215.70748291015627
9,412,227.67577514648437,216.19741821289065
9,413,228.54246520996094,216.7576873779297
9,414,229.29045410156252,217.40853576660157
9,415,229.93433532714846,218.00318298339846
9,416,230.56587524414064,218.61112365722659
9,417,230.9197509765625,219.13970642089845
9,418,231.19630126953126,219.53314514160158
9,419,231.52161865234376,219.85592651367188
9,420,231.74496765136723,220.17651062011717
9,421,231.8226196289063,220.38316955566404
9,422,231.79600219726566,220.45794677734372
9,423,231.59578552246094,220.47098693847653
9,424,231.14152832031255,220.4106903076172
9,425,230.52823486328128,219.99172363281252
9,426,229.87063598632812,219.39395751953128
9,427,229.24741210937503,218.68706970214845
9,428,228.62131347656253,217.86367492675782
9,429,228.21768798828128,217.00975341796877
9,430,227.88686218261722,216.3966827392578
9,431,227.73404846191409,215.9624969482422
9,432,227.76226501464845,215.76657714843753
9,433,227.89755859375,215.81329040527345
9,434,228.09209594726562,215.91052246093756
9,435,228.53348693847656,216.29436035156255
9,436,228.90804443359374,216.71201171875003
9,437,229.2250732421875,217.3132415771485
9,438,229.6737762451172,217.84243774414065
9,439,230.04714355468752,218.540966796875
9,440,230.36051635742191,219.14382629394535
9,441,230.73070983886723,219.72613220214845
9,442,231.09375305175786,220.13493652343755
9,443,231.32739562988286,220.44193115234378
9,444,231.33375854492192,220.41702575683595
9,445,231.1865997314453,220.14316711425784
9,446,230.89602661132812,219.85331420898441
9,447,230.48188171386718,219.45645141601565
9,448,229.98976135253906,219.03513183593753
9,449,229.6369171142578,218.62171936035162
9,450,229.31314392089843,218.21839599609376
9,451,229.01529235839843,217.73892211914062
9,452,228.7605438232422,217.18682861328125
9,453,228.5977294921875,216.64505310058593
9,454,228.50419921875002,216.1150695800781
9,455,228.5562316894531,215.9042205810547
9,456,228.73632507324217,215.79363098144532
9,457,229.01137084960934,216.0457977294922
9,458,229.27242126464841,216.5329833984375
9,459,229.48946838378905,217.32328796386722
9,460,229.52076110839843,217.9894989013672
9,461,229.4538787841797,218.69199523925784
9,462,229.42837524414065,219.14756774902347
9,463,229.34694824218752,219.37011718750003
9,464,229.3712127685547,219.3979461669922
9,465,229.5623016357422,219.36871032714842
9,466,229.66891174316407,219.07498474121093
9,467,229.64266357421874,218.8399169921875
9,468,229.62902221679687,218.65786437988282
9,469,229.529736328125,218.39085388183597
9,470,229.34831848144535,218.05867919921877
9,471,229.16429443359377,217.8298278808594
9,472,229.06348266601566,217.46734924316408
9,473,228.90433349609378,217.0901336669922
9,474,228.76464538574223,216.86221008300782
9,475,228.66754150390628,216.65491333007816
9,476,228.6691925048828,216.62201232910158
9,477,228.66951904296877,216.74870300292972
9,478,228.78141174316409,216.9817047119141
9,479,228.99743957519533,217.31680908203128
9,480,229.11215820312503,217.70245361328128
9,481,229.17173767089844,217.9844879150391
9,482,229.22837829589844,218.29516296386723
9,483,229.23828125,218.55569152832035
9,484,229.16632080078125,218.7363433837891
9,485,229.16021728515625,218.84434509277344
9,486,229.18626708984374,218.9477478027344
9,487,229.21104736328124,218.92310485839846
9,488,229.22413940429686,218.85105590820314
9,489,229.24693298339847,218.69901123046878
9,490,229.26138305664062,218.53406677246093
9,491,229.26868591308593,218.33670349121093
9,492,229.2183563232422,218.15423583984375
9,493,229.1373474121094,217.92731628417968
9,494,229.08252563476563,217.76720581054684
9,495,229.07384033203127,217.6906799316406
9,496,229.07104492187503,217.6356750488281
9,497,229.09147033691409,217.5942352294922
9,498,229.1630798339844,217.60072937011722
9,499,229.21225585937503,217.56800231933596
9,500,229.2347320556641,217.53467407226566
9,501,229.31093444824222,217.55561828613284
9,502,229.47276000976564,217.6026062011719
9,503,229.61293334960936,217.66910095214843
9,504,229.75213012695312,217.8391143798828
9,505,229.86783752441406,217.9615905761719
9,506,229.91554870605466,218.0807739257813
9,507,229.88441772460934,218.18795166015627
9,508,229.84022216796873,218.26847839355472
9,509,229.7506011962891,218.2767761230469
9,510,229.68159790039067,218.29779052734375
9,511,229.6373016357422,218.25911254882814
9,512,229.5833465576172,218.18329467773438
9,513,229.55261840820313,218.10712585449218
9,514,229.49976196289063,218.04537353515624
9,515,229.45867614746095,218.01018676757812
9,516,229.3591583251953,217.92372436523436
9,517,229.27028198242186,217.8819396972656
9,518,229.16869201660157,217.83023681640623
9,519,229.10159606933593,217.7355529785156
9,520,229.04747009277344,217.63599243164063
9,521,229.08555908203127,217.60415344238282
9,522,229.18741149902345,217.5716735839844
9,523,229.33215942382813,217.55057678222659
9,524,229.48838195800784,217.59115295410157
9,525,229.65212402343752,217.68360900878906
9,526,229.72378540039062,217.81740112304684
9,527,229.73460693359374,217.9351806640625
9,528,229.7092041015625,218.08001708984375
9,529,229.68598327636718,218.197119140625
9,530,229.63623962402343,218.2492431640625
9,531,229.62630310058594,218.26346435546876
9,532,229.59554748535155,218.2518737792969
9,533,229.52896728515623,218.17665710449216
9,534,229.43345031738278,218.08868408203125
9,535,229.2598236083984,218.00527343750002
9,536,229.08670959472656,217.89434204101562
9,537,228.92410278320312,217.81152954101563
9,538,228.86243896484376,217.7487518310547
9,539,228.8152618408203,217.65498962402344
9,540,228.86115112304688,217.57415466308595
9,541,228.9313995361328,217.49873657226564
9,542,229.01504516601562,217.44387512207032
9,543,229.02619323730468,217.4113739013672
9,544,229.12073669433593,217.45358276367188
9,545,229.20240783691406,217.49388732910157
9,546,229.269921875,217.5777099609375
9,547,229.3148010253906,217.68590087890627
9,548,229.37840881347654,217.8121032714844
9,549,229.35018005371094,217.89832153320316
9,550,229.29604797363282,218.0026306152344
9,551,229.2725524902344,218.0467468261719
9,552,229.26293334960937,218.01171875
9,553,229.26540527343752,217.97803955078123
9,554,229.24991149902343,217.92532958984373
9,555,229.2371551513672,217.82896423339844
9,556,229.18875122070312,217.76391296386717
9,557,229.13166503906254,217.71684875488282
9,558,229.05376892089845,217.64394531250002
9,559,229.0275390625,217.5901550292969
9,560,229.01436157226564,217.55569152832035
9,561,228.99576416015628,217.52214050292972
9,562,229.0164031982422,217.5477478027344
9,563,229.08138122558594,217.55470275878906
9,564,229.12512817382813,217.55072326660155
9,565,229.18689880371093,217.5627502441406
9,566,229.28235778808593,217.6019012451172
9,567,229.33879699707032,217.61131896972657
9,568,229.36811218261718,217.66262512207032
9,569,229.42661743164064,217.74011535644533
9,570,229.47161865234375,217.8046325683594
9,571,229.48582763671874,217.8355224609375
9,572,229.4790130615234,217.85352172851563
9,573,229.4620300292969,217.85757446289062
9,574,229.39772644042972,217.85523986816406
9,575,229.34443359375,217.83268127441409
9,576,229.2984130859375,217.83209228515625
9,577,229.26876525878907,217.7931915283203
9,578,229.2421142578125,217.77905883789063
9,579,229.23736877441405,217.76174316406252
9,580,229.24187316894532,217.76156005859377
9,581,229.26441955566406,217.7465270996094
9,582,229.32456665039064,217.79202575683593
9,583,229.36211547851562,217.80574645996094
9,584,229.42418518066407,217.8394805908203
9,585,229.4878356933594,217.88977661132813
9,586,229.54754943847658,217.9712860107422
9,587,229.5986480712891,218.00740356445314
9,588,229.6585357666016,218.0524353027344
9,589,229.69602661132816,218.07062072753908
10,0,230.62647776677088,199.3731937581908
10,1,230.63127794314673,199.49259466691885
10,2,230.63940758729603,199.62337558052974
10,3,230.64630737304688,199.7892303466797
10,4,230.70777587890623,199.7297332763672
10,5,230.70115356445314,199.6889404296875
10,6,230.6702453613281,199.71136474609378
10,7,230.65846862792966,199.72786254882814
10,8,230.6400756835937,199.7338348388672
10,9,230.64395141601562,199.75819091796876
10,10,230.69266052246093,199.79383544921876
10,11,230.77371520996093,199.93780212402345
10,12,230.82918701171877,200.05902404785155
10,13,230.89427185058594,200.1183807373047
10,14,230.95077209472657,200.16908264160156
10,15,230.9887176513672,200.2134735107422
10,16,231.01211242675782,200.1595703125
10,17,231.02687377929686,200.14525756835937
10,18,231.03430786132816,200.1627227783203
10,19,231.01699218750002,200.19969177246094
10,20,230.99331054687502,200.23927307128906
10,21,230.9576416015625,200.2693817138672
10,22,230.90523071289064,200.19041442871097
10,23,230.85903320312502,200.11556396484377
10,24,230.81387939453128,200.03111572265624
10,25,230.76599426269536,199.93355407714844
10,26,230.70759582519534,199.8354064941406
10,27,230.68873291015626,199.8104705810547
10,28,230.6768981933594,199.78449401855465
10,29,230.6748748779297,199.76796569824216
10,30,230.67701110839846,199.75594787597655
10,31,230.70263671875,199.73919372558592
10,32,230.7196044921875,199.75790100097657
10,33,230.72431335449224,199.7706329345703
10,34,230.78186645507813,199.74981384277342
10,35,230.87032470703127,199.70581665039063
10,36,230.9482391357422,199.68248291015624
10,37,231.03817138671877,199.6440399169922
10,38,231.11467590332032,199.6343536376953
10,39,231.15453186035157,199.65220031738284
10,40,231.14767456054688,199.7012847900391
10,41,231.14602661132812,199.7409362792969
10,42,231.12054748535155,199.75157165527344
10,43,231.11070556640624,199.7558319091797
10,44,231.07717895507812,199.73321228027345
10,45,231.07947692871096,199.70081481933593
10,46,231.01833190917966,199.70296325683594
10,47,230.99483337402344,199.7442169189453
10,48,230.91528930664063,199.7597900390625
10,49,230.83993225097657,199.8081848144531
10,50,230.76430053710936,199.88015747070312
10,51,230.7481262207031,199.91085510253905
10,52,230.70849609375,199.93341064453125
10,53,230.73387451171874,199.97911682128907
10,54,230.76719360351564,200.01361694335938
10,55,230.78592224121095,200.02981262207032
10,56,230.80099792480468,200.05678710937502
10,57,230.81073303222655,200.06468200683597
10,58,230.78284606933593,199.94197082519534
10,59,230.7937316894531,199.79773864746093
10,60,230.83126525878907,199.68277587890626
10,61,230.8821044921875,199.568505859375
10,62,230.94874267578126,199.45962524414062
10,63,231.0529327392578,199.48522033691407
10,64,231.12130432128907,199.54293823242188
10,65,231.1615203857422,199.61036071777346
10,66,231.1881042480469,199.65837707519535
10,67,231.19974365234378,199.7345855712891
10,68,231.19551086425784,199.81050109863284
10,69,231.1703979492188,199.87522277832034
10,70,231.11736450195315,199.94111633300787
10,71,231.05283508300784,200.04092712402345
10,72,230.9747009277344,200.1046173095703
10,73,230.90813598632812,200.17396240234376
10,74,230.86735839843752,200.23931579589848
10,75,230.83985290527346,200.2372741699219
10,76,230.81239929199222,200.20654602050786
10,77,230.79480895996093,200.16434631347659
10,78,230.78052978515626,200.10086059570312
10,79,230.7552703857422,200.04407348632813
10,80,230.7413482666016,200.01813049316405
10,81,230.74048461914066,199.9953887939453
10,82,230.74802246093753,199.94368591308591
10,83,230.75736999511722,199.87781066894533
10,84,230.75664672851565,199.78560485839847
10,85,230.7548065185547,199.6835144042969
10,86,230.75542907714842,199.58303833007812
10,87,230.74667663574218,199.54424133300782
10,88,230.71695251464843,199.5196960449219
10,89,230.6940856933594,199.52117919921875
10,90,230.66950073242188,199.5361328125
10,91,230.65067138671878,199.56716918945312
10,92,230.63254394531248,199.55412597656252
10,93,230.63973388671877,199.5523681640625
10,94,230.5544921875,199.61130065917968
10,95,230.49435424804688,199.647509765625
10,96,230.43867797851564,199.70559997558595
10,97,230.41691894531252,199.80145568847658
10,98,230.36526489257815,199.8849853515625
10,99,230.43053588867187,199.91770324707034
10,100,230.4726989746094,199.97366333007815
10,101,230.52501220703127,199.97843627929691
10,102,230.53896484375002,199.9818023681641
10,103,230.58301391601563,199.99376220703127
10,104,230.6058349609375,200.01072998046877
10,105,230.62301635742188,200.0200653076172
10,106,230.71549072265623,200.0347808837891
10,107,230.7850769042969,200.07589111328124
10,108,230.85057067871094,200.10667114257814
10,109,231.0510192871094,200.21261291503907
10,110,231.2467224121094,200.09836730957034
10,111,231.6297760009766,199.98831481933595
10,112,232.28912048339842,199.74117431640624
10,113,232.94080810546876,200.28863525390625
10,114,233.3989532470703,201.09841918945315
10,115,233.89243164062498,202.24573974609376
10,116,234.23463745117186,204.03428344726566
10,117,234.44001159667968,205.99512634277346
10,118,234.64479675292966,207.51255187988284
10,119,234.90281372070314,208.7554595947266
10,120,235.4445007324219,210.06145629882815
10,121,236.01448669433594,210.21006774902344
10,122,236.33674926757814,210.64390869140627
10,123,236.74883117675785,210.72817993164062
10,124,237.5512634277344,210.5627899169922
10,125,237.90265197753905,210.9922607421875
10,126,238.33851623535156,211.65750732421876
10,127,238.90929870605467,212.13296813964845
10,128,239.34789428710934,212.32517089843753
10,129,239.31130981445312,212.53271789550783
10,130,238.3852081298828,210.90459289550782
10,131,238.75156555175784,208.72960815429687
10,132,239.59643249511723,207.44002075195314
10,143,240.92180175781252,206.2165283203125
10,144,241.26458129882815,205.1954132080078
10,145,242.1403015136719,204.97838439941407
10,151,241.18816528320312,205.66919555664063
10,152,239.44107971191406,204.91533203125
10,153,237.10971984863284,204.49483337402344
10,154,236.32068176269533,203.87776794433594
10,155,235.59429931640625,203.37532348632814
10,156,235.15577392578126,202.82218017578128
10,159,234.80655212402343,202.74565734863285
10,160,234.6333251953125,202.78399963378908
10,161,234.36079101562498,202.93787231445316
10,162,234.5941925048828,202.9289703369141
10,163,234.6501220703125,202.67434997558595
10,164,235.22074890136722,202.76535644531253
10,165,235.62886962890627,203.00087890625002
10,166,235.87595520019534,203.05284118652344
10,167,235.8159881591797,203.1354248046875
10,168,235.6133575439453,203.3881103515625
10,169,235.1085662841797,203.2195037841797
10,170,234.55972595214843,202.97603454589844
10,171,234.02286376953123,203.04650268554687
10,172,233.57340087890623,203.4356658935547
10,173,233.41550292968748,203.89957580566409
10,174,233.3368591308594,204.59924926757813
10,175,233.28143310546878,204.73338928222657
10,176,233.0191040039063,204.63207397460937
10,177,232.79322814941406,204.66299438476562
10,178,232.91154785156252,204.62704772949218
10,179,232.98271789550782,204.23955078125002
10,180,233.63619384765624,203.75862426757814
10,181,234.21902465820312,203.73366699218752
10,182,234.91400146484375,203.54786987304686
10,183,235.2033477783203,203.69266967773436
10,184,235.7242462158203,203.92461853027342
10,185,235.80148925781248,204.88019409179685
10,186,235.79976806640627,205.87586364746096
10,187,235.7982360839844,207.14928283691407
10,188,235.55444030761717,207.8620574951172
10,189,235.10366821289062,208.66640014648436
10,190,234.6839569091797,209.20521850585936
10,191,234.5763702392578,209.50720825195313
10,192,234.75173645019532,209.3003692626953
10,193,235.32342529296878,209.16803283691405
10,194,236.00972595214847,208.7619476318359
10,195,236.68635864257817,207.97718811035156
10,196,237.04504394531256,207.58093872070316
10,197,236.79275207519532,207.4590301513672
10,198,236.60370178222655,207.26809997558595
10,199,236.2911346435547,207.62131652832034
10,200,235.8220977783203,208.90298461914062
10,201,235.66102600097656,209.1994445800781
10,202,236.2625915527344,210.17196044921874
10,203,236.24727478027344,211.15886535644532
10,207,236.55388488769532,211.9833526611328
10,208,237.06027832031253,212.0612701416016
10,209,236.92944946289066,212.60911560058594
10,210,236.66591186523442,212.30630493164062
10,211,237.07857666015627,211.69661560058597
10,212,237.0050018310547,210.73018188476564
10,213,236.67202758789062,209.71497497558596
10,214,236.78761291503906,208.18840332031255
10,215,236.51571655273438,206.63581848144534
10,216,235.69298706054687,205.89935607910158
10,217,235.0313751220703,205.39496154785158
10,218,234.5387451171875,205.2065368652344
10,219,233.99268493652346,205.74395141601565
10,220,233.52248229980472,206.26260681152345
10,221,234.17013549804688,206.48565979003908
10,222,234.94767150878909,206.8541198730469
10,223,235.71398010253904,206.9729705810547
10,224,236.16976928710938,207.15321044921876
10,225,237.1762268066406,207.6681701660156
10,226,237.41476745605468,208.24355163574222
10,227,237.545703125,208.7072692871094
10,228,237.6421417236328,209.23623657226562
10,229,238.03830871582028,209.41951599121094
10,230,237.70333251953122,209.09515380859378
10,231,237.23038330078126,208.7020751953125
10,232,236.98321533203122,207.90640869140628
10,233,236.61658630371096,206.94461975097659
10,234,236.35191650390627,206.0164703369141
10,235,236.5255676269531,205.0546630859375
10,236,236.74827880859377,204.1853820800781
10,237,236.69766845703126,203.04442749023437
10,238,236.7082641601563,202.67959899902345
10,239,236.633154296875,202.47217407226563
10,240,235.88587951660156,202.64552001953126
10,241,235.21063537597658,202.5459442138672
10,242,234.15193786621097,203.42097778320314
10,243,233.2470733642578,203.5635192871094
10,244,232.4985626220703,203.8037261962891
10,245,232.10643920898437,203.87404174804686
10,246,232.01776733398438,204.18814086914062
10,247,232.3635070800781,204.21683959960936
10,248,232.84215698242187,204.35866088867186
10,249,233.794921875,204.32901916503906
10,250,234.51485900878907,204.56947326660156
10,251,235.19193115234378,204.89537353515627
10,252,236.02919921875002,205.0946014404297
10,253,236.6898193359375,205.18170776367188
10,254,236.6175537109375,205.68510742187505
10,255,236.4135803222656,205.95174255371097
10,256,235.80205078125,206.4124572753906
10,257,235.21055297851566,206.35108642578126
10,258,234.6160797119141,206.37368774414065
10,259,234.4022125244141,205.85007934570316
10,260,234.3444274902344,205.32891540527345
10,261,234.36454467773441,204.41621093750004
10,262,234.29541625976563,204.17542114257816
10,263,234.10722961425782,203.9805328369141
10,264,233.67966308593748,203.61442871093755
10,265,233.82921142578124,203.64636535644533
10,266,234.33973388671876,203.66616516113282
10,267,234.84839477539063,203.78721313476564
10,268,235.44935913085936,203.94041442871097
10,269,235.78411560058595,204.28982543945318
10,270,235.59958801269534,204.25781860351566
10,271,234.995556640625,204.28147583007814
10,272,234.38462524414064,204.23906860351562
10,273,233.95916748046878,204.4793426513672
10,274,233.6218444824219,204.70101318359374
10,275,233.60504455566408,205.00389099121094
10,276,234.04848327636722,205.05588684082034
10,277,234.39227600097658,204.83214721679687
10,278,234.0602508544922,203.9262664794922
10,279,234.01096191406256,202.87980041503909
10,280,233.76774597167972,202.09288024902347
10,281,233.25659179687506,201.82908325195314
10,282,232.91433715820315,201.5002593994141
10,283,232.9166656494141,201.9868103027344
10,284,232.86139526367188,202.81528625488284
10,285,232.93716125488282,203.2642303466797
10,286,233.24069824218753,203.48965454101562
10,287,233.33401489257815,204.08364562988282
10,288,233.3123748779297,204.20395202636718
10,289,233.40201110839845,203.87037658691406
10,290,233.47239379882814,203.77154541015625
10,291,233.241650390625,204.03564453125003
10,292,233.1675262451172,204.16901855468754
10,293,233.5656158447266,204.48865661621096
10,294,233.8364349365235,205.1828277587891
10,295,234.17128601074222,205.92987365722658
10,296,234.24980773925785,206.44010314941409
10,297,234.01268920898443,206.9125183105469
10,298,233.5638824462891,206.6981964111328
10,299,233.50485839843753,206.55304870605468
10,300,233.21094970703123,206.4369598388672
10,301,233.38175048828128,206.58270568847658
10,302,233.4560089111328,206.54043273925782
10,303,233.7779724121094,206.74487915039066
10,304,233.80270385742188,206.73262634277344
10,305,233.94189758300783,206.5677001953125
10,306,234.04983825683595,205.75342102050786
10,307,234.59330749511722,205.03539428710937
10,308,234.88467712402348,204.8534393310547
10,309,235.14138183593755,204.75382080078126
10,310,235.62781066894536,204.56251220703126
10,311,235.63343811035156,204.68460083007812
10,312,235.23486328125,205.0935791015625
10,313,235.0012664794922,205.32725524902347
10,314,234.59503479003908,205.40106506347658
10,315,233.9473114013672,205.55396118164066
10,316,233.75334777832032,205.73787841796877
10,317,233.65534362792968,205.9904724121094
10,318,233.39172668457033,206.0569549560547
10,319,233.2394927978516,206.24043579101564
10,320,233.01863403320317,206.36832580566406
10,321,232.61927490234376,206.21280822753909
10,322,232.3312469482422,205.70508422851563
10,323,232.1719207763672,205.36856994628909
10,324,232.02746276855467,205.02265625000004
10,325,232.3033721923828,204.80386962890628
10,326,232.62947998046874,204.87775878906254
10,327,233.2197723388672,204.95106201171876
10,328,233.9051452636719,205.07901306152345
10,329,234.64849853515625,205.30525207519534
10,330,235.07180786132815,205.46950683593752
10,331,235.67373352050782,205.59634704589848
10,332,236.26851806640627,205.9391632080078
10,333,236.61241455078127,206.4941589355469
10,334,236.91245727539064,207.1027770996094
10,335,237.34335632324218,207.83743896484376
10,336,237.1338165283203,208.28529357910156
10,337,236.64182128906248,208.31878356933595
10,338,236.37910766601564,207.79187622070313
10,339,235.75243530273437,207.68526306152344
10,340,235.30242309570315,207.33468017578127
10,341,235.16094970703125,207.24043579101564
10,342,234.90970458984378,206.98256835937502
10,343,234.90574645996094,206.6864898681641
10,344,235.03466491699223,205.8078369140625
10,345,234.74382324218755,205.0153961181641
10,346,234.56682739257815,204.14710388183596
10,347,234.50389404296877,203.5545837402344
10,348,233.8743621826172,203.25558166503907
10,349,233.3718444824219,203.04978942871097
10,350,233.2356719970703,202.91311340332032
10,351,233.17482604980472,202.96184692382815
10,352,233.1429382324219,202.95096435546876
10,353,233.29510498046875,203.0459197998047
10,354,233.39676208496098,203.33104553222657
10,355,233.3018005371094,203.37613525390628
10,356,233.1294464111328,203.3468444824219
10,357,233.22257080078128,203.5420349121094
10,358,233.35132446289066,203.83032531738283
10,359,233.73816833496096,203.8760223388672
10,360,234.0600830078125,204.24859313964845
10,361,234.4774353027344,204.56776733398436
10,362,234.47285766601564,205.08011779785159
10,363,234.47854614257812,205.4171630859375
10,364,234.2014373779297,205.80924072265628
10,365,234.11913146972654,206.13035888671877
10,366,234.0107727050781,206.47517089843754
10,367,234.17053527832033,206.83291625976568
10,368,234.28562011718753,206.9523651123047
10,369,234.64952087402344,206.9631042480469
10,370,234.57342834472658,206.57731018066409
10,371,234.42270202636718,206.4104431152344
10,372,234.23241271972657,206.11709899902345
10,373,234.1647857666016,206.0824401855469
10,374,233.82387084960936,206.4896911621094
10,375,233.6829071044922,206.62410888671877
10,376,233.45413818359378,206.2829040527344
10,377,233.17383422851566,205.57587890625004
10,378,232.4630584716797,204.49264221191407
10,379,231.80368041992188,202.88931884765628
10,380,231.10789184570314,201.48616333007814
10,381,230.57337341308593,200.0685302734375
10,382,229.77161254882813,198.66152954101562
10,383,229.35906372070312,197.5687713623047
10,384,229.15916137695314,196.61083374023437
10,385,229.08303222656252,196.0070281982422
10,386,228.9632110595703,195.54899902343755
10,387,229.07147521972655,195.52746582031256
10,388,229.12221069335936,195.63884582519535
10,389,229.18731689453125,195.86877136230473
10,390,229.4356262207031,196.589111328125
10,391,229.91419372558593,198.00139160156252
10,392,230.5769256591797,199.63055725097655
10,393,231.27351989746094,201.40008544921875
10,394,232.0331756591797,203.31007080078123
10,395,232.7412841796875,204.70457763671874
10,396,233.28507080078126,205.341552734375
10,397,233.58954772949218,205.3700164794922
10,398,233.6715301513672,205.01704711914064
10,399,233.44085388183595,204.37736816406252
10,400,233.02565307617186,203.7706237792969
10,401,232.45222167968748,203.32174072265627
10,402,231.8714324951172,202.97980041503908
10,403,231.31396484375,202.76219787597657
10,404,230.81547241210936,202.40987548828127
10,405,230.20467529296874,201.8243377685547
10,406,229.64100646972656,200.83956909179688
10,407,229.0492889404297,199.85965881347659
10,408,228.59216613769533,198.88186340332032
10,409,228.29873962402345,198.09109802246093
10,410,228.24718017578127,197.65528259277346
10,411,228.37154235839847,197.8640808105469
10,412,228.85428771972659,198.2486511230469
10,413,229.4101531982422,198.91048278808594
10,414,229.91466064453127,199.67021179199222
10,415,230.37650146484376,200.66067810058598
10,416,230.92282104492188,201.48242492675786
10,417,231.240380859375,202.28018798828128
10,418,231.73220825195312,202.8698638916016
10,419,232.26975097656253,203.45779724121095
10,420,232.73482055664067,203.7097900390625
10,421,232.90262756347659,203.9243591308594
10,422,232.93849182128906,204.00556640625
10,423,232.68975830078128,203.99161376953126
10,424,232.17984619140628,203.84058227539063
10,425,231.5599304199219,203.3605194091797
10,426,231.02939453125003,202.67812194824216
10,427,230.61278076171877,201.8641540527344
10,428,230.24331970214848,200.84121398925782
10,429,230.12889099121097,199.7648712158203
10,430,230.08705444335942,199.01756286621094
10,431,230.15569152832032,198.39019775390628
10,432,230.2874603271485,198.03194274902347
10,433,230.38249206542972,198.09870910644537
10,434,230.43501586914067,198.16990966796877
10,435,230.59396667480468,198.42967529296877
10,436,230.73715515136718,198.9452026367188
10,437,230.90564270019533,199.6596130371094
10,438,231.19708251953128,200.26199645996095
10,439,231.51326599121094,201.13617248535158
10,440,231.83479309082034,201.9661865234375
10,441,232.17063598632814,202.688037109375
10,442,232.50851440429688,203.26663513183595
10,443,232.6524200439453,203.7857666015625
10,444,232.66018371582032,203.93316650390625
10,445,232.45474548339843,203.8933837890625
10,446,232.18672790527341,203.7763641357422
10,447,231.7108917236328,203.48722229003909
10,448,231.35651550292968,203.05953674316407
10,449,231.06802978515623,202.7003143310547
10,450,230.92958068847656,202.18365478515625
10,451,230.74619140625003,201.5449462890625
10,452,230.66509094238285,200.8653991699219
10,453,230.55571594238282,200.18468933105467
10,454,230.49902954101566,199.48428649902343
10,455,230.5087860107422,199.0867950439453
10,456,230.57630920410156,198.80439147949218
10,457,230.68656921386722,198.73988342285156
10,458,230.85989990234378,198.98789672851564
10,459,231.0399078369141,199.57577514648438
10,460,231.148486328125,200.19964599609378
10,461,231.22007141113284,200.73823242187504
10,462,231.2919189453125,201.11478881835941
10,463,231.32596130371095,201.23326110839847
10,464,231.3810302734375,201.15906677246096
10,465,231.46041870117188,201.00261535644535
10,466,231.5072723388672,201.0070007324219
10,467,231.4890106201172,201.19019775390626
10,468,231.45671081542972,201.35322570800787
10,469,231.35558776855473,201.3681732177735
10,470,231.24592285156254,201.29724426269536
10,471,231.09995117187503,200.98367919921878
10,472,231.02493896484376,200.50351562500003
10,473,230.96331176757812,200.0656188964844
10,474,230.94683837890625,199.75215148925784
10,475,230.95325927734376,199.38773193359378
10,476,231.02669677734377,199.1925262451172
10,477,231.0693542480469,199.05169677734378
10,478,231.1075378417969,199.25917968750002
10,479,231.1089630126953,199.66911621093752
10,480,231.07853698730466,200.17757568359377
10,481,231.0749786376953,200.68870239257814
10,482,231.11360778808591,201.2568084716797
10,483,231.1504852294922,201.52088928222656
10,484,231.1954772949219,201.72626037597658
10,485,231.2585144042969,201.93345336914064
10,486,231.3033569335938,202.1329040527344
10,487,231.3191101074219,202.25593566894534
10,488,231.32709350585938,202.3273345947266
10,489,231.3560913085938,202.23337097167973
10,490,231.33774414062503,202.03065490722656
10,491,231.29562072753907,201.70935058593756
10,492,231.1963409423828,201.3610961914063
10,493,231.06142883300782,200.94351196289062
10,494,230.9259460449219,200.57966918945314
10,495,230.83363037109376,200.28836975097656
10,496,230.75064697265628,200.0419860839844
10,497,230.75103759765628,199.82442626953124
10,498,230.80517578125,199.77388610839844
10,499,230.83221740722655,199.71939697265626
10,500,230.82192382812502,199.76310119628909
10,501,230.87892150878906,199.92705078125
10,502,230.86483764648443,199.96011352539065
10,503,230.83832397460938,199.98745422363282
10,504,230.8657653808594,200.17117309570312
10,505,230.92070617675782,200.27788696289062
10,506,230.89239807128908,200.35286865234377
10,507,230.92627868652346,200.61177062988284
10,508,230.9478759765625,200.8022186279297
10,509,230.9107788085938,200.85484313964844
10,510,230.8758758544922,200.88531799316408
10,511,230.8771514892578,200.9072479248047
10,512,230.88595581054688,200.85111389160156
10,513,230.92560119628905,200.80514831542968
10,514,230.96604919433594,200.81309509277344
10,515,230.9738037109375,200.8547637939453
10,516,230.9249694824219,200.82106628417966
10,517,230.83723754882814,200.81223144531248
10,518,230.72169799804686,200.73268127441406
10,519,230.61937561035154,200.5421417236328
10,520,230.5822723388672,200.38125000000002
10,521,230.65633544921877,200.31446228027346
10,522,230.81464233398438,200.26923828125004
10,523,230.9880065917969,200.28904113769534
10,524,231.1463531494141,200.40106506347658
10,525,231.27259216308596,200.53530883789062
10,526,231.25292968750003,200.55667114257812
10,527,231.16494445800785,200.56498107910156
10,528,231.0844421386719,200.62574157714843
10,529,231.03196411132816,200.67792358398438
10,530,230.9595642089844,200.65467834472656
10,531,230.9587310791016,200.6803466796875
10,532,230.9160888671875,200.63527832031247
10,533,230.87691955566407,200.49183044433593
10,534,230.79571838378908,200.3017578125
10,535,230.67717590332035,200.10408935546874
10,536,230.6030242919922,199.9444152832031
10,537,230.57474060058593,199.87828063964844
10,538,230.58183288574222,199.8718048095703
10,539,230.6093902587891,199.84435119628904
10,540,230.7001159667969,199.84952392578123
10,541,230.79465942382816,199.84146423339845
10,542,230.90764770507818,199.7973541259766
10,543,230.95334472656253,199.7523834228516
10,544,231.0322204589844,199.78825073242191
10,545,231.11969299316408,199.84429931640628
10,546,231.13638000488282,199.9196502685547
10,547,231.13136901855472,200.02732849121097
10,548,231.1316864013672,200.1350036621094
10,549,231.1128112792969,200.21544189453127
10,550,231.04851074218752,200.24751892089844
10,551,231.06301574707032,200.25400695800784
10,552,231.02120666503907,200.2042938232422
10,553,230.9904815673828,200.14901733398438
10,554,230.9379425048828,200.0470886230469
10,555,230.9262176513672,199.97188720703127
10,556,230.81674804687498,199.87986755371097
10,557,230.75397338867188,199.77951965332034
10,558,230.70360107421874,199.64869079589846
10,559,230.66621704101564,199.54541320800783
10,560,230.6125030517578,199.42938232421875
10,561,230.63004150390626,199.33296813964844
10,562,230.69857788085938,199.43020935058595
10,563,230.77172241210937,199.5359344482422
10,564,230.81957092285154,199.62090148925782
10,565,230.85680541992184,199.71228942871096
10,566,230.90369262695313,199.87763977050784
10,567,230.87408752441408,199.8913543701172
10,568,230.82916564941405,199.9357604980469
10,569,230.81102600097657,200.02274169921878
10,570,230.80121154785158,200.1398895263672
10,571,230.76575622558596,200.15499877929688
10,572,230.75335083007815,200.19619750976562
10,573,230.73272705078128,200.2115051269531
10,574,230.76597900390627,200.2357177734375
10,575,230.82522583007812,200.23675537109375
10,576,230.8762145996094,200.27640686035156
10,577,230.8944091796875,200.26444091796873
10,578,230.9369018554688,200.30047302246092
10,579,230.917822265625,200.29460754394532
10,580,230.87448120117188,200.26587219238283
10,581,230.84461669921876,200.23038635253909
10,582,230.86042175292968,200.23628845214847
10,583,230.84305725097656,200.20019531250003
10,584,230.84164123535157,200.20198364257814
10,585,230.86101989746095,200.20137329101564
10,586,230.83620300292972,200.15883483886722
10,587,230.80296020507816,200.10161132812502
10,588,230.780712890625,200.05108337402345
10,589,230.75067749023438,199.9718017578125
11,0,237.15155183851346,182.6081519284959
11,1,237.20122885425639,182.72898706854153
11,2,237.22179820398364,182.85366437167312
11,3,237.22140197753907,183.01965942382813
11,4,237.2140899658203,183.0400390625
11,5,237.19070434570312,183.06952209472658
11,6,237.12271728515623,183.15503234863283
11,7,237.0936340332031,183.23046875
11,8,237.07220153808592,183.2484100341797
11,9,237.0494384765625,183.24294738769532
11,10,237.0736572265625,183.2358856201172
11,11,237.10392150878909,183.19654235839846
11,12,237.11102294921878,183.1545166015625
11,13,237.13695373535154,183.0831726074219
11,14,237.1557861328125,183.01047973632814
11,15,237.1260986328125,182.9397705078125
11,16,237.11745910644532,182.8433074951172
11,17,237.1193328857422,182.74784851074222
11,18,237.1008758544922,182.6876159667969
11,19,237.07369384765624,182.64290466308597
11,20,237.0476257324219,182.5910766601563
11,21,237.01695861816407,182.55209655761723
11,22,236.93443603515624,182.37297058105472
11,23,236.88594665527344,182.227001953125
11,24,236.82584533691406,182.0887420654297
11,25,236.77194519042968,181.9369079589844
11,26,236.72612304687502,181.79064331054687
11,27,236.74423828125003,181.76421203613282
11,28,236.7413055419922,181.7262451171875
11,29,236.75986938476564,181.69187316894534
11,30,236.77073364257814,181.6774719238281
11,31,236.80339355468752,181.6807067871094
11,32,236.82595825195312,181.72213439941405
11,33,236.85101318359372,181.75798339843752
11,34,236.9219421386719,181.85436401367187
11,35,237.02810974121093,181.94270935058594
11,36,237.1070251464844,182.01529846191406
11,37,237.16004333496096,182.08062438964845
11,38,237.19681701660159,182.17938232421872
11,39,237.1678375244141,182.21942443847655
11,40,237.08009033203126,182.28121643066407
11,41,237.00909118652345,182.3422058105469
11,42,236.97324523925784,182.4031463623047
11,43,236.94233093261718,182.43889160156252
11,44,236.91617431640626,182.43341064453125
11,45,236.94300231933596,182.38760681152343
11,46,236.9574676513672,182.43463134765625
11,47,237.00630493164064,182.48208312988282
11,48,237.05212707519533,182.512109375
11,49,237.08684387207032,182.58126220703124
11,50,237.1023864746094,182.66542968750002
11,51,237.10769042968752,182.65870666503906
11,52,237.07598571777345,182.6587829589844
11,53,237.06729736328126,182.65803833007817
11,54,237.07899475097656,182.67456359863286
11,55,237.084375,182.7171417236328
11,56,237.0919372558594,182.77245178222657
11,57,237.09124145507815,182.82068176269533
11,58,237.02876892089847,182.81227722167966
11,59,236.9832000732422,182.7478820800781
11,60,236.96021118164063,182.64688110351562
11,61,236.93933715820316,182.52680969238284
11,62,236.92798461914066,182.40683288574218
11,63,236.96688537597655,182.3351776123047
11,64,236.9872833251953,182.282421875
11,65,237.00068664550784,182.26788635253905
11,66,237.00736389160159,182.25483398437498
11,67,237.0016510009766,182.23712463378908
11,68,236.99734191894532,182.24578552246095
11,69,236.9871368408203,182.26705627441407
11,70,236.95856628417968,182.23796081542972
11,71,236.95372924804687,182.23815612792973
11,72,236.9664031982422,182.2363433837891
11,73,236.9755645751953,182.24039001464843
11,74,237.01480407714845,182.2432769775391
11,75,237.04477844238284,182.24809265136724
11,76,237.0620025634766,182.23374328613284
11,77,237.0833648681641,182.20927734375002
11,78,237.11866149902343,182.1581695556641
11,79,237.1377990722656,182.10397949218753
11,80,237.15960083007812,182.0845153808594
11,81,237.18268737792968,182.05653076171876
11,82,237.1820556640625,182.1391784667969
11,83,237.16885986328126,182.2357025146484
11,84,237.13860778808595,182.33630065917967
11,85,237.11119079589844,182.45030212402344
11,86,237.08405456542968,182.57261657714844
11,87,237.0578399658203,182.60020751953124
11,88,237.01755065917968,182.62195739746093
11,89,236.98355407714843,182.64303894042968
11,90,236.9510040283203,182.6654235839844
11,91,236.9080352783203,182.70137939453127
11,92,236.84482116699218,182.7413757324219
11,93,236.80025634765624,182.77781677246094
11,94,236.7136474609375,182.70674438476567
11,95,236.6517303466797,182.64859619140626
11,96,236.59779357910156,182.5917877197266
11,97,236.59173278808595,182.50781860351566
11,98,236.55356750488284,182.4311218261719
11,99,236.59448547363283,182.46341857910159
11,100,236.60782470703126,182.4668884277344
11,101,236.64089965820312,182.43644104003909
11,102,236.6532775878906,182.42027587890627
11,103,236.72186584472655,182.3980224609375
11,104,236.78065490722662,182.3801239013672
11,105,236.8593322753906,182.35747375488282
11,106,236.9923553466797,182.35349731445314
11,107,237.12666320800778,182.38090515136716
11,108,237.25230712890624,182.3793975830078
11,109,237.4373870849609,182.35685119628906
11,110,237.61813659667968,182.6108856201172
11,111,237.99267578125,183.00157775878907
11,112,238.44891357421875,183.1342712402344
11,113,238.89900817871094,183.63469848632815
11,114,239.31636352539064,184.27404785156253
11,115,239.83736572265627,184.77048339843753
11,116,240.1944519042969,185.405126953125
11,117,240.52597351074223,186.3328643798828
11,118,240.83321533203127,186.97728576660157
11,119,241.46517028808597,187.39359436035156
11,120,242.14972534179685,187.57463378906252
11,121,242.6306579589844,187.50262451171875
11,122,243.05962524414065,187.47019653320314
11,123,243.5399108886719,187.47400207519536
11,124,243.795849609375,187.72470703125
11,125,244.164501953125,187.96751708984374
11,126,244.36565856933595,188.3165283203125
11,127,244.19126892089844,188.85084533691406
11,128,243.83110046386722,189.50866699218753
11,129,243.19441528320317,189.85935668945316
11,130,242.64270629882813,190.37125244140628
11,131,242.2793884277344,191.08198852539064
11,132,242.50320434570318,191.4788055419922
11,133,243.47823791503907,191.55879516601564
11,134,244.73836364746097,191.90896911621095
11,135,245.76363830566405,192.33480834960938
11,136,246.90398864746092,192.4714782714844
11,137,247.5984069824219,193.12227478027341
11,138,247.41441650390627,194.05430908203127
11,139,247.06551513671874,195.0501983642578
11,140,246.46053466796874,195.76844787597656
11,141,246.2060791015625,196.5906219482422
11,142,246.5968292236328,196.349560546875
11,143,247.56205139160156,195.53442993164063
11,144,248.40371398925782,194.56105041503906
11,145,249.41333923339846,193.7977233886719
11,146,250.0343780517578,192.51488037109377
11,147,250.10763244628907,191.7521881103516
11,148,249.5608428955078,191.8020477294922
11,149,248.8315216064453,191.74680786132816
11,150,247.5101318359375,191.22724609375
11,151,245.9642547607422,190.90613708496096
11,152,244.5676422119141,190.44109497070318
11,153,243.44827575683593,189.46310119628907
11,154,242.98081970214847,188.56452636718754
11,155,242.9186706542969,187.84686584472658
11,156,242.9725769042969,187.20256958007815
11,157,242.8536865234375,186.8603729248047
11,158,242.67044372558593,186.8082733154297
11,159,242.0125457763672,186.70261230468753
11,160,241.32469482421877,186.75880432128906
11,161,240.76686096191406,187.08089904785157
11,162,240.5540710449219,187.10128173828127
11,163,240.5957702636719,186.7250518798828
11,164,240.91278686523435,186.79788208007812
11,165,241.3715393066406,187.027392578125
11,166,241.91587524414064,186.7320068359375
11,167,241.98674621582032,186.9426239013672
11,168,241.75934753417968,187.2770935058594
11,169,241.3946807861328,187.166455078125
11,170,241.07130432128906,186.95967712402344
11,171,240.6317138671875,187.1940643310547
11,172,240.52094421386718,187.1708953857422
11,173,240.6363037109375,187.23132629394533
11,174,240.7888916015625,187.28685302734377
11,175,240.8326385498047,187.2263977050781
11,176,240.81968688964844,187.07317199707032
11,177,240.6703369140625,186.79515075683594
11,178,240.57262878417967,186.6165557861328
11,179,240.53688659667966,186.42807006835938
11,180,240.8477844238281,186.200634765625
11,181,241.0542510986328,186.0279022216797
11,182,241.38399353027341,186.10384521484374
11,183,241.4738800048828,186.20157470703126
11,184,241.58395080566407,186.4885467529297
11,185,241.37655334472657,186.97031250000003
11,186,241.39108276367188,187.46616516113284
11,187,241.47609863281252,187.82847595214844
11,188,241.5214050292969,188.1083251953125
11,189,241.42437744140625,188.40629882812502
11,190,241.4492218017578,188.66864013671875
11,191,241.50799255371095,188.93311157226563
11,192,241.57904052734375,188.9562255859375
11,193,241.77124328613283,188.8855224609375
11,194,242.04501037597657,188.77576599121093
11,195,242.30153503417972,188.64498901367188
11,196,242.35068664550784,188.60116271972657
11,197,242.13275146484375,188.75975036621097
11,198,242.0236785888672,188.95557250976563
11,199,241.8625030517578,189.55523376464848
11,200,241.75950622558594,190.47592773437503
11,201,242.00176696777345,191.1506317138672
11,202,242.6372741699219,192.2541168212891
11,203,243.50403747558593,193.73229064941407
11,204,244.47588500976565,195.00549926757816
11,205,245.128173828125,196.3122955322266
11,206,245.24085693359373,197.62170410156253
11,207,245.36495666503905,198.6884246826172
11,208,245.14767761230468,199.05318908691407
11,209,244.74844360351562,199.1363983154297
11,210,244.92126159667967,198.6594665527344
11,211,245.3009033203125,197.97642822265627
11,212,245.22357177734375,196.70779418945315
11,213,244.5916259765625,195.88076782226562
11,214,244.11604919433597,194.38043212890625
11,215,243.3918182373047,193.08490295410158
11,216,242.62261962890628,192.14788818359378
11,217,241.9876373291016,191.55640258789066
11,218,242.03701477050785,190.89234008789066
11,219,241.94605407714846,190.89429321289066
11,220,241.78066711425782,191.24209594726562
11,221,242.1179901123047,191.57022399902345
11,222,242.80478820800784,192.01851806640624
11,223,243.40007019042972,192.5166748046875
11,224,243.7078552246094,193.27652893066409
11,225,244.17236328125003,193.75789184570314
11,226,244.35564575195315,194.5391082763672
11,227,244.04921569824222,195.42471618652343
11,228,243.7549255371094,196.06950683593752
11,229,243.89557495117188,196.28486328125
11,230,243.98779602050783,196.37691650390624
11,231,243.96465148925785,196.18271789550784
11,232,244.4047790527344,195.6483581542969
11,233,244.62920837402348,195.41048889160157
11,234,244.67463684082034,195.22989807128909
11,235,244.65398254394535,194.84824829101564
11,236,244.7351165771485,194.38421020507812
11,237,244.4883483886719,193.84250183105468
11,238,244.49197387695312,193.0708557128906
11,239,244.42175903320316,192.5278106689453
11,240,244.0403076171875,192.34879150390626
11,241,243.6309722900391,192.16338500976565
11,242,243.1960388183594,192.22449645996093
11,243,242.83087158203128,192.2875213623047
11,244,242.57407836914064,192.3013854980469
11,245,242.5218078613281,192.21871337890627
11,246,242.45836486816407,192.26501770019533
11,247,242.4926544189453,192.44790649414065
11,248,242.46627807617188,192.90655822753908
11,249,242.39924926757814,193.34591064453127
11,250,242.40174255371096,193.66565551757816
11,251,242.53356628417973,193.8916961669922
11,252,242.84273986816407,193.7321746826172
11,253,243.09481506347657,193.30963134765625
11,254,243.3427215576172,193.0887420654297
11,255,243.48480834960938,193.1263214111328
11,256,243.53683471679688,193.0903289794922
11,257,243.54982299804686,193.09088439941405
11,258,243.44224853515624,193.08974609375
11,259,243.36332397460941,192.58706665039065
11,260,243.12596435546877,191.81269226074218
11,261,242.70791931152343,191.22723083496092
11,262,242.10238037109374,190.81528625488284
11,263,241.65058593749998,190.3270538330078
11,264,241.32833862304688,189.9773376464844
11,265,241.38521423339847,189.7114410400391
11,266,241.71471557617187,189.44211120605473
11,267,242.03543701171876,189.27469482421876
11,268,242.19009704589843,189.4490203857422
11,269,242.10174865722655,189.848974609375
11,270,241.82068176269536,190.29383239746093
11,271,241.39148254394533,190.57816772460936
11,272,241.02757263183594,190.8614715576172
11,273,240.8824645996094,190.90054931640623
11,274,240.90649719238283,190.80188598632816
11,275,241.07395324707034,190.59739990234377
11,276,241.1877471923828,190.22960510253907
11,277,241.31297607421874,189.6928253173828
11,278,241.2162139892578,189.03483886718752
11,279,241.1314239501953,188.36458435058594
11,280,240.87530517578125,188.04776611328126
11,281,240.75379943847656,187.95157470703126
11,282,240.6743927001953,187.92957458496096
11,283,240.65675659179686,188.07351989746095
11,284,240.69763793945316,188.29913940429688
11,285,240.77716674804685,188.24447937011718
11,286,240.6523956298828,188.31039733886718
11,287,240.31630859375,188.95167541503903
11,288,240.06673278808594,189.5266662597656
11,289,239.78496093750002,190.02548828124998
11,290,239.5859130859375,190.47043457031248
11,291,239.6496337890625,190.8524871826172
11,292,239.8995849609375,190.90105895996095
11,293,240.24314575195314,191.02528076171876
11,294,240.5201171875,191.1651550292969
11,295,240.65828857421872,191.35498352050786
11,296,240.58048706054686,191.44606323242192
11,297,240.47154541015624,191.2413787841797
11,298,240.32029418945314,190.83513793945315
11,299,240.26305541992187,190.66868896484377
11,300,240.37086791992186,190.64069519042968
11,301,240.63202209472658,190.69437561035159
11,302,240.79090881347662,190.93706359863282
11,303,240.92613220214847,191.28321838378906
11,304,240.97823181152347,191.30149230957034
11,305,240.98006286621097,191.08360290527344
11,306,240.85863342285154,190.90157775878905
11,307,240.89464111328124,190.75286254882815
11,308,240.99791870117187,190.5952880859375
11,309,241.16248779296876,190.4627685546875
11,310,241.50724182128909,190.35442810058595
11,311,241.70184936523438,190.14846801757815
11,312,241.78619689941405,190.1001922607422
11,313,241.8885711669922,190.14984436035158
11,314,241.84339294433596,190.22223815917968
11,315,241.55754699707035,190.38570556640627
11,316,241.47781677246098,190.59037170410159
11,317,241.48742675781253,190.4915832519531
11,318,241.30209960937503,190.30157165527345
11,319,241.22607727050783,190.1212646484375
11,320,241.14644165039067,189.91392822265624
11,321,240.98991699218755,189.7294952392578
11,322,240.87630310058597,189.53973693847655
11,323,240.77095642089847,189.38508911132814
11,324,240.6432983398438,189.24526062011716
11,325,240.6767272949219,189.33545837402346
11,326,240.70605773925783,189.48714294433594
11,327,240.77499389648438,189.57048950195315
11,328,240.94197082519534,189.6551727294922
11,329,241.15561828613284,189.8104431152344
11,330,241.21716308593753,189.94454040527344
11,331,241.4410827636719,189.88289184570314
11,332,241.53579711914065,190.02792053222657
11,333,241.5444091796875,190.3920806884766
11,334,241.72544860839844,190.46563720703125
11,335,241.78609619140624,190.42214660644532
11,336,241.53682556152341,190.41829528808594
11,337,241.30209350585935,190.29171142578127
11,338,241.30990600585935,189.76282043457033
11,339,240.95115051269528,189.63623657226566
11,340,240.85201721191405,189.50612792968752
11,341,240.92479553222654,189.3949005126953
11,342,240.90818786621094,189.20077514648438
11,343,240.80892944335938,189.16254577636718
11,344,240.79250183105466,188.8975341796875
11,345,240.58940734863285,188.57313537597656
11,346,240.41912536621095,188.18845825195314
11,347,240.27509765625,187.82715759277346
11,348,239.97954711914062,187.8692535400391
11,349,239.73839416503904,188.05976257324218
11,350,239.65669860839841,188.38211364746093
11,351,239.54974365234378,188.83546447753906
11,352,239.51753845214847,189.3629669189453
11,353,239.51480407714848,189.61183166503906
11,354,239.56349487304692,189.80863037109376
11,355,239.50696105957036,189.89161682128906
11,356,239.53918151855473,189.90673217773437
11,357,239.689193725586,189.8641296386719
11,358,239.89333801269532,189.7917266845703
11,359,240.0061920166016,189.86367492675782
11,360,240.13620605468753,190.02962646484377
11,361,240.19301452636722,190.13237609863282
11,362,239.97768554687502,190.44518432617187
11,363,239.83723449707034,190.64153442382815
11,364,239.69534606933595,190.72536621093752
11,365,239.59756164550782,190.7472076416016
11,366,239.6292694091797,190.8166259765625
11,367,239.8356140136719,190.75048828125
11,368,239.89588623046876,190.84840087890626
11,369,240.03352966308594,190.94377746582032
11,370,240.24469604492188,190.93773498535157
11,371,240.22269287109376,191.0669372558594
11,372,240.19659423828125,191.06393127441407
11,373,240.2561798095703,191.01886291503905
11,374,240.38530578613282,190.6876220703125
11,375,240.39221801757813,190.19584350585936
11,376,240.3803497314453,189.53471069335936
11,377,240.20029907226564,188.82987365722659
11,378,239.6936737060547,187.7665222167969
11,379,238.98486633300783,186.58257446289065
11,380,238.25397033691408,185.290380859375
11,381,237.70322265625,183.86640014648438
11,382,237.0803924560547,182.36535949707033
11,383,236.64014892578126,181.11881103515626
11,384,236.53755187988284,179.93746948242188
11,385,236.3610260009766,179.13438720703124
11,386,236.2010040283203,178.4943420410156
11,387,236.2637451171875,178.27521667480468
11,388,236.52438049316407,178.30666809082032
11,389,236.61377563476563,178.78710327148434
11,390,237.08179016113283,179.40291442871094
11,391,237.58617858886717,180.16628417968752
11,392,238.21344604492188,181.18824462890626
11,393,238.79707946777344,182.13717651367188
11,394,239.45755920410156,183.29129943847656
11,395,239.75841369628907,184.48011474609376
11,396,239.90174560546876,185.56997985839843
11,397,239.8938781738281,186.00011291503907
11,398,239.7313720703125,186.40878601074218
11,399,239.40437927246097,186.30010986328125
11,400,239.08279113769532,185.86163635253908
11,401,238.8212860107422,185.19131469726565
11,402,238.47726135253907,184.58382568359377
11,403,238.15432128906252,183.79142150878909
11,404,237.74697875976562,183.14563903808596
11,405,237.39382934570312,182.60360107421877
11,406,236.86649475097656,182.0818603515625
11,407,236.2848419189453,181.62172851562502
11,408,235.8223449707031,181.34354553222659
11,409,235.65496826171875,181.02251892089845
11,410,235.64736938476562,180.820458984375
11,411,236.01777954101564,180.9052703857422
11,412,236.56773071289064,181.10269775390626
11,413,237.1942932128906,181.41526489257814
11,414,237.64107971191405,181.87563781738282
11,415,237.92386779785156,182.50472717285155
11,416,238.03724060058596,183.22847595214841
11,417,238.15463867187503,184.03769226074218
11,418,238.17699279785157,184.81673889160155
11,419,238.24561767578126,185.5960754394531
11,420,238.32535095214845,186.07430419921874
11,421,238.3793487548828,186.37325134277344
11,422,238.41021728515625,186.53421936035156
11,423,238.33682556152343,186.31292724609375
11,424,238.21625061035155,185.78609619140627
11,425,238.0426452636719,185.02319641113283
11,426,237.8154754638672,184.2234619140625
11,427,237.46409301757816,183.39237670898441
11,428,237.26816711425784,182.64659423828127
11,429,237.08688049316407,182.1106658935547
11,430,236.92582092285159,181.82811279296874
11,431,236.91961059570315,181.52079162597656
11,432,237.0462860107422,181.20781860351565
11,433,237.0190185546875,181.10005187988284
11,434,236.92905578613284,181.00843505859376
11,435,237.01982421875002,180.91246337890627
11,436,237.00772399902345,181.04594726562505
11,437,237.0333221435547,181.486328125
11,438,237.166943359375,182.0576843261719
11,439,237.40268554687503,182.88558959960938
11,440,237.5500030517578,183.99973449707034
11,441,237.73070068359374,185.08206787109376
11,442,237.859814453125,185.96999816894532
11,443,237.91502990722657,186.49929504394532
11,444,238.0082000732422,186.58228759765626
11,445,238.09953613281252,186.19866027832032
11,446,238.1048309326172,185.67571411132812
11,447,237.94173278808594,185.094775390625
11,448,237.87484741210938,184.57977600097655
11,449,237.68686218261718,184.18840332031252
11,450,237.43764343261716,183.90396423339845
11,451,237.2288757324219,183.527490234375
11,452,237.1156707763672,183.1025390625
11,453,236.92190856933595,182.67160644531248
11,454,236.88680725097657,182.17269897460935
11,455,236.8885498046875,181.83872375488284
11,456,236.87412414550784,181.61483459472657
11,457,236.96817932128909,181.48515930175785
11,458,237.09890136718752,181.6619079589844
11,459,237.1075408935547,182.07346496582034
11,460,237.1140075683594,182.41158447265627
11,461,237.1656951904297,182.7148345947266
11,462,237.2096374511719,182.9199157714844
11,463,237.2218780517578,182.98851928710937
11,464,237.23912048339844,183.0006072998047
11,465,237.23695068359376,183.05473937988282
11,466,237.23582763671877,183.1505554199219
11,467,237.16529541015626,183.4158905029297
11,468,237.15008544921875,183.51926269531248
11,469,237.16566162109376,183.43783569335938
11,470,237.18438415527345,183.26243591308594
11,471,237.1629028320313,182.9504608154297
11,472,237.18955383300784,182.5049530029297
11,473,237.20644226074222,182.16924438476565
11,474,237.21555480957034,181.9319549560547
11,475,237.24444580078125,181.74403076171876
11,476,237.30716247558593,181.66883850097656
11,477,237.3982147216797,181.6494873046875
11,478,237.51228637695314,181.75469055175782
11,479,237.58768005371095,182.00493164062502
11,480,237.63853149414064,182.31926879882815
11,481,237.68296203613284,182.6145446777344
11,482,237.67534790039065,182.91297302246096
11,483,237.63631591796877,183.1751678466797
11,484,237.6348327636719,183.5180480957031
11,485,237.71089477539064,183.77482910156252
11,486,237.75291442871094,184.06094360351562
11,487,237.78653869628909,184.29901733398438
11,488,237.83085021972659,184.37569580078127
11,489,237.87346191406252,184.1568054199219
11,490,237.85392150878909,184.00823364257812
11,491,237.8566467285156,183.78882446289063
11,492,237.84490966796875,183.52654724121095
11,493,237.8043273925781,183.28816833496097
11,494,237.79078979492186,183.10323486328127
11,495,237.7846954345703,182.86322326660155
11,496,237.75306091308593,182.6455810546875
11,497,237.75765686035157,182.4786560058594
11,498,237.7240234375,182.43984680175782
11,499,237.6217224121094,182.4707000732422
11,500,237.48509521484377,182.5722686767578
11,501,237.4286834716797,182.80426940917968
11,502,237.4052703857422,182.92132568359378
11,503,237.37215881347657,182.96852722167972
11,504,237.38047790527344,183.03678588867191
11,505,237.42464294433594,183.02415771484377
11,506,237.4292755126953,182.89998168945314
11,507,237.39637145996093,182.91248779296876
11,508,237.394189453125,182.91582641601562
11,509,237.3846923828125,182.8640655517578
11,510,237.35187072753905,182.83831481933595
11,511,237.32882385253905,182.84928283691406
11,512,237.31896057128904,182.8097351074219
11,513,237.3114288330078,182.7307098388672
11,514,237.27047424316405,182.74260864257815
11,515,237.25304565429684,182.71871643066407
11,516,237.1721252441406,182.69152832031253
11,517,237.05880126953127,182.7139831542969
11,518,236.96401062011716,182.76451110839844
11,519,236.8892547607422,182.71502990722655
11,520,236.83453674316408,182.7026397705078
11,521,236.85310974121097,182.69645996093752
11,522,236.93177185058596,182.6595031738281
11,523,236.99917602539065,182.6431671142578
11,524,237.05565490722657,182.67715454101562
11,525,237.04372253417972,182.76821289062502
11,526,237.05223083496097,182.82066040039064
11,527,237.0129058837891,182.87928466796876
11,528,236.97993774414067,182.92666015625002
11,529,236.99885559082034,182.94513854980468
11,530,237.06126403808597,182.92206726074218
11,531,237.0753143310547,182.92032470703126
11,532,237.062548828125,182.8984802246094
11,533,237.07604675292967,182.83078613281253
11,534,237.04992980957033,182.74434509277344
11,535,236.96896057128907,182.63796386718752
11,536,236.93078613281253,182.53950805664064
11,537,236.9544891357422,182.4565338134766
11,538,236.9821319580078,182.38674621582032
11,539,237.0203094482422,182.3347686767578
11,540,237.10266418457033,182.28358459472653
11,541,237.15329284667968,182.21407775878907
11,542,237.15464477539066,182.14693908691407
11,543,237.1109130859375,182.13662414550782
11,544,237.03321228027346,182.1602233886719
11,545,236.96437072753906,182.19036560058595
11,546,236.9068756103516,182.23152465820317
11,547,236.86123657226562,182.31831970214847
11,548,236.8222595214844,182.39063415527346
11,549,236.83835754394534,182.45683593750002
11,550,236.82817077636722,182.51567993164062
11,551,236.8613464355469,182.54021911621095
11,552,236.87633056640624,182.51607360839844
11,553,236.87810363769535,182.4496887207031
11,554,236.84385375976564,182.34520263671874
11,555,236.83005065917968,182.25234985351562
11,556,236.7138153076172,182.14432678222656
11,557,236.6286163330078,182.02079162597656
11,558,236.58225708007814,181.9285919189453
11,559,236.5648864746094,181.84038085937502
11,560,236.58252563476566,181.74016723632815
11,561,236.65388183593754,181.69602966308597
11,562,236.81538391113287,181.736474609375
11,563,236.96992797851567,181.79418029785154
11,564,237.12767028808597,181.8511199951172
11,565,237.25878906250003,181.92705688476562
11,566,237.39815673828127,182.01350097656248
11,567,237.42394104003907,182.05994873046873
11,568,237.45343627929688,182.07856140136718
11,569,237.47760009765625,182.11282958984376
11,570,237.47784423828125,182.16070861816408
11,571,237.44593505859376,182.21029052734377
11,572,237.43484802246093,182.24379577636722
11,573,237.39743041992188,182.29266967773438
11,574,237.37911682128907,182.32086486816405
11,575,237.38997497558594,182.33167724609376
11,576,237.38770141601566,182.31072082519532
11,577,237.37526855468752,182.26014404296876
11,578,237.36822204589845,182.2052215576172
11,579,237.33621826171878,182.1582214355469
11,580,237.29317626953124,182.11238403320314
11,581,237.2685485839844,182.08511657714845
11,582,237.26749572753909,182.07708435058595
11,583,237.25209960937502,182.08121643066406
11,584,237.2172393798828,182.12566223144532
11,585,237.18964233398438,182.15115356445312
11,586,237.1806640625,182.16599731445314
11,587,237.11182556152346,182.246044921875
11,588,237.05629577636722,182.32236328125
11,589,237.01791687011723,182.3618591308594
12,0,250.9046669838996,171.85866199286156
12,1,251.05419266211797,172.0607510616473
12,2,251.1870862602582,172.21503739605802
12,3,251.29217224121095,172.37838439941407
12,4,251.21131591796876,172.30672912597657
12,5,251.1417205810547,172.2451141357422
12,6,251.0677032470703,172.17953491210938
12,7,251.0276123046875,172.1394500732422
12,8,251.0195556640625,172.07911987304686
12,9,251.01708984375,172.01370544433595
12,10,251.05335693359376,171.95242309570315
12,11,251.09575805664065,171.89920959472659
12,12,251.1145965576172,171.87550048828126
12,13,251.12980041503906,171.8270965576172
12,14,251.1414520263672,171.7922302246094
12,15,251.09247131347658,171.7709686279297
12,16,251.0481689453125,171.75013122558593
12,17,251.00366516113283,171.72612609863282
12,18,250.93111267089844,171.73409729003907
12,19,250.85711059570315,171.74346923828125
12,20,250.80872802734376,171.75223693847656
12,21,250.76831359863283,171.74978942871093
12,22,250.73779296875003,171.68350524902345
12,23,250.7282592773438,171.63015136718752
12,24,250.70696716308598,171.56726074218753
12,25,250.67361145019535,171.49777221679688
12,26,250.64830017089847,171.43045654296876
12,27,250.59966735839845,171.40963745117188
12,28,250.5376434326172,171.38822326660159
12,29,250.4906768798828,171.3772125244141
12,30,250.45422973632813,171.3643463134766
12,31,250.4249969482422,171.35752258300784
12,32,250.41483764648441,171.3663757324219
12,33,250.42013549804693,171.37579650878905
12,34,250.39528198242192,171.38580627441405
12,35,250.402197265625,171.39490356445313
12,36,250.42291870117185,171.39629211425782
12,37,250.44482727050783,171.37725830078125
12,38,250.46125183105465,171.36165466308594
12,39,250.49441833496093,171.3364227294922
12,40,250.49481811523438,171.33399353027343
12,41,250.47185668945312,171.33887939453123
12,42,250.4611358642578,171.35073547363282
12,43,250.41924438476565,171.3382141113281
12,44,250.3838317871094,171.33168334960936
12,45,250.37838439941407,171.2941650390625
12,46,250.42960510253909,171.33592834472657
12,47,250.48415832519535,171.38755798339844
12,48,250.58469848632814,171.46214904785157
12,49,250.67827758789062,171.53513488769534
12,50,250.74415283203126,171.61634521484376
12,51,250.7203094482422,171.62362365722657
12,52,250.68406677246097,171.63395385742186
12,53,250.64598083496094,171.62026367187502
12,54,250.6195739746094,171.62285766601562
12,55,250.60867919921878,171.64410400390625
12,56,250.62767333984374,171.66629028320315
12,57,250.64550476074217,171.6890106201172
12,58,250.641748046875,171.72465209960936
12,59,250.6717956542969,171.74253540039064
12,60,250.706494140625,171.74163818359375
12,61,250.73616943359377,171.72611389160159
12,62,250.76071472167973,171.7205383300781
12,63,250.79193420410155,171.69772949218748
12,64,250.7752716064453,171.68309326171874
12,65,250.73746032714843,171.6874542236328
12,66,250.6948425292969,171.69683532714845
12,67,250.64844055175783,171.70150146484377
12,68,250.62135009765626,171.71861267089844
12,69,250.60610351562502,171.7248504638672
12,70,250.58674926757814,171.69611511230468
12,71,250.54402465820314,171.68678588867186
12,72,250.52614135742186,171.6654846191406
12,73,250.50556335449218,171.662548828125
12,74,250.48577880859375,171.66557922363282
12,75,250.46847534179688,171.67848205566406
12,76,250.48468017578125,171.68386840820312
12,77,250.49000244140626,171.69190063476563
12,78,250.49511718750003,171.69124450683597
12,79,250.5069274902344,171.68599548339844
12,80,250.52645263671877,171.69189453125
12,81,250.543212890625,171.68952941894528
12,82,250.58895874023438,171.72596130371096
12,83,250.6582244873047,171.72434387207034
12,84,250.7114044189453,171.71771545410155
12,85,250.76805114746094,171.71046447753906
12,86,250.82083740234376,171.69692687988282
12,87,250.82960815429686,171.6465606689453
12,88,250.78651123046876,171.63645324707034
12,89,250.75304565429687,171.6332733154297
12,90,250.7012878417969,171.63760375976565
12,91,250.65841979980468,171.6542938232422
12,92,250.616748046875,171.66356201171877
12,93,250.59762573242188,171.66485595703125
12,94,250.51096191406253,171.66820373535154
12,95,250.47074279785159,171.67756958007814
12,96,250.42388916015628,171.67789611816406
12,97,250.39178161621095,171.677099609375
12,98,250.33291015625002,171.67761535644533
12,99,250.33554077148438,171.6896240234375
12,100,250.28911437988285,171.70523986816409
12,101,250.24661254882812,171.71717224121093
12,102,250.19021911621093,171.73079833984374
12,103,250.17948303222659,171.7402282714844
12,104,250.1718841552734,171.750341796875
12,105,250.17502441406248,171.74197082519532
12,106,250.21988830566406,171.73671264648436
12,107,250.29298400878906,171.74118041992188
12,108,250.35059509277346,171.73347778320314
12,109,250.41568603515628,171.71148681640628
12,110,250.60562744140626,171.7058532714844
12,111,250.9267578125,171.78851623535158
12,112,251.37838439941407,171.7505310058594
12,113,252.10706787109376,171.80364685058595
12,114,252.9913757324219,171.94002380371094
12,115,254.05372619628906,172.1001678466797
12,116,254.8267028808594,172.44989013671878
12,117,255.4219207763672,173.11474609375003
12,118,255.88316345214844,173.64688415527345
12,119,256.46824951171874,174.1620330810547
12,120,256.6307739257812,174.57993774414064
12,121,256.2584564208984,174.87438354492187
12,122,255.9845397949219,175.11627197265625
12,123,255.8399780273438,175.35888061523437
12,124,255.68875122070315,175.576904296875
12,125,255.64208984375003,175.8513641357422
12,126,256.15219116210943,176.0619934082031
12,127,256.2052764892578,176.26109619140624
12,128,255.94315490722659,176.87229919433594
12,129,255.19163513183597,177.68435058593747
12,130,254.73755187988286,178.70687561035157
12,131,254.44491271972657,179.93280029296875
12,132,254.62925415039064,180.94486389160156
12,133,254.8844177246094,181.60260009765622
12,134,255.58345336914064,182.19805603027342
12,135,256.06556396484376,182.54279174804685
12,136,256.39304199218753,182.62385253906248
12,137,256.71592407226564,182.95505065917968
12,138,256.8520263671875,183.3860626220703
12,139,256.9880859375,183.8298797607422
12,140,256.7736572265625,184.46531982421874
12,141,256.7433959960938,185.2159240722656
12,142,257.1239990234375,185.04764404296878
12,143,257.8656005859375,184.32162475585938
12,144,258.29034423828125,183.41920471191406
12,145,259.0305114746094,182.37525024414063
12,146,259.74030151367185,180.93780212402342
12,147,259.7670043945312,180.24044494628907
12,148,259.57981567382814,180.34926757812502
12,149,259.23992919921875,180.31223144531248
12,150,258.69389038085933,180.28705139160158
12,151,257.89580078125,180.38873901367185
12,152,257.42500610351567,180.19901733398436
12,153,256.4947509765625,179.71194458007812
12,154,255.95333251953124,179.2944580078125
12,155,255.49665527343754,178.58730773925782
12,156,255.15179138183595,177.9136932373047
12,157,254.67575683593753,177.52186889648436
12,158,254.52507934570312,177.00784606933593
12,159,254.1668212890625,176.4687927246094
12,160,253.75790405273438,176.26998901367188
12,161,253.47607421875,176.21511535644532
12,162,253.33609313964848,176.17928771972657
12,163,253.41271057128907,176.10166320800784
12,164,253.71582946777343,176.22197265625002
12,165,254.1196472167969,176.35458984375
12,166,254.34751281738284,176.2705291748047
12,167,254.32695922851565,176.3427459716797
12,168,254.08621520996095,176.48761291503908
12,169,253.61197204589843,176.40510864257814
12,170,253.19274902343753,176.15843200683597
12,171,252.9199279785156,176.10056457519534
12,172,252.83440856933592,175.84405212402345
12,173,252.91701965332032,175.62570495605468
12,174,253.0920593261719,175.4107818603516
12,175,253.13585205078127,175.26929931640623
12,176,253.08696289062502,175.28903808593748
12,177,252.93202819824222,175.32918395996091
12,178,252.74769287109376,175.36458435058591
12,179,252.64750061035156,175.46074829101562
12,180,252.76349792480468,175.55670471191405
12,181,252.91460876464845,175.44127807617187
12,182,253.1309356689453,175.4340728759766
12,183,253.31795349121094,175.47859497070314
12,184,253.52022399902344,175.73379516601565
12,185,253.71360778808597,176.1337127685547
12,186,253.89709777832033,176.64431152343752
12,187,254.0285797119141,177.08584594726562
12,188,254.3410797119141,177.51907653808593
12,189,254.56557312011722,177.9358123779297
12,190,254.8870330810547,178.15236816406252
12,191,255.29527893066407,178.24719543457033
12,192,255.9090087890625,178.24025573730472
12,193,256.1426086425781,178.16255493164064
12,194,256.35549316406247,178.0444305419922
12,195,256.4738708496094,177.960400390625
12,196,256.52312011718755,178.03565063476563
12,197,256.3249389648438,178.29141540527343
12,198,256.46019287109374,178.5462707519531
12,199,256.647509765625,178.99647827148436
12,200,256.7071166992188,179.64100036621096
12,201,256.8469116210938,180.2137481689453
12,202,257.02366333007814,180.79893798828124
12,203,256.8616882324219,181.75868225097653
12,204,256.5937408447266,182.76434631347655
12,205,256.4788238525391,184.00607604980468
12,206,256.29985656738285,185.2079132080078
12,207,256.262533569336,186.22648010253906
12,208,256.31359558105476,186.87435913085938
12,209,256.5758117675781,186.8635681152344
12,210,256.6775268554688,186.34844970703125
12,211,256.7053588867188,185.65525207519534
12,212,256.55258789062503,184.7984802246094
12,213,256.0951171875,184.1530517578125
12,214,255.48632812500003,183.3987274169922
12,215,254.75340881347657,182.65162353515626
12,216,253.98541259765628,182.14593505859378
12,217,253.22956848144534,181.82817687988282
12,218,252.8705932617188,181.2566864013672
12,219,252.4882934570313,181.14624023437503
12,220,252.57005920410157,181.24843750000002
12,221,252.8567687988281,181.2831512451172
12,222,253.3508758544922,181.54644775390628
12,223,253.96762390136718,182.0563751220703
12,224,254.37843017578123,182.76549682617187
12,225,254.52594299316405,183.4208770751953
12,226,254.62817993164063,184.3392517089844
12,227,254.54163513183596,185.09410705566407
12,228,254.4298278808594,185.3605529785156
12,229,254.5433044433594,185.28111267089844
12,230,254.91696472167973,184.8305114746094
12,231,255.3735290527344,184.04513549804688
12,232,255.90249328613282,183.17464294433594
12,233,256.37049865722656,182.64957580566406
12,234,256.8382080078125,182.22634277343752
12,235,257.00115356445315,182.06246032714844
12,236,257.00946044921875,181.87707824707033
12,237,256.8147827148438,181.71889953613282
12,238,256.6436767578125,181.4231658935547
12,239,256.27518920898433,181.14625549316406
12,240,255.71325073242187,180.97572021484376
12,241,255.25390319824223,180.9091339111328
12,242,255.05674743652344,180.84273376464844
12,243,254.85663146972658,180.83373413085937
12,244,254.78631591796875,180.90504455566406
12,245,254.83148498535155,180.95395202636718
12,246,254.83445434570314,180.98777770996094
12,247,254.73199462890628,181.17093505859376
12,248,254.7322692871094,181.43706054687502
12,249,254.7217498779297,181.64192504882814
12,250,255.0391540527344,181.5019287109375
12,251,255.43314208984378,181.4869812011719
12,252,255.7979187011719,181.27520446777348
12,253,256.11882324218755,181.00403747558596
12,254,256.5758666992188,180.76389465332034
12,255,256.68016357421874,180.86259765625002
12,256,256.5684875488281,180.81388244628909
12,257,256.41562805175784,180.75996093749998
12,258,256.2694427490234,180.36008300781253
12,259,256.0518280029297,179.88575439453123
12,260,255.84406433105468,178.9613494873047
12,261,255.57149353027344,178.32601013183594
12,262,255.35044860839847,177.64267578124998
12,263,255.02930297851566,177.3876495361328
12,264,254.66929321289066,177.21968383789064
12,265,254.55615539550783,177.4623291015625
12,266,254.68381652832034,177.59144592285156
12,267,254.7193572998047,178.0505126953125
12,268,254.7611511230469,178.3076385498047
12,269,254.70936279296876,178.49419555664065
12,270,254.51944885253909,178.68611755371097
12,271,254.3287109375,178.78745117187503
12,272,254.2484161376953,178.78040771484376
12,273,254.4159393310547,178.88042297363282
12,274,254.71624450683595,178.93311462402343
12,275,254.98733825683593,178.8083984375
12,276,255.1346008300781,178.53661193847657
12,277,255.26713867187502,178.0687469482422
12,278,254.9306182861328,177.4416931152344
12,279,254.39878845214844,176.97658996582032
12,280,253.86648864746093,176.72938232421876
12,281,253.46117248535154,176.6188995361328
12,282,253.23665771484377,176.51767883300784
12,283,253.20489196777345,176.69398193359376
12,284,253.40078430175782,176.69436645507812
12,285,253.58824462890624,176.61087951660156
12,286,253.66891784667968,176.72438659667972
12,287,253.50158081054687,177.23111572265628
12,288,253.36893310546876,177.5919830322266
12,289,253.28245849609377,178.1248199462891
12,290,253.4333465576172,178.6844451904297
12,291,253.58906860351564,179.08847351074218
12,292,253.91160888671877,179.28402709960938
12,293,254.22473449707033,179.4684020996094
12,294,254.3968475341797,179.5589172363281
12,295,254.4185974121094,179.5331268310547
12,296,254.49779052734377,179.34851684570313
12,297,254.2314208984375,179.0195739746094
12,298,254.0128601074219,178.76213378906252
12,299,254.07600097656248,178.55609436035155
12,300,254.15839843749998,178.5747863769531
12,301,254.37120056152347,178.62828063964847
12,302,254.7450653076172,178.7490203857422
12,303,254.98602600097658,178.7981384277344
12,304,254.88125915527345,178.6945709228516
12,305,254.75804443359377,178.50110168457033
12,306,254.4776794433594,178.43210754394534
12,307,254.38894958496098,178.36585693359376
12,308,254.3597351074219,178.46234741210938
12,309,254.55877990722655,178.53108825683597
12,310,254.72371520996097,178.55261230468753
12,311,254.82355346679688,178.53348083496095
12,312,254.6962127685547,178.67709045410157
12,313,254.72723693847655,178.73751220703127
12,314,254.51792602539064,178.91988220214844
12,315,254.40627746582032,179.06097717285155
12,316,254.43829650878905,179.09649963378905
12,317,254.63490600585936,178.9153259277344
12,318,254.6663818359375,178.6370361328125
12,319,254.91427917480468,178.27202453613285
12,320,254.91234741210937,177.98858642578125
12,321,254.877783203125,177.81321716308594
12,322,254.71975402832032,177.78167419433595
12,323,254.62741699218753,177.8230438232422
12,324,254.38513793945316,177.94855346679688
12,325,254.30719299316405,178.19754028320312
12,326,254.028369140625,178.48343505859376
12,327,253.85322265624998,178.66956787109376
12,328,253.6970733642578,178.7916015625
12,329,253.79223937988283,178.84578552246091
12,330,253.96448364257813,178.90990295410157
12,331,254.4247985839844,178.92844848632814
12,332,254.83830566406255,179.09056091308594
12,333,255.20697937011724,179.38702392578125
12,334,255.46191406250006,179.58352050781252
12,335,255.51174316406252,179.6699462890625
12,336,255.31184692382817,179.62549743652343
12,337,255.16813964843752,179.36056823730468
12,338,255.03036804199223,178.93990173339847
12,339,254.80702819824222,178.68506469726566
12,340,254.78055419921878,178.53471984863282
12,341,254.77512817382814,178.38086853027343
12,342,254.58311157226564,178.06604309082033
12,343,254.50198364257812,177.84964294433595
12,344,254.45368347167968,177.4731109619141
12,345,254.17073974609374,177.06901245117191
12,346,253.94159240722658,176.64830627441407
12,347,253.91079406738282,176.29478454589844
12,348,253.74862365722657,176.16091003417972
12,349,253.5858612060547,176.2412078857422
12,350,253.68439025878905,176.15752563476565
12,351,253.80566101074217,176.18280639648438
12,352,253.79127197265626,176.3694610595703
12,353,253.77208251953127,176.30664978027346
12,354,253.7371337890625,176.1838562011719
12,355,253.61593017578127,176.13496093750004
12,356,253.45271911621091,176.03881835937503
12,357,253.52127380371093,175.90196533203124
12,358,253.7479187011719,175.88228759765627
12,359,253.9527130126953,175.97952270507812
12,360,254.1132354736328,176.15552062988283
12,361,254.35771484375002,176.2845611572266
12,362,254.40365295410157,176.5114501953125
12,363,254.24534606933594,176.81949768066406
12,364,254.17575073242188,177.02071228027344
12,365,254.06784057617188,177.15911865234375
12,366,253.94508972167972,177.4548828125
12,367,253.90308532714846,177.72937622070313
12,368,253.8876861572266,177.87564392089843
12,369,253.77238769531252,178.0777404785156
12,370,253.72175598144534,178.24122314453126
12,371,253.61556091308597,178.40610351562498
12,372,253.4786315917969,178.51226501464845
12,373,253.42652282714846,178.51362915039064
12,374,253.2487762451172,178.3358062744141
12,375,253.08095703125,177.9888397216797
12,376,252.84938049316406,177.43898925781252
12,377,252.40065612792966,176.90972595214848
12,378,251.8823028564453,176.0372985839844
12,379,251.55384826660156,175.0239227294922
12,380,251.1026153564453,173.9017822265625
12,381,250.80747375488278,172.6648742675781
12,382,250.5848449707031,171.38688049316409
12,383,250.35291137695313,170.375341796875
12,384,250.06779785156252,169.44553833007814
12,385,249.88526611328126,168.7932159423828
12,386,249.71718139648442,168.3618133544922
12,387,249.72831726074224,168.16378784179688
12,388,249.87432556152345,168.3575866699219
12,389,250.04298706054692,168.8764556884766
12,390,250.3489440917969,169.68327636718752
12,391,250.57835388183597,170.5682586669922
12,392,250.90699462890626,171.54452514648438
12,393,251.21520690917973,172.31180725097656
12,394,251.53011474609377,173.00724182128909
12,395,251.75072021484377,173.51439208984374
12,396,251.97329711914062,173.99264221191405
12,397,251.98501586914062,174.04840087890625
12,398,251.9355926513672,174.04351501464845
12,399,251.76345520019532,173.88078918457035
12,400,251.48387756347657,173.4914306640625
12,401,251.32811584472657,173.01985473632814
12,402,251.19681701660159,172.61732177734376
12,403,250.94071350097659,172.11162414550785
12,404,250.72556457519534,171.66186828613283
12,405,250.5054626464844,171.28936767578125
12,406,250.19110412597655,170.89456481933595
12,407,249.9321228027344,170.58720703125002
12,408,249.86801757812503,170.42485961914065
12,409,249.8926574707031,170.21275939941407
12,410,249.9752197265625,170.03099060058594
12,411,250.1038055419922,170.00401611328127
12,412,250.23532104492188,170.21360473632814
12,413,250.48960266113278,170.51172485351563
12,414,250.73330078124997,170.9585174560547
12,415,251.0338104248047,171.5265533447266
12,416,251.24749755859375,172.11761474609378
12,417,251.4593933105469,172.52927856445314
12,418,251.42940979003907,172.90473022460938
12,419,251.36165771484377,173.2100494384766
12,420,251.24012145996096,173.4279510498047
12,421,251.10645446777343,173.56724548339844
12,422,250.96846923828124,173.64348449707035
12,423,250.8870849609375,173.47398681640624
12,424,250.82028503417968,173.22799377441407
12,425,250.6755889892578,172.78330993652344
12,426,250.5987976074219,172.21932678222657
12,427,250.45606689453126,171.56382751464847
12,428,250.33635864257815,171.02759399414063
12,429,250.23636474609376,170.53986206054688
12,430,250.14791564941407,170.3862548828125
12,431,250.0772705078125,170.26192932128907
12,432,250.10225524902344,170.23877258300783
12,433,250.0886993408203,170.33255615234378
12,434,250.02692260742185,170.49792175292973
12,435,250.27010803222657,170.55499572753908
12,436,250.46307373046875,170.8746551513672
12,437,250.66901855468745,171.34434204101564
12,438,250.96666259765624,171.7724395751953
12,439,251.2936798095703,172.19078063964844
12,440,251.38216247558594,172.67340087890628
12,441,251.46489868164065,172.9704132080078
12,442,251.57005920410157,173.17437133789065
12,443,251.556640625,173.31426391601562
12,444,251.52145996093753,173.33104553222657
12,445,251.42006530761722,173.1982452392578
12,446,251.33084106445315,173.01135559082033
12,447,251.14236450195315,172.61954650878909
12,448,251.0297332763672,172.1913055419922
12,449,250.92907104492187,171.76451416015627
12,450,250.885546875,171.28818359375003
12,451,250.79412841796875,170.88101196289062
12,452,250.67246704101564,170.6396484375
12,453,250.5437683105469,170.44019165039066
12,454,250.43656005859378,170.3495666503906
12,455,250.38837280273438,170.35217895507813
12,456,250.36709899902343,170.43717041015623
12,457,250.45400390625,170.5512512207031
12,458,250.5031036376953,170.8351257324219
12,459,250.57741088867186,171.13789978027347
12,460,250.57163085937503,171.50272216796876
12,461,250.5692138671875,171.76368408203126
12,462,250.55087280273438,171.9779113769531
12,463,250.56251220703126,172.0699157714844
12,464,250.56740722656252,172.1314239501953
12,465,250.6015075683594,172.17539978027347
12,466,250.56892395019534,172.27793884277344
12,467,250.51309204101565,172.38392333984373
12,468,250.46897277832036,172.43484191894532
12,469,250.45025329589848,172.3582550048828
12,470,250.43136291503907,172.21458435058594
12,471,250.449609375,171.95083007812502
12,472,250.49016113281252,171.6838317871094
12,473,250.53041076660156,171.44134521484375
12,474,250.53102416992186,171.27662658691406
12,475,250.49846191406252,171.15355224609374
12,476,250.48951416015626,171.1037628173828
12,477,250.50714416503905,171.0682312011719
12,478,250.47323608398438,171.11316833496096
12,479,250.43328552246095,171.2010009765625
12,480,250.4118499755859,171.3248992919922
12,481,250.4028778076172,171.43691711425782
12,482,250.36480712890625,171.50893554687502
12,483,250.4002655029297,171.55388183593752
12,484,250.46912536621096,171.6778106689453
12,485,250.57375793457035,171.7483123779297
12,486,250.67745666503907,171.81183166503905
12,487,250.74927368164066,171.88538818359376
12,488,250.7983367919922,171.90973205566408
12,489,250.88455810546876,171.84145507812502
12,490,250.91153564453123,171.8526763916016
12,491,250.9213897705078,171.866064453125
12,492,250.9196350097656,171.8713623046875
12,493,250.85915832519535,171.87841796875
12,494,250.75682067871097,171.85083312988283
12,495,250.6544647216797,171.74686584472659
12,496,250.57674560546874,171.62499389648437
12,497,250.5064239501953,171.53430480957033
12,498,250.45369567871091,171.46871032714844
12,499,250.36869201660156,171.45787353515627
12,500,250.27143859863278,171.51506958007812
12,501,250.18241271972653,171.59848327636718
12,502,250.2717803955078,171.69580383300783
12,503,250.38927307128904,171.79656066894532
12,504,250.52815856933591,171.90409240722656
12,505,250.76690979003905,171.91419067382813
12,506,251.00180053710938,171.91275024414065
12,507,251.0386932373047,171.90670166015627
12,508,251.06679382324222,171.9045166015625
12,509,251.06880187988284,171.8865173339844
12,510,251.00662536621098,171.90674438476563
12,511,250.9789947509766,171.94883422851564
12,512,251.00852355957034,171.9673980712891
12,513,251.01652526855472,171.9548828125
12,514,250.91777038574222,171.97882690429685
12,515,250.8258056640625,171.9654724121094
12,516,250.69698181152344,171.91307678222657
12,517,250.55093383789062,171.83222961425784
12,518,250.44325256347656,171.7442596435547
12,519,250.4522674560547,171.5969696044922
12,520,250.4664306640625,171.4935119628906
12,521,250.48280029296876,171.41611938476564
12,522,250.45452270507815,171.41654052734376
12,523,250.4046142578125,171.43753967285159
12,524,250.36430664062502,171.48976440429686
12,525,250.29257202148438,171.56934814453126
12,526,250.28461608886718,171.67084045410158
12,527,250.3074951171875,171.74158630371096
12,528,250.30676269531253,171.80043029785156
12,529,250.3260437011719,171.84188537597657
12,530,250.3871887207031,171.86279602050783
12,531,250.39341430664064,171.86539306640626
12,532,250.40230407714841,171.85552062988282
12,533,250.46866760253906,171.85059204101563
12,534,250.52045288085938,171.84803161621093
12,535,250.51251525878908,171.8487762451172
12,536,250.54002380371097,171.83673400878908
12,537,250.58423156738283,171.8142059326172
12,538,250.67496337890628,171.7264343261719
12,539,250.75745544433596,171.62767944335937
12,540,250.88606872558597,171.5193542480469
12,541,250.9630859375,171.41409912109378
12,542,251.00784912109373,171.30908203125
12,543,250.96273193359377,171.28106689453125
12,544,250.89500122070316,171.28416748046874
12,545,250.81111755371094,171.30040893554687
12,546,250.6894989013672,171.34864807128906
12,547,250.5649871826172,171.40763549804686
12,548,250.42857360839844,171.4937683105469
12,549,250.34101867675784,171.55884704589846
12,550,250.2132507324219,171.72872314453124
12,551,250.17546386718752,171.83538208007815
12,552,250.21767578125002,171.94400329589843
12,553,250.25096130371094,172.0094970703125
12,554,250.27547302246097,172.06829528808595
12,555,250.35735473632815,172.0141418457031
12,556,250.4013366699219,171.96608276367186
12,557,250.41893310546877,171.89190979003905
12,558,250.47000122070312,171.84127502441407
12,559,250.50320434570315,171.79676818847656
12,560,250.55063781738284,171.74061279296876
12,561,250.59902343750002,171.72591247558597
12,562,250.635791015625,171.7124176025391
12,563,250.68554077148437,171.68308715820314
12,564,250.72645568847656,171.67566528320313
12,565,250.76117553710938,171.64461364746097
12,566,250.7758544921875,171.60434875488284
12,567,250.77616577148441,171.60449829101563
12,568,250.77573852539064,171.6129638671875
12,569,250.7918853759766,171.58873291015624
12,570,250.7824462890625,171.59925231933596
12,571,250.77346496582032,171.60921325683597
12,572,250.76710815429686,171.5988525390625
12,573,250.74016113281252,171.60319824218752
12,574,250.7186981201172,171.6581237792969
12,575,250.72505493164064,171.7097381591797
12,576,250.7438903808594,171.7336700439453
12,577,250.74776611328127,171.75246582031252
12,578,250.7401550292969,171.75087280273436
12,579,250.7260528564453,171.71400451660156
12,580,250.6890350341797,171.6833221435547
12,581,250.6369598388672,171.68013916015624
12,582,250.60874023437503,171.67348632812502
12,583,250.58754882812502,171.6817565917969
12,584,250.5613220214844,171.7095672607422
12,585,250.56304321289065,171.72109680175782
12,586,250.6018798828125,171.71939392089845
12,587,250.62159729003906,171.7568115234375
12,588,250.64901733398438,171.78591613769532
12,589,250.67526550292968,171.79220275878907
13,0,261.8037113628933,164.66522785281185
13,1,261.8966413154966,164.8131171932157
13,2,262.02642429544363,164.95036810588522
13,3,262.13828125,165.08935546875
13,4,261.98956298828125,165.06305541992188
13,5,261.93585815429685,165.01959838867188
13,6,261.89173583984376,164.9677917480469
13,7,261.80628662109376,164.88140869140625
13,8,261.74430541992183,164.7814880371094
13,9,261.7288818359375,164.6921630859375
13,10,261.71026611328125,164.6798004150391
13,11,261.7297546386719,164.68047180175785
13,12,261.735498046875,164.72679443359377
13,13,261.7401977539063,164.76210937500002
13,14,261.7304992675781,164.80584716796875
13,15,261.70489501953125,164.78960876464845
13,16,261.66419677734376,164.7690856933594
13,17,261.63599243164066,164.74512023925783
13,18,261.5675964355469,164.7570953369141
13,19,261.5070861816406,164.76361083984378
13,20,261.46826782226566,164.7720733642578
13,21,261.4143432617188,164.77410278320315
13,22,261.397216796875,164.7154479980469
13,23,261.41819458007814,164.63909912109378
13,24,261.42304687500007,164.56453552246097
13,25,261.41924438476565,164.48309020996095
13,26,261.4276489257812,164.40167236328125
13,27,261.3959045410156,164.3709289550781
13,28,261.35539550781255,164.35751953125
13,29,261.31353149414065,164.35820922851562
13,30,261.2826171875,164.3461120605469
13,31,261.2565002441407,164.32974548339845
13,32,261.2305908203125,164.32545776367186
13,33,261.2071166992188,164.31321716308597
13,34,261.1592895507813,164.29730529785158
13,35,261.1228088378906,164.31636657714847
13,36,261.1191040039063,164.32371215820316
13,37,261.1194030761719,164.31704711914062
13,38,261.1210815429688,164.31900024414062
13,39,261.16260375976566,164.2935760498047
13,40,261.207861328125,164.24934997558594
13,41,261.22374267578124,164.20912170410156
13,42,261.2485290527344,164.1826141357422
13,43,261.2582946777344,164.13515625
13,44,261.271435546875,164.10698547363282
13,45,261.2876342773437,164.0687255859375
13,46,261.3296997070313,164.12928771972656
13,47,261.3672546386719,164.19129333496093
13,48,261.41391601562503,164.26970520019532
13,49,261.4263977050781,164.3689178466797
13,50,261.4002319335938,164.49147949218752
13,51,261.31035766601565,164.5342468261719
13,52,261.2242797851563,164.5743408203125
13,53,261.1450439453125,164.5975311279297
13,54,261.07752075195316,164.6208679199219
13,55,261.0237121582031,164.64434509277345
13,56,260.99456176757815,164.66493835449222
13,57,260.9582946777344,164.69350280761722
13,58,260.9435791015625,164.74058532714844
13,59,260.98585205078126,164.79055480957032
13,60,261.04609375,164.82742919921876
13,61,261.10605468750003,164.8481201171875
13,62,261.16229248046875,164.8720397949219
13,63,261.19771118164067,164.86454162597659
13,64,261.18308715820314,164.8258758544922
13,65,261.1744750976562,164.788330078125
13,66,261.16797485351566,164.7553161621094
13,67,261.1814208984375,164.7187652587891
13,68,261.19976806640625,164.69615173339844
13,69,261.21470947265624,164.68426513671875
13,70,261.23167114257814,164.68169860839845
13,71,261.2341491699219,164.69177246093753
13,72,261.2281860351562,164.6851043701172
13,73,261.2423522949219,164.67754821777345
13,74,261.2591796875,164.66964721679688
13,75,261.2485717773437,164.64277954101564
13,76,261.2518798828125,164.60733947753909
13,77,261.24104003906245,164.58005676269534
13,78,261.20758056640625,164.5632263183594
13,79,261.1818115234375,164.546142578125
13,80,261.17055664062497,164.53662719726566
13,81,261.1672607421875,164.53182373046874
13,82,261.1994873046875,164.53329162597657
13,83,261.25632934570314,164.54718933105468
13,84,261.29705200195315,164.56131896972659
13,85,261.31621704101565,164.57715759277346
13,86,261.3241882324219,164.5926300048828
13,87,261.29889526367185,164.60068054199218
13,88,261.244287109375,164.58945312499998
13,89,261.210693359375,164.57949523925782
13,90,261.213818359375,164.55543212890626
13,91,261.2312805175781,164.51607360839844
13,92,261.2445068359375,164.47026062011722
13,93,261.25513916015626,164.4458221435547
13,94,261.2006713867188,164.4457733154297
13,95,261.1883850097656,164.4188415527344
13,96,261.18842773437507,164.38723754882815
13,97,261.19819946289067,164.34964904785159
13,98,261.22296142578125,164.29507751464843
13,99,261.3047180175781,164.21989746093752
13,100,261.327001953125,164.18399963378909
13,101,261.3417907714844,164.15783386230467
13,102,261.3590942382812,164.15013427734377
13,103,261.3851318359375,164.14016418457032
13,104,261.40130615234375,164.13889465332034
13,105,261.42210693359374,164.13772277832035
13,106,261.4212341308594,164.22648925781252
13,107,261.4236206054688,164.36172180175782
13,108,261.4036682128906,164.5027069091797
13,109,261.41826171875,164.6371520996094
13,110,261.4903442382813,164.76998901367188
13,111,261.723388671875,164.87891235351563
13,112,262.07007446289066,164.86749572753905
13,113,262.9015747070313,164.97410888671877
13,114,263.66669311523435,165.08147583007812
13,115,264.52770385742184,165.16825256347656
13,116,265.2239929199219,165.26231384277344
13,117,265.90794067382814,165.52498474121094
13,118,266.2912658691406,165.63150939941406
13,119,266.7636413574219,165.80136108398438
13,120,266.9669494628906,166.00643920898438
13,121,266.90016479492186,166.11056213378905
13,122,266.754345703125,166.15423583984375
13,123,266.8720886230469,166.26051025390626
13,124,267.13453369140626,166.22312316894534
13,125,267.38963012695314,166.1862762451172
13,126,267.9042602539063,166.20948181152343
13,127,268.126318359375,166.36196594238282
13,128,267.7635131835938,166.6262969970703
13,129,266.97901611328126,167.17749938964843
13,130,266.4832397460938,167.85945434570314
13,131,265.718994140625,168.75989379882813
13,132,265.31129150390626,169.6621520996094
13,133,265.32044677734376,170.33498535156252
13,134,265.62399902343753,171.11204223632814
13,135,265.8257690429688,171.7482177734375
13,136,266.29982299804686,172.24369812011722
13,137,266.726416015625,172.58287658691407
13,138,266.9577941894531,172.8988159179688
13,139,267.36065673828125,172.7083709716797
13,140,267.4698425292969,172.69713134765624
13,141,267.64347534179694,172.66606750488282
13,142,267.7,172.60089721679688
13,143,267.6444091796875,172.68674316406253
13,144,267.3622497558594,172.97713317871094
13,145,267.5445861816406,173.02756652832034
13,146,267.7540649414063,172.92752990722659
13,147,267.8086608886719,172.86680297851564
13,148,267.93193969726565,172.73148193359376
13,149,267.89536132812503,172.4795684814453
13,150,267.4967224121094,172.1556182861328
13,151,266.8737060546875,171.7586639404297
13,152,266.5889892578125,171.1090789794922
13,153,266.03057861328125,170.35728454589847
13,154,265.650146484375,169.68815002441409
13,155,265.2623962402344,169.11004333496095
13,156,265.10296630859375,168.5881378173828
13,157,264.83994750976564,168.26655578613284
13,158,264.69403076171875,167.97927551269532
13,159,264.6460754394531,167.57065124511718
13,160,264.65404052734374,167.29219970703127
13,161,264.66730346679685,167.07818908691408
13,162,264.72499389648436,166.79462890625
13,163,264.96556396484374,166.52206726074218
13,164,265.15256958007814,166.4673309326172
13,165,265.3896118164062,166.29959106445312
13,166,265.4702209472656,166.19078063964844
13,167,265.4303771972656,166.3182312011719
13,168,265.2409912109375,166.53401794433597
13,169,264.91009521484375,166.63073425292973
13,170,264.5564331054688,166.76217041015627
13,171,264.31162719726564,166.8486083984375
13,172,264.07493286132814,166.8445281982422
13,173,263.9003662109375,166.79324035644532
13,174,263.7496032714844,166.7108367919922
13,175,263.6223693847656,166.6317932128906
13,176,263.49085693359376,166.69764099121093
13,177,263.2725341796875,166.7614776611328
13,178,262.98980712890625,166.8025695800781
13,179,262.8818298339844,166.82025756835935
13,180,262.8795043945313,166.80843505859377
13,181,262.8621765136719,166.64760131835936
13,182,263.06962890625005,166.50152282714845
13,183,263.4035705566406,166.4668029785156
13,184,263.71094970703126,166.58918457031248
13,185,263.99537963867186,166.8781494140625
13,186,264.3518981933594,167.2021911621094
13,187,264.6947326660156,167.45402526855472
13,188,265.15645141601567,167.7083251953125
13,189,265.5610534667969,167.97142333984377
13,190,265.9788879394531,168.11289367675784
13,191,266.2312927246094,168.23950805664066
13,192,266.536376953125,168.32901000976565
13,193,266.4664184570313,168.35630493164066
13,194,266.29321899414066,168.38961486816407
13,195,266.048291015625,168.40700073242186
13,196,265.8029724121094,168.41520996093752
13,197,265.46534423828126,168.547216796875
13,198,265.50861816406245,168.751220703125
13,199,265.78546142578125,169.07900695800782
13,200,266.1080200195313,169.61254882812503
13,201,266.48914794921876,170.14393005371096
13,202,266.8739807128906,170.6496368408203
13,203,266.9975830078125,171.37605895996091
13,204,266.8785888671875,172.08081359863283
13,205,266.5096862792969,172.86091918945314
13,206,266.1828735351562,173.69427490234375
13,207,266.02208862304684,174.44219055175785
13,208,265.83618774414066,174.78759155273437
13,209,265.7999816894531,174.80052185058594
13,210,265.88775634765625,174.45020751953126
13,211,265.92600097656253,173.97428894042972
13,212,265.881640625,173.33310546875
13,213,265.7146240234375,172.6899658203125
13,214,265.60096435546876,172.17373046875
13,215,265.3231689453125,171.75669250488284
13,216,264.9763671875,171.37087097167966
13,217,264.59989624023433,171.1136016845703
13,218,264.5015686035156,170.97868957519532
13,219,264.33233642578125,170.9872009277344
13,220,264.54310913085936,171.03482971191406
13,221,264.76093139648435,171.2233825683594
13,222,265.0952026367188,171.5500183105469
13,223,265.32135009765625,172.02387390136718
13,224,265.37646484375,172.46975402832032
13,225,265.3672180175781,172.89995727539062
13,226,265.6207763671875,173.28713684082032
13,227,265.67373046875,173.66705322265625
13,228,265.89910888671875,173.83069458007813
13,229,266.19382324218753,173.85579528808594
13,230,266.4590759277344,173.77579345703126
13,231,266.5915161132813,173.60838623046874
13,232,266.8057800292969,173.3129791259766
13,233,266.9418151855469,173.13275451660158
13,234,267.09271240234375,172.95738525390627
13,235,267.20176391601564,172.75703125
13,236,267.26680297851567,172.51533203125
13,237,267.14332275390626,172.29402770996094
13,238,266.7403869628906,172.04478454589844
13,239,266.2598083496094,171.8568115234375
13,240,265.72589111328125,171.6825408935547
13,241,265.1071044921875,171.71480712890627
13,242,264.7406066894531,171.71579895019534
13,243,264.6671325683594,171.6236083984375
13,244,264.7266845703125,171.5132537841797
13,245,264.9028747558594,171.39211120605472
13,246,265.12269897460936,171.19912719726565
13,247,265.2381958007812,171.1695251464844
13,248,265.47353515625,171.2897430419922
13,249,265.6669128417969,171.35178527832034
13,250,265.83600463867185,171.46421813964844
13,251,266.22649536132815,171.4273193359375
13,252,266.5588806152344,171.2061004638672
13,253,266.7591552734375,170.85818176269532
13,254,267.0265258789062,170.5229461669922
13,255,267.16298828125,170.2799774169922
13,256,267.0654541015625,170.07701721191407
13,257,266.9192199707031,169.8437957763672
13,258,266.7671813964844,169.393212890625
13,259,266.37623291015626,169.000341796875
13,260,266.01044921875,168.44873657226563
13,261,265.7604858398438,168.00960998535157
13,262,265.6046508789062,167.75254821777344
13,263,265.31965942382817,167.7291473388672
13,264,265.2224853515625,167.671826171875
13,265,265.1624328613281,167.68197631835938
13,266,265.1958374023437,167.7915191650391
13,267,265.1776550292969,167.93865051269532
13,268,265.2691711425781,168.14720153808594
13,269,265.1927062988281,168.45294799804688
13,270,265.2491027832031,168.73567199707034
13,271,265.1269409179688,168.91294860839847
13,272,265.0878601074219,168.99476318359376
13,273,265.20175781250003,169.0106262207031
13,274,265.433349609375,168.9657745361328
13,275,265.49822387695315,168.84157409667966
13,276,265.5194030761719,168.63121948242187
13,277,265.4892211914063,168.3535583496094
13,278,265.1359497070313,167.9868072509766
13,279,264.63782958984376,167.6078796386719
13,280,264.2745361328125,167.38191528320314
13,281,264.04249877929686,167.1885437011719
13,282,263.7810913085937,167.04636840820314
13,283,263.7036499023437,167.0378448486328
13,284,263.9047790527344,166.99693603515627
13,285,263.9972412109375,166.93489990234377
13,286,264.02512207031253,166.99847717285158
13,287,264.00422973632817,167.29914550781254
13,288,263.9554321289063,167.74139709472658
13,289,263.8082275390625,168.3063720703125
13,290,263.8445739746094,168.78152465820315
13,291,263.77451782226564,169.2028259277344
13,292,263.8852783203125,169.54644165039065
13,293,264.1165100097656,169.77692260742188
13,294,264.2972106933594,169.9238739013672
13,295,264.39403076171874,170.07211914062503
13,296,264.56121826171875,170.06547851562502
13,297,264.41212768554686,169.77086791992187
13,298,264.33355712890625,169.47250976562503
13,299,264.41463012695317,169.22857666015625
13,300,264.46161499023435,169.11315002441404
13,301,264.6180786132812,169.0936706542969
13,302,264.9593933105469,169.1761413574219
13,303,264.9877563476563,169.13965148925783
13,304,264.8327392578125,169.0536041259766
13,305,264.67937011718755,168.9453308105469
13,306,264.5319458007813,168.95774536132814
13,307,264.54970092773436,169.02093200683595
13,308,264.59193725585936,169.23482971191407
13,309,264.8382263183594,169.28052978515626
13,310,265.02065429687497,169.23570251464847
13,311,265.1369812011719,169.07654113769533
13,312,265.0504638671875,169.0835632324219
13,313,265.02650146484376,169.16617431640628
13,314,264.9036071777344,169.4042663574219
13,315,264.88367309570316,169.6537322998047
13,316,264.87626953125,169.79096374511718
13,317,264.85642089843753,169.69504394531253
13,318,264.907080078125,169.34902954101565
13,319,265.02756958007814,168.95760803222657
13,320,264.98326416015624,168.62785034179686
13,321,265.01848754882815,168.44043579101563
13,322,265.0705932617187,168.39337463378905
13,323,264.9698059082031,168.48489685058595
13,324,264.65980224609376,168.6403076171875
13,325,264.40679321289065,168.84816589355472
13,326,264.0120910644531,169.0254119873047
13,327,263.64011230468753,169.11144104003907
13,328,263.43906860351564,169.0702362060547
13,329,263.5281555175781,169.04427490234377
13,330,263.70936889648436,169.11946716308594
13,331,264.00506591796875,169.163330078125
13,332,264.3074951171875,169.31719970703125
13,333,264.6788757324219,169.52787170410156
13,334,264.7936096191406,169.69327392578126
13,335,264.8447570800781,169.7127960205078
13,336,264.76145629882814,169.7560577392578
13,337,264.83729858398436,169.5579833984375
13,338,264.8498840332031,169.40288696289065
13,339,264.8410095214844,169.1643310546875
13,340,264.8546325683594,168.87787170410158
13,341,264.8332214355469,168.5548034667969
13,342,264.6599975585938,168.21692199707033
13,343,264.5352722167969,167.92221069335938
13,344,264.4227783203125,167.7403991699219
13,345,264.2316528320313,167.6435455322266
13,346,264.11488647460936,167.47566833496091
13,347,264.0715759277344,167.3068817138672
13,348,263.97805175781247,167.14839477539064
13,349,263.9502807617188,167.05777893066409
13,350,264.00363769531253,166.92279663085938
13,351,264.1425659179688,166.79275817871095
13,352,264.18935546875,166.84025268554686
13,353,264.1634033203125,166.8881805419922
13,354,264.1499084472656,166.85714416503907
13,355,264.1024047851563,166.8195739746094
13,356,263.99354858398436,166.8236236572266
13,357,263.9802917480469,166.76565246582032
13,358,264.14283447265626,166.764111328125
13,359,264.3110473632813,166.8374053955078
13,360,264.42583618164065,166.92930908203124
13,361,264.4642272949219,167.0431365966797
13,362,264.4244750976562,167.25383605957035
13,363,264.1524597167969,167.59644775390626
13,364,263.88023071289064,167.95809631347657
13,365,263.6352172851563,168.26287536621095
13,366,263.51805419921874,168.5450347900391
13,367,263.48020629882814,168.7766815185547
13,368,263.55266113281255,168.8187957763672
13,369,263.64208374023434,168.80413513183595
13,370,263.73597412109376,168.84981384277347
13,371,263.6266235351562,169.03681640625
13,372,263.4248962402344,169.2053161621094
13,373,263.19329833984375,169.28108825683594
13,374,262.83711547851567,169.11560668945313
13,375,262.528466796875,168.80205078125
13,376,262.3359497070313,168.267333984375
13,377,262.1884826660156,167.7125061035156
13,378,262.0751892089844,166.9012939453125
13,379,262.1305908203125,166.1331970214844
13,380,262.07154541015626,165.16405334472657
13,381,262.0921569824219,164.1529541015625
13,382,262.05354614257817,163.2004577636719
13,383,261.954052734375,162.46269531250002
13,384,261.7887817382813,161.78104248046876
13,385,261.84265747070316,161.40133666992188
13,386,261.83392333984375,161.2900390625
13,387,261.8260070800781,161.3289825439453
13,388,261.9108154296875,161.6734619140625
13,389,262.0038696289062,162.28522033691408
13,390,262.08870239257817,163.0269958496094
13,391,262.2114990234375,163.7426208496094
13,392,262.5412658691406,164.39422302246095
13,393,262.8937133789063,164.85383605957034
13,394,263.0880554199219,165.32332763671877
13,395,263.16865234375,165.75436096191407
13,396,263.1802062988281,166.0703582763672
13,397,263.03208618164064,166.1456237792969
13,398,262.8640869140625,166.20111999511718
13,399,262.84362182617184,165.9855499267578
13,400,262.75433959960935,165.6135955810547
13,401,262.849462890625,165.1951629638672
13,402,262.80161132812503,164.94080505371096
13,403,262.4835693359375,164.52671508789064
13,404,262.09155883789066,164.18512878417968
13,405,261.7272888183594,164.07769470214845
13,406,261.2907348632812,163.98660278320312
13,407,261.0197265625,163.86152648925784
13,408,261.0075988769531,163.87127685546875
13,409,261.0779113769532,163.86204528808597
13,410,261.2004821777344,163.65333862304686
13,411,261.3212646484375,163.5474426269531
13,412,261.3662963867188,163.5970001220703
13,413,261.63218994140624,163.6879821777344
13,414,261.9848510742188,163.83718566894532
13,415,262.39414672851564,164.00468444824222
13,416,262.7144836425781,164.2226745605469
13,417,263.0995849609375,164.3554656982422
13,418,263.23216552734374,164.5425994873047
13,419,263.23248291015625,164.7151031494141
13,420,263.1988891601562,164.91917419433597
13,421,263.1153503417969,165.0634979248047
13,422,262.86015625000005,165.22707214355472
13,423,262.6061279296875,165.17781677246097
13,424,262.40986938476567,165.0856872558594
13,425,262.0917419433594,164.93258361816405
13,426,261.8300415039063,164.67210693359377
13,427,261.68536987304685,164.29381408691407
13,428,261.5318298339844,164.02411193847658
13,429,261.3676208496094,163.70574645996095
13,430,261.23565063476565,163.5342987060547
13,431,261.14979248046876,163.4425018310547
13,432,261.1922668457031,163.41615295410156
13,433,261.2643920898438,163.46567077636723
13,434,261.3938842773438,163.59098205566409
13,435,261.6403259277344,163.6357391357422
13,436,261.8767883300781,163.80148010253907
13,437,262.0171569824219,164.04045715332035
13,438,262.0937377929688,164.2868804931641
13,439,262.09833984375,164.55289611816409
13,440,262.0711547851563,164.83355102539065
13,441,262.0008483886719,165.0086181640625
13,442,261.99149780273444,165.17076721191407
13,443,261.9578857421875,165.22327880859376
13,444,261.90797119140626,165.21555786132816
13,445,261.7917907714844,165.12883605957035
13,446,261.7076904296875,164.95389404296876
13,447,261.49516601562505,164.61476135253906
13,448,261.33848266601564,164.2160461425781
13,449,261.173486328125,163.8127197265625
13,450,261.11005859375,163.398681640625
13,451,261.0755615234375,163.0727325439453
13,452,261.1112060546875,162.86043395996094
13,453,261.21278076171876,162.76054687500002
13,454,261.2889099121094,162.8283203125
13,455,261.3329833984375,162.97368774414065
13,456,261.35927734375,163.19420471191407
13,457,261.4858947753906,163.4425750732422
13,458,261.56708984375,163.77488403320314
13,459,261.73639526367185,163.98331604003909
13,460,261.82307739257817,164.26465148925783
13,461,261.8740051269531,164.4644989013672
13,462,261.85321044921875,164.59182739257812
13,463,261.82618408203126,164.62981872558595
13,464,261.7690490722656,164.698828125
13,465,261.7720886230469,164.68973083496093
13,466,261.7487487792969,164.70903930664065
13,467,261.6743469238281,164.709765625
13,468,261.56500854492185,164.6915466308594
13,469,261.4493835449219,164.63495178222658
13,470,261.2929992675781,164.5231475830078
13,471,261.1357299804688,164.3395202636719
13,472,261.05222167968753,164.19541931152344
13,473,261.00159301757816,164.04992980957033
13,474,260.98603515625,163.89588928222656
13,475,260.99159545898436,163.79481811523436
13,476,261.03068237304694,163.75484008789064
13,477,261.0454040527344,163.74690856933594
13,478,261.02080688476565,163.8902801513672
13,479,260.9831176757813,164.06058959960936
13,480,260.97736206054685,164.30597534179688
13,481,261.0034423828125,164.51787414550785
13,482,261.0502685546875,164.66487731933594
13,483,261.1614685058594,164.68699645996094
13,484,261.2825927734375,164.74943237304691
13,485,261.38489990234376,164.7459686279297
13,486,261.4483276367188,164.73331604003909
13,487,261.47629394531253,164.72431030273438
13,488,261.4642822265625,164.73039245605472
13,489,261.4687194824219,164.70211181640627
13,490,261.5226989746094,164.7031982421875
13,491,261.556396484375,164.73348388671874
13,492,261.5443420410156,164.7694763183594
13,493,261.50328369140624,164.77212829589845
13,494,261.43804321289065,164.72292480468752
13,495,261.3298706054687,164.60848999023438
13,496,261.2855895996094,164.47861328125003
13,497,261.2334533691406,164.38197937011722
13,498,261.1787353515625,164.30898437500002
13,499,261.1235656738281,164.28701782226565
13,500,261.03480224609376,164.3434783935547
13,501,260.9802734375,164.4122253417969
13,502,261.1168579101562,164.48051757812505
13,503,261.317431640625,164.55969848632813
13,504,261.5185485839844,164.65860290527345
13,505,261.8229248046875,164.66233825683594
13,506,262.0435729980469,164.6508728027344
13,507,262.1006591796875,164.60970764160157
13,508,262.14329223632814,164.56980285644534
13,509,262.15167236328125,164.52440795898437
13,510,262.0666687011719,164.52390136718753
13,511,262.0277282714844,164.54105529785159
13,512,261.98399658203124,164.56601867675784
13,513,261.8680786132813,164.59294433593752
13,514,261.63165283203125,164.61567077636718
13,515,261.4739868164063,164.59949035644533
13,516,261.27915649414064,164.5617858886719
13,517,261.1399780273438,164.48521118164064
13,518,261.057080078125,164.37973022460938
13,519,261.07835693359374,164.25103149414062
13,520,261.0746276855469,164.1787384033203
13,521,261.1123046875,164.12738342285158
13,522,261.08790893554686,164.13807983398436
13,523,261.05737915039066,164.17682800292968
13,524,261.08701782226564,164.2539276123047
13,525,261.0602966308594,164.34198303222658
13,526,261.18377075195315,164.4669189453125
13,527,261.3426452636719,164.59783630371098
13,528,261.4738464355469,164.7105926513672
13,529,261.5808898925781,164.80361633300782
13,530,261.7086059570313,164.86994018554688
13,531,261.6352905273437,164.9092224121094
13,532,261.54884033203126,164.92449951171875
13,533,261.5142333984375,164.9245544433594
13,534,261.48757324218747,164.9105194091797
13,535,261.3862609863281,164.90693359375
13,536,261.3290161132812,164.86029357910158
13,537,261.26954345703126,164.81517639160157
13,538,261.2704650878906,164.73148193359378
13,539,261.2894226074219,164.6407379150391
13,540,261.3638916015625,164.53152465820312
13,541,261.43800659179686,164.45218505859376
13,542,261.5311645507813,164.36439819335936
13,543,261.5484985351563,164.33701782226564
13,544,261.5395202636719,164.3567352294922
13,545,261.5301818847656,164.41567993164062
13,546,261.509521484375,164.4940155029297
13,547,261.47211303710935,164.57967529296874
13,548,261.4379028320313,164.68267822265625
13,549,261.4355651855469,164.75774230957032
13,550,261.34857177734375,164.85977783203126
13,551,261.2713623046875,164.91503601074217
13,552,261.2448425292969,164.94098205566408
13,553,261.1813781738281,164.95197448730468
13,554,261.09234619140625,164.9427520751953
13,555,261.09949951171876,164.8813293457031
13,556,261.1048461914063,164.80998840332035
13,557,261.1049011230469,164.73455200195315
13,558,261.1316345214844,164.6596649169922
13,559,261.15022583007817,164.60842590332032
13,560,261.1891296386719,164.54288635253906
13,561,261.2449462890625,164.50638122558595
13,562,261.197705078125,164.53424072265628
13,563,261.1739501953125,164.5421813964844
13,564,261.1480224609375,164.55197448730468
13,565,261.1099792480469,164.57184448242188
13,566,261.08330078125,164.55255432128905
13,567,261.14760742187497,164.51077880859376
13,568,261.19884033203124,164.48096618652343
13,569,261.27723388671876,164.4343719482422
13,570,261.341064453125,164.38640441894532
13,571,261.3871826171875,164.37635498046876
13,572,261.4144287109375,164.3575408935547
13,573,261.4470275878906,164.34056396484377
13,574,261.51361694335935,164.39138488769532
13,575,261.57977294921875,164.4338134765625
13,576,261.6013549804687,164.4483367919922
13,577,261.6322021484375,164.44920654296877
13,578,261.6277648925781,164.4651336669922
13,579,261.5739685058594,164.41395568847656
13,580,261.53375244140625,164.367431640625
13,581,261.49420776367185,164.36222229003906
13,582,261.44953002929685,164.36823425292968
13,583,261.4228515625,164.3692840576172
13,584,261.3849243164063,164.40296020507813
13,585,261.38499145507814,164.42398376464845
13,586,261.44556884765626,164.42037048339844
13,587,261.4785034179688,164.4746063232422
13,588,261.5140319824219,164.52398376464845
13,589,261.563134765625,164.54710693359377
14,0,284.8062760777551,163.30559511854142
14,1,284.65776071199303,163.4327024504469
14,2,284.5719650727933,163.60226583703985
14,3,284.48359375,163.80887756347656
14,4,284.6042907714844,163.95346069335938
14,5,284.73361816406253,164.08297119140624
14,6,284.85982055664067,164.2040252685547
14,7,284.8843017578125,164.28858032226563
14,8,284.90980834960936,164.3108123779297
14,9,284.90543823242194,164.28641052246095
14,10,284.89398193359375,164.29415283203127
14,11,284.8619812011719,164.26944274902345
14,12,284.8426391601563,164.22793579101562
14,13,284.8336364746094,164.19520263671876
14,14,284.83220214843755,164.17351989746095
14,15,284.8224731445313,164.11692504882816
14,16,284.8273010253906,164.0928863525391
14,17,284.8483581542969,164.07332763671874
14,18,284.83338012695316,164.05980529785157
14,19,284.80744018554685,164.04247131347657
14,20,284.775830078125,164.02669982910157
14,21,284.7229736328125,164.01088867187502
14,22,284.7213195800781,163.91665039062502
14,23,284.7715148925781,163.8199676513672
14,24,284.8323486328125,163.75433044433595
14,25,284.9005554199219,163.68638610839844
14,26,284.9729125976563,163.62012939453126
14,27,284.98936157226564,163.63182373046877
14,28,284.98341064453126,163.6640380859375
14,29,284.9500671386719,163.69483032226566
14,30,284.91021728515625,163.71110534667972
14,31,284.86994628906257,163.72344055175785
14,32,284.8382263183594,163.7432312011719
14,33,284.81732177734375,163.75870361328126
14,34,284.8011413574219,163.80660705566407
14,35,284.8094848632812,163.8779754638672
14,36,284.8559814453125,163.9317626953125
14,37,284.89921875,163.9842071533203
14,38,284.93955078125,164.03721618652344
14,39,284.9953918457031,164.03241271972658
14,40,285.0274291992188,164.02401428222657
14,41,285.0318298339844,164.02601318359376
14,42,285.04356079101564,164.03186645507813
14,43,285.03342285156253,164.03412475585938
14,44,285.0296325683594,164.04955139160157
14,45,285.02809448242186,164.0534240722656
14,46,284.9140625,164.08017578125
14,47,284.84263305664064,164.125146484375
14,48,284.79924926757815,164.16055908203126
14,49,284.7486572265625,164.1918182373047
14,50,284.6770874023438,164.21006469726564
14,51,284.71736450195317,164.20935363769533
14,52,284.7282653808594,164.17912902832032
14,53,284.72780761718747,164.1560699462891
14,54,284.72369384765625,164.13051757812502
14,55,284.73740234375,164.1116882324219
14,56,284.7570373535156,164.0973358154297
14,57,284.7784057617188,164.08590698242188
14,58,284.7569091796875,164.03179931640625
14,59,284.7930114746094,163.97514038085936
14,60,284.8595947265625,163.95101928710938
14,61,284.9180419921875,163.92647399902344
14,62,284.9653747558594,163.91494445800782
14,63,285.0636779785156,163.94895019531253
14,64,285.08241577148436,163.98164672851564
14,65,285.0866271972656,163.99446105957034
14,66,285.0890380859375,164.00616455078125
14,67,285.1095397949219,164.0191619873047
14,68,285.11358032226565,164.0279968261719
14,69,285.13169555664064,164.04107360839845
14,70,285.0782958984375,164.04340209960938
14,71,285.0657592773438,164.0320587158203
14,72,285.01719970703124,163.99410400390624
14,73,284.9582153320313,163.9533630371094
14,74,284.90277099609375,163.92207946777347
14,75,284.9092712402344,163.89881591796876
14,76,284.892822265625,163.88511047363284
14,77,284.8851257324219,163.8808380126953
14,78,284.90130615234375,163.88134765625
14,79,284.9225341796875,163.87448120117188
14,80,284.92778930664065,163.86431884765625
14,81,284.91492919921876,163.8554443359375
14,82,284.94423828124997,163.83237609863284
14,83,284.97105102539064,163.81771545410157
14,84,284.9907531738281,163.79370117187503
14,85,285.00830078125,163.76246948242186
14,86,285.01356201171876,163.72520751953127
14,87,284.9836608886719,163.70779113769532
14,88,284.9305114746094,163.6785125732422
14,89,284.87489013671876,163.66373596191406
14,90,284.8367858886719,163.6810729980469
14,91,284.8034362792969,163.7022644042969
14,92,284.7649230957031,163.72300720214844
14,93,284.72740478515624,163.75452270507813
14,94,284.64044189453125,163.80758361816407
14,95,284.59312744140624,163.8375427246094
14,96,284.57478637695317,163.85964355468752
14,97,284.58720703125,163.8862030029297
14,98,284.6341613769531,163.90847778320315
14,99,284.74971313476567,163.89773559570315
14,100,284.83799438476564,163.88618774414064
14,101,284.92681884765625,163.88446044921875
14,102,284.9954467773438,163.88572387695314
14,103,285.0552856445313,163.882421875
14,104,285.11348266601567,163.89092102050782
14,105,285.16094970703125,163.89707946777344
14,106,285.08197631835935,163.8673583984375
14,107,285.00929565429686,163.8660675048828
14,108,284.92771606445314,163.87086181640623
14,109,284.84319458007815,163.883984375
14,110,284.793310546875,163.88876037597657
14,111,284.93663330078124,163.946923828125
14,112,285.13596801757814,164.05101013183594
14,113,285.5263244628906,164.3050537109375
14,114,285.98216552734374,164.5255584716797
14,115,286.36848754882817,164.656982421875
14,116,286.69874267578126,164.76172790527343
14,117,286.9521118164063,164.77431640625
14,118,287.01575317382816,164.59847412109374
14,119,287.029443359375,164.49972229003905
14,120,287.1806579589844,164.76148376464843
14,121,287.15179443359375,164.96643981933593
14,122,287.1144226074219,165.17230529785155
14,123,287.2760864257813,165.512744140625
14,124,287.3981811523438,165.76316833496094
14,125,287.2652160644531,165.71507568359374
14,126,287.37366943359376,165.7027862548828
14,127,287.5502014160156,165.82487182617186
14,128,287.4662231445313,165.99029541015625
14,129,287.2418212890625,166.01533813476564
14,130,287.26753540039067,166.25697326660156
14,131,287.07599487304685,166.5626159667969
14,132,286.8369140625,166.7205596923828
14,133,286.93784790039064,166.85379333496095
14,134,287.29185791015624,167.3529052734375
14,135,287.5744384765625,167.8180084228516
14,136,287.95476074218755,168.38453369140626
14,137,288.36228027343753,168.90665893554686
14,138,288.52704467773435,169.04974060058595
14,139,288.6899291992188,168.79255981445314
14,140,288.8708923339844,168.26809387207032
14,141,289.23187866210935,167.56790466308595
14,142,289.69755859375005,166.96097106933593
14,143,290.09958496093753,166.61004333496095
14,144,290.4683532714844,166.45931701660157
14,145,290.8316955566406,166.5613494873047
14,146,291.0540283203125,166.5398101806641
14,147,291.01567993164065,166.43151550292973
14,148,290.9806640625,166.30233459472657
14,149,290.9303283691407,166.16217651367188
14,150,290.93269653320317,165.82281494140625
14,151,290.9032409667969,165.5846618652344
14,152,291.05303344726565,165.3448974609375
14,153,291.01758422851566,165.06378479003905
14,154,290.6201232910156,164.83036193847659
14,155,290.09619140625,164.68452453613284
14,156,289.5084716796875,164.54514465332034
14,157,288.8283325195313,164.38655700683597
14,158,288.4077209472656,164.14390258789064
14,159,288.39353637695314,163.61676635742188
14,160,288.5286437988281,163.1719482421875
14,161,288.7971435546875,162.81036071777345
14,162,289.054052734375,162.56150512695314
14,163,289.22153930664064,162.51700744628909
14,164,289.29204101562505,162.7758850097656
14,165,289.23798828125,162.94805603027345
14,166,289.0882202148438,163.1010955810547
14,167,288.9521667480469,163.23349609375
14,168,288.85682983398436,163.30865173339845
14,169,288.82651977539064,163.3085968017578
14,170,288.7036926269531,163.26626586914062
14,171,288.63048095703124,163.2268096923828
14,172,288.4159118652344,163.1771759033203
14,173,288.1608459472656,163.13291015625
14,174,287.9241943359375,163.01004028320312
14,175,287.8919860839844,162.9273834228516
14,176,287.8673400878907,162.9351348876953
14,177,287.91787109375,162.96609497070312
14,178,287.90833129882816,162.9689514160156
14,179,287.77387084960935,163.0664276123047
14,180,287.50213623046875,163.16488037109377
14,181,287.33690185546874,163.21524963378906
14,182,287.348583984375,163.33240966796876
14,183,287.5967651367188,163.5149383544922
14,184,287.9804382324219,163.80027770996094
14,185,288.39287719726565,164.14852294921877
14,186,288.72285766601567,164.47289123535157
14,187,288.96611328125005,164.75284729003906
14,188,289.16388549804685,164.95404052734375
14,189,289.2826293945312,165.20167541503906
14,190,289.5539306640625,165.39645385742188
14,191,289.80491943359374,165.59983825683597
14,192,290.1178955078125,165.6818359375
14,193,290.22850341796874,165.8088134765625
14,194,290.2286010742188,165.7230010986328
14,195,290.0841857910156,165.65608520507814
14,196,289.88209838867186,165.57442321777344
14,197,289.7377624511719,165.5523651123047
14,198,289.79796142578124,165.60071716308596
14,199,290.02119140625,165.78117370605472
14,200,290.20831298828125,166.0662811279297
14,201,290.4592163085938,166.304150390625
14,202,290.53846435546876,166.52837219238282
14,203,290.4365661621094,166.82688598632814
14,204,290.2599060058594,167.12450256347657
14,205,290.0381896972657,167.65018005371095
14,206,289.8142517089844,168.23609924316406
14,207,289.80450439453125,168.88308105468752
14,208,289.80027465820314,169.4662811279297
14,209,289.8790283203125,169.90558776855468
14,210,289.992919921875,169.88558349609377
14,211,290.03935546875005,169.63908386230472
14,212,289.7752990722656,169.1091430664063
14,213,289.362255859375,168.2930389404297
14,214,289.0437377929687,167.47862854003907
14,215,288.5325866699219,166.70027465820317
14,216,287.9527526855469,166.18558959960941
14,217,287.538916015625,165.99788818359374
14,218,287.43010864257815,166.07491760253907
14,219,287.065869140625,166.35350646972657
14,220,287.0115539550781,166.7205749511719
14,221,287.0097290039063,167.06573486328128
14,222,287.0732604980469,167.41398925781252
14,223,287.1153869628906,167.90447998046875
14,224,287.3086181640625,168.4123565673828
14,225,287.45569458007816,169.0651092529297
14,226,287.7760620117188,169.53743896484374
14,227,288.1156494140625,169.80427856445314
14,228,288.3830200195313,169.70375976562502
14,229,288.5785766601562,169.50285949707032
14,230,288.77141113281255,169.15853271484374
14,231,288.8710510253906,168.9002166748047
14,232,288.93324584960936,168.71187744140627
14,233,289.02149047851566,168.73956298828125
14,234,289.292236328125,168.6126495361328
14,235,289.6521179199219,168.36672973632812
14,236,289.99346923828125,168.106884765625
14,237,290.24932861328125,167.87809448242191
14,238,290.27451782226564,167.59075927734375
14,239,290.1458740234375,167.3917999267578
14,240,289.9461364746094,167.20019226074217
14,241,289.6560485839844,167.09939880371093
14,242,289.3784423828125,166.88729553222655
14,243,289.2529602050781,166.74557800292968
14,244,289.1030700683594,166.5698699951172
14,245,288.9222412109375,166.4845184326172
14,246,288.81810302734374,166.40196228027344
14,247,288.75146484375,166.47996520996094
14,248,288.9471374511719,166.54078674316406
14,249,289.1654846191406,166.62066040039062
14,250,289.38104248046875,166.55029907226563
14,251,289.7228271484375,166.3671569824219
14,252,289.9424682617187,166.1463073730469
14,253,289.9183715820312,165.9745086669922
14,254,289.9560180664063,165.88219604492187
14,255,289.8929504394531,165.92063903808594
14,256,289.7781188964844,166.0256378173828
14,257,289.7239624023438,165.94034118652345
14,258,289.66343994140624,165.66924743652345
14,259,289.47490844726565,165.25584411621094
14,260,289.4181335449219,164.7114227294922
14,261,289.3461486816406,164.12265014648438
14,262,289.23308715820315,163.9839782714844
14,263,289.1023132324219,163.91380920410157
14,264,288.89771728515626,163.8441589355469
14,265,288.5746154785156,163.91376342773438
14,266,288.22836914062503,164.1276794433594
14,267,287.9414916992188,164.21494750976564
14,268,287.8018493652344,164.35726623535157
14,269,287.72725219726567,164.5986297607422
14,270,287.7457275390625,164.8343780517578
14,271,287.7470336914063,164.97235412597658
14,272,287.7768310546875,165.01312255859378
14,273,287.79759521484374,165.01714477539065
14,274,288.00701293945315,164.98091735839844
14,275,288.16333618164066,164.80740051269532
14,276,288.2788757324219,164.59029541015624
14,277,288.3326171875,164.2746154785156
14,278,288.3421081542969,163.94425354003906
14,279,288.2273864746094,163.64843139648437
14,280,288.1736694335938,163.46243286132812
14,281,288.10581665039064,163.36648254394532
14,282,288.08847656250003,163.361083984375
14,283,288.09247436523435,163.39488830566407
14,284,288.0496032714844,163.44703369140626
14,285,288.05051269531253,163.58342895507815
14,286,288.0417724609375,163.61700134277342
14,287,288.09619750976566,163.83085021972656
14,288,288.10776367187503,164.08853149414062
14,289,288.2200927734375,164.40334167480472
14,290,288.24126586914065,164.65330505371097
14,291,288.2236511230469,164.96224060058597
14,292,288.17890625,165.10826721191407
14,293,288.18162841796874,165.20497741699222
14,294,288.054931640625,165.29270935058597
14,295,287.9939819335938,165.30679931640628
14,296,288.06964111328125,165.2625885009766
14,297,288.1140075683594,165.0360565185547
14,298,288.12938232421874,164.76476745605467
14,299,288.2915283203125,164.49342041015626
14,300,288.3187438964844,164.36849670410157
14,301,288.3924560546875,164.34716491699217
14,302,288.55003051757814,164.54610900878907
14,303,288.5000061035156,164.6161407470703
14,304,288.35889282226566,164.62392883300782
14,305,288.3473266601562,164.57716369628906
14,306,288.3770690917969,164.56826782226562
14,307,288.3921630859375,164.6269500732422
14,308,288.464306640625,164.84055480957034
14,309,288.54468383789066,165.02886047363282
14,310,288.5989624023438,165.16614990234376
14,311,288.5917602539062,165.31819458007814
14,312,288.5320190429688,165.4019500732422
14,313,288.53233032226564,165.48697509765628
14,314,288.54969482421876,165.68658752441408
14,315,288.6234436035156,165.8709899902344
14,316,288.60144653320316,165.9588775634766
14,317,288.6474304199219,165.9203063964844
14,318,288.78815307617185,165.78314819335938
14,319,288.9507141113281,165.55089416503907
14,320,288.98984985351564,165.33278808593752
14,321,289.13446044921875,165.13021545410157
14,322,289.0783630371094,164.9367614746094
14,323,288.92099609375,164.88375549316407
14,324,288.6802734375,164.8956726074219
14,325,288.49179687500003,165.03779907226564
14,326,288.0930419921875,165.23269348144532
14,327,287.7491882324219,165.4534118652344
14,328,287.49284667968755,165.5569000244141
14,329,287.3158203125,165.69553222656253
14,330,287.1712951660156,165.87759704589848
14,331,287.2031127929688,165.94364929199222
14,332,287.3660766601563,166.1560791015625
14,333,287.5758422851563,166.34019775390624
14,334,287.782421875,166.25787048339842
14,335,288.02036743164064,166.01808166503906
14,336,288.2583251953125,165.9000946044922
14,337,288.46801147460934,165.5793914794922
14,338,288.67914428710935,165.4405242919922
14,339,288.75400390625,165.32059020996095
14,340,288.6499755859375,165.11512145996096
14,341,288.4311218261719,164.84188537597657
14,342,288.1769897460938,164.69700012207034
14,343,287.90361938476565,164.47312011718753
14,344,287.7869506835938,164.33152770996094
14,345,287.85276489257814,164.22885437011718
14,346,287.8674621582031,164.14483337402345
14,347,287.85588989257815,163.92282409667968
14,348,287.79958496093747,163.71324768066407
14,349,287.6771301269531,163.65638732910156
14,350,287.43121337890625,163.72698974609375
14,351,287.3492065429688,163.67659912109374
14,352,287.2991882324219,163.74748840332032
14,353,287.2912658691406,163.8497528076172
14,354,287.3361145019531,163.89199218750002
14,355,287.4274475097656,163.8872985839844
14,356,287.5143737792969,163.97171325683595
14,357,287.71436767578126,164.02711181640623
14,358,287.88176879882815,164.05255737304688
14,359,288.02060546875003,164.11075134277343
14,360,288.0730346679688,164.1153533935547
14,361,288.0267700195313,164.14800720214842
14,362,287.8674743652344,164.18837585449216
14,363,287.67244262695317,164.28114013671873
14,364,287.50839843750003,164.37906799316406
14,365,287.41456298828126,164.5516510009766
14,366,287.42619018554694,164.72022399902346
14,367,287.4471862792969,164.8871124267578
14,368,287.4935974121094,164.98334350585938
14,369,287.49851074218753,165.0160125732422
14,370,287.52202148437505,164.87274475097655
14,371,287.6016540527344,164.7951202392578
14,372,287.7097900390625,164.7128875732422
14,373,287.765673828125,164.6531707763672
14,374,287.78134765625003,164.54205932617188
14,375,287.69193725585944,164.54865112304685
14,376,287.53692626953125,164.41305541992185
14,377,287.2442260742188,164.2388397216797
14,378,286.93921508789066,163.87559509277347
14,379,286.7025939941406,163.49234619140628
14,380,286.41865844726567,162.9040496826172
14,381,285.9807983398438,162.40137634277346
14,382,285.74932250976565,162.012451171875
14,383,285.3738952636719,161.74893493652343
14,384,284.953759765625,161.5671173095703
14,385,284.6470886230469,161.74710388183593
14,386,284.37456665039065,161.97659301757812
14,387,283.9790649414063,162.22856445312502
14,388,283.8450439453125,162.49271850585936
14,389,283.9010681152344,162.80711364746094
14,390,284.07745971679685,163.00209045410156
14,391,284.33502197265625,163.2040496826172
14,392,284.64183349609374,163.25722351074222
14,393,284.9181091308594,163.40994262695312
14,394,285.2286315917969,163.6745788574219
14,395,285.53590087890626,164.01083068847657
14,396,285.89463500976564,164.25819702148442
14,397,286.272900390625,164.46459045410157
14,398,286.63091430664065,164.5697448730469
14,399,286.7988342285156,164.46266174316406
14,400,286.8399658203125,164.26421508789062
14,401,286.8636474609375,163.99258117675782
14,402,286.9127075195313,163.81370544433594
14,403,286.70640869140624,163.77867736816407
14,404,286.2145874023438,163.74560852050783
14,405,285.6548095703125,163.7121337890625
14,406,285.1588562011719,163.61488037109376
14,407,284.60607299804684,163.47918395996095
14,408,284.2942260742187,163.29419555664063
14,409,284.2459777832031,163.19286499023437
14,410,284.3256774902344,163.06227111816406
14,411,284.43511352539065,163.0489318847656
14,412,284.6936706542969,163.09305114746093
14,413,285.1689880371094,162.95404968261718
14,414,285.77869873046876,162.76759338378906
14,415,286.35240478515624,162.77431640625
14,416,286.75260620117183,162.94132385253906
14,417,287.0220947265625,163.18399047851562
14,418,287.20603637695314,163.5835723876953
14,419,287.27940673828124,164.0052947998047
14,420,287.32935791015626,164.22851867675783
14,421,287.3655151367188,164.26138916015628
14,422,287.2357238769531,164.18981933593753
14,423,286.9604125976563,164.0424560546875
14,424,286.6793090820313,163.97137145996095
14,425,286.2524841308594,163.9627349853516
14,426,285.77255859375003,163.96329345703128
14,427,285.4121276855469,163.95534973144532
14,428,285.05539550781253,163.9282165527344
14,429,284.68707275390625,163.81454467773438
14,430,284.49968872070315,163.70626831054688
14,431,284.46741943359376,163.63673095703126
14,432,284.48015747070315,163.59103698730473
14,433,284.57216186523436,163.58270263671875
14,434,284.82136230468745,163.62564086914062
14,435,285.1157043457031,163.63419189453123
14,436,285.46124877929685,163.6288970947266
14,437,285.7882019042969,163.6028991699219
14,438,286.03270263671874,163.61533508300784
14,439,286.1375915527344,163.64333801269532
14,440,286.2532104492188,163.7253662109375
14,441,286.3127685546875,163.87115783691408
14,442,286.2198425292969,164.0138092041016
14,443,286.20123291015625,164.10550842285159
14,444,286.2085571289063,164.07976989746095
14,445,286.1572326660156,164.00220031738283
14,446,286.0066650390625,163.8474578857422
14,447,285.8696594238281,163.69365844726562
14,448,285.6307800292969,163.54143676757812
14,449,285.379052734375,163.4795654296875
14,450,285.12628784179685,163.390576171875
14,451,284.94909057617184,163.34119873046876
14,452,284.81541137695314,163.2852508544922
14,453,284.7641296386719,163.26609802246097
14,454,284.63800659179685,163.1436279296875
14,455,284.58953247070315,163.09178466796877
14,456,284.551123046875,163.0721405029297
14,457,284.7165222167969,163.11908264160155
14,458,284.87921142578125,163.18726806640626
14,459,285.1681335449219,163.36396179199218
14,460,285.2947448730469,163.48597412109376
14,461,285.4226928710938,163.56525268554688
14,462,285.41900024414065,163.5837554931641
14,463,285.46044921875,163.57773437500003
14,464,285.39808349609376,163.5408386230469
14,465,285.483984375,163.53045349121095
14,466,285.50813598632817,163.48519897460938
14,467,285.54221191406253,163.4525207519531
14,468,285.5048767089844,163.4578887939453
14,469,285.4905639648438,163.47901306152346
14,470,285.36162109375005,163.4925262451172
14,471,285.2460144042969,163.57733154296878
14,472,285.1696228027344,163.66096801757814
14,473,285.09787597656253,163.6728424072266
14,474,285.0292114257813,163.6384429931641
14,475,285.0133361816406,163.60204162597657
14,476,284.96241455078126,163.54722595214844
14,477,284.8817932128906,163.4820343017578
14,478,284.7603576660156,163.51681823730468
14,479,284.68720703124995,163.58173217773438
14,480,284.6670043945312,163.65993957519532
14,481,284.78102416992186,163.74678649902344
14,482,284.97923583984374,163.83927001953126
14,483,285.23689575195317,163.8379333496094
14,484,285.42062988281253,163.84414672851565
14,485,285.57000732421875,163.84721374511722
14,486,285.6433837890625,163.8156188964844
14,487,285.6531005859375,163.77714843750002
14,488,285.6869567871094,163.78862915039065
14,489,285.7024230957031,163.77746887207033
14,490,285.7820129394531,163.77513732910157
14,491,285.8356872558594,163.82264404296876
14,492,285.71971435546874,163.9211669921875
14,493,285.48131103515624,164.00455322265626
14,494,285.24498291015624,164.08533325195313
14,495,284.9571472167969,164.14786071777345
14,496,284.76446533203125,164.19580383300783
14,497,284.69349365234376,164.22847900390627
14,498,284.6447937011719,164.2451629638672
14,499,284.692041015625,164.27727355957035
14,500,284.6679382324219,164.3213317871094
14,501,284.68084716796875,164.34580078125
14,502,284.84119873046876,164.26949157714844
14,503,285.102001953125,164.19098205566408
14,504,285.32996826171876,164.0988983154297
14,505,285.7100830078125,163.94259033203127
14,506,286.00302734375,163.73869323730472
14,507,286.1450439453125,163.5994812011719
14,508,286.2651306152344,163.4784698486328
14,509,286.3733703613281,163.4014099121094
14,510,286.39552001953126,163.3922882080078
14,511,286.4388000488281,163.45176086425784
14,512,286.4041320800781,163.54717712402345
14,513,286.28300781250005,163.65859680175782
14,514,285.9228088378906,163.73110961914062
14,515,285.5552490234375,163.77271728515626
14,516,285.1361083984375,163.78503723144533
14,517,284.8805236816406,163.76891174316407
14,518,284.72344970703125,163.73070068359377
14,519,284.76343994140626,163.69683532714842
14,520,284.8343872070312,163.6777801513672
14,521,284.99549560546876,163.66031494140623
14,522,285.10370483398435,163.64718017578122
14,523,285.167724609375,163.6187194824219
14,524,285.3118591308594,163.61477661132812
14,525,285.38972778320317,163.6126129150391
14,526,285.3853759765625,163.64081420898438
14,527,285.46210327148435,163.72601013183595
14,528,285.5849609375,163.83983459472657
14,529,285.64892578125,163.91568908691409
14,530,285.78343505859374,164.00937805175784
14,531,285.93516235351564,164.09991455078128
14,532,285.881298828125,164.15899658203125
14,533,285.7857727050781,164.21746520996095
14,534,285.6733642578125,164.31241455078128
14,535,285.46826782226566,164.40921630859378
14,536,285.26853637695314,164.47822570800784
14,537,285.1705017089844,164.52959899902345
14,538,284.96355590820315,164.44031372070316
14,539,284.80443115234374,164.30087890625
14,540,284.69842529296875,164.14019470214845
14,541,284.6264343261719,163.97903137207032
14,542,284.59156494140626,163.83070068359376
14,543,284.7030944824219,163.81165771484376
14,544,284.7953796386719,163.83013610839845
14,545,284.90153808593755,163.84524230957032
14,546,285.00621337890624,163.8827117919922
14,547,285.0432373046875,163.89403381347657
14,548,285.0177978515625,163.89305114746094
14,549,285.0013854980469,163.88672485351563
14,550,284.83643798828126,163.8583435058594
14,551,284.65618896484375,163.80805358886715
14,552,284.52131958007817,163.75847778320312
14,553,284.42278442382815,163.7305938720703
14,554,284.30787353515626,163.6961181640625
14,555,284.3700256347656,163.7009033203125
14,556,284.41326904296875,163.71234436035158
14,557,284.4732971191406,163.71568603515627
14,558,284.55101318359374,163.71440734863285
14,559,284.63817749023434,163.71911315917973
14,560,284.69480590820314,163.71201171875
14,561,284.77301635742185,163.68954467773438
14,562,284.7179809570313,163.75470886230468
14,563,284.7274475097656,163.8097625732422
14,564,284.7887268066406,163.8631134033203
14,565,284.8640502929688,163.93283081054688
14,566,284.9659729003906,164.02681274414064
14,567,285.19775390625,164.0316589355469
14,568,285.33164062500003,164.05335998535156
14,569,285.44414672851565,164.0636932373047
14,570,285.5170776367188,164.07335205078127
14,571,285.5976867675781,164.0713653564453
14,572,285.63328247070314,164.10367431640626
14,573,285.69213256835934,164.12476196289063
14,574,285.6175842285156,164.16279907226564
14,575,285.55214233398436,164.156494140625
14,576,285.4129089355469,164.13261718750005
14,577,285.3317016601563,164.1107849121094
14,578,285.2370910644531,164.09736328125
14,579,285.23103637695317,164.05079345703126
14,580,285.2522338867187,164.0197692871094
14,581,285.24021606445314,164.01607666015627
14,582,285.17884521484376,163.9899383544922
14,583,285.12241821289064,163.94573364257815
14,584,285.0819946289063,163.9468994140625
14,585,285.04985961914065,163.9517608642578
14,586,285.0309753417969,163.8922302246094
14,587,285.0132690429688,163.85308837890625
14,588,284.9964599609375,163.8222381591797
14,589,284.98395996093745,163.76846313476562
15,0,298.8060526000943,164.03284495735633
15,1,298.904108308917,164.17897366460474
15,2,299.0020541544585,164.32235884157973
15,3,299.1013854980469,164.47443237304688
15,4,299.13401489257814,164.4856170654297
15,5,299.17633056640625,164.51791076660157
15,6,299.22108764648436,164.54798889160156
15,7,299.24218139648434,164.5748291015625
15,8,299.26739501953125,164.5829650878906
15,9,299.262060546875,164.56506042480467
15,10,299.1570129394532,164.60099182128906
15,11,299.08494873046874,164.6295959472656
15,12,299.0571655273438,164.63778076171877
15,13,299.0351806640625,164.65716552734375
15,14,299.0247802734375,164.71985778808596
15,15,299.10762329101567,164.72104187011718
15,16,299.14221191406256,164.7422088623047
15,17,299.1429138183594,164.79261779785156
15,18,299.10759887695315,164.8367462158203
15,19,299.0401184082031,164.84688415527341
15,20,298.96490478515625,164.85138244628905
15,21,298.89439086914064,164.84046325683596
15,22,298.75543823242185,164.708984375
15,23,298.63880615234376,164.57888488769532
15,24,298.5400451660156,164.45791015625002
15,25,298.4636901855469,164.32799072265627
15,26,298.4022277832031,164.20073242187502
15,27,298.4185729980469,164.18312988281252
15,28,298.44158325195315,164.17341918945314
15,29,298.46868896484375,164.16587829589844
15,30,298.50079345703125,164.1637664794922
15,31,298.53302612304685,164.1662811279297
15,32,298.5698608398438,164.18328247070312
15,33,298.61516113281255,164.19794006347655
15,34,298.6269226074219,164.2662780761719
15,35,298.64365234375,164.34429321289065
15,36,298.6443786621094,164.4059326171875
15,37,298.62944946289065,164.4649169921875
15,38,298.59450073242186,164.5177429199219
15,39,298.6002563476563,164.50769958496093
15,40,298.57890014648444,164.48819274902343
15,41,298.57855224609375,164.4788024902344
15,42,298.59009399414066,164.4737976074219
15,43,298.6036315917969,164.47828979492186
15,44,298.61287231445317,164.4930603027344
15,45,298.6258239746094,164.49847717285155
15,46,298.6037719726563,164.51356506347656
15,47,298.6030578613281,164.56478576660155
15,48,298.6325317382813,164.59993896484377
15,49,298.658203125,164.63851318359374
15,50,298.6922912597656,164.67318420410157
15,51,298.74487915039066,164.69832153320314
15,52,298.7916625976563,164.67598266601564
15,53,298.81538696289067,164.6636901855469
15,54,298.8337890625,164.65384521484376
15,55,298.8624633789063,164.64963073730468
15,56,298.9005065917969,164.64662170410156
15,57,298.93709106445317,164.63953857421876
15,58,298.88603515625005,164.58115539550784
15,59,298.8687805175781,164.49582519531253
15,60,298.8409729003906,164.43211975097657
15,61,298.803173828125,164.37886962890627
15,62,298.76124877929686,164.33603515625
15,63,298.7986022949219,164.34847106933594
15,64,298.8099060058594,164.40035400390624
15,65,298.82215576171876,164.44205017089843
15,66,298.83497314453126,164.46978454589842
15,67,298.84166259765624,164.49737243652345
15,68,298.8510925292969,164.517822265625
15,69,298.84880981445315,164.51853637695314
15,70,298.7724487304688,164.48763732910157
15,71,298.70884399414064,164.4600036621094
15,72,298.6199035644531,164.4076873779297
15,73,298.51649780273436,164.35153198242188
15,74,298.41272583007816,164.29727172851562
15,75,298.3711303710938,164.2781982421875
15,76,298.31614379882814,164.2478210449219
15,77,298.27994995117194,164.22449951171876
15,78,298.2634155273438,164.19607543945312
15,79,298.25459594726567,164.16440734863284
15,80,298.24138793945315,164.12573547363283
15,81,298.22932739257817,164.10269775390628
15,82,298.2479187011719,164.11837463378907
15,83,298.2739074707032,164.16480407714846
15,84,298.30830078125007,164.21399230957033
15,85,298.36752929687503,164.25848388671875
15,86,298.4292846679688,164.29012756347657
15,87,298.47068481445314,164.29907836914063
15,88,298.5042358398438,164.28960876464845
15,89,298.520458984375,164.28980407714846
15,90,298.5080871582031,164.30319519042968
15,91,298.4924621582031,164.32256774902345
15,92,298.4742736816406,164.33977966308592
15,93,298.4518920898438,164.36083068847657
15,94,298.4515441894531,164.36146240234373
15,95,298.5273071289063,164.3553009033203
15,96,298.62781982421876,164.34723205566405
15,97,298.7508911132813,164.3266815185547
15,98,298.8950927734375,164.3011199951172
15,99,299.0328674316406,164.28042602539065
15,100,299.12619628906253,164.24795227050782
15,101,299.21079711914064,164.2077697753906
15,102,299.27415161132814,164.17280578613284
15,103,299.32166748046876,164.13234252929686
15,104,299.35054321289067,164.0992401123047
15,105,299.35642700195314,164.07154846191406
15,106,299.30159301757817,164.07430419921877
15,107,299.23768310546876,164.12369689941409
15,108,299.15476684570314,164.18321533203127
15,109,299.0726684570313,164.26149291992186
15,110,298.9700378417969,164.31393432617188
15,111,298.940380859375,164.34237976074218
15,112,299.00525512695316,164.3572540283203
15,113,299.05513305664067,164.425537109375
15,114,299.14304809570314,164.4694061279297
15,115,299.2403137207031,164.53975219726564
15,116,299.3284057617187,164.70525817871095
15,117,299.30596923828125,164.8149627685547
15,118,299.2828674316406,164.89548950195314
15,119,299.2033447265625,165.00725708007815
15,120,299.2337829589844,165.2416687011719
15,121,299.314599609375,165.39667968750004
15,122,299.4409973144531,165.62227783203127
15,123,299.6474182128906,165.82667541503906
15,124,299.79221801757814,166.02651367187502
15,125,299.76959228515625,166.05360107421876
15,126,299.7581604003906,166.04791870117188
15,127,299.8005004882813,166.2698486328125
15,128,299.8693481445313,166.68037109375
15,129,299.9714721679687,166.96804809570312
15,130,300.18771972656253,167.4828643798828
15,131,300.2761474609375,168.06569213867186
15,132,300.24814453125,168.26246032714843
15,133,300.2156066894531,168.14291076660155
15,134,300.45395507812503,168.09702148437498
15,135,300.64063720703126,167.9732696533203
15,136,300.9107971191406,167.778125
15,137,301.283984375,167.6470703125
15,138,301.54908447265626,167.52352600097657
15,139,301.6686279296875,167.3806121826172
15,140,301.8411560058594,167.08834838867188
15,141,302.062060546875,166.8387664794922
15,142,302.38605346679685,166.72369384765625
15,143,302.5519653320313,166.84802856445313
15,144,302.66063232421874,166.96752319335937
15,145,302.73206176757816,167.16123046875003
15,146,302.6697937011719,167.29983215332032
15,147,302.33684082031255,167.2995147705078
15,148,302.1808959960938,167.15875549316405
15,149,302.0057312011719,167.05377807617188
15,150,301.90138549804686,166.83201293945314
15,151,301.75934448242185,166.64824218750002
15,152,301.6543212890625,166.38757629394533
15,153,301.4526245117188,166.12241210937503
15,154,301.2292053222656,165.87691040039064
15,155,300.92096557617185,165.68846130371094
15,156,300.7180114746094,165.50432739257812
15,157,300.57858886718753,165.35735778808592
15,158,300.5639953613281,165.1345947265625
15,159,300.54149780273434,164.87622375488283
15,160,300.5804382324219,164.61726684570314
15,161,300.6365234375,164.3396697998047
15,162,300.67933349609376,164.10025024414062
15,163,300.7262817382813,163.9598815917969
15,164,300.8117431640625,163.8029754638672
15,165,300.78795166015624,163.78337707519532
15,166,300.5978149414062,163.7842987060547
15,167,300.4615844726563,163.7881591796875
15,168,300.25055541992185,163.83413696289065
15,169,300.025048828125,163.86385192871097
15,170,299.8045288085938,163.85261840820314
15,171,299.8207946777344,163.88950805664064
15,172,299.6938232421875,164.2662078857422
15,173,299.73952026367186,164.55711975097657
15,174,299.72971191406253,164.94390869140625
15,216,299.81226806640626,165.29952697753907
15,217,299.7054504394531,165.58945922851566
15,218,299.7255859375,165.80186157226564
15,219,299.5229797363281,166.04999084472658
15,220,299.2744201660156,166.22344970703125
15,221,298.8913818359375,166.367236328125
15,222,298.6632385253906,166.58251953125
15,223,298.45781860351565,166.6709930419922
15,224,298.36439208984376,166.20318603515625
15,225,298.38527221679686,165.72252502441404
15,279,298.5272521972656,165.2504425048828
15,280,298.65550537109374,164.6800079345703
15,281,298.7809753417969,164.1349578857422
15,282,298.97947387695314,164.45076599121094
15,283,299.41300659179683,164.46934814453127
15,328,299.73829345703126,164.41627197265626
15,349,299.9997497558594,164.4649871826172
15,350,300.134375,164.47874145507814
15,351,300.3116149902344,164.12350158691407
15,352,300.3267272949219,164.13968200683593
15,357,300.3992370605469,164.22025451660159
15,358,300.45753173828126,164.17413940429688
15,359,300.5168823242188,164.06387634277345
15,360,300.3792175292969,164.00135192871096
15,361,300.23919677734375,163.84264221191407
15,362,300.1596618652344,163.65504150390626
15,363,300.07670898437505,163.61927795410156
15,364,300.0838012695313,163.66300048828128
15,365,300.14570922851567,163.80882263183597
15,366,300.13645629882814,164.1228485107422
15,367,300.1231628417969,164.57299804687503
15,368,300.1629577636719,164.95310974121097
15,369,300.19691162109376,165.21490783691408
15,370,300.29529418945316,165.24093017578127
15,371,300.50506591796875,165.1882354736328
15,372,300.68211669921874,164.9889099121094
15,373,300.7652099609375,164.76051330566406
15,374,300.77598266601564,164.5783233642578
15,375,300.67797241210934,164.52754821777344
15,376,300.4738708496094,164.53774414062502
15,377,300.1572692871094,164.65116882324222
15,378,299.8361694335938,164.70322570800784
15,379,299.64515380859376,164.70889892578128
15,380,299.4396667480469,164.53926086425784
15,381,299.1421630859375,164.3173278808594
15,382,298.84978637695315,164.0418182373047
15,383,298.46396484375,163.80676574707033
15,384,297.9399475097656,163.66150512695313
15,385,297.48212890625,163.77446594238282
15,386,297.11261596679685,163.94678955078126
15,387,296.8981140136719,164.19307861328127
15,388,296.95582885742186,164.49290161132814
15,389,297.1863159179687,164.6554168701172
15,390,297.53261718749997,164.7525390625
15,391,297.9304931640625,164.88370056152345
15,392,298.209228515625,164.95107421875002
15,393,298.4833129882812,164.95617980957033
15,394,298.7695251464844,164.9911315917969
15,395,299.04411621093755,165.02470092773436
15,396,299.3186889648438,164.90964660644534
15,397,299.67331542968753,164.71798095703127
15,398,299.8453063964844,164.521923828125
15,399,299.85731201171876,164.3925323486328
15,400,299.8341552734375,164.31712341308597
15,401,299.777490234375,164.26641845703125
15,402,299.6422058105469,164.28453369140627
15,403,299.5023986816406,164.4783905029297
15,404,299.3594055175781,164.76567382812502
15,405,299.13489990234376,165.1153503417969
15,406,298.88929443359376,165.33741149902346
15,407,298.7447143554688,165.50668334960938
15,408,298.6674438476563,165.52482910156252
15,409,298.6549499511719,165.44110412597658
15,410,298.6204467773438,165.28367004394534
15,411,298.5610046386719,165.25278930664066
15,412,298.61064453125005,165.27198486328126
15,413,298.80352172851565,165.18103027343753
15,414,299.0379943847656,165.08967590332034
15,415,299.3029541015625,165.00599060058596
15,416,299.5988708496094,164.9727478027344
15,417,299.80756225585935,164.97476196289065
15,418,299.91411743164065,165.0391998291016
15,419,300.01433715820315,165.0695709228516
15,420,300.11881713867183,165.0535095214844
15,421,300.18129272460936,164.9901092529297
15,422,300.14923095703125,164.81845703125
15,423,300.09478149414065,164.74548950195316
15,424,299.9400085449219,164.76292114257814
15,425,299.6768005371094,164.8013458251953
15,426,299.3761291503906,164.8818511962891
15,427,299.1506591796875,165.00864562988284
15,428,298.87183227539066,165.13981933593752
15,429,298.64508666992185,165.16234130859374
15,430,298.5457702636719,165.21006164550784
15,431,298.58409423828124,165.14046630859377
15,432,298.6472473144532,165.08636779785158
15,433,298.82054443359374,164.97327270507813
15,434,299.05717773437505,164.89148254394533
15,435,299.3387817382813,164.79519653320312
15,436,299.5565063476563,164.72100830078125
15,437,299.6672546386719,164.66401977539064
15,438,299.71589965820317,164.6713348388672
15,439,299.6728515625,164.7138153076172
15,440,299.60419921875,164.76575927734376
15,441,299.5761779785156,164.92065734863286
15,442,299.4977478027344,165.01322326660159
15,443,299.46534423828126,165.04140319824222
15,444,299.52976074218753,165.0323516845703
15,445,299.5626342773437,164.93791809082035
15,446,299.503076171875,164.77645874023438
15,447,299.49171142578126,164.6392303466797
15,448,299.4062133789063,164.51652832031252
15,449,299.27476806640624,164.41834106445316
15,450,299.1702026367187,164.31181640625002
15,451,299.09015502929685,164.22689819335938
15,452,299.0185546875,164.18017272949217
15,453,299.00416259765626,164.14280700683594
15,454,298.89043579101565,164.0584289550781
15,455,298.7770874023438,164.05283203125
15,456,298.6986389160156,164.04134216308594
15,457,298.73466796875005,164.03255310058594
15,458,298.7372192382812,164.0785400390625
15,459,298.81956176757814,164.20122680664062
15,460,298.8042053222656,164.25787048339845
15,461,298.7965087890625,164.3476806640625
15,462,298.72343750000005,164.43352355957032
15,463,298.66643676757815,164.48472595214844
15,464,298.5956665039063,164.48800964355468
15,465,298.6447448730469,164.5139190673828
15,466,298.73386840820314,164.43877258300782
15,467,298.778955078125,164.36641540527344
15,468,298.8025268554687,164.28666992187502
15,469,298.8538513183594,164.24764099121097
15,470,298.8342712402344,164.2072692871094
15,471,298.7532043457031,164.28568115234376
15,472,298.7106018066406,164.349853515625
15,473,298.7075073242188,164.3782196044922
15,474,298.70110473632815,164.34998168945313
15,475,298.69960327148436,164.29720153808597
15,476,298.6512145996094,164.14687805175785
15,477,298.5926208496094,164.0023620605469
15,478,298.5087097167969,164.0211639404297
15,479,298.4715942382813,164.0965148925781
15,480,298.4791015625,164.23091735839844
15,481,298.58270263671875,164.41808166503907
15,482,298.71962280273436,164.59231872558595
15,483,298.8772827148438,164.62049560546876
15,484,298.99797363281255,164.6187225341797
15,485,299.09410400390624,164.61177368164067
15,486,299.134619140625,164.57327575683598
15,487,299.20361328125,164.51421813964845
15,488,299.30230712890625,164.4425750732422
15,489,299.38120727539064,164.36526184082032
15,490,299.4931335449219,164.28945617675782
15,491,299.5913513183594,164.27183532714844
15,492,299.52792968750003,164.2957733154297
15,493,299.3362182617187,164.3688903808594
15,494,299.125390625,164.46494445800784
15,495,298.9000183105469,164.56363220214845
15,496,298.7245727539063,164.6516082763672
15,497,298.6645751953125,164.71009826660156
15,498,298.68302612304694,164.69486083984376
15,499,298.7708374023438,164.65377502441407
15,500,298.83237915039064,164.56659545898438
15,501,298.91572265624995,164.4556427001953
15,502,299.017919921875,164.3495025634766
15,503,299.1215454101562,164.31387634277345
15,504,299.1825988769531,164.2793670654297
15,505,299.2718933105469,164.24586181640626
15,506,299.278076171875,164.16865234375
15,507,299.22373657226564,164.10405273437505
15,508,299.1709411621094,164.01890869140627
15,509,299.13316040039064,163.98390502929692
15,510,299.0990905761719,163.96364440917972
15,511,299.148583984375,164.0131561279297
15,512,299.2020629882813,164.01791381835938
15,513,299.20830078125005,164.0438415527344
15,514,299.1071350097656,164.1012939453125
15,515,298.99996948242193,164.2229736328125
15,516,298.85466918945315,164.35999145507813
15,517,298.7966613769531,164.58087158203125
15,518,298.7853271484375,164.77145690917968
15,519,298.863427734375,164.83313293457033
15,520,298.9528564453125,164.8425537109375
15,521,299.0863891601562,164.7825164794922
15,522,299.1782287597656,164.66483154296876
15,523,299.26770629882816,164.5376007080078
15,524,299.35874633789064,164.48487548828123
15,525,299.40968627929686,164.4290832519531
15,526,299.3082275390625,164.36169433593747
15,527,299.2309509277344,164.34292907714845
15,528,299.14984130859375,164.3544616699219
15,529,299.03828125,164.34877929687502
15,530,298.973681640625,164.36064453125005
15,531,299.02197265625,164.44552001953127
15,532,299.00311889648435,164.4510437011719
15,533,298.988232421875,164.42210388183594
15,534,298.99183959960936,164.39258117675783
15,535,298.95789794921876,164.39189453125002
15,536,298.8988159179688,164.35252380371097
15,537,298.8631774902344,164.37282409667972
15,538,298.82947387695316,164.45062866210935
15,539,298.82813110351566,164.54579162597656
15,540,298.8711853027344,164.6014923095703
15,541,298.95725708007814,164.6375427246094
15,542,299.0614990234375,164.6464385986328
15,543,299.1857788085938,164.62078857421875
15,544,299.2724914550781,164.60149230957032
15,545,299.30158081054685,164.5852294921875
15,546,299.29461669921875,164.62923278808597
15,547,299.24948730468753,164.68838500976562
15,548,299.16273193359376,164.7355499267578
15,549,299.08184204101565,164.78673095703127
15,550,298.90317382812503,164.78391418457034
15,551,298.73310546875,164.73951416015626
15,552,298.6139343261719,164.66813964843755
15,553,298.52020874023435,164.60288696289064
15,554,298.43031005859376,164.50736083984378
15,555,298.4935546875,164.48719177246096
15,556,298.56306762695317,164.47922363281248
15,557,298.6190002441407,164.4911926269531
15,558,298.66967773437506,164.51763305664062
15,559,298.7254577636719,164.5375701904297
15,560,298.7587097167969,164.54779052734378
15,561,298.7906005859375,164.59570922851563
15,562,298.79241333007815,164.60709533691409
15,563,298.8371154785156,164.63492126464848
15,564,298.9143798828125,164.65705871582034
15,565,298.9813171386719,164.68291625976565
15,566,299.0469665527344,164.66637268066407
15,567,299.1507751464844,164.63749694824222
15,568,299.2093933105469,164.53786621093752
15,569,299.23496704101564,164.43595275878906
15,570,299.25465087890626,164.32010498046873
15,571,299.2940979003906,164.227001953125
15,572,299.29733886718753,164.19105224609376
15,573,299.2904235839844,164.18467407226566
15,574,299.22901000976566,164.20367431640628
15,575,299.1605651855469,164.21227111816407
15,576,299.0565612792969,164.19713134765624
15,577,298.976611328125,164.20570068359376
15,578,298.9051696777344,164.22780151367186
15,579,298.87245483398436,164.2364044189453
15,580,298.8730651855469,164.24964599609376
15,581,298.867822265625,164.2760681152344
15,582,298.84900512695316,164.27354431152347
15,583,298.829833984375,164.25384826660158
15,584,298.8462646484375,164.2563903808594
15,585,298.8628784179688,164.2680114746094
15,586,298.8948974609375,164.24914245605467
15,587,298.9167114257813,164.26332702636716
15,588,298.94329833984375,164.29091186523436
15,589,298.9501586914063,164.30014343261718
16,0,317.3183346688901,164.05402110481728
16,1,317.3734698573851,164.20976284917506
16,2,317.410880436505,164.34037947146254
16,3,317.43303833007815,164.46861267089844
16,4,317.3803283691406,164.43726806640626
16,5,317.2794555664062,164.4108093261719
16,6,317.17900390625005,164.37329711914063
16,7,317.06744995117185,164.36731872558596
16,8,316.9674987792969,164.35070190429687
16,9,316.88250122070315,164.31029357910157
16,10,316.8309326171875,164.3079803466797
16,11,316.8358520507813,164.2945556640625
16,12,316.87989501953126,164.25153198242188
16,13,316.95578613281253,164.21084899902345
16,14,317.0419067382813,164.1984069824219
16,15,317.1268005371094,164.1481506347656
16,16,317.1853210449219,164.10499267578126
16,17,317.2456420898438,164.07099609375
16,18,317.2763610839844,164.04529724121096
16,19,317.3011779785156,164.00778503417968
16,20,317.32297973632814,163.98513793945315
16,21,317.3354675292969,163.96932373046874
16,22,317.3002136230469,163.9551910400391
16,23,317.28715820312505,163.93837280273436
16,24,317.25659790039066,163.9269775390625
16,25,317.2015075683594,163.90044555664062
16,26,317.13120727539064,163.87735595703123
16,27,317.0914001464844,163.8655548095703
16,28,317.0185913085938,163.86338500976564
16,29,316.9695190429688,163.85302734375003
16,30,316.93770141601567,163.8523681640625
16,31,316.91670532226567,163.8466247558594
16,32,316.90265502929685,163.84502868652345
16,33,316.90379028320314,163.83971557617187
16,34,316.90033569335935,163.8719909667969
16,35,316.9000427246094,163.93521728515626
16,36,316.90608520507817,164.01631469726564
16,37,316.90185546875,164.0971221923828
16,38,316.88938598632814,164.18682556152345
16,39,316.86738891601567,164.245361328125
16,40,316.83159179687505,164.275048828125
16,41,316.8083679199219,164.2888397216797
16,42,316.7907409667969,164.30191345214845
16,43,316.7611938476563,164.30806579589844
16,44,316.7336730957031,164.30951232910158
16,45,316.7210266113281,164.30391845703127
16,46,316.61561889648436,164.29608154296878
16,47,316.5718688964844,164.30449523925785
16,48,316.5631591796875,164.2965026855469
16,49,316.57329101562505,164.28574829101564
16,50,316.58176879882814,164.2782409667969
16,51,316.6744689941407,164.2652618408203
16,52,316.7020568847656,164.2371063232422
16,53,316.72029418945317,164.2232452392578
16,54,316.72984008789064,164.2222412109375
16,55,316.7639099121094,164.21853942871095
16,56,316.79950561523435,164.22177734375
16,57,316.8564392089844,164.22053833007814
16,58,316.8607543945312,164.20907287597657
16,59,316.9122009277344,164.18704528808593
16,60,316.9379943847656,164.16385498046876
16,61,316.94914550781255,164.14198303222656
16,62,316.93597412109375,164.1182403564453
16,63,316.9688232421875,164.09703063964844
16,64,316.934765625,164.08363037109376
16,65,316.90007934570315,164.076123046875
16,66,316.86932373046875,164.0647399902344
16,67,316.8532958984375,164.06399841308593
16,68,316.83331909179685,164.06375122070312
16,69,316.8181335449219,164.06009826660156
16,70,316.7808410644531,164.0544891357422
16,71,316.7428649902344,164.05817260742188
16,72,316.7027221679688,164.06150512695314
16,73,316.65908203125,164.06575927734374
16,74,316.6332702636719,164.07032165527343
16,75,316.6520080566406,164.08045349121093
16,76,316.67677612304686,164.08041687011718
16,77,316.6859191894531,164.07419128417968
16,78,316.7072937011719,164.07688598632814
16,79,316.71165161132814,164.08385314941407
16,80,316.7101989746094,164.09166259765627
16,81,316.7172546386719,164.10330505371095
16,82,316.75396728515625,164.12517395019535
16,83,316.78460083007815,164.1489410400391
16,84,316.8362060546875,164.17124328613284
16,85,316.8736999511719,164.18922424316406
16,86,316.90190429687505,164.21417541503905
16,87,316.9129150390625,164.2292449951172
16,88,316.91362915039065,164.24167175292968
16,89,316.9022644042969,164.24480285644532
16,90,316.9066467285156,164.24325256347655
16,91,316.91297607421876,164.22674255371095
16,92,316.9173522949219,164.20050354003905
16,93,316.9369201660156,164.1677032470703
16,94,316.9209045410156,164.1400573730469
16,95,316.92442626953124,164.11484374999998
16,96,316.91673583984374,164.09661560058592
16,97,316.9146728515625,164.07322692871094
16,98,316.9116516113281,164.05440979003907
16,99,316.95692138671876,164.04358825683596
16,100,316.9787902832031,164.03488159179688
16,101,317.0087158203125,164.02594604492188
16,102,317.0301696777344,164.0323028564453
16,103,317.0467407226563,164.04371643066406
16,104,317.04794921875003,164.0556427001953
16,105,317.04107055664065,164.064892578125
16,106,317.0249328613281,164.0670928955078
16,107,316.9938293457031,164.09144897460942
16,108,316.964697265625,164.09661254882815
16,109,316.9449645996094,164.10455627441408
16,110,316.91663818359376,164.09942016601565
16,111,316.9047546386719,164.1065582275391
16,112,316.9410278320313,164.09632568359376
16,113,316.91859130859376,164.12147216796876
16,114,316.923779296875,164.1569763183594
16,115,316.877197265625,164.22364196777346
16,116,316.7953552246094,164.30596008300785
16,117,316.70871582031253,164.34285278320314
16,118,316.6220642089844,164.4008728027344
16,119,316.5551391601563,164.49492797851562
16,120,316.7043823242188,164.63771057128906
16,121,316.9341735839844,164.90082397460935
16,122,317.1047668457031,165.2535919189453
16,123,317.4420227050781,165.55638122558594
16,124,317.77314453125,165.88999023437503
16,125,317.869140625,166.0240417480469
16,126,317.94122924804685,165.94747009277347
16,127,317.9981994628906,165.9159637451172
16,128,317.89653930664065,165.9712127685547
16,129,317.7768127441406,165.9069030761719
16,130,317.61357421875005,165.87938232421874
16,131,317.5279296875,165.94620056152345
16,132,317.39381103515626,165.9403289794922
16,133,317.41884765625,165.88365173339844
16,134,317.5884460449219,165.93350219726562
16,135,317.90525512695314,166.20953674316408
16,136,318.12788696289067,166.5950744628906
16,137,318.4768432617188,166.90328674316407
16,138,318.7554504394531,167.07618103027343
16,139,318.80707397460935,167.1186462402344
16,140,318.79613037109374,166.93023376464842
16,141,318.8740478515625,166.53788757324222
16,142,318.90247192382816,166.22849121093753
16,143,318.81848754882816,166.0552856445313
16,144,318.7200988769531,165.86821289062505
16,145,318.63476562500006,165.8980407714844
16,146,318.4879211425781,165.9779754638672
16,147,318.27122802734374,165.95522460937502
16,148,318.06610717773435,165.78335571289062
16,149,317.93914184570315,165.64868469238283
16,150,317.81760864257814,165.38396911621095
16,151,317.5735595703125,165.10857543945315
16,152,317.4389221191406,164.8937194824219
16,153,317.30314331054683,164.7508728027344
16,154,317.1418395996094,164.6338623046875
16,155,316.9831481933594,164.5369873046875
16,156,316.8168090820312,164.44837646484376
16,157,316.63897094726565,164.30421142578126
16,158,316.55787353515626,164.2127258300781
16,159,316.5362915039063,164.12413024902344
16,160,316.6095397949219,164.08094482421876
16,161,316.7673767089844,164.11357421875002
16,162,316.91444702148436,164.17866516113284
16,163,317.0581909179688,164.21423339843753
16,164,317.0846252441406,164.24996337890627
16,165,317.06099243164067,164.26600952148436
16,166,316.9957702636719,164.23717041015627
16,167,316.98301391601564,164.28502197265627
16,168,316.94135131835935,164.3431304931641
16,169,316.939990234375,164.39642333984375
16,170,316.9298522949219,164.4139831542969
16,171,316.95744628906255,164.41940307617188
16,172,316.959765625,164.38221740722656
16,173,316.96254272460936,164.37112426757812
16,174,316.9521118164063,164.30404052734374
16,175,316.91513671875,164.22417907714845
16,176,316.86811523437495,164.10949096679687
16,177,316.7601684570312,164.04250793457032
16,178,316.8177490234375,163.97410583496094
16,179,316.937939453125,164.04017333984376
16,180,317.022412109375,164.13161926269532
16,181,317.1592651367187,164.2958709716797
16,182,317.41614379882816,164.40052185058596
16,183,317.4911865234375,164.4897888183594
16,184,317.63193359375,164.5331573486328
16,185,317.7951293945313,164.60883178710938
16,186,317.9225830078125,164.62187805175782
16,187,317.9243103027344,164.63470153808595
16,188,317.93372192382816,164.68025512695314
16,189,317.9377502441406,164.7025299072266
16,190,317.9363891601563,164.6856903076172
16,191,317.8796813964844,164.6632751464844
16,192,317.7971130371094,164.61900329589847
16,193,317.73961181640624,164.56238708496093
16,194,317.5773376464844,164.48441467285156
16,195,317.4757568359375,164.4554595947266
16,196,317.30609130859375,164.4118835449219
16,197,317.2903625488281,164.37284240722659
16,198,317.2910217285156,164.3647705078125
16,199,317.408203125,164.41809082031253
16,200,317.63779296875,164.50613098144532
16,201,317.9003845214844,164.64127197265626
16,202,318.15057373046875,164.92371826171876
16,203,318.2969421386719,165.2147277832031
16,204,318.2714050292969,165.56020507812502
16,205,318.1596313476563,165.9524688720703
16,206,318.1488830566406,166.4891326904297
16,207,318.0462219238281,166.89502563476563
16,208,317.96034545898436,167.1662506103516
16,209,317.97543945312503,167.33644409179692
16,210,317.8980163574219,167.41907653808596
16,211,317.794873046875,167.23172607421878
16,212,317.6044616699219,167.02083740234377
16,213,317.48301391601564,166.8861053466797
16,214,317.3002075195312,166.71051940917968
16,215,317.13182373046874,166.43586120605468
16,216,316.88937988281253,166.27935485839845
16,217,316.7603454589844,166.0937255859375
16,218,316.6237854003906,165.95745544433595
16,219,316.54241333007815,165.87661132812502
16,220,316.5401550292969,165.83838195800783
16,221,316.6234497070313,165.7916687011719
16,222,316.6886840820313,165.85223999023435
16,223,316.72519531250003,165.89783020019533
16,224,316.7874755859375,165.9704345703125
16,225,316.94854736328125,166.13743591308594
16,226,317.20892333984375,166.37868041992186
16,227,317.40119018554685,166.57105712890626
16,228,317.59083862304686,166.75429382324222
16,229,317.7892822265625,166.89595336914064
16,230,317.7061462402344,166.8169952392578
16,231,317.5288940429688,166.67312011718752
16,232,317.4285461425781,166.43749084472657
16,233,317.38986816406253,166.1815093994141
16,234,317.2931701660156,165.8540466308594
16,235,317.36305541992186,165.70915832519532
16,236,317.42620849609375,165.5627624511719
16,237,317.49690551757817,165.4656982421875
16,238,317.366796875,165.38120727539064
16,239,317.24863281250003,165.38556823730468
16,240,317.1181518554688,165.36843872070312
16,241,317.01014404296876,165.38931274414062
16,242,316.87635498046876,165.44244995117188
16,243,316.7568298339844,165.36962890625
16,244,316.6118774414063,165.26777954101564
16,245,316.51649780273436,165.1243377685547
16,246,316.4089294433594,165.01255798339847
16,247,316.4585693359375,164.95901184082032
16,248,316.6422973632813,165.0554718017578
16,249,316.8650695800781,165.17800903320315
16,250,317.0484924316406,165.28168334960938
16,251,317.3421569824219,165.34176025390627
16,252,317.52251586914065,165.3832977294922
16,253,317.72796020507815,165.39471435546878
16,254,317.91863403320315,165.38354492187503
16,255,318.01141967773435,165.38582763671877
16,256,317.92177734375,165.35328674316406
16,257,317.7471069335938,165.2139953613281
16,258,317.5937683105469,165.0331237792969
16,259,317.4678466796875,164.8492370605469
16,260,317.40710449218756,164.69876708984373
16,261,317.38950805664064,164.50183410644533
16,262,317.3180236816406,164.3974853515625
16,263,317.1807434082031,164.35077209472658
16,264,316.991064453125,164.328759765625
16,265,316.76950683593753,164.34117736816407
16,266,316.5992797851562,164.440478515625
16,267,316.4902404785156,164.56607666015626
16,268,316.4742065429687,164.67989501953124
16,269,316.46905517578125,164.79676818847656
16,270,316.5134704589844,164.829736328125
16,271,316.67639770507816,164.84959106445314
16,272,316.9319519042969,164.88954467773436
16,273,317.1312561035156,164.86887817382814
16,274,317.3150939941406,164.81797180175784
16,275,317.45512695312505,164.81572875976562
16,276,317.39686889648436,164.76766052246094
16,277,317.26253051757817,164.63800354003905
16,278,317.1139404296875,164.5355224609375
16,279,317.0013061523438,164.44854125976562
16,280,316.8882934570313,164.36044006347657
16,281,316.80186767578124,164.3250213623047
16,282,316.73681640625,164.32727050781253
16,283,316.70115966796874,164.37799682617188
16,284,316.7055603027344,164.44381408691407
16,285,316.74885253906257,164.49655456542968
16,286,316.87843017578126,164.5214599609375
16,287,317.11817016601566,164.574853515625
16,288,317.35992431640625,164.68088073730468
16,289,317.563427734375,164.78289184570315
16,290,317.7506408691406,164.92225341796876
16,291,317.80322265625,165.00921325683592
16,292,317.77252807617185,165.07711181640624
16,293,317.7704711914063,165.07782592773438
16,294,317.7634155273438,165.05140380859376
16,295,317.8123291015625,164.9725524902344
16,296,317.9415466308594,164.93450317382815
16,297,317.9716857910156,164.88155822753907
16,298,317.9478454589844,164.8215301513672
16,299,317.9211120605469,164.7785614013672
16,300,317.8451049804687,164.75269775390626
16,301,317.7316040039062,164.76651611328126
16,302,317.8128112792969,164.77070922851564
16,303,317.9199584960937,164.76063537597656
16,304,318.0125183105469,164.77695922851564
16,305,318.0826110839844,164.82369689941407
16,306,318.20738525390624,164.84145507812502
16,307,318.2560974121094,164.8492858886719
16,308,318.19990844726567,164.88856201171873
16,309,318.1493347167969,164.89665527343752
16,310,318.1407409667969,164.94979858398438
16,311,318.1292358398438,165.02225036621093
16,312,318.06685180664067,165.15906677246093
16,313,318.09356079101565,165.30135498046874
16,314,318.0717041015625,165.48976135253906
16,315,318.11494140625,165.5343322753906
16,316,318.1272888183594,165.53166503906252
16,317,318.1602294921875,165.4210632324219
16,318,318.14963378906253,165.2270202636719
16,319,318.2621215820312,164.96053161621094
16,320,318.29949340820315,164.76329650878907
16,321,318.3592895507812,164.6244354248047
16,322,318.3121215820313,164.58754882812502
16,323,318.23408203125,164.6597412109375
16,324,318.07167358398436,164.78370971679686
16,325,317.7940734863281,164.95047607421876
16,326,317.4720764160156,165.06443481445314
16,327,317.3426696777344,165.14302062988284
16,328,317.2903747558594,165.08862915039066
16,329,317.3081420898438,165.01103515625002
16,330,317.44805297851565,164.92444763183596
16,331,317.690380859375,164.84024963378909
16,332,317.8834350585937,164.7544128417969
16,333,318.1240905761719,164.8178253173828
16,334,318.12129516601567,164.99374389648438
16,335,318.1080322265625,165.1598083496094
16,336,318.057275390625,165.26294250488283
16,337,318.03953247070314,165.2710693359375
16,338,317.8914733886719,165.15125427246093
16,339,317.9285888671875,164.9649383544922
16,340,317.9285095214844,164.80334777832033
16,341,317.852685546875,164.79141845703126
16,342,317.6842346191406,164.862744140625
16,343,317.5662109375,164.96423950195313
16,344,317.4763610839844,165.00205993652344
16,345,317.4425109863281,164.98216247558594
16,346,317.4510131835938,164.8888702392578
16,347,317.41301879882815,164.76536254882814
16,348,317.35654907226564,164.6084167480469
16,349,317.2636657714844,164.5123474121094
16,350,317.1057861328125,164.4273162841797
16,351,316.99656982421874,164.3238250732422
16,352,316.9526733398437,164.25425415039064
16,353,317.0064697265625,164.27991638183596
16,354,317.1332641601563,164.28816223144534
16,355,317.2184753417969,164.30557861328128
16,356,317.23698730468755,164.3240692138672
16,357,317.2878295898438,164.30782775878907
16,358,317.2866943359375,164.30149841308594
16,359,317.208349609375,164.33742980957032
16,360,317.1911315917969,164.36017150878908
16,361,317.2534057617188,164.44526977539064
16,362,317.35169677734376,164.57235412597657
16,363,317.46506347656253,164.64786682128909
16,364,317.5982360839844,164.68613891601564
16,365,317.7284240722656,164.74310607910158
16,366,317.75099487304686,164.7655212402344
16,367,317.6275695800781,164.7599365234375
16,368,317.46328125,164.78581542968752
16,369,317.3079467773438,164.79566955566406
16,370,317.1658142089844,164.7482666015625
16,371,317.1625122070312,164.75982360839845
16,372,317.2843444824219,164.7716491699219
16,373,317.3898864746094,164.80859375
16,374,317.488330078125,164.82019348144533
16,375,317.5676635742187,164.86727294921877
16,376,317.4803405761719,164.83565673828127
16,377,317.34819946289065,164.80021057128909
16,378,317.2382873535156,164.63054504394532
16,379,317.17636718750003,164.40998840332034
16,380,317.0847534179687,164.15158996582034
16,381,317.02659301757814,163.8873229980469
16,382,317.0436706542969,163.6330718994141
16,383,317.16632690429685,163.45425415039065
16,384,317.25237426757815,163.3353515625
16,385,317.3327514648438,163.26770935058596
16,386,317.46583251953126,163.2725799560547
16,387,317.5373962402344,163.39592590332032
16,388,317.4974304199219,163.558837890625
16,389,317.3739074707031,163.76128234863282
16,390,317.3205261230469,163.93946838378906
16,391,317.24896850585935,164.10033569335937
16,392,317.1218444824219,164.18926696777345
16,393,317.06817626953125,164.2488525390625
16,394,317.16229248046875,164.31099853515627
16,395,317.2822509765625,164.4419860839844
16,396,317.42505493164066,164.58840332031252
16,397,317.5942687988281,164.6378387451172
16,398,317.72772216796875,164.64611206054687
16,399,317.7495910644531,164.5954162597656
16,400,317.7161499023438,164.53338928222658
16,401,317.7473815917969,164.42603454589843
16,402,317.73468017578125,164.3806945800781
16,403,317.7261657714844,164.35599670410159
16,404,317.7097473144531,164.40628356933593
16,405,317.72485961914066,164.4389190673828
16,406,317.51372680664065,164.4137390136719
16,407,317.40149536132816,164.3898681640625
16,408,317.28621215820317,164.35345458984375
16,409,317.17538452148443,164.20487365722656
16,410,316.97470703125003,164.05753173828126
16,411,316.95789794921876,163.98973999023437
16,412,316.90118408203125,163.96429138183595
16,413,316.9306396484375,164.00496520996091
16,414,316.94884643554684,164.10693664550783
16,415,317.0692443847656,164.19437255859373
16,416,317.1654724121094,164.3208953857422
16,417,317.2430603027344,164.4141632080078
16,418,317.2554016113281,164.49597473144533
16,419,317.3064880371094,164.5662780761719
16,420,317.28569335937505,164.60701599121094
16,421,317.2071716308594,164.56937255859376
16,422,317.11175537109375,164.49842529296876
16,423,316.97385864257814,164.38762512207035
16,424,316.8169189453125,164.31560668945315
16,425,316.68873901367186,164.27704772949218
16,426,316.62013549804686,164.2734832763672
16,427,316.5851806640625,164.25736389160159
16,428,316.5639892578125,164.25722656250002
16,429,316.523193359375,164.18257751464847
16,430,316.5428894042969,164.0574462890625
16,431,316.58497314453126,163.90621948242188
16,432,316.657958984375,163.78372497558593
16,433,316.69684448242185,163.63384094238282
16,434,316.74542236328125,163.48914489746093
16,435,316.7947082519531,163.43227233886716
16,436,316.79982299804686,163.41687316894533
16,437,316.80002441406253,163.47197265625
16,438,316.82001953125,163.53582153320312
16,439,316.8752197265625,163.66254272460938
16,440,316.9081176757812,163.7419403076172
16,441,316.9893798828125,163.8392120361328
16,442,316.9827514648438,163.87133178710937
16,443,316.97019653320314,163.9272003173828
16,444,316.9637878417969,163.98787231445314
16,445,316.8944274902344,164.049658203125
16,446,316.7893371582031,164.07045898437502
16,447,316.75667114257817,164.1258026123047
16,448,316.73888549804684,164.16919555664066
16,449,316.70513916015625,164.1695678710938
16,450,316.73310546875,164.14337158203125
16,451,316.7247802734375,164.11096801757816
16,452,316.735791015625,164.0371307373047
16,453,316.769921875,163.95929260253908
16,454,316.7609802246094,163.88054809570315
16,455,316.7389892578125,163.83401489257815
16,456,316.6962036132813,163.8009765625
16,457,316.6223876953125,163.79378662109377
16,458,316.51694946289064,163.80378112792968
16,459,316.4958190917969,163.86722106933595
16,460,316.50513305664066,163.9522644042969
16,461,316.61553344726565,164.03222656250003
16,462,316.7278076171875,164.11167297363284
16,463,316.8239807128906,164.18541259765624
16,464,316.85943603515625,164.2370819091797
16,465,316.8468017578125,164.25973815917968
16,466,316.8108276367188,164.218310546875
16,467,316.76323242187505,164.1821014404297
16,468,316.7127990722657,164.13326416015624
16,469,316.72918701171875,164.0508819580078
16,470,316.74189453125,163.97185668945312
16,471,316.7335632324219,163.95801696777343
16,472,316.7314575195313,163.92769775390624
16,473,316.7714538574219,163.89666137695312
16,474,316.8010498046875,163.8847198486328
16,475,316.8464294433594,163.88631286621094
16,476,316.88776245117185,163.88077697753906
16,477,316.93988647460935,163.87855529785156
16,478,316.913720703125,163.9354278564453
16,479,316.8801330566406,163.99044189453124
16,480,316.82708740234375,164.0137481689453
16,481,316.78868408203124,164.0424041748047
16,482,316.70953369140625,164.06859130859374
16,483,316.7226135253906,164.0676025390625
16,484,316.7525756835938,164.08301696777343
16,485,316.81303710937505,164.13040161132812
16,486,316.8303161621094,164.17403564453127
16,487,316.86383666992185,164.20624389648438
16,488,316.89918212890626,164.2071044921875
16,489,316.9297424316406,164.18559570312502
16,490,316.92616577148436,164.13553161621095
16,491,316.96335449218753,164.1098388671875
16,492,316.99296264648444,164.10669860839846
16,493,316.98982543945317,164.1148406982422
16,494,316.92884521484376,164.12574157714846
16,495,316.87632446289064,164.15113220214846
16,496,316.82646484375,164.16593322753909
16,497,316.8000854492188,164.17754516601562
16,498,316.78312377929683,164.2025634765625
16,499,316.8118408203125,164.21794738769532
16,500,316.83363037109376,164.2251434326172
16,501,316.8704284667969,164.19470825195313
16,502,316.88172607421876,164.1417938232422
16,503,316.89624633789066,164.07152099609377
16,504,316.87718505859374,163.99434509277344
16,505,316.8375183105469,163.93528442382816
16,506,316.7966796875,163.91863403320315
16,507,316.8000732421875,163.9281768798828
16,508,316.80229492187505,163.9248962402344
16,509,316.8392639160156,163.94826660156252
16,510,316.8950500488281,163.91866149902344
16,511,316.9401428222656,163.89234619140626
16,512,316.9707885742188,163.8365936279297
16,513,316.9731689453125,163.81338806152345
16,514,316.8699890136719,163.8273651123047
16,515,316.7850280761719,163.88193359375003
16,516,316.6747253417969,163.91551208496094
16,517,316.6014404296875,163.96001892089845
16,518,316.5447143554688,163.9925567626953
16,519,316.60918579101565,163.98625793457032
16,520,316.68329467773435,163.9823913574219
16,521,316.7946594238281,163.97903137207032
16,522,316.88823242187505,163.98599548339845
16,523,316.9818420410156,163.9836669921875
16,524,317.0569763183594,164.00416259765626
16,525,317.1274841308594,164.02220764160157
16,526,317.10701293945317,164.02313232421875
16,527,317.1248046875,164.03365478515627
16,528,317.1260681152344,164.06639404296874
16,529,317.078125,164.07833251953127
16,530,317.0437561035156,164.09642333984377
16,531,317.10907592773435,164.16056823730472
16,532,317.1183227539063,164.2178955078125
16,533,317.161376953125,164.27200927734376
16,534,317.24118041992193,164.3201599121094
16,535,317.29758300781253,164.3582702636719
16,536,317.32603759765624,164.3592010498047
16,537,317.3562744140625,164.34251708984377
16,538,317.31170043945315,164.30080261230472
16,539,317.27378540039064,164.2602233886719
16,540,317.24940185546876,164.22251586914064
16,541,317.2044982910156,164.1880889892578
16,542,317.15464477539064,164.16145629882814
16,543,317.1369323730469,164.15515441894533
16,544,317.1037841796875,164.1565124511719
16,545,317.05868530273443,164.15444030761722
16,546,317.01422729492185,164.16758117675784
16,547,316.9649353027344,164.1814880371094
16,548,316.93341064453125,164.18135375976564
16,549,316.91074829101564,164.16156005859375
16,550,316.8283142089844,164.153564453125
16,551,316.7940124511719,164.1428649902344
16,552,316.7986633300781,164.12767028808594
16,553,316.8116394042969,164.12770080566406
16,554,316.83454589843745,164.1562957763672
16,555,316.95301513671876,164.1858673095703
16,556,317.0412963867187,164.20916748046875
16,557,317.1122741699219,164.23611755371093
16,558,317.18945922851566,164.26462097167968
16,559,317.254736328125,164.2603546142578
16,560,317.2859191894531,164.24924926757814
16,561,317.31220703125,164.2419158935547
16,562,317.3449951171875,164.25263061523438
16,563,317.36358032226565,164.25292053222657
16,564,317.3490905761719,164.25245056152346
16,565,317.3169372558594,164.26623840332033
16,566,317.262744140625,164.2721618652344
16,567,317.1754150390625,164.24064025878906
16,568,317.09833374023435,164.2073181152344
16,569,317.05499877929685,164.18555297851563
16,570,317.0124694824219,164.15219116210938
16,571,316.980029296875,164.12015075683595
16,572,316.94293212890625,164.11186828613282
16,573,316.8896850585937,164.10303955078126
16,574,316.8256530761719,164.1188171386719
16,575,316.7902282714844,164.13726806640628
16,576,316.7628479003906,164.16036682128907
16,577,316.75681762695314,164.19075927734374
16,578,316.7604248046875,164.22428283691406
16,579,316.7622497558594,164.23726806640624
16,580,316.7471984863281,164.22363586425783
16,581,316.748193359375,164.20401611328126
16,582,316.75654296875,164.16850585937502
16,583,316.76799926757815,164.12261657714845
16,584,316.7963623046875,164.08212280273435
16,585,316.82861328125,164.05975952148438
16,586,316.85803833007816,164.02565307617186
16,587,316.9210876464844,164.02086181640627
16,588,316.9823913574219,164.0268310546875
16,589,317.0392822265625,164.0306121826172
17,0,332.79237405245283,162.28518052391945
17,1,333.18309962871854,162.5093189576781
17,2,333.56304029287486,162.7319681336242
17,3,333.9559326171875,162.97012023925782
17,4,333.845947265625,162.96106872558593
17,5,333.8144958496094,162.99284973144532
17,6,333.77922363281255,163.00814208984374
17,7,333.7452026367188,163.02818298339844
17,8,333.6822021484375,163.038525390625
17,9,333.6349182128906,163.0337677001953
17,10,333.5548828125,163.04503173828124
17,11,333.4850524902344,163.0788116455078
17,12,333.38413696289064,163.08187255859374
17,13,333.3042419433594,163.0696533203125
17,14,333.22681274414066,163.07083129882812
17,15,333.2123046875,163.0485046386719
17,16,333.1778747558594,163.00942993164062
17,17,333.1717163085938,162.98992309570315
17,18,333.1566223144531,162.97277221679687
17,19,333.12638549804683,162.95711975097657
17,20,333.07330932617185,162.94127197265624
17,21,333.0261596679688,162.93017578125
17,22,332.99591674804685,162.94478149414064
17,23,332.9808715820312,162.9658233642578
17,24,332.9620056152344,163.0144500732422
17,25,332.9679138183594,163.06663208007814
17,26,332.98569335937503,163.12829589843753
17,27,333.0051513671876,163.17161560058594
17,28,332.9966064453125,163.21477966308595
17,29,333.0245727539062,163.21800842285157
17,30,333.03093261718755,163.21557006835937
17,31,333.0189331054688,163.1966827392578
17,32,333.0082153320313,163.18152465820313
17,33,333.01481323242194,163.16690368652343
17,34,332.9991821289062,163.11024780273436
17,35,333.00086669921876,163.06439208984375
17,36,332.9903930664063,163.04017333984376
17,37,332.95159301757815,163.00552978515626
17,38,332.91696777343753,162.9830352783203
17,39,332.88876953125003,163.00756530761717
17,40,332.8553405761719,163.01548461914064
17,41,332.8465515136719,162.99744873046873
17,42,332.8594116210937,162.98297424316405
17,43,332.8731323242188,162.9736999511719
17,44,332.8856140136719,162.97760314941408
17,45,332.8950500488281,162.96995239257814
17,46,332.8534729003906,162.9362030029297
17,47,332.8287414550781,162.8992889404297
17,48,332.7963500976563,162.84475708007815
17,49,332.75569458007817,162.78015441894533
17,50,332.7014404296876,162.74668884277344
17,51,332.6996520996094,162.74107666015627
17,52,332.69833984375,162.7722869873047
17,53,332.7087341308594,162.8096740722656
17,54,332.720166015625,162.85355224609378
17,55,332.7477661132813,162.88670959472657
17,56,332.7738220214844,162.9325134277344
17,57,332.80067138671876,162.94499816894532
17,58,332.7902770996094,162.93132324218752
17,59,332.80645141601565,162.92496337890626
17,60,332.8196166992187,162.91961059570315
17,61,332.8190673828125,162.9308319091797
17,62,332.7725830078125,162.95050659179688
17,63,332.7585266113281,162.98663940429688
17,64,332.71132202148436,163.02073669433597
17,65,332.6680053710938,163.05056762695315
17,66,332.6330993652344,163.05596618652345
17,67,332.6284301757813,163.07288513183596
17,68,332.6261108398438,163.09480590820314
17,69,332.6321044921875,163.1152282714844
17,70,332.67197265625,163.08987731933595
17,71,332.72186889648435,163.06169433593752
17,72,332.7472290039062,163.03109436035157
17,73,332.7636413574219,163.00027465820312
17,74,332.7878723144531,162.97306213378909
17,75,332.77740478515625,162.99765319824218
17,76,332.7673400878906,163.0304931640625
17,77,332.77283325195316,163.04581298828123
17,78,332.7859558105469,163.0716125488281
17,79,332.7954223632813,163.08634033203123
17,80,332.7948303222656,163.08580322265627
17,81,332.8126220703125,163.09158325195315
17,82,332.8675354003906,163.0871124267578
17,83,332.9155944824219,163.08742980957032
17,84,332.95672607421875,163.07603759765627
17,85,333.0068969726563,163.0656707763672
17,86,333.0231811523438,163.06283569335938
17,87,333.00407714843755,163.07373046875
17,88,332.9895690917969,163.0587219238281
17,89,332.96284179687507,163.0599334716797
17,90,332.92846679687506,163.06478576660157
17,91,332.8980407714844,163.04697875976564
17,92,332.8732788085938,163.02198181152343
17,93,332.84714355468753,163.00209045410156
17,94,332.778662109375,162.99253540039064
17,95,332.73811645507817,162.9694793701172
17,96,332.6921020507813,162.97432556152344
17,97,332.6526245117187,162.98103637695314
17,98,332.6088500976562,163.00488281250003
17,99,332.6219116210938,163.00543212890628
17,100,332.60618286132814,163.02099609375003
17,101,332.61195068359376,163.02625732421876
17,102,332.63253784179693,163.02721252441407
17,103,332.6600036621094,163.02045288085938
17,104,332.6828796386719,163.02942810058593
17,105,332.7202270507813,163.03756103515624
17,106,332.70538940429697,163.0187774658203
17,107,332.6673828125,163.04439392089847
17,108,332.6192626953125,163.05272216796874
17,109,332.5726135253907,163.06127014160154
17,110,332.49282226562497,163.0751190185547
17,111,332.4564147949219,163.09834289550784
17,112,332.4563293457031,162.9970916748047
17,113,332.5163757324219,162.92372436523436
17,114,332.61838989257814,162.86722717285156
17,115,332.73662109375005,162.82279052734376
17,116,332.8685485839844,162.7913604736328
17,117,332.93436279296884,162.8049530029297
17,118,332.9335815429688,162.8132781982422
17,119,333.02941894531256,162.83711547851564
17,120,333.1912231445313,162.91074523925784
17,121,333.3350219726563,163.03994140625
17,122,333.5077819824219,163.29714660644532
17,123,333.7750244140625,163.51730346679688
17,124,333.78706054687507,163.69685363769534
17,125,333.80368041992193,163.76391906738283
17,126,333.8781921386719,163.68717041015628
17,127,333.9834411621094,163.51697387695313
17,128,333.91630859375,163.46969604492188
17,129,333.9442504882813,163.348583984375
17,130,333.9119873046875,163.31059875488282
17,131,333.8922058105469,163.33730773925782
17,132,333.8155517578125,163.37763366699218
17,133,333.8756103515625,163.3391632080078
17,134,333.9676147460938,163.39111633300783
17,135,334.12470703125007,163.48448791503904
17,136,334.1899536132813,163.62494201660155
17,137,334.1979736328125,163.70945129394534
17,138,334.1807495117187,163.72374267578127
17,139,334.18736572265624,163.7147186279297
17,140,334.0422668457031,163.6147888183594
17,141,334.0860290527344,163.40984191894532
17,142,334.2440673828125,163.26773376464845
17,143,334.3724609375,163.18262329101563
17,144,334.4751220703125,163.10696411132812
17,145,334.64251098632815,163.0562713623047
17,146,334.6165161132813,163.03252563476562
17,147,334.48295898437505,163.01880493164063
17,148,334.31755371093755,162.9854736328125
17,149,334.246142578125,162.96791076660156
17,150,334.15600585937494,162.8581970214844
17,151,334.042529296875,162.79974365234375
17,152,333.95137329101567,162.74746704101562
17,153,333.9586181640625,162.73594665527344
17,154,333.74534912109374,162.7006805419922
17,155,333.6071716308594,162.7099182128906
17,156,333.50341796875,162.75396728515628
17,157,333.39124145507816,162.63768005371094
17,158,333.309765625,162.48593139648438
17,159,333.3701110839844,162.35810546875
17,160,333.4000305175781,162.25596923828127
17,161,333.5104736328125,162.1732116699219
17,162,333.6164855957031,162.1910308837891
17,163,333.6408630371094,162.2126434326172
17,164,333.6352233886719,162.2153045654297
17,165,333.7200866699219,162.2747009277344
17,166,333.5665954589844,162.28687438964843
17,167,333.50714111328125,162.3124755859375
17,168,333.42274169921876,162.3836669921875
17,169,333.2626708984375,162.45400390625002
17,170,333.0527648925781,162.47546386718747
17,171,333.05754394531255,162.4505157470703
17,172,333.0159790039063,162.4784912109375
17,173,332.9843444824219,162.52456665039062
17,174,333.08782958984375,162.5227783203125
17,175,333.1676147460937,162.5189239501953
17,176,333.2155334472656,162.52108154296874
17,177,333.330029296875,162.53657226562498
17,178,333.44272460937503,162.45900268554686
17,179,333.46957397460943,162.46698913574218
17,180,333.4705017089844,162.51461791992188
17,181,333.4577392578125,162.658935546875
17,182,333.42939453125007,162.75484313964844
17,183,333.43403320312507,162.88294982910156
17,184,333.59213256835943,162.98831481933595
17,185,333.70686645507817,163.0535095214844
17,186,333.81213378906256,163.01196594238283
17,187,333.88567504882815,162.99187622070315
17,188,333.9222351074219,162.97568664550784
17,189,333.85663452148447,162.93561096191405
17,190,333.7555236816407,162.8629669189453
17,191,333.71323242187503,162.85149841308595
17,192,333.7025512695313,162.8182586669922
17,193,333.77632446289067,162.7016296386719
17,194,333.84766235351566,162.54622497558594
17,195,333.9925476074219,162.53587036132814
17,196,334.04873046875,162.5465576171875
17,197,334.0300537109375,162.5001678466797
17,198,333.9384887695312,162.51737060546878
17,199,333.88530883789065,162.64913024902344
17,200,333.94721069335935,162.75696411132813
17,201,334.0629577636719,162.7888000488281
17,202,334.1544982910156,162.86412353515624
17,203,334.17100219726564,162.99816284179687
17,204,334.11472778320314,163.12637329101562
17,205,333.94044189453126,163.17982482910156
17,206,333.6778747558594,163.2928466796875
17,207,333.47730102539066,163.43351135253906
17,208,333.39253540039067,163.49844055175782
17,209,333.3737487792969,163.4891540527344
17,210,333.3684997558594,163.45437927246095
17,211,333.37791748046874,163.3927734375
17,212,333.30657348632815,163.3342498779297
17,213,333.24902954101566,163.32510375976562
17,214,333.1351013183594,163.28793945312503
17,215,333.00267333984374,163.30021057128909
17,216,332.8785888671875,163.3057861328125
17,217,332.84433593750003,163.26190490722655
17,218,332.7646667480469,163.2446502685547
17,219,332.69848632812506,163.29631652832032
17,220,332.68930664062503,163.2948150634766
17,221,332.7128601074219,163.3224090576172
17,222,332.7261779785156,163.409375
17,223,332.71455078125007,163.44097900390625
17,224,332.736083984375,163.46328125000002
17,225,332.7577026367188,163.5234100341797
17,226,332.93095092773433,163.61031494140627
17,227,333.0868225097657,163.6533966064453
17,228,333.2453735351563,163.70037841796878
17,229,333.30692138671884,163.75209655761722
17,230,333.33876953125,163.75696716308596
17,231,333.2698852539063,163.681787109375
17,232,333.3233337402344,163.59246215820315
17,233,333.43377075195315,163.51813354492188
17,234,333.6848999023438,163.40016174316406
17,235,334.0080322265625,163.32838134765626
17,236,334.30854492187495,163.25862731933594
17,237,334.48723144531255,163.19043579101563
17,238,334.429736328125,163.1792205810547
17,239,334.2745300292969,163.16809692382813
17,240,334.02882080078126,163.1057312011719
17,241,333.7222534179688,163.07790832519532
17,242,333.4053405761719,163.0985107421875
17,243,333.3231079101563,163.00908203125002
17,244,333.31514282226567,162.9298278808594
17,245,333.3179565429688,162.8784606933594
17,246,333.34687499999995,162.89099731445316
17,247,333.4278503417969,162.88221130371096
17,248,333.49497680664064,162.94937744140626
17,249,333.5420349121094,163.02853393554688
17,250,333.64820556640626,163.100634765625
17,251,333.8741760253906,163.10216064453124
17,252,334.0339050292969,163.06710510253905
17,253,334.1389099121094,162.96614990234374
17,254,334.2514892578125,162.8437408447266
17,255,334.2453918457031,162.74315185546877
17,256,334.0606323242187,162.7163330078125
17,257,333.9222900390625,162.6761535644531
17,258,333.86115722656245,162.65953674316407
17,259,333.80408325195316,162.66498413085938
17,260,333.78466796875,162.65613708496096
17,261,333.92136840820314,162.47732238769532
17,262,334.04676513671876,162.40937805175784
17,263,334.0800659179688,162.42978820800784
17,264,333.9753356933594,162.43184509277344
17,265,333.81669921875005,162.45105895996096
17,266,333.61557006835943,162.53766479492188
17,267,333.3890502929688,162.56680297851562
17,268,333.18273925781256,162.50951232910157
17,269,333.044775390625,162.46617431640627
17,270,333.04106445312493,162.38713684082032
17,271,333.0940063476562,162.30733337402344
17,272,333.17364501953125,162.2298797607422
17,273,333.2548645019532,162.22506408691407
17,274,333.43164062500006,162.16888122558595
17,275,333.4980712890625,162.2010711669922
17,276,333.4390014648438,162.19072570800782
17,277,333.3285034179688,162.21070861816406
17,278,333.2805480957032,162.15226440429686
17,279,333.2048156738281,162.1484558105469
17,280,333.15474243164067,162.06799926757816
17,281,333.16730346679685,162.0601318359375
17,282,333.2155517578125,162.0335205078125
17,283,333.19451904296875,162.02979736328126
17,284,333.14331665039066,162.07965698242188
17,285,333.13104248046875,162.1645965576172
17,286,333.07012939453125,162.27593688964845
17,287,333.09065551757817,162.4223083496094
17,288,333.15532836914065,162.6182586669922
17,289,333.17285766601566,162.7605194091797
17,290,333.1360473632813,162.88992919921876
17,291,333.09152832031253,162.97670288085936
17,292,333.05244750976567,163.01784057617186
17,293,333.0336486816406,162.9755828857422
17,294,333.02661743164066,162.94865112304686
17,295,333.16626586914066,162.89461975097657
17,296,333.3731323242188,162.81921691894533
17,297,333.4926818847656,162.72839965820313
17,298,333.4351501464844,162.66703186035159
17,299,333.42705688476565,162.62613525390626
17,300,333.28655395507815,162.59389038085936
17,301,333.1564025878906,162.62465209960936
17,302,333.08708496093755,162.68936767578126
17,303,333.16289062500005,162.73627319335935
17,304,333.1936401367188,162.69220581054688
17,305,333.20298461914064,162.67611083984374
17,306,333.1628784179688,162.66842041015627
17,307,333.1698913574219,162.64243774414064
17,308,333.13934326171875,162.62047424316407
17,309,333.12092285156245,162.64157409667973
17,310,333.2535583496094,162.6985565185547
17,311,333.40491333007816,162.67646789550784
17,312,333.4778991699219,162.7407928466797
17,313,333.52972412109375,162.8498260498047
17,314,333.52805175781253,162.96160583496095
17,315,333.50147705078126,162.97823181152344
17,316,333.4282592773438,163.01219482421874
17,317,333.32451782226565,162.92154235839845
17,318,333.3101135253906,162.76880493164063
17,319,333.4591796875,162.62882385253906
17,320,333.5292053222656,162.60559997558593
17,321,333.5986267089844,162.6462829589844
17,322,333.7207397460938,162.67828979492188
17,323,333.79456787109376,162.76567382812502
17,324,333.6515258789062,162.80330505371091
17,325,333.3905944824219,162.82012634277345
17,326,333.1208190917969,162.79448547363282
17,327,332.9010070800782,162.84017944335938
17,328,332.7173522949219,162.8027313232422
17,329,332.7696899414063,162.8325622558594
17,330,333.0034912109375,162.82997131347656
17,331,333.26523437500003,162.82451477050782
17,332,333.4968933105469,162.7735321044922
17,333,333.7102172851563,162.83728942871093
17,334,333.76071777343753,162.9791961669922
17,335,333.73186035156255,163.07122192382815
17,336,333.7699829101563,163.1017883300781
17,337,333.7828063964844,163.0685760498047
17,338,333.7889221191406,162.9707946777344
17,339,333.84495239257814,162.75126037597659
17,340,333.85658569335936,162.60089111328128
17,341,333.79558715820315,162.54844055175784
17,342,333.63287353515625,162.6711639404297
17,343,333.5002746582031,162.74169006347657
17,344,333.3417175292969,162.78669128417968
17,345,333.22630004882814,162.75665283203128
17,346,333.12457885742185,162.70984497070313
17,347,333.1048828125,162.52411499023438
17,348,333.0828369140625,162.35550231933593
17,349,333.1188781738282,162.2699462890625
17,350,333.12249145507815,162.24283447265626
17,351,333.2220092773438,162.17880249023438
17,352,333.3319458007812,162.1511962890625
17,353,333.4557983398438,162.1326904296875
17,354,333.5504333496094,162.12523498535157
17,355,333.6347961425782,162.08934631347657
17,356,333.6611511230469,161.99994201660155
17,357,333.6678161621094,161.94075317382814
17,358,333.6328308105469,161.9758514404297
17,359,333.6025268554688,162.02891235351564
17,360,333.61162109375005,162.16671142578127
17,361,333.5895690917969,162.41467895507816
17,362,333.6484558105469,162.63004150390628
17,363,333.7523193359375,162.8272918701172
17,364,333.83001708984375,162.97449645996093
17,365,333.89421386718755,163.02019042968752
17,366,333.9436706542969,162.98508911132814
17,367,333.8374084472656,162.9621124267578
17,368,333.6888061523438,162.85995483398438
17,369,333.5677124023438,162.72994079589844
17,370,333.3940673828125,162.6125732421875
17,371,333.2614379882813,162.57486572265623
17,372,333.19738769531256,162.55799560546876
17,373,333.07846069335943,162.6214599609375
17,374,332.96358642578133,162.76646423339847
17,375,332.8827819824219,162.88460693359377
17,376,332.76762084960933,162.9710388183594
17,377,332.6523376464844,163.02965087890624
17,378,332.5748229980469,163.0553070068359
17,379,332.5921813964844,163.0331512451172
17,380,332.61541748046875,162.98482971191407
17,381,332.64182739257814,162.98430175781252
17,382,332.78508911132815,162.9828308105469
17,383,332.9479248046875,163.00209350585936
17,384,332.9903198242188,163.00750732421875
17,385,333.04233398437503,163.07916564941408
17,386,333.15769042968753,163.13396606445315
17,387,333.16729736328125,163.174560546875
17,388,333.1232116699219,163.1668365478516
17,389,333.04991455078124,163.147314453125
17,390,333.02589721679686,163.07962646484376
17,391,332.90272827148436,163.00099182128906
17,392,332.7609558105469,162.97259826660158
17,393,332.7242431640625,162.93443603515627
17,394,332.8345947265625,162.88283996582032
17,395,332.9442504882812,162.93118896484378
17,396,333.11120605468756,162.9546203613281
17,397,333.29588623046874,162.9095672607422
17,398,333.38621826171874,162.84866027832032
17,399,333.3217041015625,162.8377593994141
17,400,333.17858276367184,162.80047302246095
17,401,333.0021667480469,162.74480895996095
17,402,332.81646118164065,162.7052001953125
17,403,332.6275573730469,162.7791015625
17,404,332.5595397949219,162.8521789550781
17,405,332.6448852539063,162.9072967529297
17,406,332.7062744140625,162.93240966796876
17,407,332.7858337402344,162.96424560546876
17,408,332.93303833007815,162.9551513671875
17,409,333.0096008300781,162.85353088378906
17,410,332.9752685546875,162.72921447753905
17,411,332.9644409179688,162.65123291015627
17,412,332.9220764160156,162.62433166503908
17,413,332.8962768554687,162.55464477539064
17,414,332.8277709960937,162.54980773925783
17,415,332.7963073730469,162.516064453125
17,416,332.8359741210937,162.53697814941407
17,417,332.88651733398444,162.50177612304688
17,418,332.83683471679694,162.49365539550783
17,419,332.78995971679683,162.4743194580078
17,420,332.69981079101564,162.50184631347656
17,421,332.5761474609375,162.50173034667972
17,422,332.43869628906253,162.56865539550782
17,423,332.43242797851565,162.6319061279297
17,424,332.47444458007817,162.74809570312502
17,425,332.495849609375,162.85411987304687
17,426,332.4899841308594,162.92786560058596
17,427,332.52391967773445,162.96579895019534
17,428,332.48181762695316,162.9980163574219
17,429,332.449072265625,163.0059509277344
17,430,332.423095703125,162.99592895507814
17,431,332.4169738769531,162.98484191894534
17,432,332.4095031738281,162.95204467773436
17,433,332.43120727539065,162.91859130859376
17,434,332.4825622558594,162.86500549316406
17,435,332.63833618164057,162.8256622314453
17,436,332.7361999511719,162.7464538574219
17,437,332.80507812499997,162.70936279296876
17,438,332.83030395507814,162.65833435058596
17,439,332.83807983398435,162.61330871582032
17,440,332.8224304199219,162.57239685058596
17,441,332.8944030761719,162.62574462890626
17,442,332.9180541992188,162.64345092773436
17,443,332.95354614257815,162.6786102294922
17,444,332.96198730468745,162.73279724121093
17,445,332.9032592773438,162.81431884765627
17,446,332.78049926757814,162.86368713378909
17,447,332.7245971679688,162.91752624511722
17,448,332.70109252929694,162.94215393066406
17,449,332.6386535644532,162.94600524902347
17,450,332.61737670898435,162.925732421875
17,451,332.62000732421876,162.92917175292968
17,452,332.67116699218747,162.94693908691409
17,453,332.72255249023436,162.9703857421875
17,454,332.7614501953125,162.93622131347658
17,455,332.794287109375,162.91140441894532
17,456,332.8577514648437,162.8410339355469
17,457,332.8487426757813,162.7676727294922
17,458,332.812548828125,162.71914672851562
17,459,332.815185546875,162.73922119140627
17,460,332.82948608398436,162.74610595703126
17,461,332.7893920898438,162.7442840576172
17,462,332.78955688476566,162.76018371582032
17,463,332.79497070312505,162.75625305175782
17,464,332.7956970214844,162.74845275878909
17,465,332.7699829101563,162.7424224853516
17,466,332.7670837402344,162.72588195800782
17,467,332.763037109375,162.70863342285156
17,468,332.75443725585933,162.71717834472656
17,469,332.7465698242188,162.71349182128907
17,470,332.7326538085938,162.73350524902344
17,471,332.71302490234376,162.81105346679686
17,472,332.71442871093757,162.86841735839843
17,473,332.7211547851562,162.8984832763672
17,474,332.7565551757813,162.93945312499997
17,475,332.80988769531257,162.96142883300783
17,476,332.8841186523438,162.94900207519532
17,477,332.9273071289063,162.93548889160158
17,478,332.91745605468753,162.9658447265625
17,479,332.90399169921875,163.02222290039063
17,480,332.8646606445312,163.0750671386719
17,481,332.7967529296875,163.15320129394533
17,482,332.7375366210938,163.20455627441407
17,483,332.77669067382817,163.22686462402342
17,484,332.82858276367193,163.200439453125
17,485,332.9170227050782,163.20473327636716
17,486,332.9985717773438,163.18270874023438
17,487,333.04567871093747,163.16082763671875
17,488,333.02294921875,163.13807373046876
17,489,332.96079711914064,163.1303680419922
17,490,332.9547485351563,163.03227844238282
17,491,332.96078491210943,162.95267639160159
17,492,332.9418701171876,162.89046325683594
17,493,332.93537597656257,162.85030517578124
17,494,332.9275146484375,162.81093139648436
17,495,332.8696228027344,162.8388977050781
17,496,332.8076110839844,162.8836212158203
17,497,332.7928161621094,162.9383026123047
17,498,332.7549682617188,162.9802459716797
17,499,332.732958984375,162.9929626464844
17,500,332.712353515625,162.99518432617185
17,501,332.7054931640625,162.95197448730468
17,502,332.6731750488281,162.9288818359375
17,503,332.6835632324219,162.9117858886719
17,504,332.67918701171874,162.896142578125
17,505,332.6503845214844,162.8896942138672
17,506,332.64915161132814,162.903369140625
17,507,332.71741333007816,162.9036407470703
17,508,332.78912353515625,162.89315490722657
17,509,332.8489746093751,162.91728820800782
17,510,332.8961120605469,162.91097106933594
17,511,332.9050476074219,162.91741333007815
17,512,332.8648681640625,162.89621887207034
17,513,332.7967224121094,162.87893676757812
17,514,332.72536010742186,162.90862121582032
17,515,332.6518249511719,162.94970703125
17,516,332.6015930175782,162.98206481933593
17,517,332.55445556640626,163.02709655761717
17,518,332.5205200195312,163.0742401123047
17,519,332.51640625,163.08175048828124
17,520,332.53448486328125,163.1015167236328
17,521,332.53693847656257,163.106982421875
17,522,332.5423950195313,163.10592346191407
17,523,332.55203857421884,163.08847351074218
17,524,332.55671386718757,163.0684967041016
17,525,332.5609008789063,163.0425231933594
17,526,332.55006103515626,162.99648437500002
17,527,332.5831665039062,162.9673278808594
17,528,332.58203125,162.96133117675782
17,529,332.5269775390625,162.94215698242186
17,530,332.4714294433594,162.9390380859375
17,531,332.46569213867184,162.99114685058595
17,532,332.41984252929694,163.03239746093752
17,533,332.42230834960935,163.05815734863285
17,534,332.4753784179688,163.08636779785158
17,535,332.53402099609383,163.09598693847656
17,536,332.5746887207032,163.08257446289065
17,537,332.6020385742188,163.07137756347657
17,538,332.6132446289063,163.07423095703126
17,539,332.63328247070314,163.0750732421875
17,540,332.6644287109375,163.08762207031253
17,541,332.6811767578125,163.09384460449223
17,542,332.734130859375,163.11039428710936
17,543,332.79913940429685,163.12159118652346
17,544,332.883447265625,163.14088439941406
17,545,332.95269775390625,163.1585388183594
17,546,333.0050109863281,163.18526306152344
17,547,333.0145202636719,163.199560546875
17,548,332.98896484375,163.2045715332031
17,549,332.93437500000005,163.2082550048828
17,550,332.79505615234376,163.1714630126953
17,551,332.7052673339844,163.1455505371094
17,552,332.6400146484375,163.11651611328128
17,553,332.5970581054687,163.08960266113283
17,554,332.5575073242187,163.06649475097657
17,555,332.62645263671874,163.09256896972656
17,556,332.6607604980469,163.11391601562502
17,557,332.69611816406245,163.13613891601562
17,558,332.72158203125,163.1544250488281
17,559,332.73483276367193,163.1601806640625
17,560,332.7206909179688,163.1486083984375
17,561,332.71334228515633,163.14251098632815
17,562,332.81309814453124,163.1134002685547
17,563,332.92938842773435,163.08564758300784
17,564,333.02608032226567,163.02651062011722
17,565,333.1194702148438,162.9879913330078
17,566,333.24021606445314,162.9544677734375
17,567,333.26164550781255,162.94898071289066
17,568,333.26746215820316,162.9402557373047
17,569,333.2897094726563,162.96205139160156
17,570,333.3018676757813,162.95386047363286
17,571,333.300439453125,162.92549743652344
17,572,333.2799926757813,162.89998474121097
17,573,333.25831298828126,162.87612609863282
17,574,333.1796508789063,162.8621520996094
17,575,333.1189453125,162.86014099121095
17,576,333.02735595703126,162.87334899902345
17,577,332.9473510742187,162.9085205078125
17,578,332.8806030273438,162.95210876464844
17,579,332.87169799804684,163.00372619628905
17,580,332.88299560546875,163.04183349609374
17,581,332.9237609863282,163.07481994628907
17,582,332.9622741699219,163.07347412109377
17,583,332.98980102539065,163.05931091308594
17,584,333.02595825195317,163.03401794433594
17,585,333.0287048339844,163.01053771972656
17,586,332.9704772949219,162.95714416503904
17,587,332.92472534179694,162.9239685058594
17,588,332.8839294433594,162.89737243652345
17,589,332.8492370605469,162.86785888671878
18,0,340.7581728603667,160.7114578238288
18,1,340.955011154958,160.7908182774093
18,2,341.1124573597056,160.8743077593101
18,3,341.2674255371094,160.9676025390625
18,4,341.10969848632817,160.9575653076172
18,5,341.0185241699219,160.96680297851566
18,6,340.94254150390634,160.9643310546875
18,7,340.89878540039064,160.94960632324222
18,8,340.8487487792969,160.93333435058597
18,9,340.8076110839844,160.91998901367188
18,10,340.7462036132813,160.89680786132814
18,11,340.6895629882813,160.89971618652345
18,12,340.6043884277344,160.8818328857422
18,13,340.5384460449219,160.86099243164062
18,14,340.48411254882814,160.84259338378908
18,15,340.47632446289066,160.83615112304688
18,16,340.4648864746094,160.81380920410157
18,17,340.4844421386719,160.8143280029297
18,18,340.4924682617187,160.79762573242186
18,19,340.4896545410156,160.7852294921875
18,20,340.4700744628907,160.7698211669922
18,21,340.4527465820313,160.75579833984375
18,22,340.48072509765626,160.7664031982422
18,23,340.5240844726563,160.7913055419922
18,24,340.5639221191406,160.83878173828126
18,25,340.6119750976563,160.8832733154297
18,26,340.6659240722656,160.9439666748047
18,27,340.67799072265626,160.9882598876953
18,28,340.67567138671876,161.01988830566407
18,29,340.7003112792969,161.0174987792969
18,30,340.71314697265626,161.01172790527346
18,31,340.7114440917969,160.9848876953125
18,32,340.7214172363282,160.95719909667972
18,33,340.72955322265625,160.94132995605472
18,34,340.70050659179685,160.88349914550784
18,35,340.67610473632817,160.83618469238283
18,36,340.64148559570316,160.7897155761719
18,37,340.5785034179688,160.73869934082035
18,38,340.51706542968753,160.69667968750002
18,39,340.4774230957031,160.71170959472656
18,40,340.45036010742194,160.7150421142578
18,41,340.44146118164065,160.7190673828125
18,42,340.4503479003906,160.72340087890626
18,43,340.47088012695315,160.727001953125
18,44,340.48805541992186,160.7331481933594
18,45,340.49507446289067,160.72545471191407
18,46,340.4997436523438,160.69093322753906
18,47,340.5021606445313,160.67627868652343
18,48,340.4910522460937,160.6568389892578
18,49,340.4716125488281,160.62464294433596
18,50,340.4550476074219,160.620458984375
18,51,340.44221801757817,160.64396057128909
18,52,340.43390502929685,160.67656860351565
18,53,340.43182373046875,160.7089599609375
18,54,340.43975830078125,160.7493377685547
18,55,340.4439331054688,160.7728454589844
18,56,340.4501098632812,160.80036010742188
18,57,340.4669494628906,160.79722595214844
18,58,340.48084716796876,160.7682342529297
18,59,340.51164550781255,160.76101379394532
18,60,340.54351196289065,160.7617919921875
18,61,340.55576171875003,160.77277221679688
18,62,340.53831176757814,160.78348083496095
18,63,340.5210266113281,160.80569763183595
18,64,340.48063964843755,160.8041534423828
18,65,340.43816528320315,160.7949645996094
18,66,340.40535278320317,160.77092285156252
18,67,340.39484252929685,160.76526794433596
18,68,340.38984374999995,160.77354125976564
18,69,340.38848266601565,160.7894226074219
18,70,340.4075439453125,160.8045166015625
18,71,340.44403686523435,160.82992248535157
18,72,340.46737670898443,160.85405883789065
18,73,340.4851928710938,160.88151855468752
18,74,340.50908203125,160.91544189453126
18,75,340.5196472167969,160.97542419433594
18,76,340.52790527343757,161.03145141601564
18,77,340.5389404296875,161.0724304199219
18,78,340.5536376953125,161.11059875488283
18,79,340.56312866210936,161.1347381591797
18,80,340.56531982421876,161.12643127441407
18,81,340.57057495117186,161.12186584472656
18,82,340.5815490722656,161.05919799804687
18,83,340.5759521484375,161.0003570556641
18,84,340.57849731445316,160.92318420410157
18,85,340.59007568359374,160.84802856445316
18,86,340.58332519531257,160.7836151123047
18,87,340.5718627929688,160.7809997558594
18,88,340.57823486328124,160.76583251953127
18,89,340.5660461425781,160.7697204589844
18,90,340.54566040039066,160.77820129394533
18,91,340.5259521484375,160.76494445800782
18,92,340.50828247070314,160.74654541015624
18,93,340.4876220703125,160.72852783203126
18,94,340.4328918457031,160.72524719238282
18,95,340.42911987304683,160.7105926513672
18,96,340.4373657226562,160.719970703125
18,97,340.4610290527344,160.73287353515627
18,98,340.4927673339844,160.7575164794922
18,99,340.57484741210936,160.75995483398438
18,100,340.6039672851562,160.77460021972658
18,101,340.6380554199219,160.77897949218752
18,102,340.67399902343743,160.78809204101563
18,103,340.6990173339844,160.7937438964844
18,104,340.71598510742194,160.81021118164065
18,105,340.74019775390633,160.82341003417972
18,106,340.73411865234374,160.856005859375
18,107,340.6924987792969,160.91332092285157
18,108,340.6420959472656,160.95755615234376
18,109,340.5850769042969,161.00633850097657
18,110,340.51047363281253,161.05581970214848
18,111,340.4581909179688,161.07514343261718
18,112,340.4279724121094,160.9977783203125
18,113,340.3972351074219,160.93147888183594
18,114,340.3875183105469,160.8673278808594
18,115,340.3936950683594,160.8342071533203
18,116,340.3919860839844,160.81092224121093
18,117,340.3905395507813,160.82871093749998
18,118,340.38010253906253,160.85059204101563
18,119,340.4481384277344,160.89366760253907
18,120,340.5963317871094,160.92075805664064
18,121,340.7887878417969,161.02286987304686
18,122,340.9696411132813,161.2066680908203
18,123,341.22413940429686,161.39413757324218
18,124,341.2841674804688,161.5971221923828
18,125,341.28611450195314,161.7179718017578
18,126,341.3148559570313,161.6286163330078
18,127,341.3517150878906,161.47204895019533
18,128,341.34370117187507,161.36136474609376
18,129,341.3826843261719,161.12606506347657
18,130,341.38679809570317,161.0565643310547
18,131,341.34566040039067,161.11702880859377
18,132,341.2825378417969,161.15570678710938
18,133,341.2778991699219,161.1600311279297
18,134,341.33869018554685,161.2566131591797
18,135,341.4893554687501,161.31568603515626
18,136,341.61145629882816,161.3887908935547
18,137,341.6639282226563,161.4522491455078
18,138,341.6499267578125,161.45586853027345
18,139,341.6485229492188,161.41690063476565
18,140,341.5293823242188,161.29389038085938
18,141,341.48027343750005,161.08053894042968
18,142,341.55781860351567,160.91889038085938
18,143,341.6809692382813,160.80507202148436
18,144,341.7824890136719,160.7214599609375
18,145,341.8755798339844,160.66175231933593
18,146,341.9184265136719,160.67110595703124
18,147,341.85559082031256,160.6620330810547
18,148,341.7144592285157,160.62460021972657
18,149,341.59465942382815,160.61289672851564
18,150,341.47998046875006,160.57334899902344
18,151,341.31840820312505,160.5626678466797
18,152,341.1943237304688,160.55948791503906
18,153,341.17302856445315,160.58266601562502
18,154,341.0411804199219,160.57083435058595
18,155,340.9370544433594,160.58057861328126
18,156,340.8277770996094,160.61738891601564
18,157,340.7100708007813,160.57060546875002
18,158,340.59853515625,160.50433654785158
18,159,340.6023681640625,160.43547363281252
18,160,340.64918212890626,160.3550018310547
18,161,340.77052001953126,160.25579223632812
18,162,340.8812255859375,160.23889770507813
18,163,340.91985473632815,160.23151245117188
18,164,340.9421752929688,160.21748046875
18,165,341.0077270507813,160.25371398925782
18,166,340.8984497070313,160.2886444091797
18,167,340.9040771484376,160.32842712402345
18,168,340.89825439453125,160.3987030029297
18,169,340.82431640625,160.46676635742188
18,170,340.70232543945315,160.4825439453125
18,171,340.7424743652344,160.43374938964843
18,172,340.7311279296875,160.42564697265624
18,173,340.72005004882817,160.45830078125002
18,174,340.8220397949219,160.46091003417968
18,175,340.91837768554694,160.48550415039062
18,176,340.9819030761719,160.52110290527344
18,177,341.0433654785156,160.5468933105469
18,178,341.05859375,160.4580505371094
18,179,341.00812377929685,160.42735595703127
18,180,340.95447998046876,160.40274047851562
18,181,340.90845336914066,160.4624053955078
18,182,340.87277221679693,160.45660705566408
18,183,340.89458618164065,160.5222076416016
18,184,340.9742065429688,160.5872497558594
18,185,341.03154296875005,160.64605102539065
18,186,341.0340270996094,160.61166076660157
18,187,341.0406311035156,160.60881958007815
18,188,341.0174926757813,160.52837219238282
18,189,340.9297729492188,160.46414184570312
18,190,340.8311645507813,160.3751220703125
18,191,340.84721679687505,160.36705932617187
18,192,340.8425842285157,160.38939208984374
18,193,340.9005432128906,160.39175720214843
18,194,341.0067749023438,160.319287109375
18,195,341.1032165527344,160.3013916015625
18,196,341.1059631347657,160.25680847167968
18,197,341.0402465820313,160.16602478027343
18,198,340.9669372558594,160.12784729003909
18,199,340.9038024902344,160.18630981445312
18,200,340.9139099121094,160.3095733642578
18,201,340.95759887695317,160.34827575683593
18,202,341.00957031250005,160.38117065429688
18,203,340.9675720214844,160.45046386718752
18,204,340.9028259277344,160.5259674072266
18,205,340.79974365234375,160.52133178710938
18,206,340.6659240722656,160.60463867187502
18,207,340.5829284667969,160.74168395996094
18,208,340.5892517089844,160.8286071777344
18,209,340.62934570312507,160.85086364746095
18,210,340.6471069335937,160.8310089111328
18,211,340.63737792968755,160.79429931640627
18,212,340.5866455078125,160.74597778320313
18,213,340.5726989746094,160.7449188232422
18,214,340.4877014160156,160.70335388183594
18,215,340.3904479980469,160.73326416015627
18,216,340.32176513671874,160.75626220703126
18,217,340.3132446289063,160.73755798339846
18,218,340.24072875976566,160.7293975830078
18,219,340.1869201660156,160.8021942138672
18,220,340.17293090820317,160.80206298828128
18,221,340.17016601562506,160.7947662353516
18,222,340.1488403320313,160.84989318847659
18,223,340.1273315429688,160.87457275390625
18,224,340.15911254882815,160.8699768066406
18,225,340.1951904296875,160.89976501464844
18,226,340.3258972167969,160.9359344482422
18,227,340.4395385742188,160.89922180175782
18,228,340.57040405273443,160.866650390625
18,229,340.5958557128906,160.8845367431641
18,230,340.64229125976567,160.86564025878909
18,231,340.62493896484375,160.83250427246094
18,232,340.68634643554685,160.8313446044922
18,233,340.77159423828124,160.81084289550785
18,234,340.936474609375,160.7087829589844
18,235,341.10773315429685,160.65682373046874
18,236,341.3152709960938,160.59543762207034
18,237,341.4455078125,160.50980224609378
18,238,341.3887084960937,160.50604553222655
18,239,341.3047180175781,160.52410583496095
18,240,341.1408630371094,160.50827941894534
18,241,340.90413208007817,160.53564147949223
18,242,340.68963623046875,160.6054718017578
18,243,340.6481811523438,160.5683776855469
18,244,340.6165710449219,160.54276123046876
18,245,340.6311218261718,160.53118591308592
18,246,340.6841735839844,160.53592224121095
18,247,340.7330688476562,160.50465393066406
18,248,340.78980102539066,160.54066467285156
18,249,340.8472839355469,160.58849182128907
18,250,340.8914489746094,160.59395141601564
18,251,341.05125122070314,160.57122497558595
18,252,341.16796875000006,160.5317596435547
18,253,341.21793823242194,160.43663940429687
18,254,341.32124633789067,160.31461486816409
18,255,341.3678588867188,160.26489868164066
18,256,341.2082458496094,160.24453125
18,257,341.0976867675781,160.24820556640626
18,258,341.05662231445314,160.29984436035156
18,259,340.9781799316406,160.37485656738284
18,260,340.9239624023438,160.40400390625
18,261,341.01887207031245,160.33746643066408
18,262,341.0976745605469,160.30346984863283
18,263,341.1340698242187,160.30571899414062
18,264,341.06975708007815,160.28546447753908
18,265,341.01432495117194,160.30559387207032
18,266,340.90421752929694,160.36212463378908
18,267,340.7499694824219,160.41124572753907
18,268,340.5768981933594,160.41304626464844
18,269,340.4761840820313,160.39869384765626
18,270,340.4334655761719,160.3468688964844
18,271,340.4312133789063,160.28336181640628
18,272,340.4780639648438,160.20675659179688
18,273,340.5572448730469,160.14289855957034
18,274,340.64238891601565,160.06398315429686
18,275,340.69426269531255,160.0576171875
18,276,340.68577880859374,160.03808288574217
18,277,340.67677001953126,160.0429901123047
18,278,340.7131591796875,160.0190643310547
18,279,340.7687622070313,160.04399414062502
18,280,340.81859130859374,159.99546203613284
18,281,340.84599609375,159.9790466308594
18,282,340.83818359375005,159.95155334472656
18,283,340.75646972656256,159.97337036132814
18,284,340.6646179199219,160.0122528076172
18,285,340.5895690917969,160.0598388671875
18,286,340.50450439453124,160.11781311035156
18,287,340.5080444335938,160.18742980957032
18,288,340.517822265625,160.2761749267578
18,289,340.50897216796875,160.35009765625
18,290,340.4566650390625,160.4438934326172
18,291,340.41494140625,160.52774353027345
18,292,340.34833374023447,160.61846618652345
18,293,340.29657592773447,160.628515625
18,294,340.24317016601566,160.6270202636719
18,295,340.3169860839844,160.62316589355473
18,296,340.4237976074219,160.57398986816406
18,297,340.5034423828125,160.47603759765624
18,298,340.5341735839844,160.39083862304688
18,299,340.6212890625,160.3316619873047
18,300,340.5939025878907,160.2546569824219
18,301,340.5841430664063,160.2322448730469
18,302,340.58541870117193,160.25828552246094
18,303,340.6098999023438,160.25819396972656
18,304,340.5894714355469,160.202880859375
18,305,340.54759521484374,160.15826110839842
18,306,340.4723510742188,160.1423095703125
18,307,340.4335327148438,160.1132019042969
18,308,340.43156738281255,160.1080749511719
18,309,340.4086364746094,160.11255493164063
18,310,340.5041381835938,160.14972229003908
18,311,340.5832397460938,160.1318359375
18,312,340.63352661132814,160.1607574462891
18,313,340.6296569824219,160.2342559814453
18,314,340.6223571777344,160.34015502929688
18,315,340.59833984375,160.38418579101562
18,316,340.56293334960935,160.43935546875002
18,317,340.49041137695315,160.41864318847658
18,318,340.4825073242188,160.33208923339845
18,319,340.56022949218755,160.2353942871094
18,320,340.59395141601567,160.2166290283203
18,321,340.6618896484375,160.2304962158203
18,322,340.75359497070315,160.19868469238284
18,323,340.78466796875,160.22876892089846
18,324,340.65388793945317,160.23721313476562
18,325,340.45234375,160.21153259277344
18,326,340.2357666015625,160.1688690185547
18,327,340.1021423339844,160.21952209472659
18,328,340.022119140625,160.22938537597656
18,329,340.1094909667969,160.30453186035157
18,330,340.2806823730469,160.39275512695312
18,331,340.45711059570317,160.45863037109376
18,332,340.57194213867194,160.45168457031252
18,333,340.64802856445317,160.492041015625
18,334,340.67255859375,160.60381774902345
18,335,340.6773986816406,160.66909179687502
18,336,340.72847290039067,160.66453247070314
18,337,340.76591186523444,160.65590209960936
18,338,340.82650146484383,160.58179321289063
18,339,340.88494262695315,160.38995361328125
18,340,340.8858154296875,160.26027221679686
18,341,340.847265625,160.22092285156248
18,342,340.7671752929688,160.27456970214845
18,343,340.67851562500005,160.33844909667968
18,344,340.55034790039065,160.37781372070313
18,345,340.4710510253906,160.34654235839844
18,346,340.41520385742183,160.32481384277344
18,347,340.40158081054693,160.21976623535159
18,348,340.46978759765625,160.11063232421878
18,349,340.5775390625,160.03550109863284
18,350,340.62120361328124,160.00457763671875
18,351,340.6848510742188,159.94484252929686
18,352,340.7580200195313,159.901611328125
18,353,340.78052368164066,159.88226318359375
18,354,340.77760009765626,159.87391052246093
18,355,340.8306335449219,159.8492889404297
18,356,340.86296997070315,159.80633850097658
18,357,340.86238403320317,159.81051635742188
18,358,340.8233947753906,159.8528594970703
18,359,340.77582397460935,159.93032836914062
18,360,340.72197265624993,160.04293212890624
18,361,340.6685485839844,160.2227996826172
18,362,340.68043823242186,160.34500122070312
18,363,340.7177551269532,160.4724609375
18,364,340.78341674804693,160.5703552246094
18,365,340.83613891601567,160.62472229003907
18,366,340.8492126464844,160.6213317871094
18,367,340.74580688476567,160.65024719238284
18,368,340.63599243164066,160.61039123535159
18,369,340.53208618164064,160.5130828857422
18,370,340.4393249511719,160.39208984375
18,371,340.38897094726565,160.32281188964845
18,372,340.4105895996094,160.26768798828124
18,373,340.3975280761719,160.26099853515623
18,374,340.3554809570313,160.36409606933591
18,375,340.3002624511719,160.48041992187498
18,376,340.19890136718755,160.589208984375
18,377,340.10910644531253,160.7029998779297
18,378,340.0191284179688,160.83792724609373
18,379,340.0227355957032,160.93465881347657
18,380,340.0428283691407,161.00249633789065
18,381,340.07833862304693,161.0636444091797
18,382,340.17372436523436,161.0377624511719
18,383,340.3440185546875,161.00746765136722
18,384,340.42592773437497,160.93533020019535
18,385,340.48610229492186,160.9049011230469
18,386,340.55364379882815,160.87415771484376
18,387,340.51994018554683,160.91825256347656
18,388,340.4112548828125,160.90278930664064
18,389,340.3006530761719,160.8749938964844
18,390,340.25757446289066,160.82907409667973
18,391,340.2149353027344,160.78659057617188
18,392,340.20762329101564,160.76037902832033
18,393,340.26661987304686,160.75010681152344
18,394,340.35042114257817,160.7470489501953
18,395,340.4233459472656,160.82251281738283
18,396,340.51331176757816,160.86875000000003
18,397,340.5895935058594,160.8618835449219
18,398,340.5768005371094,160.81060791015628
18,399,340.5383728027344,160.8064910888672
18,400,340.4412536621094,160.75135803222656
18,401,340.2978454589844,160.70357971191407
18,402,340.13928833007816,160.66861877441406
18,403,340.0312377929687,160.76672973632813
18,404,339.99393920898444,160.83849487304687
18,405,340.05076293945314,160.8934753417969
18,406,340.11124877929683,160.89669494628907
18,407,340.202685546875,160.89614562988282
18,408,340.31636352539067,160.85156250000003
18,409,340.3740173339844,160.76466064453126
18,410,340.37059936523434,160.68226928710936
18,411,340.37494506835935,160.6417266845703
18,412,340.3685119628906,160.63198242187502
18,413,340.3576477050781,160.56601867675784
18,414,340.33793945312493,160.55922241210936
18,415,340.32622680664065,160.55010986328125
18,416,340.3658996582031,160.57840270996093
18,417,340.3958740234375,160.58984069824217
18,418,340.3837524414063,160.64404296875
18,419,340.37603149414065,160.66183471679688
18,420,340.3471435546875,160.68453979492188
18,421,340.29440917968753,160.7112762451172
18,422,340.2317138671875,160.78164978027343
18,423,340.2480346679688,160.83672790527342
18,424,340.25593261718757,160.92098999023438
18,425,340.2535095214844,161.01171875
18,426,340.22193603515626,161.06206970214845
18,427,340.21856079101565,161.06681213378906
18,428,340.16375732421875,161.05284729003907
18,429,340.1492980957031,161.06064147949218
18,430,340.13139648437505,161.02356872558593
18,431,340.1181091308594,160.98928833007812
18,432,340.10584716796876,160.93026123046874
18,433,340.1358947753906,160.8778839111328
18,434,340.1706237792969,160.80344543457034
18,435,340.26470336914065,160.7766296386719
18,436,340.3377502441406,160.7095153808594
18,437,340.38563842773436,160.67401428222658
18,438,340.3926025390625,160.63998413085938
18,439,340.4026733398438,160.60260620117185
18,440,340.3978576660156,160.5575744628906
18,441,340.4493835449219,160.5845733642578
18,442,340.47357177734375,160.62063293457032
18,443,340.48427124023436,160.66470642089843
18,444,340.45810546875003,160.7042663574219
18,445,340.4062438964844,160.76949768066407
18,446,340.31184692382817,160.81995544433596
18,447,340.2512878417969,160.86885375976567
18,448,340.21211547851567,160.8979522705078
18,449,340.15852661132817,160.919384765625
18,450,340.12126464843755,160.91224670410156
18,451,340.1147583007813,160.92718200683595
18,452,340.14119262695317,160.9295623779297
18,453,340.168359375,160.93727111816406
18,454,340.1783203125,160.86198730468752
18,455,340.20064086914067,160.8114929199219
18,456,340.23137207031243,160.73589172363282
18,457,340.224462890625,160.66148071289064
18,458,340.2284057617188,160.59536437988282
18,459,340.263720703125,160.61740112304688
18,460,340.27854614257814,160.61771545410159
18,461,340.25204467773443,160.60121765136722
18,462,340.2461303710938,160.60284729003908
18,463,340.21561889648444,160.5995880126953
18,464,340.19547119140634,160.6112518310547
18,465,340.1891845703125,160.62747802734378
18,466,340.18880004882817,160.64730529785157
18,467,340.19157714843755,160.67675781250003
18,468,340.1910705566406,160.69719238281252
18,469,340.1806518554688,160.69307250976567
18,470,340.1467529296875,160.7066314697266
18,471,340.14934082031255,160.76065368652343
18,472,340.1793518066406,160.80537109375
18,473,340.21080322265624,160.85005798339844
18,474,340.25343017578126,160.9064178466797
18,475,340.3126220703125,160.93987731933595
18,476,340.3601440429687,160.9387359619141
18,477,340.36760864257815,160.92933654785156
18,478,340.3235168457031,160.92945251464846
18,479,340.2920104980469,160.9380859375
18,480,340.258203125,160.94833679199218
18,481,340.21770629882815,160.9842529296875
18,482,340.1768432617188,160.99172668457032
18,483,340.2121948242188,161.0095642089844
18,484,340.23162841796875,160.9910949707031
18,485,340.25701293945315,161.00379333496096
18,486,340.2852966308594,160.99349670410157
18,487,340.3020935058594,160.98772583007815
18,488,340.2935546875,160.96607055664066
18,489,340.2767150878907,160.95965270996095
18,490,340.32854003906255,160.89878540039064
18,491,340.3737426757813,160.8544372558594
18,492,340.42558593750005,160.8234802246094
18,493,340.4947387695312,160.81710510253907
18,494,340.55463256835935,160.82426147460936
18,495,340.5532836914063,160.86028442382812
18,496,340.5403930664063,160.9077575683594
18,497,340.52507934570315,160.96267395019532
18,498,340.46196899414065,160.9987731933594
18,499,340.4007873535156,160.99392700195312
18,500,340.3334106445312,160.9790496826172
18,501,340.2728454589844,160.9301727294922
18,502,340.22006835937503,160.9042938232422
18,503,340.2134094238281,160.8930908203125
18,504,340.19756469726565,160.88140258789062
18,505,340.1805603027344,160.87795715332032
18,506,340.1813842773438,160.8852294921875
18,507,340.21135864257815,160.87730712890627
18,508,340.2338745117188,160.86700134277345
18,509,340.25531005859375,160.90510864257814
18,510,340.2554565429687,160.912548828125
18,511,340.2470336914063,160.91116333007815
18,512,340.2132751464844,160.88489379882816
18,513,340.1753234863281,160.8550811767578
18,514,340.1773559570313,160.8527526855469
18,515,340.20826416015626,160.8653991699219
18,516,340.25227050781257,160.88927307128907
18,517,340.28364257812507,160.9193084716797
18,518,340.32165527343756,160.9599792480469
18,519,340.3414916992188,160.97185363769532
18,520,340.33756713867194,160.9916961669922
18,521,340.31403808593757,160.99560546875
18,522,340.2902770996094,160.9966003417969
18,523,340.2666748046875,160.97348937988284
18,524,340.2430053710938,160.94209289550784
18,525,340.23724975585935,160.9114990234375
18,526,340.25262451171875,160.88677978515625
18,527,340.31178588867186,160.871728515625
18,528,340.3430786132813,160.87215576171877
18,529,340.3440856933594,160.8560821533203
18,530,340.3332763671875,160.85666503906248
18,531,340.3174987792969,160.8753631591797
18,532,340.26378173828124,160.8875274658203
18,533,340.2415588378906,160.89231872558594
18,534,340.25248413085933,160.90438537597657
18,535,340.26899414062495,160.89871826171876
18,536,340.28354492187503,160.8866851806641
18,537,340.3027221679688,160.8809509277344
18,538,340.2981872558594,160.88930969238282
18,539,340.2950134277344,160.90916748046874
18,540,340.30206298828125,160.93871154785157
18,541,340.2993469238281,160.96045837402343
18,542,340.3073364257813,160.9835144042969
18,543,340.3407409667969,161.00271301269532
18,544,340.37879028320316,161.0182067871094
18,545,340.4018859863281,161.03208923339847
18,546,340.4181762695313,161.0515075683594
18,547,340.4214294433594,161.06332092285157
18,548,340.40230102539067,161.05948791503909
18,549,340.37800292968757,161.0620361328125
18,550,340.3074890136719,161.04116210937502
18,551,340.27753906249995,161.01490783691406
18,552,340.24659423828126,160.97995300292968
18,553,340.2202514648437,160.95050964355468
18,554,340.17539062500003,160.90435180664062
18,555,340.20201416015624,160.88884277343752
18,556,340.1888366699219,160.8815185546875
18,557,340.17742309570315,160.87594299316407
18,558,340.16684570312503,160.86654357910157
18,559,340.1606384277344,160.86174011230472
18,560,340.1390197753906,160.84122314453128
18,561,340.13112182617186,160.8333679199219
18,562,340.2083862304688,160.81778564453126
18,563,340.3011352539062,160.81759033203124
18,564,340.3857238769532,160.79408264160156
18,565,340.4651062011719,160.79640808105466
18,566,340.5604248046875,160.80363464355472
18,567,340.5765380859375,160.8255615234375
18,568,340.5765258789063,160.8318603515625
18,569,340.5814514160156,160.86117248535157
18,570,340.58014526367185,160.85782165527345
18,571,340.5706420898437,160.84187622070314
18,572,340.55805053710935,160.83277893066406
18,573,340.5590270996094,160.83139648437503
18,574,340.52971801757815,160.81708068847658
18,575,340.50202026367185,160.80459899902343
18,576,340.45654907226566,160.7900360107422
18,577,340.4185485839844,160.78629455566409
18,578,340.3775756835938,160.78135375976564
18,579,340.37385253906245,160.79189758300782
18,580,340.39982910156255,160.7964141845703
18,581,340.437890625,160.8080535888672
18,582,340.4751403808594,160.7982391357422
18,583,340.51788940429685,160.78247985839846
18,584,340.5600952148437,160.76307067871096
18,585,340.57891845703125,160.74480895996095
18,586,340.55617675781247,160.69405212402344
18,587,340.54036254882817,160.66514892578127
18,588,340.51627807617194,160.64007263183598
18,589,340.4949340820313,160.61606750488284
19,0,347.82068048674444,173.19658757381166
19,1,348.10339880756925,173.41681888058798
19,2,348.36879535105027,173.61667054869247
19,3,348.6471130371093,173.81542968750003
19,4,348.65320434570316,173.77225036621095
19,5,348.6448974609375,173.71489868164062
19,6,348.62617797851567,173.68083801269532
19,7,348.6309448242188,173.6480773925781
19,8,348.6303894042969,173.61833801269532
19,9,348.6517578125,173.58197631835938
19,10,348.64501953125,173.5444519042969
19,11,348.6422058105469,173.53190002441409
19,12,348.6256958007813,173.54465637207034
19,13,348.6121459960938,173.55245361328124
19,14,348.61008300781253,173.56726989746096
19,15,348.63273315429694,173.57613525390627
19,16,348.64094848632817,173.56108398437502
19,17,348.6404541015625,173.54212036132813
19,18,348.63369140625,173.51563415527346
19,19,348.5987060546875,173.49429321289065
19,20,348.5576538085937,173.48562927246095
19,21,348.5171875,173.48150024414062
19,22,348.4680603027344,173.47541198730468
19,23,348.4415344238281,173.4675018310547
19,24,348.4065002441406,173.48296203613282
19,25,348.3866882324219,173.49126892089845
19,26,348.3873229980469,173.4996520996094
19,27,348.4050720214844,173.51397705078125
19,28,348.3824768066407,173.52632751464847
19,29,348.4035400390626,173.5060791015625
19,30,348.40831909179695,173.48521423339844
19,31,348.40056762695315,173.45895385742188
19,32,348.40653686523444,173.41985168457032
19,33,348.4187316894532,173.39353942871094
19,34,348.4467407226563,173.39882812500002
19,35,348.446435546875,173.4257781982422
19,36,348.41547241210935,173.46377258300782
19,37,348.37518920898435,173.50348510742185
19,38,348.3378723144531,173.55350646972656
19,39,348.261572265625,173.57847290039064
19,40,348.2107666015625,173.56766357421876
19,41,348.19140625,173.55667419433598
19,42,348.1705322265625,173.55159912109374
19,43,348.16874389648444,173.536279296875
19,44,348.15864257812507,173.5377197265625
19,45,348.1492614746094,173.54671020507814
19,46,348.1531799316406,173.5226837158203
19,47,348.17553710937506,173.52066955566406
19,48,348.19428100585935,173.52449951171874
19,49,348.22776489257814,173.51627807617186
19,50,348.28103027343747,173.52554626464845
19,51,348.3257080078125,173.55496215820312
19,52,348.35719604492186,173.5618865966797
19,53,348.383740234375,173.55713500976566
19,54,348.39792480468753,173.55624389648435
19,55,348.39531860351565,173.53663024902343
19,56,348.3841674804688,173.52133178710938
19,57,348.3805114746094,173.49201965332034
19,58,348.406640625,173.48477172851562
19,59,348.4322998046875,173.46535339355472
19,60,348.46441040039065,173.44426879882815
19,61,348.4855041503906,173.43852539062502
19,62,348.49606323242193,173.43839416503909
19,63,348.4763427734375,173.41331481933594
19,64,348.4564453125,173.3947021484375
19,65,348.43904418945317,173.38286743164062
19,66,348.4184448242188,173.36247863769535
19,67,348.41314086914065,173.34653320312503
19,68,348.4024353027344,173.3377655029297
19,69,348.39375610351556,173.33339843750002
19,70,348.3506225585938,173.33551330566405
19,71,348.33203125,173.32198486328124
19,72,348.2817138671876,173.3293182373047
19,73,348.2304626464844,173.3475311279297
19,74,348.1761352539063,173.36488037109376
19,75,348.1624267578125,173.37698059082032
19,76,348.1426025390625,173.40589294433593
19,77,348.1308837890625,173.41930541992187
19,78,348.1209228515625,173.42278442382812
19,79,348.11724243164065,173.415087890625
19,80,348.10273437500007,173.40970764160156
19,81,348.1053466796875,173.40747985839843
19,82,348.1584838867188,173.33990478515628
19,83,348.1970947265625,173.29669189453125
19,84,348.2158142089844,173.26082458496094
19,85,348.2502258300782,173.23304443359376
19,86,348.25871582031255,173.23350219726564
19,87,348.22650146484375,173.29786987304686
19,88,348.20947265625,173.33936157226566
19,89,348.20892944335935,173.3959899902344
19,90,348.1799499511718,173.45261840820314
19,91,348.14585571289064,173.47372436523438
19,92,348.1066589355469,173.49468994140625
19,93,348.07532958984376,173.5080383300781
19,94,348.0202087402344,173.54246520996097
19,95,348.0012268066406,173.52418212890626
19,96,348.0076782226563,173.50183715820316
19,97,348.01648559570316,173.47101440429685
19,98,348.02470703125,173.4537109375
19,99,348.06011962890625,173.40122985839844
19,100,348.0764038085938,173.39241943359374
19,101,348.09644165039066,173.37973022460938
19,102,348.1378295898438,173.38248596191406
19,103,348.1715454101562,173.3854217529297
19,104,348.20701293945314,173.39315185546874
19,105,348.24774169921875,173.392236328125
19,106,348.2836364746094,173.43308715820314
19,107,348.28505859375,173.4778045654297
19,108,348.2746948242187,173.5102508544922
19,109,348.26007080078125,173.5510192871094
19,110,348.22393188476565,173.60491333007812
19,111,348.16386718750005,173.63258361816406
19,112,348.14412231445317,173.60845031738285
19,113,348.1423400878906,173.5802734375
19,114,348.180029296875,173.57933044433597
19,115,348.2277404785156,173.58916320800782
19,116,348.2602233886719,173.5741912841797
19,117,348.2759155273437,173.5859558105469
19,118,348.29852905273435,173.60114135742188
19,119,348.32567138671874,173.57847900390627
19,120,348.3630126953125,173.56831970214847
19,121,348.40965576171874,173.60848083496097
19,122,348.46904907226565,173.72095031738283
19,123,348.5815368652344,173.79516296386717
19,124,348.54996948242194,173.8953063964844
19,125,348.5623168945313,173.88603820800782
19,126,348.6114013671875,173.76624755859376
19,127,348.59599609375005,173.62588195800782
19,128,348.4477478027344,173.59798278808591
19,129,348.3733215332032,173.5207550048828
19,130,348.2828002929688,173.6042022705078
19,131,348.2160339355469,173.71945800781253
19,132,348.1956604003907,173.80135498046877
19,133,348.27861938476565,173.86856994628909
19,134,348.43602905273445,173.98999023437503
19,135,348.5354614257813,174.01106567382814
19,136,348.5461669921875,174.11206665039063
19,137,348.5198669433594,174.23370666503908
19,138,348.4778625488281,174.27398071289062
19,139,348.39636230468756,174.2453643798828
19,140,348.33191528320316,174.21939392089843
19,141,348.34265747070316,174.10264282226564
19,142,348.4285705566406,173.95363769531252
19,143,348.50282592773436,173.87995300292968
19,144,348.58488769531255,173.79321594238283
19,145,348.61369018554694,173.7390350341797
19,146,348.61848144531257,173.7365234375
19,147,348.55994262695316,173.72872619628907
19,148,348.49404296875,173.70117187500003
19,149,348.4100646972656,173.71512756347659
19,150,348.3541564941406,173.69606933593752
19,151,348.2641174316406,173.7098815917969
19,152,348.17503051757814,173.76766662597657
19,153,348.1079345703125,173.82666015625
19,154,348.04212036132816,173.94780883789062
19,155,348.06694335937505,174.0710876464844
19,156,348.10792236328126,174.11710205078128
19,157,348.1749694824219,174.1041717529297
19,158,348.2808776855469,173.99313354492188
19,159,348.36597900390626,173.7667694091797
19,160,348.38859252929683,173.53545532226565
19,161,348.4305053710938,173.32503662109377
19,162,348.41538696289064,173.16195373535157
19,163,348.34063110351565,173.09288024902344
19,164,348.3238708496094,173.06546325683593
19,165,348.33642578125,173.08006896972657
19,166,348.2865051269531,173.16236572265626
19,167,348.329833984375,173.26756286621097
19,168,348.3548400878907,173.32167053222656
19,169,348.34038696289065,173.3945770263672
19,170,348.32619018554686,173.42763977050782
19,171,348.372998046875,173.42837829589843
19,172,348.3793395996094,173.41116027832032
19,173,348.4000244140625,173.42662963867187
19,174,348.4189697265625,173.45208740234375
19,175,348.43583984375005,173.50724487304686
19,176,348.4499389648438,173.55358276367187
19,177,348.48916015625,173.5679443359375
19,178,348.54423828125,173.524658203125
19,179,348.6186828613281,173.48537902832032
19,180,348.676171875,173.4316436767578
19,181,348.7167175292969,173.39791259765627
19,182,348.7705078125,173.34842529296876
19,183,348.76306152343756,173.3958709716797
19,184,348.7577514648438,173.41555175781252
19,185,348.7794250488281,173.44256896972658
19,186,348.77202758789065,173.4651336669922
19,187,348.7314514160156,173.50750122070312
19,188,348.6759033203125,173.52613220214843
19,189,348.6041198730469,173.58102111816407
19,190,348.56217651367194,173.62322387695315
19,191,348.58269042968755,173.64354553222657
19,192,348.55472412109384,173.67375488281252
19,193,348.6704528808594,173.67782592773438
19,194,348.7612121582032,173.60496215820314
19,195,348.77937011718757,173.55395507812497
19,196,348.7158508300782,173.5210205078125
19,197,348.66925048828125,173.50826721191405
19,198,348.5855529785157,173.5242462158203
19,199,348.57581176757816,173.5485137939453
19,200,348.62883300781255,173.59760437011718
19,201,348.7372192382813,173.59802856445316
19,202,348.73189086914067,173.57225341796877
19,203,348.6284362792969,173.56860656738283
19,204,348.450537109375,173.6304138183594
19,205,348.2731872558594,173.6483642578125
19,206,348.0841430664063,173.72796936035158
19,207,348.05432128906256,173.80550231933594
19,208,348.13325195312507,173.77947692871095
19,209,348.2772583007813,173.737158203125
19,210,348.3387878417969,173.70509033203126
19,211,348.3664978027344,173.67001342773438
19,212,348.30747070312503,173.6584442138672
19,213,348.21696166992194,173.70382080078127
19,214,348.13577880859384,173.77646789550784
19,215,348.09696655273433,173.83492126464847
19,216,348.06340332031255,173.8553924560547
19,217,348.15625,173.812158203125
19,218,348.2166625976563,173.72808227539065
19,219,348.19639282226564,173.61487731933596
19,220,348.175537109375,173.4743804931641
19,221,348.1956726074219,173.34962768554692
19,222,348.16231079101567,173.2815124511719
19,223,348.1494018554688,173.24564208984376
19,224,348.20491333007817,173.17662353515627
19,225,348.2399841308594,173.15783996582033
19,226,348.357568359375,173.1721954345703
19,227,348.4632080078125,173.1430877685547
19,228,348.5306762695313,173.14990844726563
19,229,348.50971679687507,173.24297485351565
19,230,348.47367553710944,173.32684631347658
19,231,348.3505737304688,173.3817047119141
19,232,348.2640319824219,173.43911132812502
19,233,348.23138427734375,173.46954040527345
19,234,348.2683532714844,173.4350830078125
19,235,348.3381530761719,173.3946716308594
19,236,348.4479858398438,173.35738830566407
19,237,348.5054565429688,173.34866943359378
19,238,348.45399169921876,173.4190216064453
19,239,348.34981079101567,173.49720153808596
19,240,348.2288269042969,173.55859680175783
19,241,348.0664367675782,173.6224365234375
19,242,347.9627990722657,173.72356262207032
19,243,347.95056762695316,173.70266418457032
19,244,348.03511352539067,173.64726257324222
19,245,348.138916015625,173.60064697265625
19,246,348.22433471679693,173.57210998535157
19,247,348.2630859375,173.5344757080078
19,248,348.3163940429688,173.52389221191405
19,249,348.30049438476567,173.57232055664065
19,250,348.2705505371094,173.61007995605468
19,251,348.3506713867188,173.6364898681641
19,252,348.4315246582031,173.61370544433595
19,253,348.4872131347657,173.5870513916016
19,254,348.55352172851565,173.50682373046877
19,255,348.62273559570315,173.4661987304688
19,256,348.5427734375,173.44516296386723
19,257,348.4913024902344,173.4440155029297
19,258,348.4700012207031,173.48025817871095
19,259,348.4617614746094,173.53572692871094
19,260,348.4039001464844,173.5792694091797
19,261,348.43720703125,173.5928924560547
19,262,348.47321777343745,173.6115509033203
19,263,348.4851013183594,173.60805053710936
19,264,348.43128051757816,173.60431823730468
19,265,348.4183715820313,173.60005798339841
19,266,348.36569824218753,173.5575164794922
19,267,348.27403564453124,173.52700805664062
19,268,348.14116210937505,173.52524719238284
19,269,348.11842041015626,173.50559692382814
19,270,348.1297485351563,173.44682312011722
19,271,348.188037109375,173.390869140625
19,272,348.2642761230469,173.31705627441409
19,273,348.3506164550781,173.2376922607422
19,274,348.38496704101567,173.1832214355469
19,275,348.3713623046875,173.2298034667969
19,276,348.3356079101563,173.25640258789065
19,277,348.2916503906251,173.30271911621094
19,278,348.3139831542969,173.32129516601563
19,279,348.351708984375,173.31271362304688
19,280,348.4245971679687,173.2297821044922
19,281,348.47316894531247,173.17984924316409
19,282,348.48027954101565,173.1561248779297
19,283,348.4449523925781,173.1709197998047
19,284,348.3764465332031,173.24314575195314
19,285,348.28678588867194,173.3176483154297
19,286,348.19451904296875,173.4393035888672
19,287,348.2114868164063,173.5079803466797
19,288,348.2731018066406,173.52068481445312
19,289,348.3577575683594,173.51384277343752
19,290,348.36259155273444,173.5508514404297
19,291,348.3701354980469,173.56773681640624
19,292,348.34619750976566,173.60733947753906
19,293,348.33148803710935,173.6412139892578
19,294,348.30577392578124,173.664501953125
19,295,348.42359008789066,173.60469665527347
19,296,348.58416137695315,173.4948669433594
19,297,348.7028564453126,173.3877655029297
19,298,348.66267700195317,173.31400146484376
19,299,348.63995361328125,173.27774047851565
19,300,348.5719360351563,173.28259277343753
19,301,348.47397460937503,173.32904357910158
19,302,348.3732055664063,173.39254760742188
19,303,348.3892761230469,173.43006591796876
19,304,348.41977539062503,173.4180694580078
19,305,348.38794555664066,173.45185546875
19,306,348.3325927734375,173.52051696777343
19,307,348.3183898925781,173.55483398437502
19,308,348.3370727539063,173.5742919921875
19,309,348.3243347167969,173.57995605468753
19,310,348.41961669921875,173.5485870361328
19,311,348.55242309570315,173.46570739746096
19,312,348.67741699218755,173.38860168457035
19,313,348.6962951660156,173.38916625976563
19,314,348.6791687011719,173.44476623535155
19,315,348.6364379882813,173.46825561523437
19,316,348.52788696289065,173.5372772216797
19,317,348.41645507812507,173.63780822753907
19,318,348.4103881835938,173.66615600585936
19,319,348.5136352539063,173.65044860839845
19,320,348.57435302734376,173.62680664062503
19,321,348.63153076171875,173.59853515625002
19,322,348.6817993164063,173.51337585449218
19,323,348.66676635742186,173.49361267089844
19,324,348.5409912109375,173.4925567626953
19,325,348.3636413574219,173.5832092285156
19,326,348.3001586914062,173.66524353027344
19,327,348.28244628906253,173.75098876953126
19,328,348.27617797851565,173.82535400390626
19,329,348.35526733398433,173.85017700195314
19,330,348.4741333007813,173.77869567871093
19,331,348.52656250000007,173.70185241699218
19,332,348.5815795898438,173.60999450683593
19,333,348.5982727050781,173.51400146484374
19,334,348.56194458007815,173.51341857910157
19,335,348.5219970703125,173.56740112304686
19,336,348.5131469726563,173.5592010498047
19,337,348.4367919921875,173.58822326660157
19,338,348.3580749511719,173.59412841796873
19,339,348.3271423339844,173.51914062499998
19,340,348.2809020996094,173.42564392089844
19,341,348.1995483398438,173.43158569335938
19,342,348.0747314453125,173.4833190917969
19,343,348.05763549804686,173.50002441406252
19,344,347.9993957519531,173.5750915527344
19,345,347.96889648437497,173.6706512451172
19,346,347.99956054687505,173.7572082519531
19,347,348.12917480468747,173.71123352050782
19,348,348.23727416992193,173.67803649902345
19,349,348.33965454101565,173.59220581054691
19,350,348.41379394531253,173.5103454589844
19,351,348.4741577148437,173.40948486328125
19,352,348.49898071289067,173.3683776855469
19,353,348.5332336425781,173.30215148925782
19,354,348.58728637695316,173.3030517578125
19,355,348.65637817382816,173.28803100585938
19,356,348.70859375,173.19908142089847
19,357,348.7140869140625,173.12845764160159
19,358,348.6904724121094,173.193505859375
19,359,348.63367919921876,173.2715270996094
19,360,348.5997497558594,173.34649353027345
19,361,348.52643432617197,173.5051696777344
19,362,348.5727172851563,173.62606506347657
19,363,348.6007263183594,173.65149230957033
19,364,348.6546875,173.5910675048828
19,365,348.70247192382817,173.49854125976563
19,366,348.74289550781253,173.38174133300782
19,367,348.6437927246094,173.32464599609375
19,368,348.53508300781255,173.32332458496094
19,369,348.4427734375,173.33961486816406
19,370,348.35300903320314,173.46285705566407
19,371,348.3268615722656,173.58600463867188
19,372,348.38151855468755,173.69320068359377
19,373,348.41845703125006,173.76675109863282
19,374,348.4412536621094,173.88363342285155
19,375,348.40120239257817,173.9098083496094
19,376,348.32177734375,173.90249938964845
19,377,348.25355224609376,173.88540344238282
19,378,348.199560546875,173.84638977050784
19,379,348.16607055664065,173.77287902832032
19,380,348.16754760742185,173.6708679199219
19,381,348.1598754882812,173.59408264160157
19,382,348.1722045898437,173.4928924560547
19,383,348.21836547851564,173.4319610595703
19,384,348.19029541015624,173.39259033203126
19,385,348.1802673339844,173.38865966796877
19,386,348.1862487792969,173.36466064453128
19,387,348.15483398437505,173.36000976562502
19,388,348.0643737792969,173.3520080566406
19,389,348.003564453125,173.32683410644535
19,390,347.9758605957031,173.28425598144534
19,391,347.96605834960945,173.2877349853516
19,392,347.9343994140625,173.3109832763672
19,393,347.981640625,173.32171020507815
19,394,348.0733154296875,173.30574340820314
19,395,348.15126953125,173.32920532226564
19,396,348.2346618652344,173.33444519042968
19,397,348.3126159667969,173.33102416992188
19,398,348.3124755859375,173.30442199707034
19,399,348.27412719726567,173.32568969726563
19,400,348.16566772460936,173.37735900878909
19,401,348.072021484375,173.43792419433598
19,402,347.9386291503906,173.51848449707032
19,403,347.87171630859376,173.62531433105468
19,404,347.8349670410156,173.68346557617187
19,405,347.87151489257815,173.69833068847657
19,406,347.86333007812493,173.6927673339844
19,407,347.92979125976564,173.65973205566408
19,408,347.99501342773436,173.60499877929686
19,409,348.0545227050781,173.566650390625
19,410,348.08892211914065,173.53841247558597
19,411,348.1239501953125,173.5002014160156
19,412,348.1381591796875,173.4632110595703
19,413,348.180078125,173.4140411376953
19,414,348.21207885742183,173.3768493652344
19,415,348.2293395996094,173.34170532226562
19,416,348.26446533203125,173.32353820800782
19,417,348.2604125976563,173.31989440917968
19,418,348.2150573730469,173.3674743652344
19,419,348.18408203125,173.39627685546876
19,420,348.20610961914065,173.40236816406252
19,421,348.21453247070315,173.40547180175784
19,422,348.2531982421875,173.40848693847659
19,423,348.2857299804688,173.36819763183595
19,424,348.25607910156253,173.35621032714846
19,425,348.2032775878906,173.35933837890627
19,426,348.17451171875,173.3576171875
19,427,348.1697265625,173.35716552734374
19,428,348.1545471191406,173.37151794433595
19,429,348.1821716308594,173.37972106933594
19,430,348.1673889160156,173.37081298828124
19,431,348.14204101562507,173.37814636230468
19,432,348.1055419921875,173.34903564453128
19,433,348.058984375,173.32647094726565
19,434,348.0758911132813,173.27763061523436
19,435,348.1466918945313,173.23829650878906
19,436,348.20180053710936,173.19322509765627
19,437,348.2026123046875,173.18731994628908
19,438,348.22686767578125,173.17227783203128
19,439,348.22070922851566,173.17791137695315
19,440,348.2078430175781,173.16001586914064
19,441,348.22349243164064,173.14231262207034
19,442,348.3127868652344,173.1757354736328
19,443,348.3821655273438,173.23345031738285
19,444,348.4144165039063,173.3072540283203
19,445,348.43095703125,173.43424377441409
19,446,348.4047668457032,173.5444549560547
19,447,348.35901489257816,173.5969146728516
19,448,348.33143310546876,173.614453125
19,449,348.2862731933594,173.6286590576172
19,450,348.27679443359375,173.59412841796876
19,451,348.2933349609375,173.57991943359377
19,452,348.3093200683594,173.56318969726567
19,453,348.3209655761719,173.55451660156254
19,454,348.34608154296876,173.50146484375003
19,455,348.3695434570313,173.47959899902347
19,456,348.39959716796875,173.4445281982422
19,457,348.41548461914067,173.40301818847658
19,458,348.41240234375005,173.37237548828125
19,459,348.41093139648444,173.38033447265624
19,460,348.40007934570315,173.3945281982422
19,461,348.3674560546875,173.42781982421877
19,462,348.3539123535156,173.46762695312498
19,463,348.3570068359375,173.49764404296877
19,464,348.35252685546874,173.5230438232422
19,465,348.34663696289067,173.53070068359378
19,466,348.34469604492193,173.53965454101564
19,467,348.33631591796876,173.5440368652344
19,468,348.3246704101563,173.54551696777347
19,469,348.32374267578126,173.55295715332034
19,470,348.2892761230469,173.56648559570314
19,471,348.24578247070315,173.56784667968753
19,472,348.2111572265626,173.569287109375
19,473,348.1714538574219,173.56399536132812
19,474,348.1505065917969,173.55584716796875
19,475,348.1558898925781,173.54132995605468
19,476,348.1805419921875,173.50830383300783
19,477,348.1911926269531,173.4818298339844
19,478,348.23208007812497,173.4678466796875
19,479,348.27695922851564,173.44359130859377
19,480,348.3197387695313,173.42004699707033
19,481,348.33552246093757,173.42273559570313
19,482,348.3836303710938,173.42328491210938
19,483,348.41950683593757,173.41700439453126
19,484,348.4282470703125,173.41673583984377
19,485,348.4388610839844,173.42783813476564
19,486,348.47107543945316,173.42910156250002
19,487,348.4744934082032,173.42046508789065
19,488,348.46337890625,173.42653503417972
19,489,348.4433288574219,173.45217285156252
19,490,348.40409545898433,173.42188110351563
19,491,348.3454528808594,173.40234680175783
19,492,348.2754028320313,173.40532836914065
19,493,348.2062438964844,173.41227111816409
19,494,348.13150634765634,173.41116943359376
19,495,348.0828552246094,173.4652008056641
19,496,348.06132812500005,173.51682739257814
19,497,348.063134765625,173.55015563964844
19,498,348.07786865234374,173.59640197753905
19,499,348.10617675781253,173.63025512695313
19,500,348.1360229492188,173.65743103027344
19,501,348.15618896484375,173.67886352539062
19,502,348.1382690429688,173.65203247070312
19,503,348.12060546875006,173.5847595214844
19,504,348.1051330566407,173.5007293701172
19,505,348.09320678710947,173.412353515625
19,506,348.10193481445316,173.3228271484375
19,507,348.15146484375003,173.2949676513672
19,508,348.1864379882812,173.2692687988281
19,509,348.2221069335938,173.27256469726564
19,510,348.2409362792969,173.25221557617186
19,511,348.2423461914062,173.22503051757815
19,512,348.22210693359375,173.17984313964845
19,513,348.20610351562505,173.15997009277345
19,514,348.196142578125,173.17871704101563
19,515,348.1921081542969,173.2311981201172
19,516,348.18715820312497,173.29459533691406
19,517,348.1842102050781,173.36930236816409
19,518,348.1788024902344,173.43614807128907
19,519,348.18831176757817,173.45698852539064
19,520,348.19797973632814,173.46322021484377
19,521,348.2149108886719,173.46028747558597
19,522,348.2252502441407,173.4534851074219
19,523,348.2518005371094,173.4299102783203
19,524,348.24847412109375,173.4158172607422
19,525,348.2406860351563,173.41898498535159
19,526,348.2159423828125,173.43780517578128
19,527,348.2209045410156,173.4715484619141
19,528,348.18428344726567,173.53070678710938
19,529,348.1603149414063,173.5864288330078
19,530,348.12864990234374,173.62849731445314
19,531,348.1155700683594,173.65483703613282
19,532,348.0688537597656,173.64957275390626
19,533,348.0585144042969,173.63716735839844
19,534,348.0468383789063,173.62962036132814
19,535,348.0424743652344,173.62195129394533
19,536,348.03630981445315,173.61850891113284
19,537,348.03558959960935,173.6416748046875
19,538,348.0438110351563,173.62746887207032
19,539,348.03877563476567,173.60662231445315
19,540,348.0364624023438,173.58289489746096
19,541,348.0181091308594,173.56367492675784
19,542,348.01950683593753,173.53528137207036
19,543,348.00263671875,173.54892883300784
19,544,348.00956420898444,173.55559692382815
19,545,348.03048706054693,173.56100463867188
19,546,348.0516235351563,173.56888732910156
19,547,348.0578247070313,173.56787109375
19,548,348.0531311035156,173.55461730957035
19,549,348.0404541015625,173.55203857421876
19,550,348.00009765625003,173.5416442871094
19,551,348.00885620117185,173.52969360351562
19,552,348.02814941406245,173.5192626953125
19,553,348.0572631835937,173.51253051757814
19,554,348.0834594726563,173.50693969726564
19,555,348.13486328125003,173.51114196777345
19,556,348.131494140625,173.5176513671875
19,557,348.12937011718753,173.51637878417972
19,558,348.1307006835938,173.49621887207033
19,559,348.10382080078125,173.4643524169922
19,560,348.07398071289066,173.4367431640625
19,561,348.0599060058594,173.4105987548828
19,562,348.09628906250003,173.36968383789065
19,563,348.1277038574219,173.37862243652347
19,564,348.1923950195313,173.36802673339847
19,565,348.2565124511719,173.3724365234375
19,566,348.3282348632813,173.36939697265626
19,567,348.3399841308594,173.3998809814453
19,568,348.3444641113282,173.40266723632814
19,569,348.3524780273438,173.43426513671878
19,570,348.34306640625,173.4491119384766
19,571,348.3290954589844,173.45730590820312
19,572,348.30690307617186,173.46864013671876
19,573,348.2899169921875,173.48063049316406
19,574,348.2845947265625,173.49391784667966
19,575,348.2904052734375,173.50297241210936
19,576,348.2809326171875,173.53939208984374
19,577,348.2840270996094,173.56130676269532
19,578,348.29404907226564,173.5710723876953
19,579,348.2847595214844,173.57098388671875
19,580,348.28696899414064,173.56903076171875
19,581,348.2980895996094,173.5488708496094
19,582,348.3030029296875,173.53132934570314
19,583,348.31376953125,173.50599365234376
19,584,348.3135620117188,173.4934051513672
19,585,348.30583496093755,173.48044738769534
19,586,348.2863647460938,173.46992797851564
19,587,348.2864135742188,173.46853637695312
19,588,348.2795166015625,173.48195800781252
19,589,348.2852783203125,173.48701477050784
20,0,364.78373021189486,208.58741619392973
20,1,364.842028230456,208.5793417122943
20,2,364.8620266884702,208.5365260197214
20,3,364.8626037597656,208.49627685546878
20,4,364.7418090820313,208.43414001464845
20,5,364.61455078125005,208.38207092285157
20,6,364.52755737304693,208.32899169921876
20,7,364.4993835449219,208.25406494140626
20,8,364.51470336914065,208.24710388183595
20,9,364.5826416015625,208.26752319335938
20,10,364.5919067382813,208.3549743652344
20,11,364.6357727050782,208.44866943359378
20,12,364.6259582519532,208.59945983886723
20,13,364.58001098632815,208.66903991699223
20,14,364.5815795898438,208.81487426757815
20,15,364.6741149902344,208.88665161132815
20,16,364.73741455078124,208.95716247558596
20,17,364.83851318359376,209.0294311523438
20,18,364.9721862792969,209.11022644042973
20,19,365.02744140625,209.10569458007816
20,20,365.05878295898435,209.10544128417973
20,21,365.0799133300781,209.10708923339845
20,22,365.0900573730469,209.0486907958985
20,23,365.08711547851567,208.96994628906253
20,24,365.05607910156255,208.88311462402348
20,25,365.0445617675781,208.82767639160159
20,26,365.0356628417969,208.7332733154297
20,27,365.02996215820315,208.69837646484376
20,28,365.0100463867187,208.69557800292972
20,29,365.0279602050781,208.73318786621093
20,30,365.0244812011719,208.73333435058595
20,31,365.0066833496094,208.77413635253907
20,32,364.9938110351563,208.8091735839844
20,33,364.9796875,208.8411773681641
20,34,364.9703308105469,208.78224487304692
20,35,364.92061157226567,208.71813964843753
20,36,364.8772583007813,208.6482360839844
20,37,364.81210327148443,208.56878967285155
20,38,364.7663513183594,208.48171691894532
20,39,364.7107238769532,208.45560302734376
20,40,364.7029052734375,208.42572631835938
20,41,364.7164611816407,208.42588500976564
20,42,364.75049438476566,208.4467224121094
20,43,364.7822326660157,208.47268676757815
20,44,364.79231567382817,208.51202087402348
20,45,364.79199218750006,208.56144714355474
20,46,364.92327270507815,208.47124328613285
20,47,365.01640625000005,208.33670043945315
20,48,365.09009399414066,208.22234191894535
20,49,365.1878051757813,208.09344177246098
20,50,365.32205810546884,208.05068664550782
20,51,365.29675903320316,208.13481750488285
20,52,365.30652465820316,208.25358581542972
20,53,365.3243469238282,208.35502929687502
20,54,365.3345825195313,208.46910095214844
20,55,365.3177429199219,208.491015625
20,56,365.30538940429693,208.48946228027344
20,57,365.30688476562506,208.49867248535156
20,58,365.29487915039067,208.55532531738282
20,59,365.28982543945324,208.58359680175784
20,60,365.27594604492185,208.61353759765626
20,61,365.2776123046875,208.65882568359376
20,62,365.2626892089844,208.69362487792972
20,63,365.2471801757813,208.6696716308594
20,64,365.2215576171875,208.67037353515624
20,65,365.23359985351567,208.67032775878909
20,66,365.20209960937507,208.66831359863284
20,67,365.2130432128907,208.67824707031252
20,68,365.25090942382815,208.68801879882815
20,69,365.3115905761719,208.72845458984375
20,70,365.2586547851563,208.64295959472656
20,71,365.2285095214844,208.55018005371093
20,72,365.14958496093755,208.43697509765627
20,73,365.0340759277344,208.33084106445312
20,74,364.8926330566406,208.23191223144534
20,75,364.8359619140625,208.2129058837891
20,76,364.8409606933594,208.24039611816409
20,77,364.86218872070316,208.28196716308597
20,78,364.92246093750003,208.32508239746096
20,79,364.98628540039067,208.32923583984376
20,80,365.0459350585938,208.37838134765627
20,81,365.0535278320313,208.40276794433595
20,82,365.07711791992193,208.2979248046875
20,83,365.05574951171883,208.18719177246098
20,84,365.07012329101565,208.0915466308594
20,85,365.0755920410156,207.99563293457032
20,86,365.0381958007813,207.89091796875002
20,87,364.9578796386719,207.92496032714845
20,88,364.91554565429686,207.9706512451172
20,89,364.8448791503906,207.99651489257815
20,90,364.787548828125,208.0262145996094
20,91,364.76267700195314,208.04893798828127
20,92,364.7543151855469,208.06112365722657
20,93,364.7522155761719,208.07016296386718
20,94,364.8069030761719,208.1602600097656
20,95,364.85530395507817,208.23699340820312
20,96,364.93085937500007,208.33244934082032
20,97,365.00579223632815,208.43809509277347
20,98,365.0653747558594,208.55386962890626
20,99,365.06142578125,208.60245056152343
20,100,365.09153442382814,208.6433258056641
20,101,365.09114379882817,208.67613830566404
20,102,365.0777709960938,208.6960174560547
20,103,365.0564270019531,208.70985107421876
20,104,365.03612060546874,208.7154510498047
20,105,364.9915832519531,208.73392333984376
20,106,364.9902038574219,208.6885467529297
20,107,365.00480957031255,208.63088073730472
20,108,365.00114746093755,208.56161193847657
20,109,364.9964477539063,208.46963500976562
20,110,364.97331542968755,208.37107238769534
20,111,364.9367492675782,208.32862548828123
20,112,364.910302734375,208.298583984375
20,113,364.8391418457032,208.23989868164062
20,114,364.84432983398443,208.2244598388672
20,115,364.8442749023438,208.25129089355468
20,116,364.8365600585938,208.25235900878906
20,117,364.7533264160157,208.2209686279297
20,118,364.72838745117195,208.23680114746097
20,119,364.6932678222657,208.24733886718752
20,120,364.70109252929694,208.21880187988285
20,121,364.6529663085938,208.225228881836
20,122,364.7951416015626,208.30487976074224
20,123,364.98822021484386,208.4024780273438
20,124,364.97807617187505,208.51316528320316
20,125,365.02717895507817,208.60539245605472
20,126,365.1379638671875,208.6576904296875
20,127,365.1909423828125,208.63446960449218
20,128,365.1209533691406,208.60848693847657
20,129,365.1991333007812,208.5383392333984
20,130,365.285791015625,208.63650512695315
20,131,365.3925720214844,208.78296813964846
20,132,365.40839843750007,208.94519653320316
20,133,365.6405456542969,209.14116516113282
20,134,365.8553588867188,209.35342102050782
20,135,365.8972778320313,209.44125061035157
20,136,365.9384765625,209.53126525878906
20,137,365.9389282226563,209.6225524902344
20,138,365.8376831054687,209.64730529785157
20,139,365.726953125,209.60594482421877
20,140,365.71628417968753,209.6134490966797
20,141,365.7249572753907,209.59002685546875
20,142,365.7419616699219,209.52676696777343
20,143,365.7416137695312,209.4592712402344
20,144,365.70198364257817,209.42216796875002
20,145,365.6633239746094,209.30054626464846
20,146,365.6059204101563,209.21013183593752
20,147,365.6321350097657,209.1588134765625
20,148,365.5978393554688,209.09015502929688
20,149,365.5393249511719,209.053076171875
20,150,365.44267578125005,208.95233154296875
20,151,365.31442260742193,208.7746124267578
20,152,365.1217895507813,208.58249206542968
20,153,365.0036499023438,208.46718750000002
20,154,364.9970336914063,208.2971160888672
20,155,364.9493347167969,208.21456604003907
20,156,364.8715759277344,208.2030487060547
20,157,364.9413757324219,208.23272094726565
20,158,365.0521911621094,208.21813049316407
20,159,365.1146362304687,208.22705993652346
20,160,365.2934692382813,208.2722900390625
20,161,365.46875000000006,208.2739196777344
20,162,365.47246093750005,208.29228820800782
20,163,365.43488769531257,208.2891845703125
20,164,365.37860107421886,208.3105712890625
20,165,365.30709838867193,208.2925262451172
20,166,365.1507507324219,208.29363403320312
20,167,365.1405944824219,208.37645874023437
20,168,365.10848999023443,208.4464904785156
20,169,365.0948364257813,208.51544494628908
20,170,365.04496459960944,208.5239074707031
20,171,365.09077758789067,208.5150299072266
20,172,365.0112243652344,208.37109069824223
20,173,364.81538085937507,208.31004638671877
20,174,364.62060546875,208.26896972656252
20,175,364.4228393554688,208.32464294433595
20,176,364.24407958984375,208.4017517089844
20,177,364.1355834960938,208.50174560546876
20,178,364.2024353027344,208.4529754638672
20,179,364.37644042968753,208.32833251953127
20,180,364.60914306640626,208.23150024414065
20,181,364.87415771484376,208.22154541015627
20,182,365.05466918945314,208.18440856933594
20,183,365.27451171875,208.07989196777345
20,184,365.2602416992188,208.0604187011719
20,185,365.17278442382815,207.98809204101565
20,186,365.12546386718753,207.9516784667969
20,187,365.0592895507813,207.90203552246095
20,188,364.8366943359375,207.99042968750004
20,189,364.7378112792969,208.0344665527344
20,190,364.7933654785156,208.16830444335938
20,191,364.7569519042969,208.2614990234375
20,192,364.71148071289065,208.35049438476565
20,193,364.8207580566406,208.45618896484376
20,194,364.99424438476564,208.6123748779297
20,195,364.97986450195316,208.63388366699218
20,196,364.81123657226567,208.48883056640628
20,197,364.7189575195313,208.41925964355468
20,198,364.60852661132816,208.38941955566406
20,199,364.47535400390626,208.31765136718752
20,200,364.45806274414065,208.29532775878909
20,201,364.6746765136719,208.35168762207033
20,202,364.7778015136719,208.2781982421875
20,203,364.7913940429688,208.20006103515624
20,204,364.75386352539067,208.13885803222658
20,205,364.6615905761719,207.96715087890627
20,206,364.56709594726567,207.79932250976566
20,207,364.56522827148444,207.80205383300785
20,208,364.65451660156253,207.86746826171878
20,209,364.7647705078125,207.94828796386722
20,210,364.90885620117194,208.0841247558594
20,211,364.8996215820313,208.28096618652344
20,212,364.84885864257814,208.3993347167969
20,213,364.63125,208.43612976074218
20,214,364.358154296875,208.38382873535156
20,215,364.0059265136719,208.34174499511718
20,216,363.7868347167969,208.23231201171876
20,217,363.6644226074219,208.15313110351562
20,218,363.7054626464844,208.1343231201172
20,219,363.7546264648438,208.15604858398441
20,220,363.873876953125,208.19179992675782
20,221,363.9667114257812,208.1809051513672
20,222,363.97601928710935,208.2040008544922
20,223,363.95660400390625,208.1495361328125
20,224,364.0257263183594,208.03959350585936
20,225,364.0929321289062,207.9457061767578
20,226,364.28466796875006,208.07830200195312
20,227,364.54636840820314,208.1815155029297
20,228,364.78338012695315,208.31026916503905
20,229,365.0139221191406,208.54361877441409
20,230,365.1999450683594,208.72482910156253
20,231,365.2351318359375,208.72211914062504
20,232,365.2614868164063,208.68939514160158
20,233,365.2720764160157,208.58919982910157
20,234,365.25236816406255,208.36419372558598
20,235,365.2375366210938,208.2057891845703
20,236,365.269921875,208.09395751953127
20,237,365.25363769531253,207.94555664062503
20,238,365.1826782226563,207.90638122558596
20,239,365.08370971679693,207.98860778808597
20,240,365.04044799804694,208.03194885253907
20,241,364.92352905273447,208.04267578125
20,242,364.87958984375007,208.1486572265625
20,243,364.9173461914063,208.20546264648436
20,244,365.07258911132817,208.2432861328125
20,245,365.16229248046875,208.2712188720703
20,246,365.24738769531257,208.33245239257812
20,247,365.3674621582032,208.38996276855468
20,248,365.427685546875,208.42686157226564
20,249,365.3672180175782,208.49092712402344
20,250,365.24509887695314,208.45712280273438
20,251,365.22684936523444,208.42330322265624
20,252,365.2240783691406,208.35525512695312
20,253,365.21102905273443,208.17985534667972
20,254,365.1928894042969,207.96876220703126
20,255,365.24348144531257,207.85037231445315
20,256,365.20801391601566,207.76706542968753
20,257,365.1272827148438,207.6977416992188
20,258,365.1073913574219,207.76080017089848
20,259,365.1708068847656,207.87734069824222
20,260,365.2238159179688,208.03921508789062
20,261,365.31356811523443,208.13643493652341
20,262,365.4359436035156,208.20531311035157
20,263,365.493603515625,208.2181854248047
20,264,365.4410827636719,208.21983947753907
20,265,365.37608032226564,208.2150604248047
20,266,365.3623291015625,208.25137329101565
20,267,365.30982055664066,208.2437255859375
20,268,365.2665893554688,208.2390899658203
20,269,365.32685546875007,208.2101776123047
20,270,365.4390747070313,208.19678955078126
20,271,365.5438537597657,208.11768493652346
20,272,365.6465026855469,208.1185089111328
20,273,365.72360839843753,208.10541076660158
20,274,365.6512817382813,208.13405151367192
20,275,365.5412902832032,208.1233062744141
20,276,365.35864257812506,208.12561340332033
20,277,365.1257263183594,208.09976806640628
20,278,365.04794921875003,208.15898742675785
20,279,365.14035644531253,208.16252441406255
20,280,365.26718139648443,208.14334716796878
20,281,365.45202636718756,208.08533325195316
20,282,365.5980285644532,208.08022155761722
20,283,365.58544921875006,208.00283813476565
20,284,365.5019714355469,207.90606994628908
20,285,365.37921752929685,207.8579803466797
20,286,365.17179565429694,207.89532775878908
20,287,365.0965881347656,207.80371398925783
20,288,365.15064086914066,207.75801391601564
20,289,365.2452697753906,207.8469146728516
20,290,365.2655700683594,207.9507965087891
20,291,365.31470336914066,207.95746765136724
20,292,365.3159484863281,208.12579040527348
20,293,365.2697326660156,208.25811767578128
20,294,365.16838989257815,208.25960693359377
20,295,365.21762695312503,208.24417419433595
20,296,365.33002929687507,208.29217224121095
20,297,365.4049255371094,208.24324951171877
20,298,365.4586547851563,208.33067321777347
20,299,365.40224609375,208.4550933837891
20,300,365.33173217773435,208.5645233154297
20,301,365.17502441406253,208.6763641357422
20,302,365.0445861816406,208.79692993164065
20,303,365.03673706054695,208.84012451171878
20,304,365.2253356933594,208.85510864257816
20,305,365.37260742187505,208.8961090087891
20,306,365.48298950195317,208.90810241699222
20,307,365.5599670410156,208.88222656250002
20,308,365.50869140624997,208.82495727539063
20,309,365.40270996093756,208.78563537597657
20,310,365.1699523925782,208.63552551269532
20,311,364.9869567871094,208.53565979003906
20,312,364.9135681152344,208.46219177246095
20,313,364.786590576172,208.34294738769535
20,314,364.66184692382814,208.2191375732422
20,315,364.6513610839844,208.17522277832032
20,316,364.69111328125,208.08961181640626
20,317,364.72208862304694,208.0345916748047
20,318,364.85641479492193,207.98385009765627
20,319,365.04939575195317,207.99568481445314
20,320,365.2898071289062,208.07527465820314
20,321,365.4557373046875,208.15068359375005
20,322,365.49768676757816,208.22561645507815
20,323,365.5160583496094,208.30471496582035
20,324,365.44673461914067,208.29451904296877
20,325,365.30015258789064,208.30068359375005
20,326,365.16316528320317,208.35337829589847
20,327,365.02861328125005,208.3460693359375
20,328,364.8160217285157,208.40732727050784
20,329,364.64338989257817,208.46514282226565
20,330,364.5812377929688,208.45525817871095
20,331,364.7263488769532,208.38431091308598
20,332,364.9057006835938,208.41585083007817
20,333,365.1558532714844,208.45169372558598
20,334,365.39586791992184,208.51612243652343
20,335,365.5341979980469,208.56421813964843
20,336,365.50822753906255,208.63102111816406
20,337,365.5066833496094,208.66629333496095
20,338,365.4455200195313,208.55670776367188
20,339,365.413037109375,208.48675537109378
20,340,365.37903442382816,208.43193054199222
20,341,365.36238403320317,208.34961853027346
20,342,365.1939086914063,208.24765930175784
20,343,365.1545166015626,208.16582031250005
20,344,365.08013916015625,208.05575256347657
20,345,365.0803466796875,208.04592895507815
20,346,365.08110351562505,208.06218872070315
20,347,365.2691162109375,208.10914611816406
20,348,365.3624206542969,208.2320068359375
20,349,365.4199035644532,208.33685607910158
20,350,365.4048095703126,208.27945556640628
20,351,365.4162292480469,208.20730285644532
20,352,365.3762878417969,208.06828918457035
20,353,365.2836730957032,207.93031616210936
20,354,365.28289794921875,207.83401794433595
20,355,365.2678100585938,207.81242675781252
20,356,365.30120239257815,207.79711914062503
20,357,365.33292846679694,207.83501586914065
20,358,365.38579711914065,207.8493316650391
20,359,365.3629516601563,207.83461914062502
20,360,365.39973144531257,207.89233703613283
20,361,365.33964843750005,207.9690643310547
20,362,365.3287170410157,208.00691833496094
20,363,365.3408996582031,208.08835449218753
20,364,365.4360412597656,208.16044921875002
20,365,365.4615600585937,208.1484558105469
20,366,365.4923706054688,208.14760131835936
20,367,365.42138671875,208.12279052734377
20,368,365.4031921386719,208.0836944580078
20,369,365.3594848632813,208.07078857421877
20,370,365.302215576172,207.97958984375003
20,371,365.2898803710938,207.9106719970703
20,372,365.38325805664067,207.8666778564453
20,373,365.4098083496094,207.85625610351565
20,374,365.3703491210938,207.81145935058595
20,375,365.2989562988282,207.7926818847656
20,376,365.1635803222656,207.71460266113283
20,377,364.9920471191407,207.65111389160157
20,378,364.8128540039063,207.6162353515625
20,379,364.6504333496094,207.59751281738284
20,380,364.61600952148444,207.66127014160162
20,381,364.5711059570313,207.78755493164067
20,382,364.4522338867188,207.84105224609377
20,383,364.41990356445314,207.8982116699219
20,384,364.4289306640626,207.94091796875
20,385,364.3938049316406,207.96028747558594
20,386,364.4273498535157,208.0147003173828
20,387,364.51384277343755,208.1367218017578
20,388,364.5569946289063,208.20763244628904
20,389,364.5653442382812,208.26246337890626
20,390,364.550146484375,208.29856872558594
20,391,364.55201416015626,208.2446258544922
20,392,364.54387207031255,208.26196899414066
20,393,364.56749877929695,208.27051391601563
20,394,364.609033203125,208.2963348388672
20,395,364.6605834960938,208.35950317382816
20,396,364.7328796386719,208.44326171875002
20,397,364.87895507812505,208.44572753906252
20,398,365.0010131835938,208.40940551757814
20,399,365.08305053710944,208.36863708496097
20,400,365.15204467773447,208.2825439453125
20,401,365.17165527343747,208.21675415039067
20,402,365.1114501953125,208.15862426757815
20,403,365.06740722656247,208.1457397460938
20,404,365.03513793945314,208.20603332519534
20,405,365.04475708007817,208.2965759277344
20,406,364.9779113769531,208.34934387207034
20,407,364.88434448242185,208.40632629394534
20,408,364.7632690429688,208.46627197265627
20,409,364.6702514648438,208.46853637695312
20,410,364.57197265625,208.4704528808594
20,411,364.5848083496094,208.51184692382816
20,412,364.56868286132817,208.55190734863285
20,413,364.53718261718757,208.57277221679692
20,414,364.54674682617195,208.58111877441408
20,415,364.589013671875,208.6418487548828
20,416,364.6088623046875,208.68437805175782
20,417,364.69417114257817,208.7028564453125
20,418,364.7586975097657,208.64380187988283
20,419,364.7361755371094,208.6295623779297
20,420,364.7042541503906,208.53607482910158
20,421,364.6105041503906,208.44037475585938
20,422,364.53874511718755,208.38370056152343
20,423,364.53459472656255,208.40328979492188
20,424,364.57695312500005,208.36195068359376
20,425,364.5478637695313,208.3094451904297
20,426,364.5879577636719,208.2555084228516
20,427,364.60479125976565,208.18522033691409
20,428,364.5611389160157,208.10962219238286
20,429,364.49116821289067,208.0585876464844
20,430,364.6064147949219,208.0684844970703
20,431,364.67742309570315,208.11194152832033
20,432,364.72395629882817,208.16686401367187
20,433,364.7849975585938,208.30231323242188
20,434,364.82780151367183,208.39856262207033
20,435,364.74877929687506,208.45841979980472
20,436,364.6692016601563,208.47267761230472
20,437,364.6120727539063,208.48165588378907
20,438,364.6239990234375,208.436865234375
20,439,364.68076782226564,208.4313903808594
20,440,364.6962524414063,208.4204559326172
20,441,364.73847656250007,208.49144592285157
20,442,364.81622314453125,208.52166137695315
20,443,364.7980712890625,208.56345214843748
20,444,364.7642517089844,208.57778015136716
20,445,364.8039489746094,208.67322692871093
20,446,364.7919982910156,208.7102478027344
20,447,364.75810546875005,208.79719543457034
20,448,364.78648071289064,208.86966552734378
20,449,364.8017333984375,208.99161682128909
20,450,364.80155639648444,209.04473266601568
20,451,364.85028686523435,209.11024169921876
20,452,364.9022216796875,209.16537170410157
20,453,364.9216064453126,209.19542236328127
20,454,365.0109985351562,208.96050720214845
20,455,365.0394409179688,208.70040283203127
20,456,365.031884765625,208.43660583496097
20,457,365.00877685546874,208.239990234375
20,458,364.99790649414064,208.06512145996095
20,459,364.92895507812506,208.15591430664065
20,460,364.8956298828125,208.27354125976566
20,461,364.8890197753907,208.36069030761723
20,462,364.8793579101563,208.3307312011719
20,463,364.9082946777344,208.3147888183594
20,464,364.94361572265626,208.2949645996094
20,465,364.9679565429688,208.25554809570315
20,466,364.9867065429688,208.28411560058595
20,467,365.03154296875005,208.3657928466797
20,468,364.9925781250001,208.39949340820314
20,469,364.93882446289064,208.41876220703128
20,470,364.8513427734375,208.45418090820314
20,471,364.75593261718757,208.48912048339844
20,472,364.68318481445317,208.5488037109375
20,473,364.61740112304693,208.6165008544922
20,474,364.56283569335943,208.7365692138672
20,475,364.61960449218753,208.86430969238282
20,476,364.7095642089844,208.9348846435547
20,477,364.7464782714844,208.968212890625
20,478,364.8545227050781,208.95509948730472
20,479,364.9695190429687,208.85923767089844
20,480,365.00095214843753,208.796762084961
20,481,364.98389892578126,208.7175262451172
20,482,365.00672607421876,208.68165283203126
20,483,364.99191894531253,208.69109497070312
20,484,364.989013671875,208.74458923339844
20,485,364.9840454101563,208.7666809082031
20,486,365.00311279296875,208.83794860839845
20,487,364.9702209472656,208.81719360351565
20,488,364.90460815429685,208.7950927734375
20,489,364.87066040039065,208.8207244873047
20,490,364.80529785156256,208.6240417480469
20,491,364.72352294921876,208.3782897949219
20,492,364.7057495117188,208.25208435058596
20,493,364.6939453125001,208.1259918212891
20,494,364.65527343750006,207.9302947998047
20,495,364.68124389648443,207.95779418945312
20,496,364.68530273437506,208.0005950927734
20,497,364.6563110351563,207.98316345214843
20,498,364.6797790527344,208.00893859863282
20,499,364.67631835937505,208.0300201416016
20,500,364.67144165039065,208.0293212890625
20,501,364.671337890625,208.0531921386719
20,502,364.709619140625,208.13775024414062
20,503,364.7574096679688,208.2341247558594
20,504,364.75339965820314,208.35351867675783
20,505,364.76111450195316,208.4916656494141
20,506,364.77206420898443,208.62321166992191
20,507,364.7684631347656,208.70974426269532
20,508,364.7380676269531,208.73239135742188
20,509,364.76179809570317,208.82686157226564
20,510,364.72991943359375,208.9263916015625
20,511,364.7593383789063,209.0374755859375
20,512,364.7432861328125,209.13233337402343
20,513,364.7261901855469,209.25322875976562
20,514,364.7710388183594,209.08929443359375
20,515,364.81989746093745,208.8965301513672
20,516,364.8371520996094,208.67386779785156
20,517,364.86920166015625,208.4229705810547
20,518,364.88981933593755,208.15564880371096
20,519,364.8408447265625,208.09085388183593
20,520,364.78101196289066,208.10386962890624
20,521,364.7329284667969,208.13400573730468
20,522,364.6781127929687,208.17198181152344
20,523,364.6217407226563,208.25537109375
20,524,364.5577636718751,208.3472930908203
20,525,364.51713256835944,208.38258056640623
20,526,364.5932739257812,208.44533386230472
20,527,364.6976989746094,208.50545959472657
20,528,364.78268432617193,208.53280029296874
20,529,364.94287719726566,208.54077453613283
20,530,365.1048095703125,208.53670043945314
20,531,365.1496398925782,208.49988708496093
20,532,365.15892944335945,208.47061767578123
20,533,365.20341796875005,208.44550781249998
20,534,365.1630859375,208.4417785644531
20,535,365.1302673339844,208.43776245117186
20,536,365.0700134277344,208.44351501464843
20,537,365.0189086914063,208.45134887695315
20,538,364.9088317871094,208.3574188232422
20,539,364.80342407226567,208.24175109863285
20,540,364.68989257812507,208.14629821777345
20,541,364.60156860351566,208.02967529296876
20,542,364.5610778808594,207.98082885742187
20,543,364.56665649414066,208.0638854980469
20,544,364.60112915039065,208.1010467529297
20,545,364.6439514160156,208.1124694824219
20,546,364.65634765625003,208.13569946289064
20,547,364.6393188476563,208.0983795166016
20,548,364.62554931640625,208.05308837890624
20,549,364.6160522460938,208.0758026123047
20,550,364.6144897460938,208.09898071289064
20,551,364.6242980957031,208.1458709716797
20,552,364.655859375,208.19825134277343
20,553,364.6567504882813,208.2743896484375
20,554,364.69805908203125,208.33203125
20,555,364.7582458496094,208.41691894531252
20,556,364.818701171875,208.46900329589846
20,557,364.853125,208.5059722900391
20,558,364.93414306640625,208.50319213867192
20,559,364.9427551269531,208.48858642578125
20,560,364.91949462890625,208.48858337402345
20,561,364.8973815917969,208.48946838378907
20,562,364.90686645507816,208.4808776855469
20,563,364.877001953125,208.47697753906255
20,564,364.86735839843755,208.48194885253906
20,565,364.8524780273438,208.4482086181641
20,566,364.8343383789063,208.41195373535157
20,567,364.78886718750005,208.3983825683594
20,568,364.77482299804694,208.37917785644532
20,569,364.7984497070313,208.37425231933597
20,570,364.81132812500005,208.3896240234375
20,571,364.8404724121094,208.40655212402345
20,572,364.86325073242193,208.41064453125
20,573,364.89147949218756,208.41167907714845
20,574,364.80413208007815,208.37432556152345
20,575,364.72258911132815,208.32387695312502
20,576,364.6504516601563,208.3537322998047
20,577,364.623291015625,208.41807556152347
20,578,364.58228149414066,208.48283996582035
20,579,364.6402221679688,208.60099182128906
20,580,364.73502807617194,208.71956481933597
20,581,364.81152343750006,208.75423889160157
20,582,364.84452514648444,208.75623168945316
20,583,364.89738769531255,208.75623168945316
20,584,364.93735351562503,208.73928527832032
20,585,364.9610961914063,208.71363830566406
20,586,364.95674438476567,208.53011474609374
20,587,364.9302978515625,208.34342041015626
20,588,364.8877258300781,208.16007080078128
20,589,364.84319458007815,207.97670288085942
21,0,364.30951076858787,228.20111497165763
21,1,364.4397511569232,228.40052867413894
21,2,364.6032557054147,228.572781732089
21,3,364.7880981445313,228.75411682128905
21,4,364.7945556640625,228.75604248046875
21,5,364.7164611816406,228.79452209472657
21,6,364.70371093750003,228.84859008789064
21,7,364.67392578125003,228.8994110107422
21,8,364.62373046875007,229.00903015136723
21,9,364.60282592773433,229.1170593261719
21,10,364.65095825195317,229.1559783935547
21,11,364.73590698242185,229.179150390625
21,12,364.80046386718755,229.21318359375002
21,13,364.8547058105469,229.17413940429688
21,14,364.9549072265625,229.22239990234377
21,15,365.02423706054697,229.29497070312502
21,16,365.0717224121094,229.36454772949222
21,17,365.14669189453133,229.4544189453125
21,18,365.24570312500003,229.54963378906254
21,19,365.2918884277344,229.5430419921875
21,20,365.33223266601567,229.54759826660157
21,21,365.3624694824219,229.5465087890625
21,22,365.3382080078125,229.53138732910156
21,23,365.281640625,229.49435119628907
21,24,365.21262817382814,229.47142639160154
21,25,365.1652648925781,229.46438903808593
21,26,365.0926696777344,229.41998291015625
21,27,365.0354187011719,229.36771850585936
21,28,364.98825073242193,229.3397705078125
21,29,364.94577026367193,229.32332763671872
21,30,364.87109375000006,229.25752563476564
21,31,364.82576904296883,229.25047912597657
21,32,364.7992004394532,229.26949157714847
21,33,364.77376098632817,229.30165710449222
21,34,364.7203125,229.16334228515632
21,35,364.6597900390625,229.00039672851568
21,36,364.58760375976567,228.83520507812503
21,37,364.48340454101566,228.66069641113282
21,38,364.39091186523444,228.4585418701172
21,39,364.33634643554694,228.40026245117187
21,40,364.29086303710943,228.3614166259766
21,41,364.26481933593755,228.32575683593754
21,42,364.251611328125,228.29458618164068
21,43,364.23739013671883,228.28622131347657
21,44,364.2123046875,228.3006011962891
21,45,364.180908203125,228.33052368164067
21,46,364.3475524902344,228.31556396484376
21,47,364.4775268554688,228.25587768554692
21,48,364.5740661621094,228.20532226562506
21,49,364.7071899414063,228.16648559570316
21,50,364.8437866210938,228.26892700195316
21,51,364.7644104003907,228.41943969726563
21,52,364.72541503906245,228.61761474609375
21,53,364.7331604003907,228.80433349609373
21,54,364.7360473632813,228.97169189453126
21,55,364.77161865234376,229.0018280029297
21,56,364.8139038085938,229.00273437500002
21,57,364.88237915039065,229.00722351074222
21,58,364.90833129882816,229.1478698730469
21,59,364.9613708496094,229.28597106933597
21,60,364.98970336914067,229.4146301269531
21,61,365.0393981933594,229.55150451660157
21,62,365.0719909667969,229.67283325195314
21,63,365.1221374511719,229.65408935546878
21,64,365.11613159179694,229.63069763183597
21,65,365.163232421875,229.6175567626953
21,66,365.1567260742188,229.587744140625
21,67,365.1920532226563,229.5914031982422
21,68,365.2351135253906,229.59610595703126
21,69,365.25590820312505,229.5911804199219
21,70,365.18731079101565,229.4401794433594
21,71,365.1566101074219,229.3155944824219
21,72,365.10392456054694,229.1732086181641
21,73,365.0237854003907,229.0259735107422
21,74,364.9544677734375,228.88254699707034
21,75,364.93135375976567,228.83326110839846
21,76,364.88419799804694,228.79494628906252
21,77,364.83318481445315,228.78589477539063
21,78,364.80656127929694,228.7871063232422
21,79,364.7746826171875,228.80809631347657
21,80,364.76619262695317,228.8521728515625
21,81,364.77853393554693,228.89095458984374
21,82,364.807830810547,228.87131042480468
21,83,364.8295166015626,228.81232604980465
21,84,364.8790893554688,228.71060485839843
21,85,364.8892944335938,228.60209960937502
21,86,364.8669738769532,228.4769561767578
21,87,364.78850097656255,228.37990722656247
21,88,364.7342590332031,228.31729736328123
21,89,364.6776672363281,228.28462829589841
21,90,364.64472045898435,228.290771484375
21,91,364.630859375,228.31199645996094
21,92,364.6341613769531,228.33399353027346
21,93,364.6327941894532,228.3529052734375
21,94,364.7018737792969,228.46573791503906
21,95,364.75647583007816,228.5596221923828
21,96,364.82124633789067,228.70919494628905
21,97,364.87446289062507,228.87403869628906
21,98,364.8935607910156,229.0351593017578
21,99,364.82427368164065,229.12697753906252
21,100,364.76436157226567,229.21519165039064
21,101,364.6894470214844,229.24248046875
21,102,364.6059753417969,229.24018249511718
21,103,364.56109008789065,229.26535644531248
21,104,364.5263366699219,229.2736358642578
21,105,364.4969848632813,229.28342285156248
21,106,364.58262939453124,229.31048889160158
21,107,364.67266235351565,229.34991455078128
21,108,364.71318359375005,229.35101623535158
21,109,364.7750061035157,229.34621887207032
21,110,364.8059265136719,229.3383972167969
21,111,364.77483520507815,229.34772338867188
21,112,364.76372070312505,229.33252868652346
21,113,364.7235290527344,229.3241668701172
21,114,364.7915283203125,229.39904174804693
21,115,364.92319946289064,229.58506469726564
21,116,365.01934204101565,229.6221160888672
21,117,364.9984436035156,229.57700500488284
21,118,365.1450988769531,229.5845855712891
21,119,365.17517700195316,229.61884155273444
21,120,365.1759948730469,229.52300415039065
21,121,365.1887145996094,229.72498168945316
21,122,365.4198974609375,230.19582824707032
21,123,365.59869384765625,230.61250610351564
21,124,365.72351684570316,230.97030029296874
21,125,365.84759521484375,231.32483825683593
21,126,366.0640563964844,231.55574645996094
21,127,366.20125122070317,231.60962524414063
21,128,366.19205932617194,231.59225463867188
21,129,366.2124877929688,231.5334686279297
21,130,366.2534362792969,231.67514038085938
21,131,366.16324462890634,231.69251403808593
21,132,365.9866821289063,231.5923828125
21,133,365.98945312500007,231.7570281982422
21,134,366.08187866210943,231.95388488769532
21,135,366.1210998535157,231.97740783691407
21,136,366.2356811523438,232.08661193847655
21,137,366.39066772460944,232.36348571777341
21,138,366.49235839843755,232.45902709960933
21,139,366.4190612792969,232.31612854003902
21,140,366.32438354492194,232.2798370361328
21,141,366.2043701171875,232.14842224121094
21,142,366.11102905273447,231.9417877197266
21,143,365.87958374023435,231.73793945312502
21,144,365.70768432617194,231.76380615234376
21,145,365.6310668945313,231.71195373535159
21,146,365.5849975585938,231.75079650878908
21,147,365.58466796875007,231.74107666015627
21,148,365.70369262695317,231.69078063964844
21,149,365.6853332519531,231.6268981933594
21,150,365.59089355468757,231.2827026367188
21,151,365.48883666992197,230.8594512939453
21,152,365.4011413574219,230.51450195312498
21,153,365.2606018066407,230.42784423828124
21,154,365.4091674804688,230.2832977294922
21,155,365.5525268554688,230.37001037597656
21,156,365.5892150878907,230.3839019775391
21,157,365.6566345214844,230.3151550292969
21,158,365.76122436523445,230.09227600097657
21,159,365.70148925781257,229.85626525878908
21,160,365.71655883789066,229.7764373779297
21,161,365.75119018554693,229.66221923828124
21,162,365.63583374023443,229.5672637939453
21,163,365.55402832031257,229.38998413085938
21,164,365.5406738281251,229.22172241210936
21,165,365.47969360351567,228.94028625488284
21,166,365.34173583984375,228.92243957519534
21,167,365.3368530273438,229.1401794433594
21,168,365.33615112304693,229.43096313476565
21,169,365.2214294433594,229.69846496582034
21,170,365.12822875976565,229.91849365234376
21,171,365.11736450195315,229.94349060058596
21,172,364.9707824707032,229.7494079589844
21,173,364.72630004882814,229.56575927734377
21,174,364.6296691894531,229.40549621582034
21,175,364.5509399414062,229.28782043457034
21,176,364.4848205566406,229.29896850585936
21,177,364.5209106445313,229.41600952148437
21,178,364.7052185058594,229.52655944824218
21,179,364.8621337890625,229.66777038574222
21,180,365.00053710937505,229.8395233154297
21,181,365.18828735351565,230.03562316894534
21,182,365.3275207519531,230.1575866699219
21,183,365.3824523925781,230.00446166992188
21,184,365.3795166015625,229.83977966308595
21,185,365.28350830078125,229.6366882324219
21,186,365.2248962402344,229.6204986572266
21,187,365.0785766601563,229.51927185058597
21,188,364.91264648437505,229.54337463378909
21,189,364.83793945312505,229.66330566406253
21,190,364.89183959960945,230.01119689941407
21,191,364.8890563964844,230.1325439453125
21,192,364.9391723632813,230.28671264648435
21,193,365.03596801757817,230.5417572021484
21,194,365.113037109375,230.75889282226558
21,195,365.0509399414063,230.68076782226558
21,196,364.89010620117193,230.48595886230467
21,197,364.7790893554688,230.26262817382812
21,198,364.69104003906256,230.10007324218753
21,199,364.48015136718755,229.93295898437498
21,200,364.3754638671876,229.89702758789062
21,201,364.4427612304688,229.94753417968752
21,202,364.5650268554688,229.9607635498047
21,203,364.5616455078125,229.9119842529297
21,204,364.6811645507812,229.8820526123047
21,205,364.8150451660157,229.6695556640625
21,206,364.9099304199219,229.43586120605465
21,207,364.92365722656257,229.47677001953127
21,208,365.0642272949219,229.6862762451172
21,209,365.18583984375005,229.87364196777344
21,210,365.31603393554695,230.13518066406252
21,211,365.2618041992188,230.44328918457032
21,212,365.2856323242188,230.68162841796877
21,213,365.2363586425781,230.76288146972658
21,214,365.0342102050781,230.76387939453127
21,215,364.75692749023443,230.83025817871092
21,216,364.6738586425781,230.9365997314453
21,217,364.5546569824219,231.10427551269532
21,218,364.4625549316406,231.25888671875
21,219,364.4849731445313,231.38172607421873
21,220,364.5955200195313,231.39643554687498
21,221,364.57708129882815,231.12574462890623
21,222,364.5130310058594,230.7770843505859
21,223,364.4952026367188,230.38351745605468
21,224,364.48462524414066,229.87466125488282
21,225,364.4525817871094,229.44951171875
21,226,364.60253906250006,229.51230773925784
21,227,364.76275634765636,229.58482666015624
21,228,365.0014282226563,229.7687835693359
21,229,365.2787963867188,230.22686157226562
21,230,365.41623535156253,230.60278320312503
21,231,365.4662719726563,230.6757965087891
21,232,365.47050781250005,230.61611633300782
21,233,365.3357238769532,230.3880340576172
21,234,365.1728576660156,229.91981506347656
21,235,365.1098083496094,229.55691833496095
21,236,365.07174682617193,229.2508056640625
21,237,365.0392456054688,228.95488281250002
21,238,365.012109375,228.97044677734377
21,239,365.05901489257815,229.20908203125003
21,240,365.16068115234384,229.41872558593752
21,241,365.1250854492188,229.64761352539065
21,242,365.23041992187507,229.99471435546877
21,243,365.2854064941407,230.10380859375002
21,244,365.2765136718751,230.11324157714844
21,245,365.2141357421876,230.12845458984373
21,246,365.26025390625006,230.04375
21,247,365.238427734375,229.95455932617188
21,248,365.2000732421875,229.8812225341797
21,249,365.16251831054694,229.80599060058594
21,250,365.18620605468755,229.60098266601562
21,251,365.2138549804688,229.62807617187502
21,252,365.2988525390625,229.64885253906252
21,253,365.3827941894532,229.63827514648438
21,254,365.4383361816406,229.57220458984378
21,255,365.40169067382817,229.56846923828124
21,256,365.31983032226566,229.4566162109375
21,257,365.20063476562507,229.30502624511718
21,258,365.171533203125,229.18222351074218
21,259,365.1961303710938,229.17608642578122
21,260,365.2412048339844,229.29013977050784
21,261,365.29858398437506,229.37785339355472
21,262,365.37512207031256,229.40823364257815
21,263,365.3495849609376,229.39999389648438
21,264,365.26796875,229.41214599609378
21,265,365.14677734375005,229.42085571289067
21,266,365.0976196289063,229.4553985595703
21,267,365.05316772460935,229.4542999267578
21,268,365.0481201171875,229.4435577392578
21,269,365.1004211425781,229.4688781738281
21,270,365.19090576171874,229.43998107910153
21,271,365.27068481445315,229.36278381347654
21,272,365.2704162597657,229.4728271484375
21,273,365.1990234375,229.62439575195313
21,274,365.1762390136719,229.65050964355467
21,275,365.19346313476564,229.6780212402344
21,276,365.1468627929688,229.74844360351565
21,277,365.1088806152344,229.64141845703125
21,278,365.21270141601565,229.52403564453127
21,279,365.23541259765625,229.48828735351563
21,280,365.23430175781255,229.3850067138672
21,281,365.2942321777344,229.23734436035156
21,282,365.3343444824219,229.22380981445312
21,283,365.30557250976574,229.14705810546874
21,284,365.29741210937505,228.99705810546874
21,285,365.2669799804688,228.96633605957032
21,286,365.1183837890626,228.89311523437502
21,287,365.02363891601567,228.74695434570313
21,288,364.9870239257813,228.71195373535159
21,289,364.9067687988282,228.85048828125005
21,290,364.79806518554693,228.96506347656253
21,291,364.76264648437507,229.0717651367188
21,292,364.7360534667969,229.3138336181641
21,293,364.7685791015625,229.44573669433598
21,294,364.77011718750003,229.3521423339844
21,295,364.83366699218755,229.22089538574218
21,296,364.8625305175782,229.24429016113282
21,297,364.8311401367188,229.0595642089844
21,298,364.7102355957032,229.10488891601562
21,299,364.5805908203125,229.30164184570316
21,300,364.4426513671875,229.49658813476563
21,301,364.3112487792969,229.62871398925785
21,302,364.2508422851563,229.84004516601564
21,303,364.2735229492188,229.91969909667966
21,304,364.44587402343757,229.9821075439453
21,305,364.6014770507813,230.06949157714845
21,306,364.75592041015625,230.11126708984375
21,307,364.89124145507816,230.17499389648435
21,308,364.9394836425782,230.21024169921878
21,309,364.9027770996094,230.2578552246094
21,310,364.7688354492188,230.1498992919922
21,311,364.68158569335935,230.07061767578125
21,312,364.65693969726567,229.95044555664066
21,313,364.56634521484375,229.85235290527345
21,314,364.5256042480469,229.69320068359377
21,315,364.5845947265625,229.61751403808591
21,316,364.73037109375,229.48175964355468
21,317,364.7914367675782,229.36891174316406
21,318,364.9712951660157,229.25076293945312
21,319,365.1176330566407,229.2184539794922
21,320,365.259423828125,229.3197723388672
21,321,365.27617187500005,229.46514892578125
21,322,365.2369567871094,229.6013214111328
21,323,365.16450805664067,229.64902954101564
21,324,365.08951416015634,229.56063842773438
21,325,364.9692138671876,229.47535400390626
21,326,364.81058959960944,229.4290496826172
21,327,364.71683959960944,229.34951477050782
21,328,364.588525390625,229.300244140625
21,329,364.41005859375,229.29606933593752
21,330,364.3863647460938,229.1943328857422
21,331,364.52351074218757,229.04639587402346
21,332,364.64066772460944,228.95782165527345
21,333,364.8436584472657,228.96070251464846
21,334,365.1123291015625,229.0692565917969
21,335,365.268798828125,229.23746948242186
21,336,365.3304748535157,229.4041015625
21,337,365.3889282226563,229.59386901855473
21,338,365.37109985351566,229.64097595214847
21,339,365.3203247070313,229.63533630371097
21,340,365.2805236816407,229.62020568847657
21,341,365.1600891113282,229.55979614257814
21,342,365.03620605468757,229.4683563232422
21,343,365.1116088867188,229.40615539550782
21,344,365.1629089355469,229.27220153808594
21,345,365.2358825683594,229.211328125
21,346,365.32971191406256,229.11759338378906
21,347,365.41989746093753,229.03426513671874
21,348,365.3453002929688,229.03958435058593
21,349,365.2475219726563,229.03594360351562
21,350,365.13740234375007,228.90701293945312
21,351,365.0955139160157,228.80765686035156
21,352,365.06758422851567,228.63851013183591
21,353,364.9839050292969,228.44447631835936
21,354,364.96135864257815,228.2901153564453
21,355,364.9159118652344,228.20490112304688
21,356,364.9157165527344,228.1486328125
21,357,364.89963989257814,228.133984375
21,358,364.91040649414066,228.1871124267578
21,359,364.92954101562503,228.29489746093748
21,360,365.02683105468753,228.4604248046875
21,361,365.0514282226563,228.6730499267578
21,362,365.0679382324219,228.83880310058598
21,363,365.11616821289067,229.01442565917972
21,364,365.27336425781255,229.1641906738281
21,365,365.3093566894531,229.20676879882814
21,366,365.3439025878906,229.26582336425784
21,367,365.3924255371094,229.33852844238282
21,368,365.4520446777344,229.32829284667972
21,369,365.3543334960938,229.2718627929688
21,370,365.2528869628906,229.07713012695314
21,371,365.23637084960944,228.7982147216797
21,372,365.3118774414063,228.6039489746094
21,373,365.32244873046875,228.42008056640626
21,374,365.34808349609375,228.2642547607422
21,375,365.3960205078125,228.24359741210938
21,376,365.3561096191406,228.28260192871093
21,377,365.2443359375,228.30455322265624
21,378,365.1557678222656,228.38533630371094
21,379,365.041162109375,228.38532409667968
21,380,364.959912109375,228.44012756347655
21,381,364.86320800781255,228.45545959472656
21,382,364.723974609375,228.43512268066405
21,383,364.6548217773438,228.47408447265624
21,384,364.60056152343753,228.55394897460937
21,385,364.52832641601566,228.58420715332034
21,386,364.5021240234375,228.66839294433592
21,387,364.53012695312503,228.76678161621095
21,388,364.50969848632815,228.77333984375
21,389,364.5753479003906,228.75883789062502
21,390,364.6438354492187,228.75078125
21,391,364.78898315429694,228.69060974121095
21,392,364.83192749023436,228.70299682617187
21,393,364.94111938476567,228.7093048095703
21,394,364.94519653320316,228.76616210937502
21,395,364.95263061523445,228.80991821289064
21,396,364.9296752929688,228.90773620605472
21,397,365.0130249023438,228.96373596191407
21,398,365.0007995605469,228.97014160156252
21,399,365.0330261230469,228.98020324707034
21,400,365.0335144042969,229.0028015136719
21,401,364.97754516601566,228.97970581054688
21,402,364.89605102539065,228.96122131347656
21,403,364.86704101562503,228.99291076660157
21,404,364.80017089843756,229.08369140625
21,405,364.7600708007813,229.17158203125
21,406,364.7143737792969,229.2651550292969
21,407,364.6337097167969,229.32316894531252
21,408,364.4869018554688,229.3331604003906
21,409,364.4282104492188,229.23499755859373
21,410,364.397119140625,229.1667266845703
21,411,364.43795776367193,229.1090850830078
21,412,364.45087890625,229.06015319824218
21,413,364.4956298828125,229.04502563476566
21,414,364.5536987304688,229.04698791503907
21,415,364.64226074218755,229.06863403320312
21,416,364.68527832031253,229.10108642578126
21,417,364.8204711914063,229.14247741699222
21,418,364.8860290527344,229.12829589843753
21,419,364.8850769042969,229.12812500000004
21,420,364.8536560058594,229.0596862792969
21,421,364.75959472656257,228.9639434814453
21,422,364.6596435546876,228.87666015624998
21,423,364.6363525390625,228.83064575195317
21,424,364.6267944335937,228.76901245117185
21,425,364.5766235351563,228.70640563964844
21,426,364.5950500488281,228.67279663085938
21,427,364.56040039062503,228.5886932373047
21,428,364.5319519042969,228.54693298339845
21,429,364.46436157226566,228.52178039550785
21,430,364.5138793945313,228.52676696777343
21,431,364.56208496093757,228.55776062011722
21,432,364.5996154785156,228.62398376464847
21,433,364.6592895507813,228.74198303222656
21,434,364.7241149902344,228.76544189453125
21,435,364.71821899414067,228.75853271484374
21,436,364.7268737792969,228.67901306152345
21,437,364.76420898437505,228.59403076171878
21,438,364.7990844726563,228.46086425781252
21,439,364.86397094726567,228.45416259765628
21,440,364.85872192382817,228.4481109619141
21,441,364.8187194824219,228.51916503906253
21,442,364.8023986816407,228.68529052734374
21,443,364.7459716796875,228.8190734863281
21,444,364.6594116210938,228.8995544433594
21,445,364.6855651855469,229.0652069091797
21,446,364.69718627929694,229.2412078857422
21,447,364.7004638671875,229.33274536132814
21,448,364.7117004394532,229.44399719238282
21,449,364.6992004394532,229.57750549316407
21,450,364.63519897460947,229.66133422851564
21,451,364.61226196289067,229.70730895996095
21,452,364.57972412109376,229.75717773437503
21,453,364.54405517578124,229.7751373291016
21,454,364.60593261718753,229.55140075683593
21,455,364.6490356445313,229.2390930175781
21,456,364.62498168945314,228.8637237548828
21,457,364.59265747070316,228.54432373046873
21,458,364.55599975585943,228.240869140625
21,459,364.4643859863282,228.19695434570315
21,460,364.38041381835944,228.2235992431641
21,461,364.3490112304688,228.27994689941406
21,462,364.2981323242188,228.21184692382812
21,463,364.2854370117188,228.13965759277346
21,464,364.2913330078125,228.10771484375
21,465,364.3011352539063,228.07968750000003
21,466,364.3275634765625,228.25745544433596
21,467,364.44202880859376,228.47988281250002
21,468,364.48857421875,228.6898620605469
21,469,364.56004028320314,228.8510467529297
21,470,364.6287780761719,229.03603820800782
21,471,364.661865234375,229.0858245849609
21,472,364.6842224121094,229.18859252929687
21,473,364.7485107421875,229.302294921875
21,474,364.7547668457032,229.44749145507814
21,475,364.8037719726563,229.56515197753905
21,476,364.8637634277344,229.60834655761715
21,477,364.85637207031255,229.59908447265624
21,478,364.90453491210945,229.45191955566406
21,479,364.9742492675782,229.26790161132814
21,480,364.96647338867194,229.09849548339844
21,481,364.92091064453126,228.95061035156252
21,482,364.9035827636719,228.85960083007814
21,483,364.85034790039066,228.90745239257814
21,484,364.8275451660156,228.98747863769535
21,485,364.86231689453126,229.07150573730468
21,486,364.93482666015626,229.18569946289062
21,487,364.98237915039067,229.19601135253907
21,488,364.95625000000007,229.12385864257814
21,489,364.91627197265626,229.06100158691407
21,490,364.90784912109376,228.9145568847656
21,491,364.8611206054688,228.73175048828125
21,492,364.85323486328133,228.7118377685547
21,493,364.86920776367197,228.78110046386718
21,494,364.88139038085944,228.85198974609375
21,495,364.8581970214844,228.9908660888672
21,496,364.8676574707032,229.14815979003907
21,497,364.871240234375,229.22035522460936
21,498,364.9106323242188,229.3028076171875
21,499,364.9389709472657,229.35258483886716
21,500,364.96136474609375,229.42081909179686
21,501,364.9669311523437,229.47816772460936
21,502,364.91647338867193,229.46212158203124
21,503,364.86220092773436,229.39920959472659
21,504,364.7634521484375,229.32780456542972
21,505,364.6692687988281,229.2205535888672
21,506,364.57520751953126,229.12239685058594
21,507,364.5472351074219,229.07231750488285
21,508,364.50066528320315,228.9831237792969
21,509,364.50579833984375,229.02008056640628
21,510,364.4881896972656,229.08739929199223
21,511,364.49505615234375,229.15764770507818
21,512,364.47070922851566,229.23362426757816
21,513,364.47514648437505,229.3861755371094
21,514,364.5281066894531,229.29666137695312
21,515,364.57518310546874,229.1572021484375
21,516,364.59785156250007,228.98211364746095
21,517,364.61703491210943,228.77939758300784
21,518,364.6283569335938,228.5461334228516
21,519,364.54880371093753,228.44029846191407
21,520,364.4632385253907,228.4421112060547
21,521,364.42903442382817,228.46702880859374
21,522,364.38859252929694,228.51558227539064
21,523,364.3602233886719,228.62429809570312
21,524,364.3596740722657,228.75646057128907
21,525,364.39118652343757,228.81850585937502
21,526,364.52360839843755,228.92580566406252
21,527,364.70874633789066,229.04404907226564
21,528,364.8699829101563,229.10476684570312
21,529,365.06109008789065,229.1314239501953
21,530,365.2208618164063,229.15590820312502
21,531,365.23232421875,229.14423522949218
21,532,365.20507812500006,229.11224975585938
21,533,365.18560180664065,229.10813598632814
21,534,365.1008666992188,229.10710144042972
21,535,365.0420593261719,229.12835693359378
21,536,364.97945556640633,229.15285644531255
21,537,364.9137573242188,229.21085205078128
21,538,364.7856811523438,229.10452575683595
21,539,364.7060729980469,228.96022949218752
21,540,364.6475036621094,228.79885559082032
21,541,364.5987487792969,228.5835906982422
21,542,364.55928955078133,228.40215454101562
21,543,364.61229858398445,228.40386657714842
21,544,364.6471069335938,228.38009948730468
21,545,364.656201171875,228.35497741699217
21,546,364.6595703125,228.36932373046875
21,547,364.6555114746094,228.32240600585936
21,548,364.60484619140624,228.27910461425785
21,549,364.5738403320313,228.32781677246098
21,550,364.62452392578126,228.41037597656253
21,551,364.66016235351566,228.50830993652346
21,552,364.72124023437505,228.5989654541016
21,553,364.78892822265624,228.68327331542972
21,554,364.8660278320313,228.7006317138672
21,555,364.8968872070313,228.69410095214843
21,556,364.95438842773444,228.66203918457032
21,557,365.0030334472656,228.63524780273437
21,558,365.0706787109375,228.5981018066406
21,559,365.10537109375,228.58497619628906
21,560,365.10920410156257,228.57732543945315
21,561,365.1004028320313,228.56824645996096
21,562,365.0736267089844,228.66081848144532
21,563,365.03747558593756,228.7688171386719
21,564,365.01546020507817,228.91900939941408
21,565,364.98405761718755,229.04977722167968
21,566,364.9272705078125,229.18885498046873
21,567,364.86385498046883,229.22310180664064
21,568,364.81174316406253,229.22274169921877
21,569,364.76688842773444,229.19420471191407
21,570,364.7166870117188,229.1761444091797
21,571,364.70292358398444,229.159310913086
21,572,364.69844360351567,229.1547241210938
21,573,364.6905700683594,229.15545043945318
21,574,364.69946289062506,229.19804992675785
21,575,364.72639770507817,229.2202575683594
21,576,364.7471862792969,229.28729553222655
21,577,364.8119079589844,229.36604919433594
21,578,364.8625610351563,229.41175842285156
21,579,364.90632324218757,229.4329772949219
21,580,364.97858886718757,229.46694641113282
21,581,365.05925903320315,229.43436279296878
21,582,365.1013122558594,229.38181457519534
21,583,365.15225830078134,229.34622192382815
21,584,365.1810363769532,229.30578918457033
21,585,365.1766357421875,229.2553924560547
21,586,365.0980346679688,229.09274902343748
21,587,365.0007263183594,228.92582092285156
21,588,364.9031005859375,228.77423095703125
21,589,364.81036987304685,228.61611328125002
22,0,374.5140696739488,248.39680060963246
22,1,374.3270820124502,248.40593592074458
22,2,374.12371251501423,248.36482098771603
22,3,373.9443054199219,248.34298706054688
22,4,373.9319213867187,248.28585815429688
22,5,373.8894409179687,248.2625671386719
22,6,373.86809692382815,248.2640380859375
22,7,373.8624816894532,248.3233337402344
22,8,373.85840454101566,248.3955078125
22,9,373.8638549804688,248.46029052734372
22,10,373.91549682617193,248.43203735351562
22,11,373.96713256835943,248.42916870117188
22,12,374.0142700195313,248.41567077636716
22,13,374.04548339843757,248.38557128906248
22,14,374.0744445800782,248.3578155517578
22,15,374.08846435546883,248.40640563964843
22,16,374.0827941894532,248.42714843750002
22,17,374.09053955078133,248.46648864746095
22,18,374.0784790039063,248.49411621093748
22,19,374.0752868652344,248.51034240722657
22,20,374.0364624023438,248.53840942382814
22,21,374.03728637695315,248.5702362060547
22,22,374.01104125976565,248.56363830566409
22,23,373.9863098144532,248.56130371093752
22,24,373.960400390625,248.5859832763672
22,25,373.9893249511719,248.61482849121097
22,26,374.0097778320313,248.65174255371093
22,27,374.0551635742188,248.70711364746091
22,28,374.1268127441407,248.74429321289062
22,29,374.19126586914064,248.76278686523438
22,30,374.2341735839844,248.74884948730468
22,31,374.25922851562507,248.75250549316405
22,32,374.26900634765633,248.7710968017578
22,33,374.2669372558594,248.8074890136719
22,34,374.2150512695313,248.86943054199222
22,35,374.1759216308594,248.91265258789065
22,36,374.1424743652344,248.94180603027348
22,37,374.09970703125,248.9687561035157
22,38,374.0567260742188,248.97367248535159
22,39,374.0453125,248.93147888183597
22,40,374.0023254394531,248.92301025390623
22,41,373.9616394042969,248.90797119140626
22,42,373.9295715332031,248.87762756347658
22,43,373.8847961425781,248.86920471191408
22,44,373.8532958984375,248.86247863769532
22,45,373.8259399414063,248.85040588378908
22,46,373.91642456054694,248.80736694335937
22,47,373.9831787109375,248.7322998046875
22,48,374.0323120117188,248.6694366455078
22,49,374.08491210937507,248.6325653076172
22,50,374.14904785156256,248.63375549316407
22,51,374.1169494628907,248.67279663085938
22,52,374.10148925781255,248.7428405761719
22,53,374.1261901855469,248.79766540527348
22,54,374.1677551269532,248.85406188964848
22,55,374.2171264648438,248.88106384277347
22,56,374.2588134765625,248.88606262207034
22,57,374.3151062011719,248.9070739746094
22,58,374.2596862792969,248.88538513183596
22,59,374.15671997070314,248.86281738281252
22,60,374.0252075195313,248.8384429931641
22,61,373.8663757324219,248.81493835449223
22,62,373.69912109375,248.78274536132812
22,63,373.6203247070313,248.7788787841797
22,64,373.55502929687503,248.75995483398435
22,65,373.5188842773438,248.74998474121094
22,66,373.48771362304694,248.75896911621095
22,67,373.4743530273438,248.78048400878905
22,68,373.47018432617193,248.81356201171872
22,69,373.4711059570312,248.83530578613284
22,70,373.5213500976563,248.85704040527347
22,71,373.6016540527344,248.8494049072266
22,72,373.7361755371094,248.84980468750004
22,73,373.8841796875,248.84468383789064
22,74,374.04057617187505,248.84458312988284
22,75,374.14497070312507,248.82124328613287
22,76,374.20977783203125,248.8256286621094
22,77,374.2258483886719,248.8292175292969
22,78,374.22883911132817,248.8353759765625
22,79,374.216552734375,248.85220947265626
22,80,374.2307983398438,248.89658203124998
22,81,374.26250610351565,248.93614807128904
22,82,374.2417907714844,248.90534667968748
22,83,374.2044860839844,248.87787475585938
22,84,374.15723266601566,248.85836181640624
22,85,374.06734008789067,248.79195861816407
22,86,373.96386718750006,248.72395324707034
22,87,373.8954650878906,248.71131286621096
22,88,373.8514709472656,248.69667968750002
22,89,373.82982788085934,248.66997985839845
22,90,373.81806030273435,248.6796447753906
22,91,373.82268676757815,248.69623107910158
22,92,373.83269653320315,248.71196594238285
22,93,373.8431762695313,248.73512878417972
22,94,373.92726440429686,248.76170349121097
22,95,374.01340942382814,248.77475891113284
22,96,374.1091491699219,248.79668273925782
22,97,374.19541625976564,248.81412353515628
22,98,374.2685852050782,248.84615783691407
22,99,374.25817260742195,248.87948913574218
22,100,374.2500549316407,248.91380004882814
22,101,374.2333862304688,248.93729248046878
22,102,374.22770996093755,248.94985961914065
22,103,374.2198486328125,248.95577087402347
22,104,374.2202575683594,248.96806640625002
22,105,374.2288757324219,248.98393859863282
22,106,374.29509887695315,248.9562225341797
22,107,374.3006469726563,248.9283660888672
22,108,374.290966796875,248.92186584472657
22,109,374.2850830078125,248.91592102050782
22,110,374.2615783691407,248.9019256591797
22,111,374.1648803710937,248.94333496093753
22,112,374.1624267578125,248.98291931152343
22,113,374.14789428710935,249.05163879394533
22,114,374.2409912109375,249.2480255126953
22,115,374.34359741210943,249.4559753417969
22,116,374.4888366699219,249.60040588378905
22,117,374.4337890625,249.62435302734374
22,118,374.6374450683594,249.57916564941405
22,119,374.6974060058594,249.42329711914064
22,120,374.8376831054688,249.33712463378907
22,121,374.9920166015625,249.4961181640625
22,122,375.3862487792969,249.90530700683595
22,123,375.676904296875,250.49045715332034
22,124,375.9756286621094,251.1214660644531
22,125,376.2275634765625,251.73797607421875
22,126,376.4701843261719,252.20173645019534
22,127,376.6644592285156,252.6101776123047
22,128,376.5969482421875,252.7301788330078
22,129,376.5885864257813,252.81870422363284
22,130,376.54364013671875,252.87145080566407
22,131,376.2334655761719,252.5455169677734
22,132,375.8577880859375,252.0410339355469
22,133,375.81770629882817,251.856396484375
22,134,375.9114318847656,251.94280090332032
22,135,376.1407836914063,252.22234497070315
22,136,376.6426940917969,252.84855957031252
22,137,377.16886596679694,253.70300903320313
22,138,377.42609863281245,254.31253662109378
22,139,377.48100585937505,254.38886413574218
22,140,377.27567749023444,254.2273742675781
22,141,376.9697021484376,253.88922424316405
22,142,376.7302368164063,253.42174377441407
22,143,376.38627929687505,252.90587768554687
22,144,376.24195556640626,252.55765380859376
22,145,376.2242553710938,252.12791137695314
22,146,376.2847839355469,251.9904266357422
22,147,376.31654663085936,251.83139343261723
22,148,376.4122436523438,251.56741943359378
22,149,376.1603698730469,251.2326599121094
22,150,375.67158203125007,250.85267028808596
22,151,375.0772094726563,250.31585693359375
22,152,374.575830078125,249.71893310546875
22,153,374.35722045898444,249.46112670898435
22,154,374.4354370117188,249.2687255859375
22,155,374.763201904297,249.30330505371094
22,156,375.05805664062507,249.43214416503906
22,157,375.2833312988282,249.635986328125
22,158,375.26801757812507,249.7067108154297
22,159,375.1399780273437,249.79446105957032
22,160,374.9493591308594,249.81709289550784
22,161,374.8521484375,249.6104644775391
22,162,374.68133544921875,249.35915832519532
22,163,374.43115234375,249.13048400878907
22,164,374.1682556152344,249.0010498046875
22,165,374.0633605957031,248.90076293945316
22,166,374.0584777832031,249.05652160644533
22,167,374.1488037109375,249.36048889160156
22,168,374.42937622070315,249.7016815185547
22,169,374.6275634765625,249.88772888183595
22,170,374.7131774902344,250.04517822265626
22,171,374.64047241210943,250.03508911132815
22,172,374.45141601562506,249.8909210205078
22,173,374.11496582031253,249.71827697753903
22,174,373.9165344238281,249.58522338867186
22,175,373.68856811523443,249.4096466064453
22,176,373.5278686523438,249.34117126464844
22,177,373.5191162109375,249.3847839355469
22,178,373.8211669921875,249.42037353515624
22,179,374.0195617675781,249.56539611816407
22,180,374.27675170898436,249.71864013671876
22,181,374.58440551757815,249.83084411621098
22,182,374.65174560546876,249.8513366699219
22,183,374.45773925781253,249.70613403320314
22,184,374.28212890625,249.49031677246094
22,185,374.05124511718753,249.40650024414066
22,186,373.8098510742187,249.40771484375003
22,187,373.7260681152344,249.40198059082033
22,188,373.64060668945314,249.52137756347656
22,189,373.7224365234375,249.68440856933594
22,190,373.8946044921875,249.8931884765625
22,191,374.18186035156253,250.04901123046878
22,192,374.4333435058594,250.23025817871098
22,193,374.7364685058594,250.38028869628909
22,194,374.83455200195317,250.50535583496094
22,195,374.8061401367188,250.4375946044922
22,196,374.53181152343757,250.2994354248047
22,197,374.25725708007815,250.06487731933598
22,198,374.02068481445315,249.90960388183595
22,199,373.90078125,249.77902221679688
22,200,373.86340942382816,249.7233367919922
22,201,373.9223510742188,249.74061584472656
22,202,373.97997436523445,249.84314880371096
22,203,373.9993896484375,249.94281616210938
22,204,373.9284545898438,249.94619140625002
22,205,373.94263916015626,249.84148864746098
22,206,373.97733764648444,249.69741516113285
22,207,374.03361206054694,249.63345336914065
22,208,374.21212158203133,249.64388427734377
22,209,374.4558166503907,249.74181823730473
22,210,374.6756835937501,249.85600585937502
22,211,374.7982421875,250.03970031738285
22,212,374.9905883789063,250.25266418457034
22,213,374.9737182617188,250.33962707519532
22,214,374.8479431152344,250.33145446777343
22,215,374.6967346191406,250.36809997558592
22,216,374.59038085937505,250.42616271972656
22,217,374.51660766601566,250.5153045654297
22,218,374.545947265625,250.61212158203128
22,219,374.58720703125005,250.75338134765627
22,220,374.6011901855469,250.86139526367188
22,221,374.66890258789067,250.7706298828125
22,222,374.5689086914063,250.6295135498047
22,223,374.48417358398444,250.36028137207032
22,224,374.4303161621094,249.97207641601565
22,225,374.4214965820313,249.6829315185547
22,226,374.5015319824219,249.5951568603516
22,227,374.66842651367193,249.4761169433594
22,228,374.9211669921875,249.57842712402342
22,229,375.19162597656253,249.95931396484374
22,230,375.30338134765634,250.21464843750002
22,231,375.27292480468753,250.30748291015627
22,232,375.1786987304688,250.25494384765628
22,233,374.9263122558594,249.96648254394535
22,234,374.6749206542969,249.4891784667969
22,235,374.47719116210936,249.08480224609377
22,236,374.3853820800781,248.7508972167969
22,237,374.36082153320314,248.54506835937502
22,238,374.32905883789067,248.57625427246094
22,239,374.41192016601565,248.69316711425782
22,240,374.56068115234376,248.7994201660156
22,241,374.5753784179688,248.94036560058592
22,242,374.601025390625,249.12843322753903
22,243,374.64318847656256,249.19207458496092
22,244,374.6119018554688,249.19580078125
22,245,374.5339599609375,249.19007568359376
22,246,374.5461669921875,249.09831848144532
22,247,374.4809875488281,248.9284881591797
22,248,374.3919494628907,248.81427612304688
22,249,374.3436218261719,248.72486877441406
22,250,374.3895935058594,248.63627014160156
22,251,374.4246704101563,248.71847229003907
22,252,374.5633605957032,248.8469940185547
22,253,374.67760620117195,248.97846984863284
22,254,374.7757629394532,249.0972351074219
22,255,374.80500488281257,249.23239440917968
22,256,374.8046081542969,249.2787658691406
22,257,374.7052124023438,249.27149963378906
22,258,374.64770507812506,249.21114807128905
22,259,374.50920410156255,249.14751892089845
22,260,374.3963806152344,249.06475219726562
22,261,374.24434204101567,249.00421752929688
22,262,374.20747680664067,248.85355529785156
22,263,374.19755249023444,248.734423828125
22,264,374.22101440429697,248.64748535156252
22,265,374.2243041992188,248.64413146972657
22,266,374.31635742187507,248.62862548828127
22,267,374.36091918945317,248.63255615234377
22,268,374.47069702148445,248.63348083496095
22,269,374.60465698242194,248.71828002929686
22,270,374.72325439453135,248.72607116699217
22,271,374.8196105957032,248.68714294433596
22,272,374.80755004882815,248.73501281738282
22,273,374.66114501953126,248.81200256347654
22,274,374.5845336914063,248.7150421142578
22,275,374.54609375,248.6235137939453
22,276,374.4869079589844,248.58107299804686
22,277,374.4747375488281,248.50922241210938
22,278,374.5292663574219,248.41518249511722
22,279,374.54380493164064,248.43641967773436
22,280,374.58773803710943,248.42088317871097
22,281,374.69054565429695,248.38907470703128
22,282,374.75584716796885,248.44628295898437
22,283,374.79085693359383,248.50451660156253
22,284,374.8461364746094,248.56427001953128
22,285,374.870751953125,248.62322692871095
22,286,374.70678710937506,248.6176300048828
22,287,374.6042785644532,248.53546142578125
22,288,374.55268554687507,248.4783203125
22,289,374.4793334960938,248.44869689941407
22,290,374.3048034667969,248.47581787109377
22,291,374.28235473632816,248.54788818359376
22,292,374.2643737792969,248.6703643798828
22,293,374.32769165039065,248.72764892578124
22,294,374.30875854492194,248.6531036376953
22,295,374.31450195312505,248.55003356933597
22,296,374.3073608398438,248.5397735595703
22,297,374.2576904296875,248.44808654785157
22,298,374.04749755859376,248.4368591308594
22,299,373.86248168945315,248.56279907226565
22,300,373.7724304199219,248.71902160644532
22,301,373.7093872070312,248.8532165527344
22,302,373.64176635742194,248.96944885253907
22,303,373.71990966796875,248.97222900390628
22,304,373.942138671875,248.90989990234374
22,305,374.1151794433594,248.84024658203123
22,306,374.1892395019531,248.6775634765625
22,307,374.31514282226567,248.61992492675782
22,308,374.34949340820316,248.63310241699222
22,309,374.2400451660157,248.6538970947266
22,310,374.08833007812507,248.6287750244141
22,311,373.9934448242188,248.64046325683597
22,312,373.84944458007817,248.6117736816406
22,313,373.6972839355469,248.61616821289064
22,314,373.5940856933594,248.61038208007818
22,315,373.6071838378906,248.5991607666016
22,316,373.75579833984375,248.58147583007815
22,317,373.8918151855469,248.5573883056641
22,318,374.0180480957031,248.42454528808594
22,319,374.20883789062503,248.32505187988284
22,320,374.30914306640625,248.28370056152346
22,321,374.32354736328125,248.25565490722659
22,322,374.44224243164064,248.35284729003905
22,323,374.5224975585937,248.50321350097656
22,324,374.54107055664065,248.60235290527342
22,325,374.5293701171875,248.6945281982422
22,326,374.42668457031255,248.73833007812505
22,327,374.35147705078134,248.66209106445314
22,328,374.30350341796884,248.6070495605469
22,329,374.16684570312503,248.58377685546878
22,330,374.1765502929687,248.52767944335938
22,331,374.34418945312507,248.54650573730473
22,332,374.32772827148443,248.56186218261723
22,333,374.47049560546884,248.61088867187502
22,334,374.6864624023438,248.72014770507812
22,335,374.79602661132816,248.90150756835936
22,336,374.8505310058594,249.09971923828127
22,337,375.0302612304688,249.24587402343747
22,338,374.9787963867188,249.30379943847657
22,339,374.88526611328126,249.20878906250002
22,340,374.7266540527344,249.12693481445314
22,341,374.44904174804685,248.9760223388672
22,342,374.15850830078125,248.91141967773441
22,343,374.1335754394531,248.79964904785157
22,344,374.07301025390626,248.79659423828127
22,345,374.108349609375,248.79309692382813
22,346,374.2645080566407,248.75474243164064
22,347,374.4388244628907,248.71441345214845
22,348,374.47116088867193,248.78020629882815
22,349,374.48186645507815,248.78543090820315
22,350,374.3965026855469,248.69305419921878
22,351,374.3388061523438,248.64051208496096
22,352,374.1985900878907,248.50675354003909
22,353,374.1130676269531,248.41498718261718
22,354,374.12463989257816,248.35740661621094
22,355,374.22197875976565,248.33370666503907
22,356,374.2733459472657,248.34364318847656
22,357,374.3697448730469,248.39202270507812
22,358,374.33920288085943,248.44224548339847
22,359,374.3475402832032,248.5315704345703
22,360,374.4442199707032,248.59755859375
22,361,374.46106567382816,248.64921569824222
22,362,374.44310913085945,248.67035217285155
22,363,374.5439758300782,248.67816467285158
22,364,374.65239868164065,248.62509460449218
22,365,374.59710693359375,248.6193298339844
22,366,374.62966308593747,248.62153930664067
22,367,374.73741455078124,248.68060302734378
22,368,374.75933837890625,248.70062255859378
22,369,374.6664794921875,248.74862365722657
22,370,374.5653076171875,248.72297363281254
22,371,374.4541748046875,248.6850708007813
22,372,374.3721008300781,248.66812133789065
22,373,374.28600463867184,248.64566955566409
22,374,374.2230163574219,248.64255676269534
22,375,374.2359252929688,248.6772155761719
22,376,374.2579650878906,248.7112487792969
22,377,374.2348510742188,248.75501708984376
22,378,374.24908447265625,248.82254943847659
22,379,374.2486572265625,248.84735412597658
22,380,374.2200927734375,248.9270050048828
22,381,374.1255187988281,248.91866455078124
22,382,374.0328552246095,248.75641174316405
22,383,373.9733459472656,248.55531005859376
22,384,373.9870788574219,248.35472412109377
22,385,374.023828125,248.1008087158203
22,386,374.1041137695313,247.91871948242186
22,387,374.16943359375,247.85885314941407
22,388,374.1890014648438,247.84107971191406
22,389,374.21676635742193,247.82837524414063
22,390,374.21561279296884,247.8482849121094
22,391,374.2411743164063,247.86993713378908
22,392,374.16659545898443,247.9202392578125
22,393,374.1204467773438,247.90869140625003
22,394,373.93840332031255,247.94320678710938
22,395,373.81142578125,247.99752197265627
22,396,373.67151489257816,248.07679443359376
22,397,373.62683715820316,248.1158325195313
22,398,373.61527709960944,248.23524169921876
22,399,373.7064086914063,248.34726257324223
22,400,373.7556457519531,248.40783691406253
22,401,373.7867065429688,248.4245056152344
22,402,373.8244567871094,248.4528747558594
22,403,373.8254333496094,248.4168579101563
22,404,373.81257324218757,248.37826843261723
22,405,373.7880737304688,248.3518951416016
22,406,373.7167114257813,248.36211547851565
22,407,373.64926757812503,248.34985961914066
22,408,373.5440917968751,248.36455078125
22,409,373.4635375976563,248.3411193847656
22,410,373.41426391601567,248.32122802734375
22,411,373.43778686523444,248.2963531494141
22,412,373.44514160156257,248.3027770996094
22,413,373.4946411132813,248.3173736572266
22,414,373.534814453125,248.33918762207037
22,415,373.5542358398438,248.33217773437502
22,416,373.55720214843757,248.31548767089845
22,417,373.5964111328126,248.296875
22,418,373.7016479492188,248.36354064941406
22,419,373.79967041015624,248.44137573242188
22,420,373.8982238769531,248.54277343750002
22,421,373.95735473632817,248.6534393310547
22,422,374.04237060546876,248.79774780273436
22,423,374.0868225097657,248.81184082031254
22,424,374.13632202148443,248.79151306152346
22,425,374.17875976562505,248.78968505859376
22,426,374.2389770507813,248.8200866699219
22,427,374.2547607421875,248.82947082519533
22,428,374.2742004394532,248.88468322753909
22,429,374.27831420898445,248.9536102294922
22,430,374.27868041992195,248.9874755859375
22,431,374.3296142578125,249.00917663574222
22,432,374.35846557617185,249.02769470214844
22,433,374.3692504882813,249.0302307128906
22,434,374.3872741699219,249.0259796142578
22,435,374.40430908203126,249.05354614257814
22,436,374.3680725097657,249.01885986328125
22,437,374.35786743164067,248.9857360839844
22,438,374.31010131835944,248.96924438476566
22,439,374.26583251953133,248.9761657714844
22,440,374.2288452148438,248.95654602050783
22,441,374.18197631835943,248.96436157226566
22,442,374.16015625000006,248.86589965820315
22,443,374.1704406738282,248.7526275634766
22,444,374.1566589355469,248.65847778320318
22,445,374.155712890625,248.55328369140625
22,446,374.1622192382813,248.48368835449222
22,447,374.1289672851563,248.48481750488284
22,448,374.0500793457031,248.4762573242188
22,449,373.95642700195316,248.4313903808594
22,450,373.86704101562503,248.42541503906253
22,451,373.82384643554695,248.4010772705078
22,452,373.7716247558594,248.4129211425781
22,453,373.7548278808594,248.4115020751953
22,454,373.8103759765625,248.42655334472656
22,455,373.85563964843755,248.44132385253906
22,456,373.84516601562507,248.4503326416016
22,457,373.8615600585938,248.46890563964848
22,458,373.8789306640625,248.50944519042972
22,459,373.8669311523438,248.5498992919922
22,460,373.85209350585944,248.57622680664065
22,461,373.84782714843755,248.58766479492192
22,462,373.7754638671875,248.54830322265627
22,463,373.7079895019532,248.4858367919922
22,464,373.63879394531256,248.45674438476567
22,465,373.56987304687505,248.4301879882813
22,466,373.55477905273443,248.5017761230469
22,467,373.6173645019532,248.55613708496094
22,468,373.65368652343756,248.59625854492185
22,469,373.67948608398444,248.60870971679685
22,470,373.7710266113282,248.6232666015625
22,471,373.8257629394532,248.57578430175784
22,472,373.8485595703126,248.55303344726568
22,473,373.8841430664063,248.56511840820315
22,474,373.91377563476567,248.58078613281253
22,475,373.8672607421875,248.57802124023436
22,476,373.8220458984375,248.5298004150391
22,477,373.7679382324219,248.5109954833985
22,478,373.7762451171875,248.43384704589846
22,479,373.80126953125,248.35177001953127
22,480,373.8421691894531,248.31458435058596
22,481,373.860205078125,248.32483825683593
22,482,373.92957763671876,248.34543762207034
22,483,373.9530334472657,248.45116271972657
22,484,373.99141235351567,248.5561279296875
22,485,374.0484680175782,248.64983520507815
22,486,374.10932006835947,248.72076721191408
22,487,374.1328918457031,248.75247497558595
22,488,374.0933532714844,248.74089965820315
22,489,374.0144165039063,248.71238708496097
22,490,373.97288818359374,248.69790039062502
22,491,373.92607421875005,248.67747192382814
22,492,373.8849792480469,248.66351013183595
22,493,373.89178466796875,248.6681610107422
22,494,373.93766479492183,248.70751647949217
22,495,373.95313720703126,248.71953735351562
22,496,374.01774291992183,248.74978942871095
22,497,374.0753051757813,248.8057281494141
22,498,374.1160583496094,248.87343750000002
22,499,374.14009399414067,248.9105102539063
22,500,374.1480590820313,248.9512634277344
22,501,374.0937927246094,248.9633483886719
22,502,374.00419921875005,248.9395263671875
22,503,373.9343505859375,248.90378723144534
22,504,373.86520996093753,248.8803680419922
22,505,373.77588500976566,248.83708190917972
22,506,373.74528198242194,248.81589355468753
22,507,373.77026977539066,248.8175476074219
22,508,373.80081176757824,248.81227722167972
22,509,373.9031921386719,248.83895874023438
22,510,374.0205993652344,248.88435668945314
22,511,374.08762207031253,248.92334899902343
22,512,374.15894165039066,248.96613159179688
22,513,374.235791015625,249.02842712402344
22,514,374.19659423828125,249.0447967529297
22,515,374.12280883789066,249.04169006347658
22,516,374.07844848632817,249.04033203125002
22,517,374.0084106445313,249.02178344726565
22,518,373.9225158691406,248.9726135253906
22,519,373.89888305664067,248.93848876953123
22,520,373.8914978027344,248.92327880859375
22,521,373.8754821777344,248.88327026367188
22,522,373.8767028808594,248.84043884277344
22,523,373.89682006835943,248.83697204589845
22,524,373.9133483886719,248.8413024902344
22,525,373.93986206054694,248.83619384765626
22,526,374.0599426269532,248.83463745117191
22,527,374.1783569335938,248.8226501464844
22,528,374.24943847656255,248.7826416015625
22,529,374.3109436035156,248.7117126464844
22,530,374.36686401367194,248.63760986328126
22,531,374.3290100097657,248.58013916015628
22,532,374.2991638183594,248.53633728027347
22,533,374.31486206054694,248.51765441894537
22,534,374.32353515625005,248.5232543945313
22,535,374.3759521484375,248.5583435058594
22,536,374.4554626464844,248.61215209960943
22,537,374.50921020507815,248.6925689697266
22,538,374.44182128906255,248.75071105957034
22,539,374.38132324218753,248.80131835937502
22,540,374.29257812500003,248.838330078125
22,541,374.16760864257816,248.84420166015627
22,542,374.04027099609385,248.82309875488284
22,543,374.0259033203126,248.82406005859377
22,544,373.99480590820315,248.8172668457031
22,545,373.95719604492194,248.78182983398438
22,546,373.9294250488282,248.75526733398436
22,547,373.9037109375,248.73580627441407
22,548,373.88118286132817,248.7024627685547
22,549,373.90043945312505,248.6823272705078
22,550,374.00203247070317,248.67100830078127
22,551,374.08920288085943,248.6812896728516
22,552,374.16844482421885,248.68435668945312
22,553,374.2250732421876,248.6844268798828
22,554,374.24320678710944,248.6597869873047
22,555,374.1741699218751,248.63632202148438
22,556,374.1107482910157,248.58851623535156
22,557,374.0644653320313,248.5441375732422
22,558,374.0489135742188,248.52697753906253
22,559,374.0334289550782,248.53286132812502
22,560,374.0425659179688,248.55888366699222
22,561,374.07353515625005,248.58553161621097
22,562,374.0802185058594,248.58395690917968
22,563,374.0536071777344,248.54530944824222
22,564,374.03338012695315,248.5053680419922
22,565,373.99647216796876,248.44642028808596
22,566,373.93120727539065,248.3946075439453
22,567,373.87805175781256,248.36927795410156
22,568,373.82501220703125,248.34644165039063
22,569,373.76920166015634,248.3176940917969
22,570,373.71564941406257,248.29017028808596
22,571,373.6777160644532,248.25545959472657
22,572,373.6574340820313,248.2338348388672
22,573,373.65015869140626,248.22449035644533
22,574,373.68503417968753,248.28714904785159
22,575,373.705810546875,248.35874328613284
22,576,373.74446411132817,248.46486511230466
22,577,373.7737182617188,248.57238769531247
22,578,373.80670166015636,248.6675048828125
22,579,373.821240234375,248.68947143554686
22,580,373.8468322753906,248.70659790039062
22,581,373.84816284179686,248.67904052734377
22,582,373.84405517578125,248.6398681640625
22,583,373.832763671875,248.60879821777345
22,584,373.8068237304688,248.58237915039064
22,585,373.7778991699219,248.55047302246095
22,586,373.7904968261719,248.55527954101564
22,587,373.80778198242183,248.54964294433597
22,588,373.83430175781257,248.54592895507812
22,589,373.8596252441406,248.54665527343752
23,0,385.2395446340495,264.68561799113746
23,1,385.2516255405382,264.80630147976876
23,2,385.1766459001519,264.8681226637125
23,3,385.10202026367193,264.93283691406253
23,4,384.9434448242188,264.8331604003906
23,5,384.7938171386719,264.73256225585936
23,6,384.66887817382815,264.68330688476567
23,7,384.6101318359375,264.6804504394531
23,8,384.55731201171875,264.7100036621094
23,9,384.529443359375,264.73298950195317
23,10,384.54425659179697,264.7644836425781
23,11,384.53704833984375,264.79329223632817
23,12,384.5568542480469,264.84995727539064
23,13,384.57575073242185,264.8689331054687
23,14,384.54890747070317,264.8867614746094
23,15,384.50342407226566,264.89133911132814
23,16,384.51610107421885,264.9029479980469
23,17,384.5026977539063,264.89963989257814
23,18,384.4830139160157,264.8996276855469
23,19,384.4653076171876,264.89628295898444
23,20,384.45634155273444,264.90167236328125
23,21,384.41455078125,264.9142211914063
23,22,384.4256286621094,264.97198486328125
23,23,384.42896728515626,265.04829711914067
23,24,384.44749145507814,265.15581054687505
23,25,384.4836853027344,265.2562561035156
23,26,384.54453125,265.35028686523435
23,27,384.58119506835936,265.38076171875
23,28,384.6286071777344,265.40125732421876
23,29,384.65678100585944,265.3751281738281
23,30,384.6803100585938,265.35657958984376
23,31,384.6793151855469,265.3660522460938
23,32,384.65479736328126,265.3897399902344
23,33,384.63910522460935,265.418115234375
23,34,384.634912109375,265.420556640625
23,35,384.6324157714844,265.3920654296875
23,36,384.58095703125,265.28342895507814
23,37,384.5398376464844,265.1663879394531
23,38,384.48076171875005,265.0325134277344
23,39,384.45698852539067,264.8949645996094
23,40,384.4034301757813,264.7888549804687
23,41,384.40810546875,264.74358520507815
23,42,384.4135864257813,264.7024353027344
23,43,384.4048217773438,264.66411743164065
23,44,384.36955566406255,264.67445678710936
23,45,384.3530639648438,264.6888366699219
23,46,384.41675415039066,264.77296142578126
23,47,384.44307250976567,264.87849731445317
23,48,384.50297241210944,265.0063720703125
23,49,384.53526000976575,265.1390686035157
23,50,384.55364379882815,265.27052001953126
23,51,384.51042480468755,265.3247924804688
23,52,384.4890686035157,265.37205810546874
23,53,384.4221496582032,265.38865966796874
23,54,384.38599243164066,265.3876953125
23,55,384.3686279296876,265.38001708984376
23,56,384.3336425781251,265.36218872070316
23,57,384.3145446777344,265.35596923828126
23,58,384.25512084960945,265.2991882324219
23,59,384.17436523437505,265.25225830078125
23,60,384.0841613769532,265.21539306640625
23,61,383.9889831542969,265.17648925781253
23,62,383.9227722167969,265.1330627441406
23,63,383.9256896972656,265.13384399414065
23,64,383.9234313964844,265.12070922851564
23,65,383.9483947753907,265.1010681152344
23,66,383.94502563476567,265.09483032226564
23,67,383.92609252929685,265.07879638671875
23,68,383.92293090820317,265.07713623046874
23,69,383.9306091308594,265.077734375
23,70,383.99878540039066,265.06727905273436
23,71,384.07902221679694,265.0663757324219
23,72,384.16923828125005,265.07389526367183
23,73,384.2301208496094,265.06914672851565
23,74,384.26958007812505,265.06939086914065
23,75,384.2412963867188,265.0667175292969
23,76,384.20427246093755,265.04234008789064
23,77,384.14481201171884,265.01043701171875
23,78,384.1146606445313,264.9843811035156
23,79,384.0750000000001,264.95863647460936
23,80,384.04794311523443,264.9550720214844
23,81,384.0463500976563,264.96831665039065
23,82,384.0747375488281,264.9977783203125
23,83,384.10502929687505,265.04376220703125
23,84,384.12473144531253,265.09129028320314
23,85,384.0989929199219,265.09901123046876
23,86,384.07844848632817,265.09234008789065
23,87,384.019189453125,265.07207031250005
23,88,383.94486083984384,265.0578125
23,89,383.90193481445317,265.04095458984375
23,90,383.88177490234375,265.06585083007815
23,91,383.85479736328125,265.0960388183594
23,92,383.8388122558594,265.11665649414067
23,93,383.82880859375,265.1262878417969
23,94,383.9319519042969,265.1612854003906
23,95,384.04089355468756,265.1882690429687
23,96,384.1707580566407,265.23317260742186
23,97,384.2982421875,265.284033203125
23,98,384.43792114257815,265.3364990234375
23,99,384.45223999023443,265.3723876953125
23,100,384.4768005371094,265.40306396484374
23,101,384.479638671875,265.40721435546874
23,102,384.4998718261719,265.38991088867186
23,103,384.5038269042969,265.37754516601564
23,104,384.5113891601563,265.3406921386719
23,105,384.49559326171874,265.3155151367188
23,106,384.54651489257816,265.24542236328125
23,107,384.53916015625003,265.2259765625
23,108,384.49064941406255,265.2168029785156
23,109,384.46652221679693,265.22593383789064
23,110,384.45108642578134,265.2104797363281
23,111,384.3655029296876,265.26246337890626
23,112,384.4111511230469,265.2559753417969
23,113,384.5038024902344,265.32805786132815
23,114,384.68124389648443,265.47014160156255
23,115,384.7764526367188,265.63304443359374
23,116,384.7836059570313,265.7492614746094
23,117,384.63484497070317,265.86870117187505
23,118,384.5835205078125,265.9093444824219
23,119,384.46851806640626,265.80320434570314
23,120,384.57796020507817,265.6409606933594
23,121,384.75211791992194,265.60386962890624
23,122,385.0186889648438,265.5782836914063
23,123,385.1263793945313,265.6357604980469
23,124,385.1574645996094,265.7254821777344
23,125,385.0111938476563,265.8825744628906
23,126,384.8802612304687,265.9425048828125
23,127,384.7486938476563,265.95521240234376
23,128,384.6606262207032,265.8686462402344
23,129,384.6915771484376,265.7842956542969
23,130,384.71474609375,265.66038818359374
23,131,384.6421142578126,265.4205322265625
23,132,384.5943725585938,265.24736938476565
23,133,384.7097656250001,265.24346313476565
23,134,384.8882812500001,265.37872314453125
23,135,385.2070800781251,265.59417724609375
23,136,385.60333862304697,265.829833984375
23,137,385.99266967773445,266.0680297851563
23,138,385.9917541503907,266.0958557128906
23,139,385.70675659179693,265.889599609375
23,140,385.3164184570313,265.68683471679685
23,141,384.9095336914063,265.5812072753906
23,142,384.51879882812506,265.41057128906255
23,143,384.3916259765625,265.3416320800781
23,144,384.5666381835938,265.43812255859376
23,145,384.86913452148445,265.43244628906245
23,146,385.2732299804688,265.57484130859376
23,147,385.4941711425781,265.77312011718755
23,148,385.6718627929688,265.8111511230469
23,149,385.5717895507813,265.71678466796874
23,150,385.2689514160156,265.67026367187503
23,151,384.74360351562507,265.42816162109375
23,152,384.4605529785157,265.19219360351565
23,153,384.27494506835944,265.0942626953125
23,154,384.31451416015625,265.00512084960934
23,155,384.4662109375,264.9891723632813
23,156,384.78130493164065,265.1025695800781
23,157,385.0151489257813,265.1961608886719
23,158,385.1417419433594,265.2312255859375
23,159,385.135205078125,265.31324462890626
23,160,385.0419006347657,265.3386596679687
23,161,384.9038208007813,265.20509643554686
23,162,384.72184448242194,265.0328063964844
23,163,384.42178955078134,264.90064697265626
23,164,384.24963378906256,264.7911315917969
23,165,384.23245849609384,264.7246032714844
23,166,384.41473388671886,264.8227478027344
23,167,384.6031616210938,265.0040161132813
23,168,385.01081542968757,265.21632080078126
23,169,385.37927246093756,265.4503173828125
23,170,385.5548767089844,265.58623046875
23,171,385.55273437500006,265.6656066894531
23,172,385.49026489257824,265.67613525390624
23,173,385.2845275878907,265.7137390136719
23,174,384.92138671875,265.75126953125
23,175,384.7586364746094,265.6863098144531
23,176,384.6488647460938,265.61755981445316
23,177,384.6896423339844,265.6344787597656
23,178,384.79121093750007,265.50205688476564
23,179,384.95686645507817,265.40355834960934
23,180,385.0504028320313,265.34367065429683
23,181,385.0406372070313,265.1847412109375
23,182,384.94543457031256,265.06434326171876
23,183,384.8125854492188,264.94559936523433
23,184,384.59122924804694,264.8280090332031
23,185,384.3103637695313,264.8701904296875
23,186,384.0705017089844,264.90839233398435
23,187,383.6759460449219,265.0151672363281
23,188,383.33020019531256,265.24920043945315
23,189,383.20930175781257,265.407666015625
23,190,383.2158508300781,265.484765625
23,191,383.39732055664064,265.6480712890625
23,192,383.88347167968755,265.64300537109375
23,193,384.33163452148443,265.6232299804688
23,194,384.5730712890625,265.6165771484375
23,195,384.64099731445316,265.6333374023438
23,196,384.5736328125,265.6568908691406
23,197,384.3269287109375,265.657666015625
23,198,384.12011718750006,265.59185180664065
23,199,384.21094970703126,265.57111206054685
23,200,384.34983520507814,265.57236938476564
23,201,384.49365844726566,265.5466003417969
23,202,384.66641845703134,265.56004028320314
23,203,384.7127868652345,265.6258422851563
23,204,384.58207397460944,265.6428161621094
23,205,384.53706665039067,265.62812500000007
23,206,384.53879394531253,265.6265502929688
23,207,384.5023559570312,265.60322265625
23,208,384.61459350585943,265.6259033203125
23,209,384.6624206542969,265.6355651855469
23,210,384.6874145507813,265.6224365234375
23,211,384.6183959960938,265.631591796875
23,212,384.6592529296875,265.69847412109374
23,213,384.67631835937505,265.7034057617187
23,214,384.6717346191407,265.6185668945313
23,215,384.56795043945317,265.5402404785156
23,216,384.4753051757813,265.4601928710938
23,217,384.4250183105469,265.34837036132814
23,218,384.31736450195314,265.1566101074219
23,219,384.18999023437505,265.0985595703125
23,220,384.09283447265625,265.0254455566406
23,221,383.9113525390625,264.9052429199219
23,222,383.61138916015625,264.83642578125
23,223,383.39727172851565,264.78044433593755
23,224,383.22434692382814,264.68881835937503
23,225,383.198974609375,264.65440063476564
23,226,383.3061767578125,264.78508911132815
23,227,383.593017578125,264.9553527832031
23,228,384.01775512695315,265.20302124023436
23,229,384.44482421875006,265.54213867187497
23,230,384.70366210937505,265.842236328125
23,231,384.8271606445313,265.868505859375
23,232,384.7766906738282,265.7496765136719
23,233,384.5361267089844,265.5359252929688
23,234,384.2208618164063,265.2558288574219
23,235,383.9398315429688,265.03081665039065
23,236,383.81060180664065,264.94783325195317
23,237,383.8035217285157,264.9189147949219
23,238,383.9277221679688,264.98858642578125
23,239,384.2056396484375,265.0784545898438
23,240,384.4601257324219,265.1589660644531
23,241,384.69292602539065,265.22963256835936
23,242,384.75292358398445,265.3001586914063
23,243,384.67978515625003,265.2992004394531
23,244,384.5397827148438,265.2462158203125
23,245,384.3505737304688,265.1236938476563
23,246,384.19140625000006,264.9990173339844
23,247,383.95515747070317,264.8058715820313
23,248,383.7456237792969,264.64378051757814
23,249,383.57697753906245,264.5616882324219
23,250,383.5693237304688,264.51629028320315
23,251,383.5808959960938,264.5196838378906
23,252,383.8141784667969,264.6197082519531
23,253,384.04290771484375,264.73093872070314
23,254,384.3856506347657,264.9067077636719
23,255,384.62739868164067,265.0443115234375
23,256,384.788543701172,265.18296508789064
23,257,384.8233276367188,265.2695068359375
23,258,384.75277709960943,265.2876037597656
23,259,384.57028198242193,265.1697937011719
23,260,384.38144531250003,265.0557312011719
23,261,384.2210510253907,264.95231933593755
23,262,384.1467041015626,264.80169067382815
23,263,384.15172119140635,264.71185302734375
23,264,384.1839660644532,264.6512145996094
23,265,384.2525329589845,264.671435546875
23,266,384.4253051757814,264.7613952636719
23,267,384.5420104980469,264.9036499023438
23,268,384.6681823730469,265.0630798339844
23,269,384.77335815429694,265.2463684082031
23,270,384.85791015625006,265.3796081542969
23,271,384.8362670898438,265.38836059570315
23,272,384.7581665039063,265.3927307128906
23,273,384.6015258789063,265.4216674804687
23,274,384.4903015136719,265.46885986328124
23,275,384.3988464355469,265.5307250976563
23,276,384.2903930664063,265.57149047851567
23,277,384.2031066894532,265.59741210937506
23,278,384.25889282226564,265.5731567382813
23,279,384.2864440917969,265.50147094726566
23,280,384.3782043457032,265.41582031250005
23,281,384.5151733398438,265.3576782226563
23,282,384.64758300781256,265.34234008789065
23,283,384.6263366699219,265.30610961914067
23,284,384.61650390625005,265.30869750976564
23,285,384.51603393554694,265.2637573242188
23,286,384.4726196289063,265.1374816894531
23,287,384.4601196289063,265.005126953125
23,288,384.50394897460944,264.86976928710936
23,289,384.540185546875,264.7241271972656
23,290,384.6393493652344,264.66204833984375
23,291,384.63826904296883,264.70607299804686
23,292,384.65746459960945,264.7883605957031
23,293,384.80916137695317,264.8990600585937
23,294,384.8012634277344,264.92737426757816
23,295,384.71091308593753,264.91284790039066
23,296,384.6351013183594,264.9322143554688
23,297,384.50640869140625,264.8704956054688
23,298,384.33095703125,264.88536376953124
23,299,384.2633972167969,265.0011413574219
23,300,384.2800659179687,265.0937927246094
23,301,384.2879699707031,265.12175292968755
23,302,384.29941406250003,265.17522583007815
23,303,384.2599731445313,265.13743896484374
23,304,384.21380004882815,265.04833984375
23,305,384.1465637207031,264.96690673828124
23,306,384.03264160156255,264.8772888183594
23,307,383.9995056152344,264.8093627929688
23,308,383.97876586914066,264.77020874023435
23,309,383.97480468750007,264.7808959960938
23,310,384.0590209960938,264.8830261230469
23,311,384.17219848632817,265.0362976074219
23,312,384.20427246093755,265.1632507324219
23,313,384.1920288085938,265.2867553710937
23,314,384.2258972167969,265.35889892578126
23,315,384.1064636230469,265.33215942382816
23,316,384.0795349121094,265.1895935058594
23,317,384.06401367187505,265.11192016601564
23,318,384.2180419921875,265.011083984375
23,319,384.3684387207031,264.9006774902344
23,320,384.48259887695315,264.8134399414063
23,321,384.5639587402344,264.7995544433594
23,322,384.7396606445313,264.88242187500003
23,323,384.76510620117193,264.9808288574219
23,324,384.7711425781251,265.12908325195315
23,325,384.88837280273447,265.33078613281253
23,326,384.97222290039065,265.5593505859375
23,327,384.9313842773438,265.58311157226564
23,328,384.9566833496094,265.5992065429688
23,329,385.00272827148444,265.6227661132813
23,330,385.0370910644532,265.5904907226562
23,331,385.01376342773443,265.52446289062505
23,332,385.01338500976567,265.4640319824219
23,333,385.023828125,265.3793884277344
23,334,385.0782958984375,265.3515319824219
23,335,385.10596923828126,265.36118774414064
23,336,385.1476013183594,265.4111755371094
23,337,385.32639160156253,265.5139465332031
23,338,385.3414428710938,265.6869384765625
23,339,385.22808227539065,265.6739624023437
23,340,385.20198364257817,265.6808166503906
23,341,385.23616333007817,265.66936645507815
23,342,385.20554199218753,265.70079345703124
23,343,385.2019226074219,265.61435546875
23,344,385.19384765625006,265.64284057617186
23,345,385.11808471679694,265.6205749511719
23,346,385.0963745117188,265.5741088867188
23,347,385.02119750976567,265.52971191406255
23,348,385.11755981445316,265.59532470703124
23,349,385.21380004882815,265.6064147949219
23,350,385.30634765625007,265.6096923828125
23,351,385.2912353515626,265.64992065429686
23,352,385.16397094726574,265.6001403808594
23,353,384.97361450195314,265.5478698730469
23,354,384.84083251953126,265.53891601562503
23,355,384.7632080078125,265.56511840820315
23,356,384.7069274902344,265.5613891601563
23,357,384.7706298828125,265.5635864257813
23,358,384.78940429687503,265.506982421875
23,359,384.7417297363282,265.45968627929693
23,360,384.7003295898438,265.3393920898438
23,361,384.6202148437501,265.20680541992186
23,362,384.4249023437501,265.07647705078125
23,363,384.29841918945317,264.9964294433594
23,364,384.27130126953125,264.90965576171874
23,365,384.16760864257816,264.9159851074219
23,366,384.1879028320313,264.96270141601565
23,367,384.3211975097657,265.0833190917969
23,368,384.40460205078125,265.16303710937507
23,369,384.3819030761719,265.2076416015625
23,370,384.3282653808594,265.23597412109376
23,371,384.2376342773438,265.2545166015625
23,372,384.1771545410156,265.22764282226564
23,373,384.11349487304693,265.2057250976562
23,374,384.1821838378907,265.2130493164062
23,375,384.2789916992188,265.1740966796875
23,376,384.37174682617194,265.1396057128906
23,377,384.45848388671885,265.09929809570315
23,378,384.5499389648438,265.0755981445312
23,379,384.5608154296875,265.0534240722656
23,380,384.4914001464844,265.12329711914066
23,381,384.33735961914067,265.0957092285156
23,382,384.2942199707032,265.0799926757812
23,383,384.2274719238282,265.0805603027344
23,384,384.17780761718757,265.0780395507813
23,385,384.2209106445313,265.01369018554686
23,386,384.36410522460943,265.01163940429683
23,387,384.4154357910157,265.0242004394531
23,388,384.4510437011719,265.0446472167969
23,389,384.5322631835937,265.0318176269531
23,390,384.53208618164064,264.9976440429688
23,391,384.46568603515635,264.9980895996094
23,392,384.28974609375007,265.00828247070314
23,393,384.1553344726563,264.9748962402344
23,394,383.9318664550782,265.0318542480469
23,395,383.8130187988282,265.12562255859376
23,396,383.7000671386719,265.1919860839844
23,397,383.6065795898438,265.22035522460936
23,398,383.5427734375,265.2858154296875
23,399,383.5428955078125,265.3076599121094
23,400,383.5072448730469,265.30382080078124
23,401,383.4904479980469,265.2857666015625
23,402,383.5636169433594,265.27765502929685
23,403,383.5999694824219,265.25078735351565
23,404,383.59001464843755,265.2148254394532
23,405,383.586181640625,265.1815124511719
23,406,383.52982788085944,265.0730712890625
23,407,383.4253112792969,264.9630065917969
23,408,383.2974792480469,264.8632385253906
23,409,383.2287292480469,264.7464294433594
23,410,383.16062011718753,264.61504516601565
23,411,383.13203735351567,264.58416137695315
23,412,383.10593261718753,264.5395263671875
23,413,383.14630126953125,264.48417968750005
23,414,383.1749755859375,264.4333862304687
23,415,383.22650146484375,264.3941345214844
23,416,383.2855468750001,264.3499328613281
23,417,383.35666503906253,264.32688598632814
23,418,383.49006347656257,264.37762451171875
23,419,383.5898681640625,264.43170166015625
23,420,383.66589355468756,264.48530883789067
23,421,383.73576660156255,264.54101562500006
23,422,383.87387695312503,264.64180297851567
23,423,383.93918457031253,264.6176147460938
23,424,384.0032104492188,264.56102294921874
23,425,384.0336730957032,264.5002502441406
23,426,384.0667907714844,264.46412353515626
23,427,384.04014282226564,264.41863403320315
23,428,384.0005554199219,264.4408813476563
23,429,383.9573425292969,264.507421875
23,430,383.9700805664063,264.63441162109376
23,431,384.0082641601563,264.7341003417969
23,432,384.0127624511719,264.815283203125
23,433,384.0101379394532,264.8908142089844
23,434,384.0453918457032,264.93353271484375
23,435,384.0347717285157,264.9409912109375
23,436,384.0006286621094,264.94622802734375
23,437,383.9649169921875,264.8783935546875
23,438,383.90174560546876,264.8305908203125
23,439,383.7992553710938,264.8099060058594
23,440,383.7676452636719,264.7894592285157
23,441,383.7069091796875,264.76183471679684
23,442,383.68500366210947,264.7343200683594
23,443,383.6769836425782,264.6954772949219
23,444,383.7152282714844,264.66539916992184
23,445,383.73150024414065,264.62818603515626
23,446,383.83068847656256,264.6533935546875
23,447,383.9081420898438,264.72648925781255
23,448,383.95346679687503,264.7710754394531
23,449,383.92594604492194,264.7997253417969
23,450,383.9205200195313,264.8443603515625
23,451,383.86817016601566,264.8715087890625
23,452,383.8014770507813,264.91107177734375
23,453,383.7611999511719,264.9464416503906
23,454,383.7949401855469,264.9958190917969
23,455,383.81201782226566,265.0345886230469
23,456,383.8151245117188,265.0345397949219
23,457,383.84130859375006,265.0043640136719
23,458,383.87178344726567,264.98906250000005
23,459,383.90399169921875,264.9654907226562
23,460,383.89448242187495,264.9055053710938
23,461,383.9067749023438,264.8481628417969
23,462,383.91716308593755,264.8121826171875
23,463,383.9156372070313,264.7472106933594
23,464,383.8927062988282,264.7109802246094
23,465,383.8623596191407,264.6942077636719
23,466,383.8341735839844,264.6836853027344
23,467,383.81979980468753,264.6964294433594
23,468,383.77479248046876,264.66560668945317
23,469,383.7112976074219,264.6372985839844
23,470,383.741796875,264.5959838867188
23,471,383.7299255371094,264.57344360351567
23,472,383.69176025390635,264.5289306640625
23,473,383.7158325195313,264.5512878417969
23,474,383.7629760742188,264.55413818359375
23,475,383.71386718750006,264.5517272949219
23,476,383.679052734375,264.52841796875003
23,477,383.64251098632815,264.5254638671875
23,478,383.6321960449219,264.4983703613281
23,479,383.62335205078125,264.46005859375
23,480,383.61741333007814,264.44850463867186
23,481,383.6,264.434912109375
23,482,383.6545043945313,264.39684448242184
23,483,383.6744995117188,264.39976806640624
23,484,383.6992370605469,264.3965393066406
23,485,383.77340698242193,264.402880859375
23,486,383.86455078125005,264.41307373046874
23,487,383.8938293457031,264.4114562988281
23,488,383.89609985351564,264.3962646484375
23,489,383.8824951171875,264.3876281738281
23,490,383.8576965332031,264.3957458496094
23,491,383.80510864257815,264.3968933105469
23,492,383.76082153320317,264.42767333984375
23,493,383.7198303222657,264.47161865234375
23,494,383.7078857421876,264.55931396484374
23,495,383.7101135253906,264.64293212890624
23,496,383.78125000000006,264.74431762695315
23,497,383.8652648925781,264.836767578125
23,498,383.9653198242188,264.9297058105469
23,499,384.03468017578126,264.9879516601562
23,500,384.08810424804693,265.0024597167969
23,501,384.08829345703134,265.00447387695317
23,502,384.10924682617195,264.98723754882815
23,503,384.11840820312506,264.9673706054688
23,504,384.1134033203125,264.94093017578126
23,505,384.0898559570313,264.9309326171875
23,506,384.07138671875,264.9170104980469
23,507,384.02104492187505,264.93304443359375
23,508,384.0334716796876,264.9684020996094
23,509,384.06298828125,264.9849060058594
23,510,384.0539794921875,264.9839294433594
23,511,384.0597229003907,264.9820922851563
23,512,384.0729370117188,264.96436767578126
23,513,384.0526000976563,264.9213073730469
23,514,384.0471313476563,264.9316040039063
23,515,384.09170532226574,264.943994140625
23,516,384.1019958496094,264.9435180664063
23,517,384.0820434570313,264.91143188476565
23,518,384.0188354492188,264.88153076171875
23,519,383.9145874023438,264.79390258789067
23,520,383.7870971679688,264.7182250976563
23,521,383.7096252441407,264.6581115722656
23,522,383.6542053222656,264.62936401367193
23,523,383.6239807128907,264.58367309570315
23,524,383.62365722656256,264.55889282226565
23,525,383.64704589843757,264.5282043457031
23,526,383.7727233886719,264.60352783203126
23,527,383.9122131347657,264.73948974609374
23,528,384.07160644531257,264.9444885253906
23,529,384.1823852539063,265.1337829589844
23,530,384.2899719238282,265.3333374023438
23,531,384.26544189453136,265.4221618652344
23,532,384.22734375,265.44675903320314
23,533,384.1985961914063,265.4346496582031
23,534,384.2293395996094,265.43517456054684
23,535,384.26303710937503,265.4634094238281
23,536,384.3127746582032,265.5078979492188
23,537,384.3515502929688,265.5467468261719
23,538,384.3255371093751,265.48916015625
23,539,384.2785400390625,265.42388916015625
23,540,384.21537475585933,265.3067687988281
23,541,384.1428894042969,265.172021484375
23,542,384.0837463378906,265.05836181640626
23,543,384.0518188476563,265.02398681640625
23,544,384.02166137695315,264.9836791992187
23,545,383.96669311523436,264.93074340820317
23,546,383.92692871093755,264.8725646972656
23,547,383.86162719726565,264.80918579101564
23,548,383.81758422851567,264.73756713867186
23,549,383.7873718261719,264.69378051757815
23,550,383.896484375,264.6592651367188
23,551,383.9700012207031,264.6322021484375
23,552,384.0798278808594,264.6108337402344
23,553,384.17985229492194,264.6056274414063
23,554,384.2663635253907,264.5977966308594
23,555,384.2467224121094,264.62665405273435
23,556,384.24088745117194,264.6752380371094
23,557,384.2194824218751,264.70673828125
23,558,384.22055053710943,264.7300109863281
23,559,384.1942260742188,264.75236816406255
23,560,384.16166992187505,264.7722473144532
23,561,384.1453002929687,264.7756713867188
23,562,384.1687744140625,264.75673828125
23,563,384.14841308593753,264.7427490234375
23,564,384.1340576171875,264.71851806640626
23,565,384.09323730468753,264.68305053710935
23,566,384.05011596679697,264.65458984375
23,567,383.9666442871094,264.66017456054686
23,568,383.90296020507816,264.66004638671876
23,569,383.8586303710938,264.673291015625
23,570,383.8536743164062,264.6807861328125
23,571,383.8431030273438,264.67339477539065
23,572,383.834814453125,264.6625427246094
23,573,383.82421875,264.6631164550781
23,574,383.85173950195315,264.6274719238281
23,575,383.8769836425781,264.6167236328125
23,576,383.93268432617185,264.62982788085935
23,577,384.0085388183594,264.6136413574219
23,578,384.08771362304685,264.5905578613282
23,579,384.14061889648434,264.6007507324219
23,580,384.1910583496094,264.5915710449219
23,581,384.1933166503906,264.5650756835938
23,582,384.172021484375,264.5712158203125
23,583,384.15849609375,264.5786560058594
23,584,384.1275329589844,264.56834106445314
23,585,384.089697265625,264.5556274414062
23,586,384.242529296875,264.69989013671875
23,587,384.3902099609375,264.8478881835938
23,588,384.5365173339844,264.99334106445315
23,589,384.69490966796883,265.1481140136719
24,0,390.7095215769382,277.3716914275915
24,1,390.75274664374007,277.4984554992537
24,2,390.7438476871044,277.5711241119315
24,3,390.76312255859375,277.66498413085935
24,4,391.0206420898437,277.67926635742185
24,5,390.98157348632816,277.6056640625
24,6,390.94929199218757,277.57500000000005
24,7,390.9603454589844,277.5836181640625
24,8,390.9151062011719,277.59144897460936
24,9,390.8744750976563,277.60015258789065
24,10,390.8505249023438,277.64642333984375
24,11,390.7966735839844,277.6707458496094
24,12,390.76909179687505,277.713037109375
24,13,390.79111328125003,277.71124877929685
24,14,390.7901794433594,277.7041931152344
24,15,390.8217163085938,277.666943359375
24,16,390.90841064453133,277.6321960449219
24,17,390.9520446777344,277.59837646484374
24,18,390.96051635742197,277.5758972167969
24,19,390.94672241210935,277.5560180664063
24,20,390.92706298828125,277.5184631347656
24,21,390.86637573242194,277.48834228515625
24,22,390.87772827148444,277.5142333984375
24,23,390.9136779785157,277.5885498046875
24,24,390.9811340332031,277.6783813476563
24,25,391.0871215820313,277.7863647460938
24,26,391.2421081542969,277.9027893066406
24,27,391.4177001953125,277.9524658203125
24,28,391.60056152343753,277.9850158691406
24,29,391.7691284179688,278.00270385742186
24,30,391.9037963867188,278.0205505371094
24,31,391.97392578125005,278.0632385253906
24,32,391.9539184570313,278.1298522949219
24,33,391.90802612304685,278.19254760742183
24,34,391.89092407226565,278.2150573730469
24,35,391.87589721679694,278.2218933105469
24,36,391.8711303710937,278.1849304199219
24,37,391.8838073730469,278.13457641601565
24,38,391.8846618652344,278.0742370605469
24,39,391.8752319335938,278.02223510742186
24,40,391.838525390625,277.97959594726564
24,41,391.82769165039065,277.95241088867186
24,42,391.809521484375,277.9189880371094
24,43,391.79699707031256,277.8858642578125
24,44,391.7557495117188,277.88582153320317
24,45,391.70588989257817,277.90325317382815
24,46,391.66486206054697,277.88029174804683
24,47,391.6274353027344,277.87391967773436
24,48,391.60968627929685,277.87099609375
24,49,391.5777526855469,277.90838623046875
24,50,391.5633239746094,277.9323608398438
24,51,391.5488098144531,277.9792419433594
24,52,391.5155700683594,278.0249877929688
24,53,391.4411315917969,278.0643920898438
24,54,391.3885314941407,278.0673950195313
24,55,391.33781738281255,278.0764892578125
24,56,391.28800048828134,278.0907836914063
24,57,391.2598937988282,278.11664428710935
24,58,391.28170776367193,278.1100769042969
24,59,391.3128906250001,278.11586303710936
24,60,391.33475341796884,278.12167968750003
24,61,391.35112304687505,278.1230834960938
24,62,391.37846679687505,278.095458984375
24,63,391.4068420410157,278.1022094726562
24,64,391.39801635742197,278.0949645996094
24,65,391.42912597656255,278.0725341796875
24,66,391.4080566406251,278.0816162109375
24,67,391.38433227539065,278.09649047851565
24,68,391.35250854492193,278.1097412109375
24,69,391.33611450195315,278.13368530273436
24,70,391.35761718750007,278.1507568359375
24,71,391.44956054687503,278.1584167480469
24,72,391.52707519531253,278.1819274902344
24,73,391.5919616699219,278.19053344726564
24,74,391.6332092285156,278.21428222656255
24,75,391.6353454589844,278.2433776855469
24,76,391.5951721191407,278.2662048339844
24,77,391.54965820312503,278.2836547851563
24,78,391.5111450195313,278.2967224121094
24,79,391.4685119628907,278.2888305664062
24,80,391.40788574218755,278.287841796875
24,81,391.3625854492188,278.28131103515625
24,82,391.27909545898444,278.2089782714844
24,83,391.23466186523444,278.1660827636719
24,84,391.2171081542969,278.10540771484375
24,85,391.2065063476563,278.03547973632817
24,86,391.2089233398438,277.9622802734375
24,87,391.26775512695315,277.94627685546874
24,88,391.27974243164067,277.92222900390624
24,89,391.2909118652344,277.90869750976566
24,90,391.2572204589844,277.89389648437503
24,91,391.2092346191407,277.8823303222656
24,92,391.16165771484384,277.86499633789066
24,93,391.11632690429695,277.84705810546876
24,94,391.09888916015626,277.8630615234375
24,95,391.13754882812503,277.88755493164064
24,96,391.2026123046875,277.91643676757815
24,97,391.26776733398435,277.955419921875
24,98,391.3435363769531,277.99725341796875
24,99,391.38642578125,278.02378540039064
24,100,391.41072387695317,278.06110229492185
24,101,391.4109252929687,278.08790283203126
24,102,391.4274047851562,278.09480590820317
24,103,391.4335083007812,278.09907226562507
24,104,391.4553588867187,278.07304687500005
24,105,391.45562133789065,278.05515747070314
24,106,391.55175781250006,277.9914978027344
24,107,391.62070922851564,277.96629638671874
24,108,391.65817260742193,277.9699279785156
24,109,391.7013061523438,277.9932800292969
24,110,391.74560546875006,277.9873901367188
24,111,391.7055847167969,278.03077392578126
24,112,391.7037536621094,278.03221435546874
24,113,391.8061462402344,278.0837890625
24,114,391.92586059570317,278.1406982421875
24,115,392.0069213867188,278.1948181152344
24,116,392.0561767578125,278.2614440917969
24,117,392.0641113281251,278.29107055664065
24,118,391.92573852539067,278.3025329589844
24,119,391.7726928710938,278.2455932617188
24,120,391.7515563964845,278.2044372558594
24,121,391.77559814453133,278.2613891601562
24,122,391.81250610351566,278.38383789062505
24,123,391.90144653320317,278.5510009765625
24,124,392.0157653808594,278.66477661132814
24,125,392.04265747070315,278.79713134765626
24,126,392.05125122070314,278.8229064941406
24,127,392.13839111328133,278.78871459960936
24,128,392.28036499023443,278.64739379882815
24,129,392.4480468750001,278.53602294921876
24,130,392.6189514160157,278.3865661621094
24,131,392.6930114746094,278.30858154296874
24,132,392.6425903320313,278.3406982421875
24,133,392.6546569824219,278.4920593261719
24,134,392.62703247070317,278.723974609375
24,135,392.6310180664063,279.0004516601563
24,136,392.6889770507813,279.146728515625
24,137,392.8518737792969,279.2673034667969
24,138,392.8541137695313,279.2865905761719
24,139,392.8178649902344,279.2022338867188
24,140,392.72873535156253,279.09991455078125
24,141,392.6298767089844,279.07435913085936
24,142,392.45444946289064,279.0095581054688
24,143,392.3446166992188,278.9259399414062
24,144,392.34993286132817,278.97255859375
24,145,392.3132507324219,278.96940917968755
24,146,392.29495849609384,279.01654663085935
24,147,392.1954040527344,279.1250244140625
24,148,392.15974121093757,279.2476318359375
24,149,391.9757324218751,279.2877685546875
24,150,391.8609252929688,279.2898315429687
24,151,391.7675231933594,279.13573608398434
24,152,391.83896484375003,278.8481079101563
24,153,391.84419555664067,278.6059997558594
24,154,391.9199340820313,278.39030761718755
24,155,391.9658325195313,278.38243408203124
24,156,392.05343627929693,278.5647766113281
24,157,392.09785766601567,278.84335937500003
24,158,392.16577148437506,279.04591064453126
24,159,392.2469665527344,279.21885986328124
24,160,392.33793945312505,279.184619140625
24,161,392.33727416992195,278.996630859375
24,162,392.3027160644532,278.73997192382814
24,163,392.1357238769532,278.5493896484375
24,164,391.96358032226567,278.4291870117188
24,165,391.9084289550782,278.46211547851567
24,166,391.90828247070317,278.5411071777344
24,167,391.9332885742188,278.6688903808594
24,168,392.05576171875003,278.79022216796875
24,169,392.14084472656253,278.9794799804688
24,170,392.08250122070314,279.076708984375
24,171,391.99243774414066,279.11565551757815
24,172,391.8831665039063,279.05217895507815
24,173,391.75946655273435,278.9890869140625
24,174,391.6464233398438,278.8417175292969
24,175,391.64824829101565,278.7192626953125
24,176,391.70678100585945,278.6599609375
24,177,391.7953125,278.72040405273435
24,178,392.09626464843757,278.6801391601563
24,179,392.3217712402344,278.7316528320313
24,180,392.49312133789067,278.775634765625
24,181,392.58740234375,278.8027709960937
24,182,392.5745849609375,278.8442016601563
24,183,392.4491271972657,278.8928955078125
24,184,392.2802734375,278.80242919921875
24,185,392.0540771484376,278.75958251953125
24,186,391.91367187500003,278.6494567871094
24,187,391.90274658203134,278.60217895507816
24,188,391.8693969726563,278.64812011718755
24,189,392.0041870117188,278.6663269042969
24,190,392.3032165527344,278.6494873046875
24,191,392.5229309082032,278.7840942382813
24,192,392.73825683593753,278.8834655761719
24,193,392.88371582031255,278.9460632324219
24,194,392.92073364257817,279.0872436523438
24,195,392.8358337402344,279.1377868652344
24,196,392.7668395996094,279.137744140625
24,197,392.6102966308594,279.016357421875
24,198,392.456689453125,278.85319824218755
24,199,392.4486267089844,278.7476318359375
24,200,392.4235473632813,278.72620849609376
24,201,392.50939941406256,278.7120788574219
24,202,392.5850646972657,278.77936401367185
24,203,392.5920166015626,278.9224060058594
24,204,392.4746154785157,279.0517028808594
24,205,392.29779663085947,279.15513305664064
24,206,392.06041870117195,279.2091247558594
24,207,391.95760498046883,279.2438842773438
24,208,391.99118041992193,279.2075622558594
24,209,392.0836547851563,279.08711547851567
24,210,392.2632934570313,279.00869140625
24,211,392.4250732421875,278.9959899902344
24,212,392.52897949218755,278.9875
24,213,392.5692321777344,279.09776611328124
24,214,392.60054931640633,279.2268920898438
24,215,392.5613891601563,279.4297729492188
24,216,392.4837707519532,279.6053771972656
24,217,392.39030151367194,279.78716430664065
24,218,392.3159484863282,279.85157470703126
24,219,392.1682434082032,279.9641540527344
24,220,391.99066772460947,279.9620544433594
24,221,391.83732910156255,279.88966064453126
24,222,391.7384643554688,279.80223388671874
24,223,391.66828002929697,279.6698425292969
24,224,391.63959350585947,279.47462158203126
24,225,391.7840759277344,279.36570434570314
24,226,391.9056518554688,279.3012634277344
24,227,392.02365722656253,279.2675415039063
24,228,392.15268554687503,279.36790161132814
24,229,392.3161315917969,279.46835937500003
24,230,392.4369750976563,279.4476257324219
24,231,392.496240234375,279.3620971679687
24,232,392.4672241210938,279.13811645507815
24,233,392.41547851562507,278.7731689453125
24,234,392.2363342285157,278.4491027832031
24,235,391.9840087890626,278.1859008789063
24,236,391.80065307617195,277.98309936523435
24,237,391.72139282226567,277.8935791015625
24,238,391.66862182617194,277.85516357421875
24,239,391.7310974121094,277.8658447265625
24,240,391.8382507324219,277.89136352539066
24,241,391.9641052246094,277.94110107421875
24,242,392.0097534179688,277.95249633789064
24,243,391.9834838867188,277.9110473632813
24,244,391.9521789550781,277.8438110351563
24,245,391.8857666015625,277.69346313476564
24,246,391.85174560546875,277.500439453125
24,247,391.7543762207032,277.3485412597656
24,248,391.7309204101563,277.24094238281253
24,249,391.68049926757817,277.2044860839844
24,250,391.77001953125,277.29941406250003
24,251,391.8304748535156,277.41728515625005
24,252,391.9896423339844,277.5434509277344
24,253,392.0667785644531,277.71001586914065
24,254,392.1650390625,277.8175476074219
24,255,392.1651794433594,277.84816284179686
24,256,392.1450012207032,277.90180053710935
24,257,392.04525756835943,277.9297180175781
24,258,391.93303833007815,277.9783996582031
24,259,391.82929077148435,277.954541015625
24,260,391.74860839843757,277.9039245605469
24,261,391.67782592773443,277.8628295898438
24,262,391.7302185058594,277.7907470703125
24,263,391.86541748046875,277.6916870117187
24,264,391.98506469726567,277.6283569335938
24,265,392.04597167968757,277.60633544921876
24,266,392.12834472656255,277.6388793945313
24,267,392.1247802734376,277.707763671875
24,268,392.0744750976563,277.78802490234375
24,269,392.07230834960944,277.88237915039065
24,270,392.07206420898444,277.9679138183594
24,271,392.1043762207032,277.99631347656253
24,272,392.1116577148438,278.0315124511719
24,273,392.16066284179686,278.0805358886719
24,274,392.07439575195315,278.0939636230469
24,275,392.0226196289062,278.1459899902344
24,276,391.9478942871094,278.1271728515625
24,277,391.9384521484375,278.1032348632813
24,278,391.8846374511719,278.0379150390625
24,279,391.9411315917969,277.96973876953126
24,280,391.93145141601565,277.8170043945313
24,281,391.9473022460938,277.75159301757816
24,282,391.90949707031257,277.7148315429688
24,283,391.8751525878907,277.70807495117185
24,284,391.8161376953126,277.7002807617188
24,285,391.7988281250001,277.72877807617186
24,286,391.7649414062501,277.68528442382814
24,287,391.80834350585945,277.61438598632816
24,288,391.8508850097657,277.5046264648438
24,289,391.90153808593755,277.3804565429688
24,290,392.00378417968756,277.2863464355469
24,291,392.10018920898443,277.26680297851567
24,292,392.11017456054697,277.2555725097656
24,293,392.1445495605469,277.24369506835944
24,294,392.1375549316407,277.23596801757816
24,295,392.0300415039062,277.2146667480469
24,296,391.91632690429697,277.1729675292969
24,297,391.86176147460935,277.12521362304693
24,298,391.8211303710938,277.22422485351564
24,299,391.833740234375,277.3894714355469
24,300,391.91765136718755,277.5461853027344
24,301,391.9827819824219,277.6997985839844
24,302,392.01933593750005,277.86240234375
24,303,392.0443054199219,277.8630065917969
24,304,392.05566406250006,277.8563110351563
24,305,392.0600708007813,277.83659667968755
24,306,392.05907592773445,277.7896911621094
24,307,392.04011840820317,277.75701904296875
24,308,392.05732421875007,277.76045532226567
24,309,392.0644653320313,277.77183227539064
24,310,392.11267700195316,277.7868957519531
24,311,392.1906982421875,277.83494262695314
24,312,392.29541015625006,277.8771728515625
24,313,392.29636230468753,277.950927734375
24,314,392.3340087890625,278.0008483886719
24,315,392.3004516601563,278.0343994140625
24,316,392.26909790039065,278.00305786132816
24,317,392.1617309570313,277.97559814453126
24,318,392.1057678222657,277.9242065429688
24,319,392.04305419921883,277.797021484375
24,320,391.9571350097657,277.7099304199219
24,321,391.8514038085938,277.6818481445313
24,322,391.8273010253907,277.75732421875
24,323,391.8485778808594,277.85296020507815
24,324,391.9125061035157,277.9523254394531
24,325,392.0465698242188,278.0692504882812
24,326,392.18783569335943,278.2085327148438
24,327,392.30819702148443,278.21936645507816
24,328,392.3947570800782,278.214013671875
24,329,392.42549438476567,278.29839477539065
24,330,392.4482360839844,278.34791259765626
24,331,392.4018127441406,278.37574462890626
24,332,392.3131225585938,278.38994750976565
24,333,392.2084777832032,278.3131774902344
24,334,392.21476440429694,278.25391845703126
24,335,392.18798828125006,278.2326965332031
24,336,392.2028991699219,278.20610351562505
24,337,392.32268066406255,278.2264831542969
24,338,392.41630859375005,278.312158203125
24,339,392.41252441406255,278.33539428710935
24,340,392.4792114257813,278.3499694824219
24,341,392.5184631347657,278.38798828125
24,342,392.5307739257813,278.40582885742185
24,343,392.53950805664067,278.3933166503906
24,344,392.46842041015634,278.3629638671875
24,345,392.30932617187506,278.3994689941406
24,346,392.2592407226563,278.42003173828124
24,347,392.2031066894532,278.42031249999997
24,348,392.2163208007813,278.4747619628906
24,349,392.25126953125005,278.544189453125
24,350,392.2997497558594,278.4946350097656
24,351,392.30725097656256,278.43531494140626
24,352,392.27414550781253,278.33600463867185
24,353,392.1847290039063,278.2613037109375
24,354,392.11842041015626,278.18034667968755
24,355,392.08428955078125,278.0598083496094
24,356,392.00994873046875,277.92975463867185
24,357,391.97003173828125,277.8631225585938
24,358,391.919921875,277.7465759277344
24,359,391.83600463867185,277.71357421875
24,360,391.79010009765625,277.7425903320312
24,361,391.79482421875,277.7947448730469
24,362,391.7453796386719,277.8253112792969
24,363,391.7487548828126,277.8894714355469
24,364,391.8988891601563,277.8749145507812
24,365,391.98551025390634,277.89177856445315
24,366,392.0720397949219,277.87091064453125
24,367,392.1547546386719,277.84302978515626
24,368,392.24907226562505,277.8040405273438
24,369,392.18755493164065,277.8029968261719
24,370,392.0620056152344,277.7300231933594
24,371,391.9224914550782,277.6914489746094
24,372,391.8662414550781,277.64384765625005
24,373,391.7814025878906,277.59771728515625
24,374,391.8277221679688,277.53513793945314
24,375,391.92721557617193,277.50751953125
24,376,392.0484802246094,277.43320922851564
24,377,392.1651489257813,277.3673950195313
24,378,392.23898315429693,277.3459594726563
24,379,392.21976928710944,277.34693603515626
24,380,392.1538146972656,277.422119140625
24,381,392.09620971679686,277.51075439453126
24,382,392.0713012695313,277.5746154785156
24,383,392.09529418945317,277.6352966308594
24,384,392.1612609863282,277.69329833984375
24,385,392.29207153320317,277.67100219726564
24,386,392.36371459960935,277.6736206054687
24,387,392.38374633789067,277.7186340332031
24,388,392.3652648925781,277.725244140625
24,389,392.3778442382813,277.71058349609376
24,390,392.3790161132813,277.69769287109375
24,391,392.39796142578126,277.72783203125005
24,392,392.3896850585937,277.76936645507817
24,393,392.42534790039065,277.767724609375
24,394,392.3724243164063,277.81651000976564
24,395,392.3446899414063,277.9189636230469
24,396,392.30513305664067,277.9855102539063
24,397,392.22578735351567,278.0717468261719
24,398,392.14007568359375,278.23093261718753
24,399,392.10248413085935,278.3646423339844
24,400,392.0377502441407,278.46405029296875
24,401,391.9614562988282,278.52860717773433
24,402,391.95980224609383,278.5350341796875
24,403,391.95085449218755,278.4954833984375
24,404,391.88330078125006,278.42699584960934
24,405,391.8247985839844,278.35076904296875
24,406,391.7076049804688,278.23625488281255
24,407,391.5403747558594,278.1432800292969
24,408,391.3196166992187,278.0716491699219
24,409,391.1783447265625,277.9805480957031
24,410,391.0034606933594,277.88904418945316
24,411,390.90301513671875,277.8694152832031
24,412,390.83159790039065,277.87490234375
24,413,390.85958862304693,277.8598266601562
24,414,390.8883361816407,277.8660888671875
24,415,390.9782836914063,277.88779907226564
24,416,391.0798400878907,277.914453125
24,417,391.1812866210938,277.89757080078124
24,418,391.2493957519532,277.95587768554685
24,419,391.2882934570313,278.01679077148435
24,420,391.29546508789065,278.06715698242186
24,421,391.2852416992188,278.09114379882817
24,422,391.2665100097657,278.102685546875
24,423,391.2586791992188,278.02610473632814
24,424,391.2672668457032,277.8880920410156
24,425,391.2334045410157,277.78009033203125
24,426,391.235076904297,277.70513916015625
24,427,391.26762084960944,277.691552734375
24,428,391.302392578125,277.72807617187505
24,429,391.3119018554688,277.8224975585938
24,430,391.3989379882813,277.9250915527344
24,431,391.4583679199219,277.989208984375
24,432,391.4878112792969,278.0365844726563
24,433,391.49433593750007,278.0766540527344
24,434,391.5912048339844,278.07317504882815
24,435,391.61399536132814,278.0838317871094
24,436,391.6082702636719,278.0944885253906
24,437,391.6266235351563,278.0417419433594
24,438,391.63184814453126,277.9458312988281
24,439,391.5527526855469,277.9035278320313
24,440,391.5496643066407,277.81369628906253
24,441,391.5513793945313,277.7111083984375
24,442,391.50410766601567,277.6085510253906
24,443,391.48004760742197,277.56282348632817
24,444,391.4626098632813,277.5376647949219
24,445,391.4411376953126,277.52495727539065
24,446,391.4853698730469,277.5549926757813
24,447,391.57014770507817,277.6356262207031
24,448,391.6139221191406,277.700732421875
24,449,391.6418823242188,277.7623718261719
24,450,391.67717895507815,277.81317749023435
24,451,391.6892944335938,277.86123046875
24,452,391.6412658691406,277.8978942871094
24,453,391.60712280273435,277.8947143554688
24,454,391.52040405273436,277.8986938476563
24,455,391.46234130859375,277.8853454589844
24,456,391.4085632324219,277.8352905273438
24,457,391.43378906250007,277.78212890625
24,458,391.4659545898439,277.7710876464844
24,459,391.59232177734384,277.7567687988281
24,460,391.653680419922,277.7735290527344
24,461,391.7059020996094,277.82642822265626
24,462,391.76224365234384,277.8775634765625
24,463,391.8247924804688,277.86077880859375
24,464,391.8388305664063,277.8239196777344
24,465,391.86474609375,277.7468017578125
24,466,391.92498168945315,277.6544067382813
24,467,391.9379516601563,277.5630676269531
24,468,391.90936279296875,277.48656005859374
24,469,391.9064636230469,277.44977416992185
24,470,391.9239990234375,277.41494140625
24,471,391.88827514648443,277.3972900390625
24,472,391.8472290039063,277.4197631835937
24,473,391.8461303710938,277.4717346191406
24,474,391.8353515625,277.48634033203126
24,475,391.8027221679688,277.52756958007814
24,476,391.7878051757813,277.54024047851567
24,477,391.8046447753906,277.54457397460936
24,478,391.7327758789063,277.5339294433594
24,479,391.6282775878907,277.5189453125
24,480,391.52804565429693,277.49241333007814
24,481,391.3776306152344,277.49016723632815
24,482,391.25785522460944,277.4630981445313
24,483,391.2381469726563,277.4671936035156
24,484,391.2584228515625,277.49555053710935
24,485,391.3057495117188,277.5529968261719
24,486,391.38270263671876,277.6128662109375
24,487,391.4223571777344,277.67356567382814
24,488,391.4100524902344,277.7171997070313
24,489,391.3920227050782,277.73504638671875
24,490,391.34375,277.71785278320317
24,491,391.32500610351565,277.66943359375
24,492,391.2822509765625,277.6374206542969
24,493,391.2865295410156,277.62944335937505
24,494,391.3074401855469,277.65068969726565
24,495,391.35021972656256,277.71372680664064
24,496,391.35454101562505,277.8019104003906
24,497,391.4118469238282,277.874658203125
24,498,391.4753540039063,277.9432739257812
24,499,391.5103454589844,278.00026245117186
24,500,391.50883178710944,278.025439453125
24,501,391.5025451660157,278.05675048828124
24,502,391.45404052734386,278.05357666015624
24,503,391.35649414062505,278.0288940429688
24,504,391.2680419921876,277.9680480957031
24,505,391.2093627929688,277.91155395507815
24,506,391.16914672851567,277.85092773437503
24,507,391.1653076171876,277.8711364746094
24,508,391.23187866210947,277.9212524414063
24,509,391.28519897460944,278.00389404296874
24,510,391.30999145507815,278.0913940429688
24,511,391.3553100585938,278.18046875000005
24,512,391.37892456054686,278.2445495605469
24,513,391.3694274902344,278.2885864257813
24,514,391.36704711914064,278.32581176757816
24,515,391.37262573242185,278.33198852539067
24,516,391.3350952148437,278.32783813476567
24,517,391.26751708984375,278.27342529296874
24,518,391.1900390625,278.20728759765626
24,519,391.11518554687507,278.1340209960938
24,520,391.0423583984375,278.08479614257817
24,521,390.9972839355469,278.0350219726563
24,522,390.96052856445317,278.02423095703125
24,523,390.9476745605469,278.0179931640625
24,524,390.9476440429688,278.00709228515626
24,525,390.97241210937506,277.99049682617186
24,526,391.0120666503907,278.01710205078126
24,527,391.07795410156257,278.04857177734374
24,528,391.1373840332032,278.0997802734375
24,529,391.1358093261719,278.176513671875
24,530,391.08508911132816,278.2674621582031
24,531,391.0243225097657,278.3163635253906
24,532,390.9734924316407,278.35368652343755
24,533,390.93524780273435,278.38218994140624
24,534,390.97037963867194,278.37745971679686
24,535,391.0004516601563,278.385888671875
24,536,391.0116210937501,278.3953186035156
24,537,391.011376953125,278.39825439453125
24,538,391.0565795898438,278.3559326171875
24,539,391.10144042968756,278.3403747558594
24,540,391.18204956054694,278.30682983398435
24,541,391.2791931152344,278.26849365234375
24,542,391.3614685058594,278.2489929199219
24,543,391.36820068359384,278.26499633789064
24,544,391.3629394531251,278.2557861328125
24,545,391.3103332519532,278.2225341796875
24,546,391.2718811035156,278.1692077636719
24,547,391.22883911132817,278.1115661621094
24,548,391.1983459472657,278.05767822265625
24,549,391.1659179687501,278.0172485351563
24,550,391.1659973144532,277.98560180664066
24,551,391.1284606933594,277.99152221679685
24,552,391.1196105957032,277.99408569335935
24,553,391.12247314453134,277.9811096191406
24,554,391.11567993164067,277.9736267089844
24,555,391.10690307617193,277.98958129882817
24,556,391.11307373046884,277.9834655761719
24,557,391.10771484375005,277.95700683593753
24,558,391.1048278808594,277.94505004882814
24,559,391.07976684570315,277.9249633789063
24,560,391.0495239257813,277.8902526855469
24,561,391.0130859375,277.86859130859375
24,562,391.03239135742194,277.8034545898438
24,563,391.01945190429694,277.7293579101563
24,564,391.0332946777344,277.6491333007813
24,565,391.0472778320313,277.5995300292969
24,566,391.09937744140626,277.53870239257816
24,567,391.084033203125,277.54899902343755
24,568,391.07744140625005,277.55628051757816
24,569,391.06605224609376,277.59248657226567
24,570,391.0769287109375,277.6039001464844
24,571,391.0616638183594,277.61647338867186
24,572,391.05350952148444,277.6282165527344
24,573,391.03544311523444,277.6681091308594
24,574,391.01237182617194,277.64597167968753
24,575,391.0066223144531,277.6207885742188
24,576,391.0321228027344,277.5810241699219
24,577,391.07622070312505,277.5240905761719
24,578,391.16105957031255,277.45647583007815
24,579,391.2292114257813,277.43817138671875
24,580,391.2726196289063,277.42084350585935
24,581,391.25311279296875,277.4515075683594
24,582,391.2101989746094,277.49565429687505
24,583,391.1435729980469,277.53857421875
24,584,391.09491577148447,277.56329345703125
24,585,391.04548950195317,277.58153076171874
24,586,391.14570922851567,277.6384155273438
24,587,391.2516784667969,277.71630859375
24,588,391.3566040039062,277.79039306640624
24,589,391.47210693359375,277.87208862304686
